时间,开盘,最高,最低,收盘,成交量,持仓量,MA5,MA10,MA20,MA60,MACD,MACD_SIGNAL,MACD_HIST,RSI14,ATR14,CCI20,VOL_MA20,OBV,OI_MA20,OI_CHANGE,OI_CHANGE_PCT
2013-07-05,6625,6625,6610,6610,652,11356,6610.0,6610.0,6610.0,6610.0,0.0,0.0,0.0,0.0,15.0,0.0,652.0,0,11356.0,0.0,0.0
2013-07-08,6610,6630,6610,6630,830,11113,6620.0,6620.0,6620.0,6620.0,1.595441595441116,0.3190883190882232,1.2763532763528929,99.999999999,17.5,35.3553390593293,741.0,830,11234.5,-243.0,-2.139837971116587
2013-07-09,6630,6640,6590,6590,2132,10329,6610.0,6610.0,6610.0,6610.0,-0.36363341206651967,0.18254397285727464,-0.5461773849237943,33.33333333333333,28.333333333333332,-50.0,1204.6666666666667,-1302,10932.666666666666,-784.0,-7.0548006838837445
2013-07-10,6595,6605,6545,6570,2697,10118,6600.0,6600.0,6600.0,6600.0,-3.489818863396067,-0.5519285943933938,-2.9378902690026734,25.0,36.25,-71.29397818400376,1577.75,-3999,10729.0,-211.0,-2.0427921386387826
2013-07-11,6570,6650,6560,6625,3050,9103,6605.0,6605.0,6605.0,6605.0,-1.5118750561641718,-0.7439178867475494,-0.7679571694166224,55.55555555555556,47.0,14.724272513448161,1872.2,-949,10403.8,-1015.0,-10.031626803716154
2013-07-12,6635,6680,6610,6660,4221,7830,6615.0,6614.166666666667,6614.166666666667,6614.166666666667,2.8470481552694764,-0.02572467834414427,2.8727728336136207,64.70588235294117,50.833333333333336,73.69450259515234,2263.6666666666665,3272,9974.833333333334,-1273.0,-13.984400747006486
2013-07-15,6650,6685,6640,6655,1823,8154,6620.0,6620.0,6620.0,6620.0,5.8308535413762,1.1455909655999248,4.685262575776275,62.857142857142854,50.0,69.55304436071216,2200.714285714286,1449,9714.714285714286,324.0,4.137931034482767
2013-07-16,6635,6685,6635,6685,1168,7717,6639.0,6628.125,6628.125,6628.125,10.495306723750218,3.0155341172299837,7.479772606520235,68.29268292682927,50.0,66.84413337045345,2071.625,2617,9465.0,-437.0,-5.3593328427765545
2013-07-18,6695,6745,6685,6735,2366,7364,6672.0,6640.0,6640.0,6640.0,18.018792188872794,6.016185731558545,12.002606457314249,74.50980392156862,51.111111111111114,97.71621231801682,2104.3333333333335,4983,9231.555555555555,-353.0,-4.574316444214077
2013-07-19,6810,6840,6800,6825,2093,9070,6712.0,6658.5,6658.5,6658.5,30.887405676488925,10.990429720544622,19.896975955944303,81.15942028985506,56.5,116.52784023815394,2103.2,7076,9215.4,1706.0,23.166757197175446
2013-07-22,6850,6875,6800,6805,3746,8849,6741.0,6678.0,6671.818181818182,6671.818181818182,39.02221788842235,16.596787354120167,22.42543053430218,76.71232876712328,58.18181818181818,91.44315186616106,2252.5454545454545,3330,9182.09090909091,-221.0,-2.43660418963616
2013-07-23,6815,6845,6810,6835,2995,9283,6777.0,6698.5,6685.416666666667,6685.416666666667,47.344111013003385,22.746252085896813,24.59785892710657,78.48101265822785,56.666666666666664,78.15985827134406,2314.4166666666665,6325,9190.5,434.0,4.904508984066003
2013-07-24,6830,6845,6820,6830,1506,9195,6806.0,6722.5,6696.538461538462,6696.538461538462,52.925718321286695,28.782145332974792,24.143572988311902,77.5,54.23076923076923,69.29404423222736,2252.230769230769,4819,9190.846153846154,-88.0,-0.9479694064418842
2013-07-25,6835,6845,6805,6830,1738,9372,6825.0,6748.5,6706.071428571428,6706.071428571428,56.695630391066516,34.36484234459314,22.330788046473373,77.5,53.214285714285715,60.47885903565275,2215.5,4819,9203.785714285714,177.0,1.9249592169657381
2013-07-26,6815,6835,6795,6815,1359,9688,6823.0,6767.5,6713.333333333333,6713.333333333333,57.80657995695128,39.05318986706477,18.75339008988651,74.6987951807229,55.0,50.83340916571938,2158.4,3460,9236.066666666668,316.0,3.371745625266742
2013-07-29,6835,6860,6710,6725,5410,9107,6807.0,6774.0,6714.0625,6714.0625,50.838730415044665,41.41029797666076,9.428432438383908,59.79381443298969,64.28571428571429,25.128266638566302,2361.625,-1950,9228.0,-581.0,-5.997109826589597
2013-07-30,6735,6735,6650,6650,5245,9037,6770.0,6773.5,6710.294117647059,6710.294117647059,38.81732430198281,40.89170324172517,-2.0743789397423598,55.769230769230774,66.78571428571429,-18.18756650629005,2531.235294117647,-7195,9216.764705882353,-70.0,-0.768639508070712
2013-07-31,6660,6670,6630,6645,3054,9613,6733.0,6769.5,6706.666666666667,6706.666666666667,28.557620660102657,38.42488672540067,-9.867266065298011,57.42574257425742,65.35714285714286,-32.489026667439596,2560.277777777778,-10249,9238.777777777777,576.0,6.373796613920546
2013-08-01,6635,6685,6635,6680,2139,9733,6703.0,6764.0,6705.263157894737,6705.263157894737,22.98597113258802,35.33710360683814,-12.351132474250122,55.6701030927835,62.5,-22.07149550769001,2538.1052631578946,-8110,9264.78947368421,120.0,1.2483095807760414
2013-08-02,6695,6775,6695,6765,4831,9317,6693.0,6758.0,6708.25,6708.25,25.139397045417354,33.297562294553984,-8.15816524913663,59.81308411214953,64.28571428571429,19.830540935675177,2652.75,-3279,9267.4,-416.0,-4.274118976677288
2013-08-05,6785,6790,6760,6780,2677,9128,6704.0,6755.5,6716.75,6711.666666666667,27.736646440991535,32.18537912384149,-4.448732682849958,61.46788990825688,63.214285714285715,33.5309812987756,2754.0,-602,9156.0,-189.0,-2.0285499624342562
2013-08-06,6770,6815,6745,6810,3218,10093,6736.0,6753.0,6725.75,6716.136363636364,31.84860370030492,32.118024039134184,-0.26942033882926353,61.46788990825688,64.64285714285714,36.97645133849766,2873.4,2616,9105.0,965.0,10.57186678352322
2013-08-07,6800,6805,6765,6785,2362,10350,6764.0,6748.5,6735.5,6719.130434782609,32.71297359064738,32.23701394943683,0.4759596412105509,54.80769230769231,63.57142857142857,30.29475769178598,2884.9,254,9106.05,257.0,2.546319231150296
2013-08-08,6760,6795,6750,6780,2350,10851,6784.0,6743.5,6746.0,6721.666666666667,32.61852864899811,32.31331688934909,0.30521175964901914,44.827586206896555,59.285714285714285,20.387098456367866,2867.55,-2096,9142.7,501.0,4.840579710144932
2013-08-09,6780,6825,6775,6815,3654,12087,6794.0,6743.5,6755.5,6725.4,34.96483499216174,32.843620509911624,2.1212144822501173,51.11111111111111,57.5,36.96580533439451,2897.75,1558,9291.9,1236.0,11.390655239148462
2013-08-12,6815,6825,6780,6805,3494,13022,6799.0,6751.5,6762.75,6728.461538461538,35.60692873689641,33.39628215530858,2.210646581587824,46.51162790697675,57.857142857142854,31.93429961260906,2861.4,-1936,9551.5,935.0,7.735583684950775
2013-08-13,6820,6820,6780,6805,1967,13397,6798.0,6767.0,6770.25,6731.2962962962965,35.70421667095434,33.857869058437736,1.8463476125166025,47.05882352941176,58.92857142857143,26.890358218885282,2868.6,-1936,9813.65,375.0,2.879741975119021
2013-08-14,6815,6850,6795,6845,8057,17273,6810.0,6787.0,6778.25,6735.357142857143,38.56443694212703,34.7991826351756,3.7652543069514337,51.61290322580645,60.0,46.24624594251712,3213.05,6121,10291.45,3876.0,28.931850414271842
2013-08-15,6855,6860,6755,6755,9131,17373,6805.0,6794.5,6779.25,6736.0344827586205,33.18638231763725,34.47662257166793,-1.290240254030678,44.44444444444444,64.64285714285714,8.460297423772445,3551.3,-3010,10791.9,100.0,0.578938227291137
2013-08-16,6755,6775,6710,6715,5883,16871,6785.0,6789.5,6773.75,6735.333333333333,25.403731175171743,32.6620442923687,-7.2583131171969555,48.97959183673469,58.57142857142857,-38.43267622703124,3740.8,-8893,11181.95,-502.0,-2.8895412421573674
2013-08-19,6725,6770,6710,6720,5483,17023,6768.0,6783.5,6769.5,6734.8387096774195,19.415571662698312,30.012749766434624,-10.597178103736312,58.33333333333333,56.785714285714285,-34.584495155627174,3827.65,-3410,11590.65,152.0,0.9009543002785891
2013-08-20,6720,6755,6710,6715,3071,16980,6750.0,6774.0,6763.5,6734.21875,14.103873222295988,26.8309744576069,-12.727101235310911,58.33333333333333,57.142857142857146,-36.563996556931095,3831.45,-6481,11975.5,-43.0,-0.2525994243082863
2013-08-21,6710,6710,6500,6680,10179,15468,6717.0,6763.5,6756.0,6732.575757575758,6.98953543312291,22.862686652710103,-15.873151219587193,50.0,68.92857142857143,-105.3716052320184,4265.1,-16660,12289.15,-1512.0,-8.904593639575975
2013-08-22,6695,6695,6660,6675,2262,14575,6701.0,6753.0,6748.25,6730.882352941177,0.9371108355298929,18.477571489274062,-17.54046065374417,36.76470588235295,64.64285714285714,-60.052680126845026,4291.3,-18922,12549.3,-893.0,-5.7732092061029245
2013-08-23,6660,6680,6650,6655,3187,14702,6689.0,6737.0,6740.25,6728.714285714285,-5.410938189199442,13.699869553579362,-19.110807742778803,31.8840579710145,64.64285714285714,-65.20728662111445,4382.7,-22109,12800.0,127.0,0.8713550600343067
2013-08-26,6670,6675,6630,6660,3249,13982,6677.0,6722.5,6737.0,6726.805555555556,-9.923957360264467,8.975104170810596,-18.899061531075063,26.5625,62.857142857142854,-63.41930584842481,4274.65,-18860,13043.75,-720.0,-4.897292885321725
2013-08-27,6675,6730,6670,6700,6100,13738,6674.0,6712.0,6739.5,6726.081081081081,-10.15582186910251,5.148918962827975,-15.304740831930484,37.3134328358209,64.64285714285714,-29.247393580534215,4317.4,-12760,13278.8,-244.0,-1.7451008439422155
2013-08-28,6705,6710,6680,6700,3901,13137,6678.0,6697.5,6742.25,6725.394736842105,-10.221746235069077,2.0747859232485646,-12.29653215831764,37.87878787878788,63.57142857142857,-35.36377773561961,4359.75,-12760,13455.0,-601.0,-4.374727034502834
2013-08-29,6725,6820,6660,6675,34446,12075,6678.0,6689.5,6742.0,6724.102564102564,-12.151211237063762,-0.770413508813901,-11.380797728249862,28.125,71.42857142857143,-20.19840241511011,5975.1,-47206,13572.1,-1062.0,-8.084037451472936
2013-08-30,6700,6700,6640,6665,5902,11542,6680.0,6684.5,6737.0,6722.625,-14.322145797178564,-3.4807599664868336,-10.841385830691731,28.125,72.5,-57.89057664742562,6028.65,-53108,13683.35,-533.0,-4.414078674948241
2013-09-02,6650,6690,6615,6640,3728,11892,6676.0,6676.5,6730.0,6720.609756097561,-17.85410711012082,-6.355429395213632,-11.49867771490719,26.08695652173914,75.0,-66.50177019902023,6081.2,-56836,13821.55,350.0,3.032403396291805
2013-09-03,6640,6670,6635,6655,2281,12459,6667.0,6670.5,6722.25,6719.047619047619,-19.22126646231027,-8.92859680863296,-10.292669653677308,20.3125,73.57142857142857,-56.37574042739046,6034.35,-54555,13939.85,567.0,4.767911200807262
2013-09-04,6660,6675,6635,6660,1739,12401,6659.0,6668.5,6716.0,6717.674418604651,-19.674496536393235,-11.077776754185015,-8.59671978220822,29.787234042553195,68.92857142857143,-48.61664298654598,6003.2,-52816,14042.4,-58.0,-0.4655269283249108
2013-09-05,6660,6665,6630,6650,1470,12659,6654.0,6666.0,6709.5,6716.136363636364,-20.60310133476105,-12.982841670300223,-7.620259664460827,34.14634146341464,66.78571428571429,-49.92113681710942,5959.2,-54286,14132.8,258.0,2.0804773808563715
2013-09-06,6650,6690,6640,6680,2552,12542,6657.0,6668.5,6702.75,6715.333333333333,-18.702685135936008,-14.126810363427381,-4.575874772508627,41.30434782608696,66.07142857142857,-29.10582015080121,5904.1,-51734,14155.55,-117.0,-0.9242436211391092
2013-09-09,6685,6695,6655,6670,2612,12855,6663.0,6669.5,6696.0,6714.347826086957,-17.79833985040659,-14.861116260823223,-2.9372235895833683,40.42553191489362,65.71428571428571,-22.55604982649685,5860.0,-54346,14147.2,313.0,2.495614734492113
2013-09-10,6680,6690,6660,6660,2171,13431,6664.0,6665.5,6688.75,6713.191489361702,-17.68469793324857,-15.425832595308293,-2.2588653379402786,45.23809523809524,52.5,-21.69437185785476,5870.2,-56517,14148.9,576.0,4.480746791131862
2013-09-11,6640,6665,6630,6635,2813,13588,6659.0,6659.0,6678.25,6711.5625,-19.388429218288366,-16.218351919904308,-3.170077298384058,41.30434782608696,52.5,-49.14242473898953,5608.0,-59330,13964.65,157.0,1.1689375325738993
2013-09-12,6620,6675,6615,6670,2444,13425,6663.0,6658.5,6674.0,6710.714285714285,-17.7102878693222,-16.516739109787885,-1.1935487595343162,53.06122448979592,54.642857142857146,-35.73005634906308,5273.65,-56886,13767.25,-163.0,-1.199587871651453
2013-09-13,6665,6665,6640,6645,948,13347,6656.0,6656.5,6670.5,6709.4,-18.187980113074445,-16.8509873104452,-1.336992802629247,47.16981132075472,53.57142857142857,-37.508031620342436,5026.9,-57834,13591.05,-78.0,-0.5810055865921759
2013-09-16,6650,6675,6635,6635,2718,12819,6649.0,6656.0,6666.25,6707.941176470588,-19.15269078709025,-17.31132800577421,-1.8413627813160396,36.170212765957444,51.42857142857143,-37.60801528356254,4888.65,-60552,13380.85,-528.0,-3.9559451562148795
2013-09-17,6625,6645,6595,6615,2375,13276,6640.0,6652.0,6661.25,6706.153846153846,-21.285695551208846,-18.106201514861137,-3.179494036347709,33.33333333333333,52.857142857142854,-92.6895476006023,4853.85,-62927,13195.65,457.0,3.5650206724393563
2013-09-18,6610,6630,6605,6615,2960,12455,6636.0,6647.5,6658.0,6704.433962264151,-22.714281100860717,-19.027817432061052,-3.6864636687996644,36.95652173913044,43.214285714285715,-90.52488075308192,4492.9,-62927,13045.0,-821.0,-6.184091593853569
2013-09-19,6610,6615,6580,6580,2006,12160,6618.0,6640.5,6653.25,6702.12962962963,-26.366713869381783,-20.4955967195252,-5.871117149856584,33.33333333333333,41.42857142857143,-113.34725486023338,4480.1,-64933,12924.25,-295.0,-2.368526696105977
2013-09-20,6610,6615,6580,6580,2006,12160,6605.0,6630.5,6649.5,6699.909090909091,-28.927831122561656,-22.182043600132495,-6.745787522429161,36.95652173913044,38.57142857142857,-95.81638699589593,4421.05,-64933,12797.15,0.0,0.0
2013-09-23,6610,6615,6580,6580,2006,12160,6594.0,6621.5,6645.5,6697.767857142857,-30.604742575934324,-23.86658339529286,-6.738159180641464,32.55813953488372,38.57142857142857,-83.5863574115757,4358.9,-64933,12706.05,0.0,0.0
2013-09-24,6590,6595,6550,6585,2639,12436,6588.0,6614.0,6639.75,6695.789473684211,-31.170929696658277,-25.327452655565946,-5.843477041092331,32.55813953488372,38.92857142857143,-91.90484537227982,4185.85,-62294,12640.95,276.0,2.269736842105252
2013-09-25,6580,6595,6550,6555,2134,12827,6576.0,6606.0,6632.5,6693.362068965517,-33.65246171777562,-26.99245446800788,-6.660007249767741,29.787234042553195,39.642857142857146,-92.39825787966718,4097.5,-64428,12625.45,391.0,3.1440977806368675
2013-09-26,6555,6555,6530,6545,1543,12900,6569.0,6593.5,6626.0,6690.847457627118,-36.010898922721935,-28.796143358950694,-7.2147555637712415,18.604651162790702,37.857142857142854,-109.63343852864945,2452.35,-65971,12666.7,73.0,0.5691120293131569
2013-09-27,6535,6550,6490,6520,5163,14158,6557.0,6581.0,6618.75,6688.0,-39.44259873944338,-30.925434435049233,-8.51716430439415,17.391304347826093,39.285714285714285,-113.22261878008624,2415.4,-71134,12797.5,1258.0,9.751937984496116
2013-09-30,6515,6535,6510,6520,1816,13911,6545.0,6569.5,6612.75,6686.5,-41.68176413727997,-33.076700375495385,-8.605063761784585,18.181818181818187,38.92857142857143,-94.37995608866595,2319.8,-71134,12898.45,-247.0,-1.7445966944483637
2013-10-01,6505,6540,6500,6520,2173,12876,6532.0,6560.0,6606.0,6684.666666666667,-42.96109014256763,-35.053578328909836,-7.907511813657791,20.51282051282051,39.285714285714285,-83.51922982881389,2314.4,-71134,12919.3,-1035.0,-7.440155272805693
2013-10-09,6530,6540,6520,6530,1422,12921,6527.0,6551.5,6599.5,6683.666666666667,-42.67610521631104,-36.57808370639008,-6.098021509920962,8.823529411764696,36.42857142857143,-66.24847917530387,2298.55,-69712,12945.3,45.0,0.34948741845293174
2013-10-10,6535,6545,6530,6535,1286,13087,6525.0,6547.0,6593.75,6683.083333333333,-41.56762864769007,-37.57599269465008,-3.9916359530399887,13.333333333333329,35.357142857142854,-54.27463895880637,2289.35,-68426,12966.7,166.0,1.2847302840337527
2013-10-11,6525,6555,6520,6550,1534,12746,6531.0,6544.0,6587.25,6681.833333333333,-39.02887773326984,-37.866569702374036,-1.162308030895801,22.58064516129032,35.0,-45.201390337147856,2238.45,-66892,12976.9,-341.0,-2.605639183922981
2013-10-14,6565,6580,6535,6535,3945,11406,6534.0,6539.5,6580.5,6679.75,-37.79163553270428,-37.85158286844009,0.05994733573581357,23.33333333333333,34.642857142857146,-33.6158155209773,2305.1,-70837,12904.45,-1340.0,-10.51310214969402
2013-10-15,6535,6560,6530,6560,1712,11780,6542.0,6537.0,6575.5,6678.166666666667,-34.39731032675991,-37.16072836010405,2.763418033344145,34.28571428571429,35.0,-29.904608390326523,2282.15,-69125,12821.9,374.0,3.278975977555665
2013-10-16,6570,6575,6510,6515,1978,11839,6539.0,6533.0,6569.5,6675.333333333333,-34.93569017592836,-36.715720723268916,1.7800305473405587,32.432432432432435,37.142857142857146,-43.299698477093024,2240.4,-71103,12734.45,59.0,0.5008488964346247
2013-10-17,6505,6545,6490,6535,1470,11887,6539.0,6532.0,6562.75,6672.0,-33.36392863125002,-36.04536230486514,2.6814336736151176,39.024390243902445,38.57142857142857,-50.462268398472155,2191.7,-69633,12657.55,48.0,0.405439648618966
2013-10-18,6545,6560,6515,6515,1765,12138,6532.0,6531.5,6556.25,6666.833333333333,-33.34771740813903,-35.505833325519916,2.158115917380883,35.55555555555556,39.285714285714285,-39.44382684402229,2232.55,-71398,12597.1,251.0,2.111550433246401
2013-10-21,6520,6530,6505,6515,1515,12858,6528.0,6531.0,6550.25,6662.0,-32.95498533979662,-34.99566372837526,2.040678388578641,34.09090909090909,37.857142857142854,-55.58081272995838,2172.4,-71398,12599.05,720.0,5.931784478497271
2013-10-22,6520,6540,6500,6500,3759,14734,6516.0,6529.0,6544.5,6656.416666666667,-33.46831508295054,-34.690193999290315,1.2218789163397759,36.58536585365854,37.5,-57.16842573755066,2241.6,-75157,12671.95,1876.0,14.590138435215438
2013-10-23,6495,6510,6410,6425,6773,16532,6498.0,6518.5,6535.0,6649.666666666667,-39.47199718846514,-35.64655463712528,-3.8254425513398616,27.77777777777777,42.857142857142854,-135.6721675643766,2432.25,-81930,12875.8,1798.0,12.203067734491647
2013-10-24,6410,6435,6410,6430,1605,16104,6477.0,6508.0,6527.5,6643.0,-43.32705300117959,-37.18265430993614,-6.1443986912434525,32.0,40.357142857142854,-132.43820857244694,2412.2,-80325,13073.0,-428.0,-2.588918461166223
2013-10-25,6400,6425,6390,6420,1639,16068,6458.0,6495.0,6519.5,6636.416666666667,-46.651361082352196,-39.07639566441935,-7.5749654179328445,30.769230769230774,41.42857142857143,-121.02601461527681,2393.85,-81964,13268.4,-36.0,-0.22354694485842153
2013-10-28,6425,6470,6375,6405,3974,15552,6436.0,6482.0,6510.75,6631.083333333333,-49.920817714810255,-41.24528007449753,-8.675537640312726,29.09090909090908,45.357142857142854,-100.05370341696185,2492.25,-85938,13438.0,-516.0,-3.211351755041081
2013-10-29,6405,6415,6390,6405,898,15403,6417.0,6466.5,6501.75,6627.0,-51.91345960389026,-43.37891598037608,-8.534543623514182,26.41509433962264,45.714285714285715,-97.7636473722964,2405.2,-85938,13586.35,-149.0,-0.9580761316872466
2013-10-30,6410,6425,6390,6420,1861,15012,6416.0,6457.0,6495.0,6623.25,-51.68645869529064,-45.04042452335899,-6.646034171931646,29.09090909090908,47.142857142857146,-79.47782322385136,2391.55,-84077,13695.6,-391.0,-2.538466532493666
2013-10-31,6410,6425,6395,6395,3396,16153,6409.0,6443.0,6487.5,6618.5,-52.91389150256509,-46.615117919200216,-6.298773583364877,22.807017543859644,46.785714285714285,-75.59904224254643,2484.2,-87473,13858.25,1141.0,7.600586197708492
2013-11-01,6385,6395,6340,6365,3057,16085,6398.0,6428.0,6479.75,6611.833333333333,-55.665710465501434,-48.425236428460465,-7.240474037040968,21.66666666666667,47.5,-93.06576826407328,2378.9,-90530,13954.6,-68.0,-0.42097443199405893
2013-11-04,6370,6395,6355,6360,2983,16617,6389.0,6412.5,6471.75,6604.833333333333,-57.5861873115,-50.257426605068375,-7.328760706431623,14.285714285714292,48.214285714285715,-79.10719772797671,2437.25,-93513,14089.9,532.0,3.3074292819397
2013-11-05,6355,6375,6340,6370,2565,16583,6382.0,6399.5,6464.25,6597.5,-57.636860768490806,-51.73331343775286,-5.903547330737943,20.408163265306115,46.07142857142857,-75.22774592364883,2456.85,-90948,14275.25,-34.0,-0.20460973701630358
2013-11-06,6365,6375,6350,6355,1849,16678,6369.0,6392.5,6455.5,6590.333333333333,-58.216313069341595,-53.02991336407061,-5.186399705270986,12.5,43.92857142857143,-68.16509495930661,2478.2,-92797,14463.1,95.0,0.5728758367002262
2013-11-07,6350,6350,6325,6325,1852,16920,6355.0,6382.0,6445.0,6582.75,-60.40002854072736,-54.50393639940196,-5.896092141325404,11.999999999999986,42.857142857142854,-76.6884150443659,2506.5,-94649,14654.75,242.0,1.4510133109485457
2013-11-08,6330,6335,6315,6335,1623,16991,6349.0,6373.5,6434.25,6574.75,-60.62487651926858,-55.728124423375284,-4.896752095893298,15.384615384615387,42.5,-71.75014653749493,2510.95,-93026,14867.0,71.0,0.41962174940899377
2013-11-11,6330,6390,6325,6355,4938,15887,6348.0,6368.5,6425.25,6567.25,-58.51471608628344,-56.28544275595692,-2.229273330326521,22.64150943396227,44.285714285714285,-48.61886663615434,2560.6,-88088,15091.05,-1104.0,-6.497557530457298
2013-11-12,6355,6370,6355,6365,1125,16028,6347.0,6364.5,6415.5,6559.916666666667,-55.39690131871521,-56.10773446850858,0.7108331497933733,35.0,38.214285714285715,-40.24238302588862,2531.25,-86963,15303.45,141.0,0.8875180965569385
2013-11-13,6365,6370,6350,6350,1330,15837,6346.0,6357.5,6407.25,6551.666666666667,-53.519446428811534,-55.59007686056918,2.0706304317576425,30.95238095238095,37.857142857142854,-41.20113394841311,2498.85,-88293,15503.35,-191.0,-1.191664586972796
2013-11-14,6345,6350,6325,6350,1406,15432,6351.0,6353.0,6398.0,6544.916666666667,-51.438597766592466,-54.75978104177384,3.321183275181376,32.5,36.785714285714285,-48.85981472414159,2495.65,-88293,15680.6,-405.0,-2.55730251941656
2013-11-15,6345,6360,6295,6300,2496,14983,6344.0,6346.5,6387.25,6538.0,-53.210712372927446,-54.44996730800457,1.2392549350771205,27.65957446808511,34.642857142857146,-65.23343824709211,2532.2,-90789,15822.85,-449.0,-2.9095386210471696
2013-11-18,6305,6350,6305,6325,2609,13972,6338.0,6343.0,6377.75,6531.416666666667,-51.99842937364156,-53.95965972113197,1.9612303474904138,34.61538461538461,36.42857142857143,-56.1629710269365,2586.9,-88180,15878.55,-1011.0,-6.747647333644801
2013-11-19,6335,6345,6315,6315,1758,13772,6328.0,6337.5,6368.5,6524.75,-51.25378110498423,-53.41848399790243,2.1647028929182,29.411764705882348,36.07142857142857,-60.41580585112283,2486.85,-89938,15830.45,-200.0,-1.4314342971657568
2013-11-20,6310,6330,6305,6325,779,13631,6323.0,6334.5,6363.5,6518.833333333333,-49.28855774800377,-52.592498747922704,3.303940999918936,35.41666666666667,35.714285714285715,-63.3404537753247,2187.15,-89159,15685.4,-141.0,-1.0238164391519033
2013-11-21,6335,6355,6320,6355,2239,13703,6324.0,6337.5,6359.75,6513.5,-44.7939974797373,-51.03279849428563,6.238801014548329,47.916666666666664,34.285714285714285,-26.818056820491993,2218.85,-86920,15565.35,72.0,0.5282077617196013
2013-11-22,6345,6355,6330,6350,1382,13744,6334.0,6339.0,6356.25,6508.416666666667,-41.16100584528522,-49.05843996448555,7.897434119200334,47.916666666666664,33.214285714285715,-20.53099199387713,2206.0,-88302,15449.15,41.0,0.29920455374734534
2013-11-25,6355,6375,6340,6375,3193,12665,6344.0,6341.0,6354.75,6503.666666666667,-35.85127159213698,-46.41700629001584,10.56573469787886,50.98039215686275,33.214285714285715,15.088567768388772,2166.95,-85109,15304.8,-1079.0,-7.850698486612339
2013-11-26,6360,6390,6355,6370,1565,12232,6355.0,6341.5,6353.0,6498.166666666667,-31.68152228733834,-43.469909489480344,11.788387202142005,53.06122448979592,33.92857142857143,35.74720105788768,2200.3,-86674,15146.25,-433.0,-3.418870904066329
2013-11-27,6380,6385,6355,6365,1462,11735,6363.0,6343.0,6350.25,6492.583333333333,-28.452442093694117,-40.4664160103231,12.013973916628984,59.09090909090909,33.92857142857143,38.99580798375372,2180.35,-88136,14982.4,-497.0,-4.063113145846964
2013-11-28,6360,6365,6335,6335,1021,11519,6359.0,6341.5,6347.25,6486.916666666667,-27.991453997890858,-37.971423607836655,9.979969609945798,50.0,34.642857142857146,-9.079567944153096,2061.6,-89157,14750.7,-216.0,-1.8406476352790802
2013-11-29,6335,6340,6320,6325,897,11344,6354.0,6344.0,6345.25,6481.25,-28.10901085732803,-35.99894105773493,7.889930200406901,43.47826086956522,31.428571428571427,-50.352955214819985,1953.6,-90054,14513.65,-175.0,-1.5192290997482427
2013-12-02,6330,6340,6310,6315,1077,10909,6342.0,6343.0,6343.0,6475.833333333333,-28.678503999538407,-34.53485364609563,5.85634964655722,39.130434782608695,32.5,-62.59590313982935,1858.3,-91131,14228.25,-435.0,-3.8346262341325765
2013-12-03,6315,6330,6315,6320,644,10664,6332.0,6343.5,6340.5,6470.25,-28.399007128055928,-33.30768434248769,4.908677214431762,43.18181818181818,32.142857142857146,-56.500531855488454,1762.25,-90487,13932.3,-245.0,-2.245852048767072
2013-12-04,6330,6330,6310,6320,524,10579,6323.0,6343.0,6338.75,6464.583333333333,-27.85639268882551,-32.21742601175526,4.3610333229297495,43.18181818181818,31.785714285714285,-55.239515771583584,1696.0,-90487,13627.35,-85.0,-0.7970742685671439
2013-12-05,6325,6340,6325,6330,1003,10129,6322.0,6340.5,6339.0,6459.25,-26.316094849669753,-31.03715977933816,4.721064929668408,58.33333333333334,28.571428571428573,-22.605558859231927,1653.55,-89484,13287.8,-450.0,-4.253710180546366
2013-12-06,6545,6560,6520,6520,1539,11236,6361.0,6357.5,6348.25,6456.583333333333,-9.652715119850654,-26.760270847440662,17.107555727590007,78.26086956521739,41.42857142857143,196.26716129818405,1649.35,-87945,13000.05,1107.0,10.92901569750222
2013-12-09,6515,6530,6510,6525,1799,11692,6403.0,6372.5,6356.75,6454.166666666667,3.9115022196929203,-20.625916234013946,24.537418453706866,80.88235294117646,40.714285714285715,135.08367777052408,1492.4,-86146,12790.3,456.0,4.058383766464924
2013-12-10,6525,6540,6510,6515,1745,11865,6442.0,6387.0,6364.25,6451.75,13.696441705435973,-13.761444646123964,27.457886351559935,77.94117647058823,41.07142857142857,109.98666569208176,1523.4,-87891,12582.15,173.0,1.4796442011631994
2013-12-11,6520,6520,6450,6460,2951,12201,6470.0,6396.5,6369.75,6448.833333333333,16.819155642067017,-7.645324588485769,24.464480230552788,64.3835616438356,43.57142857142857,69.82417534151361,1604.45,-90842,12400.35,336.0,2.831858407079646
2013-12-12,6460,6475,6435,6445,4056,12318,6493.0,6407.5,6374.5,6445.083333333333,17.877473904189173,-2.5407648899507804,20.418238794139953,62.666666666666664,44.642857142857146,48.355562287235735,1736.95,-94898,12244.65,117.0,0.9589377919842601
2013-12-13,6445,6470,6430,6460,3903,11820,6481.0,6421.0,6382.5,6442.0,19.69948993401067,1.90728607484151,17.792203859169163,61.64383561643836,45.0,44.774409124390345,1807.3,-90995,12086.5,-498.0,-4.042864101315146
2013-12-16,6460,6460,6405,6430,4347,12428,6462.0,6432.5,6387.75,6438.583333333333,18.50933736553361,5.22769633297993,13.281641032553681,57.69230769230769,46.42857142857143,27.471020731360902,1894.2,-95342,12009.3,608.0,5.143824027072763
2013-12-17,6430,6450,6425,6435,1742,12541,6446.0,6444.0,6393.75,6435.583333333333,17.764809428800618,7.7351189521440675,10.029690476656551,58.97435897435897,46.07142857142857,27.414764000978874,1893.4,-93600,11947.75,113.0,0.9092372063083332
2013-12-18,6440,6455,6430,6445,1727,12883,6443.0,6456.5,6399.75,6432.75,17.776762647271426,9.74344769116954,8.033314956101886,64.86486486486487,45.714285714285715,28.29298725902986,1940.8,-91873,11910.35,342.0,2.7270552587512986
2013-12-19,6445,6455,6425,6430,2362,13364,6440.0,6466.5,6403.5,6430.25,16.386962318184487,11.072150616572529,5.3148117016119585,64.0,46.42857142857143,20.889310656462772,1946.95,-94235,11893.4,481.0,3.733602421796167
2013-12-20,6430,6435,6340,6340,12140,17283,6416.0,6448.5,6403.0,6426.25,7.931854227666008,10.444091338791225,-2.5122371111252164,52.74725274725275,51.07142857142857,-24.861678543282068,2484.85,-106375,12070.35,3919.0,29.325052379527094
2013-12-23,6325,6520,6250,6445,30509,16834,6419.0,6440.5,6406.5,6424.0,9.593158666973068,10.273904804427595,-0.680746137454527,61.26126126126126,69.28571428571429,-3.213226660116838,3850.65,-75866,12278.8,-449.0,-2.5979286003587343
2013-12-24,6450,6455,6415,6425,6016,15919,6417.0,6431.5,6409.25,6421.333333333333,9.189985123216502,10.057120868185377,-0.8671357449688752,59.130434782608695,70.71428571428571,13.457614789513196,4073.2,-81882,12463.15,-915.0,-5.435428299869316
2013-12-25,6420,6420,6395,6415,2754,15510,6411.0,6427.0,6411.75,6419.0,7.9716584422312735,9.640028382994558,-1.6683699407632844,57.39130434782609,71.42857142857143,-3.326630448477558,4137.8,-84636,12651.9,-409.0,-2.5692568628682744
2013-12-26,6425,6445,6400,6430,2381,15608,6411.0,6425.5,6416.5,6417.083333333333,8.122865077445567,9.33659572188476,-1.2137306444391935,38.75,58.214285714285715,4.6422784324997215,4205.8,-82255,12856.35,98.0,0.6318504190844676
2013-12-27,6425,6450,6425,6450,2560,15925,6433.0,6424.5,6422.75,6415.916666666667,9.744205146888817,9.418117606885573,0.32608754000324325,40.963855421686745,58.57142857142857,13.344929004705811,4288.95,-79695,13085.4,317.0,2.0310097385956016
2013-12-30,6455,6460,6430,6455,2386,15445,6435.0,6427.0,6429.75,6414.833333333333,11.302301154037195,9.794954316315899,1.5073468377212969,42.6829268292683,58.57142857142857,14.619046602898667,4354.4,-77309,13312.2,-480.0,-3.0141287284144447
2013-12-31,6445,6470,6440,6450,1965,15301,6440.0,6428.5,6436.25,6413.666666666667,11.995370092356097,10.235037471523938,1.760332620832159,48.611111111111114,55.714285714285715,14.664669503823703,4420.45,-79274,13544.05,-144.0,-0.9323405632890913
2014-01-01,6435,6445,6415,6420,2324,14968,6441.0,6426.0,6441.25,6411.833333333333,10.00851105437323,10.189732188093796,-0.18122113372056603,46.666666666666664,55.357142857142854,-16.7423483642182,4510.45,-81598,13763.5,-333.0,-2.176328344552647
2014-01-02,6435,6445,6420,6420,2324,14968,6439.0,6425.0,6445.75,6409.916666666667,8.337798006900812,9.8193453518552,-1.4815473449543877,44.444444444444436,54.285714285714285,-23.868401660858314,4576.5,-81598,14005.45,0.0,0.0
2014-01-03,6410,6425,6355,6380,5849,14980,6425.0,6429.0,6438.75,6407.083333333333,3.7429339610816896,8.604063073700498,-4.8611291126188085,43.24324324324324,55.357142857142854,-72.76597403418822,4792.0,-87447,14192.65,12.0,0.08017103153394878
2014-01-06,6380,6400,6350,6380,3163,14966,6410.0,6422.5,6431.5,6404.5,0.10031473474464292,6.903313405909327,-6.802998671164684,42.465753424657535,57.142857142857146,-82.69661804233228,4860.2,-87447,14356.35,-14.0,-0.09345794392523477
2014-01-07,6375,6400,6355,6385,3121,14737,6397.0,6418.5,6425.0,6401.583333333333,-2.3558720065138914,5.0514763234246844,-7.407348329938576,41.666666666666664,58.57142857142857,-79.30430594398945,4929.0,-84326,14499.95,-229.0,-1.5301349726045688
2014-01-08,6390,6390,6325,6330,3924,15317,6379.0,6410.0,6418.5,6398.5,-8.640851681214372,2.3130107224968737,-10.953862403711245,37.5,61.07142857142857,-114.12131696760356,4977.65,-88250,14655.75,580.0,3.9356721177987275
2014-01-09,6320,6355,6315,6335,2297,15039,6362.0,6400.5,6413.0,6395.166666666667,-13.067649412889295,-0.7631213045803604,-12.304528108308935,49.20634920634921,57.142857142857146,-110.96516049777156,4889.7,-85953,14791.8,-278.0,-1.8149768231376928
2014-01-10,6325,6535,6300,6385,6871,15870,6363.0,6394.0,6409.25,6393.0,-12.398415163769641,-3.090180076418217,-9.308235087351424,38.46153846153846,54.642857142857146,-6.593856479418896,5038.1,-79082,14994.3,831.0,5.525633353281467
2014-01-13,6380,6390,6350,6380,2830,15916,6363.0,6386.5,6406.75,6390.75,-12.131654254473688,-4.898474912029311,-7.233179342444377,40.816326530612244,54.642857142857146,-50.217857113378706,4962.25,-81912,15168.7,46.0,0.28985507246377384
2014-01-14,6380,6385,6365,6375,1301,15645,6361.0,6379.0,6403.75,6388.666666666667,-12.183261470787329,-6.355432223780915,-5.827829247006414,41.66666666666667,53.92857142857143,-43.28472324331052,4940.2,-83213,15323.9,-271.0,-1.7026891178688164
2014-01-15,6375,6415,6365,6415,2899,15963,6378.0,6378.5,6402.25,6388.5,-8.893970697576151,-6.863139918539963,-2.0308307790361884,47.16981132075472,54.285714285714285,-6.802987507795599,4998.8,-80314,15477.9,318.0,2.0325982742090076
2014-01-16,6420,6420,6385,6395,3017,15472,6390.0,6376.0,6400.5,6387.916666666667,-7.810976835969996,-7.05270730202597,-0.7582695339440253,39.62264150943396,55.0,-1.654595661744064,5031.55,-83331,15583.3,-491.0,-3.075862933032636
2014-01-17,6405,6415,6350,6355,2500,15833,6384.0,6373.5,6401.25,6386.833333333333,-10.06434658159651,-7.655035157940079,-2.4093114236564315,33.33333333333333,57.5,-42.61033129801848,4549.55,-85831,15510.8,361.0,2.33324715615304
2014-01-20,6350,6365,6325,6335,4029,15727,6375.0,6369.0,6395.75,6385.666666666667,-13.310555395615665,-8.786139205475196,-4.524416190140469,31.746031746031747,58.214285714285715,-79.93331594159088,3225.55,-89860,15455.45,-106.0,-0.669487778690081
2014-01-21,6340,6385,6335,6375,2771,15151,6375.0,6368.0,6393.25,6385.166666666667,-12.511310957647765,-9.53117355590971,-2.9801374017380553,43.07692307692308,59.285714285714285,-42.334999460262345,3063.3,-87089,15417.05,-576.0,-3.662491257073819
2014-01-22,6375,6380,6355,6360,1800,15400,6364.0,6371.0,6390.5,6384.166666666667,-12.939124449750125,-10.212763734677793,-2.7263607150723317,41.17647058823529,59.285714285714285,-38.676001171837406,3015.6,-88889,15411.55,249.0,1.6434558774998331
2014-01-23,6360,6365,6305,6325,3434,15680,6350.0,6370.0,6385.25,6383.0,-15.918874342995878,-11.353985856341412,-4.564888486654466,41.791044776119406,58.57142857142857,-75.71316996494613,3068.25,-92323,15415.15,280.0,1.8181818181818077
2014-01-24,6330,6350,6325,6345,1610,15699,6348.0,6366.0,6380.0,6382.666666666667,-16.47658295630208,-12.378505276333547,-4.098077679968535,45.070422535211264,56.785714285714285,-58.90758016462906,3020.75,-90713,15403.85,19.0,0.12117346938775864
2014-01-27,6340,6380,6340,6345,1991,15241,6350.0,6362.5,6374.5,6382.416666666667,-16.7257668219263,-13.247957585452097,-3.4778092364742026,44.28571428571428,56.42857142857143,-34.64342897051121,3001.0,-90713,15393.65,-458.0,-2.917383272819929
2014-01-28,6350,6350,6330,6340,665,15184,6343.0,6359.0,6369.0,6381.916666666667,-17.12924971582561,-14.0242160115268,-3.1050337042988083,51.66666666666666,53.214285714285715,-55.60059620801264,2936.0,-91378,15387.8,-57.0,-0.3739912079259944
2014-01-29,6335,6345,6320,6325,1280,15048,6336.0,6350.0,6364.25,6381.416666666667,-18.44674486385793,-14.908721781993027,-3.538023081864903,48.38709677419355,52.142857142857146,-68.02255876598316,2883.8,-92658,15391.8,-136.0,-0.8956796628029506
2014-01-30,6330,6355,6325,6350,1069,14661,6341.0,6345.5,6360.75,6381.833333333333,-17.274449098197692,-15.38186724523396,-1.8925818529637315,43.85964912280702,37.5,-41.46617331121358,2821.05,-91589,15376.45,-387.0,-2.571770334928225
2014-01-31,6340,6350,6220,6220,5904,16526,6316.0,6332.0,6352.75,6379.916666666667,-26.529494306319066,-17.611392657450985,-8.918101648868081,30.487804878048777,43.92857142857143,-145.82391104023466,2823.8,-97493,15453.75,1865.0,12.72082395470977
2014-02-03,6340,6350,6220,6220,5904,16526,6291.0,6320.5,6344.75,6377.666666666667,-33.47826768241066,-20.78476766244292,-12.69350001996774,30.86419753086419,51.785714285714285,-115.98376099724338,2960.85,-97493,15531.75,0.0,0.0
2014-02-10,6230,6250,6165,6230,12918,19773,6269.0,6306.0,6337.0,6375.416666666667,-37.74322382969149,-24.176458895892637,-13.56676493379885,25.333333333333343,54.285714285714285,-133.42890480048086,3450.7,-84575,15783.55,3247.0,19.6478276654968
2014-02-11,6240,6270,6205,6260,6796,19524,6256.0,6296.0,6333.5,6373.916666666667,-38.26142908662496,-26.9934529340391,-11.267976152585856,32.467532467532465,56.42857142857143,-88.12278924607196,3594.3,-77779,15993.9,-249.0,-1.2592929752693105
2014-02-12,6265,6265,6225,6225,2088,19879,6231.0,6286.0,6328.0,6371.833333333333,-41.02342546642649,-29.79944744051658,-11.223978025909908,32.89473684210526,54.642857142857146,-82.76616510845179,3583.85,-79867,16235.9,355.0,1.8182749436590928
2014-02-13,6225,6260,6225,6255,2342,19454,6238.0,6277.0,6321.5,6371.083333333333,-40.326716926766494,-31.904901337766567,-8.421815588999927,39.743589743589745,54.285714285714285,-68.07591555182454,3357.4,-77525,16415.1,-425.0,-2.137934503747674
2014-02-14,6255,6260,6220,6230,2696,20287,6240.0,6265.5,6314.0,6369.5,-41.31560092644304,-33.78704125550186,-7.528559670941178,30.66666666666667,53.57142857142857,-68.38685002588365,3350.7,-80221,16633.65,833.0,4.281895754086573
2014-02-17,6240,6245,6215,6215,2004,20562,6237.0,6253.0,6306.0,6367.833333333333,-42.816115730447564,-35.592856150491,-7.2232595799565615,30.66666666666667,53.92857142857143,-69.66158076389877,3385.85,-82225,16879.5,275.0,1.355547887809938
2014-02-18,6215,6255,6210,6250,3913,20150,6235.0,6245.5,6297.75,6366.583333333333,-40.71177700731096,-36.616640321854995,-4.095136685455962,39.99999999999999,52.857142857142854,-53.736689684250244,3436.55,-78312,17088.85,-412.0,-2.0036961385079266
2014-02-19,6255,6255,6230,6230,2408,20242,6236.0,6233.5,6289.5,6364.5,-40.194568298218655,-37.33222591712773,-2.862342381090926,34.66666666666667,52.857142857142854,-49.44228309262856,3406.1,-80720,17327.35,92.0,0.4565756823821321
2014-02-20,6245,6255,6225,6235,1457,20474,6232.0,6235.0,6283.5,6362.583333333333,-38.93242964239744,-37.652266662181674,-1.2801629802157635,35.526315789473685,52.142857142857146,-44.96910507381648,3353.95,-79263,17559.4,232.0,1.1461318051575908
2014-02-21,6235,6245,6220,6220,2660,21168,6230.0,6235.0,6277.75,6360.0,-38.69648135487478,-37.8611096007203,-0.8353717541544796,34.61538461538461,52.5,-48.87665307981283,3285.5,-81923,17831.45,694.0,3.3896649409006496
2014-02-24,6220,6230,6180,6210,6465,22269,6229.0,6233.0,6269.5,6357.333333333333,-38.86835684066318,-38.06255904870888,-0.8057977919543049,35.06493506493507,54.285714285714285,-62.61057053972576,3470.2,-88388,18187.35,1101.0,5.201247165532874
2014-02-25,6215,6215,6155,6175,4400,22655,6214.0,6224.5,6260.25,6354.166666666667,-41.352095676073986,-38.720466374181896,-2.63162930189209,27.848101265822777,56.42857142857143,-78.14968127768168,3600.2,-92788,18550.1,386.0,1.7333512955229224
2014-02-26,6180,6195,6170,6185,2371,22784,6205.0,6220.5,6253.25,6351.666666666667,-42.02907515480183,-39.382188130305884,-2.646887024495946,43.63636363636363,48.92857142857143,-68.90076344233071,3547.05,-90417,18905.3,129.0,0.569410726109032
2014-02-27,6180,6185,6160,6165,2120,22588,6191.0,6211.5,6244.25,6349.0,-43.67594995831041,-40.24094049590679,-3.4350094624036203,40.67796610169491,41.42857142857143,-73.69110689822223,3572.55,-92537,19249.75,-196.0,-0.8602528089887596
2014-02-28,6165,6190,6135,6180,3843,22606,6183.0,6206.5,6236.0,6346.75,-43.2719236652365,-40.84713712977273,-2.4247865354637668,41.66666666666667,39.285714285714285,-70.77416582483238,3665.15,-88694,19618.0,18.0,0.07968833008678011
2014-03-03,6175,6180,6145,6145,1955,23001,6170.0,6199.5,6226.25,6343.833333333333,-45.25427430553191,-41.72856456492457,-3.52570974060734,31.14754098360656,37.142857142857146,-77.08681038016647,3729.65,-90649,20008.85,395.0,1.7473237193665447
2014-03-04,6140,6160,6105,6125,3314,23340,6160.0,6187.0,6216.25,6340.583333333333,-47.887121396298426,-42.96027593119934,-4.926845465099085,32.758620689655174,38.214285714285715,-96.25152380239885,3831.35,-93963,20423.45,339.0,1.4738489630885532
2014-03-05,6120,6130,6065,6070,5174,24057,6137.0,6171.0,6202.25,6336.25,-53.791635539819254,-45.12654785292332,-8.66508768689593,20.634920634920633,40.357142857142854,-127.95807174959474,4036.6,-99137,20893.25,717.0,3.071979434447303
2014-03-06,6085,6085,6020,6055,6731,24249,6115.0,6153.0,6194.0,6328.5,-59.001250489416634,-47.90148838022199,-11.099762109194643,21.311475409836078,42.142857142857146,-128.03670294530187,4077.95,-105868,21279.4,192.0,0.7981045018081945
2014-03-07,6045,6050,5995,6015,4118,24354,6082.0,6132.5,6183.75,6320.0,-65.60136191158745,-51.441463086495084,-14.159898825092363,19.69696969696969,44.285714285714285,-123.98961634264673,3988.65,-109986,21670.8,105.0,0.43300754670294594
2014-03-10,6015,6030,5915,5930,7134,24712,6039.0,6104.5,6168.75,6310.25,-76.80542229178809,-56.51425492755369,-20.291167364234404,7.89473684210526,49.285714285714285,-128.5514208393985,3699.45,-117120,21917.75,358.0,1.4699843968136728
2014-03-11,5900,5915,5810,5845,10192,22821,5983.0,6071.5,6148.0,6300.0,-91.48888358918975,-63.5091806598809,-27.979702929308857,6.741573033707866,56.07142857142857,-138.09837216345267,3869.25,-127312,22082.6,-1891.0,-7.652152800258982
2014-03-12,5895,5975,5840,5895,7328,21808,5948.0,6042.5,6131.5,6290.833333333333,-97.96180758471382,-70.39970604484748,-27.562101539866347,15.306122448979593,63.57142857142857,-98.03375973182965,4131.25,-119984,22179.05,-1013.0,-4.438894001139304
2014-03-13,5875,5935,5835,5930,4281,20606,5923.0,6019.0,6115.25,6282.0,-99.12479011585401,-76.14472285904878,-22.980067256805228,21.568627450980387,68.92857142857143,-86.28277484417688,4228.2,-115703,22236.65,-1202.0,-5.511738811445344
2014-03-14,5925,5945,5900,5920,1604,20341,5904.0,5993.0,6099.75,6273.5,-99.70405232554003,-80.85658875234704,-18.847463573192996,21.568627450980387,68.57142857142857,-69.29924420740126,4173.6,-117307,22239.35,-265.0,-1.2860331942152747
2014-03-17,5920,5940,5870,5885,3175,20231,5895.0,5967.0,6083.25,6264.333333333333,-101.81368451460548,-85.04800790479874,-16.765676609806746,21.568627450980387,69.28571428571429,-69.67167294455064,4232.15,-120482,22222.8,-110.0,-0.5407797060124842
2014-03-18,5890,5900,5845,5880,1880,19899,5902.0,5942.5,6064.75,6254.916666666667,-102.70512073664031,-88.57943047116706,-14.125690265473253,19.801980198019805,71.42857142857143,-70.0438678604676,4130.5,-122362,22210.25,-332.0,-1.6410459196282923
2014-03-19,5885,5910,5870,5880,2581,18920,5899.0,5923.5,6047.25,6245.75,-102.23311070277487,-91.31016651748863,-10.92294418528624,20.61855670103094,72.5,-59.61590319656975,4139.15,-122362,22144.15,-979.0,-4.91984521835268
2014-03-20,5890,5895,5725,5790,12693,19619,5871.0,5897.0,6025.0,6236.583333333333,-107.87773975655182,-94.62368116530128,-13.25405859125054,15.178571428571416,80.71428571428571,-80.06442042285686,4700.95,-135055,22101.4,699.0,3.694503171247354
2014-03-21,5830,5845,5810,5825,4055,18359,5852.0,5878.0,6005.25,6226.25,-108.27877118322613,-97.35469916888624,-10.924072014339885,21.42857142857143,82.14285714285714,-65.25312302120567,4770.7,-131000,21960.95,-1260.0,-6.422345685305064
2014-03-24,5830,5865,5815,5850,2336,17365,5845.0,5870.0,5987.25,6216.666666666667,-105.36472148978555,-98.95670363306611,-6.4080178567194395,25.6637168141593,81.78571428571429,-54.13370611518108,4564.25,-128664,21715.75,-994.0,-5.414238248270598
2014-03-25,5855,5980,5855,5955,6968,14621,5860.0,5881.0,5976.25,6209.0,-93.50482818022647,-97.8663285424982,4.361500362271727,40.650406504065046,86.42857142857143,-18.78034156516415,4692.65,-121696,21314.05,-2744.0,-15.801900374316158
2014-03-26,5940,6025,5925,5990,4455,13001,5882.0,5890.5,5966.5,6201.666666666667,-80.35528409803374,-94.36411965360531,14.00883555557158,44.881889763779526,88.92857142857143,4.779314135854256,4796.85,-117241,20824.9,-1620.0,-11.07995349155324
2014-03-27,6000,6080,5985,6065,4395,11286,5937.0,5904.0,5961.5,6195.25,-63.154299029671165,-88.1221555288185,24.96785649914733,53.731343283582085,91.42857142857143,36.16873646372498,4910.6,-112846,20259.8,-1715.0,-13.191292977463275
2014-03-28,6075,6075,6035,6045,1682,10814,5981.0,5916.5,5954.75,6188.416666666667,-50.55347826067282,-80.60842007518937,30.054941814516553,59.50413223140496,86.07142857142857,45.99784371110415,4802.55,-114528,19670.2,-472.0,-4.182172603225231
2014-03-31,6170,6170,6115,6130,3565,11213,6037.0,5941.0,5954.0,6183.083333333333,-33.324305541251306,-71.15159716840176,37.82729162715046,73.55371900826447,86.42857142857143,89.81636790282728,4883.05,-110963,19080.8,399.0,3.6896615498428043
2014-04-01,6135,6140,6110,6115,3163,11208,6069.0,5964.5,5953.5,6178.0,-20.642482977131294,-61.04977433014767,40.407291353016376,69.2982456140351,78.92857142857143,82.43434982748161,4875.5,-114126,18474.2,-5.0,-0.04459109961651997
2014-04-02,6115,6170,6100,6165,3390,11216,6104.0,5993.0,5958.25,6173.75,-6.482736147952892,-50.136366693708716,43.653630545755824,70.08547008547009,76.78571428571429,88.52610069660027,4786.3,-110736,17832.15,8.0,0.07137758743753775
2014-04-03,6150,6195,6105,6110,3517,11956,6113.0,6025.0,5961.0,6169.25,0.29749554041063675,-40.049594246884844,40.34708978729548,65.07936507936509,80.0,78.55407995702771,4625.6,-114253,17217.5,740.0,6.597717546362336
2014-04-04,6105,6130,6080,6110,3104,12291,6126.0,6053.5,5965.75,6164.75,5.606252612031312,-30.918424875101614,36.52467748713293,68.90756302521008,78.57142857142857,60.92290011489713,4574.9,-114253,16614.35,335.0,2.8019404483104804
2014-04-07,6125,6165,6115,6140,3262,12891,6128.0,6082.5,5976.25,6160.666666666667,12.094808692508195,-22.315778161579654,34.41058685408785,70.96774193548387,78.57142857142857,67.73045099536243,4381.3,-110991,16023.3,600.0,4.881620698071765
2014-04-09,6120,6190,6120,6185,3501,13439,6142.0,6105.5,5993.25,6158.25,20.630346263337742,-13.726553276596174,34.35689953993392,72.93233082706767,80.71428571428571,69.58597743750329,4046.75,-107490,15554.2,548.0,4.251027848886824
2014-04-10,6170,6240,6170,6225,7917,14114,6154.0,6129.0,6009.75,6156.416666666667,30.273512778791883,-4.926540065518564,35.20005284431045,85.36585365853658,73.57142857142857,77.47476596665352,4076.2,-99573,15169.5,675.0,5.022695141007505
2014-04-11,6225,6235,6185,6200,4729,14160,6172.0,6142.5,6023.25,6153.333333333333,35.48940092874909,3.1566481333349676,32.33275279541412,80.99173553719008,73.21428571428571,67.40835445403093,4098.6,-104302,14847.2,46.0,0.32591752869490787
2014-04-14,6200,6290,6200,6255,7906,14820,6201.0,6163.5,6040.0,6151.25,43.558949753602064,11.237108457388388,32.32184129621368,81.88976377952756,76.07142857142857,73.04190208181214,4413.7,-96396,14571.15,660.0,4.661016949152552
2014-04-15,6265,6275,6235,6265,3643,14985,6226.0,6177.0,6059.0,6149.416666666667,50.18256835138072,19.026200436186855,31.15636791519387,78.70370370370371,69.64285714285714,68.3316731675024,4437.1,-92753,14308.85,165.0,1.1133603238866474
2014-04-16,6265,6310,6260,6280,4605,15595,6245.0,6193.5,6079.0,6147.166666666667,55.996713197487225,26.420302988446927,29.576410209040297,77.88461538461539,66.07142857142857,69.00286957472277,4573.35,-88148,14093.65,610.0,4.0707374040707345
2014-04-17,6270,6290,6230,6255,5076,15039,6251.0,6202.5,6097.75,6144.833333333333,57.919513709992316,32.72014513275601,25.199368577236307,70.2127659574468,63.57142857142857,55.10698553080036,4698.1,-93224,13899.6,-556.0,-3.56524527092017
2014-04-18,6265,6285,6250,6255,3556,15281,6262.0,6217.0,6121.0,6143.166666666667,58.76592990970494,37.929302088145796,20.83662782155914,73.33333333333334,63.214285714285715,53.534607041198015,4241.25,-93224,13682.7,242.0,1.6091495445175852
2014-04-21,6250,6255,6140,6155,8840,15064,6242.0,6221.5,6137.5,6140.166666666667,50.782171320764064,40.499875934669454,10.28229538609461,52.68817204301075,62.5,20.200346915346152,4480.5,-102064,13517.95,-217.0,-1.4200641319285334
2014-04-22,6150,6165,6115,6135,4775,15189,6216.0,6221.0,6151.75,6136.166666666667,42.352934006686155,40.8704875490728,1.4824464576133565,52.127659574468076,63.92857142857143,-6.362150245574274,4602.45,-106839,13409.15,125.0,0.8297928836962232
2014-04-23,6125,6165,6110,6140,4652,15128,6188.0,6216.5,6161.0,6132.5,35.66503657820067,39.829397354898376,-4.1643607766977055,47.05882352941176,62.857142857142854,-14.030074418869443,4486.65,-102187,13434.5,-61.0,-0.40160642570281624
2014-04-24,6130,6150,6115,6140,2901,15157,6165.0,6208.0,6168.5,6129.416666666667,30.018791737327774,37.86727623138426,-7.8484844940564855,54.054054054054056,58.92857142857143,-24.484275759965165,4408.95,-102187,13542.3,29.0,0.191697514542577
2014-04-25,6130,6175,6130,6165,2689,14651,6147.0,6204.5,6173.5,6126.416666666667,27.247303138497045,35.74328161280682,-8.495978474309773,56.9620253164557,58.57142857142857,-14.192403705412996,4323.65,-99498,13710.55,-506.0,-3.3383915022761723
2014-04-28,6165,6175,6145,6145,1953,14318,6145.0,6193.5,6178.5,6123.083333333333,23.169956764615563,33.22861664316857,-10.058659878553009,50.649350649350644,56.785714285714285,-22.096579840669495,4337.2,-101451,13885.75,-333.0,-2.272882397106002
2014-04-29,6140,6145,6070,6090,6288,15884,6136.0,6176.0,6176.5,6118.916666666667,15.323945141037257,29.647682342742307,-14.32373720170505,37.97468354430379,57.142857142857146,-66.1541987222716,4473.35,-107739,14119.3,1566.0,10.937281743260229
2014-04-30,6080,6110,6055,6075,5785,16298,6123.0,6155.5,6174.5,6114.75,7.8055719870544635,25.27926027160474,-17.473688284550278,29.729729729729726,56.07142857142857,-79.3016348700181,4604.45,-113524,14373.8,414.0,2.6063963737093854
2014-05-01,6070,6110,6065,6100,3829,15347,6115.0,6140.0,6171.25,6110.583333333333,3.82045829676008,20.98749987663581,-17.16704157987573,36.48648648648649,55.714285714285715,-64.67284912274943,4626.4,-109695,14580.35,-951.0,-5.835071787949442
2014-05-02,6070,6110,6070,6100,3829,15347,6102.0,6124.5,6170.75,6108.583333333333,0.6546802397269857,16.920935949254044,-16.26625570952706,25.396825396825406,52.142857142857146,-59.6919559715727,4642.0,-109695,14749.9,0.0,0.0
2014-05-05,6070,6110,6065,6100,3829,15347,6093.0,6119.0,6170.25,6106.583333333333,-1.833090947288838,13.170130569945469,-15.003221517234307,22.950819672131146,52.5,-59.60713291145037,4678.25,-109695,14902.7,0.0,0.0
2014-05-06,6085,6245,6070,6120,6085,15117,6099.0,6117.5,6169.25,6104.75,-2.1658679063775708,10.102930874680862,-12.268798781058432,24.19354838709677,61.42857142857143,-19.246222064642964,4819.4,-103610,15014.0,-230.0,-1.4986642340522605
2014-05-07,6120,6135,6070,6090,3559,15849,6102.0,6112.5,6164.5,6101.916666666667,-4.795070732941895,7.123330553156311,-11.918401286098206,23.80952380952381,61.785714285714285,-50.770060666462896,4822.3,-107169,15134.5,732.0,4.842230601309794
2014-05-08,6080,6110,6070,6095,3152,15907,6101.0,6108.0,6158.0,6099.75,-6.401482397823202,4.418367962960409,-10.819850360783612,25.000000000000014,62.142857142857146,-50.415699284212025,4584.05,-104017,15224.15,58.0,0.36595368792984306
2014-05-09,6095,6115,6055,6065,2718,16637,6094.0,6098.0,6151.25,6096.583333333333,-9.980278062356774,1.5386387578969727,-11.518916820253747,32.0,58.214285714285715,-54.28165190716137,4483.5,-106735,15348.0,730.0,4.5891745772301595
2014-05-12,6050,6080,6015,6065,4034,16152,6087.0,6090.0,6141.75,6093.833333333333,-12.670442436992744,-1.3031774810809704,-11.367264955911773,34.78260869565217,59.285714285714285,-65.31462418821012,4289.9,-106735,15414.6,-485.0,-2.915189036484944
2014-05-13,6075,6090,6060,6080,2748,16416,6079.0,6089.0,6132.5,6091.583333333333,-13.43714737510345,-3.7299714598854665,-9.707175915217984,37.5,57.5,-44.59697635095209,4245.15,-103987,15486.15,264.0,1.634472511144125
2014-05-14,6060,6110,6060,6095,3057,15942,6080.0,6091.0,6123.25,6089.0,-12.688131045986665,-5.5216033771057065,-7.166527668880959,41.1764705882353,58.57142857142857,-32.98432277270258,4167.75,-100930,15503.5,-474.0,-2.8874269005847997
2014-05-15,6105,6160,6100,6125,3711,15564,6086.0,6093.5,6116.75,6087.25,-9.563538411539412,-6.329990383992448,-3.2335480275469637,42.30769230769231,60.0,9.339542190106087,4099.5,-97219,15529.75,-378.0,-2.371095220173125
2014-05-16,6135,6135,6100,6105,2017,15106,6094.0,6094.0,6109.25,6085.083333333333,-8.60195115193983,-6.784382537581925,-1.8175686143579046,42.30769230769231,60.357142857142854,2.105891220620248,4022.55,-99236,15521.0,-458.0,-2.942688254947312
2014-05-19,6100,6100,6070,6080,1956,14915,6097.0,6092.0,6105.5,6082.75,-9.74484488129201,-7.376475006323942,-2.368369874968068,47.826086956521735,57.5,-39.75845317343745,3678.35,-101192,15513.55,-191.0,-1.264398252350063
2014-05-20,6080,6125,6050,6060,4667,15416,6093.0,6086.0,6101.75,6080.25,-12.124663673447685,-8.326112739748691,-3.798550933698994,46.80851063829787,58.92857142857143,-43.58903568441252,3672.95,-105859,15524.9,501.0,3.359034528997662
2014-05-21,6060,6075,6040,6040,2830,16183,6082.0,6081.0,6096.75,6078.0,-15.44646285620911,-9.750182763040776,-5.696280093168333,36.95652173913044,58.214285714285715,-78.86962201854438,3581.85,-108689,15577.65,767.0,4.975350285417757
2014-05-22,6030,6085,6030,6070,3743,15466,6071.0,6078.5,6093.25,6076.083333333333,-15.479821613572312,-10.896110533147084,-4.583711080425228,44.23076923076923,59.285714285714285,-56.51268775649913,3623.95,-104946,15593.1,-717.0,-4.430575295062722
2014-05-23,6080,6110,6075,6110,3441,15644,6072.0,6083.0,6090.5,6075.166666666667,-12.138665977732671,-11.144621622064204,-0.9940443556684677,51.66666666666666,58.92857142857143,9.97011802816958,3661.55,-101505,15642.75,178.0,1.150911677227473
2014-05-26,6110,6150,6105,6120,3928,15194,6080.0,6088.5,6089.25,6074.166666666667,-8.584898274692932,-10.63267695258995,2.0477786778970177,50.0,49.642857142857146,70.49332134096741,3760.3,-97577,15686.55,-450.0,-2.8765021733571983
2014-05-27,6125,6125,6075,6075,5008,14252,6083.0,6088.0,6088.5,6073.0,-9.292517330434748,-10.36464502815891,1.0721276977241612,47.540983606557376,48.57142857142857,1.4099899186178615,3696.3,-102585,15604.95,-942.0,-6.199815716730283
2014-05-28,6070,6140,6055,6110,5463,13919,6097.0,6089.5,6090.25,6072.75,-6.948999299116622,-9.681515882350453,2.7325165832338314,52.23880597014925,51.785714285714285,20.297962462423992,3680.2,-97122,15486.0,-333.0,-2.3365141734493444
2014-05-29,6120,6165,6090,6160,8303,13749,6115.0,6093.0,6093.25,6074.25,-1.0451148096326506,-7.954235667806893,6.9091208581742425,63.38028169014085,52.857142857142854,85.2074495735268,3903.9,-88819,15406.1,-170.0,-1.2213521086284929
2014-05-30,6150,6165,6125,6135,6372,14276,6120.0,6096.0,6095.0,6075.583333333333,1.5980438622955262,-6.04377976178641,7.641823624081936,59.21052631578948,51.07142857142857,80.50178593784355,4031.05,-95191,15352.55,527.0,3.8330060368026775
2014-06-02,6135,6140,6100,6125,4569,13854,6121.0,6100.5,6096.25,6077.416666666667,2.852962549847689,-4.26443129945959,7.117393849307279,55.99999999999999,51.785714285714285,41.14276695534939,4068.05,-99760,15277.9,-422.0,-2.956010086859062
2014-06-04,6115,6125,6080,6080,3427,13194,6122.0,6102.5,6094.25,6079.916666666667,0.21390496830281336,-3.3687640459071093,3.5826690142099227,48.14814814814815,51.42857142857143,-1.593771298493576,3935.15,-103187,15181.75,-660.0,-4.763967085318321
2014-06-05,6075,6115,6075,6085,2023,12853,6117.0,6107.0,6094.0,6083.916666666667,-1.457310002633676,-2.9864732372524228,1.5291632346187467,44.73684210526316,49.642857142857146,-7.328840135996908,3858.35,-101164,15031.95,-341.0,-2.5845081097468525
2014-06-06,6070,6105,6050,6090,4479,12708,6103.0,6109.0,6093.75,6087.166666666667,-2.3511985410850684,-2.859418298018952,0.5082197569338835,47.945205479452056,51.07142857142857,-25.324893108896948,3924.7,-96685,14872.0,-145.0,-1.1281412899712184
2014-06-09,6100,6100,6030,6040,4080,14455,6084.0,6102.0,6092.5,6089.0,-7.013348267323636,-3.6902042918798887,-3.323143975443747,44.871794871794876,53.57142857142857,-67.80728212175643,3992.8,-100765,14762.9,1747.0,13.747245829398814
2014-06-10,6040,6040,5985,5995,9775,17390,6058.0,6089.5,6089.0,6090.25,-14.175849069734795,-5.787333247450871,-8.388515822283924,42.168674698795186,52.142857142857146,-130.24322829386028,4279.85,-110540,14824.8,2935.0,20.304392943618122
2014-06-11,6005,6030,5985,6025,3869,16733,6047.0,6084.5,6086.25,6092.583333333333,-17.232784466840712,-8.076423491328839,-9.156360975511873,48.23529411764706,52.857142857142854,-101.69778897512846,4335.9,-106671,14840.65,-657.0,-3.778033352501442
2014-06-12,6030,6035,6000,6000,4829,17721,6030.0,6073.5,6081.5,6094.583333333333,-21.42573630825609,-10.74628605471429,-10.679450253541802,41.66666666666667,51.42857142857143,-89.55704030049235,4424.5,-111500,14929.6,988.0,5.904500089643228
2014-06-13,5990,6020,5985,6010,2998,18012,6014.0,6058.5,6075.75,6096.75,-23.668923804427322,-13.330813604656896,-10.338110199770426,37.17948717948718,51.07142857142857,-85.34868253735793,4388.85,-108502,15052.0,291.0,1.642119519214491
2014-06-16,6015,6155,6005,6090,12677,14913,6024.0,6054.0,6075.0,6101.75,-18.77490917830073,-14.419632719385664,-4.355276458915068,46.7391304347826,58.57142857142857,7.5947077600276724,4921.85,-95825,15042.35,-3099.0,-17.20519653564291
2014-06-17,6100,6135,6085,6100,7172,14085,6045.0,6051.5,6076.0,6106.333333333333,-13.92888735807901,-14.321483647124333,0.39259628904532384,52.94117647058823,58.57142857142857,33.430769133931925,5182.65,-88653,15000.85,-828.0,-5.552202776101389
2014-06-18,6100,6130,6050,6065,9399,15105,6053.0,6050.0,6076.25,6109.916666666667,-12.76543564869553,-14.010274047438573,1.2448383987430436,44.70588235294118,58.214285714285715,3.9953946715373334,5419.25,-98052,14985.3,1020.0,7.24174653887113
2014-06-19,6070,6085,6035,6055,3301,15128,6064.0,6047.0,6077.0,6111.583333333333,-12.506145156743514,-13.709448269299562,1.203303112556048,36.36363636363636,56.42857142857143,-23.78716816395848,5442.8,-101353,14932.55,23.0,0.15226746110559297
2014-06-20,6055,6075,6040,6060,2940,14853,6074.0,6044.0,6076.5,6112.75,-11.761616763827078,-13.319881968205065,1.558265204377987,39.726027397260275,56.07142857142857,-23.54924063768611,5402.65,-98413,14901.9,-275.0,-1.8178212585933329
2014-06-23,6065,6110,6055,6095,3670,14349,6075.0,6049.5,6075.75,6113.25,-8.252238487168142,-12.306353271997681,4.0541147848295385,46.15384615384615,57.142857142857146,10.408408005611907,5414.1,-94743,14837.15,-504.0,-3.393253888103409
2014-06-24,6110,6140,6085,6100,6268,13081,6075.0,6060.0,6074.75,6114.166666666667,-5.009822589646319,-10.847047135527408,5.837224545881089,52.857142857142854,57.857142857142854,37.64726708560073,5531.1,-88475,14731.5,-1268.0,-8.836852742351386
2014-06-25,6100,6150,6080,6085,8788,14030,6079.0,6066.0,6075.25,6113.416666666667,-3.6089574552397607,-9.399429199469878,5.790471744230118,50.0,60.0,32.56527895632252,5720.1,-97263,14720.4,949.0,7.254797033865912
2014-06-26,6100,6120,6070,6115,4192,13807,6091.0,6077.5,6075.5,6113.416666666667,-0.07712343306593539,-7.53496804618909,7.457844613123155,53.246753246753244,59.642857142857146,28.593903473845565,5656.55,-93071,14714.8,-223.0,-1.5894511760513153
2014-06-27,6120,6130,6100,6120,3959,14685,6103.0,6088.5,6073.5,6112.666666666667,3.089722292946135,-5.410029978362045,8.49975227130818,61.764705882352935,56.785714285714285,49.39401968083835,5439.35,-89112,14761.6,878.0,6.359093213587319
2014-06-30,6130,6130,6090,6100,3419,14318,6104.0,6089.5,6071.75,6112.5,3.9402171233778063,-3.539980558014075,7.480197681391881,66.66666666666666,55.714285714285715,41.54489267217205,5291.7,-92531,14763.7,-367.0,-2.499148791283623
2014-07-01,6095,6105,6080,6090,2613,13964,6102.0,6088.5,6070.0,6112.166666666667,3.7639356700301505,-2.0791973124052303,5.843132982435381,61.01694915254238,54.285714285714285,24.811845513982604,5193.9,-95144,14769.2,-354.0,-2.4724123480933113
2014-07-02,6100,6110,6075,6080,2555,13081,6101.0,6090.0,6070.0,6111.166666666667,2.785208768746088,-1.1063160961749667,3.8915248649210548,64.28571428571428,54.285714285714285,20.851125718432655,5150.3,-97699,14763.55,-883.0,-6.32340303637926
2014-07-03,6075,6080,6045,6070,3386,12273,6092.0,6091.5,6069.25,6109.25,1.1889388743647942,-0.6472651020670146,1.8362039764318088,60.714285714285715,54.285714285714285,-9.122709482197441,5218.45,-101085,14734.55,-808.0,-6.176897790688784
2014-07-04,6070,6080,6050,6055,1535,12451,6079.0,6091.0,6067.5,6106.416666666667,-1.2718302893163127,-0.7721781395168743,-0.4996521497994384,41.860465116279066,45.714285714285715,-12.320515729417851,5071.25,-102620,14721.7,178.0,1.450338140633911
2014-07-07,6045,6070,6035,6055,1382,12773,6070.0,6087.0,6068.25,6104.0,-3.1852895453139354,-1.2548004206762866,-1.9304891246376488,39.024390243902445,44.642857142857146,-23.452230051086385,4936.35,-102620,14637.6,322.0,2.5861376596257424
2014-07-08,6055,6090,6050,6070,3331,11865,6066.0,6084.0,6072.0,6100.916666666667,-3.451557742516343,-1.694151885044298,-1.7574058574720448,51.35135135135135,41.785714285714285,-5.491624433944197,4614.15,-99289,14361.35,-908.0,-7.1087450090033695
2014-07-09,6080,6085,6050,6050,2241,11572,6060.0,6080.5,6073.25,6097.333333333333,-5.216280031008864,-2.3985775142372114,-2.8177025167716527,48.717948717948715,40.714285714285715,-23.709193221542556,4532.75,-101530,14103.3,-293.0,-2.4694479561736205
2014-07-10,6045,6075,6040,6050,2347,11357,6056.0,6074.0,6075.75,6093.5,-6.5394524219245795,-3.226752495774685,-3.3126999261498944,47.368421052631575,40.714285714285715,-43.191807036711765,4408.65,-101530,13785.1,-215.0,-1.8579329415831292
2014-07-11,6050,6075,6045,6070,1194,11082,6059.0,6069.0,6078.75,6090.416666666667,-5.90616067780411,-3.76263413218057,-2.1435265456235397,42.857142857142854,38.92857142857143,-42.280167727062114,4318.45,-100336,13438.6,-275.0,-2.4214141058378047
2014-07-14,6070,6100,6060,6090,1880,10879,6066.0,6068.0,6078.75,6087.666666666667,-3.747243662578512,-3.7595560382601585,0.012312375681646337,47.368421052631575,37.857142857142854,5.136842807961362,3778.6,-98456,13236.9,-203.0,-1.8317993142032085
2014-07-15,6100,6105,6050,6050,2506,11036,6062.0,6064.0,6076.25,6085.916666666667,-5.203964022017317,-4.048437635011591,-1.1555263870057262,41.860465116279066,36.785714285714285,-26.782820437965366,3545.3,-100962,13084.45,157.0,1.4431473481018475
2014-07-16,6050,6060,6030,6035,3790,11319,6059.0,6059.5,6074.75,6084.25,-7.4825459102157765,-4.7352592900524275,-2.747286620163349,30.0,35.357142857142854,-80.7737975295055,3264.85,-104752,12895.15,283.0,2.5643349039507157
2014-07-17,6045,6045,6000,6000,3480,12163,6049.0,6052.5,6072.0,6081.916666666667,-11.974511253844867,-6.183109682810915,-5.791401571033951,23.913043478260875,36.42857142857143,-116.46650466584877,3273.8,-108232,12746.9,844.0,7.45648908914216
2014-07-18,6015,6030,5970,6005,2208,11860,6036.0,6047.5,6069.25,6079.666666666667,-14.958535255218521,-7.938194797292437,-7.020340457926085,27.906976744186053,37.857142857142854,-115.98742468052006,3237.2,-106024,12597.25,-303.0,-2.491161719970403
2014-07-21,5985,6030,5970,6025,1040,11634,6023.0,6044.5,6065.75,6077.333333333333,-15.530536563927853,-9.456663150619521,-6.073873413308332,35.55555555555556,40.357142857142854,-89.89360999792373,3105.7,-104984,12461.5,-226.0,-1.9055649241146666
2014-07-22,6025,6060,6015,6050,1981,10708,6023.0,6042.5,6063.25,6075.75,-13.807397571447837,-10.326810034785185,-3.480587536662652,43.75,41.07142857142857,-35.914216935909415,2891.35,-103003,12342.85,-926.0,-7.959429259068251
2014-07-23,6050,6050,6000,6005,1371,10914,6017.0,6038.0,6059.25,6074.333333333333,-15.889754228946003,-11.43939887361735,-4.450355355328654,38.18181818181818,42.142857142857146,-64.83252392492989,2520.5,-104374,12187.05,206.0,1.9237952932386948
2014-07-24,6010,6050,6000,6020,583,10767,6021.0,6035.0,6054.5,6073.416666666667,-16.143569225801002,-12.38023294405408,-3.7633362817469216,43.63636363636363,43.57142857142857,-51.944326318760744,2340.05,-103791,12035.05,-147.0,-1.3468938977460154
2014-07-25,6015,6040,6000,6040,1666,10374,6028.0,6032.0,6050.5,6072.416666666667,-14.563013235009748,-12.816789002245216,-1.7462242327645328,47.45762711864407,43.92857142857143,-43.31779511605522,2225.4,-102125,11819.5,-393.0,-3.6500417943716945
2014-07-28,6050,6055,6020,6045,896,9867,6032.0,6027.5,6047.75,6071.5,-12.759865228150375,-12.80540424742625,0.04553901927587489,45.6140350877193,43.57142857142857,-16.70407513014585,2099.25,-101229,11596.95,-507.0,-4.8872180451127845
2014-07-29,6045,6085,6035,6065,2970,8649,6035.0,6029.0,6046.5,6070.916666666667,-9.606289265760097,-12.16558125109302,2.559291985332923,52.631578947368425,44.642857142857146,28.56035786749124,2117.1,-98259,11331.2,-1218.0,-12.34417756156887
2014-07-30,6065,6080,6050,6075,1424,8599,6049.0,6033.0,6046.25,6070.166666666667,-6.22834468820929,-10.978133938516274,4.749789250306984,54.23728813559322,44.285714285714285,46.46446164579235,2060.55,-96835,11107.1,-50.0,-0.5781015146259727
2014-07-31,6060,6080,6055,6065,506,8286,6058.0,6039.5,6046.0,6069.75,-4.308549424451485,-9.644217035703317,5.335667611251832,49.122807017543856,43.92857142857143,42.62432907565625,1916.55,-97341,10907.75,-313.0,-3.639958134666821
2014-08-01,6055,6075,6055,6065,384,8091,6063.0,6045.5,6046.5,6069.25,-2.755336047724086,-8.26644083810747,5.511104790383385,45.283018867924525,42.5,38.54750356436555,1859.0,-97341,10689.75,-195.0,-2.353367125271544
2014-08-04,6070,6075,6060,6075,993,7421,6069.0,6050.5,6047.5,6069.416666666667,-0.7093103417664679,-6.755014738839271,6.045704397072803,55.319148936170215,39.642857142857146,46.273111425412374,1839.55,-96348,10422.15,-670.0,-8.280805833642324
2014-08-05,6080,6100,6060,6090,1885,6136,6074.0,6054.5,6048.5,6069.833333333333,2.0983657565393514,-4.984338639763546,7.082704396302898,61.70212765957447,40.357142857142854,69.96767457217724,1767.25,-94463,10135.7,-1285.0,-17.31572564344428
2014-08-06,6035,6035,5995,6005,1547,9356,6060.0,6054.5,6046.25,6068.583333333333,-2.506427793295188,-4.488756470469875,1.9823286771746869,50.87719298245614,43.92857142857143,-64.93010692459536,1732.55,-96010,10024.9,3220.0,52.47718383311604
2014-08-07,6000,6015,5970,5980,1225,9592,6043.0,6050.5,6042.75,6066.666666666667,-8.079910742101674,-5.206987324796235,-2.872923417305439,45.90163934426229,42.857142857142854,-93.03586847717598,1676.45,-97235,9936.65,236.0,2.522445489525449
2014-08-08,5990,6015,5940,5965,1687,9972,6023.0,6043.0,6037.5,6064.0,-13.55110210379371,-6.87581028059573,-6.67529182319798,39.99999999999999,43.92857142857143,-99.60752176293677,1701.1,-98922,9881.15,380.0,3.961634695579641
2014-08-11,5970,5995,5955,5965,797,10180,6001.0,6035.0,6031.25,6061.666666666667,-17.683219528437803,-9.037292130164145,-8.645927398273658,34.54545454545455,43.57142857142857,-89.83751609476055,1646.95,-98922,9846.2,208.0,2.0858403529883773
2014-08-12,5965,5970,5945,5950,1336,10561,5973.0,6023.5,6026.25,6059.5,-21.915696490442315,-11.612973002219778,-10.302723488222536,38.775510204081634,41.785714285714285,-97.4603490642835,1588.45,-100258,9822.45,381.0,3.742632612966612
2014-08-13,5930,5960,5925,5950,783,10722,5962.0,6011.0,6022.0,6057.666666666667,-24.981988167335658,-14.286776035242955,-10.695212132092703,34.78260869565217,40.714285714285715,-94.1191647474242,1438.1,-100258,9792.6,161.0,1.5244768487832516
2014-08-14,5955,5955,5890,5895,4758,11172,5945.0,5994.0,6016.75,6055.25,-31.487122806868683,-17.7268453895681,-13.760277417300582,22.64150943396227,42.5,-108.88752686390923,1502.0,-105016,9743.05,450.0,4.196978175713495
2014-08-15,5900,5930,5880,5910,1133,11297,5934.0,5978.5,6012.0,6052.583333333333,-35.02832945827595,-21.187142203309673,-13.841187254966275,25.454545454545453,43.57142857142857,-98.52878905746526,1448.25,-103883,9714.9,125.0,1.1188686000715986
2014-08-18,5910,5930,5900,5910,1146,11413,5923.0,5962.0,6006.25,6049.25,-37.403595872246115,-24.430432937096963,-12.973162935149151,19.607843137254903,42.142857142857146,-81.18339756427996,1453.55,-103883,9703.85,116.0,1.0268212799858345
2014-08-19,5900,5930,5900,5925,834,11188,5918.0,5945.5,6000.0,6046.0,-37.64172658550251,-27.072691666778073,-10.569034918724437,21.15384615384616,42.142857142857146,-68.39241284850578,1396.2,-103049,9727.85,-225.0,-1.9714360816612597
2014-08-20,5925,5935,5900,5905,797,11326,5909.0,5935.5,5995.0,6043.166666666667,-38.99477228294927,-29.457107790012316,-9.537664492936955,20.370370370370367,42.857142857142854,-65.05754991002357,1367.5,-103846,9748.45,138.0,1.2334644261708938
2014-08-21,5920,5950,5905,5935,1039,11122,5917.0,5931.0,5990.75,6040.25,-37.21730355835098,-31.009146943680047,-6.20815661467093,28.33333333333333,44.642857142857146,-47.258146541053314,1390.3,-102807,9766.2,-204.0,-1.8011654600035287
2014-08-22,5935,5940,5905,5930,486,11138,5921.0,5927.5,5985.25,6036.416666666667,-35.799431440123044,-31.967203842968647,-3.8322275971543966,25.423728813559322,46.07142857142857,-46.44358283665338,1331.3,-103293,9804.4,16.0,0.1438590181622068
2014-08-25,5925,5940,5905,5930,680,11007,5925.0,5924.0,5979.5,6033.0,-34.280592242763305,-32.42988152292758,-1.8507107198357247,21.42857142857143,45.714285714285715,-42.02885448948206,1320.5,-103293,9861.4,-131.0,-1.1761537080265727
2014-08-26,5925,5935,5925,5930,318,11068,5926.0,5922.0,5972.75,6029.75,-32.699956492778256,-32.483896516897715,-0.21605997588054038,30.769230769230774,39.642857142857146,-34.271173740765526,1187.9,-103293,9982.35,61.0,0.5541927864086471
2014-08-27,5935,5950,5930,5940,307,11035,5933.0,5921.0,5966.0,6027.416666666667,-30.29119678560619,-32.04535657063941,1.7541597850332238,38.888888888888886,37.857142857142854,-22.697942627591797,1132.05,-102986,10104.15,-33.0,-0.2981568485724617
2014-08-28,5940,5940,5925,5925,619,11174,5931.0,5924.0,5959.0,6024.75,-29.2553742596383,-31.48736010843919,2.231985848800889,38.888888888888886,33.57142857142857,-27.284269111535785,1137.7,-103605,10248.55,139.0,1.259628454916184
2014-08-29,5915,5975,5900,5960,3179,10888,5937.0,5929.0,5953.75,6022.583333333333,-25.31841502408406,-30.253571091568165,4.935156067484105,48.83720930232558,36.07142857142857,-9.405521401877447,1277.45,-100426,10388.4,-286.0,-2.55951315553965
2014-09-01,5975,5990,5955,5980,2463,10285,5947.0,5936.0,5949.0,6021.583333333333,-20.349932260910464,-28.272843325436625,7.922911064526161,56.81818181818182,36.785714285714285,29.844471263948172,1350.95,-97963,10531.6,-603.0,-5.538207200587808
2014-09-02,5990,6045,5975,6040,4488,9712,5969.0,5947.5,5946.5,6022.333333333333,-11.439013489069112,-24.906077358163124,13.467063869094012,66.07142857142857,39.285714285714285,110.26596070257739,1481.1,-93475,10710.4,-573.0,-5.571220223626638
2014-09-03,6030,6100,6025,6050,4469,10191,5991.0,5962.0,5948.75,6022.75,-3.529444497010445,-20.63075078593259,17.101306288922146,82.97872340425532,40.0,139.52519097357506,1627.2,-89006,10752.15,479.0,4.932042833607908
2014-09-04,6055,6075,6040,6045,2682,10017,6015.0,5973.0,5952.0,6023.5,2.3088724568478938,-16.042826137376494,18.351698594224388,80.0,38.92857142857143,112.60268264761655,1700.05,-91688,10773.4,-174.0,-1.7073888725345876
2014-09-05,6015,6040,5990,6025,2367,10195,6028.0,5982.5,5955.0,6023.75,5.261298874180284,-11.78200113506514,17.043300009245424,73.46938775510205,40.714285714285715,67.86707189913258,1734.05,-94055,10784.55,178.0,1.7769791354697029
2014-09-09,6035,6035,5990,6010,1535,10406,6034.0,5990.5,5957.25,6022.416666666667,6.317914456145445,-8.162018016823023,14.479932472968468,67.34693877551021,41.785714285714285,56.75647945212716,1770.95,-95590,10795.85,211.0,2.0696419813634126
2014-09-10,6000,6030,5940,5950,4267,10657,6016.0,5992.5,5957.25,6019.916666666667,2.2874233655911667,-6.072129740340185,8.35955310593135,57.89473684210526,45.714285714285715,16.447804494310603,1917.5,-99857,10800.65,251.0,2.412069959638674
2014-09-11,5935,5960,5930,5935,2115,10661,5993.0,5992.0,5956.5,6017.75,-2.093017498696099,-5.276307292011368,3.183289793315269,50.0,44.642857142857146,-15.750047987161425,1984.1,-101972,10797.6,4.0,0.0375340152012793
2014-09-12,5935,5940,5905,5940,2748,11003,5972.0,5993.5,5958.75,6015.833333333333,-5.1022743866842575,-5.241500710945946,0.13922632426168846,51.85185185185185,44.642857142857146,-30.5084599336483,1883.6,-99224,10789.15,342.0,3.2079542256823856
2014-09-15,5935,5975,5920,5950,3592,11357,5957.0,5992.5,5960.75,6014.0,-6.604087909904592,-5.514018150737676,-1.0900697591669166,53.57142857142857,46.07142857142857,-12.348305641903819,2006.55,-95632,10792.15,354.0,3.217304371535046
2014-09-16,5955,5960,5845,5875,8597,13207,5930.0,5982.0,5959.0,6010.333333333333,-13.68836815846771,-7.148888152283684,-6.539480006184027,42.25352112676056,53.57142857142857,-68.11058046625378,2379.1,-104229,10881.85,1850.0,16.289513075636176
2014-09-17,5890,5895,5875,5885,1967,13324,5917.0,5966.5,5957.0,6006.75,-18.28501657932611,-9.37611383769217,-8.908902741633941,42.25352112676056,53.57142857142857,-72.0217662301733,2435.75,-102262,10988.65,117.0,0.8858938441735464
2014-09-18,5890,5890,5845,5875,4237,14063,5905.0,5949.0,5955.5,6003.25,-22.475723842626394,-11.996035838679015,-10.479688003947379,42.857142857142854,55.714285714285715,-80.25186367722418,2607.75,-106499,11125.5,739.0,5.5463824677274065
2014-09-19,5865,5880,5820,5830,3822,14910,5883.0,5927.5,5950.25,5998.5,-29.092651483758345,-15.415358967694882,-13.677292516063464,31.944444444444443,54.642857142857146,-91.91370138173798,2746.9,-110321,11314.9,847.0,6.0228969636635155
2014-09-22,5815,5880,5660,5725,5787,15077,5838.0,5897.5,5940.0,5991.916666666667,-42.32138223981565,-20.796563622119038,-21.52481861769661,21.348314606741567,67.85714285714286,-128.3587773941305,3011.95,-116108,11511.85,167.0,1.1200536552649298
2014-09-23,5725,5780,5720,5770,3328,14430,5817.0,5873.5,5932.0,5986.416666666667,-48.61373388926404,-26.35999767554804,-22.253736213716,18.604651162790702,67.14285714285714,-105.5557337357045,3144.35,-112780,11683.0,-647.0,-4.291304636200833
2014-09-24,5765,5820,5710,5770,2925,14543,5794.0,5855.5,5924.0,5981.083333333333,-52.98963636231747,-31.685925412901927,-21.303710949415542,16.666666666666657,69.64285714285714,-86.52293001347707,3274.7,-112780,11856.75,113.0,0.7830907830907785
2014-09-25,5775,5790,5725,5785,2023,14329,5776.0,5840.5,5916.25,5976.166666666667,-54.617598284368796,-36.272259987195305,-18.34533829717349,19.767441860465112,71.78571428571429,-76.38629984470764,3360.5,-110757,12021.45,-214.0,-1.4714983153407135
2014-09-26,5775,5835,5770,5835,2888,13485,5777.0,5830.0,5911.75,5972.25,-51.282040265641626,-39.274216042884575,-12.007824222757051,29.347826086956516,72.5,-48.424931698958346,3473.95,-107869,12137.0,-844.0,-5.890152836904184
2014-09-29,5845,5870,5800,5850,2784,12372,5802.0,5820.0,5906.25,5968.833333333333,-46.88771942173116,-40.7969167186539,-6.090802703077266,32.60869565217391,74.28571428571429,-32.347203983204594,3454.2,-105085,12211.2,-1113.0,-8.253615127919911
2014-09-30,5850,5850,5775,5775,1306,11917,5803.0,5810.0,5896.0,5964.166666666667,-48.893448453746714,-42.41622306567246,-6.4772253880742525,31.578947368421055,73.21428571428571,-47.09932732026766,3396.35,-106391,12292.8,-455.0,-3.6776592305205247
2014-10-01,5850,5850,5775,5775,1306,11917,5804.0,5799.0,5882.75,5959.25,-49.90769828277644,-43.914518109093265,-5.993180173683172,32.60869565217391,76.42857142857143,-42.62642626636586,3237.25,-106391,12403.05,0.0,0.0
2014-10-02,5850,5850,5775,5775,1306,11917,5802.0,5789.0,5869.0,5954.666666666667,-50.133589763836426,-45.158332440041896,-4.97525732379453,31.86813186813187,79.28571428571429,-38.88668934614978,3079.1,-106391,12489.35,0.0,0.0
2014-10-03,5850,5850,5775,5775,1306,11917,5790.0,5783.5,5855.5,5950.083333333333,-49.73924730866838,-46.074515413767195,-3.6647318949011876,30.337078651685403,80.71428571428571,-35.50903122043175,3010.3,-106391,12584.35,0.0,0.0
2014-10-08,5740,5765,5685,5705,5768,13869,5761.0,5781.5,5839.5,5944.0,-54.44750609953553,-47.74911355092087,-6.698392548614663,30.681818181818187,78.92857142857143,-77.18108395469083,3180.35,-112159,12768.05,1952.0,16.37996139968112
2014-10-09,5730,5750,5710,5725,3197,14040,5751.0,5777.0,5825.25,5937.916666666667,-55.92038684908039,-49.383368210552774,-6.537018638527613,32.22222222222223,80.71428571428571,-67.35188236776335,3263.45,-108962,12949.75,171.0,1.2329656067488592
2014-10-10,5690,5700,5600,5640,9907,16400,5724.0,5764.0,5809.75,5931.083333333333,-63.21771066312158,-52.15023670106654,-11.06747396205504,27.61904761904762,86.42857142857143,-105.99301847596863,3545.45,-118869,13236.9,2360.0,16.80911680911681
2014-10-13,5645,5720,5605,5685,4103,15449,5706.0,5754.0,5797.25,5925.25,-64.62481381471389,-54.64515212379601,-9.97966169091788,36.19047619047618,90.35714285714286,-82.3024532660435,3644.85,-114766,13476.3,-951.0,-5.798780487804878
2014-10-14,5680,5735,5680,5725,4289,14488,5696.0,5743.0,5786.5,5920.666666666667,-61.79989675325851,-56.07610104968852,-5.723795703569991,50.0,78.57142857142857,-50.726289327471896,3721.9,-110477,13650.55,-961.0,-6.220467344164671
2014-10-15,5695,5720,5665,5695,3329,14824,5694.0,5727.5,5773.75,5915.5,-61.27553271076977,-57.11598738190477,-4.1595453288649935,41.573033707865164,78.57142857142857,-60.82270333506556,3708.75,-113806,13823.9,336.0,2.319160684704591
2014-10-16,5670,5690,5640,5665,3259,14994,5682.0,5716.5,5763.25,5909.5,-62.559571905848316,-58.204704286693485,-4.354867619154831,38.94736842105262,74.64285714285714,-74.25264665854198,3441.85,-117065,13913.25,170.0,1.1467889908256979
2014-10-17,5690,5795,5685,5780,11039,13319,5710.0,5717.0,5758.0,5905.0,-53.678866752067734,-57.29953677976834,3.620670027700605,49.56521739130435,79.28571428571429,-5.334406561687388,3895.45,-106026,13913.0,-1675.0,-11.171135120714947
2014-10-20,5770,5830,5680,5740,11292,16693,5721.0,5713.5,5751.25,5900.583333333333,-49.30020753754525,-55.69967093132372,6.3994633937784755,41.592920353982294,85.35714285714286,-3.516244895374629,4248.2,-117318,14044.5,3374.0,25.332232149560774
2014-10-21,5760,5760,5590,5605,17993,24783,5697.0,5696.5,5740.0,5893.666666666667,-56.07703912118086,-55.77514456929516,-0.30189455188570236,32.11678832116789,92.5,-81.1020611132121,4956.75,-135311,14538.15,8090.0,48.46342778410111
2014-10-22,5625,5630,5505,5540,18191,33301,5666.0,5680.0,5730.75,5885.333333333333,-65.9326531639581,-57.80664628822775,-8.12600687573034,32.592592592592595,96.07142857142857,-124.82161423576855,5576.95,-153502,15449.35,8518.0,34.3703345034903
2014-10-23,5510,5705,5350,5695,146483,55788,5672.0,5677.0,5727.0,5879.5,-60.53824646625981,-58.35296632383417,-2.18528014242564,45.18072289156626,116.07142857142857,-91.40134075176503,12734.7,-7019,17517.25,22487.0,67.52650070568451
2014-10-24,5695,5695,5630,5695,58689,42331,5655.0,5682.5,5723.25,5873.333333333333,-55.621964905771165,-57.806766040221575,2.18480113445041,45.18072289156626,115.35714285714286,-30.627917310203404,15522.9,-7019,18906.65,-13457.0,-24.12167491216749
2014-10-27,5700,5800,5695,5735,46977,25526,5654.0,5687.5,5720.75,5867.666666666667,-47.94542562156039,-55.83449795648934,7.889072334928954,47.701149425287355,117.5,14.964672361248446,17770.6,39958,19466.5,-16805.0,-39.69903852968274
2014-10-28,5725,5760,5705,5740,14400,21637,5681.0,5689.0,5716.0,5862.25,-40.98579597585103,-52.86475756036169,11.878961584510655,52.17391304347826,115.0,12.614511870005995,18346.2,54358,19874.1,-3889.0,-15.235446211705717
2014-10-29,5750,5795,5735,5795,10921,16598,5732.0,5699.0,5713.25,5857.75,-30.678555700997094,-48.42751718848877,17.748961487491677,54.166666666666664,116.07142857142857,44.18093286127261,18753.05,65279,20085.4,-5039.0,-23.288810833294814
2014-10-30,5805,5850,5740,5770,10239,14530,5747.0,5709.5,5713.0,5852.666666666667,-24.247771375102275,-43.59156802581147,19.343796650709194,58.33333333333333,115.0,53.57639527587582,19199.7,55040,20216.05,-2068.0,-12.45933244969274
2014-10-31,5785,5785,5685,5735,8708,13898,5755.0,5705.0,5711.0,5846.75,-21.72510250011328,-39.21827492067183,17.49317242055855,53.246753246753244,113.92857142857143,19.522875717197973,19569.8,46332,20315.1,-632.0,-4.349621472814869
2014-11-03,5765,5785,5685,5725,4209,13954,5753.0,5703.5,5708.5,5842.083333333333,-20.298793808880873,-35.434378698313644,15.13558488943277,50.0,117.14285714285714,20.58739717355077,19714.95,42123,20416.95,56.0,0.40293567419773524
2014-11-04,5695,5745,5655,5730,5292,13538,5751.0,5716.0,5706.25,5837.916666666667,-18.55112980510785,-32.057728919672485,13.506599114564636,52.44755244755245,119.28571428571429,7.5108157786068,19914.25,47415,20498.0,-416.0,-2.9812240217858665
2014-11-05,5710,5735,5660,5720,7669,13497,5736.0,5734.0,5707.0,5833.833333333333,-17.768189291552517,-29.199820994048494,11.431631702495977,53.9568345323741,120.71428571428571,3.8691212014786904,20009.3,39746,20479.4,-41.0,-0.3028512335647826
2014-11-06,5735,5770,5725,5770,5683,13168,5736.0,5741.5,5709.25,5830.583333333333,-12.963683883022895,-25.952593571843376,12.988909688820481,49.20634920634921,115.0,44.23960839395129,20133.6,45429,20435.8,-329.0,-2.4375787211972977
2014-11-07,5760,5800,5760,5790,2849,12947,5747.0,5751.0,5716.75,5827.916666666667,-7.456294359154526,-22.253333729305606,14.79703937015108,54.09836065573771,107.14285714285714,60.923307044823474,19780.7,48278,20263.15,-221.0,-1.6783110571081394
2014-11-10,5785,5820,5765,5810,2112,12826,5764.0,5758.5,5723.0,5825.583333333333,-1.4609744261051674,-18.094861868665518,16.63388744256035,70.7070707070707,98.92857142857143,65.3455946930449,19681.15,50390,20132.0,-121.0,-0.9345794392523366
2014-11-11,5595,5605,5570,5580,1177,15024,5734.0,5742.5,5715.75,5820.333333333333,-15.09471551074057,-17.49483259708053,2.400117086339961,53.03030303030303,107.14285714285714,-88.16792480624285,19525.55,49213,20158.8,2198.0,17.137065336036184
2014-11-12,5570,5600,5570,5590,858,15089,5708.0,5722.0,5710.5,5815.0,-24.806681141029912,-18.95720230587041,-5.849478835159502,39.80582524271844,83.92857142857143,-77.53708979324789,19402.0,50071,20172.05,65.0,0.43264110756122687
2014-11-13,5575,5620,5575,5615,2206,15384,5677.0,5706.5,5708.0,5810.083333333333,-30.138771807028206,-21.193516206101968,-8.945255600926238,42.59259259259259,82.5,-62.040426096918054,19349.35,52277,20191.55,295.0,1.9550666048114618
2014-11-14,5575,5635,5575,5610,2872,15759,5641.0,5694.0,5699.5,5804.833333333333,-34.3717343310218,-23.829159831085935,-10.542574499935863,37.62376237623763,79.28571428571429,-54.08682427768817,18941.0,49405,20313.55,375.0,2.4375975039001574
2014-11-17,5635,5640,5610,5615,2165,16014,5602.0,5683.0,5693.25,5800.0,-36.897596885933126,-26.442847242055375,-10.45474964387775,37.62376237623763,77.5,-40.4805187658229,18484.65,51570,20279.6,255.0,1.6181229773462702
2014-11-18,5620,5620,5550,5580,2517,16262,5602.0,5668.0,5692.0,5794.083333333333,-41.248086387519834,-29.40389507114827,-11.844191316371564,27.835051546391753,78.21428571428571,-60.08069498023871,17710.85,49053,19853.55,248.0,1.548644935681276
2014-11-19,5565,5630,5565,5585,2461,16149,5601.0,5654.5,5694.25,5788.333333333333,-43.787665496881345,-32.280649156294885,-11.50701634058646,30.107526881720432,75.0,-56.77436485355643,16924.35,51514,18995.95,-113.0,-0.6948714795228184
2014-11-20,5595,5605,5570,5580,1642,16603,5594.0,5635.5,5688.5,5782.5,-45.67721989314123,-34.95996330366415,-10.717256589477074,32.18390804597702,70.35714285714286,-62.086146596341244,9682.3,49872,17036.7,454.0,2.811319586352101
2014-11-21,5585,5590,5535,5555,2906,17634,5583.0,5612.0,5681.5,5776.25,-48.63140388003285,-37.694251418937895,-10.937152461094954,31.111111111111114,67.14285714285714,-70.00884781826745,6893.15,46966,15801.85,1031.0,6.20972113473468
2014-11-24,5575,5605,5555,5590,3194,17418,5578.0,5590.0,5674.25,5770.416666666667,-47.599708668850326,-39.67534286892038,-7.924365799929944,35.41666666666667,64.28571428571429,-50.905364232709836,4704.0,50160,15396.45,-216.0,-1.2249064307587654
2014-11-25,5575,5590,5540,5565,3900,18472,5575.0,5588.5,5665.5,5764.416666666667,-48.243255626824975,-41.3889254205013,-6.854330206323674,34.34343434343434,62.5,-55.487270569569006,4179.0,46260,15238.2,1054.0,6.051211390515565
2014-11-26,5560,5580,5555,5575,1616,18277,5573.0,5587.0,5654.5,5758.0,-47.39995759530302,-42.59113185546165,-4.8088257398413745,28.57142857142857,60.714285714285715,-47.83055892487832,3713.75,47876,15322.15,-195.0,-1.0556517973148494
2014-11-27,5560,5590,5560,5580,2439,18120,5573.0,5583.5,5645.0,5751.333333333333,-45.80022315356655,-43.23295011508263,-2.5672730384839184,26.13636363636364,60.0,-39.97722925860437,3323.75,50315,15501.65,-157.0,-0.8590031186737401
2014-11-28,5535,5565,5505,5545,5273,18405,5571.0,5577.0,5635.5,5743.083333333333,-46.81695288549963,-43.949750669166036,-2.8672022163335953,20.879120879120876,61.42857142857143,-57.40881426253467,3152.0,45042,15727.0,285.0,1.572847682119205
2014-12-01,5500,5500,5390,5410,11268,21074,5535.0,5556.5,5619.75,5732.416666666667,-57.849240249430295,-46.72964858521889,-11.119591664211406,26.3888888888889,55.357142857142854,-102.83156358372405,3504.95,33774,16083.0,2669.0,14.501494159195861
2014-12-02,5485,5620,5480,5520,8675,19080,5526.0,5550.5,5609.25,5723.666666666667,-57.05859085935208,-48.795437040045535,-8.263153819306545,42.391304347826086,68.21428571428571,-38.940882536146646,3674.1,42449,16360.1,-1994.0,-9.46189617538199
2014-12-03,5485,5535,5480,5495,3809,18967,5510.0,5541.5,5598.0,5714.833333333333,-57.78319785163603,-50.59298920236364,-7.1902086492723924,36.95652173913044,68.92857142857143,-54.05629141499916,3481.1,38640,16633.6,-113.0,-0.5922431865828082
2014-12-04,5490,5530,5480,5530,2082,18756,5500.0,5536.5,5586.0,5706.833333333333,-54.900389109389835,-51.454469183768886,-3.4459199256209487,41.83673469387755,68.21428571428571,-44.68302865066106,3301.05,40722,16913.0,-211.0,-1.1124584805187965
2014-12-05,5525,5555,5510,5550,1888,18271,5501.0,5536.0,5574.0,5700.166666666667,-50.42069121606892,-51.2477135902289,0.8270223741599807,43.56435643564356,69.28571428571429,-26.397302191134894,3253.0,42610,17179.2,-485.0,-2.585839198123263
2014-12-08,5540,5555,5500,5500,2510,18361,5519.0,5527.0,5558.5,5692.916666666667,-50.32496561627704,-51.06316399543853,0.7381983791614886,42.30769230769231,68.21428571428571,-47.53877356615966,3272.9,40100,17455.95,90.0,0.4925838760877932
2014-12-09,5475,5475,5385,5430,8886,19210,5501.0,5513.5,5551.0,5684.416666666667,-55.2605086293579,-51.90263292222241,-3.3578757071354914,36.75213675213676,71.78571428571429,-116.98901633486966,3658.35,31214,17665.25,849.0,4.623931158433647
2014-12-10,5450,5495,5430,5445,2713,18599,5491.0,5500.5,5543.75,5676.0,-57.30105647573964,-52.982317632925856,-4.3187388428137865,38.65546218487395,73.92857142857143,-79.98490303309502,3751.1,33927,17840.75,-611.0,-3.180635085892769
2014-12-11,5415,5445,5405,5445,2326,19126,5474.0,5487.0,5535.25,5668.833333333333,-58.24677280580181,-54.03520866750105,-4.2115641383007585,40.35087719298245,72.85714285714286,-88.6686931688981,3757.1,33927,18027.85,527.0,2.8334856712726397
2014-12-12,5405,5460,5405,5445,1717,19018,5453.0,5477.0,5527.0,5661.5,-58.32393776176741,-54.89295448635433,-3.430983275413084,36.44859813084113,73.21428571428571,-75.20381896168608,3699.35,33927,18190.8,-108.0,-0.5646763567918045
2014-12-15,5470,5480,5420,5470,3089,18780,5447.0,5483.0,5519.75,5654.75,-55.725432382404506,-55.05945006556436,-0.6659823168401431,41.1214953271028,73.92857142857143,-53.99657536703716,3745.55,37016,18329.1,-238.0,-1.2514459985277115
2014-12-16,5450,5465,5420,5465,1913,18809,5454.0,5477.5,5514.0,5648.666666666667,-53.45337908082547,-54.73823586861659,1.2848567877911208,39.62264150943396,75.71428571428571,-53.92479166331035,3715.35,35103,18456.45,29.0,0.15441959531417027
2014-12-17,5445,5475,5425,5450,4229,18665,5455.0,5473.0,5507.25,5644.083333333333,-52.26070621969211,-54.242729938831694,1.9820237191395833,37.96296296296296,77.14285714285714,-49.083885473916695,3803.75,30874,18582.25,-144.0,-0.7655909405071992
2014-12-18,5460,5480,5440,5455,2641,18703,5457.0,5465.5,5501.0,5638.833333333333,-50.331851912881575,-53.460554333641674,3.1287024207600993,41.1764705882353,74.64285714285714,-37.79537514754939,3853.7,33515,18687.25,38.0,0.203589606214849
2014-12-19,5435,5455,5270,5335,15447,22674,5435.0,5444.0,5490.0,5631.583333333333,-57.819708488311335,-54.332385164575605,-3.4873233237357297,42.42424242424243,76.78571428571429,-108.81888867748155,4480.75,18068,18939.25,3971.0,21.23188793241726
2014-12-22,5340,5455,5270,5360,6511,22561,5413.0,5430.0,5478.5,5624.5,-61.03304673415187,-55.67251747849086,-5.360529255661007,30.487804878048777,75.0,-90.20517300650974,4646.6,24579,19196.4,-113.0,-0.4983681750022062
2014-12-23,5320,5375,5290,5315,5628,22736,5383.0,5418.5,5466.0,5615.833333333333,-66.44482972751211,-57.82697992829512,-8.617849799216998,29.069767441860463,77.14285714285714,-100.14789827857214,4733.0,18951,19409.6,175.0,0.7756748371082756
2014-12-24,5335,5365,5320,5345,3542,22418,5362.0,5408.5,5454.5,5607.416666666667,-67.53446221829199,-59.768476386294495,-7.765985831997497,28.235294117647058,77.14285714285714,-79.26609858742245,4829.3,22493,19616.65,-318.0,-1.3986629134412398
2014-12-25,5350,5365,5305,5315,3201,23020,5334.0,5395.5,5441.25,5599.75,-70.01170177980657,-61.817121464996916,-8.194580314809656,22.98850574712644,78.21428571428571,-81.6981981180835,4867.4,19292,19861.65,602.0,2.6853421357837526
2014-12-26,5315,5350,5310,5335,2846,23002,5334.0,5384.5,5430.75,5592.416666666667,-69.55926323934273,-63.365549819866075,-6.193713419476651,29.629629629629633,77.14285714285714,-71.4885255440405,4746.05,22138,20091.5,-18.0,-0.07819287576020795
2014-12-29,5330,5395,5330,5395,2730,22205,5341.0,5377.0,5430.0,5586.083333333333,-63.625765656479416,-63.41759298718875,-0.20817266929066847,45.56962025316456,73.57142857142857,-39.31206381992117,4319.15,24868,20148.05,-797.0,-3.464916094252679
2014-12-30,5415,5565,5395,5485,10984,18747,5375.0,5379.0,5428.25,5581.25,-51.07244685900514,-60.94856376155203,9.87611690254689,54.255319148936174,81.07142857142857,39.72708437245886,4434.6,35852,20131.4,-3458.0,-15.573069128574646
2014-12-31,5500,5500,5410,5445,3845,17811,5395.0,5378.5,5425.75,5576.916666666667,-43.84608658338948,-57.52806832591952,13.681981742530041,50.0,84.64285714285714,20.358845686092852,4436.4,32007,20073.6,-936.0,-4.992798847815649
2015-01-01,5500,5500,5445,5445,3845,17811,5421.0,5377.5,5421.5,5572.25,-37.68473780239765,-53.55940222121515,15.874664418817503,50.0,84.64285714285714,32.281275847946596,4524.55,32007,20026.35,0.0,0.0
2015-01-02,5500,5500,5410,5445,3845,17811,5443.0,5388.5,5416.25,5569.0,-32.428014537490526,-49.33312468447023,16.905110146979702,47.42268041237113,86.78571428571429,29.095471176800416,4622.4,32007,20003.35,0.0,0.0
2015-01-05,5445,5445,5370,5385,3026,17995,5441.0,5391.0,5410.5,5564.0,-32.726273922107794,-46.011754531997745,13.285480609889952,42.59259259259259,88.57142857142857,-11.093807020156726,4648.2,28981,19985.05,184.0,1.033069451462576
2015-01-06,5350,5405,5345,5400,2586,17951,5424.0,5399.5,5409.0,5558.583333333333,-31.390422740003487,-43.0874881735989,11.697065433595412,45.370370370370374,89.28571428571429,-24.44708161091522,4333.2,31567,19922.1,-44.0,-0.24451236454571257
2015-01-07,5380,5395,5330,5335,3619,18055,5402.0,5398.5,5403.5,5552.583333333333,-35.1712752584117,-41.50424559056147,6.33297033214977,39.99999999999999,91.42857142857143,-47.47597300384302,4378.5,27948,19894.9,104.0,0.5793549105899354
2015-01-08,5350,5375,5310,5320,2885,18813,5377.0,5399.0,5397.25,5546.833333333333,-38.92925059040226,-40.98924659052963,2.05999600012737,48.48484848484848,82.85714285714286,-58.16709495020875,4406.45,25063,19879.25,758.0,4.198283024093041
2015-01-09,5305,5325,5160,5185,11573,21614,5325.0,5384.0,5384.25,5536.916666666667,-52.199125843781076,-43.23122244117992,-8.967903402601152,35.53719008264463,81.42857142857143,-123.15213284538845,4899.25,13490,20009.05,2801.0,14.888640833466216
2015-01-12,5170,5200,5125,5135,4931,22710,5275.0,5358.0,5367.5,5526.833333333333,-65.98949391017413,-47.782876734978764,-18.20661717519537,35.24590163934427,80.71428571428571,-132.1510436289671,4991.35,8559,20205.55,1096.0,5.07078745257703
2015-01-13,5110,5120,5030,5070,8915,23797,5209.0,5316.5,5347.75,5517.916666666667,-81.22708149597838,-54.471717687178696,-26.755363808799686,28.68217054263566,84.64285714285714,-134.09670666938675,5341.45,-356,20454.95,1087.0,4.786437692646417
2015-01-14,5090,5120,5025,5050,10899,25153,5152.0,5277.0,5327.75,5509.75,-93.83513921709527,-62.34440199316201,-31.490737223933266,29.133858267716533,87.14285714285714,-112.07791102854229,5674.95,-11255,20779.35,1356.0,5.698197251754422
2015-01-15,5100,5110,5030,5035,10237,26962,5095.0,5236.0,5306.75,5498.75,-103.84048199897188,-70.64361799432399,-33.19686400464789,26.190476190476204,90.0,-97.50194359024147,6054.75,-21492,21192.3,1809.0,7.191985051484906
2015-01-16,4995,5070,4915,5020,15383,26080,5062.0,5193.5,5291.0,5487.5,-111.69263965430036,-78.85342232631928,-32.83921732798109,17.948717948717942,96.42857142857143,-99.46745726034446,6051.55,-36875,21362.6,-882.0,-3.2712706772494604
2015-01-19,5065,5090,5005,5020,5144,25424,5039.0,5157.0,5274.0,5475.583333333333,-116.57176443093431,-86.39709074724229,-30.17467368369202,3.030303030303031,90.35714285714286,-76.62024906025826,5983.2,-36875,21505.75,-656.0,-2.51533742331288
2015-01-20,5005,5045,4955,4955,6213,26074,5016.0,5112.5,5256.0,5462.5,-124.25117256726026,-93.96790711124588,-30.283265456014377,2.884615384615387,90.35714285714286,-81.47461071655677,6012.45,-43088,21672.65,650.0,2.5566393958464495
2015-01-21,4935,5010,4925,4955,8332,25779,4997.0,5074.5,5236.5,5448.5,-128.85183509495528,-100.94469270798776,-27.90714238696752,2.884615384615387,92.5,-77.09234805055983,6251.95,-43088,21840.7,-295.0,-1.131395259645629
2015-01-22,4980,5005,4970,4980,4365,25946,4986.0,5040.5,5219.75,5435.333333333333,-128.99364379790586,-106.55448292597137,-22.43916087193449,7.339449541284409,89.64285714285714,-63.783868002498586,6310.15,-38723,21987.0,167.0,0.647814112261913
2015-01-23,4975,5020,4955,5010,5583,25513,4984.0,5023.0,5203.5,5423.25,-125.24157205465872,-110.29190075170885,-14.949671302949866,13.592233009708735,88.92857142857143,-55.25180095427187,6447.0,-33140,22112.55,-433.0,-1.6688506898943967
2015-01-26,4990,5000,4930,4940,6902,26744,4968.0,5003.5,5180.75,5410.166666666667,-126.4587059076166,-113.52526178289041,-12.933444124726194,9.649122807017534,90.35714285714286,-58.513230404029116,6655.6,-40042,22339.5,1231.0,4.824991180966576
2015-01-27,4920,4955,4915,4940,2807,26903,4965.0,4990.5,5153.5,5397.0,-125.97117595300915,-116.01444461691416,-9.95673133609499,10.89108910891089,88.21428571428571,-58.04220376096821,6246.75,-40042,22747.3,159.0,0.5945258749626037
2015-01-28,4940,4965,4935,4945,3677,26343,4963.0,4980.0,5128.5,5384.083333333333,-123.75477868426606,-117.56251143038455,-6.192267253881511,12.121212121212125,85.71428571428571,-50.3607999883132,6238.35,-36365,23173.9,-560.0,-2.0815522432442446
2015-01-29,4935,4975,4925,4970,3380,26028,4961.0,4973.5,5104.75,5370.75,-118.6136722351448,-117.77274359133659,-0.840928643808212,22.077922077922068,77.5,-44.33007431251411,6215.1,-32985,23584.75,-315.0,-1.1957635804578093
2015-01-30,4980,4980,4925,4940,2894,25420,4947.0,4965.5,5079.5,5356.583333333333,-115.62717946463545,-117.34363076599637,1.7164513013609195,23.28767123287672,76.07142857142857,-43.40001510622835,6167.55,-35879,23965.2,-608.0,-2.33594590441063
2015-02-02,4975,5065,4970,5000,6443,23261,4959.0,4963.5,5060.25,5343.083333333333,-107.18332126022324,-115.31156886484175,8.128247604618508,40.27777777777777,77.5,-19.79077616769656,6338.4,-29436,24228.5,-2159.0,-8.493312352478366
2015-02-03,5020,5145,5000,5140,9404,21594,4999.0,4982.0,5047.25,5335.75,-88.17820931932874,-109.88489695573915,21.706687636410408,59.375,81.07142857142857,16.51607917140841,6679.3,-20032,24410.65,-1667.0,-7.166501870082975
2015-02-04,5170,5245,5110,5125,9011,20192,5035.0,4999.0,5036.75,5328.0,-73.47986566968939,-102.60389069852921,29.124025028839824,59.375,85.0,54.908623550366976,6948.9,-29043,24517.5,-1402.0,-6.492544225247753
2015-02-05,5080,5135,5075,5110,3042,20047,5063.0,5012.0,5026.25,5319.583333333333,-62.32327317302315,-94.547767193428,32.22449402040485,59.375,78.21428571428571,44.994072896664896,6956.75,-32085,24579.2,-145.0,-0.7181061806656119
2015-02-06,5155,5185,5120,5175,5083,18356,5110.0,5028.5,5025.75,5312.333333333333,-47.68693120927492,-85.1755999965974,37.48866878732248,64.22018348623854,77.5,86.77190899636471,6632.25,-27002,24416.3,-1691.0,-8.435177333266818
2015-02-09,5190,5195,5145,5150,1325,18522,5140.0,5049.5,5026.5,5304.583333333333,-37.67057290480989,-75.6745945782399,38.00402167343002,69.3069306930693,74.64285714285714,87.61620441352025,6451.95,-28327,24206.9,166.0,0.9043364567443923
2015-02-10,5150,5170,5115,5130,1720,18369,5138.0,5068.5,5029.5,5297.083333333333,-30.98914605196842,-66.73750487298561,35.74835882101719,66.66666666666666,72.5,66.15277055668801,6092.2,-30047,23935.5,-153.0,-0.8260447035957186
2015-02-11,5105,5170,5100,5165,1498,18080,5146.0,5090.5,5035.25,5290.083333333333,-22.609234460118387,-57.91185079041217,35.30261633029378,67.28971962616822,73.92857142857143,64.87928181013774,5622.15,-28549,23581.85,-289.0,-1.573302847188196
2015-02-12,5165,5175,5140,5175,1283,17853,5159.0,5111.0,5042.25,5283.333333333333,-14.988400768952488,-49.32716078612023,34.33876001716774,66.01941747572815,71.78571428571429,68.96443360089528,5174.45,-27266,23126.4,-227.0,-1.2555309734513243
2015-02-13,5205,5250,5185,5235,4347,16794,5171.0,5140.5,5053.0,5278.0,-4.060529349731951,-40.27383449884258,36.21330514911063,79.20792079207921,71.42857142857143,88.67589234483988,4622.65,-22919,22662.1,-1059.0,-5.931776172071923
2015-02-16,5225,5280,5215,5245,1985,16449,5190.0,5165.0,5064.25,5272.25,5.345187908628759,-31.150030017348314,36.49521792597707,79.6116504854369,73.21428571428571,87.11117995763708,4464.7,-20934,22213.35,-345.0,-2.0543051089674913
2015-02-17,5240,5255,5195,5230,2085,16055,5210.0,5174.0,5078.0,5266.666666666667,11.456844587872183,-22.628655096304215,34.0854996841764,77.14285714285714,75.35714285714286,68.9952034221159,4258.3,-23019,21712.4,-394.0,-2.3952823879871077
2015-02-25,5150,5195,5125,5155,1118,15889,5208.0,5177.0,5088.0,5259.666666666667,10.131711278585499,-16.076581821326272,26.20829309991177,66.08695652173913,79.28571428571429,33.72504161350861,3897.6,-24137,21217.9,-166.0,-1.033945811273751
2015-02-26,5185,5215,5165,5205,2653,16097,5214.0,5186.5,5099.25,5253.416666666667,12.966644312294193,-10.26793659460218,23.234580906896372,72.26890756302521,79.64285714285714,46.034299430667005,3812.0,-21484,20725.45,208.0,1.309081754673036
2015-02-27,5195,5205,5150,5200,2963,15433,5207.0,5189.0,5108.75,5247.666666666667,14.64111726677038,-5.286125822327668,19.92724308909805,68.51851851851852,74.64285714285714,37.27607253212077,3681.0,-24447,20221.45,-664.0,-4.124992234577873
2015-03-02,5220,5345,5210,5330,5657,14903,5224.0,5207.0,5128.25,5246.333333333333,26.156546307835015,1.0024086037048683,25.154137704130147,67.9245283018868,74.64285714285714,79.93003969657893,3618.75,-18790,19629.4,-530.0,-3.434199442752539
2015-03-03,5345,5370,5295,5360,4314,14475,5250.0,5230.0,5149.25,5243.666666666667,37.27368819120056,8.256664521204007,29.017023669996554,71.55963302752293,70.35714285714286,91.23446819152971,3694.1,-14476,19008.0,-428.0,-2.8719049855733703
2015-03-04,5360,5385,5315,5360,3081,14288,5291.0,5249.5,5170.0,5241.416666666667,45.558928262883455,15.717117269539896,29.841810993343557,73.58490566037736,71.07142857142857,87.71444942212631,3664.3,-14476,18405.25,-187.0,-1.291882556131263
2015-03-05,5350,5370,5280,5345,6368,14864,5319.0,5266.5,5188.75,5238.333333333333,50.33444195707489,22.640582207046897,27.69385975002799,67.70833333333334,72.14285714285714,72.65630557970894,3813.7,-20844,17847.05,576.0,4.031354983202684
2015-03-06,5345,5350,5315,5325,2794,15173,5344.0,5275.5,5208.0,5234.583333333333,51.9068878205353,28.493843329744582,23.41304449079072,68.42105263157895,71.07142857142857,69.98456707196073,3808.7,-23638,17334.7,309.0,2.0788482238966566
2015-03-09,5280,5320,5250,5300,4709,15445,5338.0,5281.0,5223.0,5231.25,50.55302759594724,32.905680182985115,17.647347412962127,67.70833333333334,72.5,45.42355690892656,3722.0,-28347,16943.9,272.0,1.7926580109404844
2015-03-10,5300,5335,5265,5285,2507,15744,5323.0,5286.5,5230.25,5228.833333333333,47.71962682060348,35.86846951050879,11.851157310094692,63.04347826086957,72.5,44.16788905220109,3377.15,-30854,16651.4,299.0,1.9359015862738804
2015-03-11,5270,5305,5190,5205,5257,15588,5292.0,5291.5,5234.25,5224.833333333333,38.574146135412775,36.40960483548959,2.1645412999231866,52.83018867924528,78.21428571428571,2.750511827384431,3189.45,-36111,16421.2,-156.0,-0.9908536585365835
2015-03-12,5205,5250,5200,5235,3006,15385,5270.0,5294.5,5240.5,5221.333333333333,33.36245447453257,35.80017476329819,-2.437720288765618,50.0,76.42857142857143,-4.765082351486149,3187.65,-33105,16188.1,-203.0,-1.3022838080574806
2015-03-13,5215,5265,5215,5250,2330,14911,5255.0,5299.5,5244.25,5218.083333333333,30.09560255248016,34.65926032113458,-4.563657768654423,50.495049504950494,75.35714285714286,2.878051098345632,3050.0,-30775,16015.85,-474.0,-3.080922976925582
2015-03-16,5220,5265,5200,5260,3309,14533,5247.0,5292.5,5249.75,5214.583333333333,27.99085415141417,33.3255790871905,-5.334724935776329,53.0,75.71428571428571,-1.178942041811076,3149.2,-27466,15816.4,-378.0,-2.535041244718661
2015-03-17,5260,5310,5255,5310,3468,13509,5252.0,5287.5,5258.75,5212.0,30.011454644579317,32.66275419866826,-2.6512995540889435,66.31578947368422,72.14285714285714,32.2505249743411,3236.6,-23998,15573.4,-1024.0,-7.046033165898303
2015-03-18,5305,5350,5295,5335,5104,12237,5278.0,5285.0,5267.25,5210.083333333333,33.246837314214645,32.77957082177754,0.46726649243710483,64.44444444444444,71.78571428571429,55.43188124548174,3416.9,-18894,15281.25,-1272.0,-9.415944925605157
2015-03-19,5360,5380,5345,5375,4641,10808,5306.0,5288.0,5277.25,5208.75,38.59368314012136,33.94239328544631,4.651289854675049,68.04123711340206,71.07142857142857,80.25744396249804,3584.8,-14253,14929.0,-1429.0,-11.677698782381308
2015-03-20,5375,5520,5375,5465,7662,10581,5349.0,5302.0,5288.75,5210.916666666667,49.52248048930505,37.05841072621806,12.464069763086997,65.1685393258427,71.07142857142857,119.89207071383754,3750.55,-6591,14618.35,-227.0,-2.1002960769800127
2015-03-23,5500,5630,5475,5605,7388,10982,5418.0,5332.5,5306.75,5215.0,68.6886609709818,43.38446077517081,25.304200195810992,72.07207207207207,77.5,142.17500091877812,4020.7,797,14345.0,401.0,3.789811927039022
2015-03-24,5645,5645,5555,5580,4563,10679,5472.0,5362.0,5324.25,5219.416666666667,80.92782048259687,50.89313271665603,30.034687765940845,68.9655172413793,78.92857142857143,120.91078194702953,4144.6,-3766,14076.2,-303.0,-2.759060280458936
2015-03-25,5570,5580,5525,5555,2266,10512,5516.0,5397.0,5344.25,5222.916666666667,87.60034921126862,58.23457601557855,29.365773195690075,67.79661016949153,76.42857142857143,90.66719654889796,4202.0,-6032,13807.35,-167.0,-1.5638168367824723
2015-03-26,5590,5675,5580,5645,6414,10327,5570.0,5438.0,5366.25,5228.416666666667,99.0093064863122,66.38952210972528,32.61978437658692,74.24242424242425,82.5,104.18745867892922,4390.05,382,13518.85,-185.0,-1.7598934550989376
2015-03-27,5625,5645,5525,5560,5076,8984,5589.0,5469.0,5384.25,5232.166666666667,100.03901026036147,73.11941973985252,26.919590520508947,68.05555555555556,85.71428571428571,74.20459272303424,4495.7,-4694,13196.4,-1343.0,-13.004744843613825
2015-03-30,5585,5680,5550,5675,4155,10642,5603.0,5510.5,5401.5,5236.833333333333,108.87950170429849,80.27143613274171,28.60806557155678,73.78048780487805,90.0,83.2965219507064,4420.6,-539,12983.35,1658.0,18.455031166518253
2015-03-31,5685,5790,5670,5755,9332,12028,5638.0,5555.0,5421.25,5241.333333333333,120.94678700420081,88.40650630703354,32.540280697167276,83.53658536585365,90.35714285714286,99.50382187075313,4671.5,8793,12861.0,1386.0,13.023867694042469
2015-04-01,5740,5775,5700,5760,7029,11908,5679.0,5597.5,5441.25,5246.583333333333,129.42176224481682,96.6095574945902,32.81220475022661,83.01886792452831,92.14285714285714,87.41370027438866,4868.9,15822,12742.0,-120.0,-0.9976720984369858
2015-04-02,5840,5840,5775,5810,4837,12196,5712.0,5641.0,5464.5,5252.666666666667,138.57541222256623,105.00272844018541,33.57268378238082,83.73493975903614,94.28571428571429,90.04726249637659,4792.35,20659,12608.6,288.0,2.418542156533432
2015-04-03,5805,5805,5605,5715,11186,12432,5743.0,5666.0,5484.0,5257.166666666667,136.58952075530397,111.32008690320913,25.269433852094835,74.86338797814207,104.28571428571429,57.94799025587898,5211.95,9473,12471.55,236.0,1.9350606756313615
2015-04-06,5805,5805,5715,5715,11186,12432,5751.0,5677.0,5504.75,5262.666666666667,133.47704714699012,115.75147895196534,17.725568195024778,73.41040462427746,106.78571428571429,60.36899136681848,5535.8,9473,12320.9,0.0,0.0
2015-04-07,5765,5885,5715,5855,8637,12383,5771.0,5704.5,5533.25,5270.25,140.68548466586617,120.73828009474552,19.94720457112065,76.53061224489795,115.0,69.9302283709833,5842.3,18110,12152.85,-49.0,-0.39414414414414845
2015-04-08,5895,5905,5800,5800,9397,13550,5779.0,5729.0,5563.0,5278.0,140.34240312463407,124.65910470072325,15.683298423910827,71.35678391959799,119.28571428571429,67.03566835125852,6049.3,8713,12050.95,1167.0,9.424210611321971
2015-04-09,5775,5790,5680,5700,10210,13944,5757.0,5734.5,5586.25,5284.333333333333,130.49705544276094,125.82669484913079,4.67036059363015,61.691542288557216,117.5,36.37648052429327,6409.5,-1497,11978.9,394.0,2.9077490774907844
2015-04-10,5700,5710,5635,5700,9213,14182,5754.0,5748.5,5608.75,5292.916666666667,121.2963180231427,124.92061948393318,-3.624301460790477,55.49132947976879,111.07142857142857,21.961579149012515,6753.65,-1497,11942.45,238.0,1.7068273092369468
2015-04-13,5710,5745,5615,5635,8383,14683,5738.0,5744.5,5627.5,5301.25,107.52028365708156,121.44055231856287,-13.920268661481302,53.03867403314917,113.92857142857143,12.99883995872727,7007.35,-9880,11949.95,501.0,3.5326470173459246
2015-04-14,5650,5655,5520,5560,12688,15446,5679.0,5725.0,5640.0,5309.416666666667,89.51888597817651,115.0562190504856,-25.53733307230908,50.26178010471203,119.64285714285714,-21.175856279383474,7468.35,-22568,12046.8,763.0,5.196485731798672
2015-04-15,5580,5600,5535,5565,5180,16146,5632.0,5705.5,5651.5,5318.0,74.79392898213337,107.00376103681515,-32.20983205468178,45.40229885057471,115.71428571428571,-34.25914773821382,7472.15,-17388,12242.25,700.0,4.531917648582162
2015-04-16,5615,5730,5600,5670,11362,14113,5626.0,5691.5,5666.25,5328.583333333333,70.7809976720464,99.7592083638614,-28.978210691815008,56.17977528089887,118.92857142857143,0.9459365689984247,7808.2,-6026,12407.5,-2033.0,-12.591353895701719
2015-04-17,5650,5685,5600,5625,7634,15369,5611.0,5682.5,5674.25,5338.666666666667,63.24059852400569,92.45548639589026,-29.21488787188457,46.95121951219512,115.71428571428571,-21.00212631533992,7806.8,-13660,12646.9,1256.0,8.899596117055196
2015-04-20,5650,5680,5600,5620,6428,16840,5608.0,5673.0,5675.0,5348.666666666667,56.21332741344395,85.207054599401,-28.993727185957056,40.939597315436245,112.85714285714286,-25.477096342418932,7758.8,-20088,12939.8,1471.0,9.571214783004756
2015-04-21,5620,5625,5560,5605,8623,17301,5617.0,5648.0,5676.25,5359.5,48.87044175800838,77.93973203112249,-29.069290273114106,39.73509933774834,112.14285714285714,-47.01841259591024,7961.8,-28711,13270.9,461.0,2.7375296912113933
2015-04-22,5590,5640,5580,5605,7765,17609,5625.0,5628.5,5678.75,5370.333333333333,42.56054055494042,70.86389373588608,-28.303353180945663,35.460992907801426,110.71428571428571,-43.52735558556302,8236.75,-28711,13625.75,308.0,1.7802439165366168
2015-04-23,5625,5630,5530,5570,8626,18354,5605.0,5615.5,5675.0,5380.166666666667,34.33984256900476,63.55908350250982,-29.219240933505063,38.759689922480625,103.21428571428571,-59.154046752639125,8347.35,-37337,14027.1,745.0,4.230791072746887
2015-04-24,5605,5685,5605,5655,9981,17716,5611.0,5611.0,5679.75,5390.916666666667,34.288414317129536,57.704949665433766,-23.41653534830423,45.89041095890411,105.0,-19.77985720454716,8592.6,-27356,14463.7,-638.0,-3.476081508118123
2015-04-27,5680,5790,5670,5770,12119,17833,5641.0,5624.5,5684.5,5404.75,43.031159540677436,54.77019164048251,-11.739032099805073,43.97163120567376,102.5,34.71384416370761,8990.8,-15237,14823.25,117.0,0.6604199593587712
2015-04-28,5780,5810,5750,5795,7602,16734,5679.0,5648.0,5686.5,5419.0,51.38480711421926,54.09311473522986,-2.7083076210106043,49.62962962962963,99.28571428571429,57.08160830777141,8904.3,-7635,15058.55,-1099.0,-6.162732013682504
2015-04-29,5815,5845,5715,5765,13362,15953,5711.0,5668.0,5686.75,5432.666666666667,54.95094345116195,54.26468047841628,0.6862629727456664,55.37190082644628,100.0,49.51100166343991,9220.95,-20997,15260.8,-781.0,-4.667144735269513
2015-04-30,5840,5840,5770,5825,6348,15762,5762.0,5683.5,5687.5,5446.916666666667,61.90502812026443,55.792750006785916,6.112278113478517,59.3984962406015,100.0,70.5704053753002,9296.5,-14649,15439.1,-191.0,-1.1972669717294604
2015-05-04,5905,5905,5830,5875,8928,16204,5806.0,5708.5,5695.5,5462.5,70.63651863742052,58.76150373291284,11.87501490450768,68.46153846153847,96.42857142857143,90.38745266631436,9183.6,-5721,15627.7,442.0,2.804212663367589
2015-05-05,5865,5895,5830,5840,6920,16439,5820.0,5730.5,5701.75,5476.5,73.88043264787211,61.7852895159047,12.095143131967411,72.95081967213115,91.42857142857143,74.98005677498448,8970.3,-12641,15828.05,235.0,1.4502591952604282
2015-05-06,5900,5935,5875,5885,11266,15498,5838.0,5758.5,5703.25,5488.916666666667,79.16976205608444,65.26218402394065,13.907578032143789,74.61538461538461,93.57142857142857,89.02388161352482,9101.75,-1375,15983.8,-941.0,-5.7241924691282975
2015-05-07,5850,5865,5780,5830,6526,14773,5851.0,5781.0,5704.75,5500.666666666667,78.02413966017048,67.81457515118662,10.20956450898386,63.333333333333336,89.28571428571429,55.31465447094637,8958.2,-7901,16044.95,-725.0,-4.678022970705897
2015-05-08,5800,5815,5735,5740,6383,14049,5834.0,5798.0,5706.75,5511.166666666667,69.0579210917449,68.06324433929828,0.9946767524466225,58.91472868217055,90.0,25.242338254732722,8766.85,-14284,16050.2,-724.0,-4.900832600013539
2015-05-11,5770,5795,5745,5770,4530,14498,5813.0,5809.5,5710.25,5521.083333333333,63.63928351144841,67.1784521737283,-3.5391686622798915,61.19402985074626,88.21428571428571,26.140696618587413,8532.7,-9754,16066.0,449.0,3.1959570076161903
2015-05-12,5770,5845,5750,5840,7752,14555,5813.0,5816.5,5720.5,5532.583333333333,64.25272377177043,66.59330649333673,-2.3405827215662924,66.20689655172413,90.35714285714286,41.49718893828864,8501.15,-2002,16059.6,57.0,0.39315767692096326
2015-05-13,5870,5905,5820,5860,6605,14531,5808.0,5823.0,5735.5,5544.75,65.5965561834555,66.39395643136048,-0.7974002479049744,67.11409395973155,92.14285714285714,58.491531643367814,8197.0,4603,16013.85,-24.0,-0.16489178976296648
2015-05-14,5825,5830,5760,5810,6004,14838,5804.0,5827.5,5747.75,5555.5,61.913273244651464,65.49781979401868,-3.584546549367218,65.78947368421052,92.14285714285714,26.222794840169822,8238.2,-1401,15948.45,307.0,2.1127245199917377
2015-05-15,5810,5870,5790,5860,4850,14569,5828.0,5831.0,5757.25,5566.916666666667,62.31054987955304,64.86036581112555,-2.5498159315725104,64.13793103448276,89.64285714285714,41.59705199492371,7912.6,3449,15971.25,-269.0,-1.8129127914813359
2015-05-18,5835,5910,5835,5900,6660,15315,5854.0,5833.5,5771.0,5578.0,65.10259795670208,64.90881224024085,0.19378571646123532,60.0,85.35714285714286,56.251188297064346,7863.9,10109,15968.55,746.0,5.1204612533461535
2015-05-19,5885,5920,5800,5825,10074,15016,5851.0,5832.0,5781.25,5587.666666666667,60.565284080317724,64.04010660825622,-3.4748225279384997,52.14285714285714,89.64285714285714,35.78197331293908,8046.2,35,15877.35,-299.0,-1.9523343127652582
2015-05-20,5750,5790,5685,5730,17382,16777,5825.0,5816.5,5787.5,5596.0,48.741858290212804,60.98045694464754,-12.238598654434739,47.712418300653596,90.35714285714286,-28.485811019855145,8484.15,-17347,15851.15,1761.0,11.727490676611607
2015-05-21,5735,5815,5715,5790,10155,16136,5821.0,5812.5,5796.75,5606.583333333333,43.70935251972878,57.526236059663795,-13.816883539935013,47.712418300653596,92.14285714285714,-12.999149830933858,8603.65,-7192,15777.5,-641.0,-3.820706920188355
2015-05-22,5820,5850,5770,5795,8130,15371,5808.0,5818.0,5808.0,5616.416666666667,39.66725423778644,53.95443969528833,-14.287185457501892,44.444444444444436,92.14285714285714,-0.07034883090709927,8578.85,938,15628.35,-765.0,-4.740951908775404
2015-05-25,5775,5780,5720,5725,7374,15431,5773.0,5813.5,5811.5,5625.166666666667,30.464274054067573,49.25640656704418,-18.792132512976607,42.3841059602649,92.85714285714286,-69.43536048302477,8448.5,-6436,15514.1,60.0,0.3903454557283137
2015-05-26,5760,5770,5655,5670,11064,16364,5742.0,5796.5,5806.5,5630.833333333333,18.519326342559907,43.10899052214733,-24.589664179587423,35.947712418300654,94.28571428571429,-102.79648936916534,8395.75,-17500,15440.65,933.0,6.046270494459205
2015-05-27,5665,5685,5635,5655,8223,16769,5727.0,5776.0,5799.5,5635.75,7.7531214250820994,36.03781670273428,-28.284695277652183,37.93103448275862,90.35714285714286,-114.04184569617688,8426.8,-25723,15442.4,405.0,2.474945001222184
2015-05-28,5670,5680,5600,5625,7172,17761,5694.0,5757.5,5792.5,5640.166666666667,-3.1634564609776135,28.197562069991903,-31.361018530969517,41.35338345864661,89.28571428571429,-109.44752414730756,8117.3,-32895,15532.8,992.0,5.915677738684488
2015-05-29,5645,5665,5625,5655,4660,16944,5666.0,5737.0,5784.0,5645.333333333333,-9.28711769408892,20.70062611717574,-29.98774381126466,41.35338345864661,88.21428571428571,-86.58251881733199,8032.9,-28235,15591.9,-817.0,-4.599966218118345
2015-06-01,5690,5720,5670,5690,4621,16413,5659.0,5716.0,5774.75,5651.416666666667,-11.186999085341995,14.323101076672193,-25.51010016201419,38.095238095238095,86.07142857142857,-52.731655210475544,7817.55,-23614,15602.35,-531.0,-3.133852691218131
2015-06-02,5690,5735,5670,5720,3129,15943,5669.0,5705.5,5768.75,5658.416666666667,-10.1548605846383,9.427508744410094,-19.582369329048394,39.0625,84.64285714285714,-39.07567359870108,7628.0,-20485,15577.55,-470.0,-2.8635837445927015
2015-06-03,5730,5755,5680,5680,3706,16225,5674.0,5700.5,5758.5,5665.0,-12.421363348079467,5.0577343259121825,-17.47909767399165,39.682539682539684,82.85714285714286,-37.375714978271425,7250.0,-24191,15613.9,282.0,1.7688013548265769
2015-06-04,5655,5695,5645,5690,3652,16187,5687.0,5690.5,5751.5,5673.083333333333,-13.257838580427233,1.3946197446442996,-14.652458325071532,35.59322033898306,80.71428571428571,-51.136210701643,7106.3,-20539,15684.6,-38.0,-0.2342064714946024
2015-06-05,5670,5685,5565,5585,5279,17610,5673.0,5669.5,5743.75,5678.916666666667,-22.138178564968257,-3.3119399172782114,-18.826238647690047,25.954198473282446,84.28571428571429,-82.69485069605905,7051.1,-25818,15862.65,1423.0,8.791005127571516
2015-06-08,5590,5595,5550,5555,5439,18968,5646.0,5652.5,5733.0,5684.0,-31.236585349836787,-8.896869003789927,-22.33971634604686,27.86885245901638,78.92857142857143,-93.8016851051844,7096.55,-31257,16086.15,1358.0,7.711527541169794
2015-06-09,5540,5595,5535,5580,3086,18583,5618.0,5643.5,5720.0,5689.333333333333,-36.014692257072056,-14.320433654446354,-21.694258602625702,36.111111111111114,73.21428571428571,-80.50022576415668,6863.25,-28171,16287.55,-385.0,-2.029734289329399
2015-06-10,5605,5610,5575,5595,4589,18404,5601.0,5637.5,5706.75,5694.083333333333,-38.151218269782476,-19.08659057751358,-19.064627692268896,30.303030303030297,68.57142857142857,-62.26444129931371,6762.45,-23582,16481.2,-179.0,-0.9632459775063218
2015-06-11,5590,5620,5585,5595,3881,18422,5582.0,5634.5,5696.0,5698.416666666667,-39.39036294333255,-23.147345050677373,-16.243017892655175,29.591836734693885,65.35714285714286,-53.043284522572556,6656.3,-23582,16660.4,18.0,0.09780482503802812
2015-06-12,5595,5595,5540,5550,5258,18664,5575.0,5624.0,5680.5,5701.333333333333,-43.50205335203009,-27.21828671094792,-16.28376664108217,31.182795698924735,63.92857142857143,-66.99125441319529,6676.7,-28840,16865.15,242.0,1.31364672673977
2015-06-15,5555,5565,5485,5515,7449,20172,5567.0,5606.5,5661.25,5702.166666666667,-49.01973611266749,-31.578576591291835,-17.441159521375653,32.58426966292136,61.42857142857143,-83.67048045099325,6716.15,-36289,17108.0,1508.0,8.07972567509645
2015-06-16,5530,5580,5510,5515,6539,19036,5554.0,5586.0,5645.75,5700.666666666667,-52.7840774651595,-35.81967676606537,-16.964400699094128,33.720930232558146,62.857142857142854,-72.22769033541205,6539.4,-36289,17309.0,-1136.0,-5.631568510807061
2015-06-17,5530,5530,5465,5480,5821,20035,5531.0,5566.0,5633.25,5699.0,-57.92384259927621,-40.24050993270754,-17.683332666568674,33.33333333333333,61.785714285714285,-86.17001785566312,5961.35,-42110,17471.9,999.0,5.24795125026265
2015-06-18,5475,5525,5455,5515,3281,19581,5515.0,5548.5,5619.5,5698.333333333333,-58.49860055222416,-43.89212805661087,-14.60647249561329,34.09090909090909,63.92857142857143,-74.72413679023805,5617.65,-38829,17644.15,-454.0,-2.266034439730469
2015-06-19,5520,5525,5490,5505,2671,19748,5506.0,5540.5,5605.0,5696.0,-59.079979568895396,-46.929698359067785,-12.150281209827611,27.710843373493972,61.785714285714285,-66.7017594012983,5344.7,-41500,17863.0,167.0,0.852867575711147
2015-06-23,5490,5535,5490,5530,3656,19364,5509.0,5538.0,5595.25,5695.5,-56.86789783473432,-48.9173382542011,-7.950559580533223,26.829268292682926,60.357142857142854,-54.75302080345034,5158.8,-37844,18059.65,-384.0,-1.9445007089325506
2015-06-24,5540,5540,5515,5525,1968,18987,5511.0,5532.5,5588.0,5693.0,-54.88557855201725,-50.110986313764336,-4.7745922382529145,29.33333333333333,56.785714285714285,-44.643388924165166,4704.0,-39812,18190.8,-377.0,-1.9469117950836612
2015-06-25,5505,5525,5500,5515,1961,19312,5518.0,5524.5,5581.0,5689.0,-53.504723517957245,-50.78973375460292,-2.7149897633543247,26.66666666666667,55.0,-48.71039265929238,4390.9,-41773,18317.95,325.0,1.7116974772212634
2015-06-26,5520,5520,5495,5515,4731,19305,5518.0,5516.5,5575.5,5684.916666666667,-51.81311659932999,-50.99441032354834,-0.8187062757816506,37.037037037037045,47.857142857142854,-46.21721830831874,4268.85,-41773,18395.15,-7.0,-0.03624689312344831
2015-06-29,5510,5545,5510,5510,4450,18126,5519.0,5512.5,5568.25,5679.916666666667,-50.296181075055756,-50.854764473849826,0.5585833987940703,40.816326530612244,47.142857142857146,-34.39602641801089,4258.35,-46223,18454.25,-1179.0,-6.107226107226104
2015-06-30,5490,5560,5480,5560,7454,17177,5525.0,5517.0,5561.75,5677.333333333333,-44.54591898538274,-49.592995376156416,5.047076390773675,46.2962962962963,48.57142857142857,-22.545857584722587,4400.0,-38769,18492.45,-949.0,-5.235573209753941
2015-07-01,5580,5645,5575,5645,9602,14919,5549.0,5530.0,5558.0,5676.166666666667,-32.752455308454955,-46.22488736261613,13.472432054161175,57.352941176470594,52.142857142857146,52.59742314134678,4723.65,-29167,18441.25,-2258.0,-13.14548524189323
2015-07-02,5625,5660,5605,5640,4340,14350,5574.0,5546.0,5556.0,5672.583333333333,-23.538175159198545,-41.68754492193261,18.149369762734068,56.52173913043478,53.57142857142857,76.33274927078162,4755.35,-33507,18347.5,-569.0,-3.8139285474897755
2015-07-03,5630,5640,5610,5635,4449,14295,5598.0,5558.0,5553.25,5669.833333333333,-16.449628886598475,-36.639961714865784,20.19033282826731,63.9344262295082,51.785714285714285,80.00999706381022,4795.2,-37956,18252.9,-55.0,-0.3832752613240453
2015-07-06,5600,5620,5425,5475,10260,14483,5591.0,5555.0,5547.75,5666.083333333333,-23.471997147250477,-34.006368801342724,10.534371654092247,45.34883720930233,61.07142857142857,-45.02132570239047,5044.25,-48216,18096.55,188.0,1.3151451556488336
2015-07-07,5455,5465,5305,5305,8911,16671,5540.0,5532.5,5535.25,5659.5,-42.267619036395445,-35.65861884835327,-6.609000188042174,32.5,68.21428571428571,-144.1077479426768,5217.85,-57127,17981.7,2188.0,15.10736725816475
2015-07-08,5150,5215,5060,5060,7670,16144,5423.0,5486.0,5509.25,5649.916666666667,-76.05601089784705,-43.738097258252026,-32.31791363959502,24.074074074074076,81.07142857142857,-178.05046658061408,5447.05,-64797,17859.75,-527.0,-3.161178093695638
2015-07-09,5160,5325,5135,5305,9028,15004,5356.0,5465.0,5494.75,5645.666666666667,-82.11750297279832,-51.41397840116129,-30.703524571637033,39.705882352941174,95.0,-96.77747047947722,5669.0,-55769,17689.75,-1140.0,-7.061446977205154
2015-07-10,5320,5400,5260,5305,7198,15240,5290.0,5444.0,5480.25,5641.333333333333,-85.93072322556236,-58.31732736604151,-27.61339585952085,40.0990099009901,102.5,-62.91951838344541,5834.85,-55769,17530.65,236.0,1.5729138896294348
2015-07-13,5290,5320,5270,5275,2448,15213,5250.0,5420.5,5466.5,5634.75,-90.33218384267911,-64.72029866136904,-25.611885181310072,37.4384236453202,102.85714285714286,-67.57187720198998,5694.35,-58217,17358.1,-27.0,-0.17716535433071057
2015-07-14,5315,5340,5290,5305,2139,14901,5250.0,5395.0,5456.0,5629.416666666667,-90.35803265845152,-69.84784546078554,-20.510187197665985,39.42307692307692,105.71428571428571,-53.446997524696464,5428.85,-56078,17094.55,-312.0,-2.050877538946949
2015-07-15,5335,5360,5285,5300,1701,14947,5298.0,5360.5,5445.25,5624.083333333333,-89.74742380860425,-73.82776113034929,-15.919662678254966,39.61352657004831,109.28571428571429,-47.442255819474134,5186.95,-57779,16890.1,46.0,0.30870411381787033
2015-07-16,5280,5350,5245,5340,4419,14006,5305.0,5330.5,5438.25,5619.666666666667,-85.05538070620423,-76.07328504552028,-8.982095660683953,41.860465116279066,115.0,-44.536391546474235,5116.85,-53360,16588.65,-941.0,-6.2955777079012565
2015-07-17,5330,5340,5275,5320,1919,13657,5308.0,5299.0,5428.5,5614.916666666667,-82.00542806807152,-77.25971365003053,-4.74571441804099,41.28440366972477,117.14285714285714,-40.71196731994528,5048.75,-55279,16292.45,-349.0,-2.4917892331857816
2015-07-20,5335,5335,5300,5300,977,13325,5313.0,5281.5,5418.25,5610.416666666667,-80.2767708379888,-77.8631250876222,-2.413645750366612,37.73584905660377,113.92857142857143,-37.07622352395689,4964.05,-56256,15971.3,-332.0,-2.430987771838622
2015-07-21,5295,5320,5190,5310,4305,12953,5314.0,5282.0,5407.25,5604.666666666667,-77.20985396726337,-77.73247086355043,0.5226168962870616,32.99492385786802,117.14285714285714,-45.45204296611368,4996.5,-51951,15650.75,-372.0,-2.791744840525323
2015-07-22,5315,5330,5285,5310,2316,12723,5316.0,5307.0,5396.5,5597.0,-73.92711449342187,-76.97139958952472,3.044285096102854,33.163265306122454,116.42857142857143,-30.22393110443663,5013.9,-51951,15337.55,-230.0,-1.7756504284721641
2015-07-23,5315,5325,5290,5305,1947,12619,5309.0,5307.0,5386.0,5588.833333333333,-70.91155377182622,-75.75943042598503,4.84787665415881,33.163265306122454,116.78571428571429,-27.52935352861223,5013.2,-53898,15002.9,-104.0,-0.8174172757997367
2015-07-24,5265,5300,5260,5260,2255,12083,5297.0,5302.5,5373.25,5580.416666666667,-71.33056968770507,-74.87365827832903,3.5430885906239666,37.57225433526012,105.0,-35.10542895192306,4889.4,-56153,14641.8,-536.0,-4.247563198351689
2015-07-27,5255,5275,5115,5180,9329,12918,5273.0,5293.0,5356.75,5569.666666666667,-77.22774090740859,-75.34447480414494,-1.8832661032636508,41.935483870967744,104.28571428571429,-57.56945264973174,5133.35,-65482,14381.4,835.0,6.9105354630472515
2015-07-28,5145,5260,5130,5220,2936,12719,5255.0,5284.5,5339.75,5558.75,-77.77706034270523,-75.830991911857,-1.9460684308482286,64.03508771929825,96.07142857142857,-48.0891942337008,4907.45,-62546,14158.5,-199.0,-1.540486143365849
2015-07-29,5225,5400,5225,5275,3168,12248,5248.0,5282.0,5321.25,5549.333333333333,-72.93362616417471,-75.25151876232054,2.317892598145832,46.05263157894736,90.0,-10.138625557884911,4585.75,-59378,14024.95,-471.0,-3.703121314568758
2015-07-30,5290,5335,5260,5260,1745,11855,5239.0,5274.0,5302.25,5538.916666666667,-69.50434153809783,-74.102083317476,4.597741779378168,44.30379746835443,85.35714285714286,-11.097366464278018,4456.0,-61123,13900.2,-393.0,-3.20868713259308
2015-07-31,5220,5310,5220,5300,1388,11591,5247.0,5272.0,5285.5,5530.083333333333,-62.83462461979798,-71.8485915779404,9.013966958142419,53.086419753086425,88.21428571428571,-9.544918804807672,4302.95,-59735,13765.0,-264.0,-2.226908477435685
2015-08-03,5250,5330,5230,5265,3750,11490,5264.0,5268.5,5275.0,5522.166666666667,-59.68502162546247,-69.41587758744481,9.730855961982343,45.12195121951219,90.71428571428571,-3.990964808266592,3977.45,-63485,13615.35,-101.0,-0.8713657147787046
2015-08-04,5150,5315,5150,5285,3302,10808,5277.0,5266.0,5274.0,5514.083333333333,-54.94177116978244,-66.52105630391235,11.579285134129904,48.23529411764706,97.14285714285714,-22.88870027584884,3697.0,-60183,13322.2,-682.0,-5.935596170583112
2015-08-05,5290,5320,5260,5290,1515,10653,5280.0,5264.0,5285.5,5504.916666666667,-50.20057185356745,-63.25695941384337,13.056387560275915,43.58974358974359,93.92857142857143,9.855148726338163,3389.25,-58668,13047.65,-155.0,-1.434122871946708
2015-08-06,5275,5325,5275,5315,1991,10167,5291.0,5265.0,5286.0,5495.833333333333,-43.91956872144874,-59.389481275364446,15.469912553915705,49.36708860759494,92.85714285714286,27.480904031286205,3037.4,-56677,12805.8,-486.0,-4.562095184455083
2015-08-07,5300,5330,5280,5330,2148,9412,5297.0,5272.0,5287.25,5487.833333333333,-37.301465769260176,-54.9718781741436,17.67041240488342,53.84615384615384,93.92857142857143,40.21072292244399,2784.9,-54529,12514.4,-755.0,-7.425986033244813
2015-08-10,5310,5330,5290,5300,1673,9123,5304.0,5284.0,5288.5,5478.5,-34.084416837838944,-50.794385906882674,16.70996906904373,48.78048780487806,87.5,29.176585328483263,2746.15,-56202,12209.9,-289.0,-3.0705482362940906
2015-08-11,5325,5420,5325,5380,5412,7691,5323.0,5300.0,5292.25,5469.833333333333,-24.793744121337113,-45.594257549773566,20.800513428436453,57.14285714285714,92.85714285714286,106.18529925234414,2909.8,-50790,11849.4,-1432.0,-15.696591033651208
2015-08-12,5095,5175,5090,5165,2394,8072,5298.0,5289.0,5285.5,5458.833333333333,-34.38317439619914,-43.35204091905869,8.96886652285955,39.99999999999999,111.07142857142857,-133.43358679951385,2944.45,-53184,11505.65,381.0,4.953842153166033
2015-08-13,5215,5245,5140,5240,2988,8420,5283.0,5287.0,5280.5,5450.666666666667,-35.52152376372578,-41.78593748799211,6.264413724266326,48.63013698630137,115.35714285714286,-62.897904646021786,2872.9,-50196,11226.35,348.0,4.311199207135785
2015-08-14,5220,5265,5210,5250,3131,8351,5267.0,5282.0,5277.0,5441.666666666667,-35.2108684389832,-40.47092367819033,5.260055239207134,55.30303030303031,107.85714285714286,-28.433795200215908,2933.5,-47065,10961.05,-69.0,-0.8194774346793388
2015-08-17,5260,5260,5170,5170,2753,8359,5241.0,5272.5,5270.5,5431.25,-40.94798043881201,-40.56633503031467,-0.3816454084973415,46.42857142857143,105.0,-60.789930803259345,3022.3,-49818,10712.75,8.0,0.09579691054963924
2015-08-18,5150,5195,5150,5160,2279,8494,5197.0,5260.0,5263.0,5421.833333333333,-45.77394590376207,-41.60785720500415,-4.1660886987579175,41.221374045801525,95.35714285714286,-78.9721739655185,2921.0,-52097,10489.8,135.0,1.6150257207800056
2015-08-19,5165,5200,5140,5170,2075,8459,5198.0,5248.0,5256.0,5413.5,-48.235611770560354,-42.933408118115395,-5.302203652444959,43.07692307692308,94.28571428571429,-69.02483510274182,2908.95,-50022,10276.6,-35.0,-0.41205556863668225
2015-08-20,5090,5155,5085,5145,1704,8660,5179.0,5231.0,5248.0,5405.0,-51.60887577707763,-44.66850164990784,-6.94037412716979,37.79527559055118,93.92857142857143,-88.95191187803152,2896.8,-51726,10078.65,201.0,2.3761673956732565
2015-08-21,5140,5165,5100,5105,2044,8466,5150.0,5208.5,5240.25,5396.333333333333,-56.854494291846095,-47.10570017829549,-9.748794113550602,37.5,91.42857142857143,-80.90172150994326,2886.25,-53770,9897.8,-194.0,-2.24018475750577
2015-08-24,5070,5080,4930,4990,6851,10001,5114.0,5177.5,5230.75,5385.25,-69.49018407644508,-51.58259695792541,-17.907587118519665,29.931972789115648,92.14285714285714,-129.57798147649638,2762.35,-60621,9751.95,1535.0,18.131348925112214
2015-08-25,4980,5050,4945,4985,4078,10048,5079.0,5138.0,5219.0,5373.5,-78.99689049940389,-57.065455666221105,-21.931434833182784,29.25170068027211,95.35714285714286,-109.43542484992622,2819.45,-64699,9618.4,47.0,0.4699530046995193
2015-08-26,5035,5035,4990,4995,2164,10332,5044.0,5121.0,5205.0,5361.416666666667,-84.74719450030534,-62.60180343303796,-22.145391067267383,27.77777777777777,95.35714285714286,-88.63873274991555,2769.25,-62535,9522.6,284.0,2.826433121019112
2015-08-27,5000,5095,4990,5090,4390,10678,5033.0,5106.0,5196.5,5351.583333333333,-80.7082908599823,-66.22310091842684,-14.485189941555461,35.0,99.28571428571429,-58.74734954464112,2901.5,-58145,9463.75,346.0,3.3488192024777375
2015-08-28,5230,5230,5115,5115,8046,10150,5035.0,5092.5,5187.25,5342.0,-74.62985306930113,-67.9044513486017,-6.725401720699438,38.364779874213845,106.42857142857143,-14.365373859401856,3234.4,-50099,9391.7,-528.0,-4.944746207154893
2015-08-31,5130,5130,5065,5075,2996,9902,5052.0,5083.0,5177.75,5333.5,-72.20794479376309,-68.76515003763399,-3.4427947561291035,29.801324503311264,102.5,-38.56726743805768,3196.7,-53095,9312.3,-248.0,-2.443349753694579
2015-09-01,5125,5125,5060,5090,2730,9896,5073.0,5076.0,5168.0,5325.75,-68.29097455174542,-68.67031494045628,0.3793403887108582,43.24324324324324,86.42857142857143,-34.24874274224577,3168.1,-50365,9266.7,-6.0,-0.06059381943042119
2015-09-02,5060,5070,5025,5045,1795,9731,5083.0,5063.5,5155.75,5316.833333333333,-68.03362208803628,-68.54297636997228,0.5093542819359982,31.42857142857143,83.57142857142857,-49.22321979620445,3182.1,-52160,9220.6,-165.0,-1.6673403395311204
2015-09-07,5015,5090,5000,5030,2946,10327,5071.0,5052.0,5141.5,5307.416666666667,-68.25326192885495,-68.48503348174881,0.23177155289386064,29.245283018867923,86.07142857142857,-47.50984033515469,3229.85,-55106,9228.6,596.0,6.124755934641857
2015-09-08,5025,5055,5005,5045,2701,10278,5057.0,5046.0,5127.25,5298.25,-66.4509482778858,-68.07821644097622,1.6272681630904202,36.559139784946225,83.21428571428571,-45.62501986343116,3257.5,-52405,9271.9,-49.0,-0.4744843613827876
2015-09-09,5055,5105,5035,5040,3303,10435,5050.0,5051.0,5114.25,5289.75,-64.68046381313343,-67.39866591540766,2.7182021022742333,36.95652173913044,85.0,-29.79826522819254,3339.0,-55708,9337.5,157.0,1.527534539793729
2015-09-10,5025,5050,5020,5040,2779,10203,5040.0,5056.5,5097.25,5281.833333333333,-62.5562328072665,-66.43017929377943,3.873946486512935,35.55555555555556,82.85714285714286,-42.28502285378985,3207.35,-55708,9463.1,-232.0,-2.2232870148538586
2015-09-11,5050,5070,5030,5040,2345,10301,5039.0,5061.0,5091.0,5273.916666666667,-60.17905771369897,-65.17995497776334,5.000897264064378,37.64705882352941,79.64285714285714,-32.27339356826486,3204.9,-55708,9574.55,98.0,0.960501813192205
2015-09-14,5030,5055,5025,5030,1359,10243,5039.0,5055.0,5080.5,5266.416666666667,-58.42851816502025,-63.82966761521473,5.401149450194481,40.50632911392405,77.14285714285714,-35.07801916037691,3123.45,-57067,9665.7,-58.0,-0.5630521308610859
2015-09-15,5030,5040,4945,4965,5353,11311,5023.0,5040.0,5066.25,5257.25,-61.57634594693718,-63.37900328155922,1.8026573346220403,46.3768115942029,71.42857142857143,-70.13232771380844,3234.55,-62420,9813.7,1068.0,10.426632822415316
2015-09-16,4980,4995,4950,4980,4395,11125,5011.0,5030.5,5056.75,5248.5,-62.14428684790528,-63.13205999482844,0.9877731469231605,49.29577464788733,67.14285714285714,-72.06146801895196,3316.65,-58025,9952.0,-186.0,-1.6444169392626606
2015-09-17,5025,5025,4955,4960,2482,11489,4995.0,5017.5,5046.75,5239.0,-63.47649938458471,-63.20094787277969,-0.2755515118050198,45.205479452054796,68.57142857142857,-63.066238266296985,3326.8,-60507,10101.75,364.0,3.271910112359544
2015-09-18,4960,4980,4940,4965,2939,11296,4980.0,5009.5,5036.5,5229.666666666667,-63.3980163362894,-63.24036156548164,-0.1576547708077598,27.272727272727266,63.92857142857143,-74.56927844829956,3370.0,-57568,10243.6,-193.0,-1.679867699538684
2015-09-21,4910,4945,4890,4930,5523,11996,4960.0,4999.5,5025.75,5219.916666666667,-65.40606504390871,-63.67350226116706,-1.7325627827416525,17.54385964912281,59.285714285714285,-97.6709651652498,3560.95,-63091,10410.4,700.0,6.196883852691215
2015-09-22,4940,4950,4900,4905,3263,12343,4948.0,4985.5,5015.75,5209.75,-68.2282563100598,-64.58445307094561,-3.6438032391141917,18.51851851851852,58.214285714285715,-89.73292368985985,3621.9,-66354,10604.25,347.0,2.8926308769589903
2015-09-23,4900,4920,4865,4910,3342,12371,4934.0,4972.5,5011.75,5199.75,-69.2629844381272,-65.52015934438194,-3.7428250937452674,15.384615384615387,57.5,-92.74073597527777,3446.45,-63012,10722.75,28.0,0.2268492262821109
2015-09-24,4935,4935,4900,4925,2304,11849,4927.0,4961.0,5008.75,5189.166666666667,-68.08776591238893,-66.03368065798334,-2.0540852544055923,23.913043478260875,55.357142857142854,-69.17084342318668,3357.75,-60708,10812.8,-522.0,-4.2195457117452095
2015-09-25,4930,4935,4895,4895,1741,11668,4913.0,4946.5,5003.75,5176.666666666667,-68.78424409407671,-66.58379334520203,-2.2004507488746867,22.448979591836732,51.785714285714285,-70.05766334287607,3336.6,-62449,10879.6,-181.0,-1.5275550679382244
2015-09-28,4890,4930,4875,4925,3603,11279,4912.0,4936.0,4995.5,5164.75,-66.15288946042438,-66.4976125682465,0.34472310782211935,26.92307692307692,52.142857142857146,-61.783926631332314,3297.25,-58846,10909.65,-389.0,-3.333904696606105
2015-09-29,4905,4920,4885,4890,2113,10954,4909.0,4928.5,4984.25,5152.333333333333,-66.12943053707386,-66.42397616201197,0.29454562493810954,24.13793103448276,50.0,-66.49793280611138,3000.6,-60959,10949.85,-325.0,-2.8814611224399322
2015-09-30,4895,4910,4875,4895,1141,10771,4906.0,4920.0,4975.25,5142.666666666667,-64.95857889584931,-66.13089670877945,1.1723178129301317,25.423728813559322,50.357142857142854,-64.19214774892178,2907.85,-59818,10993.3,-183.0,-1.6706226036151128
2015-10-08,4955,4955,4875,4905,3112,10434,4902.0,4914.5,4966.0,5136.0,-62.503255485819864,-65.40536846418753,2.9021129783676685,27.86885245901638,53.214285714285715,-46.41512012622042,2926.95,-56706,11020.2,-337.0,-3.1287717017918437
2015-10-09,4945,5030,4910,4990,5342,10430,4921.0,4917.0,4963.25,5134.833333333333,-53.086654461029866,-62.941625663555996,9.85497120252613,44.73684210526316,60.0,9.368584163344945,3104.3,-51364,11055.15,-4.0,-0.03833620854897246
2015-10-12,4975,5000,4960,4980,2902,11036,4932.0,4922.0,4960.75,5129.416666666667,-45.901720273960564,-59.533644585636914,13.63192431167635,52.30769230769231,56.07142857142857,15.37291481553312,3102.1,-54266,11090.6,606.0,5.810162991371048
2015-10-13,4935,4960,4935,4945,1848,10628,4943.0,4926.0,4955.75,5123.416666666667,-42.5414245972097,-56.13520058795147,13.593775990741776,44.92753623188406,56.07142857142857,-10.630478626385882,3059.45,-56114,11108.1,-408.0,-3.696991663646254
2015-10-14,4935,4945,4910,4920,2353,10680,4948.0,4927.0,4949.75,5117.5,-41.41821374394567,-53.191803219150316,11.773589475204645,44.28571428571428,53.57142857142857,-27.0186109473443,3011.95,-58467,11120.35,52.0,0.48927361686113
2015-10-15,4915,4945,4915,4930,2286,10852,4953.0,4927.5,4944.25,5111.25,-39.268482007127204,-50.4071389767457,11.138656969618495,45.070422535211264,52.857142857142854,-17.974783588905723,2987.3,-56181,11152.8,172.0,1.610486891385765
2015-10-16,4915,4930,4905,4910,1438,10764,4937.0,4929.0,4937.75,5104.75,-38.732156777344244,-48.072142536865414,9.33998575952117,47.05882352941176,49.285714285714285,-31.903873477547656,2941.95,-57619,11175.95,-88.0,-0.810910431256906
2015-10-19,4855,4870,4840,4855,1655,11708,4912.0,4922.0,4929.0,5096.666666666667,-42.25803123518017,-46.90932027652837,4.6512890413482,43.24324324324324,50.714285714285715,-105.96503013913176,2956.75,-59274,11249.2,944.0,8.769973987365297
2015-10-20,4840,4865,4830,4860,786,11932,4895.0,4919.0,4923.75,5089.0,-44.14003508408132,-46.355463238038965,2.215428153957646,43.24324324324324,49.285714285714285,-96.44582967446112,2728.4,-58488,11280.25,224.0,1.9132217287324949
2015-10-21,4855,4855,4795,4805,2403,12838,4872.0,4910.0,4915.0,5080.75,-49.49898356872927,-46.98416730417703,-2.5148162645522447,35.365853658536594,51.42857142857143,-115.64356452322203,2628.8,-60891,11365.9,906.0,7.593027153871934
2015-10-22,4815,4815,4795,4810,1442,13282,4848.0,4900.5,4907.5,5072.416666666667,-52.73463855164482,-48.13426155367059,-4.60037699797423,38.96103896103896,50.0,-109.37737389187289,2576.8,-59449,11455.55,444.0,3.458482629693105
2015-10-23,4800,4805,4770,4795,1711,13573,4825.0,4881.0,4899.0,5063.833333333333,-55.86531252912391,-49.680471748761256,-6.184840780362656,32.432432432432435,48.92857142857143,-106.44752884062778,2515.4,-61160,11569.4,291.0,2.190935100135527
2015-10-26,4780,4820,4775,4780,2532,14057,4810.0,4861.0,4891.5,5055.083333333333,-58.87805923479391,-51.51998924596779,-7.3580699888261165,34.28571428571429,49.285714285714285,-89.73898717137554,2365.85,-63692,11672.45,484.0,3.5659028954542205
2015-10-27,4755,4780,4755,4770,2146,14556,4792.0,4843.5,4884.75,5046.916666666667,-61.365219084138516,-53.48903521360194,-7.876183870536579,32.39436619718309,48.57142857142857,-93.76396877748707,2310.0,-65838,11783.1,499.0,3.5498328235042953
2015-10-28,4765,4780,4705,4725,3673,15882,4776.0,4824.0,4875.5,5039.333333333333,-66.2042734494762,-56.0320828607768,-10.172190588699408,26.92307692307692,48.214285714285715,-99.70000674980794,2326.55,-69511,11958.65,1326.0,9.109645507007414
2015-10-29,4745,4775,4700,4720,2535,16889,4758.0,4803.0,4865.25,5031.0,-69.6399511038062,-58.75365650938268,-10.886294594423518,6.451612903225794,44.642857142857146,-88.67954065393306,2338.1,-72046,12210.65,1007.0,6.34051127062083
2015-10-30,4710,4715,4655,4675,3316,18264,4734.0,4779.5,4854.25,5021.0,-75.12784725915026,-62.0284946593362,-13.099352599814061,5.79710144927536,46.42857142857143,-101.05843206557608,2416.85,-75362,12540.45,1375.0,8.14139380661969
2015-11-02,4660,4700,4635,4640,3507,19740,4706.0,4758.0,4840.0,5010.666666666667,-81.36334598759095,-65.89546492498715,-15.467881062603794,5.79710144927536,47.857142857142854,-96.61309905552795,2412.05,-78869,12963.5,1476.0,8.081471747700398
2015-11-03,4640,4640,4580,4590,4900,20979,4670.0,4731.0,4825.0,4998.833333333333,-89.31009460973019,-70.57839086193576,-18.731703747794427,5.4054054054054035,49.642857142857146,-103.63571594111546,2551.4,-83769,13464.75,1239.0,6.276595744680846
2015-11-04,4620,4625,4550,4565,5731,23098,4638.0,4707.0,4808.5,4987.166666666667,-96.51270285089595,-75.7652532597278,-20.74744959116815,2.597402597402592,52.857142857142854,-96.43678276634203,2780.9,-89500,14081.1,2119.0,10.10057676724343
2015-11-05,4540,4595,4540,4565,5196,22702,4607.0,4682.5,4791.5,4975.166666666667,-101.05591212416402,-80.82338503261505,-20.232527091548974,2.7397260273972535,55.0,-87.95116845929583,2885.1,-89500,14694.5,-396.0,-1.714434150142874
2015-11-06,4545,4615,4545,4605,3952,22364,4593.0,4663.5,4772.25,4963.75,-100.27288905194837,-84.71328583648172,-15.559603215466652,14.285714285714292,55.0,-71.87332055327136,2815.6,-85548,15291.2,-338.0,-1.4888556074354686
2015-11-09,4610,4620,4560,4570,4242,23026,4579.0,4642.5,4751.75,4951.333333333333,-101.30872124263988,-88.03237291771335,-13.27634832492653,11.84210526315789,56.785714285714285,-67.47594287737725,2882.6,-89790,15890.7,662.0,2.960114469683428
2015-11-10,4555,4595,4545,4590,2950,22171,4579.0,4624.5,4734.0,4939.0,-99.37031374255366,-90.29996108268142,-9.070352659872242,18.840579710144937,55.714285714285715,-63.970451457079456,2937.7,-86840,16467.85,-855.0,-3.7131937809432802
2015-11-11,4590,4620,4575,4610,4114,21780,4588.0,4613.0,4718.5,4927.5,-95.12375158445138,-91.26471918303541,-3.8590324014159734,22.222222222222214,57.5,-49.44660597875341,3025.75,-82726,17022.85,-391.0,-1.763565017365032
2015-11-12,4600,4650,4595,4620,3719,21281,4599.0,4603.0,4703.0,4914.833333333333,-89.91492081574506,-90.99475950957735,1.0798386938322864,25.352112676056336,58.57142857142857,-37.5071185291798,3097.4,-79007,17544.3,-499.0,-2.2910927456382013
2015-11-13,4610,4615,4550,4565,3440,21947,4591.0,4592.0,4685.75,4904.833333333333,-89.19672097341663,-90.6351518023452,1.438430828928574,22.784810126582286,60.357142857142854,-53.67569109388446,3197.5,-82447,18103.45,666.0,3.129552182698192
2015-11-16,4550,4585,4510,4550,5486,22164,4587.0,4583.0,4670.5,4893.333333333333,-88.81412313713736,-90.27094606930365,1.4568229321662898,22.5,63.92857142857143,-61.68916329384676,3389.05,-87933,18626.25,217.0,0.9887456144347828
2015-11-17,4570,4600,4540,4600,5220,21729,4589.0,4584.0,4657.5,4882.5,-83.5136362496014,-88.91948410536321,5.405847855761806,34.5679012345679,62.857142857142854,-42.42715635403199,3610.75,-82713,19116.1,-435.0,-1.9626421223605806
2015-11-18,4580,4600,4520,4555,6253,22953,4578.0,4583.0,4645.0,4872.25,-81.99885437190642,-87.53535815867185,5.5365037867654365,31.460674157303373,63.214285714285715,-49.65863463528375,3803.25,-88966,19621.85,1224.0,5.6330249896451745
2015-11-19,4550,4560,4470,4480,7170,24275,4550.0,4574.5,4628.5,4860.916666666667,-85.86050555750899,-87.2003876384393,1.339882080930309,29.473684210526315,65.0,-74.09011957210078,4089.65,-96136,20171.5,1322.0,5.759595695551778
2015-11-20,4495,4545,4435,4450,12586,23843,4527.0,4559.0,4611.25,4848.916666666667,-90.30071083902021,-87.82045227855548,-2.4802585604647334,29.787234042553195,68.21428571428571,-81.99944903302325,4633.4,-108722,20685.0,-432.0,-1.7796086508753861
2015-11-23,4435,4485,4405,4445,9774,24331,4506.0,4546.5,4594.5,4837.25,-93.1492966198166,-88.8862211468077,-4.263075473008897,32.94117647058823,69.64285714285714,-92.82814904508464,4995.5,-118496,21198.7,488.0,2.0467223084343455
2015-11-24,4465,4615,4450,4615,12559,21830,4509.0,4549.0,4586.75,4829.083333333333,-80.75831058916083,-87.26063903527833,6.502328446117502,54.385964912280706,76.42857142857143,-19.722196596976733,5516.15,-105937,21562.4,-2501.0,-10.279067855821788
2015-11-25,4635,4690,4565,4595,9469,21312,4517.0,4547.5,4580.25,4822.5,-71.72539206840065,-84.1535896419028,12.428197573502146,52.54237288135593,81.42857142857143,25.95222305280836,5805.95,-115406,21833.9,-518.0,-2.3728813559321993
2015-11-26,4595,4690,4580,4620,10698,22022,4545.0,4547.5,4575.25,4816.416666666667,-61.83663377357789,-79.69019846823782,17.853564694659937,51.30434782608696,84.28571428571429,46.451990456437336,6214.1,-104708,22090.55,710.0,3.3314564564564497
2015-11-27,4605,4630,4510,4555,10977,22424,4566.0,4546.5,4569.25,4809.083333333333,-58.56952532294872,-75.46606383918001,16.89653851623129,48.760330578512395,88.57142857142857,-6.9196957231183065,6597.15,-115685,22298.55,402.0,1.8254472799927424
2015-11-30,4570,4570,4510,4520,4568,22859,4581.0,4543.5,4563.25,4799.583333333333,-58.13438878387569,-71.99972882811915,13.865340044243453,44.354838709677416,89.28571428571429,-34.52767071487916,6650.2,-120253,22454.5,435.0,1.9398858366036498
2015-12-01,4520,4575,4490,4530,7273,23078,4564.0,4536.5,4560.25,4789.833333333333,-56.33324888820516,-68.86643284013635,12.533183951931193,43.44262295081967,92.14285714285714,-32.68493525399688,6768.85,-112980,22559.45,219.0,0.9580471586683625
2015-12-02,4545,4605,4540,4565,7897,23183,4558.0,4537.5,4560.25,4781.333333333333,-51.48810225896705,-65.3907667239025,13.902664464935455,45.66929133858268,93.57142857142857,8.958692867091695,6877.15,-105083,22563.7,105.0,0.454978767657499
2015-12-03,4525,4550,4500,4550,6929,23458,4544.0,4544.5,4559.5,4772.333333333333,-48.301869404050194,-61.97298725993205,13.671117855881853,48.73949579831933,93.21428571428571,-28.419208902667332,6963.8,-112012,22601.5,275.0,1.1862140361471818
2015-12-04,4580,4580,4505,4510,6227,23865,4535.0,4550.5,4554.75,4763.416666666667,-48.44596765841288,-59.26758333962822,10.821615681215334,46.7741935483871,93.21428571428571,-27.22818328284937,7077.55,-118239,22676.55,407.0,1.7350157728706517
2015-12-07,4490,4530,4470,4530,5378,24848,4537.0,4559.0,4552.75,4755.083333333333,-46.411332756179945,-56.69633322293857,10.285000466758625,44.06779661016949,93.21428571428571,-45.755316889858754,7134.35,-112861,22767.65,983.0,4.119002723653886
2015-12-08,4480,4505,4450,4480,8289,25554,4527.0,4545.5,4547.25,4745.666666666667,-48.27694549367607,-55.01245567708607,6.735510183410007,43.69747899159664,93.21428571428571,-70.20372595205339,7401.3,-121150,22936.8,706.0,2.841274951706385
2015-12-09,4480,4540,4480,4530,4739,24851,4520.0,4539.0,4543.25,4737.166666666667,-45.19983928523379,-53.049932398715626,7.850093113481833,54.385964912280706,91.07142857142857,-28.29860892695374,7432.55,-116411,23090.35,-703.0,-2.7510370196446754
2015-12-10,4535,4560,4510,4550,5727,24140,4520.0,4532.0,4539.75,4729.0,-40.67846160870249,-50.575638240713005,9.897176632010513,58.92857142857143,86.78571428571429,-0.27552378764008056,7532.95,-110684,23233.3,-711.0,-2.8610518691400744
2015-12-11,4550,4590,4530,4585,5044,23701,4535.0,4535.0,4540.75,4721.416666666667,-33.88047668710442,-47.23660592999129,13.356129242886873,61.86440677966102,85.35714285714286,31.629238842859674,7613.15,-105640,23321.0,-439.0,-1.8185584092792029
2015-12-14,4555,4580,4550,4575,3779,24003,4544.0,4540.5,4542.0,4713.833333333333,-28.9660386238902,-43.58249246877108,14.61645384488088,45.34883720930233,75.71428571428571,30.23848150938818,7527.8,-109419,23412.95,302.0,1.2742078393316758
2015-12-15,4595,4595,4545,4565,3588,24023,4561.0,4544.0,4540.25,4707.166666666667,-25.58331890343561,-39.98265775570398,14.399338852268372,46.42857142857143,70.35714285714286,31.192952084443885,7446.2,-113007,23527.65,20.0,0.08332291796859792
2015-12-16,4550,4585,4550,4575,2734,23870,4570.0,4545.0,4541.25,4700.416666666667,-21.843771328682124,-36.35488047029961,14.511109141617489,44.444444444444436,65.0,32.166783648373304,7270.25,-110273,23573.5,-153.0,-0.6368896474212238
2015-12-17,4570,4605,4560,4580,4772,23930,4576.0,4548.0,4546.25,4694.083333333333,-18.26613409685342,-32.737131195610374,14.470997098756953,53.6231884057971,59.642857142857146,40.73779758181303,7150.35,-105501,23556.25,60.0,0.2513615416841253
2015-12-18,4585,4635,4575,4625,3988,24724,4584.0,4559.5,4555.0,4688.416666666667,-11.665237301581328,-28.522752416804565,16.857515115223237,64.78873239436619,59.642857142857146,67.32302664351486,6720.45,-101513,23600.3,794.0,3.318010865022991
2015-12-21,4625,4745,4620,4740,10303,25474,4617.0,4580.5,4569.75,4685.25,2.8131318377518255,-22.255575565893288,25.068707403645114,72.82608695652173,62.5,139.77920686006283,6746.9,-91210,23657.45,750.0,3.033489726581462
2015-12-22,4740,4800,4725,4795,9266,25485,4663.0,4612.0,4578.75,4683.416666666667,18.511989347625786,-14.102062583189475,32.614051930815265,73.95833333333333,62.5,146.34822284839467,6582.25,-81944,23840.2,11.0,0.04318128287665868
2015-12-23,4780,4815,4700,4765,10592,24460,4701.0,4635.5,4587.25,4681.0,28.207538800118527,-5.640142306527875,33.847681106646405,71.71717171717171,66.07142857142857,112.49509791734631,6638.4,-92536,23997.6,-1025.0,-4.021973710025506
2015-12-24,4780,4895,4765,4885,19457,24331,4762.0,4669.0,4600.5,4680.333333333333,45.054963142668385,4.498878783311376,40.55608435935701,82.6086956521739,70.0,129.38231878325095,7076.35,-73079,24113.05,-129.0,-0.5273916598528161
2015-12-25,4880,4885,4825,4845,9642,24210,4806.0,4695.0,4615.0,4679.5,54.55018206469322,14.509139439587745,40.041042625105476,76.47058823529412,70.0,107.14508762107718,7009.6,-82721,24202.35,-121.0,-0.4973079610373632
2015-12-28,4870,4870,4760,4760,11946,25035,4810.0,4713.5,4627.0,4676.75,54.58717487181002,22.524746526032203,32.06242834577782,72.22222222222223,72.14285714285714,73.35444659514086,7378.5,-94667,24311.15,825.0,3.407682775712506
2015-12-29,4750,4880,4720,4870,13733,23935,4825.0,4744.0,4644.0,4676.416666666667,62.76901054836162,30.573599330498087,32.19541121786354,74.63768115942028,79.28571428571429,74.54517795499231,7701.5,-80934,24354.0,-1100.0,-4.393848611943274
2015-12-30,4890,4920,4835,4850,8654,23920,4842.0,4771.5,4658.25,4675.666666666667,66.86852271035059,37.83258400646859,29.035938703881996,71.73913043478261,81.78571428571429,80.59577657670286,7739.35,-89588,24390.85,-15.0,-0.06266973052015956
2015-12-31,4840,4875,4815,4850,8101,23735,4835.0,4798.5,4673.25,4674.75,69.31835676649189,44.12973855847326,25.18861820801863,70.22900763358778,81.78571428571429,64.96073318805225,7797.95,-89588,24404.7,-185.0,-0.7734113712374535
2016-01-04,4850,4870,4810,4820,5054,23454,4830.0,4818.0,4688.75,4671.916666666667,68.05462724618701,48.91471629601601,19.139910950171,68.14814814814815,83.57142857142857,54.34907253691531,7739.3,-94642,24384.15,-281.0,-1.1839056246050084
2016-01-05,4820,4845,4775,4810,10043,24411,4840.0,4825.0,4702.75,4669.083333333333,65.49125366479439,52.23002376977169,13.261229895022694,68.14814814814815,85.0,41.645093873561535,7972.55,-104685,24362.3,957.0,4.080327449475574
2016-01-06,4800,4820,4760,4785,7741,23996,4823.0,4824.0,4718.0,4666.416666666667,60.742271472367065,53.932473310290774,6.809798162076291,65.21739130434783,86.78571428571429,29.975768619670564,7945.15,-112426,24284.4,-415.0,-1.7000532546802671
2016-01-07,4775,4775,4675,4695,14801,21695,4792.0,4817.0,4726.25,4662.666666666667,49.14985213103682,52.97594907443999,-3.826096943403165,57.41935483870968,91.42857142857143,-2.604275735690473,8448.25,-127227,24126.6,-2301.0,-9.589098183030508
2016-01-08,4685,4725,4655,4660,8874,22209,4754.0,4794.5,4731.75,4658.166666666667,36.71533723818811,49.723826707189616,-13.008489469001503,52.287581699346404,92.14285714285714,-21.400954355411805,8605.6,-136101,24030.05,514.0,2.369209495275415
2016-01-11,4660,4665,4585,4595,11796,25465,4709.0,4769.5,4732.25,4652.916666666667,21.36960235361221,44.05298183647414,-22.68337948286193,39.86013986013985,88.92857142857143,-52.688157331587675,8943.2,-147897,24118.25,3256.0,14.660723130262499
2016-01-12,4580,4615,4570,4590,7297,25072,4665.0,4752.5,4733.0,4648.5,8.704202061096112,36.98322588139853,-28.27902382030242,34.58646616541354,86.78571428571429,-64.86510784234763,9119.1,-155194,24171.7,-393.0,-1.5432947182407175
2016-01-13,4590,4635,4585,4625,6962,24552,4633.0,4728.0,4736.0,4644.583333333333,1.4739972500256044,29.88138015512395,-28.407382905098345,39.55223880597015,82.14285714285714,-56.85887791988202,9287.8,-148232,24198.15,-520.0,-2.0740268028079156
2016-01-14,4615,4655,4595,4650,5789,24119,4624.0,4708.0,4739.75,4642.0,-2.2131888241756315,23.462466359264035,-25.675655183439666,29.56521739130436,77.14285714285714,-51.7707581583122,9440.55,-142443,24210.6,-433.0,-1.7636037797328141
2016-01-15,4655,4690,4610,4615,5786,23933,4615.0,4684.5,4741.5,4638.75,-7.868811089443625,17.196210869522503,-25.065021958966128,29.824561403508767,78.57142857142857,-52.74043101292536,9491.25,-148229,24210.75,-186.0,-0.7711762510883569
2016-01-18,4590,4665,4590,4655,9510,25558,4627.0,4668.0,4743.0,4636.416666666667,-9.019297923035083,11.953109111010987,-20.97240703404607,39.99999999999999,76.07142857142857,-55.16901656047206,9767.35,-138719,24252.45,1625.0,6.789788158609444
2016-01-19,4655,4750,4645,4740,11687,26019,4657.0,4661.0,4743.0,4635.75,-3.0372656938207,8.95503415004465,-11.99229984386535,37.0,72.14285714285714,-15.933197364423739,9836.55,-127032,24279.7,461.0,1.803740511777141
2016-01-20,4725,4755,4685,4715,8525,26866,4675.0,4654.0,4739.0,4634.833333333333,-0.31017758610141755,7.101991802815437,-7.412169388916855,36.633663366336634,71.07142857142857,-10.978652652085774,9799.5,-135557,24348.75,847.0,3.25531342480494
2016-01-21,4710,4740,4655,4700,7849,29176,4685.0,4654.5,4735.75,4634.416666666667,0.6333834964261769,5.8082701415375855,-5.174886645111409,35.57692307692308,72.85714285714286,-19.86873751530994,9662.35,-143406,24584.55,2310.0,8.598228243877015
2016-01-22,4750,4780,4730,4775,7956,28758,4717.0,4666.0,4730.25,4635.333333333333,7.3483286921800754,6.116281851666084,1.2320468405139913,46.01769911504425,74.28571428571429,16.42937101033749,9087.3,-135450,24805.9,-418.0,-1.4326843981354531
2016-01-25,4830,4845,4790,4830,8377,30775,4752.0,4689.5,4729.5,4637.916666666667,16.913048390366384,8.275635159406145,8.63741323096024,51.639344262295076,74.28571428571429,51.144540794503754,9024.05,-127073,25134.15,2017.0,7.0137005355031645
2016-01-26,4805,4820,4755,4785,10714,30369,4761.0,4709.0,4730.75,4640.333333333333,20.624289767687515,10.745366081062418,9.878923686625097,50.0,75.35714285714286,31.99073289203338,8962.45,-137787,25400.85,-406.0,-1.3192526401299753
2016-01-27,4805,4830,4790,4815,5346,30303,4781.0,4728.0,4728.0,4644.083333333333,25.690085265386188,13.734309917927172,11.955775347459015,60.526315789473685,70.71428571428571,46.668419629256036,8543.1,-132441,25719.25,-66.0,-0.21732687938358364
2016-01-28,4820,4830,4785,4815,7742,30938,4804.0,4744.5,4726.25,4648.25,29.36624885742549,16.860697705826837,12.505551151598652,64.48598130841123,68.92857142857143,49.5939022128551,8497.5,-132441,26070.15,635.0,2.0955020955020887
2016-01-29,4825,4880,4795,4865,10162,31286,4822.0,4769.5,4727.0,4653.25,35.90037988985023,20.668634142631515,15.231745747218714,75.96153846153847,69.28571428571429,71.28507216678777,8600.55,-122279,26447.7,348.0,1.1248303057728393
2016-02-01,4855,4890,4855,4860,5107,32244,4828.0,4790.0,4729.0,4657.5,40.211731782606876,24.57725367062659,15.634478111980286,75.96153846153847,68.57142857142857,80.5362245029768,8603.2,-127386,26887.2,958.0,3.0620724924886433
2016-02-02,4845,4890,4825,4870,5619,32541,4845.0,4803.0,4732.0,4662.5,43.929039028696025,28.447610742240478,15.481428286455547,74.74747474747474,69.64285714285714,72.51510461046647,8382.0,-121767,27293.7,297.0,0.9211016002977246
2016-02-03,4855,4910,4850,4880,4061,32648,4858.0,4819.5,4736.75,4667.333333333333,47.13856420408047,32.18580143460848,14.952762769471988,73.95833333333333,69.64285714285714,75.71713219229957,8198.0,-117706,27726.3,107.0,0.32881595525644514
2016-02-04,4905,4960,4890,4935,8152,31732,4882.0,4843.0,4748.75,4672.75,53.50342222805284,36.44932559329735,17.05409663475549,82.0,69.64285714285714,87.11329326875384,7865.55,-109554,28228.15,-916.0,-2.805684881156578
2016-02-05,4925,4960,4900,4915,3173,31394,4892.0,4857.0,4761.5,4677.666666666667,56.28496715021902,40.41645390468169,15.86851324553733,77.08333333333333,68.57142857142857,75.32649057016972,7580.5,-112727,28687.4,-338.0,-1.0651708054960296
2016-02-15,4910,4975,4875,4960,5016,31949,4912.0,4870.0,4779.75,4684.25,61.41255970006205,44.61567506375776,16.796884636304284,75.0,68.21428571428571,72.36457826951512,7241.5,-107711,29011.6,555.0,1.7678537300121144
2016-02-16,4980,4990,4955,4980,4202,32320,4934.0,4889.5,4799.25,4691.416666666667,66.3254876556366,48.957637582133536,17.36785007350307,80.45977011494253,65.71428571428571,80.93865796512263,7086.75,-103509,29374.0,371.0,1.1612257034649076
2016-02-17,4970,4980,4905,4905,5092,32241,4939.0,4898.5,4813.25,4696.5,63.43589573871486,51.853289213449806,11.582606525265057,70.7070707070707,65.0,56.03571499079509,6993.25,-108601,29758.45,-79.0,-0.24443069306930854
2016-02-18,4930,4960,4910,4950,4528,32967,4942.0,4912.0,4828.25,4703.083333333333,64.03879784666788,54.290390940093424,9.748406906574452,68.81720430107526,63.214285714285715,55.93986932356152,6930.2,-104073,30200.85,726.0,2.2517911975435068
2016-02-19,4945,5080,4925,5075,11603,31168,4974.0,4933.0,4851.25,4713.0,73.7528801495173,58.18288878197821,15.569991367539089,72.89719626168224,69.28571428571429,88.72593749377954,7221.05,-92470,30562.6,-1799.0,-5.456972123638792
2016-02-22,5055,5115,5050,5090,6171,31459,5000.0,4956.0,4873.0,4723.666666666667,81.71972092639862,62.89025521086229,18.82946571553633,80.1980198019802,68.57142857142857,104.78936999385446,7054.1,-86299,30857.65,291.0,0.9336498973306018
2016-02-23,5090,5130,5065,5125,5067,32069,5029.0,4981.5,4892.25,4735.0,89.82229166696015,68.27666250208188,21.545629164878278,80.3921568627451,70.0,99.60294498191199,6723.1,-81232,31160.15,610.0,1.9390317556184256
2016-02-24,5090,5135,5085,5110,6663,32002,5070.0,5004.5,4912.0,4743.25,93.95026257005702,73.4113825156769,20.538880054380115,78.0952380952381,70.35714285714286,89.5382193856072,6630.0,-87895,31416.95,-67.0,-0.2089245065327927
2016-02-25,5110,5180,5085,5165,9174,31890,5113.0,5027.5,4935.25,4752.75,100.50123393208287,78.8293527989581,21.67188113312477,78.30188679245283,71.07142857142857,93.68552347840186,6696.25,-78721,31552.65,-112.0,-0.3499781263671009
2016-02-26,5145,5175,5095,5155,7250,32266,5129.0,5051.5,4954.25,4761.666666666667,103.690727347549,83.80162770867628,19.88909963887272,77.57009345794393,74.28571428571429,82.91771531287415,6660.95,-85971,31728.05,376.0,1.179052994669183
2016-02-29,5130,5180,5115,5145,7146,32191,5140.0,5070.0,4970.0,4771.5,104.21023669188799,87.88334950531862,16.326887186569365,75.70093457943925,74.28571428571429,75.44362054102946,6599.4,-93117,31798.85,-75.0,-0.23244281906651398
2016-03-01,5160,5200,5145,5185,7373,32679,5152.0,5090.5,4990.0,4782.583333333333,106.62056182842844,91.63079196994059,14.989769858487847,76.99115044247787,73.92857142857143,78.78932662372027,6432.35,-85744,31914.35,488.0,1.5159516635084413
2016-03-02,5185,5185,5150,5175,5864,31814,5165.0,5117.5,5008.0,4793.333333333333,106.49622326784356,94.6038782295212,11.892345038322361,73.07692307692308,70.71428571428571,68.8673400522833,6458.25,-91608,31989.9,-865.0,-2.646959821291961
2016-03-03,5175,5220,5165,5200,9506,29818,5172.0,5142.5,5027.25,4803.916666666667,107.17947683698276,97.11899795101351,10.060478885969246,77.14285714285714,70.35714285714286,71.93121572771456,6546.45,-82102,31933.9,-1996.0,-6.2739674357201185
2016-03-04,5195,5265,5195,5230,9447,27824,5187.0,5158.0,5045.5,4815.25,108.88653331608657,99.47250502402814,9.414028292058433,76.47058823529412,68.21428571428571,77.476844701713,6510.7,-72655,31760.8,-1994.0,-6.687235897779864
2016-03-07,5410,5420,5300,5310,13068,26902,5220.0,5180.0,5068.0,4828.583333333333,115.36486493571465,102.65097700636545,12.713887929349198,78.94736842105263,79.28571428571429,104.6978460898915,6908.75,-59587,31493.7,-922.0,-3.3136860264519785
2016-03-08,5400,5400,5205,5240,17443,25806,5231.0,5191.5,5086.5,4840.416666666667,113.54173597746558,104.82912880058548,8.712607176880098,79.64601769911505,87.85714285714286,73.99865045941586,7499.95,-77030,31156.95,-1096.0,-4.074046539290754
2016-03-09,5150,5305,5130,5300,12559,23775,5256.0,5210.5,5107.5,4854.083333333333,115.60576045772723,106.98445513201384,8.621305325713394,80.17241379310344,96.42857142857143,55.304847353474045,7924.85,-64471,30713.3,-2031.0,-7.870262729597766
2016-03-10,5320,5340,5240,5250,7247,23246,5266.0,5219.0,5123.25,4866.083333333333,111.91682510228839,107.97092912606875,3.9458959762196315,67.32673267326733,92.5,61.35188146719753,7879.6,-71718,30289.0,-529.0,-2.2250262881177707
2016-03-11,5260,5300,5235,5260,6794,23261,5272.0,5229.5,5140.5,4877.916666666667,108.54894896794394,108.08653309444381,0.46241587350013447,67.0,92.5,52.067554275084305,8060.65,-64924,29882.35,15.0,0.06452723049126252
2016-03-14,5260,5320,5260,5290,12007,22018,5268.0,5244.0,5157.0,4889.666666666667,107.06643690863802,107.88251385728265,-0.8160769486446213,66.66666666666666,92.14285714285714,57.290565438120055,8410.2,-52917,29385.8,-1243.0,-5.343708353037268
2016-03-15,5315,5325,5245,5265,7512,21582,5273.0,5252.0,5171.25,4901.166666666667,102.69049228201766,106.84410954222966,-4.153617260212002,65.34653465346535,94.28571428571429,47.92197439482952,8575.7,-60429,28848.9,-436.0,-1.980198019801982
2016-03-16,5275,5380,5275,5375,8998,19880,5288.0,5272.0,5194.75,4914.666666666667,106.86671239185125,106.84863011215398,0.018082279697267722,68.75,95.71428571428571,72.77892260936478,8771.0,-51431,28230.85,-1702.0,-7.886201464183118
2016-03-17,5400,5525,5400,5475,17244,18279,5333.0,5299.5,5221.0,4929.666666666667,116.89803341930565,108.85851077358431,8.039522645721334,74.61538461538461,100.71428571428571,118.62156148897063,9406.8,-34187,27496.45,-1601.0,-8.053319919517099
2016-03-18,5500,5540,5485,5535,10406,16893,5388.0,5330.0,5244.0,4945.583333333333,128.21148398589594,112.72910541604664,15.482378569849303,77.85714285714286,100.71428571428571,120.2202339311519,9346.95,-23781,26782.7,-1386.0,-7.582471688823245
2016-03-21,5515,5525,5475,5490,5547,15707,5428.0,5348.0,5264.0,4960.0,132.0244554100218,116.58817541484169,15.436279995180115,71.63120567375887,101.07142857142857,95.39935396790547,9315.75,-29328,25995.1,-1186.0,-7.02065944474043
2016-03-22,5510,5515,5410,5425,6015,14316,5460.0,5366.5,5279.0,4971.416666666667,128.32208880032067,118.93495809193749,9.387130708383182,66.44736842105263,106.07142857142857,68.83782483461883,9363.15,-35343,25107.45,-1391.0,-8.855924110269308
2016-03-23,5430,5480,5420,5445,4076,13455,5474.0,5381.0,5295.75,4982.25,125.55445582918401,120.2588576393868,5.295598189797204,66.2251655629139,106.42857142857143,61.93500787801563,9233.8,-31267,24180.1,-861.0,-6.014249790444259
2016-03-24,5380,5400,5300,5310,8252,12465,5441.0,5387.0,5303.0,4991.333333333333,111.1860316400689,118.44429243952324,-7.258260799454334,54.651162790697676,111.78571428571429,13.33992160671424,9187.7,-39519,23208.85,-990.0,-7.35785953177257
2016-03-25,5230,5290,5155,5190,7739,14520,5372.0,5380.0,5304.75,4996.416666666667,89.08899238489175,112.57323242859695,-23.4842400437052,43.33333333333333,109.28571428571429,-42.41201546115239,9212.15,-47258,22321.55,2055.0,16.486161251504218
2016-03-28,5200,5235,5090,5110,10294,18419,5296.0,5362.0,5303.0,5000.833333333333,64.3794716877037,102.93448028041831,-38.555008592714614,42.857142857142854,105.71428571428571,-71.47166450494176,9369.55,-57552,21632.95,3899.0,26.852617079889818
2016-03-29,5100,5125,5015,5020,12097,21695,5215.0,5337.5,5294.75,5005.166666666667,37.107004227653306,89.76898506986531,-52.661980842212,35.1063829787234,101.07142857142857,-99.82357497200302,9605.75,-69649,21083.75,3276.0,17.78598186655085
2016-03-30,5030,5115,5030,5115,13037,20114,5149.0,5311.5,5291.75,5009.25,22.895162152371086,76.39422048636646,-53.49905833399538,43.14720812182741,100.71428571428571,-80.95637312405735,9964.4,-56612,20498.75,-1581.0,-7.2873934086195025
2016-03-31,5090,5110,5030,5080,9843,21254,5103.0,5272.0,5285.75,5013.083333333333,8.707591726979445,62.85689473448906,-54.149303007509616,41.089108910891085,102.14285714285714,-79.09021188750495,9981.25,-66455,20070.55,1140.0,5.667694143382729
2016-04-01,5100,5195,5090,5185,9345,19778,5102.0,5237.0,5283.5,5018.666666666667,5.868810433844374,51.459277874360126,-45.59046744051575,45.16129032258064,106.07142857142857,-46.72966826897835,9976.15,-57110,19668.25,-1476.0,-6.944575138797404
2016-04-05,5130,5170,5075,5110,8175,19942,5102.0,5199.0,5273.5,5023.5,-2.4050929774020915,40.68640370400768,-43.09149668140977,43.17180616740088,108.21428571428571,-54.66848363076439,9731.5,-65285,19320.25,164.0,0.8292041662453231
2016-04-06,5135,5140,5030,5050,9216,23182,5108.0,5161.5,5264.0,5027.5,-13.646412254277493,29.819840512350645,-43.46625276662814,35.02304147465438,107.85714285714286,-63.52677896102011,9320.15,-74501,19189.05,3240.0,16.247116638250937
2016-04-07,5075,5095,5035,5040,6676,23661,5093.0,5121.0,5251.0,5031.75,-23.09591981018457,19.236688447843605,-42.33260825802817,28.140703517587937,101.42857142857143,-62.98033056979284,9026.0,-81177,19183.35,479.0,2.0662583038564497
2016-04-08,5015,5015,4920,4975,16819,26109,5072.0,5087.5,5237.25,5036.416666666667,-35.42136396583737,8.30507796510741,-43.72644193094478,22.0,105.35714285714286,-79.23938076182334,9504.6,-97996,19326.5,2448.0,10.346139216432103
2016-04-11,5050,5060,4965,4990,15270,26798,5033.0,5067.5,5223.75,5041.916666666667,-43.47780751837581,-2.0514991315892352,-41.42630838678657,24.226804123711332,107.85714285714286,-62.40739648568425,9928.4,-82726,19503.35,689.0,2.638936765100164
2016-04-12,5005,5010,4950,4990,8432,27852,5009.0,5055.5,5208.75,5048.5,-49.29436235277626,-11.500071775826642,-37.79429057694962,25.966850828729278,104.64285714285714,-61.61102603910147,9749.65,-82726,19795.05,1054.0,3.9331293380102883
2016-04-13,5035,5110,4960,4980,25112,29218,4995.0,5051.5,5194.5,5055.0,-54.087453891376754,-20.017548198936666,-34.06990569244009,24.022346368715077,111.07142857142857,-48.078286052964486,10629.65,-107838,20176.85,1366.0,4.9044951888553845
2016-04-14,4975,5020,4950,5015,13424,30103,4990.0,5041.5,5176.5,5061.5,-54.43432100690279,-26.900902760529895,-27.533418246372896,31.446540880503136,105.71428571428571,-48.63889635437376,10850.95,-94414,20688.0,885.0,3.028954753918822
2016-04-15,5020,5065,5010,5020,14769,29154,4999.0,5035.5,5153.75,5067.666666666667,-53.68688845061297,-32.25809989854651,-21.428788552066457,37.5,98.57142857142857,-35.2373491476371,10727.2,-79645,21231.75,-949.0,-3.15250971663954
2016-04-18,4970,5025,4945,4990,14692,31186,4999.0,5016.0,5126.5,5073.916666666667,-54.88263914354138,-36.78300774754549,-18.099631395995893,40.47619047619048,93.92857142857143,-44.25846473001273,10941.5,-94337,21946.4,2032.0,6.969884063936349
2016-04-19,5015,5040,4965,4985,16324,32540,4998.0,5003.5,5101.25,5079.416666666667,-55.59289807226287,-40.54498581248897,-15.047912259773902,46.788990825688074,91.42857142857143,-38.61594389062593,11480.35,-110661,22788.05,1354.0,4.341691784775215
2016-04-20,5015,5090,5005,5060,33714,33214,5014.0,5004.5,5083.0,5084.75,-49.53292546003922,-42.34257374199902,-7.190351718040205,44.76190476190476,92.14285714285714,-15.526805119310135,12865.3,-76947,23732.95,674.0,2.0712968653964436
2016-04-21,5115,5245,5110,5245,38209,32494,5060.0,5025.0,5073.0,5093.583333333333,-29.46277112897951,-39.76661321939512,10.303842090415607,62.22222222222222,99.28571428571429,65.2705084489846,14571.95,-38738,24684.9,-720.0,-2.1677605828867352
2016-04-22,5175,5220,5125,5150,25502,27084,5086.0,5042.5,5065.0,5101.083333333333,-20.980880742777117,-36.009466724071515,15.028585981294398,47.368421052631575,99.64285714285714,64.21534222248167,15434.45,-64240,25415.85,-5410.0,-16.649227549701486
2016-04-25,5120,5255,5110,5240,24474,26257,5136.0,5067.5,5067.5,5108.833333333333,-6.916939491559788,-30.190961277569173,23.274021786009385,59.55882352941176,102.14285714285714,90.21039998329866,16271.2,-39766,26002.7,-827.0,-3.0534632993649335
2016-04-26,5235,5355,5210,5220,27716,23851,5183.0,5090.5,5073.0,5115.333333333333,2.5852018248233435,-23.63572865709067,26.220930481914014,63.28125,104.64285714285714,111.39044905068488,17142.3,-67482,26274.3,-2406.0,-9.163270746848461
2016-04-27,5255,5315,5210,5270,19397,24333,5225.0,5119.5,5085.5,5123.416666666667,13.98904243652214,-16.110774438368107,30.099816874890248,66.91176470588235,107.85714285714286,95.75075615617932,17507.3,-48085,26406.2,482.0,2.0208796276885765
2016-04-28,5265,5280,5225,5255,12264,24222,5227.0,5143.5,5092.5,5130.75,21.567674910798814,-8.575084568534724,30.142759479333538,72.22222222222223,103.21428571428571,79.01876935718138,17468.65,-60349,26611.6,-111.0,-0.45617063247441747
2016-04-29,5320,5320,5235,5285,10561,23931,5254.0,5170.0,5102.75,5138.583333333333,29.65272685035052,-0.9295222847576756,30.582249135108192,72.86821705426357,102.5,80.63970245401761,17504.55,-49788,26745.45,-291.0,-1.201387168689616
2016-05-03,5255,5270,5130,5160,17870,22146,5238.0,5187.0,5101.5,5143.5,25.677736468514013,4.391929465896663,21.28580700261735,61.038961038961034,109.28571428571429,37.00494524116489,17930.8,-67658,26863.85,-1785.0,-7.458944465337847
2016-05-04,5150,5150,5075,5080,17527,24352,5210.0,5196.5,5100.0,5147.166666666667,15.88903760561152,6.691351093839634,9.197686511771886,55.95238095238095,104.64285714285714,-1.0943608658054425,18398.4,-85185,27084.35,2206.0,9.961166802131306
2016-05-05,5100,5110,5050,5055,10630,25052,5167.0,5196.0,5100.25,5150.25,6.04445544686223,6.561971964444154,-0.5175165175819236,52.40963855421687,103.92857142857143,-14.638471850005253,18469.1,-95815,27177.85,700.0,2.874507227332468
2016-05-06,5005,5115,5000,5080,16469,26833,5132.0,5179.5,5102.25,5153.583333333333,0.2568830381915177,5.300954179193627,-5.044071141002109,53.529411764705884,108.21428571428571,-17.8732531619739,18958.75,-79346,27336.45,1781.0,7.109212837298418
2016-05-09,5120,5120,5020,5040,11408,26378,5083.0,5168.5,5105.5,5155.333333333333,-7.471350422028991,2.746493258949104,-10.217843680978095,52.906976744186046,109.64285714285714,-23.018212418838722,18688.2,-90754,27349.9,-455.0,-1.6956732381768758
2016-05-10,5015,5090,5000,5055,9762,25530,5062.0,5150.0,5108.75,5157.666666666667,-12.244509396024114,-0.25170727204553955,-11.992802123978574,54.02298850574712,110.71428571428571,-30.03759124493541,18412.8,-80992,27286.5,-848.0,-3.21480021229813
2016-05-11,5070,5095,5060,5085,6260,25186,5063.0,5136.5,5113.5,5159.75,-13.451462901051855,-2.8916583978468027,-10.559804503205052,51.515151515151516,106.07142857142857,-17.889036382890307,18304.2,-74732,27153.2,-344.0,-1.3474343909126496
2016-05-12,5100,5110,5065,5095,7365,25568,5071.0,5119.0,5119.25,5161.666666666667,-13.44606792178638,-5.002540302634719,-8.443527619151661,38.46153846153846,96.07142857142857,-15.112137855987127,17416.85,-67367,26970.7,382.0,1.516715635670618
2016-05-13,5045,5080,5020,5070,10785,25492,5069.0,5100.5,5122.0,5164.416666666667,-15.282911537214204,-7.058614549550617,-8.224296987663587,43.10344827586207,92.85714285714286,-34.859086688420334,17284.9,-78152,26740.15,-76.0,-0.29724655819775014
2016-05-16,5070,5085,5035,5045,7689,25933,5070.0,5076.5,5123.25,5166.0,-18.542171788193627,-9.35532599727922,-9.186845790914408,31.067961165048544,86.07142857142857,-36.76036430000037,16930.9,-85841,26579.1,441.0,1.7299544955280188
2016-05-17,5070,5080,5050,5060,5781,25680,5071.0,5066.5,5126.75,5165.75,-19.687835269295647,-11.421827851682506,-8.26600741761314,34.31372549019608,78.21428571428571,-36.07077033889823,16485.35,-80060,26303.8,-253.0,-0.9755909458990519
2016-05-18,5070,5145,5070,5090,14368,25304,5072.0,5067.5,5132.0,5165.75,-17.967909674497605,-12.731044216245527,-5.236865458252078,31.632653061224488,76.78571428571429,-18.601439072408436,16387.55,-65692,25942.0,-376.0,-1.4641744548286595
2016-05-19,5070,5145,5065,5145,12793,25398,5082.0,5076.5,5136.25,5166.083333333333,-12.02816273071494,-12.59046791913941,0.562305188424471,39.62264150943396,78.57142857142857,-10.937933583710679,15341.5,-52899,25551.2,94.0,0.37148276952261305
2016-05-20,5170,5220,5125,5210,15636,27023,5110.0,5089.5,5134.5,5167.75,-2.052256575550018,-10.482825650421534,8.430569074871515,43.36283185840708,79.28571428571429,30.422650452219955,14212.85,-37263,25277.65,1625.0,6.398141585951644
2016-05-23,5165,5230,5120,5150,20187,26004,5131.0,5100.5,5134.5,5167.5,1.0006870682464069,-8.186123106687946,9.186810174934353,49.0,76.07142857142857,19.09612041499214,13947.1,-57450,25223.65,-1019.0,-3.7708618584169074
2016-05-24,5140,5170,5095,5095,12270,26690,5138.0,5104.5,5127.25,5166.5,-1.0062737472198933,-6.750153234794335,5.743879487574442,51.57894736842105,75.35714285714286,-7.193599134575033,13336.9,-69720,25245.3,686.0,2.6380556837409586
2016-05-25,5120,5140,5095,5110,9609,27599,5142.0,5107.0,5121.75,5165.916666666667,-1.3706302408509146,-5.674248636005652,4.3036183951547375,55.91397849462366,74.28571428571429,-6.205537583559829,12431.55,-60111,25432.7,909.0,3.4057699512926254
2016-05-26,5115,5150,5070,5095,10974,29069,5132.0,5107.0,5113.0,5164.416666666667,-2.837056208899412,-5.106810150584404,2.269753941684992,51.64835164835165,71.78571428571429,-8.452625674971012,12010.4,-71085,25669.5,1470.0,5.3262799376788905
2016-05-27,5075,5100,5040,5045,12455,29304,5099.0,5104.5,5102.5,5162.25,-7.942238306842228,-5.673895781835969,-2.2683425250062585,50.53763440860215,68.92857142857143,-38.332420077733815,12019.95,-83540,25923.6,235.0,0.8084213423234399
2016-05-30,5050,5145,5005,5130,13125,28699,5095.0,5113.0,5094.75,5161.083333333333,-5.070888231933168,-5.553294271855409,0.48240603992224074,57.00934579439252,72.5,-4.658301151372828,12148.15,-70415,26162.0,-605.0,-2.064564564564564
2016-05-31,5120,5175,5120,5155,10929,27516,5107.0,5122.5,5094.5,5159.833333333333,-0.7691650879796725,-4.596468435080261,3.827303347100589,56.60377358490566,73.57142857142857,70.71620881694746,11801.1,-59486,26430.5,-1183.0,-4.122094846510327
2016-06-01,5140,5185,5130,5180,11532,30191,5121.0,5131.5,5099.5,5157.666666666667,4.604198230936163,-2.7563351018769766,7.360533332813139,57.79816513761468,74.28571428571429,79.80238072622852,11501.35,-47954,26722.45,2675.0,9.72161651402821
2016-06-02,5200,5200,5130,5170,10677,30272,5136.0,5134.0,5105.25,5156.5,7.963907973893583,-0.6122864867228646,8.576194460616447,59.43396226415094,73.92857142857143,72.38700000226598,11503.7,-58631,26983.45,81.0,0.26829187506209884
2016-06-03,5180,5190,5150,5150,8800,29575,5157.0,5128.0,5108.75,5154.0,8.909960815538398,1.292162973729388,7.6177978418090095,60.0,73.21428571428571,61.578399754531404,11120.25,-67431,27120.55,-697.0,-2.3024577167019
2016-06-06,5155,5180,5140,5155,8029,28859,5162.0,5128.5,5114.5,5152.416666666667,9.94849269072347,3.0234289171282045,6.925063773595265,59.22330097087379,73.57142857142857,50.695028639823896,10951.3,-59402,27244.6,-716.0,-2.420963651732877
2016-06-07,5165,5200,5135,5170,10256,28540,5165.0,5136.0,5120.25,5150.916666666667,11.845365325803868,4.787816198863338,7.057549126940531,58.0,72.14285714285714,56.614082165772174,10976.0,-49146,27395.1,-319.0,-1.1053744065975923
2016-06-08,5170,5180,5105,5115,9211,27181,5152.0,5136.5,5121.75,5148.0,8.809064794020742,5.592065917894819,3.216998876125923,47.0,71.78571428571429,13.523365515706612,11123.55,-58357,27494.85,-1359.0,-4.761737911702868
2016-06-13,5090,5100,5045,5050,16108,27389,5128.0,5132.0,5119.5,5144.416666666667,1.1446234680488487,4.7025774279256245,-3.5579539598767758,34.0,70.0,-63.377873353727004,11560.7,-74465,27585.9,208.0,0.7652404252970868
2016-06-14,5050,5080,5020,5020,12706,27643,5102.0,5129.5,5117.0,5138.5,-7.266487239970957,2.308764494346309,-9.575251734317266,36.170212765957444,66.42857142857143,-88.09254728936689,11656.75,-87171,27693.45,254.0,0.9273796049508842
2016-06-15,5020,5045,4965,5020,12099,28329,5075.0,5118.5,5115.75,5130.916666666667,-13.773579820443047,-0.9077043686115622,-12.865875451831485,40.963855421686745,66.78571428571429,-108.4394387274893,11877.25,-87171,27813.25,686.0,2.481640921752337
2016-06-16,5005,5065,5005,5025,9020,28783,5046.0,5105.5,5114.0,5122.416666666667,-18.315905006620596,-4.389344496213369,-13.926560510407228,39.50617283950618,67.85714285714286,-81.25692096525447,12039.2,-78151,27968.4,454.0,1.6025980444067889
2016-06-17,5010,5095,5005,5090,11991,27363,5041.0,5096.5,5114.0,5115.75,-16.480793343293044,-6.807634265629305,-9.673159077663739,49.45054945054946,68.57142857142857,-47.717797458570935,11920.35,-66160,28071.35,-1420.0,-4.933467671889657
2016-06-20,5105,5230,5090,5225,20558,28150,5076.0,5102.0,5118.0,5112.416666666667,-4.085981717115828,-6.26330375592661,2.1773220388107815,66.66666666666666,74.28571428571429,58.4148798169726,12308.6,-45602,28208.95,787.0,2.8761466213500064
2016-06-21,5230,5295,5185,5280,20468,29155,5128.0,5115.0,5121.5,5109.666666666667,10.05908131441447,-2.998826741858394,13.057908056272865,64.70588235294119,72.14285714285714,108.11094178495391,12550.2,-25134,28315.55,1005.0,3.570159857904076
2016-06-22,5290,5380,5265,5360,21826,34385,5196.0,5135.5,5132.0,5110.5,27.40852863183045,3.0826443328793753,24.325884298951074,68.14159292035399,76.42857142857143,132.94198203206273,12632.15,-3308,28734.6,5230.0,17.938604013033775
2016-06-23,5365,5555,5355,5485,69422,56206,5288.0,5167.0,5151.5,5115.416666666667,50.66056252858925,12.598227972021352,38.062334556567905,72.93233082706767,86.78571428571429,147.80306495524906,15489.75,66114,30210.4,21821.0,63.46081140031992
2016-06-24,5480,5545,5455,5505,45880,63470,5371.0,5206.0,5171.25,5122.0,69.89608125079576,24.057798627776236,45.83828262301952,74.81481481481481,88.21428571428571,125.84378820494403,17303.3,111994,32003.95,7264.0,12.923887129487955
2016-06-27,5520,5700,5520,5665,54722,71583,5459.0,5267.5,5199.75,5132.75,96.93364057730105,38.6329670176812,58.300673559619845,81.59509202453988,99.28571428571429,130.0201380583413,19490.7,166716,34129.65,8113.0,12.78241688986923
2016-06-28,5675,5765,5600,5715,45044,75230,5546.0,5337.0,5233.25,5142.75,121.00086066983658,55.10654574811228,65.8943149217243,82.55813953488372,108.21428571428571,118.2592795637839,21120.15,211760,36425.95,3647.0,5.094785074668562
2016-06-29,5720,5750,5635,5675,32533,77269,5609.0,5402.5,5260.5,5152.666666666667,135.28713440991487,71.1426634804728,64.14447092944206,78.5310734463277,111.78571428571429,97.98437914518699,22090.55,179227,38854.45,2039.0,2.710354911604407
2016-06-30,5685,5785,5675,5715,30627,77324,5655.0,5471.5,5288.5,5161.5,148.12923338678775,86.53997746173579,61.58925592505196,84.48275862068965,114.28571428571429,91.03506435588433,23075.45,209854,41344.85,55.0,0.07117990397182972
2016-07-01,5700,5760,5600,5760,33413,80146,5706.0,5538.5,5317.5,5172.333333333333,160.09236810215043,101.25045558981871,58.84191251233172,91.76470588235294,120.71428571428571,76.6873860716649,24169.5,243267,43842.6,2822.0,3.649578397392794
2016-07-04,5785,5895,5740,5860,35237,78178,5745.0,5602.0,5352.0,5185.833333333333,175.61798797199845,116.12396206625468,59.49402590574377,95.65217391304348,127.5,86.85094610619115,25397.5,278504,46237.9,-1968.0,-2.4555186784118943
2016-07-05,5825,5830,5680,5795,33032,74802,5761.0,5653.5,5384.25,5198.416666666667,180.59540538601595,129.01825073020694,51.57715465580901,89.34010152284264,134.64285714285714,67.37711366266119,26609.1,245472,48499.25,-3376.0,-4.3183504310675636
2016-07-06,5660,5765,5645,5745,26702,74239,5775.0,5692.0,5413.75,5211.25,178.44842010769844,138.90428460570524,39.544135501993196,84.95145631067962,141.07142857142858,53.170460171724805,27542.75,218770,50768.25,-563.0,-0.7526536723617028
2016-07-07,5780,5780,5675,5715,20731,74078,5775.0,5715.0,5441.0,5223.333333333333,172.33954651234853,145.5913369870339,26.74820952531462,81.4070351758794,142.14285714285714,48.864391395564255,28066.5,198039,53045.15,-161.0,-0.21686714530099183
2016-07-08,5645,5670,5605,5640,33495,74577,5751.0,5728.5,5467.25,5234.166666666667,159.60650256713325,148.39437010305377,11.212132464079474,72.19251336898395,140.0,31.119146433839255,29280.7,164544,55414.95,499.0,0.6736142984421933
2016-07-11,5645,5715,5640,5685,16394,74920,5716.0,5730.5,5499.0,5245.916666666667,151.401337053735,148.99576349319003,2.4055735605449797,71.89189189189189,137.5,34.182248173163735,29295.0,180938,57791.5,343.0,0.4599273234375145
2016-07-12,5675,5815,5655,5805,19200,77077,5718.0,5739.5,5538.25,5259.083333333333,152.82006678478956,149.76062415150994,3.059442633279616,73.05699481865284,140.71428571428572,43.70408085096263,29619.7,200138,60263.2,2157.0,2.8790710090763394
2016-07-13,5820,5930,5685,5725,33528,74059,5714.0,5744.5,5573.5,5270.833333333333,145.8083015679831,148.9701596348046,-3.1618580668214804,63.04347826086957,143.92857142857142,44.24498412940809,30691.15,166610,62549.7,-3018.0,-3.9155649545259963
2016-07-14,5705,5815,5680,5745,17027,74567,5720.0,5747.5,5609.5,5283.416666666667,140.24856185033786,147.22584007791124,-6.977278227573379,63.04347826086957,147.14285714285714,34.58102992310786,31091.5,183637,64838.9,508.0,0.685939588706308
2016-07-15,5740,5785,5705,5770,11667,74226,5746.0,5748.5,5643.5,5296.5,136.2886682043163,145.03840570319227,-8.749737498875959,56.68789808917197,138.92857142857142,33.87752947690207,31075.3,195304,67182.05,-341.0,-0.4573068515563161
2016-07-18,5745,5775,5710,5730,11627,73766,5755.0,5735.5,5668.75,5307.666666666667,128.44215702063138,141.7191559666801,-13.276998946048707,50.96774193548388,131.78571428571428,26.890461314981277,30628.75,183677,69462.85,-460.0,-0.6197289359523572
2016-07-19,5735,5740,5655,5700,16442,74392,5734.0,5726.0,5689.75,5315.25,118.437714845144,137.06286774237287,-18.625152897228872,51.63398692810458,129.64285714285714,8.20578427980671,30427.45,167235,71724.7,626.0,0.8486294498820657
2016-07-20,5700,5715,5615,5665,20241,73536,5722.0,5718.0,5705.0,5323.833333333333,106.45773633335102,130.94184146056853,-24.484105127217504,46.71052631578948,128.92857142857142,-17.375447094507606,30348.2,146994,73682.25,-856.0,-1.1506613614367112
2016-07-21,5650,5790,5650,5775,23826,75269,5728.0,5724.0,5719.5,5332.75,104.63344848128054,125.68016286471094,-21.0467143834304,50.909090909090914,127.5,21.330987064103727,28068.4,170820,74635.4,1733.0,2.356668842471721
2016-07-22,5750,5780,5655,5705,17086,72764,5715.0,5730.5,5729.5,5340.833333333333,96.42771357175207,119.82967300611917,-23.4019594343671,40.25157232704402,125.35714285714286,-6.448840589108831,26628.7,153734,75100.1,-2505.0,-3.328063346131871
2016-07-25,5680,5695,5630,5665,12027,71397,5702.0,5728.5,5729.5,5347.416666666667,85.70894447087721,113.00552729907079,-27.29658282819358,41.55844155844156,117.85714285714286,-63.68975199409071,24493.95,141707,75090.8,-1367.0,-1.8786762684844138
2016-07-26,5625,5655,5530,5610,25766,71566,5684.0,5709.0,5724.25,5353.333333333333,71.94684395627792,104.79379063051223,-32.84694667423432,41.29032258064517,116.78571428571429,-111.64557305385038,23530.05,115941,74907.6,169.0,0.23670462344356213
2016-07-27,5630,5730,5575,5590,13904,71078,5669.0,5695.5,5720.0,5358.416666666667,58.74922282425632,95.58487706926107,-36.83565424500475,41.830065359477125,120.35714285714286,-73.44538555381017,22598.6,102037,74598.05,-488.0,-0.6818880473968059
2016-07-28,5590,5715,5550,5700,17333,71313,5654.0,5691.0,5719.25,5367.416666666667,56.51462822994472,87.7708273013978,-31.256199071453082,53.75,124.28571428571429,-48.22219600564584,21933.9,119370,74297.5,235.0,0.33062269619290596
2016-07-29,5690,5745,5605,5610,14220,69627,5635.0,5675.0,5711.75,5376.25,46.94034895257937,79.60473163163411,-32.66438267905474,45.56213017751479,128.92857142857142,-46.22145066259398,20974.25,105150,73771.55,-1686.0,-2.3642253165621963
2016-08-01,5625,5780,5625,5730,21840,68220,5648.0,5675.0,5705.25,5387.5,48.47684981558359,73.379155268424,-24.90230545284041,45.56213017751479,129.64285714285714,9.790404380681325,20304.4,126990,73273.65,-1407.0,-2.0207678055926603
2016-08-02,5700,5735,5670,5700,18298,62572,5666.0,5675.0,5700.5,5397.833333333333,46.73505590693367,68.05033539612594,-21.315279489192278,48.42767295597484,116.78571428571429,3.4289102850005575,19567.7,108692,72662.15,-5648.0,-8.279097038991502
2016-08-03,5690,5850,5690,5825,28939,63656,5713.0,5691.0,5704.5,5410.916666666667,54.809319301502,65.40213217720115,-10.592812875699153,54.44444444444445,118.57142857142857,82.40051377508132,19679.55,137631,72133.0,1084.0,1.7324042702806297
2016-08-04,5840,5860,5795,5840,19262,64111,5741.0,5697.5,5710.75,5424.0,61.70728270976451,64.66316228371383,-2.9558795739493178,53.932584269662925,117.5,103.86938697682388,19606.1,156893,71634.65,455.0,0.7147794394872342
2016-08-05,5890,5890,5785,5810,18324,61943,5781.0,5708.0,5719.25,5436.083333333333,64.01529070529978,64.53358796803101,-0.5182972627312381,54.54545454545455,120.35714285714286,88.06490615100323,18847.55,138569,71002.95,-2168.0,-3.3816349768370446
2016-08-08,5800,5975,5785,5970,21749,59602,5829.0,5738.5,5733.5,5450.666666666667,77.85757285900763,67.19838494622634,10.659187912781292,63.366336633663366,127.85714285714286,119.64642111929074,19115.3,160318,70237.05,-2341.0,-3.7792809518428228
2016-08-09,5985,6075,5935,5995,23909,61088,5888.0,5777.0,5743.0,5466.083333333333,89.80970192121094,71.72064834122327,18.089053579987677,66.5,130.71428571428572,134.01868004892577,19350.75,184227,69437.6,1486.0,2.493204926009196
2016-08-10,5990,6000,5895,5940,13128,57801,5911.0,5812.0,5753.75,5481.0,93.76296882839415,76.12911243865744,17.633856389736707,58.730158730158735,128.21428571428572,91.34762104926843,18330.75,171099,68624.7,-3287.0,-5.380762179151388
2016-08-11,5915,6020,5885,5955,15007,55219,5934.0,5837.5,5764.25,5495.916666666667,96.98831505107592,80.30095296114115,16.687362089934766,64.04494382022472,128.92857142857142,83.19515145735447,18229.75,186106,67657.3,-2582.0,-4.467050743066725
2016-08-12,5995,6000,5915,5950,10708,50629,5962.0,5871.5,5773.25,5510.25,98.01115536741054,83.84299344239503,14.16816192501551,66.66666666666666,129.64285714285714,74.53634936485544,18181.8,175398,66477.45,-4590.0,-8.312356254187868
2016-08-15,5910,6010,5910,5955,9619,49646,5959.0,5894.0,5784.5,5523.75,98.09445014097764,86.69328478211156,11.40116535886608,71.42857142857143,127.14285714285714,67.83534919044018,18081.4,185017,65271.45,-983.0,-1.9415749866677157
2016-08-16,5960,5980,5905,5950,7368,46374,5950.0,5919.0,5797.0,5536.083333333333,96.64296370840566,88.68322056737038,7.9597431410352755,72.78481012658227,121.42857142857143,56.58002538352122,17627.7,177649,63870.55,-3272.0,-6.5906618861539705
2016-08-17,5935,5960,5840,5865,12188,41200,5935.0,5923.0,5807.0,5548.0,87.62378814205022,88.47133408230636,-0.8475459402561398,60.7843137254902,118.21428571428571,31.86909626404699,17225.05,165461,62253.75,-5174.0,-11.157113900030192
2016-08-18,5665,5690,5605,5655,9645,44413,5875.0,5904.5,5801.0,5557.333333333333,62.80678405852814,83.33842407755071,-20.531640019022575,52.54237288135593,126.78571428571429,-54.57466587828937,16516.0,155816,60710.95,3213.0,7.798543689320381
2016-08-19,5665,5700,5640,5665,8364,45842,5818.0,5890.0,5799.0,5566.583333333333,43.44523631151242,75.35978652434305,-31.914550212830633,45.80645161290323,118.92857142857143,-46.417152921837626,16079.9,164180,59364.85,1429.0,3.217526399927939
2016-08-22,5645,5695,5645,5690,8023,47210,5765.0,5862.0,5800.25,5576.5,29.77513210730831,66.24285564093611,-36.467723533627804,49.350649350649356,117.85714285714286,-43.85417634007523,15879.7,172203,58155.5,1368.0,2.9841629946337322
2016-08-23,5690,5700,5655,5665,7043,46289,5708.0,5829.0,5803.0,5586.833333333333,16.73131676660978,56.34054786607085,-39.60923109946107,38.059701492537314,109.64285714285714,-48.08604661329177,14943.55,165160,56891.65,-921.0,-1.9508578690955347
2016-08-24,5680,5700,5570,5595,13465,44347,5654.0,5794.5,5803.25,5594.583333333333,0.7370874624548378,45.21985578534765,-44.48276832289281,33.103448275862064,114.28571428571429,-66.96182903148812,14921.6,151695,55555.1,-1942.0,-4.1953811920758755
2016-08-25,5570,5630,5520,5570,15527,44873,5637.0,5756.0,5796.75,5601.5,-13.796705724132153,33.41654348345169,-47.21324920758384,33.33333333333333,114.64285714285714,-80.02691961028924,14831.3,136168,54233.1,526.0,1.1861005254019341
2016-08-26,5570,5585,5545,5550,9887,43386,5614.0,5716.0,5793.75,5607.666666666667,-26.621794907651747,21.408875805231006,-48.03067071288275,13.793103448275858,103.92857142857143,-79.45544511907744,14614.65,126281,52921.05,-1487.0,-3.3137967151739334
2016-08-29,5540,5560,5500,5505,10619,44028,5577.0,5671.0,5782.5,5613.25,-39.95630301544952,9.135840041094898,-49.092143056544415,9.166666666666671,98.21428571428571,-82.93677609290347,14053.6,115662,51711.45,642.0,1.479740008297603
2016-08-30,5510,5565,5505,5545,9908,45268,5553.0,5630.5,5774.75,5619.833333333333,-46.757341527081735,-2.0427962725404285,-44.71454525454131,16.239316239316224,95.0,-71.22336235204173,13634.1,125570,50846.25,1240.0,2.8163895702734587
2016-08-31,5545,5545,5440,5470,12879,45075,5528.0,5591.0,5757.0,5625.083333333333,-57.53584928944747,-13.141406875921836,-44.39444241352563,12.403100775193792,92.85714285714286,-77.10942184335556,12831.1,112691,49917.2,-193.0,-0.4263497393302118
2016-09-01,5450,5505,5445,5470,10698,44558,5508.0,5572.5,5738.5,5630.083333333333,-65.32486990908455,-23.578099482554382,-41.746770426530176,12.5,91.07142857142857,-71.30812833990328,12402.9,112691,48939.55,-517.0,-1.1469772601220174
2016-09-02,5465,5515,5450,5470,10129,44482,5492.0,5553.0,5721.5,5636.0,-70.68293597963748,-32.999066781971,-37.683869197666475,11.811023622047244,88.57142857142857,-62.77767613677455,11993.15,112691,48066.5,-76.0,-0.17056420844742126
2016-09-05,5490,5525,5450,5480,9959,45194,5487.0,5532.0,5697.0,5643.166666666667,-73.27762665053069,-41.05477875568294,-32.22284789484775,13.28125,88.57142857142857,-55.13460617476254,11403.65,122650,47346.1,712.0,1.600647452902293
2016-09-06,5495,5610,5480,5610,19137,43122,5500.0,5526.5,5677.75,5653.0,-64.10506091803381,-45.66483518815311,-18.4402257298807,31.38686131386862,89.28571428571429,-30.64322884277813,11165.05,141787,46447.8,-2072.0,-4.584679382218882
2016-09-07,5570,5615,5555,5570,15568,42961,5520.0,5524.0,5659.25,5662.166666666667,-59.37891898040107,-48.407651946602705,-10.971267033798362,41.747572815533985,75.0,-23.371823174947185,11287.05,126219,45705.8,-161.0,-0.3733593061546303
2016-09-08,5580,5640,5580,5610,22117,46367,5548.0,5528.0,5642.0,5671.916666666667,-51.80853519473021,-49.08782859622821,-2.720706598501998,44.95412844036698,75.71428571428571,-10.85780261693435,11642.55,148336,45263.2,3406.0,7.928120853797638
2016-09-09,5605,5660,5600,5660,13384,46405,5586.0,5539.0,5627.5,5681.416666666667,-41.29830818094615,-47.5299245131718,6.231616332225649,47.368421052631575,76.42857142857143,3.5405159283987673,11776.35,161720,45052.0,38.0,0.08195483857054153
2016-09-12,5660,5750,5605,5675,29372,51429,5625.0,5556.0,5613.5,5688.916666666667,-31.39658264956597,-44.303256140450635,12.906673490884664,50.89285714285714,83.57142857142857,24.517722030453502,12764.0,191092,45141.15,5024.0,10.826419566857016
2016-09-13,5695,5720,5635,5665,27540,58007,5636.0,5568.0,5599.25,5695.333333333333,-24.078745465155407,-40.25835400539159,16.17960854023618,56.99999999999999,80.35714285714286,36.05158514879503,13772.6,163552,45722.8,6578.0,12.790448968480828
2016-09-14,5655,5790,5650,5735,37538,64578,5669.0,5594.5,5592.75,5701.583333333333,-12.486950001984042,-34.70407320471008,22.217123202726036,65.13761467889908,82.5,83.3005420780024,15040.1,201090,46891.7,6571.0,11.327943179271461
2016-09-19,5750,5940,5750,5910,56057,80136,5729.0,5638.5,5605.5,5708.666666666667,10.697356415053946,-25.623787280757274,36.321143695811216,75.71428571428571,94.28571428571429,132.14952270826356,17360.7,257147,48677.85,15558.0,24.091795967667018
2016-09-20,5920,6000,5880,5935,62089,95475,5784.0,5685.0,5619.0,5715.833333333333,30.73409384817387,-14.352211054971047,45.08630490314492,81.61764705882354,98.57142857142857,129.49904763725394,20046.95,319236,51159.5,15339.0,19.141209943096737
2016-09-21,5950,6015,5920,5980,37096,103018,5845.0,5735.0,5633.5,5721.083333333333,49.67188991289004,-1.5473908613988296,51.21928077428887,81.75182481751824,101.07142857142857,115.64980646956347,21500.6,356332,53949.9,7543.0,7.900497512437821
2016-09-22,5995,6045,5960,6015,54010,113171,5915.0,5775.5,5651.0,5726.083333333333,66.73515589051203,12.109118488983343,54.62603740152869,92.24806201550388,99.64285714285714,105.90254100541617,23848.95,410342,57294.0,10153.0,9.855559222660126
2016-09-23,6015,6045,5905,5980,59490,110080,5964.0,5816.5,5670.25,5731.166666666667,76.55127418192023,24.99754962757072,51.553724554349515,87.5,105.35714285714286,84.27628942567898,26150.2,350852,60580.65,-3091.0,-2.731265076742273
2016-09-26,5980,6000,5925,5965,35311,108199,5975.0,5852.0,5690.0,5735.333333333333,82.17300476143373,36.432640654343324,45.74036410709041,85.61151079136691,106.07142857142857,71.4617056638527,27139.4,315541,63746.95,-1881.0,-1.7087572674418627
2016-09-27,5990,6115,5915,5965,78183,112583,5981.0,5882.5,5710.75,5738.75,85.64105003300119,46.2743225300749,39.366727502926295,85.4014598540146,115.0,71.34971832979068,30554.2,315541,67206.8,4384.0,4.051793454653008
2016-09-28,5950,5990,5925,5950,36951,107447,5975.0,5910.0,5733.0,5740.25,86.18563194054877,54.25658441216967,31.9290475283791,79.82456140350877,110.35714285714286,54.768730558527174,31870.8,278590,70377.75,-5136.0,-4.561967615004036
2016-09-29,6000,6035,5880,5960,59458,98469,5964.0,5939.5,5753.75,5743.0,86.42784703118559,60.690836935972854,25.73701009521274,86.11111111111111,117.14285714285714,50.26473632029193,34348.3,338048,73037.8,-8978.0,-8.355747484806464
2016-09-30,5955,6050,5915,6020,44551,98230,5972.0,5968.0,5781.25,5747.583333333333,90.41900874571638,66.63647129792156,23.782537447794823,86.60714285714286,121.78571428571429,53.80767626235971,35931.9,382599,75695.55,-239.0,-0.2427159816795088
2016-10-10,6090,6205,6050,6185,59826,102819,6016.0,5995.5,5817.0,5755.416666666667,105.67796440529855,74.44476991939696,31.233194485901592,88.88888888888889,130.71428571428572,81.78291110901446,38388.3,442425,78608.6,4589.0,4.671688893413428
2016-10-11,6245,6320,6195,6295,48179,107599,6082.0,6031.5,5858.25,5766.333333333333,125.2036081339711,84.5965375623118,40.60707057165931,90.25974025974025,130.0,98.01446294962165,40290.8,490604,81764.45,4780.0,4.648946206440452
2016-10-12,6300,6340,6250,6335,34589,113223,6159.0,6067.0,5901.0,5777.166666666667,142.26553859792784,96.13033776943502,46.13520082849283,91.875,130.35714285714286,95.05348791646874,41522.3,525193,85165.9,5624.0,5.226814375598288
2016-10-13,6315,6370,6295,6325,48969,121677,6232.0,6098.0,5936.75,5785.833333333333,153.21416743894315,107.54710370333666,45.66706373560649,89.86486486486487,125.71428571428571,88.53243652479046,43013.9,476224,89093.65,8454.0,7.466680798071068
2016-10-14,6335,6395,6315,6355,36251,121281,6299.0,6135.5,5976.0,5796.333333333333,162.43928499314097,118.52553996129754,43.91374503184343,87.39495798319328,116.78571428571429,84.2510231551624,44048.05,512475,93009.65,-396.0,-0.325451810942079
2016-10-17,6370,6515,6335,6500,56852,118960,6362.0,6189.0,6020.5,5808.916666666667,179.38273282058253,130.69697853315455,48.68575428742798,89.5104895104895,121.07142857142857,92.67967645859333,45784.8,569327,96639.3,-2321.0,-1.9137375186550232
2016-10-18,6500,6525,6440,6500,28885,120181,6403.0,6242.5,6062.5,5821.083333333333,190.61326621449643,142.68023606942293,47.9330301450735,88.80597014925374,120.35714285714286,89.5255437816448,46559.85,569327,100328.1,1221.0,1.0263954270342879
2016-10-19,6500,6610,6485,6590,50028,114129,6454.0,6306.5,6108.25,5835.416666666667,204.4193733896209,155.02806353346253,49.39130985615836,89.65517241379311,123.21428571428571,92.33278000058667,47592.65,619355,103463.1,-6052.0,-5.03573776220867
2016-10-20,6610,6655,6595,6645,38066,114241,6518.0,6375.0,6157.25,5851.166666666667,217.29402290415237,167.4812554076005,49.812767496551885,94.63087248322148,117.85714285714286,94.37262488931708,48118.95,657421,106274.8,112.0,0.0981345670250322
2016-10-21,6600,6640,6535,6590,39664,109312,6565.0,6432.0,6200.0,5866.583333333333,220.51724947076127,178.08845422023265,42.42879525052862,89.80891719745223,120.35714285714286,78.12660614764627,48225.25,617757,108511.5,-4929.0,-4.314563072802235
2016-10-24,6620,6760,6590,6750,45154,106952,6615.0,6488.5,6242.0,5882.833333333333,233.29308510590272,189.12938039736667,44.163704708536045,91.53439153439153,118.21428571428571,87.5335136855646,47680.1,662911,109852.3,-2360.0,-2.1589578454332514
2016-10-25,6760,6990,6745,6875,73273,94806,6690.0,6546.5,6289.0,5902.333333333333,250.61554225473446,201.42661276884024,49.18892948589422,93.8388625592417,131.07142857142858,100.6461825326986,48239.3,736184,109818.85,-12146.0,-11.35649637220435
2016-10-26,6825,6860,6735,6835,48794,95804,6739.0,6596.5,6331.75,5921.833333333333,258.1403671747048,212.7693636500132,45.371003524691616,90.3225806451613,130.0,79.67331362621366,48824.2,687390,109458.15,998.0,1.0526759909710304
2016-10-27,6850,6940,6805,6885,47277,100753,6787.0,6652.5,6375.25,5943.083333333333,265.08271869690725,223.232034659392,41.85068403751524,90.23255813953489,130.0,79.62303146307275,48487.55,734667,108837.25,4949.0,5.165755083295065
2016-10-28,6900,7140,6895,7135,66443,106872,6896.0,6730.5,6433.0,5968.833333333333,287.44401725479474,236.07443117847257,51.36958607632218,90.94827586206897,135.0,92.85431998754508,48835.2,801110,108676.85,6119.0,6.073268289777967
2016-10-31,7170,7380,7140,7380,73324,114977,7022.0,6818.5,6503.75,5996.833333333333,321.23199740977907,253.10594442473388,68.12605298504519,91.89189189189189,142.85714285714286,107.4066508347206,50735.85,874434,109015.75,8105.0,7.583838610674443
2016-11-01,7360,7545,7290,7335,113289,106302,7114.0,6902.0,6572.25,6025.583333333333,340.4535545407807,270.57546644794326,69.87808809283746,88.46153846153847,154.64285714285714,101.39222517548332,52491.15,761145,108701.7,-8675.0,-7.544987258321234
2016-11-02,7350,7475,7185,7300,127842,106669,7207.0,6973.0,6639.75,6051.75,348.84134369423464,286.22864189720156,62.61270179703308,86.79245283018868,170.0,82.89315625131769,57035.7,633303,108662.8,367.0,0.3452427988184681
2016-11-03,7330,7505,7295,7435,145203,103904,7317.0,7052.0,6713.5,6080.666666666667,362.2068042139572,301.4242743605527,60.78252985340447,87.76223776223776,179.28571428571428,84.1266733364421,61322.95,778506,108934.55,-2765.0,-2.592130797138814
2016-11-04,7500,7580,7285,7375,132855,97029,7365.0,7130.5,6781.25,6106.5,363.76428121130266,313.8922757307027,49.87200548059997,82.5278810408922,187.5,76.78735257188514,65738.15,645651,108874.5,-6875.0,-6.616684631967972
2016-11-07,7430,7515,7335,7415,102544,95163,7372.0,7197.0,6842.75,6132.75,364.0299480187814,323.9198101883185,40.11013783046292,83.03249097472924,194.28571428571428,70.54328209172964,67874.05,748195,108491.7,-1866.0,-1.9231363819064429
2016-11-08,7445,7780,7410,7690,187408,94886,7443.0,7278.5,6912.5,6164.083333333333,382.02692403012406,335.5412329566796,46.48569107344446,85.03184713375796,211.78571428571428,83.94908321747376,74835.5,935603,107856.05,-277.0,-0.29107951619852246
2016-11-09,7780,7950,7735,7950,155742,86579,7573.0,7390.0,6993.25,6197.083333333333,412.5142764717157,350.93584165968684,61.57843481202883,86.7605633802817,225.71428571428572,97.32395558117145,80893.15,1091345,106523.85,-8307.0,-8.754716185738676
2016-11-10,7960,7960,7690,7835,109842,82298,7653.0,7485.0,7068.75,6227.75,422.5255722425154,365.2537877762526,57.27178446626283,83.92370572207085,237.14285714285714,81.87951085100742,83936.8,981503,104554.9,-4281.0,-4.944617054944045
2016-11-11,7870,8160,7860,8040,120528,80635,7786.0,7575.5,7153.0,6262.75,441.9073501570456,380.5845002524112,61.32284990463438,84.30851063829788,248.21428571428572,89.95592610468057,88150.65,1102031,102522.6,-1663.0,-2.02070524192568
2016-11-14,7805,7935,7685,7925,140509,84389,7888.0,7630.0,7224.25,6295.583333333333,442.88273342162574,393.0441468862541,49.83858653537163,78.07486631016043,256.07142857142856,65.83681287631869,92333.5,961522,100794.05,3754.0,4.655546598871463
2016-11-15,7980,8205,7805,7915,201526,80545,7933.0,7688.0,7295.0,6328.333333333333,437.80210511414043,401.9957385318314,35.80636658230901,79.34782608695653,274.64285714285717,71.34423780456402,100965.55,759996,98812.25,-3844.0,-4.555096043323181
2016-11-16,8050,8095,7775,7955,141070,82056,7934.0,7753.5,7363.25,6361.666666666667,432.0232412821906,408.0012390819033,24.022002200287318,79.23497267759564,287.85714285714283,62.0168527548529,105517.65,901066,97208.6,1511.0,1.8759699546837094
2016-11-17,7930,7940,7655,7785,134836,81214,7924.0,7788.5,7420.25,6392.25,409.01104607160505,408.20320047984364,0.8078455917614065,68.57142857142857,291.07142857142856,42.40490409530062,110356.15,766230,95557.25,-842.0,-1.0261284976113894
2016-11-18,7740,7745,7415,7415,165446,78708,7799.0,7792.5,7461.5,6418.083333333333,356.804784341698,397.92351725221454,-41.11873291051654,50.93333333333334,300.0,8.930033335767405,116645.25,600784,94027.05,-2506.0,-3.0856748836407544
2016-11-21,7355,7495,7310,7395,142996,70188,7693.0,7790.5,7493.75,6447.083333333333,310.240849546567,380.38698371108507,-70.14613416451806,51.621621621621614,295.0,-11.244023778105975,121537.35,457788,92188.85,-8520.0,-10.824820856837935
2016-11-22,7505,7645,7480,7535,129300,66989,7617.0,7775.0,7526.75,6478.25,281.39171716238616,360.5879304013453,-79.19621323895916,56.010230179028135,292.14285714285717,4.821991769799072,124338.7,587088,90798.0,-3199.0,-4.557759161110164
2016-11-23,7540,7590,7185,7405,186034,69807,7507.0,7720.5,7555.25,6506.833333333333,245.2120069791972,337.5127457169157,-92.30073873771846,49.23076923076923,306.07142857142856,-24.998542892187714,131200.7,401054,89498.15,2818.0,4.206660795055894
2016-11-24,7480,7635,7340,7440,128434,62140,7438.0,7681.0,7583.0,6536.416666666667,216.86366416354485,313.3829294062415,-96.51926524269663,51.688311688311686,306.07142857142856,-19.87267207470621,135258.55,529488,87567.5,-7667.0,-10.983139226725115
2016-11-25,7455,7510,7300,7305,104078,57845,7416.0,7607.5,7591.5,6564.916666666667,181.41281250839256,286.9889060266717,-105.57609351827915,47.277227722772274,308.2142857142857,-45.49389740186392,137140.3,425410,85116.15,-4295.0,-6.911812037335052
2016-11-28,7290,7375,7215,7275,86889,53484,7392.0,7542.5,7586.25,6593.333333333333,149.17738386109886,259.42660159355717,-110.2492177324583,38.309859154929576,293.2142857142857,-62.22234230329121,137818.55,338521,82041.5,-4361.0,-7.539113147203736
2016-11-29,7250,7285,7115,7180,82782,54618,7321.0,7469.0,7578.5,6620.5,114.64333140112649,230.46994755507103,-115.82661615394454,26.08695652173914,286.7857142857143,-75.80379676156406,136293.2,255739,79457.3,1134.0,2.120260264752072
2016-11-30,7110,7165,6845,7020,64658,54312,7244.0,7375.5,7564.5,6645.75,73.51672811879871,199.07930366781656,-125.56257554901785,25.377643504531733,291.42857142857144,-98.8543801482014,133134.0,191081,76839.45,-306.0,-0.5602548610348257
2016-12-01,7125,7170,6965,6975,48572,48850,7151.0,7294.5,7541.5,6669.583333333333,36.867489329296404,166.63694080011254,-129.76945147081614,14.381270903010034,282.85714285714283,-84.10983106257808,128302.45,142509,74086.75,-5462.0,-10.056709382825158
2016-12-02,6645,6800,6580,6750,90271,56933,7040.0,7228.0,7510.25,6690.916666666667,-10.215162022355798,131.26652023561888,-141.48168225797468,13.395638629283482,285.7142857142857,-112.5170818819121,126173.25,52238,72081.95,8083.0,16.546571136131007
2016-12-05,6750,6945,6730,6820,128356,61862,6949.0,7170.5,7480.5,6713.416666666667,-41.402821491345094,96.7326518902261,-138.1354733815712,17.117117117117118,272.5,-84.06763367797532,127463.85,180594,70416.9,4929.0,8.657544833400665
2016-12-06,6825,6885,6745,6810,75893,62552,6875.0,7098.0,7436.5,6735.75,-66.16349120076575,64.15342327202772,-130.31691447279348,14.98470948012232,259.64285714285717,-76.08757608076935,121888.1,104701,68800.2,690.0,1.1153858588471177
2016-12-07,6845,7080,6825,7040,148661,73914,6879.0,7061.5,7391.0,6761.75,-66.46129805343844,38.03047900693449,-104.49177706037293,28.023598820058993,257.5,-50.49113342601296,121534.05,253362,68166.95,11362.0,18.164087479217294
2016-12-08,6990,7265,6900,7135,199467,82509,6911.0,7031.0,7356.0,6787.166666666667,-58.358881222300624,18.75260696108747,-77.11148818338809,40.140845070422536,257.14285714285717,-32.39209648889835,126015.3,452829,68177.5,8595.0,11.62837892686095
2016-12-09,7035,7090,6810,6960,163793,73462,6953.0,6996.5,7302.0,6810.333333333333,-65.30588933212493,1.9409077024449886,-67.24679703456992,36.19047619047618,267.14285714285717,-46.330694771325035,128178.55,289036,67818.85,-9047.0,-10.964864439030897
2016-12-12,7100,7165,6990,7010,116123,71684,6991.0,6970.0,7256.25,6833.666666666667,-66.01587130612188,-11.650448099268385,-54.36542320685349,32.32323232323233,263.92857142857144,-29.323516709846693,126959.25,405159,67183.6,-1778.0,-2.4202989300590727
2016-12-13,7000,7035,6895,6940,84528,68617,7017.0,6946.0,7207.5,6855.0,-71.40385295177657,-23.601129069770025,-47.802723882006546,33.684210526315795,245.0,-39.44768128474962,121109.35,320631,66587.2,-3067.0,-4.278500083700687
2016-12-14,6875,6925,6720,6800,103546,65721,6969.0,6924.0,7149.75,6873.75,-85.97957813909125,-36.07681888363427,-49.90275925545698,29.084967320261427,239.64285714285714,-58.49140125915802,119233.15,217085,65770.45,-2896.0,-4.220528440473936
2016-12-15,6750,6850,6715,6735,77247,68260,6889.0,6900.0,7097.25,6891.583333333333,-101.60466678283956,-49.18238846347533,-52.42227831936423,30.47945205479452,234.28571428571428,-63.84001592945429,116353.7,139838,65122.75,2539.0,3.863300923601276
2016-12-16,6765,6780,6485,6490,140373,76981,6795.0,6874.0,7051.0,6904.166666666667,-132.23281695349215,-65.7924741614787,-66.44034279201345,26.56716417910448,243.92857142857142,-86.86801828779933,115100.05,-535,65036.4,8721.0,12.776150014649868
2016-12-19,6470,6490,6290,6290,110451,75446,6651.0,6821.0,6995.75,6910.5,-170.67672017034602,-86.76932336325217,-83.90739680709385,25.0,246.07142857142858,-107.08143341833127,113472.8,-110986,65299.3,-1535.0,-1.9939985191151033
2016-12-20,6270,6310,6170,6215,134841,75711,6506.0,6761.5,6929.75,6915.166666666667,-204.8344594978489,-110.38235059017153,-94.45210890767738,26.25368731563421,232.14285714285714,-109.85374182881337,113749.85,-245827,65735.4,265.0,0.35124459878588254
2016-12-21,6240,6365,6225,6310,142759,77660,6408.0,6688.5,6875.0,6920.666666666667,-221.68357766614554,-132.64259600536633,-89.04098166077921,30.945558739255006,228.21428571428572,-87.56987688557959,111586.1,-103068,66128.05,1949.0,2.5742626566813254
2016-12-22,6290,6375,6290,6335,110452,69356,6328.0,6608.5,6819.75,6926.0,-230.36384315223313,-152.1868454347397,-78.17699771749344,36.569579288025885,206.07142857142858,-75.79819957184623,110687.0,7384,66488.85,-8304.0,-10.69276332732423
2016-12-23,6370,6485,6255,6360,120168,69148,6302.0,6548.5,6772.5,6932.333333333333,-232.54508997862922,-168.2584943435176,-64.28659563511161,34.66666666666667,207.14285714285714,-65.0677477888525,111491.5,127552,67054.0,-208.0,-0.29990195513005524
2016-12-26,6340,6400,6190,6395,113710,66591,6323.0,6487.0,6728.5,6939.5,-228.81193475738746,-180.36918242629162,-48.442752331095846,36.393442622950815,212.14285714285714,-65.11647034380034,112832.55,241262,67709.35,-2557.0,-3.6978654480245288
2016-12-27,6360,6435,6265,6345,129964,73697,6349.0,6427.5,6686.75,6945.833333333333,-227.2681586181543,-189.74897766466415,-37.51918095349015,24.163568773234203,205.0,-56.62797509980748,115191.65,111298,68663.3,7106.0,10.671111711792891
2016-12-28,6445,6470,6180,6195,192164,87186,6326.0,6367.0,6645.5,6949.916666666667,-235.43450883820697,-198.88608389937272,-36.548424938834245,16.42857142857143,199.64285714285714,-60.83814503374837,121566.95,-80866,70307.0,13489.0,18.30332306606781
2016-12-29,6205,6290,6135,6245,119853,81040,6308.0,6318.0,6609.0,6954.666666666667,-235.16102814066107,-206.1410727476304,-29.01995539303067,21.960784313725483,187.5,-63.4912024277985,125131.0,38987,71916.5,-6146.0,-7.049296905466473
2016-12-30,6205,6275,6160,6210,101160,77039,6278.0,6290.0,6582.0,6957.833333333333,-235.05888767232045,-211.92463573256845,-23.134251939752005,18.253968253968253,181.07142857142858,-58.626561954593136,125675.45,-62173,72921.8,-4001.0,-4.937068114511356
2017-01-03,6215,6240,6010,6025,148545,85110,6204.0,6263.5,6542.25,6955.166666666667,-247.05796408405058,-218.95130140286489,-28.106662681185696,16.727272727272734,187.5,-69.18835281495674,126684.9,-210718,74084.2,8071.0,10.47651189657186
2017-01-04,5990,6150,5950,6135,140458,73626,6162.0,6255.5,6508.5,6952.5,-244.86854572760967,-224.13475026781384,-20.73379545979583,25.278810408921927,186.07142857142858,-63.72472356274172,129913.15,-70260,74637.9,-11484.0,-13.493126542121958
2017-01-05,6155,6215,6105,6125,85559,76012,6148.0,6237.0,6462.75,6949.0,-241.16038552552527,-227.53987731935612,-13.620508206169148,26.356589147286826,184.28571428571428,-48.78032278135795,126758.05,-155819,74742.8,2386.0,3.24070301252275
2017-01-06,6150,6185,6080,6135,112031,78330,6126.0,6217.0,6412.75,6945.833333333333,-234.70914450650707,-228.97373075678632,-5.735413749720749,33.175355450236964,170.71428571428572,-47.46525977527841,122386.25,-43788,74533.85,2318.0,3.0495184970794176
2017-01-09,6135,6380,6105,6380,142719,72429,6160.0,6219.0,6383.75,6946.25,-207.4358457650369,-224.66615375843645,17.23030799339955,54.09090909090909,176.07142857142858,-18.65510988967018,121332.55,98931,74482.2,-5901.0,-7.533512064343162
2017-01-10,6380,6435,6310,6390,105751,72071,6233.0,6218.5,6352.75,6944.416666666667,-182.90621460559487,-216.31416592786815,33.40795132227328,58.45410628019324,175.0,3.5329469278139554,120813.95,204682,74501.55,-358.0,-0.49427715417857954
2017-01-11,6435,6515,6335,6410,117601,67909,6288.0,6225.0,6326.25,6942.916666666667,-160.0079997130897,-205.0529326849125,45.04493297182279,55.208333333333336,177.14285714285714,21.743938348225242,122467.6,322283,74466.15,-4162.0,-5.7748609010559
2017-01-12,6420,6480,6375,6430,96253,68276,6349.0,6248.5,6307.75,6940.25,-138.64890827636282,-191.77212780320258,53.12321952683976,54.973821989528794,178.57142857142858,34.711424745450344,122102.95,418536,74593.9,367.0,0.540429103653417
2017-01-13,6450,6500,6415,6470,76615,68936,6416.0,6271.0,6294.5,6937.333333333333,-117.14364964899778,-176.84643217236163,59.70278252336385,55.6701030927835,168.21428571428572,62.530164315325706,122071.35,495151,74627.7,660.0,0.9666647138086626
2017-01-16,6550,6645,6525,6550,131660,72051,6450.0,6305.0,6297.5,6936.666666666667,-92.57806354893637,-159.99275844767658,67.41469489874021,57.63546798029556,165.71428571428572,107.02827031040768,121635.7,626811,74381.2,3115.0,4.5186839967506165
2017-01-17,6550,6565,6370,6430,109790,66705,6458.0,6345.5,6304.5,6931.333333333333,-81.8491506380742,-144.36403688575612,62.514886247681915,53.917050691244235,167.5,57.04037704541314,121602.65,517021,73944.15,-5346.0,-7.419744347753676
2017-01-18,6430,6480,6405,6480,61549,66159,6472.0,6380.0,6317.75,6924.75,-68.52194934736417,-129.19561937807774,60.673670030713566,64.46700507614213,152.14285714285714,51.66298893605166,117938.05,578570,73466.55,-546.0,-0.8185293456262621
2017-01-19,6465,6595,6405,6585,97644,70516,6503.0,6426.0,6331.5,6920.583333333333,-48.923464582877386,-113.14118841903768,64.21772383616029,66.34615384615384,154.64285714285714,70.39150518877383,115682.3,676214,73109.35,4357.0,6.585649722637887
2017-01-20,6565,6585,6510,6540,71692,64095,6517.0,6466.5,6341.75,6914.833333333333,-36.60073760690739,-97.83309825661162,61.23236064970423,65.71428571428572,151.78571428571428,68.63152401454049,113744.3,604522,72846.3,-6421.0,-9.10573486868228
2017-01-23,6560,6605,6495,6520,74046,62898,6511.0,6480.5,6349.75,6904.583333333333,-28.124518607422033,-83.89138232677371,55.766863719351676,77.96610169491525,143.21428571428572,61.43681255552575,111438.2,530476,72533.8,-1197.0,-1.8675403697636317
2017-01-24,6550,6570,6455,6490,63140,65160,6523.0,6490.5,6354.5,6889.75,-23.55626134449267,-71.8243581303175,48.26809678582484,72.04968944099379,137.14285714285714,46.4167533397726,108909.7,467336,72462.25,2262.0,3.5962987694362347
2017-01-25,6485,6590,6450,6560,52665,58809,6539.0,6505.5,6365.25,6876.833333333333,-14.124649399525879,-60.28441638415919,46.15976698463331,75.14450867052022,139.28571428571428,50.8028356856988,105044.75,520001,71717.85,-6351.0,-9.746777163904241
2017-01-26,6595,6605,6500,6575,31013,56479,6537.0,6520.0,6384.25,6864.75,-5.377663979400495,-49.303065903207454,43.92540192380696,75.28735632183908,139.28571428571428,53.250865404456185,96987.2,551014,70182.5,-2330.0,-3.9619786087163544
2017-02-03,6620,6850,6610,6800,101752,71845,6589.0,6553.0,6412.0,6854.166666666667,19.485389144394503,-35.54537489368707,55.03076403808157,74.70588235294117,139.28571428571428,93.76087497036355,96082.15,652766,69722.75,15366.0,27.206572354326397
2017-02-06,6820,6865,6750,6810,70328,73407,6647.0,6579.0,6442.0,6844.75,39.54065425113549,-20.528169064722558,60.068823315858054,74.70588235294117,138.57142857142858,93.11485983430545,94540.55,723094,69541.15,1562.0,2.1741248521121914
2017-02-07,6800,6880,6785,6845,49939,74551,6718.0,6620.5,6483.0,6835.25,57.594885839024755,-4.9035580839730954,62.49844392299785,75.14450867052022,132.5,89.9141046708298,89610.25,773033,69013.2,1144.0,1.5584344817251683
2017-02-08,6810,6855,6720,6790,73135,71163,6764.0,6651.5,6515.75,6820.25,66.69612271456299,9.416378075734121,57.279744638828866,70.0,134.64285714285714,73.07381650619408,86244.1,699898,68890.05,-3388.0,-4.544539979342998
2017-02-09,6805,6850,6785,6810,52436,72535,6811.0,6674.0,6550.0,6801.25,74.66209322713985,22.465521106015267,52.19657212112458,69.31818181818181,133.21428571428572,74.36073338304385,84587.95,752334,68716.2,1372.0,1.9279681857144793
2017-02-10,6820,6925,6770,6875,80453,79304,6826.0,6707.5,6587.0,6785.25,85.23757333554477,35.01993155192117,50.2176417836236,68.78612716763006,131.78571428571428,81.86537973517102,83009.05,832787,68764.9,6769.0,9.332046598193976
2017-02-13,6950,6985,6900,6920,67982,79045,6848.0,6747.5,6614.0,6766.583333333333,96.14158113175381,47.244261467887696,48.897319663866114,81.0126582278481,125.71428571428571,93.26905164806465,79272.2,900769,69095.7,-259.0,-0.32659134469887885
2017-02-14,6900,6980,6880,6940,64289,78419,6867.0,6792.5,6641.5,6750.166666666667,105.18441822414752,58.83229281913967,46.352125405007854,80.26315789473685,127.5,82.29273105499234,77199.1,965058,69413.1,-626.0,-0.7919539502814876
2017-02-15,6880,6925,6740,6750,85252,69818,6859.0,6811.5,6658.5,6730.75,95.91388411449498,66.24861107821073,29.665273036284248,59.76331360946746,128.21428571428572,42.26343062559923,75581.65,879806,69508.55,-8601.0,-10.968005202820741
2017-02-16,6770,6795,6690,6755,80235,64417,6848.0,6829.5,6674.75,6710.75,87.95646982215112,70.59018282699881,17.366286995152308,63.35403726708074,130.35714285714286,22.1549598249148,74780.75,960041,69315.6,-5401.0,-7.735827437050613
2017-02-17,6760,6775,6635,6680,69600,62796,6809.0,6817.5,6685.25,6692.333333333333,74.73676950966365,71.41950016353178,3.317269346131866,59.30232558139535,132.5,4.071040148542095,74430.0,890441,69008.6,-1621.0,-2.516416473912164
2017-02-20,6670,6750,6640,6710,51604,64409,6767.0,6807.5,6693.25,6680.583333333333,65.92091576615167,70.31978328405576,-4.398867517904094,62.7906976744186,132.14285714285714,3.1843129095840914,70427.2,942045,68626.5,1613.0,2.5686349449009382
2017-02-21,6730,6760,6510,6515,106531,63537,6682.0,6774.5,6697.5,6665.916666666667,42.70711678458429,64.79724998416147,-22.09013319957718,47.71573604060914,140.0,-33.57112985734063,70264.25,835514,68468.1,-872.0,-1.3538480647114493
2017-02-22,6505,6555,6470,6495,72961,61273,6631.0,6745.0,6698.25,6648.583333333333,22.437535055040826,56.32530699833734,-33.887771943296514,45.95959595959596,138.57142857142858,-65.24133403543503,70834.85,762553,68223.8,-2264.0,-3.563278089931854
2017-02-23,6490,6515,6335,6360,98738,60340,6552.0,6700.0,6687.0,6631.166666666667,-4.4681205456563475,44.166621489538606,-48.634742035194954,25.555555555555543,131.78571428571428,-91.92257499562194,70889.55,663815,67715.0,-933.0,-1.5226935191683166
2017-02-24,6335,6460,6280,6450,76078,56214,6506.0,6657.5,6682.5,6614.666666666667,-18.317644215197106,31.66976834859146,-49.98741256378857,31.632653061224488,136.42857142857142,-85.97064795945842,71108.85,739893,67320.95,-4126.0,-6.837918462048398
2017-02-27,6450,6545,6450,6510,64071,53325,6466.0,6616.5,6682.0,6601.416666666667,-24.17333775440784,20.5011471279916,-44.67448488239944,33.33333333333333,136.42857142857142,-53.55159132563249,70610.1,803964,66842.3,-2889.0,-5.139289145052839
2017-02-28,6490,6525,6400,6405,77653,55389,6444.0,6563.0,6677.75,6586.916666666667,-36.86172058137436,9.028573586118412,-45.89029416749277,31.753554502369667,135.71428571428572,-68.21871494518473,71335.75,726311,66353.75,2064.0,3.870604781997189
2017-03-01,6445,6470,6370,6440,61080,56841,6433.0,6532.0,6671.75,6574.583333333333,-43.59066187792905,-1.4952735066910803,-42.09538837123797,32.71028037383178,138.21428571428572,-68.98653120035362,71756.5,787391,66255.35,1452.0,2.6214591344851934
2017-03-02,6445,6480,6395,6465,56733,57541,6454.0,6503.0,6666.25,6565.333333333333,-46.37156275838606,-10.470531357030076,-35.901031401355986,30.09708737864078,133.21428571428572,-60.031850975849956,73042.5,844124,66308.45,700.0,1.231505427420343
2017-03-03,6400,6610,6380,6595,107818,60855,6483.0,6494.5,6656.0,6559.0,-37.65151002645507,-15.906727090915076,-21.744782935539995,35.426008968609864,141.78571428571428,-34.751378297682585,73345.8,951942,65758.95,3314.0,5.7593715785266175
2017-03-06,6615,6710,6610,6670,66360,60230,6515.0,6490.5,6649.0,6557.666666666667,-24.407576860110566,-17.606897044754177,-6.800679815356389,38.46153846153846,142.85714285714286,3.284332149510957,73147.4,1018302,65100.1,-625.0,-1.0270314682441883
2017-03-07,6700,6740,6615,6675,62124,58362,6569.0,6506.5,6640.5,6555.25,-13.354266523400838,-16.75637094048351,3.402104417082672,46.19289340101523,137.5,9.340776804846088,73756.65,1080426,64290.65,-1868.0,-3.1014444628922444
2017-03-08,6590,6615,6400,6410,96828,56385,6563.0,6498.0,6621.5,6548.583333333333,-25.681681313461922,-18.541433015079193,-7.14024829838273,36.144578313253014,149.64285714285714,-42.56858223276466,74941.3,983598,63551.75,-1977.0,-3.387478153593093
2017-03-09,6325,6550,6300,6490,120469,59096,6568.0,6511.0,6605.5,6539.416666666667,-28.665477159652255,-20.566241843993808,-8.099235315658447,42.4,157.5,-45.67996922749353,78342.95,1104067,62879.8,2711.0,4.808016316396202
2017-03-10,6495,6540,6360,6405,102363,59678,6530.0,6506.5,6582.0,6527.25,-37.45716362422172,-23.94442620003939,-13.51273742418233,38.31417624521073,162.5,-44.53289220352944,79438.45,1001704,61898.5,582.0,0.9848382293217828
2017-03-13,6305,6460,6280,6440,79285,59598,6484.0,6499.5,6558.0,6518.583333333333,-41.126352009577204,-27.380811361946954,-13.74554064763025,46.72489082969433,157.5,-53.63428882613239,80003.6,1080989,60926.15,-80.0,-0.13405274975702985
2017-03-14,6445,6585,6400,6560,83178,63538,6461.0,6515.0,6539.0,6511.083333333333,-33.95974630568617,-28.6965983506948,-5.263147954991368,52.610441767068274,164.64285714285714,-9.68019451654209,80948.05,1164167,60182.1,3940.0,6.610960099332197
2017-03-15,6610,6655,6560,6565,77382,60629,6492.0,6527.5,6529.75,6504.833333333333,-27.559018232203016,-28.469082326996446,0.9100640947934302,59.19282511210763,158.57142857142858,27.8608265430305,80554.55,1241549,59722.65,-2909.0,-4.578362554691684
2017-03-16,6590,6675,6565,6670,69834,63230,6528.0,6548.0,6525.5,6502.666666666667,-13.854071528108761,-25.54608016721891,11.69200863911015,59.73451327433629,153.57142857142858,53.19709192455159,80034.5,1311383,59663.3,2601.0,4.2900262250738175
2017-03-17,6650,6705,6610,6655,63525,63667,6578.0,6554.0,6524.25,6501.333333333333,-4.155277711190138,-21.267919676013157,17.11264196482302,56.68202764976959,153.57142857142858,65.50244418060723,79730.75,1247858,59706.85,437.0,0.6911276292898894
2017-03-20,6650,6680,6550,6570,63869,57605,6604.0,6544.0,6517.25,6502.666666666667,-3.289780815188351,-17.672291903848198,14.382511088659847,57.74647887323944,153.92857142857142,43.28283878749171,80344.0,1183989,59366.65,-6062.0,-9.521416118240221
2017-03-21,6560,6565,6370,6415,92355,50529,6575.0,6518.0,6512.25,6504.75,-14.938866941508422,-17.125606911380245,2.186739969871823,48.94514767932489,161.07142857142858,-31.397170330562577,79635.2,1091634,58716.25,-7076.0,-12.283655932644733
2017-03-22,6370,6400,6305,6345,65056,45808,6531.0,6511.5,6504.75,6506.916666666667,-29.479445907240915,-19.596374710552382,-9.883071196688533,45.1219512195122,162.85714285714286,-74.72815195290279,79239.95,1026578,57943.0,-4721.0,-9.343149478517287
2017-03-23,6390,6450,6235,6335,79220,48301,6464.0,6496.0,6503.5,6507.333333333333,-41.33341010082222,-23.94378178860635,-17.38962831221587,38.28828828828829,161.78571428571428,-75.03673757502742,78264.05,947358,57341.05,2493.0,5.442280824310175
2017-03-24,6340,6375,6260,6265,45080,47120,6386.0,6482.0,6494.25,6506.166666666667,-55.73371355618292,-30.301768142121666,-25.431945414061254,31.67420814479638,161.78571428571428,-86.05119600538794,76714.15,902278,56886.35,-1181.0,-2.4450839527131896
2017-03-27,6230,6275,6110,6170,89004,48159,6306.0,6455.0,6477.25,6503.0,-73.95920813168141,-39.033256140033615,-34.92595199164779,28.87029288702928,164.64285714285714,-110.92970461726101,77960.8,813274,56628.05,1039.0,2.205008488964344
2017-03-28,6215,6240,6185,6200,37553,44872,6263.0,6419.0,6467.0,6499.75,-85.0024394015818,-48.22709279234326,-36.77534660923854,39.0625,150.0,-88.86602341520984,75955.8,850827,56102.2,-3287.0,-6.825307834465
2017-03-29,6270,6300,6215,6250,39280,40433,6244.0,6387.5,6457.5,6498.166666666667,-88.69725091615783,-56.32112441710618,-32.37612649905165,37.09677419354839,139.28571428571428,-66.46667759046818,74865.8,890107,55281.8,-4439.0,-9.89258334819041
2017-03-30,6285,6320,6095,6155,47265,41923,6208.0,6336.0,6442.0,6497.5,-98.15959895844753,-64.68881932537445,-33.47077963307308,36.702127659574465,142.5,-77.77679479438491,74392.4,842842,54500.9,1490.0,3.685108698340467
2017-03-31,6190,6195,6080,6115,53843,43660,6178.0,6282.0,6418.0,6495.333333333333,-107.64537478692637,-73.28013041768484,-34.36524436924152,32.80423280423281,137.85714285714286,-83.38322479951712,71693.65,788999,53641.15,1737.0,4.143310354697904
2017-04-05,6135,6295,6085,6265,56685,31604,6197.0,6251.5,6397.75,6496.25,-101.88471055240734,-79.00104644462935,-22.88366410777799,34.871794871794876,139.64285714285714,-54.06600814755848,71209.9,845684,52209.85,-12056.0,-27.613376087952357
2017-04-06,6235,6250,6185,6205,26359,29671,6198.0,6230.5,6374.25,6499.25,-100.9966150917171,-83.4001601740469,-17.5964549176702,32.52427184466019,138.57142857142858,-50.112181029220366,69421.65,819325,50775.3,-1933.0,-6.116314390583466
2017-04-07,6130,6225,6005,6035,44239,37189,6155.0,6199.5,6355.5,6497.583333333333,-112.71110878956188,-89.2623498971499,-23.448758892411973,21.004566210045667,146.42857142857142,-77.11529136662172,66792.2,775086,49815.5,7518.0,25.33787199622528
2017-04-10,6075,6075,5940,5975,46869,44329,6119.0,6163.5,6329.75,6495.083333333333,-125.39099862360308,-96.48807964244054,-28.902918981162543,20.175438596491233,149.28571428571428,-88.53438090856598,63112.2,728217,49077.15,7140.0,19.199225577455703
2017-04-11,5970,6110,5935,5970,66834,50460,6090.0,6134.0,6308.0,6492.333333333333,-134.29528839530576,-104.04952139301359,-30.24576700229217,21.698113207547166,152.5,-75.98276190875434,61335.75,661383,48616.25,6131.0,13.830675178776875
2017-04-12,5965,5990,5895,5900,62698,57316,6017.0,6107.0,6281.0,6484.333333333333,-145.3251987475469,-112.30465686392026,-33.020541883626635,23.58974358974359,145.0,-82.38696778989852,60506.4,598685,48502.15,6856.0,13.586999603646444
2017-04-13,5920,5920,5760,5785,114521,70181,5933.0,6065.5,6242.25,6474.25,-161.48452795517096,-122.14063108217042,-39.343896873000546,22.549019607843135,148.57142857142858,-91.61106611930458,62073.55,484164,48834.3,12865.0,22.44573940958894
2017-04-14,5795,5820,5650,5665,86529,76983,5859.0,6007.0,6197.25,6461.833333333333,-181.87734111835016,-134.08797308940638,-47.789368028943784,20.35398230088495,145.35714285714286,-98.90007708270662,62530.9,397635,49652.0,6802.0,9.69208190250923
2017-04-17,5700,5765,5605,5640,77422,80038,5792.0,5955.5,6145.75,6448.666666666667,-197.77624213088893,-146.8256268977029,-50.95061523318603,21.19815668202766,148.57142857142858,-94.88869000284897,62910.3,320213,50492.4,3055.0,3.9684086096930526
2017-04-18,5620,5670,5530,5540,73883,81984,5706.0,5898.0,6090.0,6433.166666666667,-215.9559937261156,-160.65170026338546,-55.30429346273013,21.100917431192656,146.78571428571428,-100.12101664773384,63428.2,246330,51408.25,1946.0,2.431345111072236
2017-04-19,5520,5555,5455,5530,95197,85008,5632.0,5824.5,6038.0,6416.166666666667,-228.5360726827621,-174.22857474726078,-54.30749793550132,18.69158878504672,148.92857142857142,-100.18737407721163,64994.6,151133,52778.4,3024.0,3.688524590163933
2017-04-20,5505,5615,5480,5610,95446,85172,5597.0,5765.0,5997.75,6402.5,-229.4060938290495,-185.26407856361854,-44.142015265430956,20.909090909090907,151.42857142857142,-80.6212306406909,65149.15,246579,54510.55,164.0,0.19292301900997177
2017-04-21,5615,5745,5615,5660,103438,72766,5596.0,5727.5,5963.5,6388.833333333333,-223.48481588008235,-192.9082260269113,-30.576589853171043,26.540284360189574,145.0,-55.873192391574484,67068.25,350017,55858.45,-12406.0,-14.565819752970455
2017-04-24,5640,5670,5505,5600,89973,72315,5588.0,5690.0,5926.75,6372.416666666667,-221.08512727755715,-198.5436062770405,-22.54152100051664,26.046511627906966,148.57142857142858,-64.10810978024965,67605.9,260044,57059.15,-451.0,-0.6197949591842389
2017-04-25,5590,5660,5530,5535,58950,71590,5587.0,5646.5,5890.25,6355.666666666667,-221.87072592483764,-203.20903020659995,-18.661695718237695,13.131313131313135,142.85714285714286,-60.944528520252646,68299.4,201094,58282.65,-725.0,-1.0025582520915455
2017-04-26,5545,5645,5505,5560,97443,72743,5593.0,5612.5,5859.75,6339.666666666667,-217.96348012513045,-206.15992019030608,-11.803559934824364,16.2303664921466,147.14285714285714,-55.8823620274957,68721.35,298537,59511.85,1153.0,1.61056013409695
2017-04-27,5590,5780,5570,5770,93686,71680,5625.0,5611.0,5838.25,6327.666666666667,-195.6661966054162,-204.06117547332812,8.39497886791193,36.683417085427145,147.14285714285714,-27.199115594105507,71528.0,392223,60852.25,-1063.0,-1.461308991930499
2017-04-28,5795,5920,5755,5880,144038,70507,5669.0,5632.5,5819.75,6316.333333333333,-167.19207194916726,-196.68735476849594,29.49528281932868,45.45454545454546,149.28571428571428,4.4031315907161535,76765.9,536261,62355.95,-1173.0,-1.636439732142858
2017-05-02,5880,5895,5815,5835,69230,65394,5716.0,5652.0,5803.75,6304.0,-146.56770565781426,-186.6634249463596,40.095719288545354,43.77880184331798,142.5,7.661449082004794,77864.15,467031,63529.5,-5113.0,-7.251762236373693
2017-05-03,5830,5905,5775,5775,92258,65709,5764.0,5675.5,5786.75,6286.916666666667,-133.52505166136507,-176.03575028936072,42.51069862799565,44.18604651162791,145.0,4.798679848798241,79784.9,374773,64631.95,315.0,0.481695568400764
2017-05-04,5660,5735,5560,5605,116939,64836,5773.0,5683.0,5753.75,6266.833333333333,-135.3460486537615,-167.8978099622409,32.5517613084794,42.0353982300885,148.92857142857142,-34.06214377611935,82797.6,257834,66293.55,-873.0,-1.328585125325299
2017-05-05,5570,5645,5535,5615,77030,64918,5742.0,5683.5,5724.25,6246.333333333333,-134.4326297885018,-161.2047739274931,26.772144138991308,47.54901960784314,144.64285714285714,-40.6373327821683,85331.15,334864,68055.9,82.0,0.12647294712813117
2017-05-08,5690,5755,5620,5650,83663,64749,5696.0,5682.5,5705.0,6227.333333333333,-129.39296965431276,-154.84241307285706,25.44944341854429,50.48543689320388,143.21428571428572,-13.91428881091035,87302.35,418527,69433.9,-169.0,-0.26032841430727593
2017-05-09,5675,5825,5660,5810,114901,68594,5691.0,5703.5,5696.75,6210.666666666667,-111.20642146195041,-146.11521475067573,34.90879328872532,62.38532110091743,145.71428571428572,21.99004942201581,90703.95,533428,70647.15,3845.0,5.93831564966254
2017-05-10,5820,5875,5640,5695,154994,64692,5675.0,5719.5,5683.0,6191.0,-104.86418089571907,-137.8650079796844,33.00082708396533,56.903765690376574,155.35714285714286,19.228769544511973,95111.95,378434,71358.75,-3902.0,-5.68854418753827
2017-05-11,5715,5860,5665,5830,134731,62596,5720.0,5746.5,5679.5,6172.833333333333,-87.93092482934662,-127.87819134961686,39.94726652027023,58.8,159.64285714285714,47.72458392073753,98713.6,513165,71622.75,-2096.0,-3.239967847647318
2017-05-12,5795,5810,5705,5725,90443,58053,5742.0,5742.0,5676.5,6152.583333333333,-82.03813532060121,-118.71018014381374,36.67204482321253,52.4904214559387,158.92857142857142,32.472780012679635,97509.7,422722,71016.35,-4543.0,-7.257652246149915
2017-05-15,5750,5985,5750,5950,146610,63981,5802.0,5749.0,5690.75,6139.25,-58.53765196964014,-106.67567450897903,48.13802253933889,61.904761904761905,165.71428571428572,91.5564541259677,100513.75,569332,70366.25,5928.0,10.21135858611959
2017-05-16,5955,5985,5900,5980,84908,62835,5836.0,5763.5,5707.75,6126.333333333333,-37.06533422208122,-92.75360645159948,55.68827222951826,65.50522648083623,162.5,99.1405185093889,100888.05,654240,69506.1,-1146.0,-1.79115674966005
2017-05-17,5970,5995,5890,5960,90557,60872,5889.0,5782.0,5728.75,6114.333333333333,-21.415337876022022,-78.48595273648398,57.07061486046196,63.98601398601399,160.0,84.19910867596863,101721.75,563683,68450.5,-1963.0,-3.1240550648523935
2017-05-18,5935,6145,5885,6115,171233,72604,5946.0,5833.0,5758.0,6104.416666666667,3.454777071757235,-62.09780677483574,65.55258384659297,62.54545454545455,162.85714285714286,104.45244523623462,105523.55,734916,67830.3,11732.0,19.27322907083717
2017-05-19,6160,6245,6110,6210,128378,71663,6043.0,5892.5,5788.0,6099.333333333333,30.478886765067728,-43.58246806685505,74.06135483192278,62.132352941176464,160.71428571428572,122.17131045884507,107170.15,863294,67154.85,-941.0,-1.2960718417718065
2017-05-22,6245,6295,6135,6220,126636,67662,6097.0,5949.5,5816.0,6094.75,52.10200533657917,-24.445573386168206,76.54757872274737,64.52830188679245,166.42857142857142,107.05417195776036,108330.05,989930,66899.65,-4001.0,-5.58307634344083
2017-05-23,6220,6255,6140,6155,103493,68055,6132.0,5984.0,5843.75,6091.333333333333,63.264254868828175,-6.903607735168931,70.16786260399711,64.28571428571428,165.35714285714286,85.94127819958962,109006.05,886437,66686.65,393.0,0.5808282344595295
2017-05-24,6160,6185,5945,6035,155094,59479,6147.0,6018.0,5868.75,6084.416666666667,61.715997324362434,6.820313276737342,54.89568404762509,66.796875,167.14285714285714,49.17399784701305,113813.25,731343,66081.1,-8576.0,-12.601572257732718
2017-05-25,6040,6120,5975,6040,122147,59293,6132.0,6039.0,5892.75,6076.583333333333,60.19851922172711,17.495954465735295,42.702564755991816,66.66666666666666,169.64285714285714,42.4419415102169,115048.45,853490,65408.6,-186.0,-0.3127154121622788
2017-05-26,5980,6000,5865,5955,101647,55893,6081.0,6062.0,5902.0,6069.083333333333,51.54296208465621,24.305355989519477,27.237606095136734,61.50943396226415,172.14285714285714,11.772643855268221,115446.5,751843,64619.25,-3400.0,-5.734235069907068
2017-05-31,5955,6060,5915,5935,134698,59761,6024.0,6060.5,5904.75,6060.666666666667,42.57871689652802,27.960028170921188,14.618688725606834,55.27426160337553,170.0,18.277886790761052,114979.5,617145,64081.95,3868.0,6.920365698745812
2017-06-01,5950,6180,5925,6150,185155,73810,6023.0,6077.5,5920.5,6055.416666666667,52.22121748250811,32.81226603323857,19.408951449269537,67.70428015564202,171.42857142857142,45.29344044045732,120775.75,802300,64502.75,14049.0,23.508642760328648
2017-06-02,6130,6145,5870,5875,160280,60678,5991.0,6069.0,5925.5,6043.416666666667,37.24344765690785,33.69850235797243,3.544945298935417,51.57894736842105,177.5,11.128728549519808,124176.85,642020,64251.2,-13132.0,-17.79162715079258
2017-06-05,5925,5935,5795,5845,134781,58146,5952.0,6042.0,5937.5,6029.666666666667,22.691138560989202,31.497029598575786,-8.805891037586584,54.44444444444445,178.57142857142858,-21.267090339101866,125068.95,507239,63916.7,-2532.0,-4.172846830811827
2017-06-06,5860,5905,5760,5845,104848,60366,5930.0,6005.5,5949.0,6015.833333333333,11.031168317053016,27.403857342271234,-16.372689025218218,45.33333333333333,170.35714285714286,-34.073666639541536,126459.85,507239,63689.1,2220.0,3.8179754411309386
2017-06-07,5870,5920,5815,5860,94112,59426,5915.0,5969.5,5959.5,6006.666666666667,2.966733871609904,22.516432648138966,-19.549698776529063,44.59459459459459,171.78571428571428,-30.390500746541417,126982.3,601351,63422.95,-940.0,-1.5571679422191287
2017-06-08,5815,5935,5795,5875,102834,57300,5860.0,5941.5,5962.75,5996.416666666667,-2.188782960251956,17.575389526460782,-19.764172486712738,46.15384615384615,174.28571428571428,-32.170940310026545,126378.95,704185,62858.25,-2126.0,-3.5775586443644203
2017-06-09,5875,5920,5855,5880,72084,56278,5861.0,5926.0,5972.0,5987.666666666667,-5.804201754898713,12.899471270188883,-18.703673025087596,37.696335078534034,160.35714285714286,-30.788641814738348,122233.45,776269,62437.55,-1022.0,-1.7835951134380412
2017-06-12,5920,6095,5910,6070,117636,63734,5906.0,5929.0,5984.0,5981.5,6.586045078411189,11.636786031833346,-5.050740953422157,43.33333333333333,166.07142857142858,18.226653091616054,121378.7,893905,62494.45,7456.0,13.248516294111369
2017-06-13,6070,6080,5965,5995,96080,61964,5936.0,5933.0,5997.5,5972.083333333333,10.235542795922811,11.35653738465124,-1.1209945887284292,39.91031390134529,162.85714285714286,9.239392425906356,121660.55,797825,62690.0,-1770.0,-2.7771676028493397
2017-06-14,6010,6030,5900,5975,131405,59845,5959.0,5937.0,5998.75,5962.25,11.382749921654977,11.361779892051988,0.02097002960298866,41.58878504672897,163.92857142857142,-12.318009287605028,120900.3,666420,62483.2,-2119.0,-3.419727583758314
2017-06-15,5925,5995,5850,5890,141859,62825,5962.0,5911.0,5994.25,5949.25,5.37121419484447,10.163666752610485,-4.7924525577660155,42.9951690821256,157.14285714285714,-36.252922061341955,123747.85,524561,62482.7,2980.0,4.9795304536719875
2017-06-16,5910,5975,5855,5880,103553,64703,5962.0,5911.5,5990.25,5936.333333333333,-0.19760968450646033,8.091411465187097,-8.289021149693557,42.30769230769231,155.35714285714286,-38.467777479246976,124397.65,421008,62674.25,1878.0,2.989255869478713
2017-06-19,5885,5920,5805,5825,128257,69733,5913.0,5909.5,5975.75,5923.916666666667,-8.945860761667973,4.683957019816083,-13.629817781484057,43.56435643564356,151.07142857142858,-55.77767754507604,122248.85,292751,62530.7,5030.0,7.773982659227552
2017-06-20,5810,5835,5730,5825,103857,69457,5879.0,5907.5,5956.5,5914.083333333333,-15.69795649720163,0.6075743164125407,-16.305530813614173,44.444444444444436,148.21428571428572,-72.33882968034204,121022.8,292751,62420.4,-276.0,-0.3957953909913492
2017-06-21,5785,5930,5785,5900,137734,66082,5864.0,5911.5,5940.5,5906.666666666667,-14.826259919661425,-2.4791925308022527,-12.347067388859172,35.294117647058826,140.35714285714286,-36.98430155691214,121577.7,430485,62341.4,-3375.0,-4.859121470838068
2017-06-22,5920,5940,5865,5900,100664,64424,5866.0,5914.0,5927.75,5899.416666666667,-13.974346533615062,-4.778223331364815,-9.196123202250247,52.17391304347826,125.71428571428571,-17.774242869958265,121436.25,430485,62159.85,-1658.0,-2.5090039647710394
2017-06-23,5915,6090,5915,6060,134506,75052,5902.0,5932.0,5929.0,5896.0,-0.3841084501464138,-3.899400355121135,3.5152919049747213,65.2482269503546,129.28571428571428,58.49354334305095,120406.85,564991,62938.5,10628.0,16.496957655532096
2017-06-26,6075,6145,6040,6145,89794,76860,5966.0,5939.5,5934.25,5895.583333333333,17.04851806482293,0.29018332886767784,16.758334735955252,68.9873417721519,126.42857142857143,104.16797047008296,118789.2,654785,63816.85,1808.0,2.4089964291424515
2017-06-27,6130,6200,6105,6195,84213,86144,6040.0,5959.5,5946.25,5895.5,34.50087766413162,7.132322195920467,27.368555468211156,70.3030303030303,125.71428571428571,111.35740376675614,117917.5,738998,65329.4,9284.0,12.079104865990109
2017-06-28,6200,6220,6110,6175,80600,84510,6095.0,5979.5,5958.25,5894.25,46.185764784225285,14.94301071358143,31.242754070643855,68.07228915662651,123.57142857142857,95.8793364106421,115212.6,658398,66566.85,-1634.0,-1.8968239227340256
2017-06-29,6195,6375,6155,6330,140136,95078,6181.0,6023.5,5967.25,5897.166666666667,67.17892973832659,25.390194518530464,41.78873521979612,72.9591836734694,134.64285714285714,122.54757002311699,112961.65,798534,67630.25,10568.0,12.505028990652
2017-06-30,6320,6395,6310,6370,101686,99017,6243.0,6072.5,5992.0,5901.416666666667,86.05187744038994,37.52253110290236,48.52934633748758,68.07228915662651,125.35714285714286,118.19071987083211,110031.95,900220,69547.2,3939.0,4.142914238835482
2017-07-03,6410,6455,6355,6390,85574,96941,6292.0,6129.0,6019.25,5903.5,101.45316834724417,50.30865855177073,51.14450979547344,75.48387096774194,124.28571428571429,107.70324569611726,107571.6,985794,71486.95,-2076.0,-2.096609673086436
2017-07-04,6390,6460,6275,6305,150273,93191,6314.0,6177.0,6042.25,5905.166666666667,105.58291856375581,61.36351055416775,44.21940800958806,69.64285714285714,128.21428571428572,81.4525415022193,109842.85,835521,73128.2,-3750.0,-3.868332284585474
2017-07-05,6350,6520,6340,6470,164078,104664,6373.0,6234.0,6072.75,5912.416666666667,120.77764686941373,73.24633781721695,47.531309052196775,81.52173913043478,133.21428571428572,91.57794111336001,113341.15,999599,75390.1,11473.0,12.311274693908203
2017-07-06,6430,6565,6415,6560,110017,109336,6419.0,6300.0,6107.0,5922.166666666667,138.485452272771,86.29416070832777,52.19129156444323,84.0,135.35714285714286,92.92216454224346,113700.3,1109616,77991.9,4672.0,4.463807995108149
2017-07-07,6520,6635,6520,6610,102393,108536,6467.0,6355.0,6143.5,5932.833333333333,154.76951118112538,99.98923080288729,54.78028037823809,89.44723618090453,135.35714285714286,93.72587279392079,115215.75,1212009,80604.8,-800.0,-0.7316894709885169
2017-07-10,6600,6660,6560,6605,91050,107938,6510.0,6401.0,6170.25,5944.583333333333,165.3650614804783,113.06439693840551,52.30066454207278,89.0,135.0,84.68542761340818,113886.45,1120959,82815.0,-598.0,-0.550969263654455
2017-07-11,6635,6715,6575,6675,149945,106823,6584.0,6449.0,6204.25,5959.416666666667,177.36596201153225,125.92470995303087,51.44125205850138,88.94472361809045,134.64285714285714,81.47488030080657,116579.7,1270904,85057.95,-1115.0,-1.0330004261705827
2017-07-12,6705,6720,6555,6590,118135,103435,6608.0,6490.5,6235.0,5974.833333333333,177.96648565254145,136.333065092933,41.63342055960845,81.94444444444444,141.07142857142858,67.40537055004543,115916.2,1152769,87237.45,-3388.0,-3.1716016213736764
2017-07-13,6590,6645,6510,6620,114475,101891,6620.0,6519.5,6271.5,5991.166666666667,178.80203567723402,144.8268592097932,33.975176467440804,79.47368421052632,137.14285714285714,56.299161111754124,114547.0,1267244,89190.75,-1544.0,-1.4927248996954634
2017-07-14,6605,6645,6495,6555,106425,99496,6609.0,6538.0,6305.25,6008.083333333333,172.23385366607,150.30825810104858,21.92559556502141,72.04301075268816,140.35714285714286,46.961376415001936,114690.6,1160819,90930.4,-2395.0,-2.350551079094332
2017-07-17,6595,6630,6505,6545,125914,94894,6597.0,6553.5,6341.25,6025.0,164.32734236198394,153.11207495323566,11.215267408748275,69.66292134831461,142.5,41.99916952552999,114573.45,1034905,92188.45,-4602.0,-4.625311570314383
2017-07-18,6560,6685,6480,6640,173225,99643,6590.0,6587.0,6382.0,6042.166666666667,163.83845353556808,155.25735066970213,8.581102865865944,74.09326424870466,149.28571428571428,46.30937998039265,118041.85,1208130,93697.75,4749.0,5.004531371846488
2017-07-19,6665,6795,6660,6785,118107,106444,6629.0,6618.5,6426.25,6060.916666666667,173.1552676626152,158.83693406828473,14.318333594330454,73.82198952879581,144.64285714285714,70.81871763227622,117060.5,1326237,95715.85,6801.0,6.825366558614254
2017-07-20,6760,7025,6725,6790,249102,96761,6663.0,6641.5,6470.75,6080.75,178.88034690560016,162.84561663574783,16.034730269852332,72.82608695652173,160.0,86.99173045550228,124482.4,1575339,97332.7,-9683.0,-9.096802074330167
2017-07-21,6720,6900,6700,6860,167835,93332,6724.0,6666.5,6510.75,6102.833333333333,186.9113309631448,167.65875950122722,19.25257146191757,74.22680412371133,167.14285714285714,75.93229550207582,126148.85,1743174,98246.7,-3429.0,-3.5437831357675087
2017-07-24,6790,6885,6755,6830,117807,90562,6781.0,6689.0,6545.0,6124.0,188.68020643884847,171.86304888875148,16.817157550096994,78.68852459016394,163.21428571428572,71.41469444488106,127549.5,1625367,98931.8,-2770.0,-2.9678995414220255
2017-07-25,6855,6945,6845,6865,106011,90875,6826.0,6708.0,6578.5,6142.25,190.70789854729173,175.63201882045954,15.075879726832198,75.1592356687898,156.07142857142858,79.89481271835766,128639.4,1731378,99168.35,313.0,0.34561957553940204
2017-07-26,6900,6930,6750,6800,136020,84653,6829.0,6729.0,6609.75,6157.583333333333,184.93805164026162,177.49322538442,7.444826255841633,65.78947368421052,158.21428571428572,61.904420911429504,131410.4,1595358,99175.5,-6222.0,-6.846767537826681
2017-07-27,6825,6975,6790,6910,149241,94964,6853.0,6758.0,6638.75,6175.5,187.08488894512084,179.41155809656016,7.673330848560681,68.29268292682927,163.21428571428572,73.83393356333723,131865.65,1744599,99169.8,10311.0,12.180312570139273
2017-07-28,6910,6940,6805,6830,136874,88285,6847.0,6785.5,6661.75,6193.083333333333,180.25309607633335,179.5798656925148,0.6732303838185487,62.569832402234645,165.71428571428572,59.10417374619165,133625.05,1607725,98633.2,-6679.0,-7.033191525209547
2017-07-31,6850,6920,6700,6835,135456,82112,6848.0,6814.5,6684.0,6213.583333333333,173.2452458677244,178.31294172755673,-5.067695859832327,59.63855421686747,171.42857142857142,43.07929433973661,136119.15,1743181,97891.75,-6173.0,-6.992127768024014
2017-08-01,6850,6950,6810,6890,106715,83364,6853.0,6839.5,6713.25,6234.833333333333,170.1679245263049,176.68393828730638,-6.5160137610014885,68.75,169.64285714285714,60.5549124879427,133941.25,1849896,97400.4,1252.0,1.5247466874512838
2017-08-02,6880,7170,6870,7135,228923,98487,6920.0,6874.5,6746.5,6259.583333333333,185.3618417143516,178.41951897271545,6.942322741636161,75.36945812807882,181.42857142857142,105.75370926832876,137183.5,2078819,97091.55,15123.0,18.140924139916503
2017-08-03,7140,7170,7065,7090,96880,89669,6956.0,6904.5,6773.0,6280.916666666667,191.56377863701618,181.0483709055756,10.515407731440575,76.88442211055278,178.21428571428572,104.49194636101986,136526.65,1981939,96108.2,-8818.0,-8.95346593966716
2017-08-04,7100,7380,7100,7370,137274,91526,7064.0,6955.5,6811.0,6308.833333333333,216.5759653583409,188.15388979612868,28.42207556221223,82.6086956521739,190.0,124.03006280796635,138270.7,2119213,95257.7,1857.0,2.070949826584445
2017-08-07,7395,7435,7100,7355,138748,73146,7168.0,7008.0,6848.5,6334.25,232.5077245803659,197.02465675297614,35.48306782738976,80.16877637130801,199.28571428571428,105.81907748911716,140655.6,1980465,93518.1,-18380.0,-20.08172541135852
2017-08-08,7355,7515,7315,7465,103916,68298,7283.0,7068.0,6888.0,6363.25,251.11514021494077,207.84275344536908,43.27238676957168,79.56521739130434,202.5,111.21154758378036,138354.15,2084381,91591.85,-4848.0,-6.627840209990977
2017-08-09,7420,7495,7325,7400,104309,87277,7336.0,7128.0,6928.5,6387.416666666667,257.6467035729129,217.80354347087786,39.84316010203503,75.20661157024793,193.21428571428572,91.43777826208309,137662.85,1980072,90783.95,18979.0,27.78851503704354
2017-08-10,7385,7565,7340,7530,126844,99002,7424.0,7190.0,6974.0,6413.25,270.1982508924302,228.28248495518835,41.91576593724187,76.37795275590551,195.0,90.95423395812347,138281.3,2106916,90639.5,11725.0,13.43423811542559
2017-08-11,7500,7580,7160,7265,260502,95502,7403.0,7233.5,7009.5,6435.0,255.81330077646817,233.7886481194443,22.024652657023864,64.45182724252493,215.71428571428572,59.9426657644581,145985.15,1846414,90439.8,-3500.0,-3.5352821155128167
2017-08-14,7295,7345,7210,7220,122241,98384,7376.0,7272.0,7043.25,6453.416666666667,238.0380458334621,234.63852766224787,3.3995181712142255,61.71617161716172,217.14285714285714,42.2377701952421,145801.5,1724173,90614.3,2882.0,3.0177378484220307
2017-08-15,7180,7205,6970,7035,207034,92702,7290.0,7286.5,7063.0,6467.166666666667,206.64104499967107,229.03903112973254,-22.39798613006147,57.186544342507645,222.14285714285714,2.7687365589009736,147491.95,1517139,90267.25,-5682.0,-5.77532932184095
2017-08-16,7010,7095,6955,7005,158770,91574,7211.0,7273.5,7074.0,6480.25,177.29420907576514,218.69006671893905,-41.39585764317391,53.05466237942122,218.92857142857142,-10.923708378225761,149525.1,1358369,89523.75,-1128.0,-1.2168022264891776
2017-08-17,7150,7240,7065,7120,169529,89008,7129.0,7276.5,7090.5,6496.333333333333,161.455016154463,207.24305660604387,-45.788040451580855,59.11949685534591,226.07142857142858,12.360339463697565,145546.45,1527898,89136.1,-2566.0,-2.8021054010963775
2017-08-18,7095,7400,7090,7310,228075,96710,7138.0,7270.5,7113.0,6517.583333333333,162.3621440234765,198.2668740895304,-35.9047300660539,63.38028169014085,232.5,35.45629140197901,148558.45,1755973,89305.0,7702.0,8.65315477260471
2017-08-21,7360,7450,7265,7360,176482,93602,7166.0,7271.0,7139.5,6539.583333333333,165.21117988639617,191.65573524890357,-26.4445553625074,63.27683615819209,235.71428571428572,50.71097733909169,151492.2,1932455,89457.0,-3108.0,-3.2137317754110217
2017-08-22,7350,7490,7255,7440,201404,89091,7247.0,7268.5,7168.25,6564.333333333333,171.9423483842802,187.7130578759789,-15.77070949169871,59.50155763239876,231.07142857142858,53.42284598202656,156261.85,2133859,89367.8,-4511.0,-4.8193414670626655
2017-08-23,7375,7380,7190,7265,194191,86722,7299.0,7255.0,7191.5,6586.5,161.2964849751097,182.42974329580508,-21.133258320695376,55.043227665706056,241.42857142857142,23.248708149900096,159170.4,1939668,89471.25,-2369.0,-2.659078919307223
2017-08-24,7320,7450,7315,7355,146532,84475,7346.0,7237.5,7213.75,6606.583333333333,158.29705939840733,177.60320651632554,-19.306147117918215,49.51456310679612,233.92857142857142,41.87491412273029,159034.95,2086200,88946.8,-2247.0,-2.59103802956574
2017-08-25,7435,7555,7390,7480,173059,90175,7380.0,7259.0,7246.25,6633.333333333333,164.1146369733733,174.90549260773508,-10.790855634361776,53.776435045317214,224.28571428571428,62.42831769823292,160844.2,2259259,89041.3,5700.0,6.747558449245328
2017-08-28,7355,7565,7310,7505,173443,103299,7409.0,7287.5,7279.75,6661.0,168.7966178429524,173.68371765477855,-4.887099811826147,51.273885350318466,228.21428571428572,56.384563223180976,162743.55,2432702,90100.65,13124.0,14.553922927640706
2017-08-29,7505,7610,7425,7510,194823,97940,7423.0,7335.0,7310.75,6688.75,170.9400886912781,173.1349918620785,-2.194903170800387,53.64238410596026,229.28571428571428,70.66169453769197,167148.95,2627525,90829.45,-5359.0,-5.187852738167842
2017-08-30,7470,7520,7390,7515,136301,101796,7473.0,7386.0,7329.75,6716.333333333333,171.070271393628,172.7220477683884,-1.6517763747604022,49.458483754512635,222.5,52.900624081311186,162517.85,2763826,90994.9,3856.0,3.9371043496017943
2017-08-31,7460,7640,7450,7620,178678,113472,7526.0,7436.0,7356.25,6745.416666666667,177.59881600209337,173.6974014151294,3.9014145869639663,64.48979591836735,206.07142857142858,77.08158375673636,166607.75,2942504,92185.05,11676.0,11.469998821171746
2017-09-01,7640,7845,7640,7835,201992,124333,7597.0,7488.5,7379.5,6778.0,197.840851624087,178.52609145692094,19.31476016716607,72.04301075268818,212.5,116.21589115106198,169843.65,3144496,93825.4,10861.0,9.571524252679065
2017-09-04,7950,7975,7730,7755,164508,112100,7647.0,7528.0,7399.5,6806.083333333333,205.06363336070171,183.83359983767713,21.230033523024588,77.90697674418605,212.14285714285714,106.24378709463974,171131.65,2979988,95773.1,-12233.0,-9.83890037238706
2017-09-05,7755,7890,7735,7880,155652,116041,7721.0,7572.0,7420.25,6837.5,218.35711040949445,190.73830195204062,27.618808457453838,81.5884476534296,213.21428571428572,94.16495350988869,173718.45,3135640,98160.25,3941.0,3.515611061552182
2017-09-06,7815,7880,7740,7815,164106,117520,7781.0,7627.0,7441.0,6868.166666666667,221.09864245160315,196.81037005195316,24.288272399649998,76.02996254681648,206.42857142857142,78.43024502602918,176708.3,2971534,99672.4,1479.0,1.2745495126722517
2017-09-07,7860,7920,7540,7625,252240,122075,7782.0,7654.0,7445.75,6897.083333333333,205.57022861050154,198.56234176366286,7.007886846838687,61.79775280898876,211.42857142857142,50.415771274890204,182978.1,2719294,100826.05,4555.0,3.875936010891756
2017-09-08,7640,7695,7525,7545,202786,127856,7724.0,7660.5,7459.75,6924.833333333333,184.6796453605166,195.7858024830336,-11.106157122517004,56.77655677655677,210.35714285714286,26.17767128440448,180092.3,2516508,102443.75,5781.0,4.7356133524472765
2017-09-11,7460,7565,7315,7550,225974,122259,7683.0,7665.0,7476.25,6953.583333333333,166.60662833718925,189.94996765386475,-23.343339316675497,54.263565891472865,211.42857142857142,1.4080999527865008,185278.95,2742482,103637.5,-5597.0,-4.37758102865724
2017-09-12,7650,7675,7510,7665,183583,117143,7640.0,7680.5,7507.75,6984.25,159.7219953036747,183.90437318382675,-24.182377880152046,66.260162601626,205.35714285714286,26.50709823065127,184106.4,2926065,104859.55,-5116.0,-4.184559009970634
2017-09-13,7655,7685,7275,7345,281519,129882,7546.0,7663.5,7524.75,7008.333333333333,126.98079283805782,172.51965711467298,-45.53886427661516,49.657534246575345,221.42857142857142,-21.153282545458275,190243.85,2644546,106774.95,12739.0,10.874742835679463
2017-09-14,7365,7395,7250,7275,201375,126646,7476.0,7629.0,7532.5,7031.25,94.29773343806755,156.8752723793519,-62.57753894128436,42.704626334519574,217.5,-60.15255664750364,191836.15,2443171,108656.85,-3236.0,-2.4914922776058224
2017-09-15,7285,7305,7060,7140,229306,120005,7395.0,7559.5,7524.0,7049.25,56.84749905416447,136.86971771431445,-80.02221866014997,37.95379537953795,216.78571428571428,-92.40371856834275,191897.7,2213865,109821.6,-6641.0,-5.243750296100947
2017-09-18,7120,7220,7060,7165,200150,115632,7318.0,7500.5,7514.25,7066.25,28.85261457613069,115.2662970866777,-86.413682510547,38.76221498371335,215.0,-88.13422902606472,193081.1,2414015,110923.1,-4373.0,-3.6440148327153032
2017-09-19,7180,7215,6990,7005,184939,116421,7186.0,7413.0,7492.5,7079.75,-6.173036961657999,90.97843027701056,-97.15146723866856,34.91124260355029,221.78571428571428,-93.51347561250475,192257.85,2229076,112289.6,789.0,0.6823370693233688
2017-09-20,7065,7075,6900,6940,210002,117566,7105.0,7325.5,7476.25,7092.5,-38.72962392759837,65.03681943608878,-103.76644336368715,29.393939393939405,220.71428571428572,-100.93715068411326,193048.4,2019074,113831.8,1145.0,0.9834995404609082
2017-09-21,6915,6945,6730,6765,216307,119278,7003.0,7239.5,7446.75,7099.75,-77.75567213250906,36.478321122369216,-114.23399325487827,16.77018633540372,220.0,-109.30974252845738,196537.15,1802767,115571.95,1712.0,1.4562033240902883
2017-09-22,6740,6800,6665,6755,162894,111793,6926.0,7160.5,7410.5,7106.166666666667,-108.24325209780818,7.534006478333737,-115.77725857614192,17.532467532467535,212.14285714285714,-101.53850385238067,196028.9,1639873,116652.85,-7485.0,-6.275256124348161
2017-09-25,6770,6850,6650,6765,192538,108702,6846.0,7082.0,7373.5,7112.416666666667,-130.0982705652341,-19.99244893037983,-110.10582163485427,10.877192982456137,215.35714285714286,-85.97745634363886,196983.65,1832411,116923.0,-3091.0,-2.764931614680699
2017-09-26,6800,6875,6780,6855,148552,106661,6816.0,7001.0,7340.75,7121.583333333333,-138.5590597284272,-43.705771089989305,-94.8532886384379,16.89655172413792,213.21428571428572,-66.76693471263302,194670.1,1980963,117359.05,-2041.0,-1.8776103475557027
2017-09-27,6890,6890,6820,6830,102078,103083,6794.0,6949.5,7306.5,7127.583333333333,-145.60316451750077,-64.0852497754916,-81.51791474200917,19.066147859922182,191.07142857142858,-59.09930473405086,192958.95,1878885,117423.4,-3578.0,-3.3545532106393106
2017-09-28,6710,6715,6510,6620,190468,96434,6765.0,6884.0,7256.5,7128.583333333333,-166.2148914660047,-84.51117811359423,-81.70371335241047,17.31448763250883,201.78571428571428,-77.5797832384735,193548.45,1688417,116571.5,-6649.0,-6.4501421184870456
2017-09-29,6680,6705,6595,6690,93601,92323,6752.0,6839.0,7199.25,7129.916666666667,-174.88544800439377,-102.58603209175413,-72.29941591263963,20.945945945945937,191.78571428571428,-64.77901050816419,188128.9,1782018,114971.0,-4111.0,-4.263019267063484
2017-10-09,6705,6795,6405,6450,194399,94804,6689.0,6767.5,7134.0,7127.333333333333,-198.83092166832375,-121.83501000706806,-76.99591166125569,12.149532710280383,207.85714285714286,-70.83855551520477,189623.45,1587619,114106.2,2481.0,2.6873043553610643
2017-10-10,6465,6505,6360,6375,139330,103443,6593.0,6704.5,7058.75,7122.333333333333,-221.3086469415639,-141.72973739396724,-79.57890954759665,14.338235294117652,188.92857142857142,-79.03693153133682,188807.35,1448289,113476.3,8639.0,9.112484705286693
2017-10-11,6405,6505,6375,6390,161627,97814,6505.0,6649.5,6987.5,7119.0,-235.20078330160595,-160.423946575495,-74.77683672611096,16.091954022988517,187.85714285714286,-71.87766771656355,188683.4,1609916,112491.0,-5629.0,-5.441644190520378
2017-10-12,6430,6435,6270,6420,212241,103312,6465.0,6615.0,6927.25,7115.666666666667,-241.01142252042428,-176.54144176448085,-64.46998075594342,20.0,182.14285714285714,-71.57769908095827,186683.45,1822157,111552.85,5498.0,5.6208722677735246
2017-10-13,6435,6525,6410,6490,193323,100603,6425.0,6588.5,6874.5,7114.583333333333,-237.2333031332264,-188.67981403822995,-48.55348909499645,22.891566265060234,178.92857142857142,-54.36106909099464,186210.3,2015480,110190.2,-2709.0,-2.6221542512002483
2017-10-16,6530,6565,6290,6410,262830,110478,6417.0,6553.0,6817.5,7112.333333333333,-237.951491042023,-198.53414943898855,-39.41734160303446,24.46351931330473,182.5,-56.47138978998063,188053.1,1752650,109601.15,9875.0,9.81581066170989
2017-10-17,6365,6510,6275,6415,257991,116945,6425.0,6509.0,6755.0,7108.583333333333,-235.40361557407687,-205.90804266600622,-29.495572908070642,26.244343891402707,186.78571428571428,-57.11827891566864,191773.5,2010641,109591.25,6467.0,5.8536541211825055
2017-10-18,6435,6490,6395,6420,145951,114626,6431.0,6468.0,6708.75,7102.5,-230.32589416102383,-210.79161296500976,-19.534281196014064,31.55080213903743,178.21428571428572,-48.873926337519606,184995.1,2156592,108828.45,-2319.0,-1.982983453760312
2017-10-19,6335,6390,6200,6315,272033,104078,6410.0,6437.5,6660.75,7094.583333333333,-232.0988942600734,-215.0530692240225,-17.0458250360509,28.640776699029132,184.28571428571428,-67.71160338304396,188528.0,1884559,107700.05,-10548.0,-9.202100745031672
2017-10-20,6360,6530,6300,6530,240585,111426,6418.0,6421.5,6630.25,7089.083333333333,-213.6919981067922,-214.78085500057645,1.0888568937842535,40.48582995951416,186.42857142857142,-36.39072358230339,189091.95,2125144,107271.1,7348.0,7.060089548223458
2017-10-23,6455,6540,6435,6490,181458,109769,6434.0,6425.5,6596.5,7083.416666666667,-200.02628746696428,-211.82994149385402,11.803654026889745,34.599156118143455,186.07142857142858,-25.838780603003947,188157.35,1943686,106977.95,-1657.0,-1.4870855994112642
2017-10-24,6525,6660,6500,6520,239668,115531,6455.0,6440.0,6572.25,7077.666666666667,-184.64686987203459,-206.39332716949016,21.746457297455578,36.97478991596639,193.21428571428572,-4.418942710238532,190893.8,2183354,106933.45,5762.0,5.249205148994718
2017-10-25,6550,6625,6410,6460,214764,114721,6463.0,6447.0,6548.25,7072.0,-175.2795555754701,-200.17057285068617,24.891017275216058,42.30769230769231,185.71428571428572,-16.359303267009754,191131.9,1968590,106791.2,-810.0,-0.7011105244479787
2017-10-26,6450,6495,6405,6410,184896,113818,6482.0,6446.0,6530.5,7063.666666666667,-169.9316078436832,-194.12277984928556,24.19117200560237,36.27450980392157,184.28571428571428,-30.939815210021813,189561.35,1783694,106518.2,-903.0,-0.7871270299247723
2017-10-27,6410,6500,6360,6435,201713,107476,6463.0,6440.5,6514.5,7057.083333333333,-161.8107757707039,-187.66037903356926,25.849603262865344,49.06832298136646,166.42857142857142,-28.771119414133118,191502.3,1985407,106302.35,-6342.0,-5.572053629478646
2017-10-30,6475,6620,6455,6580,225594,116008,6481.0,6457.5,6505.25,7052.833333333333,-142.03735148821852,-178.53577352449912,36.4984220362806,61.714285714285715,169.28571428571428,15.124633934259373,193155.1,2211001,106667.65,8532.0,7.938516506010651
2017-10-31,6570,6575,6305,6340,242642,103919,6445.0,6450.0,6479.5,7043.666666666667,-144.07199227557976,-171.64301727471528,27.571024999135517,47.72727272727273,179.64285714285714,-33.54462991487177,197859.6,1968359,106530.55,-12089.0,-10.420833045996824
2017-11-01,6355,6420,6220,6235,207872,100739,6400.0,6431.5,6449.75,7028.666666666667,-152.40030637079872,-167.79447509393196,15.394168723133248,42.12765957446809,182.14285714285714,-89.16737811247307,203149.3,1760487,106413.35,-3180.0,-3.0600756358317494
2017-11-02,6310,6370,6245,6325,221950,101930,6383.0,6432.5,6435.0,7015.916666666667,-150.0090959739391,-164.2373992699334,14.228303295994294,43.09623430962343,183.57142857142858,-71.21587955512966,204723.4,1982437,106688.15,1191.0,1.1822630758693276
2017-11-03,6330,6380,6280,6315,163228,104534,6359.0,6411.0,6416.25,6998.333333333333,-147.22385596529966,-160.83469060900666,13.610834643706994,45.777777777777786,171.07142857142858,-64.06122851195629,208204.75,1819209,107298.7,2604.0,2.554694398116353
2017-11-06,6360,6490,6325,6455,233580,107048,6334.0,6407.5,6416.5,6983.333333333333,-132.19583195892665,-155.10691887899065,22.911086920064008,51.58730158730159,166.78571428571428,1.3943948895247211,210163.8,2052789,107910.9,2514.0,2.4049591520462155
2017-11-07,6490,6525,6420,6460,191455,119307,6358.0,6401.5,6420.75,6966.583333333333,-118.5163734700709,-147.7888097972067,29.272436327135807,51.58730158730159,167.5,29.396378883965184,212770.05,2244244,108704.1,12259.0,11.45187205739482
2017-11-08,6420,6475,6380,6435,164846,118579,6398.0,6399.0,6423.0,6950.5,-108.44253706461404,-139.91955525068818,31.477018186074133,55.08474576271186,158.57142857142858,3.756852361760788,212931.0,2079398,109742.35,-728.0,-0.6101905169017763
2017-11-09,6485,6580,6355,6380,301485,120693,6409.0,6396.0,6421.0,6931.333333333333,-103.70158219350469,-132.67596063925149,28.974378445746794,42.64705882352941,158.21428571428572,7.264640526006774,217393.2,1777913,110611.4,2114.0,1.78277772624158
2017-11-10,6375,6470,6375,6410,211294,117001,6428.0,6393.5,6417.0,6917.083333333333,-96.41221205581496,-125.42321092256418,29.01099886674922,46.039603960396036,157.5,-4.294708202421827,218291.75,1989207,111431.3,-3692.0,-3.0590009362597703
2017-11-13,6430,6430,6300,6375,196728,120645,6412.0,6373.0,6415.25,6903.0,-92.39447520086469,-118.8174637782243,26.422988577359604,42.857142857142854,154.64285714285714,-35.8710378448909,214986.65,1792479,111939.65,3644.0,3.11450329484364
2017-11-14,6390,6405,6315,6320,157792,121404,6384.0,6371.0,6410.5,6891.083333333333,-92.58121156577909,-113.57021333573526,20.989001769956175,43.069306930693074,145.71428571428572,-47.45698027946564,209976.7,1634687,112162.6,759.0,0.6291184881263234
2017-11-15,6190,6235,6035,6035,253115,125683,6304.0,6351.0,6391.25,6874.916666666667,-114.40750117856714,-113.73767090430165,-0.6698302742654931,34.93975903614458,159.64285714285714,-144.36911846812808,215334.9,1381572,112715.45,4279.0,3.5245955652202454
2017-11-16,6010,6040,5905,5930,211628,132271,6214.0,6311.5,6372.0,6855.083333333333,-138.5801497221628,-118.70616666787389,-19.8739830542889,30.943396226415103,159.28571428571428,-149.49635880480335,212314.65,1169944,114125.1,6588.0,5.24175902866737
2017-11-17,5920,6050,5920,6005,186440,120774,6133.0,6280.5,6345.75,6833.333333333333,-149.9566675301403,-124.95626684032717,-25.00040068981312,27.091633466135463,155.35714285714286,-111.23701717423083,209607.4,1356384,114592.5,-11497.0,-8.69200353819053
2017-11-20,6045,6070,5975,6015,181466,119148,6061.0,6236.5,6322.0,6810.916666666667,-156.36326504317003,-131.23766648089577,-25.125598562274263,34.14634146341464,142.5,-88.43236482053389,209607.8,1537850,115061.45,-1626.0,-1.3463162601222156
2017-11-21,6015,6085,5960,5990,197065,123488,5995.0,6189.5,6295.5,6786.75,-161.59506349305775,-137.30914588332817,-24.28591760972958,37.037037037037045,137.14285714285714,-80.37615224191549,207477.65,1340785,115459.3,4340.0,3.6425286198677354
2017-11-22,6020,6245,6010,6220,304019,111958,6032.0,6168.0,6283.5,6769.333333333333,-145.50493334988641,-138.9483033766398,-6.556629973246601,45.16129032258064,145.71428571428572,-36.99772860169187,211940.4,1644804,115321.15,-11530.0,-9.336939621663642
2017-11-23,6260,6350,6235,6270,211760,101446,6100.0,6157.0,6276.5,6751.25,-127.25192616250297,-136.60902793381246,9.357101771309488,47.99999999999999,147.85714285714286,-0.5522693992379231,213283.6,1856564,114702.55,-10512.0,-9.389235248932637
2017-11-24,6310,6340,6215,6290,144198,96032,6157.0,6145.0,6269.25,6731.416666666667,-109.9055310594249,-131.26832855893497,21.362797499510066,41.791044776119406,144.28571428571428,0.6091574691828431,210407.85,2000762,114130.35,-5414.0,-5.336829446207836
2017-11-27,6300,6370,6070,6140,270536,83763,6182.0,6121.5,6247.25,6708.666666666667,-107.02837784693384,-126.42033841653475,19.39196056960091,36.086956521739125,158.21428571428572,-20.473548045901644,212654.95,1730226,112518.1,-12269.0,-12.775949683438858
2017-11-28,6105,6185,6105,6155,145014,80677,6215.0,6105.0,6238.0,6686.083333333333,-102.35792016937557,-121.60785476710292,19.249934597727346,37.71929824561404,157.14285714285714,-30.43296414908268,207773.55,1875240,111356.0,-3086.0,-3.6842042429234834
2017-11-29,6225,6305,6200,6260,84281,89475,6223.0,6127.5,6239.25,6665.166666666667,-89.15618928047024,-115.1175216697764,25.96133238930615,44.957983193277315,151.78571428571428,2.4816147026443276,201594.0,1959521,110792.8,8798.0,10.905214621267522
2017-11-30,6290,6340,6065,6140,184000,98033,6197.0,6148.5,6230.0,6640.5,-87.36957745263226,-109.56793282634757,22.198355373715316,39.453125,164.64285714285714,-17.81985043374678,199696.5,1775521,110597.95,8558.0,9.564682872310692
2017-12-01,6120,6335,6100,6300,239769,108561,6199.0,6178.0,6229.25,6614.916666666667,-72.21061288720284,-102.09646883851863,29.88585595131579,47.33096085409253,172.14285714285714,2.6811752442922714,203523.55,2015290,110799.3,10528.0,10.739240867871015
2017-12-04,6385,6520,6365,6470,307714,120336,6265.0,6223.5,6230.0,6593.5,-45.94976471899281,-90.86712801461347,44.91736329562066,54.93421052631579,181.42857142857142,64.84956441243911,207230.25,2323004,111463.7,11775.0,10.846436565617479
2017-12-05,6470,6600,6400,6435,271805,113437,6321.0,6268.0,6228.75,6569.416666666667,-27.64340487530717,-78.22238338675221,50.578978511445044,65.74803149606299,175.35714285714286,72.4499986421985,211247.75,2051199,111170.2,-6899.0,-5.733113947613344
2017-12-06,6425,6645,6410,6645,258947,126268,6398.0,6310.5,6239.25,6549.916666666667,3.766346054934729,-61.82463749841483,65.59098355334956,76.0,182.5,91.10433321687567,215952.8,2310146,111554.65,12831.0,11.311124236360271
2017-12-07,6605,6670,6325,6430,388287,116057,6456.0,6326.5,6241.75,6530.0,11.181206800224572,-47.22346863868695,58.404675438911525,64.02640264026402,197.85714285714286,63.795540091922526,220292.9,1921859,111322.85,-10211.0,-8.086767827161278
2017-12-08,6460,6845,6450,6775,474902,162500,6551.0,6375.0,6260.0,6517.166666666667,44.3845169932556,-28.90187151229844,73.28638850555404,70.54054054054053,220.71428571428572,106.63431072648117,233473.3,2396761,113597.8,46443.0,40.01740524052837
2017-12-11,6790,6835,6690,6755,330048,164273,6608.0,6436.5,6279.0,6503.916666666667,68.29725840382707,-9.46204552907334,77.75930393290041,70.73170731707317,222.14285714285714,104.55289349107596,240139.3,2066713,115779.2,1773.0,1.091076923076928
2017-12-12,6790,6840,6710,6755,259503,167323,6672.0,6496.5,6300.75,6488.75,86.25399588044183,9.681162752829696,76.57283312761214,66.56346749226006,213.21428571428572,91.9598944141367,245224.85,2066713,118075.15,3050.0,1.8566654288897144
2017-12-13,6735,6795,6585,6670,287711,150435,6677.0,6537.5,6332.5,6477.5,92.55908654296945,26.256747510857647,66.3023390321118,62.12121212121212,218.92857142857142,67.10325405018831,246954.65,1779002,119312.75,-16888.0,-10.093053555100017
2017-12-14,6670,6785,6610,6620,339657,156613,6715.0,6585.5,6367.0,6466.583333333333,92.45556399602629,39.496510807891376,52.95905318813491,59.82142857142857,222.5,59.17812305392567,253356.1,1439345,120529.85,6178.0,4.106757071160305
2017-12-15,6635,6685,6550,6625,218773,153510,6685.0,6618.0,6398.0,6458.0,91.7196923253905,49.9411471113912,41.778545213999294,65.79804560260587,210.71428571428572,44.81482035441774,254972.75,1658118,122166.65,-3103.0,-1.9813170043355255
2017-12-18,6730,6770,6640,6685,271235,159270,6671.0,6639.5,6431.5,6450.0,94.88424081904668,58.9297658529223,35.95447496612438,66.77215189873418,215.35714285714286,55.547312838193605,259461.2,1929353,124172.75,5760.0,3.752198553840147
2017-12-19,6670,6840,6660,6715,316993,166921,6663.0,6667.5,6467.75,6445.166666666667,98.67544843294854,66.87890236892756,31.796546064020987,65.11627906976744,217.5,59.3000844706122,265457.6,2246346,126344.4,7651.0,4.803792302379617
2017-12-20,6740,6790,6705,6720,202263,168283,6673.0,6675.0,6492.75,6441.5,100.92012165258166,73.68714622565838,27.232975426923275,70.86330935251799,203.92857142857142,54.02585527719688,260369.8,2448609,129160.65,1362.0,0.8159548528944738
2017-12-21,6685,6705,6565,6570,252730,153821,6663.0,6689.0,6507.75,6438.25,89.56286993972844,76.8622909684724,12.70057897125605,59.78260869565217,198.21428571428572,22.875801076414298,262418.3,2195879,131779.4,-14462.0,-8.593856776976882
2017-12-22,6580,6645,6540,6635,182930,151162,6665.0,6675.0,6525.0,6436.25,84.82926395456161,78.45568556569023,6.37357838887138,56.470588235294116,190.0,18.157793142717942,264354.9,2378809,134535.9,-2659.0,-1.7286326314352451
2017-12-25,6620,6685,6510,6550,207767,145119,6638.0,6654.5,6545.5,6432.666666666667,73.37325625729954,77.4391997040121,-4.065943446712552,54.339622641509436,188.21428571428572,8.338359928876915,261216.45,2171042,137603.7,-6043.0,-3.9976978341117464
2017-12-26,6575,6720,6515,6695,247823,155786,6634.0,6648.5,6572.5,6430.0,75.1285407536634,76.97706791394236,-1.8485271602789624,51.98412698412699,186.07142857142858,19.959023518398666,266356.9,2418865,141359.15,10667.0,7.350519229046504
2017-12-27,6705,6725,6580,6595,219796,148232,6609.0,6641.0,6589.25,6426.083333333333,67.67038996587326,75.11573232432855,-7.445342358455292,57.20524017467248,171.78571428571428,12.932287580270117,273132.65,2199069,144297.0,-7554.0,-4.848959470042235
2017-12-28,6600,6620,6560,6590,143400,146026,6613.0,6638.0,6611.75,6425.583333333333,60.65707650004424,72.2240011594717,-11.566924659427457,38.50931677018634,146.42857142857142,-8.98251799214942,271102.65,2055669,146696.65,-2206.0,-1.4882076744562545
2017-12-29,6635,6690,6605,6655,176497,146741,6617.0,6641.0,6629.5,6425.0,59.6562516877857,69.71045126513451,-10.054199577348811,44.11764705882352,143.21428571428572,9.294219150489523,267939.05,2232166,148605.65,715.0,0.489638831440975
2018-01-02,6650,6860,6650,6780,340107,163177,6663.0,6650.5,6645.0,6430.5,68.16379633131146,69.4011202783699,-1.2373239470584423,51.28205128205128,148.92857142857142,66.94167478237819,269558.7,2572273,150747.7,16436.0,11.200686924581404
2018-01-03,6790,6815,6750,6770,130533,165886,6678.0,6656.0,6661.75,6437.083333333333,73.25473533884542,70.171843290465,3.0828920483804154,55.55555555555556,138.57142857142858,71.30985827439926,262495.1,2441740,153370.15,2709.0,1.6601604392775915
2018-01-04,6785,6825,6735,6825,189547,172066,6724.0,6666.5,6670.75,6444.333333333333,80.7960153551312,72.29667770339825,8.499337651732958,61.325966850828735,132.5,73.01325027797634,259025.1,2631287,155660.05,6180.0,3.725450007836706
2018-01-05,6820,6920,6770,6830,280200,169352,6772.0,6692.5,6690.75,6451.166666666667,86.18253371142146,75.07384890500289,11.108684806418566,61.325966850828735,133.57142857142858,96.88088096323109,253620.75,2911487,158324.8,-2714.0,-1.5773017330559247
2018-01-08,6805,6880,6805,6830,119420,170678,6807.0,6712.0,6693.5,6456.833333333333,89.42060326450974,77.94319977690427,11.477403487605471,58.57988165680473,128.57142857142858,83.5640438711988,235846.65,2911487,158733.7,1326.0,0.7829845528839252
2018-01-09,6840,6870,6775,6795,131974,173681,6810.0,6736.5,6695.5,6463.25,88.14649133870262,79.98385808926395,8.16263324943867,54.70588235294118,122.5,64.55797774102274,225942.95,2779513,159204.1,3003.0,1.7594534737927603
2018-01-10,6820,6840,6750,6760,171217,170826,6808.0,6743.0,6695.75,6469.0,83.35171428755712,80.65742932892259,2.694284958634526,52.272727272727266,122.85714285714286,46.164127150953036,221528.65,2608296,159379.25,-2855.0,-1.6438182645194366
2018-01-11,6760,6790,6705,6740,164050,171190,6791.0,6757.5,6699.25,6474.333333333333,77.04980389948014,79.9359042430341,-2.886100343553963,61.333333333333336,117.85714285714286,21.980554834224648,215345.6,2444246,160417.0,364.0,0.2130823176799801
2018-01-12,6730,6840,6710,6825,190981,174250,6790.0,6781.0,6709.5,6482.833333333333,78.01497605811528,79.55171860605034,-1.536742547935063,62.33766233766234,119.64285714285714,44.742808266824944,207911.8,2635227,161298.85,3060.0,1.7874875868917561
2018-01-15,6845,6865,6780,6810,148554,176163,6786.0,6796.5,6718.75,6487.5,76.68552431849093,78.97847974853846,-2.2929554300475274,68.57142857142857,113.21428571428571,54.19724817679627,204400.85,2486673,162431.5,1913.0,1.097847919655659
2018-01-16,6815,6845,6615,6630,279406,152346,6753.0,6781.5,6716.0,6489.833333333333,60.41104760717826,75.26499332026643,-14.853945713088166,45.578231292517,115.0,-14.918886842186554,204809.4,2207267,162085.3,-23817.0,-13.519865124912723
2018-01-17,6635,6660,6540,6570,142650,140274,6715.0,6761.5,6708.75,6490.666666666667,42.18561944182329,68.6491185445778,-26.46349910275451,48.20143884892086,113.21428571428571,-67.6684012927754,196092.25,2064617,160752.95,-12072.0,-7.9240675830018485
2018-01-18,6560,6650,6560,6625,126368,140238,6692.0,6741.5,6704.0,6493.416666666667,31.81315441834886,61.281925719332015,-29.468771300983157,52.34899328859061,115.35714285714286,-51.112508735552666,192297.5,2190985,159350.7,-36.0,-0.02566405748748446
2018-01-19,6610,6690,6585,6670,151180,139970,6661.0,6725.5,6709.0,6497.75,26.91377977695538,54.40829653085669,-27.49451675390131,51.03448275862069,115.71428571428571,-33.34734871664847,187220.0,2342165,158658.15,-268.0,-0.19110369514682146
2018-01-22,6695,6705,6650,6680,100118,131927,6635.0,6710.5,6711.25,6501.833333333333,23.56624944792111,48.23988711426957,-24.673637666348462,41.803278688524586,104.64285714285714,-19.878435925694387,183079.4,2442283,157696.4,-8043.0,-5.746231335286134
2018-01-23,6690,6745,6635,6720,177645,138545,6653.0,6703.0,6719.75,6504.166666666667,23.865862444285995,43.36508218027286,-19.499219735986863,46.09375000000001,107.85714285714286,-11.930788920150531,181573.3,2619928,157367.7,6618.0,5.016410590705456
2018-01-24,6735,6840,6730,6820,158790,144108,6703.0,6709.0,6726.0,6512.166666666667,31.805834308170233,41.05323260585234,-9.247398297682103,49.63503649635037,110.0,40.26680136198647,177121.65,2778718,156783.8,5563.0,4.015301887473388
2018-01-25,6855,6905,6835,6855,152376,143278,6749.0,6720.5,6739.0,6522.5,40.45617312678951,40.93382071003977,-0.4776475832502598,51.74825174825175,105.35714285714286,71.7641443404448,173750.65,2931094,156536.1,-830.0,-0.5759569211979954
2018-01-26,6835,6975,6805,6930,238278,171909,6801.0,6731.0,6756.0,6532.583333333333,52.75537108295248,43.298130784622316,9.457240298330163,56.32911392405063,112.14285714285714,84.89590745138058,178494.55,3169372,157830.25,28631.0,19.982830581108058
2018-01-29,6945,6995,6870,6875,150885,158542,6840.0,6737.5,6767.0,6541.916666666667,57.40282964025391,46.119070555748635,11.283759084505277,54.93827160493827,114.28571428571429,80.23894148854549,177213.95,3018487,158420.3,-13367.0,-7.775625476269421
2018-01-30,6865,6885,6805,6845,142971,146491,6865.0,6759.0,6770.25,6548.416666666667,57.99667518070055,48.49459148073902,9.502083699961531,55.27950310559005,113.57142857142857,39.42600206421984,167357.15,2875516,157586.0,-12051.0,-7.60114039182046
2018-01-31,6800,6930,6800,6890,162844,158902,6879.0,6791.0,6776.25,6555.583333333333,61.390751599219584,51.07382350443513,10.316928094784451,59.036144578313255,116.78571428571429,50.757147603499305,168972.7,3038360,157236.8,12411.0,8.472192830958903
2018-02-01,6900,6915,6700,6710,206161,136550,6850.0,6799.5,6770.5,6560.166666666667,48.991344216586185,50.65732764686535,-1.6659834302791623,43.78378378378378,122.85714285714286,-0.7056390002078599,169803.4,2832199,155461.0,-22352.0,-14.06653157291916
2018-02-02,6740,6760,6680,6720,139853,139701,6808.0,6804.5,6765.0,6565.833333333333,39.51612368356564,48.42908685420541,-8.91296317063977,45.108695652173914,122.5,-26.764424526633075,162786.05,2972052,153978.45,3151.0,2.307579641157087
2018-02-05,6695,6795,6690,6790,131891,139437,6791.0,6815.5,6763.0,6572.166666666667,37.22623724107325,46.18851693157898,-8.962279690505731,59.876543209876544,113.57142857142857,-4.316055927441426,163409.6,3103943,152416.4,-264.0,-0.1889750252324629
2018-02-06,6765,6795,6705,6745,137187,133115,6771.0,6818.0,6760.5,6578.333333333333,31.41819245289753,43.23445203584269,-11.816259582945165,61.0062893081761,111.42857142857143,-8.009335463107202,163670.25,2966756,150388.1,-6322.0,-4.533947230648971
2018-02-07,6750,6850,6750,6790,158238,133978,6751.0,6815.0,6762.0,6586.166666666667,30.099431522527993,40.607447933179756,-10.508016410651763,60.509554140127385,112.5,17.83474367292814,163021.3,3124994,148545.7,863.0,0.6483116102617981
2018-02-08,6770,6770,6635,6755,202222,126555,6760.0,6805.0,6762.75,6598.166666666667,25.93117801272092,37.67219394908799,-11.74101593636707,55.48387096774194,116.07142857142857,-22.91894536172602,164929.9,2922772,146313.95,-7423.0,-5.540461866873669
2018-02-09,6735,6790,6685,6715,142879,131734,6759.0,6783.5,6757.25,6611.25,19.179057137371274,33.97356658674465,-14.794509449373379,52.17391304347826,119.64285714285714,-15.862756724395693,162524.8,2779893,144188.15,5179.0,4.092291888902055
2018-02-12,6715,6730,6595,6640,162609,137866,6729.0,6760.0,6748.75,6621.833333333333,7.687463207825203,28.716345910960765,-21.02888270313556,45.23809523809524,121.42857142857143,-50.959791956908035,163227.55,2617284,142273.3,6132.0,4.654834742739156
2018-02-13,6640,6660,6605,6625,63848,125206,6705.0,6738.0,6748.5,6632.0,-2.6001099644154237,22.45305473588553,-25.053164700300954,37.08609271523179,116.78571428571429,-60.41482728659984,152449.65,2553436,140916.3,-12660.0,-9.182829704205531
2018-02-14,6620,6655,6515,6535,144534,142550,6654.0,6702.5,6746.75,6641.083333333333,-17.81003071230316,14.400437646247791,-32.210468358550955,30.24691358024691,120.71428571428571,-89.66665954600865,152543.85,2408902,141030.1,17344.0,13.852371292110611
2018-02-22,6565,6595,6515,6535,100954,140939,6610.0,6685.0,6742.25,6646.333333333333,-29.523671973897763,5.615615722218681,-35.13928769611644,23.12925170068027,114.28571428571429,-93.08366358555575,151273.15,2408902,141065.15,-1611.0,-1.130129779024902
2018-02-23,6580,6640,6560,6595,136083,151531,6586.0,6672.5,6738.5,6651.75,-33.5782493500883,-2.223157292242715,-31.355092057845585,31.08108108108108,112.85714285714286,-66.20690487788114,150518.3,2544985,141643.2,10592.0,7.5153080410674145
2018-02-26,6630,6685,6540,6650,203658,147090,6588.0,6658.5,6737.0,6657.75,-31.98479003684588,-8.175483841163349,-23.80930619568253,37.254901960784316,117.5,-51.52564376978867,155695.3,2748643,142401.35,-4441.0,-2.9307534431898374
2018-02-27,6655,6675,6565,6595,161864,154020,6582.0,6643.5,6730.75,6665.333333333333,-34.7593186086724,-13.49225079466516,-21.26706781400724,30.967741935483872,116.07142857142857,-53.935282542870134,154906.25,2586779,143175.1,6930.0,4.711401182949215
2018-02-28,6570,6705,6570,6685,160652,143067,6612.0,6633.0,6724.0,6674.166666666667,-29.357489784790232,-16.665298592690178,-12.692191192100054,48.175182481751825,110.35714285714286,-32.315970323153344,154999.35,2747431,143123.05,-10953.0,-7.1114141020646615
2018-03-01,6675,6810,6630,6785,219897,147305,6662.0,6636.0,6720.5,6682.916666666667,-16.813521449444124,-16.694943164040968,-0.11857828540315651,54.193548387096776,117.5,9.575208631086761,158375.4,2967328,143324.4,4238.0,2.9622484570166474
2018-03-02,6780,6830,6740,6795,122816,139941,6702.0,6644.0,6713.75,6693.833333333333,-5.99629815024764,-14.555214161282304,8.558916011034665,50.34965034965035,116.42857142857143,35.98802998309086,152602.3,3090144,141726.0,-7364.0,-4.9991514205220415
2018-03-05,6795,6805,6635,6655,167507,146442,6703.0,6645.5,6702.75,6699.75,-8.621022936913505,-13.368375916408546,4.747352979495041,44.444444444444436,122.14285714285714,-3.2662644722282193,153433.4,2922637,141121.0,6501.0,4.645529187300368
2018-03-06,6680,6685,6575,6600,170960,145055,6704.0,6643.0,6690.5,6701.916666666667,-14.966650357385333,-13.688030804603903,-1.2786195527814304,38.41463414634147,122.5,-42.42737065478602,154832.85,2751677,141049.2,-1387.0,-0.9471326532005886
2018-03-07,6600,6660,6560,6595,150837,147777,6686.0,6649.0,6675.75,6704.583333333333,-20.1665960531127,-14.983743854305661,-5.182852198807037,39.87341772151898,118.57142857142857,-48.51851613729964,154232.5,2600840,140492.95,2722.0,1.8765295922236414
2018-03-08,6590,6630,6390,6405,269878,162482,6610.0,6636.0,6660.5,6700.583333333333,-39.167503979359935,-19.820495879316518,-19.347008100043418,33.51063829787235,128.21428571428572,-110.23473373509005,157418.35,2330962,141789.55,14705.0,9.950804252353219
2018-03-09,6405,6470,6365,6435,183142,148257,6538.0,6620.0,6646.25,6700.666666666667,-51.21473948876337,-26.09934460120589,-25.115394887557482,38.54748603351956,126.07142857142857,-112.84550952846452,159582.8,2514104,142217.35,-14225.0,-8.754815918070925
2018-03-12,6475,6490,6255,6265,256732,167810,6460.0,6581.5,6620.0,6692.166666666667,-73.63106657460503,-35.60568899588572,-38.02537757871931,32.85714285714286,138.92857142857142,-122.8019882983274,165824.85,2257372,143636.0,19553.0,13.18858468740094
2018-03-13,6265,6315,6245,6270,120123,170482,6394.0,6549.0,6596.25,6684.083333333333,-89.9557551281896,-46.4757022223465,-43.480052905843095,36.26943005181347,133.92857142857142,-118.147422667386,164971.65,2377495,145504.35,2672.0,1.5922769799177727
2018-03-14,6275,6385,6250,6330,146085,161960,6341.0,6513.5,6573.25,6677.0,-96.93429168580406,-56.56742011503802,-40.36687157076604,39.99999999999999,137.85714285714286,-89.55262268185614,164364.0,2523580,146903.45,-8522.0,-4.998768198402182
2018-03-15,6320,6360,6270,6305,135091,168640,6321.0,6465.5,6550.75,6670.916666666667,-103.29144378438286,-65.91222484890699,-37.379218935475876,35.35353535353535,136.78571428571428,-81.47730549787411,161007.45,2388489,149007.7,6680.0,4.124475179056564
2018-03-16,6290,6340,6235,6325,153375,161584,6299.0,6418.5,6531.25,6666.0,-105.49956643957285,-73.82969316704016,-31.669873272532683,32.98429319371728,133.92857142857142,-75.72912122031576,161532.25,2541864,150500.2,-7056.0,-4.184060721062622
2018-03-19,6315,6360,6255,6305,167073,161548,6307.0,6383.5,6514.5,6660.666666666667,-107.62274440088095,-80.58830341380832,-27.034440987072628,34.23913043478261,133.57142857142858,-65.74794535592011,161755.45,2374791,151684.3,-36.0,-0.022279433607286236
2018-03-20,6275,6305,6165,6235,221172,172461,6300.0,6347.0,6495.0,6653.166666666667,-113.6437784799582,-87.19939842703829,-26.44438005291991,25.000000000000014,133.92857142857142,-76.98567314165902,169621.65,2153619,154047.05,10913.0,6.755267784187979
2018-03-21,6260,6300,6240,6265,112647,161119,6287.0,6314.0,6481.5,6645.666666666667,-114.67286468459133,-92.6940916785489,-21.97877300604243,18.674698795180717,125.71428571428571,-60.67909990003647,168027.3,2266266,154975.5,-11342.0,-6.576559338053245
2018-03-22,6300,6400,6300,6355,181711,147648,6297.0,6309.0,6472.5,6639.583333333333,-106.99282835278427,-95.55383901339599,-11.438989339388286,25.824175824175825,128.92857142857142,-34.50220555646284,172065.15,2447977,155310.95,-13471.0,-8.360900948988014
2018-03-23,6305,6335,6145,6255,249809,134919,6283.0,6291.0,6455.5,6634.333333333333,-107.73362235660716,-97.98979568203822,-9.743826674568936,27.01149425287356,131.78571428571428,-57.43172206665592,177751.45,2198168,154480.35,-12729.0,-8.621180104031211
2018-03-26,6305,6340,6265,6300,158960,130199,6282.0,6294.5,6438.0,6628.75,-103.49653934129401,-99.09114441388938,-4.405394927404629,32.55813953488372,130.0,-38.170947194662055,175516.55,2357128,153635.8,-4720.0,-3.4983953334963958
2018-03-27,6315,6375,6305,6325,108810,125385,6300.0,6300.0,6424.5,6625.0,-97.00313767013631,-98.67354306513877,1.6704053950024615,34.65909090909091,128.21428571428572,-25.887763979445108,172863.85,2465938,152204.05,-4814.0,-3.6974170308527676
2018-03-28,6300,6350,6210,6210,177805,133618,6289.0,6288.0,6400.75,6616.916666666667,-99.98405501985417,-98.93564545608186,-1.04840956377231,37.88819875776397,121.07142857142857,-42.8205009230559,173721.5,2288133,151731.6,8233.0,6.566176177373695
2018-03-29,6210,6310,6185,6295,201268,117517,6277.0,6287.0,6376.25,6611.916666666667,-94.39948536484917,-98.02841343783533,3.628928072986156,41.860465116279066,122.5,-37.495089489762876,172790.05,2489401,150242.2,-16101.0,-12.050023200467008
2018-03-30,6320,6470,6300,6435,157754,102417,6313.0,6298.0,6358.25,6609.333333333333,-77.78024149993234,-93.97877905025474,16.1985375503224,60.24096385542169,118.21428571428571,13.09573958722665,174536.95,2647155,148366.0,-15100.0,-12.84920479590187
2018-04-02,6465,6510,6430,6495,120363,92025,6352.0,6317.0,6350.25,6606.666666666667,-59.08675708724877,-87.00037465765355,27.91361757040478,62.71186440677966,118.92857142857143,54.647431931349175,172179.75,2767518,145645.15,-10392.0,-10.146752980462226
2018-04-03,6470,6500,6455,6465,78060,83173,6380.0,6340.0,6343.5,6601.416666666667,-46.16067377717172,-78.83243448155719,32.67176070438546,57.89473684210526,112.5,63.81795864496646,167534.75,2689458,142551.05,-8852.0,-9.619125237707149
2018-04-04,6460,6490,6415,6475,70204,76316,6433.0,6361.0,6337.5,6596.5,-34.709632166403026,-70.00787401852635,35.298241852123326,60.11904761904762,111.42857142857143,72.50512596415055,163503.1,2759662,138978.0,-6857.0,-8.244261960011057
2018-04-09,6470,6640,6450,6635,92129,66772,6501.0,6389.0,6349.0,6593.333333333333,-12.578934241540082,-58.5220860631291,45.94315182158902,65.81632653061224,117.5,123.17617820067733,154615.65,2851791,134192.5,-9544.0,-12.505896535457827
2018-04-10,6685,6730,6635,6645,102825,107044,6543.0,6428.0,6359.5,6590.25,5.701002129694643,-45.67746842456435,51.378470554258996,67.5257731958763,116.78571428571429,133.1864327201501,150599.8,2954616,132131.85,40272.0,60.31270592463906
2018-04-11,6670,6690,6575,6585,124497,117692,6561.0,6456.5,6375.5,6586.166666666667,15.171596128472629,-33.50765551395696,48.67925164242959,68.22916666666667,115.0,93.77172507295886,143988.05,2830119,129625.95,10648.0,9.947311385972114
2018-04-12,6600,6665,6550,6645,135981,126125,6597.0,6488.5,6394.25,6583.666666666667,27.20500628559512,-21.365123154046547,48.57012943964166,69.1919191919192,118.57142857142857,82.72543962667595,144780.95,2966100,127408.1,8433.0,7.165312850491112
2018-04-13,6635,6665,6570,6595,123380,134875,6621.0,6527.0,6407.5,6580.916666666667,32.334259186069175,-10.625246686023402,42.95950587209258,62.63157894736842,115.71428571428571,70.26099402471554,143645.7,2842720,126053.85,8750.0,6.937561942517334
2018-04-16,6605,6660,6540,6550,149613,138131,6604.0,6552.5,6419.75,6577.75,32.39467944500393,-2.021261459817935,34.415940904821866,66.4804469273743,109.28571428571429,55.20071259527656,144371.8,2693107,124528.4,3256.0,2.414087117701569
2018-04-17,6550,6635,6550,6590,92665,140387,6593.0,6568.0,6433.0,6573.833333333333,35.26373030946888,5.4357368940394295,29.827993415429454,66.29213483146069,109.28571428571429,52.37689382479293,141336.3,2785772,123468.55,2256.0,1.6332322215867556
2018-04-18,6620,6675,6595,6610,127772,142046,6598.0,6579.5,6448.25,6570.5,38.705137906305936,12.08961709649273,26.615520809813205,66.10169491525424,110.0,57.51928422529974,139371.25,2913544,122493.45,1659.0,1.1817333513786998
2018-04-19,6655,6780,6600,6705,193144,148654,6610.0,6603.5,6471.75,6571.75,48.53866080518037,19.37942583823026,29.15923496695011,78.61271676300578,112.85714285714286,71.74361664751963,137969.85,3106688,121303.1,6608.0,4.652014136265725
2018-04-20,6685,6705,6575,6630,142504,147565,6617.0,6619.0,6490.0,6572.75,49.70693474811378,25.44492762020697,24.262007127906813,69.5906432748538,113.21428571428571,48.22662075827175,139462.7,2964184,120625.4,-1089.0,-0.7325736273494199
2018-04-23,6635,6750,6630,6715,137205,147582,6650.0,6627.0,6508.0,6574.25,56.8364150766447,31.723225111494518,25.11318996515018,67.5,109.28571428571429,61.48566833242315,137237.4,3101389,120622.1,17.0,0.011520346965743222
2018-04-24,6735,6795,6715,6775,126868,152261,6687.0,6640.0,6534.0,6576.0,66.5608066152181,38.690741412239234,27.870065202978864,67.5,109.28571428571429,74.93184745214812,131090.35,3228257,121489.2,4679.0,3.1704408396687978
2018-04-25,6765,6800,6745,6770,99651,150043,6719.0,6658.5,6557.5,6577.5,73.02224378515257,45.55704188682191,27.465201898330662,69.67741935483872,110.0,71.10585188820656,128124.9,3128606,122481.4,-2218.0,-1.456709203275952
2018-04-26,6760,6815,6740,6805,107669,156862,6739.0,6674.5,6581.5,6578.916666666667,80.04448380393114,52.45453027024376,27.589953533687385,70.625,110.0,69.08453057259018,128067.85,3236275,124055.25,6819.0,4.544697186806457
2018-04-27,6805,6945,6805,6860,176609,170510,6785.0,6701.0,6614.0,6579.583333333333,89.02151534224595,59.7679272846442,29.253588057601746,66.18705035971223,106.42857142857143,90.67158084322118,128008.05,3412884,125899.85,13648.0,8.70064132804631
2018-05-02,6860,6895,6835,6860,122391,164179,6814.0,6732.0,6642.25,6579.666666666667,95.04031195668358,66.82240421905209,28.217907737631492,65.69343065693431,103.92857142857143,86.41697981617357,124064.2,3412884,128232.95,-6331.0,-3.7129787109260404
2018-05-03,6875,6910,6815,6905,109487,160052,6840.0,6763.5,6665.75,6579.25,102.26255646136542,73.91043466751476,28.352121793850657,73.88059701492537,102.5,83.9369153843293,121650.85,3522371,131114.7,-4127.0,-2.513719781458046
2018-05-04,6900,6945,6865,6880,99293,155007,6862.0,6790.5,6685.0,6579.333333333333,104.76132288000463,80.08061231001274,24.680710569991888,68.50393700787401,100.0,82.04901797693833,120597.35,3423078,134263.8,-5045.0,-3.152100567315619
2018-05-07,6905,6990,6890,6990,112416,158889,6899.0,6819.0,6711.25,6581.75,114.30011340309738,86.92451252862968,27.375600874467708,78.41726618705036,101.07142857142857,93.26854151910264,122315.15,3535494,138049.6,3882.0,2.504403026960067
2018-05-08,6995,7030,6955,6975,93629,164333,6922.0,6853.5,6736.25,6583.166666666667,119.27437819010083,93.39448566092392,25.879892529176914,81.95488721804512,97.85714285714286,94.37543832485231,123486.4,3441865,142450.45,5444.0,3.4262913102858006
2018-05-09,6970,7005,6925,6930,97838,163640,6936.0,6875.0,6751.0,6586.833333333333,118.22259842846415,98.36010821443196,19.862490214032192,75.3731343283582,97.5,73.1868884244139,123771.85,3344027,147293.85,-693.0,-0.421704709340176
2018-05-10,6950,6985,6895,6900,111716,159335,6935.0,6887.5,6763.75,6589.833333333333,113.65812598355296,101.41971176825616,12.2384142152968,71.32352941176471,97.85714285714286,57.14683623782174,124216.4,3232311,149908.4,-4305.0,-2.6307748716695167
2018-05-11,6925,6930,6865,6885,101870,154866,6936.0,6899.0,6778.75,6591.416666666667,107.59014186308377,102.65379778722169,4.936344075862081,65.0,89.64285714285714,40.88574832378359,123085.05,3130441,151767.1,-4469.0,-2.8047823767533786
2018-05-14,6885,6980,6885,6915,108226,154314,6921.0,6910.0,6792.25,6594.25,104.00308716057225,102.92365566189181,1.0794314986804352,75.67567567567568,87.14285714285714,47.98802464462764,121697.3,3238667,153176.55,-552.0,-0.3564371779473885
2018-05-15,6930,6950,6825,6845,125023,150294,6895.0,6908.5,6804.75,6595.166666666667,94.42345071660293,101.22361467283405,-6.800163956231117,62.03703703703703,87.5,24.783447888385147,121779.45,3113644,153947.5,-4020.0,-2.6050779579299355
2018-05-16,6850,6910,6825,6875,130286,143855,6884.0,6910.0,6821.0,6597.166666666667,88.2351492209973,98.6259215824667,-10.390772361469402,59.80392156862745,87.85714285714286,19.62802939534358,120813.1,3243930,154233.7,-6439.0,-4.284269498449699
2018-05-17,6885,6900,6700,6715,190716,145720,6847.0,6891.0,6827.25,6597.166666666667,69.61770332875858,92.82427793172508,-23.206574602966498,45.86466165413533,98.21428571428571,-28.146211999700597,125715.65,3053214,154500.35,1865.0,1.2964443363108646
2018-05-18,6760,6770,6710,6730,105645,136759,6816.0,6876.0,6833.25,6598.666666666667,55.43460237810177,85.34634282100042,-29.911740442898648,44.1860465116279,97.14285714285714,-51.11304073410659,124609.3,3158859,154236.0,-8961.0,-6.149464726873455
2018-05-21,6755,6855,6710,6815,117931,132091,6796.0,6858.5,6838.75,6601.833333333333,50.47137966886112,78.37135019057256,-27.899970521711438,46.666666666666664,97.5,-26.276079353827836,120848.65,3276790,153407.85,-4668.0,-3.413303694820813
2018-05-22,6825,6840,6750,6755,91448,134078,6778.0,6836.5,6845.0,6605.5,41.221317663971604,70.94134368525238,-29.720026021280773,42.857142857142854,99.64285714285714,-41.70491118270148,118295.85,3185342,152733.5,1987.0,1.5042659984404683
2018-05-23,6755,6770,6670,6680,110032,134861,6739.0,6811.5,6843.25,6607.916666666667,27.52145349872808,62.25736564794752,-34.735912149219445,35.294117647058826,100.0,-88.767802526936,116937.2,3075310,152097.45,783.0,0.5839884246483296
2018-05-24,6675,6700,6660,6670,55020,135807,6730.0,6788.5,6838.0,6609.166666666667,15.676586092924481,52.941209736942916,-37.264623644018435,36.0,97.14285714285714,-96.52444171177235,113344.8,3020290,151274.75,946.0,0.7014629878170808
2018-05-25,6685,6725,6630,6660,92274,135127,6716.0,6766.0,6832.5,6609.333333333333,5.420047970510495,43.43697738365643,-38.01692941314594,24.615384615384613,96.07142857142857,-89.36171267028747,112975.95,2928016,150528.95,-680.0,-0.5007105672019896
2018-05-28,6645,6705,6610,6655,81203,138039,6684.0,6740.0,6825.0,6610.333333333333,-3.076328597995598,34.13431618732603,-37.21064478532163,25.000000000000014,97.5,-86.5054414710415,111652.65,2846813,149587.8,2912.0,2.155009731585844
2018-05-29,6660,6715,6660,6685,75730,136194,6670.0,6724.0,6816.25,6610.333333333333,-7.304813617788568,25.84649022630311,-33.15130384409168,30.39999999999999,96.07142857142857,-64.47702577680458,106608.7,2922543,147872.0,-1845.0,-1.3365787929498163
2018-05-30,6675,6745,6640,6705,93706,133537,6675.0,6707.0,6808.5,6609.0,-8.939041896911476,18.889383801660195,-27.82842569857167,34.14634146341464,97.14285714285714,-54.27920208926855,105174.45,3016249,146339.9,-2657.0,-1.9508935782780457
2018-05-31,6735,6775,6685,6710,89549,131045,6683.0,6706.5,6798.75,6607.583333333333,-9.71869035608961,13.167768970110235,-22.886459326199844,35.53719008264463,98.92857142857143,-38.45213136313468,104177.55,3105798,144889.55,-2492.0,-1.8661494567048797
2018-06-01,6730,6875,6715,6870,143814,134149,6725.0,6720.5,6798.25,6611.166666666667,2.5447610261062437,11.043167381309438,-8.498406355203194,46.93877551020408,103.92857142857143,6.637143296880823,106403.6,3249612,143846.65,3104.0,2.368651989774495
2018-06-04,6870,6910,6840,6865,106703,128496,6767.0,6725.5,6792.0,6615.583333333333,11.725017681374993,11.179537441322548,0.545480240052445,51.492537313432834,100.0,33.491758840903785,106117.95,3142909,142327.0,-5653.0,-4.21397103221045
2018-06-05,6870,6960,6860,6955,152541,149936,6821.0,6745.5,6791.0,6621.583333333333,25.963395201242747,14.136308993306589,11.827086207936159,55.47945205479452,101.07142857142857,63.25771113150741,109063.55,3295450,141607.15,21440.0,16.685344290872873
2018-06-06,6935,6990,6890,6905,126018,149007,6861.0,6768.0,6789.75,6629.916666666667,32.83433604784841,17.875914404214953,14.958421643633457,65.32258064516128,93.92857142857143,66.80645265536353,110472.55,3169432,140875.5,-929.0,-0.6195976950165383
2018-06-07,6920,7010,6915,7000,114850,155556,6919.0,6801.0,6794.75,6639.333333333333,45.421718921424144,23.38507530765679,22.036643613767353,69.28571428571428,97.14285714285714,85.90629676633866,110629.25,3284282,140686.55,6549.0,4.395095532424653
2018-06-08,7020,7130,6960,7125,214298,168932,6970.0,6847.5,6806.75,6653.666666666667,64.7375121252644,31.655562671178316,33.081949454086086,70.94594594594594,98.92857142857143,112.07245863039499,116250.65,3498580,141389.85,13376.0,8.598832574764081
2018-06-11,7115,7160,7065,7110,152231,168471,7019.0,6893.0,6816.5,6667.666666666667,77.93663771658794,40.91177768026024,37.024860036327695,75.53956834532374,99.28571428571429,110.15505819212984,118450.9,3346349,142097.7,-461.0,-0.27289086733123247
2018-06-12,7110,7130,7075,7105,93973,167334,7049.0,6935.0,6829.5,6680.583333333333,86.9908057699995,50.127583298208094,36.8632224717914,84.0,96.07142857142857,92.84936914439466,116898.4,3252376,142949.7,-1137.0,-0.6748936018662
2018-06-13,7095,7115,6880,6985,213673,148053,7065.0,6963.0,6835.0,6691.916666666667,83.52052939281566,56.80617251712961,26.71435687568605,71.42857142857143,110.0,52.02505222673783,121067.75,3038703,143159.6,-19281.0,-11.522464053928072
2018-06-14,7000,7025,6905,6920,136479,144468,7049.0,6984.0,6845.25,6701.833333333333,74.66466579937696,60.37787117357908,14.286794625797882,66.45569620253164,111.78571428571429,34.55052511222693,118355.9,2902224,143097.0,-3585.0,-2.42143016352252
2018-06-15,6900,6945,6785,6810,163352,133206,6986.0,6978.0,6849.25,6710.25,58.10050297489579,59.92239753384242,-1.8218945589466315,58.65921787709498,116.42857142857143,-0.9362965794498666,121241.25,2738872,142919.35,-11262.0,-7.795497964947251
2018-06-19,6810,6850,6720,6730,134035,127393,6910.0,6964.5,6845.0,6718.5,38.07900215258178,55.5537184575903,-17.47471630500852,52.38095238095237,121.42857142857143,-26.819357655043316,122046.45,2604837,142684.45,-5813.0,-4.363917541251894
2018-06-20,6760,6885,6735,6880,120179,127967,6865.0,6957.0,6851.25,6728.75,33.924504332791,51.22787563263044,-17.30337129983944,58.13953488372093,125.0,-5.759872009754181,123483.0,2725016,142378.9,574.0,0.45057420737402154
2018-06-21,6880,6945,6840,6850,142658,131636,6838.0,6951.5,6859.75,6737.0,27.889789467339142,46.56025839957219,-18.67046893223305,56.36363636363637,126.07142857142857,6.444835826953702,125114.3,2582358,142217.65,3669.0,2.867145435932694
2018-06-22,6860,6860,6800,6835,87034,130683,6821.0,6935.0,6868.0,6746.666666666667,21.647322954892843,41.57767131063632,-19.930348355743476,48.167539267015705,118.57142857142857,-12.537651221472789,126715.0,2495324,141961.45,-953.0,-0.7239660883041066
2018-06-25,6875,6890,6740,6770,127722,132387,6813.0,6899.5,6873.5,6754.5,11.324623288960538,35.52706170630116,-24.202438417340623,45.320197044334975,124.28571428571429,-27.2914037310661,128487.4,2367602,141824.45,1704.0,1.30391864282271
2018-06-26,6740,6785,6685,6775,104864,128415,6822.0,6866.0,6879.5,6762.0,3.506842943413176,29.123017953723565,-25.61617501031039,40.32258064516128,124.28571428571429,-50.56551693132927,129670.45,2472466,141343.25,-3972.0,-3.000294590858621
2018-06-27,6820,6825,6755,6780,71134,127187,6802.0,6833.5,6884.25,6771.5,-2.259302261144512,22.84655391074995,-25.105856171894462,42.93785310734463,122.14285714285714,-39.433385793907576,129440.65,2543600,140892.9,-1228.0,-0.9562745785149707
2018-06-28,6810,6880,6800,6805,124133,125941,6793.0,6815.5,6889.25,6780.0,-4.756888364301631,17.325865455739635,-22.082753820041265,38.036809815950924,121.78571428571429,-26.662805718940724,130962.0,2667733,140513.1,-1246.0,-0.9796598708987525
2018-06-29,6815,6900,6750,6890,172465,123470,6804.0,6812.5,6898.25,6787.583333333333,0.12114974136420642,13.88492231286455,-13.763772571500343,34.83870967741936,120.35714285714286,-22.602107403764304,135107.8,2840198,140134.35,-2471.0,-1.9620298393692281
2018-07-02,6890,6930,6845,6865,149565,119446,6823.0,6818.0,6898.0,6793.75,1.947291849890462,11.497396220269733,-9.550104370379271,34.39490445859873,119.64285714285714,-8.769266545945152,135395.35,2690633,139399.2,-4024.0,-3.259091277233339
2018-07-03,6865,6970,6860,6900,176273,120859,6848.0,6835.0,6899.75,6801.0,6.147861401016598,10.427489256419106,-4.279627855402508,37.423312883435585,123.57142857142857,4.313795934357459,138873.85,2866906,139017.35,1413.0,1.1829613381779236
2018-07-04,6895,6940,6870,6910,112857,110613,6874.0,6838.0,6897.5,6808.25,10.1665656202631,10.375304529187906,-0.20873890892480595,44.680851063829785,111.78571428571429,3.1909338151581554,136889.65,2979763,137051.2,-10246.0,-8.477647506598595
2018-07-05,6900,6900,6765,6810,178449,100362,6875.0,6834.0,6892.75,6811.166666666667,5.22205678211958,9.34465497977424,-4.122598197654661,42.56756756756757,113.57142857142857,-32.21889142639377,139511.2,2801314,134618.95,-10251.0,-9.267445960239751
2018-07-06,6790,6825,6730,6770,113863,102841,6851.0,6827.5,6881.25,6813.25,-1.902239963230386,7.095275991173315,-8.997515954403701,47.014925373134325,108.92857142857143,-50.06087940130414,139461.85,2687451,131983.2,2479.0,2.470058388633145
2018-07-09,6780,6850,6770,6845,79374,102682,6847.0,6835.0,6867.25,6817.583333333333,-1.479370006303725,5.3803467916779075,-6.8597167979816325,58.64661654135338,105.35714285714286,-24.999398085530462,132715.65,2766825,128670.7,-159.0,-0.15460759813692437
2018-07-10,6860,6860,6805,6840,79175,97177,6835.0,6841.5,6853.75,6820.833333333333,-1.5300631169011467,3.998264809962097,-5.528327926863244,46.15384615384615,98.21428571428571,-13.891053461614275,129062.85,2687650,125106.0,-5505.0,-5.361212286476691
2018-07-11,6815,6945,6780,6930,176007,113317,6839.0,6856.5,6845.0,6826.416666666667,5.627143854761016,4.324040618921881,1.303103235839135,56.896551724137936,102.5,30.457783582770823,133164.55,2863657,122405.15,16140.0,16.608868353622764
2018-07-12,6895,6965,6885,6945,142965,123532,6866.0,6870.5,6843.0,6833.0,12.367096395467343,5.9326517742309735,6.434444621236369,59.48275862068966,103.92857142857143,79.07394964384974,129629.15,3006622,121179.1,10215.0,9.014534447611577
2018-07-13,6950,6970,6925,6940,93121,128603,6900.0,6875.5,6844.0,6838.833333333333,17.107890022568427,8.167699423898465,8.940190598669961,66.34615384615384,96.42857142857143,92.19816947160764,127461.25,2913501,120385.85,5071.0,4.105009228378065
2018-07-16,6940,6950,6850,6860,113896,111648,6903.0,6875.0,6846.5,6843.0,14.245458932433394,9.383251325605451,4.862207606827942,57.14285714285714,96.42857142857143,36.52721573103078,124988.45,2799605,119307.95,-16955.0,-13.183984821504946
2018-07-17,6830,6880,6815,6850,87475,106461,6905.0,6870.0,6852.5,6845.416666666667,11.04275128138761,9.715151316761883,1.3275999646257262,55.833333333333336,96.07142857142857,-1.7522210273206695,122660.45,2712130,118261.35,-5187.0,-4.645851246775578
2018-07-18,6865,6880,6785,6865,111251,104688,6892.0,6865.5,6851.75,6849.333333333333,9.60424527237592,9.69297010788469,-0.08872483550877064,55.08474576271186,95.71428571428571,-7.025227943505453,122214.05,2823381,117097.4,-1773.0,-1.6653985966691986
2018-07-19,6890,6920,6855,6870,91292,96756,6877.0,6871.5,6852.75,6851.916666666667,8.766620960217551,9.507700278351264,-0.7410793181337123,48.03921568627451,89.64285714285714,29.482404217899553,119645.75,2914673,115353.4,-7932.0,-7.576799633195785
2018-07-20,6875,6965,6875,6960,93447,102466,6881.0,6890.5,6859.0,6855.0,15.18994526311053,10.644149275303118,4.545795987807413,58.260869565217384,90.35714285714286,70.13524070876456,119966.4,3008120,113942.55,5710.0,5.901442804580603
2018-07-23,6960,7000,6930,6965,89469,101036,6902.0,6902.5,6868.75,6858.25,20.448219913376306,12.604963402917758,7.8432565104585485,55.96330275229357,87.5,86.00833277258965,118053.75,3097589,112375.0,-1430.0,-1.3955848769347856
2018-07-24,6970,7010,6890,6905,130640,102138,6913.0,6909.0,6875.25,6859.916666666667,19.548597831238112,13.99369028858183,5.554907542656283,49.57983193277311,91.07142857142857,57.078588565555805,119342.55,2966949,111061.15,1102.0,1.0907003444316832
2018-07-25,6930,6955,6905,6915,75724,97686,6923.0,6907.5,6882.0,6860.833333333333,19.418710469662983,15.078694324798061,4.340016144864922,60.396039603960396,84.28571428571429,43.762179174523105,119572.05,3042673,109586.1,-4452.0,-4.3588086706220945
2018-07-26,6920,6980,6850,6920,162363,87496,6933.0,6905.0,6887.75,6861.833333333333,19.49451142034104,15.961857743906657,3.532653676434384,65.95744680851064,86.78571428571429,31.82979688549727,121483.55,3205036,107663.85,-10190.0,-10.431382183731552
2018-07-27,6935,7000,6925,6995,95204,87292,6940.0,6910.5,6893.0,6863.333333333333,25.314645938162357,17.832415382757798,7.482230555404559,65.95744680851064,86.78571428571429,77.72506751643246,117620.5,3300240,105854.95,-204.0,-0.23315351558927944
2018-07-30,6990,7100,6990,7030,100962,90475,6953.0,6927.5,6901.25,6865.833333333333,32.378117187871794,20.741555743780598,11.636561444091196,69.0,90.71428571428571,112.96247396201764,115190.35,3401202,104406.4,3183.0,3.6463822572515125
2018-07-31,7055,7060,7010,7045,49088,87305,6981.0,6947.0,6908.5,6866.75,38.73977566342273,24.341199727709025,14.398575935713708,63.529411764705884,82.5,95.2536166726128,108831.1,3450290,102728.7,-3170.0,-3.503730312240949
2018-08-01,7030,7065,7010,7040,58628,83046,7006.0,6964.5,6915.0,6867.833333333333,42.88364169796114,28.049688121759452,14.833953576201687,61.44578313253012,80.71428571428571,83.28272832663383,106119.65,3391662,101350.35,-4259.0,-4.87830021190081
2018-08-02,7035,7095,6985,7045,103499,85265,7031.0,6982.0,6926.75,6869.75,46.04041831535778,31.64783416047912,14.392584154878662,62.65060240963856,85.35714285714286,75.98931370468739,102372.15,3495161,100595.5,2219.0,2.672013101172843
2018-08-03,7065,7270,7065,7180,192843,77916,7068.0,7004.0,6947.25,6874.416666666667,58.758229986362494,37.0699133256558,21.688316660706697,84.04255319148936,94.28571428571429,129.68244470242243,106321.15,3688004,99349.25,-7349.0,-8.619011317656721
2018-08-06,7225,7255,7125,7165,83990,70180,7095.0,7024.0,6963.25,6879.083333333333,66.8561367942857,43.02715801938178,23.828978774903923,83.15789473684211,98.92857142857143,112.26946489294055,106551.95,3604014,97724.15,-7736.0,-9.92864110067252
2018-08-07,7185,7285,7145,7285,103706,66961,7143.0,7062.0,6985.5,6885.25,82.01140695098456,50.82400780570234,31.187399145282228,86.20689655172414,102.14285714285714,115.2483405791706,107778.5,3707720,96213.35,-3219.0,-4.586776859504127
2018-08-08,7205,7435,7195,7380,136833,102767,7211.0,7108.5,7008.0,6894.166666666667,100.52893876092276,60.764993996746426,39.76394476417633,88.05970149253731,114.64285714285714,123.78917097271278,105819.8,3844553,95685.85,35806.0,53.47291707113095
2018-08-09,7380,7440,7340,7370,98434,107108,7276.0,7153.5,7029.25,6902.416666666667,113.09362677428362,71.23072055225387,41.86290622202975,84.7457627118644,115.0,113.21573887624342,103593.25,3746119,94864.65,4341.0,4.22411863730574
2018-08-10,7380,7455,7310,7360,158916,112486,7312.0,7190.0,7050.25,6913.166666666667,120.85121850242285,81.15482014228768,39.69639836013518,83.19327731092437,120.35714285714286,93.78883887289514,106883.0,3587203,94058.8,5378.0,5.02110019793105
2018-08-13,7360,7380,7255,7350,112436,118211,7349.0,7222.0,7074.75,6923.5,124.7541610985163,89.8746883335334,34.87947276498291,90.82568807339449,120.71428571428571,71.47600128278252,106810.0,3474767,94386.95,5725.0,5.089522251657974
2018-08-14,7410,7490,7330,7355,130720,118169,7363.0,7253.0,7100.0,6932.5,126.78918266413348,97.25758719965341,29.531595464480063,90.74074074074073,128.57142857142858,78.98129512066114,108972.25,3605487,94972.35,-42.0,-0.035529688438473706
2018-08-15,7345,7405,7275,7390,131262,126727,7365.0,7288.0,7126.25,6943.083333333333,129.7307046011365,103.75221067995002,25.97849392118647,91.2280701754386,128.57142857142858,63.20505328619968,109972.8,3736749,96074.3,8558.0,7.242170112296797
2018-08-16,7270,7470,7200,7415,256278,153473,7374.0,7325.0,7153.5,6955.333333333333,132.55120521159552,109.51200958627913,23.03919562531638,90.38461538461539,142.14285714285714,58.63551009697859,118222.1,3993027,98910.15,26746.0,21.105210412934895
2018-08-17,7410,7440,7285,7285,170556,142665,7359.0,7335.5,7169.75,6965.583333333333,122.88007372165157,112.18562241335363,10.694451308297943,70.73170731707317,145.35714285714286,46.968948141208145,122077.55,3822471,100920.1,-10808.0,-7.042281052693311
2018-08-20,7290,7335,7215,7300,154498,150225,7349.0,7349.0,7186.5,6976.25,115.09921487657721,112.76834090599834,2.330873970578864,70.73170731707317,150.35714285714286,28.57604023363284,125329.0,3976969,103379.55,7560.0,5.299127326253816
2018-08-21,7315,7335,7140,7180,158001,148494,7314.0,7338.5,7200.25,6985.0,98.11877885976355,109.83842849675139,-11.719649636987839,59.589041095890416,160.35714285714286,6.464650528218722,126697.05,3818968,105697.35,-1731.0,-1.1522715926110871
2018-08-22,7185,7305,7185,7235,152871,149300,7283.0,7324.0,7216.25,6994.166666666667,88.08432011314562,105.48760682003025,-17.40328670688463,62.17948717948718,161.42857142857142,9.437737260361969,130554.4,3971839,108278.05,806.0,0.5427828733820972
2018-08-23,7255,7370,7070,7080,284582,135920,7216.0,7295.0,7224.25,7000.416666666667,66.85408240439301,97.76090193690281,-30.9068195325098,43.75,166.78571428571428,-18.972084791337302,136665.35,3687257,110699.25,-13380.0,-8.961821835231076
2018-08-24,7100,7110,6995,7025,147561,136109,7164.0,7261.5,7225.75,7005.666666666667,45.07137100973523,87.2229957514693,-42.15162474173407,41.66666666666667,165.71428571428572,-70.60350789360535,139283.2,3539696,113140.1,189.0,0.13905238375515605
2018-08-27,7040,7090,7020,7040,95131,133251,7112.0,7230.5,7226.25,7008.5,28.688091472498854,75.51601489567521,-46.82792342317636,33.33333333333333,160.71428571428572,-68.64463344064738,138991.65,3634827,115278.9,-2858.0,-2.099787670176112
2018-08-28,7060,7085,6965,7000,133575,134370,7076.0,7195.0,7224.0,7010.75,12.334375692927097,62.87968705512559,-50.5453113621985,22.058823529411754,152.14285714285714,-79.91091763946925,143216.0,3501252,117632.15,1119.0,0.8397685570840085
2018-08-29,6995,7055,6985,7000,106669,132701,7029.0,7156.0,7222.0,7011.5,-0.618927276172144,50.17996418886605,-50.798891465038196,22.388059701492523,150.0,-79.50258295827373,145618.05,3501252,120114.9,-1669.0,-1.242092729031774
2018-08-30,7000,7070,6995,7005,109203,133659,7014.0,7115.0,7220.0,7013.166666666667,-10.361612767334009,38.07164879762604,-48.43326156496005,23.308270676691734,145.0,-74.67402379605714,145903.25,3610455,122534.6,958.0,0.7219237232575448
2018-08-31,7015,7080,6840,6860,205149,139853,6981.0,7072.5,7204.0,7010.833333333333,-29.44364142545419,24.568590753009996,-54.01223217846419,19.375,153.21428571428572,-95.00167491138626,146518.55,3405306,125631.45,6194.0,4.6341810128760486
2018-09-03,6865,6910,6790,6815,141058,138109,6936.0,7024.0,7186.5,7005.666666666667,-47.648152295201726,10.125242143367652,-57.773394438569376,17.85714285714286,150.35714285714286,-103.60830356415298,149371.95,3264248,129027.9,-1744.0,-1.2470236605578666
2018-09-04,6825,6840,6755,6800,122794,137384,6896.0,6986.0,7162.25,7000.5,-62.56452802169679,-4.412711889645237,-58.15181613205155,14.024390243902431,147.14285714285714,-96.9672584389771,150326.35,3141454,132549.05,-725.0,-0.5249476862478231
2018-09-05,6805,6845,6790,6820,92693,136360,6860.0,6944.5,7134.25,6995.75,-71.94271951086739,-17.91871341388967,-54.02400609697772,13.49693251533742,131.78571428571428,-80.37414939824724,148119.35,3234147,134228.7,-1024.0,-0.7453560822220928
2018-09-06,6840,6895,6815,6860,116586,132599,6831.0,6922.5,7108.75,6993.666666666667,-75.27956219314274,-29.390883169740285,-45.88867902340245,20.689655172413794,126.42857142857143,-63.99463240414254,149026.95,3350733,135503.25,-3761.0,-2.758140217072458
2018-09-07,6875,6910,6825,6825,102221,128763,6824.0,6902.5,7082.0,6992.083333333333,-79.82803367135784,-39.4783132700638,-40.34972040129404,18.12080536912751,123.92857142857143,-58.69260631334302,146192.2,3248512,136317.1,-3836.0,-2.892932827547723
2018-09-10,6845,6895,6805,6845,111010,133661,6830.0,6883.0,7056.75,6992.666666666667,-80.88648814948829,-47.7599482459487,-33.12653990353959,24.03100775193799,116.42857142857143,-54.229137744835164,146120.9,3359522,137089.6,4898.0,3.8038877627889933
2018-09-11,6830,6835,6730,6735,136358,141509,6817.0,6856.5,7025.75,6992.75,-89.5689070352073,-56.121740003800426,-33.44716703140688,14.285714285714292,115.71428571428571,-67.59609673780811,146402.8,3223164,138256.6,7848.0,5.871570615213106
2018-09-12,6750,6765,6650,6745,160057,133377,6802.0,6831.0,6993.5,6990.5,-94.55292289114004,-63.80797658126835,-30.744946309871693,19.819819819819813,102.5,-72.0122164475067,147842.55,3383221,138589.1,-8132.0,-5.746630956334931
2018-09-13,6745,6800,6725,6750,103959,130549,6780.0,6805.5,6960.25,6988.833333333333,-96.981392033068,-70.44265967162829,-26.538732361439713,22.772277227722768,99.64285714285714,-58.04729519919464,140226.6,3487180,137442.9,-2828.0,-2.120305599916028
2018-09-14,6740,6835,6730,6785,122461,124880,6772.0,6798.0,6935.25,6988.0,-94.98681495585333,-75.3514907284733,-19.63532422738004,25.714285714285722,102.14285714285714,-48.011650340165126,137821.85,3609641,136553.65,-5669.0,-4.342430811419462
2018-09-17,6800,6810,6630,6680,177055,149281,6739.0,6784.5,6904.25,6986.5,-100.71770966794156,-80.42473451636695,-20.29297515157461,22.88135593220339,106.42857142857143,-65.52105652415621,138949.7,3432586,136506.45,24401.0,19.539557975656628
2018-09-18,6670,6705,6645,6695,83646,150288,6731.0,6774.0,6880.0,6985.166666666667,-102.86336552877492,-84.91246071884855,-17.95090480992637,24.793388429752056,105.71428571428571,-67.89669055123487,135231.95,3516232,136596.15,1007.0,0.6745667566535607
2018-09-19,6695,6725,6660,6675,84433,151101,6717.0,6759.5,6852.0,6983.416666666667,-104.96764444505425,-88.92349746408969,-16.044146980964555,23.38709677419355,105.0,-64.01714609002327,131810.05,3431799,136686.2,813.0,0.5409613541999425
2018-09-20,6695,6795,6690,6740,122698,139963,6715.0,6747.5,6835.0,6982.333333333333,-100.23489836014323,-91.18577764330041,-9.049120716842822,38.888888888888886,96.42857142857143,-42.07310107403642,123715.85,3554497,136888.35,-11138.0,-7.371228516025708
2018-09-21,6755,6800,6725,6770,92911,134982,6712.0,6742.0,6822.25,6980.333333333333,-92.99146597612344,-91.54691530986501,-1.4445506662584222,45.714285714285715,93.21428571428571,-28.953264668673214,120983.35,3647408,136832.0,-4981.0,-3.5587976822445966
2018-09-25,6805,6855,6740,6745,137768,142559,6725.0,6732.0,6807.5,6978.333333333333,-88.25098230230651,-90.88772870835332,2.636746406046811,44.859813084112155,95.35714285714286,-18.568244781305314,123115.2,3509640,137297.4,7577.0,5.613341038064346
2018-09-26,6745,6770,6620,6635,170604,147378,6713.0,6722.0,6789.25,6973.916666666667,-92.30614771681121,-91.17141251004492,-1.134735206766294,35.2,102.14285714285714,-64.0009826998553,124966.65,3339036,137947.8,4819.0,3.380354800468588
2018-09-27,6640,6685,6610,6650,92182,131996,6708.0,6712.5,6771.75,6969.583333333333,-93.23476850917996,-91.58408370987193,-1.6506847993080243,32.5,101.78571428571429,-73.91346347458341,124242.3,3431218,137912.55,-15382.0,-10.437107302311066
2018-09-28,6600,6745,6560,6720,111788,115533,6704.0,6709.5,6757.5,6968.083333333333,-87.31577034355269,-90.73042103660809,3.414650693055407,41.732283464566926,108.92857142857143,-60.6117370373639,124371.55,3543006,137006.25,-16463.0,-12.472347646898395
2018-10-08,6740,6775,6685,6740,77461,118340,6698.0,6705.0,6751.5,6967.583333333333,-80.08788550901681,-88.60191393108984,8.514028422073025,41.732283464566926,108.92857142857143,-17.866297486550337,117987.15,3620467,135930.6,2807.0,2.4296088563440676
2018-10-09,6785,6830,6745,6800,162711,141070,6709.0,6717.0,6750.75,6966.833333333333,-68.72600553313714,-84.6267322514993,15.900726718362165,55.55555555555556,107.14285714285714,29.438732713832906,119069.8,3783178,136078.65,22730.0,19.20736859895218
2018-10-10,6805,6900,6755,6880,216290,131615,6758.0,6735.5,6754.75,6967.5,-52.65927899325379,-78.2332415998502,25.57396260659641,60.30534351145038,109.28571428571429,67.07715229612184,123744.6,3999468,135790.2,-9455.0,-6.702346352874455
2018-10-11,6830,6855,6685,6715,204901,117018,6771.0,6739.5,6749.5,6963.916666666667,-52.6336752484076,-73.11332832956168,20.479653081154083,47.852760736196316,117.85714285714286,-1.3636315216713417,129355.0,3794567,134823.1,-14597.0,-11.09068115336398
2018-10-12,6710,6745,6630,6725,126840,124321,6772.0,6738.0,6742.75,6960.25,-51.21608057368849,-68.73387877838704,17.51779820469855,46.20253164556962,118.57142857142857,-37.76699904350103,129867.7,3921407,134409.2,7303.0,6.240920200311062
2018-10-15,6740,6755,6655,6665,105828,133340,6757.0,6727.5,6734.75,6955.666666666667,-54.30809522371055,-65.84872206745175,11.540626843741194,48.99328859060403,112.85714285714286,-41.05994333664827,130048.05,3815579,134638.05,9019.0,7.254607025361759
2018-10-16,6655,6665,6475,6510,204303,150421,6699.0,6704.0,6718.0,6949.833333333333,-68.47639051676197,-66.37425575731379,-2.1021347594481767,39.54802259887005,122.14285714285714,-135.0180613222344,134712.7,3611276,135476.05,17081.0,12.810109494525278
2018-10-17,6525,6540,6450,6500,125242,152705,6623.0,6690.5,6706.25,6944.0,-79.59426984303627,-69.01825857445829,-10.576011268577986,39.99999999999999,123.92857142857143,-131.97149147440183,134156.9,3486034,136035.85,2284.0,1.5184050099387614
2018-10-18,6465,6530,6405,6465,145904,153626,6573.0,6672.0,6692.25,6937.333333333333,-90.1898246446126,-73.25257178848915,-16.93725285612345,33.72781065088758,124.28571428571429,-118.5190371305182,133449.25,3340130,137048.3,921.0,0.603123669820893
2018-10-19,6470,6485,6340,6345,141921,166459,6497.0,6634.5,6672.0,6928.583333333333,-107.0360305473323,-80.00926354025778,-27.026767007074525,27.272727272727266,129.28571428571428,-122.68157872998147,135347.35,3198209,138843.8,12833.0,8.353403720724351
2018-10-22,6355,6455,6345,6440,123074,151405,6452.0,6604.5,6654.75,6919.916666666667,-111.43649351331351,-86.29470953486893,-25.14178397844458,34.82587064676616,128.92857142857142,-95.76247915247278,135378.0,3321283,140170.05,-15054.0,-9.043668410839912
2018-10-23,6440,6480,6420,6460,92679,146645,6442.0,6570.5,6643.75,6911.5,-112.01877653778956,-91.43952293545306,-20.579253602336507,40.43715846994535,122.5,-71.18778736293274,131159.2,3413962,140038.25,-4760.0,-3.1438856048347175
2018-10-24,6425,6495,6405,6450,86365,144764,6432.0,6527.5,6631.5,6903.916666666667,-111.99613473032423,-95.55084529442729,-16.44528943589694,39.010989010989015,123.57142857142857,-65.00191880394505,131295.15,3327597,139762.05,-1881.0,-1.2826894882198459
2018-10-25,6420,6445,6345,6410,122304,143123,6421.0,6497.0,6618.25,6895.5,-113.89296938566895,-99.21927011267562,-14.673699272993332,32.38636363636364,117.85714285714286,-73.05288815662455,133188.7,3205293,139363.15,-1641.0,-1.1335691193943287
2018-10-26,6445,6500,6410,6450,116743,140705,6442.0,6469.5,6603.75,6887.666666666667,-110.89028463546038,-101.55347301723258,-9.336811618227799,33.888888888888886,117.85714285714286,-50.11298940012606,132890.95,3322036,139400.25,-2418.0,-1.6894559225281713
2018-10-29,6475,6540,6440,6475,134514,130663,6449.0,6450.5,6589.0,6879.0,-105.2797449065456,-102.2987273950952,-2.9810175114504034,31.213872832369944,118.57142857142857,-35.751771089606315,134971.1,3456550,139184.3,-10042.0,-7.136917664617459
2018-10-30,6470,6495,6370,6390,120940,127493,6435.0,6438.5,6571.25,6868.333333333333,-106.46488050461448,-103.13195801699906,-3.33292248761542,21.839080459770102,117.14285714285714,-52.60999126456985,134129.7,3335610,138431.0,-3170.0,-2.426088487176936
2018-10-31,6390,6450,6385,6420,102753,124884,6429.0,6430.5,6560.5,6857.916666666667,-103.78696816116917,-103.2629600458331,-0.5240081153360734,29.931972789115648,107.85714285714286,-47.66414095927526,130737.15,3438363,137306.3,-2609.0,-2.046386860455085
2018-11-01,6395,6415,6280,6345,196294,127960,6416.0,6418.5,6545.25,6846.333333333333,-106.48903720079215,-103.90817547682492,-2.5808617239672316,26.25,109.64285714285714,-63.995812765420055,135942.75,3242069,137104.5,3076.0,2.463085743570037
2018-11-02,6340,6360,6250,6325,119973,127704,6391.0,6416.5,6525.5,6834.333333333333,-108.9879341725673,-104.92412721597341,-4.063806956593879,27.631578947368425,110.35714285714286,-67.10478064377241,136352.0,3122096,137713.05,-256.0,-0.20006251953735843
2018-11-05,6330,6345,6270,6295,115994,133862,6355.0,6402.0,6503.25,6819.583333333333,-112.09689408865961,-106.35868059051066,-5.738213498148951,33.07086614173228,102.14285714285714,-63.067962186249645,138278.65,3006102,138489.15,6158.0,4.8220885798408775
2018-11-06,6305,6310,6215,6245,129398,140844,6326.0,6380.5,6475.5,6804.25,-117.24383540082636,-108.5357115525738,-8.708123848252555,31.111111111111114,102.5,-71.66201790288461,136613.0,2876704,138477.85,6982.0,5.215819276568401
2018-11-07,6225,6285,6215,6255,80488,137079,6293.0,6361.0,6444.25,6787.083333333333,-119.1425063958186,-110.65707052122276,-8.485435874595836,33.846153846153854,98.57142857142857,-71.88603921214421,129822.9,2957192,138751.05,-3765.0,-2.6731703160943976
2018-11-08,6260,6280,6225,6255,76022,135840,6275.0,6345.5,6421.25,6768.333333333333,-119.27231978054715,-112.38012037308765,-6.8921994074595005,41.509433962264154,92.14285714285714,-68.64823905411832,123378.95,2957192,139692.15,-1239.0,-0.9038583590484373
2018-11-09,6250,6310,6235,6270,100181,133962,6264.0,6327.5,6398.5,6750.0,-116.81821551182384,-113.2677394008349,-3.5504761109889387,31.111111111111114,89.64285714285714,-59.167709263932615,122046.0,3057373,140174.2,-1878.0,-1.382508833922258
2018-11-12,6280,6380,6275,6305,148106,138883,6266.0,6310.5,6380.5,6732.416666666667,-110.77219973989759,-112.76863146864744,1.9964317287498545,33.33333333333333,93.21428571428571,-36.216660686866646,124159.9,3205479,140451.35,4921.0,3.6734297785939285
2018-11-13,6300,6345,6285,6325,70987,138192,6282.0,6304.0,6371.25,6715.333333333333,-103.1774899500424,-110.85040316492643,7.6729132148840336,36.8421052631579,91.07142857142857,-33.58107279900175,117494.1,3276466,139839.9,-691.0,-0.49754109574245975
2018-11-14,6275,6370,6250,6355,152014,140872,6302.0,6297.5,6364.0,6698.666666666667,-93.65824450271884,-107.41197143248493,13.753726929766088,44.08602150537634,92.14285714285714,-25.811122184621997,118832.7,3428480,139248.25,2680.0,1.9393307861526043
2018-11-15,6375,6440,6355,6435,119119,143037,6338.0,6306.5,6362.5,6682.75,-78.75104941432983,-101.67978702885392,22.928737614524096,48.51485148514851,91.78571428571429,31.566730224772947,117493.45,3547599,138718.8,2165.0,1.5368561531035274
2018-11-16,6455,6490,6420,6485,96632,143089,6381.0,6322.5,6369.5,6667.25,-62.18557121785034,-93.7809438666532,31.595372648802865,50.94339622641509,89.64285714285714,62.91454023578551,115229.0,3644231,137550.3,52.0,0.03635423002439353
2018-11-19,6525,6525,6400,6410,97713,140548,6402.0,6334.0,6368.0,6652.666666666667,-54.48115871385289,-85.92098683609315,31.439828122240257,51.92307692307693,89.64285714285714,48.35736608511302,113960.95,3546518,137007.45,-2541.0,-1.7758178476332875
2018-11-20,6410,6475,6365,6375,142506,141852,6412.0,6347.0,6363.75,6637.25,-50.61609297751329,-78.86000806437718,28.243915086863893,45.714285714285715,92.85714285714286,25.449512563965193,116452.3,3404012,136767.8,1304.0,0.9277969092409633
2018-11-21,6255,6425,6195,6405,148398,131113,6422.0,6362.0,6361.5,6624.333333333333,-44.61792360599338,-72.01159117270042,27.393667566707038,56.25,99.28571428571429,-12.173436393626384,119553.95,3552410,136085.25,-10739.0,-7.57056650593576
2018-11-22,6400,6420,6330,6340,81817,127931,6403.0,6370.5,6358.0,6609.416666666667,-44.59522197752722,-66.52831733366578,21.933095356138566,51.42857142857142,97.85714285714286,3.4573725451208857,117529.6,3470593,135325.65,-3182.0,-2.4269141885243983
2018-11-23,6315,6395,6310,6330,103867,126256,6372.0,6376.5,6352.0,6596.916666666667,-44.86694894123502,-62.196043655179636,17.329094713944613,53.46534653465347,98.57142857142857,-5.4343051569990415,116885.8,3366726,134603.2,-1675.0,-1.3092995442855915
2018-11-26,6265,6470,6265,6450,172651,133672,6380.0,6391.0,6350.75,6587.333333333333,-34.995886602929204,-56.756012244729554,21.76012564180035,67.82608695652175,106.42857142857143,35.911897070258476,118792.65,3539377,134753.65,7416.0,5.873780255987837
2018-11-27,6480,6495,6330,6385,139972,126456,6382.0,6397.0,6350.5,6576.416666666667,-32.048519966331696,-51.81451378904999,19.765993822718293,60.317460317460316,113.21428571428571,43.40163269851571,119744.25,3399405,134701.8,-7216.0,-5.398288347597102
2018-11-28,6445,6460,6365,6445,101304,129065,6390.0,6406.0,6351.75,6567.166666666667,-24.587779496447183,-46.36916693052943,21.781387434082248,63.768115942028984,116.07142857142857,58.482456623109286,119671.8,3500709,134910.85,2609.0,2.0631682166128984
2018-11-29,6420,6480,6405,6470,85995,125701,6416.0,6409.5,6358.0,6558.333333333333,-16.467965401849142,-40.38892662479338,23.920961222944236,64.28571428571428,116.07142857142857,71.84483840643408,114156.85,3586704,134797.9,-3364.0,-2.6064386162011344
2018-11-30,6495,6510,6455,6495,75419,122298,6449.0,6410.5,6366.5,6549.833333333333,-7.924316576714773,-33.89600461517766,25.971688038462887,63.768115942028984,112.14285714285714,84.33438451942392,111929.15,3662123,134527.6,-3403.0,-2.707217921894023
2018-12-03,6370,6450,6285,6340,68914,126442,6427.0,6403.5,6368.75,6541.166666666667,-13.504941382358993,-29.817791968613925,16.312850586254932,50.909090909090914,122.85714285714286,-4.236090405233341,109575.15,3593209,134156.6,4144.0,3.3884446188817474
2018-12-04,6355,6430,6315,6420,42588,125730,6434.0,6408.0,6377.5,6534.583333333333,-11.341556926583507,-26.12254496020784,14.780988033624332,53.71428571428571,122.5,12.620854712055655,105234.65,3635797,133400.9,-712.0,-0.5631040318881397
2018-12-05,6405,6440,6375,6435,35160,126745,6432.0,6411.0,6386.5,6528.5,-8.320767886571048,-22.562189545480482,14.241421658909434,50.0,121.07142857142857,29.672922446402247,102968.25,3670957,132884.2,1015.0,0.8072854529547424
2018-12-06,6450,6460,6350,6350,65542,129088,6408.0,6412.0,6391.25,6520.666666666667,-12.639856041700114,-20.57772284472441,7.937866803024296,42.01183431952663,123.92857142857143,0.6008303521130614,102444.25,3605415,132546.6,2343.0,1.8485936328849206
2018-12-07,6350,6400,6340,6390,44579,134249,6387.0,6418.0,6397.25,6512.833333333333,-12.688829883561993,-18.99994425249193,6.311114368929935,48.76543209876544,119.28571428571429,-14.992323833991867,99664.15,3649994,132560.95,5161.0,3.998047843331687
2018-12-10,6380,6380,6240,6265,81858,144897,6372.0,6399.5,6395.25,6503.5,-22.554107624238895,-19.710776926841323,-2.8433306973975725,43.88888888888889,122.14285714285714,-93.43931888426539,96351.75,3568136,132861.65,10648.0,7.931530216239979
2018-12-11,6265,6265,6205,6210,80401,148781,6330.0,6382.0,6389.5,6492.916666666667,-34.413751351274186,-22.6513718117279,-11.762379539546288,39.45945945945947,110.0,-130.56458773875792,96822.45,3487735,133391.1,3884.0,2.6805247865725246
2018-12-12,6240,6275,6230,6255,63041,151248,6294.0,6363.0,6384.5,6484.916666666667,-39.72357191973424,-26.065811833329168,-13.657760086405073,45.30386740331492,108.21428571428571,-96.76764187311335,92373.8,3550776,133909.9,2467.0,1.6581418326264696
2018-12-13,6235,6325,6235,6315,84079,147145,6287.0,6347.5,6378.5,6477.75,-38.6446726851118,-28.5815840036857,-10.063088681426102,49.21465968586387,108.57142857142857,-61.07162913005781,90621.8,3634855,134115.3,-4103.0,-2.7127631439754607
2018-12-14,6340,6355,6280,6305,67746,145554,6270.0,6328.5,6369.5,6470.333333333333,-38.15670692938147,-30.496608588824852,-7.660098340556619,41.42011834319527,99.28571428571429,-41.05999686637308,89177.5,3567109,134238.55,-1591.0,-1.0812463896156865
2018-12-17,6295,6380,6290,6355,85262,145522,6288.0,6330.0,6366.75,6463.166666666667,-33.35095932099557,-31.067478735258998,-2.283480585736573,48.192771084337345,93.92857142857143,-16.616033458141114,88554.95,3652371,134487.25,-32.0,-0.021984967778276854
2018-12-18,6320,6460,6315,6445,126877,143901,6335.0,6332.5,6370.25,6459.25,-22.02621735635148,-29.259226459477496,7.233009103126015,50.0,97.5,33.52414931033799,87773.5,3779248,134589.7,-1621.0,-1.1139209191737387
2018-12-19,6415,6520,6415,6515,140596,142310,6387.0,6340.5,6375.75,6456.25,-7.3184996648906235,-24.871081100560122,17.5525814356695,52.486187845303874,99.64285714285714,80.92316495670906,87383.4,3919844,135149.55,-1591.0,-1.105621225703779
2018-12-20,6510,6530,6445,6465,87730,135156,6417.0,6352.0,6382.0,6452.75,0.29943869354610797,-19.836977141738878,20.136415835284986,48.38709677419355,101.78571428571429,70.20044036770543,87679.05,3832114,135510.8,-7154.0,-5.027053615346777
2018-12-21,6470,6530,6430,6465,102074,137536,6449.0,6359.5,6388.75,6448.166666666667,6.264496510628305,-14.616682411265442,20.88117892189375,58.064516129032256,93.92857142857143,60.165933155800026,87589.4,3832114,136074.8,2380.0,1.7609281126993892
2018-12-24,6455,6500,6420,6480,103652,143943,6474.0,6381.0,6390.25,6443.333333333333,12.063165780300551,-9.280712772952244,21.343878553252793,54.22535211267606,91.42857142857143,50.91015629730299,84139.45,3935766,136588.35,6407.0,4.6584167054444015
2018-12-25,6430,6450,6360,6410,152100,138506,6467.0,6401.0,6391.5,6437.75,10.884765170723767,-5.247617184217042,16.13238235494081,48.36601307189542,95.35714285714286,12.813137914992181,84745.85,3783666,137190.85,-5437.0,-3.777189581987317
2018-12-26,6410,6555,6405,6475,209055,147319,6459.0,6423.0,6393.0,6435.083333333333,15.022659107144136,-1.193561925944806,16.216221033088942,58.38926174496645,98.21428571428571,54.84003749269816,90133.4,3992721,138103.55,8813.0,6.362901246155395
2018-12-27,6550,6570,6450,6475,138049,136643,6461.0,6439.0,6393.25,6432.166666666667,18.093400406537512,2.6638305405516576,15.429569865985854,56.02836879432625,102.5,63.730893008377606,92736.1,3992721,138650.65,-10676.0,-7.246858857309646
2018-12-28,6475,6485,6420,6455,124065,126881,6459.0,6454.0,6391.25,6427.75,18.697617659263415,5.870587964294009,12.827029694969406,65.83333333333334,96.42857142857143,38.65416352613184,95168.4,3868656,138879.8,-9762.0,-7.144163989373764
2019-01-02,6450,6470,6325,6345,128678,130805,6432.0,6453.0,6391.5,6421.166666666667,10.18300020588049,6.733070412611305,3.4499297932691846,60.30534351145038,102.5,-6.669219590575471,98156.6,3739978,139097.95,3924.0,3.092661627824489
2019-01-03,6360,6380,6320,6320,102627,131975,6414.0,6440.5,6386.5,6413.166666666667,1.401656044901756,5.666787539069396,-4.2651314941676395,55.11811023622048,102.14285714285714,-29.34636981850715,101158.55,3637351,139410.2,1170.0,0.8944612209013325
2019-01-04,6335,6440,6300,6405,154026,123834,6400.0,6429.5,6385.0,6405.25,1.286339040774692,4.790697839410455,-3.5043587986357627,56.81818181818182,105.71428571428571,-3.085444228709043,107101.85,3791377,139264.65,-8141.0,-6.168592536465245
2019-01-07,6400,6455,6380,6440,94811,130648,6393.0,6427.0,6389.5,6400.666666666667,3.9733546182715145,4.627229195182667,-0.6538745769111527,59.854014598540154,105.71428571428571,21.935448187393114,108565.3,3886188,139342.65,6814.0,5.502527577240501
2019-01-08,6430,6455,6390,6415,78310,124987,6385.0,6422.0,6390.75,6395.5,4.03898386425135,4.5095801289964035,-0.4705962647450539,54.54545454545455,103.92857142857143,17.55868865287485,110251.85,3807878,138879.55,-5661.0,-4.333016961606761
2019-01-09,6430,6470,6390,6390,110450,127095,6394.0,6413.0,6397.0,6390.916666666667,2.050072488716978,4.017678600940519,-1.9676061122235406,45.3781512605042,99.28571428571429,12.333252776872936,111681.45,3697428,137989.45,2108.0,1.6865754038420055
2019-01-10,6410,6415,6350,6355,95558,127028,6401.0,6407.5,6404.25,6388.333333333333,-2.3235768509603076,2.749427510560354,-5.0730043615206615,35.71428571428572,96.42857142857143,-22.178512230847684,112439.3,3601870,136901.8,-67.0,-0.05271647193044737
2019-01-11,6355,6385,6340,6380,78747,125702,6396.0,6398.0,6410.5,6386.333333333333,-3.729443691436245,1.453653270161034,-5.183096961597279,42.056074766355145,93.57142857142857,-34.285029622962774,113224.6,3680617,135624.5,-1326.0,-1.04386434486885
2019-01-14,6370,6420,6360,6360,81858,125355,6380.0,6386.5,6412.75,6384.583333333333,-6.383847128375237,-0.11384680954622017,-6.270000318829017,40.54054054054054,90.71428571428571,-31.51136470267525,113113.55,3598759,134535.0,-347.0,-0.27604970485751723
2019-01-15,6360,6380,6340,6350,88816,130792,6367.0,6376.0,6415.0,6384.666666666667,-9.188478343887255,-1.9287731164144273,-7.2597052274728275,38.18181818181818,87.85714285714286,-58.58380196198348,114167.05,3509943,133796.9,5437.0,4.337282118782659
2019-01-16,6360,6440,6340,6435,118480,133327,6376.0,6385.0,6419.0,6384.583333333333,-4.500500198275404,-2.4431185327866225,-2.0573816654887813,52.21238938053097,86.42857142857143,-15.32419014990559,115827.95,3628423,133187.15,2535.0,1.9381919383448576
2019-01-17,6430,6480,6425,6470,87348,139866,6399.0,6400.0,6420.25,6384.75,2.0157276958452712,-1.5513492870602437,3.567076982905515,49.53271028037383,79.64285714285714,36.90819409680336,113851.5,3715771,132985.4,6539.0,4.904482962940748
2019-01-18,6490,6520,6455,6505,103652,144899,6424.0,6410.0,6419.75,6385.666666666667,9.890085986727172,0.7369377676972395,9.153148219029932,52.631578947368425,75.71428571428571,71.24935044043711,112004.3,3819423,133114.85,5033.0,3.5984442251869586
2019-01-21,6530,6565,6470,6500,122734,149297,6452.0,6416.0,6421.5,6387.166666666667,15.5478870865727,3.6991276314723316,11.84875945510037,54.05405405405405,77.85714285714286,84.13752804648283,113754.5,3696689,133821.9,4398.0,3.035217634352194
2019-01-22,6505,6585,6480,6545,161545,162744,6491.0,6429.0,6425.5,6388.75,23.393196927346253,7.637941490647116,15.755255436699137,70.40816326530611,75.0,96.38718247013581,116728.05,3858234,135082.3,13447.0,9.006878905805205
2019-01-23,6530,6550,6495,6545,85840,170542,6513.0,6444.5,6428.75,6389.916666666667,29.273218062683554,11.964996805054405,17.30822125762915,74.19354838709677,74.64285714285714,82.00087790692233,115837.45,3858234,136412.25,7798.0,4.79157449737011
2019-01-24,6540,6565,6470,6505,91164,163222,6520.0,6459.5,6433.5,6391.833333333333,30.355591111021567,15.643115666247837,14.71247544477373,61.904761904761905,71.42857142857143,61.38375658186764,112790.65,3767070,137648.05,-7320.0,-4.292197816373678
2019-01-25,6510,6630,6490,6505,162777,163979,6520.0,6472.0,6435.0,6393.25,30.85767152084736,18.686026837167745,12.171644683679617,58.44155844155844,76.07142857142857,76.82068877709114,110476.75,3767070,138481.05,757.0,0.46378551910895016
2019-01-28,6515,6525,6455,6465,103275,150622,6513.0,6482.5,6434.5,6395.25,27.708501796114433,20.490521828957085,7.217979967157348,56.25,76.42857142857143,32.81014015559399,108738.05,3663795,139180.0,-13357.0,-8.145555223534718
2019-01-29,6460,6480,6435,6450,70805,147524,6494.0,6492.5,6434.25,6397.333333333333,23.728855979915352,21.13818865914874,2.590667320766613,57.69230769230769,73.92857142857143,12.552201620944956,106075.05,3592990,140212.15,-3098.0,-2.0568044508770256
2019-01-30,6470,6545,6450,6535,100986,159185,6492.0,6502.5,6443.75,6401.333333333333,27.121112323578018,22.334773392034595,4.786338931543423,70.45454545454545,76.07142857142857,49.0071824361255,104690.45,3693976,141631.15,11661.0,7.904476559746221
2019-01-31,6540,6550,6500,6540,60033,152170,6499.0,6509.5,6454.75,6406.25,29.868650913928832,23.841548896413443,6.027102017515389,69.04761904761905,76.42857142857143,58.90677230526892,102560.75,3754009,142640.9,-7015.0,-4.406822250840214
2019-02-01,6530,6545,6505,6540,51548,149395,6506.0,6513.0,6461.5,6411.0,31.68089737743503,25.40941859261776,6.271478784817269,72.5,75.0,53.358954534947685,97436.85,3754009,143918.95,-2775.0,-1.8236183216139845
2019-02-11,6545,6655,6480,6515,138890,152373,6516.0,6514.5,6465.25,6415.333333333333,30.745410733431527,26.476617020780516,4.268793712651011,69.87951807228916,84.64285714285714,61.91123286533965,99640.8,3615119,145005.2,2978.0,1.9933732721978625
2019-02-12,6515,6530,6470,6495,73472,144754,6525.0,6509.5,6469.25,6419.083333333333,28.06666295555351,26.794626207735117,1.2720367478183938,58.57142857142857,81.78571428571429,20.109358219193126,99398.9,3541647,145993.55,-7619.0,-5.000229699487447
2019-02-13,6485,6495,6400,6410,93250,144659,6500.0,6496.0,6470.25,6420.833333333333,18.867454150031335,25.20919179619436,-6.3417376461630255,42.50000000000001,84.64285714285714,-29.263659037979007,98538.9,3448397,146871.75,-95.0,-0.06562858366607749
2019-02-14,6410,6475,6405,6460,69285,147320,6484.0,6491.5,6475.5,6423.083333333333,15.43368708986418,23.25409085492833,-7.82040376506415,44.57831325301205,85.0,-24.600609024719198,97225.25,3517682,147886.35,2661.0,1.839498406597584
2019-02-15,6465,6465,6385,6415,100197,158676,6459.0,6482.5,6477.25,6424.083333333333,8.977787688422723,20.398830221627207,-11.421042533204485,40.65934065934066,83.92857142857143,-50.64657578894368,98297.75,3417485,149535.05,11356.0,7.708389899538415
2019-02-18,6435,6445,6395,6400,70462,157918,6436.0,6476.0,6479.25,6423.5,2.6208546794496215,16.84323511319169,-14.222380433742067,32.94117647058823,80.0,-62.331527105190865,97727.95,3347023,151163.2,-758.0,-0.47770299226096435
2019-02-19,6400,6445,6370,6440,68700,156107,6425.0,6475.0,6483.75,6422.75,0.8013675108286407,13.63486159271908,-12.83349408189044,38.70967741935484,81.42857142857143,-68.12787023212549,96722.15,3415723,152428.95,-1811.0,-1.146797705138114
2019-02-20,6440,6445,6410,6440,49628,154437,6431.0,6465.5,6484.0,6423.25,-0.6332890174171553,10.781231470691834,-11.41452048810899,42.35294117647059,77.14285714285714,-58.053714448034825,93279.55,3415723,153484.45,-1670.0,-1.0697790617973602
2019-02-21,6465,6515,6430,6440,104209,150276,6427.0,6455.5,6482.5,6424.333333333333,-1.7500906960431166,8.274967037344844,-10.02505773338796,42.35294117647059,73.21428571428571,-25.83559779193079,94122.6,3415723,154004.95,-4161.0,-2.6943025311292
2019-02-22,6440,6490,6435,6455,66351,146756,6435.0,6447.0,6480.0,6425.166666666667,-1.4085525160935504,6.338263126657166,-7.746815642750716,48.75,72.14285714285714,-25.666830087792412,92257.55,3482074,154097.8,-3520.0,-2.342356730282946
2019-02-25,6465,6515,6455,6460,75557,144628,6447.0,6441.5,6478.0,6427.166666666667,-0.726053343584681,4.925399832608797,-5.651453176193478,51.282051282051285,73.21428571428571,-5.890060300547665,89898.7,3557631,153864.35,-2128.0,-1.4500258933195287
2019-02-26,6430,6510,6415,6490,72983,142737,6457.0,6441.0,6475.25,6429.833333333333,2.2101047356563868,4.382340813218315,-2.1722360775619283,43.28358208955223,73.21428571428571,-8.110335983556457,85470.6,3630614,152864.0,-1891.0,-1.3074923251375936
2019-02-27,6490,6495,6440,6440,52770,144616,6457.0,6444.0,6470.0,6429.666666666667,0.49672311984159023,3.6052172745429703,-3.10849415470138,36.8421052631579,73.57142857142857,-19.810930365999962,83817.1,3577844,151567.7,1879.0,1.3164070983697318
2019-02-28,6455,6455,6380,6425,82811,149094,6454.0,6440.5,6466.0,6430.333333333333,-2.0479117429176767,2.474591471050841,-4.522503213968518,35.443037974683534,76.07142857142857,-58.264425674989006,83399.45,3495033,150861.3,4478.0,3.0964761852077194
2019-03-01,6430,6500,6430,6500,84915,143592,6463.0,6449.0,6465.75,6431.25,1.964672472788152,2.3726076713983035,-0.4079351986101516,48.31460674157304,68.92857142857143,11.63333660116329,79506.35,3579948,149841.95,-5502.0,-3.6902893476598697
2019-03-04,6490,6545,6480,6505,90094,144286,6472.0,6459.5,6467.75,6431.833333333333,5.484906003921424,2.9950673379029276,2.489838666018496,51.16279069767442,69.28571428571429,50.14007272344931,78847.3,3670042,149525.15,694.0,0.48331383363975355
2019-03-05,6500,6535,6485,6515,54487,146388,6477.0,6467.0,6471.0,6432.166666666667,8.978138474139996,4.191681565150342,4.7864569089896545,64.78873239436619,66.07142857142857,47.629144393109925,78031.4,3724529,149468.35,2102.0,1.4568287983588224
2019-03-06,6515,6585,6495,6585,85286,154269,6506.0,6481.5,6473.5,6436.25,17.1967321362863,6.792691679377533,10.404040456908767,66.66666666666666,67.5,89.54996599328595,77246.4,3809815,149222.55,7881.0,5.38363800311501
2019-03-07,6585,6625,6555,6585,86287,159535,6538.0,6496.0,6475.75,6439.0,23.439827089406208,10.12211876138327,13.317708328022938,75.75757575757575,66.78571428571429,110.07780594916271,78559.1,3809815,149590.8,5266.0,3.413517945925615
2019-03-08,6560,6610,6535,6570,70166,159189,6552.0,6507.5,6477.25,6441.25,26.867439065901635,13.471182822286943,13.396256243614692,75.75757575757575,68.57142857142857,86.35437691427455,79490.0,3739649,150080.5,-346.0,-0.21688030839627226
2019-03-11,6550,6570,6460,6500,118212,155999,6551.0,6511.5,6476.5,6443.75,23.66266281881599,15.509478821592754,8.153183997223234,58.33333333333334,71.07142857142857,32.096071072305314,78456.1,3621437,150261.8,-3190.0,-2.0039073051529965
2019-03-12,6515,6540,6490,6510,50917,154034,6550.0,6513.5,6477.25,6445.75,21.679859060343915,16.743554869342987,4.936304191000929,59.45945945945946,72.14285714285714,34.30681715889725,77328.35,3672354,150725.8,-1965.0,-1.2596234591247368
2019-03-13,6505,6545,6505,6515,40124,153084,6536.0,6521.0,6482.5,6449.916666666667,20.278176810141304,17.45047925750265,2.8276975526386536,60.0,68.92857142857143,38.23646567183086,74672.05,3712478,151147.05,-950.0,-0.6167469519716473
2019-03-14,6530,6530,6470,6480,59141,150315,6515.0,6526.5,6483.5,6454.416666666667,16.156879584937997,17.19175932298972,-1.0348797380517247,53.164556962025316,69.28571428571429,8.843284674863318,74164.85,3653337,151296.8,-2769.0,-1.8088108489456745
2019-03-15,6455,6460,6390,6405,103102,146431,6482.0,6517.0,6483.0,6456.916666666667,6.7609130457049105,15.10559006753276,-8.344677021827849,44.08602150537634,71.42857142857143,-63.74092756981394,74310.1,3550235,150684.55,-3884.0,-2.5839071283637716
2019-03-18,6400,6405,6225,6235,162876,171774,6429.0,6490.0,6474.75,6455.583333333333,-14.238900203502453,9.236692013325717,-23.47559221682817,28.925619834710744,77.5,-143.29355351640402,78930.8,3387359,151377.35,25343.0,17.3071275891034
2019-03-19,6235,6285,6235,6270,82937,167691,6381.0,6465.5,6466.25,6455.0,-27.737455880761445,1.8418624345082852,-29.57931831526973,35.59322033898306,77.14285714285714,-127.78627879270599,79642.65,3470296,151956.55,-4083.0,-2.3769604247441456
2019-03-20,6265,6315,6260,6270,73686,159443,6332.0,6434.0,6457.75,6453.583333333333,-37.99715100247977,-6.125940252889325,-31.871210749590443,36.52173913043479,75.71428571428571,-99.43556706812043,80845.55,3470296,152206.85,-8248.0,-4.918570465916472
2019-03-21,6280,6330,6280,6305,55315,157205,6297.0,6406.0,6451.0,6451.25,-42.81033491832932,-13.462819185977324,-29.347515732351994,31.775700934579447,74.64285714285714,-76.74661253379709,78400.85,3525611,152553.3,-2238.0,-1.4036364092496978
2019-03-22,6320,6445,6310,6410,113359,140056,6298.0,6390.0,6448.75,6449.5,-37.71741251714775,-18.31373785221141,-19.40367466493634,42.519685039370074,80.0,-31.84072848240228,80751.25,3638970,152218.3,-17149.0,-10.90868611049267
2019-03-25,6405,6470,6380,6430,86841,134477,6337.0,6383.0,6447.25,6448.916666666667,-31.701961490385656,-20.99138257984626,-10.710578910539397,43.41085271317829,82.85714285714286,-11.153755326846303,81315.45,3725811,151710.75,-5579.0,-3.983406637345066
2019-03-26,6435,6450,6405,6435,60350,129609,6370.0,6375.5,6444.5,6448.416666666667,-26.22886497095169,-22.038879058067348,-4.189985912884342,37.06896551724139,79.64285714285714,-8.413654110512518,80683.8,3786161,151054.35,-4868.0,-3.6199498799051155
2019-03-27,6445,6515,6430,6500,91949,121805,6416.0,6374.0,6447.5,6448.75,-16.456736758051193,-20.922450598064117,4.465713840012924,43.41085271317829,80.71428571428571,17.158356798466713,82642.75,3878110,149913.8,-7804.0,-6.021186800299361
2019-03-28,6530,6585,6455,6490,139537,115893,6453.0,6375.0,6450.75,6450.083333333333,-9.41069058830817,-18.62009859611293,9.209408007804758,43.75,84.64285714285714,29.005361212939768,85479.05,3738573,148253.75,-5912.0,-4.853659537785804
2019-03-29,6500,6545,6450,6520,82942,115568,6475.0,6386.5,6451.75,6450.833333333333,-1.3898773147102474,-15.174054339832391,13.784177025122144,51.66666666666666,83.57142857142857,25.636849310432638,85380.4,3821515,146852.55,-325.0,-0.28043108729604027
2019-04-01,6535,6540,6455,6515,68858,111584,6492.0,6414.5,6452.25,6451.5,4.511214307791306,-11.237000610307653,15.74821491809896,50.42016806722689,86.07142857142857,25.017562348461517,84318.6,3752657,145217.45,-3984.0,-3.4473210577322444
2019-04-02,6510,6540,6475,6495,68676,104887,6504.0,6437.0,6451.25,6452.166666666667,7.487725244990543,-7.492055439248015,14.979780684238559,48.360655737704924,87.85714285714286,25.286504061987905,85028.05,3683981,143142.4,-6697.0,-6.00175652423286
2019-04-03,6480,6685,6480,6670,109714,92375,6538.0,6477.0,6455.5,6457.583333333333,23.69453324142887,-1.2547377031126379,24.94927094454151,62.666666666666664,98.21428571428571,75.33791767541014,86249.45,3793695,140047.7,-12512.0,-11.929028382926388
2019-04-04,6700,6745,6645,6720,157255,207568,6584.0,6518.5,6462.25,6464.25,40.11075565184183,7.018360967878255,33.092394683963576,71.72413793103449,98.92857142857143,106.1573577662255,89797.85,3950950,142449.35,115193.0,124.70148849797025
2019-04-08,6750,6945,6740,6870,230529,219615,6654.0,6564.5,6477.25,6472.0,64.48117770385306,18.51092431507322,45.970253388779845,95.0354609929078,102.14285714285714,132.5287728362941,97816.0,4181479,145470.65,12047.0,5.803881137747635
2019-04-09,6885,6920,6795,6830,187075,221194,6717.0,6604.5,6493.75,6478.5,79.6491017878634,30.738559809631255,48.910541978232146,89.43661971830986,107.5,108.11571098649112,101259.15,3994404,148730.4,1579.0,0.7189854973476351
2019-04-10,6820,6890,6815,6835,109640,225976,6785.0,6644.5,6510.0,6485.5,91.02398132048893,42.795644111802794,48.228337208686135,89.5104895104895,108.92857142857143,92.38276457972735,104195.3,4104044,152327.5,4782.0,2.1619031257628984
2019-04-11,6825,6900,6820,6890,136803,239838,6829.0,6683.5,6528.75,6493.833333333333,103.28607803328123,54.89373089609849,48.39234713718274,89.79591836734694,110.35714285714286,85.970922403318,109029.25,4240847,156665.2,13862.0,6.134279746521765
2019-04-12,6890,6920,6760,6810,211610,222662,6847.0,6715.5,6545.25,6501.416666666667,105.33431815830863,64.98184834854052,40.35246980976811,78.16901408450704,111.78571428571429,68.02097393081485,116652.7,4029237,160282.55,-17176.0,-7.16150067962541
2019-04-15,6825,6865,6765,6795,174072,222339,6832.0,6743.0,6564.75,6508.333333333333,104.54209240830642,72.89389716049371,31.64819524781271,75.88652482269504,112.5,56.6951598607449,120201.2,3855165,164077.95,-323.0,-0.1450629204803655
2019-04-16,6795,6830,6765,6810,128278,220149,6828.0,6772.5,6593.5,6515.833333333333,103.92662103826751,79.10044193604847,24.826179102219044,76.22377622377623,113.92857142857143,50.12206251360497,118471.3,3983443,166496.7,-2190.0,-0.9849823917531308
2019-04-17,6810,6895,6780,6810,204602,232322,6823.0,6804.0,6620.5,6523.5,102.26006516671805,83.73236658218238,18.52769858453567,73.84615384615384,116.07142857142857,51.718810390862586,124554.55,3983443,169728.25,12173.0,5.529436881384875
2019-04-18,6810,6830,6745,6755,193232,229330,6796.0,6812.5,6644.75,6528.833333333333,95.40153774408918,86.06620081456374,9.33533692952544,69.06474820143885,112.85714285714286,35.3104535417871,130531.85,3790211,173222.6,-2992.0,-1.2878677008634543
2019-04-19,6755,6795,6725,6785,125823,226629,6791.0,6819.0,6668.75,6534.083333333333,91.33401297998898,87.1197632476488,4.214249732340178,69.06474820143885,111.07142857142857,29.460676069378575,134057.25,3916034,176693.8,-2701.0,-1.1777787467841083
2019-04-22,6790,6880,6780,6825,174737,227468,6797.0,6814.5,6689.5,6539.416666666667,90.29724556674682,87.75525971146843,2.541985855278398,71.23287671232876,112.14285714285714,42.45511069335896,137126.15,4090771,181064.4,839.0,0.3702085787785414
2019-04-23,6830,6845,6770,6815,117859,224911,6798.0,6813.0,6708.75,6544.666666666667,87.65821416814742,87.73585060280423,-0.07763643465681014,72.22222222222223,112.85714285714286,33.14483446551346,138677.05,3972912,185586.1,-2557.0,-1.124114161112777
2019-04-24,6805,7000,6800,6960,396108,253934,6828.0,6825.5,6735.0,6551.583333333333,96.15859453484973,89.42039938921333,6.738195145636396,71.01449275362319,112.5,63.263918622785916,155464.95,4369020,191802.35,29023.0,12.904215445220558
2019-04-25,6965,6975,6925,6935,154244,250219,6864.0,6830.0,6756.75,6558.083333333333,99.72831026904896,91.48198156518046,8.2463287038685,66.16541353383458,108.92857142857143,65.95409042872629,158579.7,4214776,198223.05,-3715.0,-1.4629785692345298
2019-04-26,6940,6970,6910,6935,161474,259766,6894.0,6842.5,6779.0,6565.25,101.38859114035586,93.46330348021556,7.925287660140299,56.310679611650485,97.14285714285714,58.85933660856403,159676.55,4214776,205416.7,9547.0,3.8154576590906375
2019-04-29,6930,6990,6870,6920,168959,259254,6913.0,6855.0,6799.0,6572.166666666667,100.33737426014977,94.83811763620241,5.49925662394736,59.183673469387756,96.78571428571429,51.36159412266594,163977.4,4045817,212601.0,-512.0,-0.19710046734369158
2019-04-30,6920,7045,6920,7045,175160,268468,6959.0,6878.5,6825.5,6581.833333333333,108.34183540232243,97.53886118942643,10.802974212896004,67.21311475409836,100.35714285714286,79.11991488534899,169292.5,4220977,220445.2,9214.0,3.5540435248829327
2019-05-06,7045,7160,7040,7110,252400,264425,6989.0,6908.5,6856.25,6592.833333333333,118.56365726126205,101.74382040379356,16.819836857468488,67.74193548387098,103.21428571428571,119.14259936946333,178478.7,4473377,228422.1,-4043.0,-1.5059522922657442
2019-05-07,7115,7145,7090,7100,183774,275080,7022.0,6943.0,6877.75,6602.25,124.42333356372274,106.2797230357794,18.143610527943338,76.36363636363636,95.71428571428571,111.75505184604593,182181.7,4289603,237557.35,10655.0,4.02949796728751
2019-05-08,7085,7110,7025,7055,191652,271604,7046.0,6970.0,6894.5,6610.833333333333,124.00657472874263,109.82509337437206,14.181481354370575,72.41379310344828,94.64285714285714,80.52831209224584,183901.55,4097951,240759.15,-3476.0,-1.2636323978479025
2019-05-09,7055,7090,6925,6940,238867,265114,7050.0,6981.5,6898.0,6617.5,113.09308476140814,110.47869165177929,2.6143931096288497,59.55882352941176,101.78571428571429,39.58142995001399,184318.45,3859084,243034.1,-6490.0,-2.389508254664885
2019-05-10,6925,6990,6905,6975,191685,258131,7036.0,6997.5,6905.25,6625.166666666667,106.04584236806659,109.59212179503675,-3.546279426970159,61.53846153846153,99.64285714285714,23.751479078395054,184548.95,4050769,244880.95,-6983.0,-2.6339612393159184
2019-05-13,6985,6985,6835,6870,181193,255031,6988.0,6988.5,6907.0,6631.416666666667,90.93993060840603,105.8616835577106,-14.921752949304576,57.51633986928104,104.28571428571429,-5.642388940189686,188126.6,3869576,246333.7,-3100.0,-1.2009406076759488
2019-05-14,6855,6940,6800,6845,305240,246346,6937.0,6979.5,6904.75,6638.666666666667,76.0741600775209,99.90417886167268,-23.830018784151775,53.94736842105264,109.28571428571429,-21.980406449978457,196548.45,3564336,246659.1,-8685.0,-3.4054683548274567
2019-05-15,6870,6935,6840,6920,170328,249208,6910.0,6978.0,6910.25,6646.333333333333,69.54315285158646,93.83197365965543,-24.288820808068976,55.9748427672956,108.92857142857143,-6.357336633084971,194484.35,3734664,247986.4,2862.0,1.1617805850308027
2019-05-16,6920,7010,6895,6965,181131,247610,6915.0,6982.5,6918.75,6655.5,67.22349587569352,88.51027810286305,-21.28678222716954,59.036144578313255,111.78571428571429,18.51414438636593,194837.3,3915795,249249.95,-1598.0,-0.6412314211421744
2019-05-17,6965,6980,6840,6875,223254,244537,6895.0,6965.5,6922.0,6663.416666666667,57.46053390454381,82.30032926319922,-24.839795358655408,44.516129032258064,107.5,-12.998649385009054,199586.1,3692541,250469.35,-3073.0,-1.241064577359552
2019-05-20,6875,6975,6855,6860,245804,239063,6893.0,6940.5,6924.5,6670.416666666667,47.960087529374505,75.43228091643428,-27.472193387059775,45.09803921568627,112.5,-15.970790755699907,201646.2,3446737,250806.4,-5474.0,-2.2385160527854664
2019-05-21,6855,6950,6825,6945,198168,244593,6913.0,6925.0,6934.0,6678.833333333333,46.75079093880868,69.69598292090916,-22.945191982100482,50.588235294117645,117.14285714285714,-15.18565937467973,201893.0,3644905,251569.55,5530.0,2.3131977763183764
2019-05-22,6945,6975,6860,6910,245297,243723,6911.0,6910.5,6940.25,6686.666666666667,42.47854100672521,64.25249453807237,-21.77395353134716,49.425287356321846,116.78571428571429,-16.208941074132046,207866.7,3399608,252424.25,-870.0,-0.35569292661686847
2019-05-23,6890,6915,6820,6830,225411,245234,6884.0,6899.5,6940.5,6692.916666666667,32.2654843248165,57.8550924954212,-25.5896081706047,36.96969696969697,114.64285714285714,-55.54176853485648,210400.4,3174197,253312.55,1511.0,0.6199661090664499
2019-05-24,6810,6860,6750,6845,250984,236860,6878.0,6886.5,6942.0,6699.333333333333,25.092685108793376,51.30261101809563,-26.209925909302257,32.903225806451616,113.92857142857143,-79.83298070086036,217056.65,3425181,253910.0,-8374.0,-3.4146977988370297
2019-05-27,6850,6860,6770,6780,176559,247907,6862.0,6877.5,6933.0,6704.166666666667,14.001828912662859,43.84245459700908,-29.84062568434622,30.722891566265062,116.42857142857143,-79.64756873820946,206079.2,3248622,253608.65,11047.0,4.663936502575372
2019-05-28,6790,6845,6735,6825,175274,248101,6838.0,6875.5,6927.5,6710.583333333333,8.742590252873015,36.82248172818187,-28.079891475308855,36.14457831325301,118.21428571428571,-71.88300604535206,207130.7,3423896,253502.75,194.0,0.07825515213366607
2019-05-29,6825,6875,6810,6845,163463,251030,6825.0,6868.0,6923.0,6717.583333333333,6.11791506069676,30.68156839468485,-24.56365333398809,43.53741496598639,111.07142857142857,-44.828669419018496,207230.15,3587359,253065.95,2929.0,1.180567591424464
2019-05-30,6825,6950,6815,6850,247951,247654,6829.0,6856.5,6919.5,6723.416666666667,4.390686177246607,25.423391951197203,-21.032705773950596,41.13475177304964,114.64285714285714,-27.549311615599244,211179.75,3835310,252485.95,-3376.0,-1.344859180177671
2019-05-31,6860,6875,6790,6790,132827,242243,6818.0,6848.0,6906.75,6728.166666666667,-1.7989169214934009,19.978930176659084,-21.777847098152485,43.93939393939394,110.0,-51.11596000439196,209063.1,3702483,251174.7,-5411.0,-2.1849031309811306
2019-06-03,6785,6830,6730,6760,255824,250099,6814.0,6838.0,6889.25,6732.25,-9.020982974107937,14.178947546505679,-23.199930520613616,43.60902255639098,107.14285714285714,-71.51130682270944,209234.3,3446659,250458.4,7856.0,3.243024566241326
2019-06-04,6780,6800,6620,6655,248997,247129,6780.0,6809.0,6867.0,6733.416666666667,-22.95256198428524,6.752645640347496,-29.705207624632735,30.935251798561154,113.21428571428571,-112.03427054749959,212495.45,3197662,249060.85,-2970.0,-1.1875297382236583
2019-06-05,6665,6670,6560,6595,222648,244689,6730.0,6777.5,6844.0,6733.583333333333,-38.3923738927233,-2.276358266266663,-36.11601562645664,23.94366197183099,112.85714285714286,-135.86497116097559,214045.25,2975014,247715.1,-2440.0,-0.9873385964415338
2019-06-06,6595,6690,6515,6645,265981,223560,6689.0,6759.0,6829.25,6734.833333333333,-46.062968705399726,-11.033680354093276,-35.02928835130645,32.83582089552239,115.35714285714286,-110.23179600997216,215400.95,3240995,245637.4,-21129.0,-8.635042850312026
2019-06-10,6685,6690,6585,6610,143058,221364,6653.0,6735.5,6811.0,6736.666666666667,-54.33978266170925,-19.69490081561647,-34.64488184609278,31.8840579710145,114.28571428571429,-90.74918212323499,212969.6,3097937,243799.05,-2196.0,-0.9822866344605496
2019-06-11,6600,6720,6555,6680,221631,217170,6637.0,6725.5,6801.5,6739.5,-54.621163594297286,-26.680153371352635,-27.94101022294465,30.370370370370367,117.14285714285714,-70.64526900338822,214991.5,3319568,241906.0,-4194.0,-1.8946170108960825
2019-06-12,6695,6710,6630,6645,133721,218036,6635.0,6707.5,6791.5,6741.666666666667,-57.011178130150256,-32.74635832311216,-24.264819807038094,30.370370370370367,114.64285714285714,-59.453271786467376,206415.55,3185847,240490.5,866.0,0.3987659437307167
2019-06-13,6650,6715,6630,6690,141749,214065,6654.0,6692.0,6780.0,6745.166666666667,-54.64425301573192,-37.12593726163612,-17.518315754095802,39.0625,113.92857142857143,-47.10358316900452,204986.6,3327596,238733.35,-3971.0,-1.821258874681242
2019-06-14,6690,6725,6645,6660,139256,210022,6657.0,6673.0,6764.75,6749.416666666667,-54.5602603703519,-40.61280188337928,-13.947458486972621,35.87786259541984,111.78571428571429,-43.65262907683717,202892.85,3188340,236853.95,-4043.0,-1.8886786723658733
2019-06-17,6670,6715,6650,6660,100801,212218,6667.0,6660.0,6754.0,6756.5,-53.872684817757545,-43.26477847025493,-10.607906347502613,39.83050847457627,110.0,-40.12780029223959,196770.2,3188340,235238.0,2196.0,1.0456047461694595
2019-06-18,6655,6700,6600,6655,139956,211314,6662.0,6649.5,6743.75,6762.916666666667,-53.118912691732476,-45.23560531455044,-7.883307377182035,34.54545454545455,109.28571428571429,-46.51800503814779,191477.8,3048384,233850.55,-904.0,-0.4259770613237346
2019-06-19,6665,6770,6650,6750,146966,216083,6683.0,6659.0,6734.0,6770.916666666667,-44.344659172006686,-45.05741608604169,0.7127569140350047,42.4,113.21428571428571,-7.74116091698237,188917.7,3195350,232425.05,4769.0,2.2568310665644464
2019-06-20,6750,6795,6710,6790,117678,217896,6703.0,6678.5,6728.0,6779.0,-33.77400858906458,-42.80073458664627,9.026725997581693,45.45454545454545,109.64285714285714,19.80638158924137,182536.75,3313028,231133.7,1813.0,0.839029447018036
2019-06-21,6780,6835,6755,6785,117511,215538,6728.0,6692.5,6725.75,6785.25,-25.50613125383552,-39.34181392008412,13.835682666248601,49.586776859504134,109.28571428571429,38.66929434513447,177141.75,3195517,229648.9,-2358.0,-1.0821676396078894
2019-06-24,6785,6885,6765,6875,142043,209277,6771.0,6719.0,6727.25,6792.666666666667,-11.558294239011957,-33.78510998386969,22.22681574485773,58.64661654135338,110.71428571428571,66.89274951995817,171694.7,3337560,228269.75,-6261.0,-2.904824207332346
2019-06-25,6880,6895,6820,6845,106903,206196,6809.0,6735.5,6730.5,6799.5,-2.891945646327258,-27.606477116361205,24.714531470033947,66.10169491525424,103.21428571428571,69.82856070828272,168211.9,3230657,226184.2,-3081.0,-1.472211470921314
2019-06-26,6860,6890,6775,6885,135780,210194,6836.0,6759.5,6733.5,6805.916666666667,7.121768443626934,-20.66082800436358,27.782596447990514,75.43859649122807,103.57142857142857,64.56615399259753,166237.2,3366437,224288.85,3998.0,1.9389318900463692
2019-06-27,6875,6890,6775,6815,153375,209208,6841.0,6772.0,6732.0,6811.333333333333,9.30206559736689,-14.668249284017488,23.97031488138438,64.40677966101694,99.28571428571429,52.66945955692215,165732.8,3213062,222197.75,-986.0,-0.46909045928998916
2019-06-28,6815,6840,6745,6770,121653,205384,6838.0,6783.0,6728.0,6815.5,7.3145255828058,-10.271694310652832,17.586219893458633,63.333333333333336,98.57142857142857,33.67779588213107,159417.9,3091409,220084.25,-3824.0,-1.827845971473363
2019-07-01,6770,6875,6760,6860,115519,211888,6835.0,6803.0,6731.5,6821.25,12.853466875297272,-5.646662073462812,18.500128948760086,64.51612903225806,95.0,60.48039241369863,158552.5,3206928,218566.5,6504.0,3.1667510614264094
2019-07-02,6860,7010,6780,6930,239292,212817,6852.0,6830.5,6740.0,6828.5,22.630660573115165,0.008802455852783275,22.62185811726238,71.7557251908397,105.71428571428571,91.60944372521612,157725.9,3446220,216702.4,929.0,0.4384391754134187
2019-07-03,6925,6935,6850,6915,171482,213983,6858.0,6847.0,6753.0,6832.583333333333,28.83637460333557,5.774316885349341,23.062057717986228,68.0,105.71428571428571,77.28236340493027,153850.15,3274738,215045.1,1166.0,0.5478885615340934
2019-07-04,6930,6960,6865,6945,164852,210839,6884.0,6862.5,6770.5,6836.333333333333,35.76294400475217,11.772042309229906,23.990901695522265,72.8,106.78571428571429,79.53752198808054,150960.35,3439590,213352.6,-3144.0,-1.4692755966595472
2019-07-05,6950,6950,6875,6900,122190,196978,6910.0,6874.0,6783.25,6836.833333333333,37.19244488615004,16.856122824613934,20.33632206153611,67.91044776119404,107.5,65.62003233637208,143770.8,3317400,212023.5,-13861.0,-6.5742106536267
2019-07-08,6880,6925,6875,6890,90144,194250,6916.0,6875.5,6797.25,6837.833333333333,37.09085788569337,20.903069836829822,16.187788048863545,67.40740740740742,103.92857142857143,54.74518945099166,141125.1,3227256,210667.8,-2728.0,-1.3849262354171499
2019-07-09,6900,6940,6840,6865,134399,186271,6903.0,6877.5,6806.5,6838.333333333333,34.59427709746524,23.641311288956906,10.952965808508331,59.50413223140496,102.5,42.76467357567223,136763.5,3092857,209122.85,-7979.0,-4.107593307593305
2019-07-10,6865,6880,6820,6855,101576,184404,6891.0,6874.5,6817.0,6837.75,31.446308934637273,25.20231081809298,6.243998116544294,55.65217391304348,100.71428571428571,23.050074357220847,135156.25,2991281,207441.25,-1867.0,-1.0023030960267576
2019-07-11,6865,6910,6830,6890,111624,186036,6880.0,6882.0,6827.0,6839.083333333333,31.41361240894912,26.44457113626421,4.969041272684912,58.67768595041322,100.71428571428571,33.337220489778424,133650.0,3102905,206039.8,1632.0,0.8850133402746208
2019-07-12,6880,6885,6795,6805,125769,177087,6861.0,6885.5,6834.25,6839.25,24.249378807239736,26.005532670459317,-1.7561538632195806,44.166666666666664,98.92857142857143,-0.054425755762337685,132975.65,2977136,204393.05,-8949.0,-4.810359285299615
2019-07-15,6805,6880,6800,6865,89802,175430,6856.0,6886.0,6844.5,6840.166666666667,23.146353862228352,25.433696908813126,-2.2873430465847733,51.58730158730159,99.28571428571429,8.326256361294359,132425.7,3066938,202553.65,-1657.0,-0.9356982726004714
2019-07-16,6855,6870,6815,6825,60597,171977,6848.0,6875.5,6853.0,6840.416666666667,18.827501225968263,24.112457772244156,-5.284956546275893,45.23809523809524,95.0,-9.36350931634236,128457.75,3006341,200586.8,-3453.0,-1.9683064470158995
2019-07-17,6835,6880,6815,6855,103203,170787,6848.0,6869.5,6858.25,6842.083333333333,17.62238874769173,22.81444396733367,-5.19205521964194,53.389830508474574,91.42857142857143,-3.119623139424755,126269.6,3109544,198322.0,-1190.0,-0.6919529937142732
2019-07-18,6855,6870,6820,6830,60578,169447,6836.0,6858.0,6860.25,6842.833333333333,14.4830853673011,21.148172247327157,-6.665086880026056,55.26315789473684,88.21428571428571,-21.814402016085836,123414.6,3048966,195899.55,-1340.0,-0.7846030435571749
2019-07-19,6830,6840,6765,6810,107140,166758,6837.0,6849.0,6861.5,6842.583333333333,10.263026190445089,18.971143035950746,-8.708116845505657,45.00000000000001,85.35714285714286,-71.30338343496905,122896.05,2941826,193460.55,-2689.0,-1.5869268856928742
2019-07-22,6805,6900,6800,6855,158619,166563,6835.0,6845.5,6860.5,6843.25,10.429498046863955,17.26281403813339,-6.8333159912694335,42.10526315789474,76.07142857142857,-8.134372621743617,123724.85,3100445,191324.85,-195.0,-0.11693591911632328
2019-07-23,6850,6925,6850,6875,129022,165081,6845.0,6846.5,6862.0,6841.833333333333,12.036511631843496,16.217553556875412,-4.181041925031916,45.83333333333333,75.35714285714286,32.948461335502415,124830.8,3229467,189269.1,-1482.0,-0.8897534266313678
2019-07-24,6875,6900,6850,6855,108686,157256,6845.0,6846.5,6860.5,6840.5,11.562958040224657,15.286634453545261,-3.7236764133206037,40.42553191489362,72.14285714285714,11.325521814457053,123476.1,3120781,186622.2,-7825.0,-4.740097285574962
2019-07-25,6865,6865,6790,6810,110365,153242,6841.0,6838.5,6860.25,6838.416666666667,7.47042507767128,13.723392578370467,-6.252967500699187,40.42553191489362,72.14285714285714,-51.40199917019791,121325.6,3010416,183823.9,-4014.0,-2.552525817774842
2019-07-26,6825,6855,6790,6810,82039,151669,6841.0,6839.0,6862.25,6836.583333333333,4.178891559116892,11.814492374519753,-7.635600815402862,41.30434782608696,73.21428571428571,-63.09700226561367,119344.9,3010416,181138.15,-1573.0,-1.0264809908510752
2019-07-29,6800,6825,6770,6790,79891,150889,6828.0,6831.5,6858.75,6832.333333333333,-0.04300953444180777,9.44299199272744,-9.486001527169249,41.75824175824176,70.0,-87.9642185820617,117563.5,2930525,178088.2,-780.0,-0.5142778023195294
2019-07-30,6800,6825,6755,6810,90819,147446,6815.0,6830.0,6852.75,6827.333333333333,-1.754835068889406,7.203426580404072,-8.958261649293478,45.16129032258064,70.71428571428571,-76.52294453628005,110139.85,3021344,174819.65,-3443.0,-2.2818098072092785
2019-07-31,6805,6810,6760,6760,68515,149452,6796.0,6820.5,6845.0,6821.666666666667,-7.064614788824656,4.349818306558326,-11.414433095382982,36.458333333333336,68.57142857142857,-89.85522687507829,104991.5,2952829,171593.1,2006.0,1.3604980806532607
2019-08-01,6760,6820,6750,6805,74407,146820,6795.0,6818.0,6838.0,6817.5,-7.55444659459863,1.9689653263269349,-9.523411920925565,50.0,66.78571428571429,-66.52567311743455,100469.25,3027236,168392.15,-2632.0,-1.761100554024031
2019-08-02,6810,6825,6715,6720,111060,140798,6777.0,6809.0,6829.0,6813.833333333333,-14.632754173543617,-1.3513785736471757,-13.28137559989644,34.40860215053765,68.92857142857143,-103.5490802356839,99912.75,2916176,165583.15,-6022.0,-4.101621032556868
2019-08-05,6740,6745,6670,6685,83708,133846,6756.0,6792.0,6818.75,6809.0,-22.803704508345618,-5.641843760586864,-17.16186074775875,34.78260869565217,70.35714285714286,-134.08396282875813,99590.95,2832468,162562.95,-6952.0,-4.937570135939429
2019-08-06,6690,6705,6645,6650,61490,126112,6724.0,6769.5,6808.0,6805.333333333333,-31.7375977392212,-10.860994556313731,-20.87660318290747,27.956989247311824,70.0,-130.77993015441095,95945.5,2770978,159555.0,-7734.0,-5.778282503772991
2019-08-07,6655,6720,6650,6685,52767,123045,6709.0,6752.5,6799.5,6802.666666666667,-35.58338192022984,-15.805472029096954,-19.777909891132886,34.73684210526315,71.42857142857143,-96.54901013330074,93505.05,2823745,156487.05,-3067.0,-2.431965237249434
2019-08-08,6690,6745,6670,6735,60260,117913,6695.0,6745.0,6791.75,6799.583333333333,-34.20234808004807,-19.484847239287177,-14.717500840760891,42.57425742574257,71.42857142857143,-63.98653056891641,90936.85,2884005,153080.9,-5132.0,-4.170831809500585
2019-08-09,6750,6845,6750,6840,78406,111519,6719.0,6748.0,6793.5,6797.5,-24.354502785547083,-20.45877834853916,-3.8957244370079245,48.67256637168141,72.14285714285714,12.732058471136602,88568.7,2962411,149802.5,-6394.0,-5.422642117493403
2019-08-12,6835,6855,6800,6815,66184,98321,6745.0,6750.5,6791.0,6796.5,-18.35571228090248,-20.038165135011827,1.6824528541093464,44.73684210526316,70.71428571428571,23.44515971515469,87387.8,2896227,145947.05,-13198.0,-11.834754615805377
2019-08-13,6805,6825,6755,6790,49624,86644,6773.0,6748.5,6789.25,6795.333333333333,-15.44092527833618,-19.1187171636767,3.6777918853405183,44.34782608695652,72.14285714285714,-1.859190779871561,86839.15,2846603,141680.4,-11677.0,-11.87640483721687
2019-08-14,6610,6680,6590,6655,116807,120202,6767.0,6738.0,6779.25,6790.5,-23.750526056629496,-20.04507894226726,-3.7054471143622365,38.34586466165414,81.07142857142857,-103.7256138657958,87519.35,2729796,139151.15,33558.0,38.730898850468584
2019-08-15,6645,6680,6620,6675,94994,130484,6755.0,6725.0,6771.5,6786.583333333333,-28.394794175729658,-21.71502198895974,-6.679772186769917,40.14598540145986,80.71428571428571,-80.0841046955149,89240.15,2824790,137203.0,10282.0,8.55393421074524
2019-08-16,6665,6680,6625,6625,77420,133858,6712.0,6715.5,6762.25,6783.166666666667,-35.69848236960297,-24.511714065088388,-11.186768304514583,38.46153846153846,80.71428571428571,-79.24365330282012,87754.15,2747370,135558.0,3374.0,2.585757640783548
2019-08-19,6630,6700,6625,6680,108241,149166,6685.0,6715.0,6753.5,6780.416666666667,-36.62646050019248,-26.934663352109208,-9.691797148083271,41.333333333333336,81.07142857142857,-56.92135428245356,85235.25,2855611,134688.15,15308.0,11.435999342586921
2019-08-20,6670,6730,6655,6670,114965,157187,6661.0,6717.0,6743.25,6778.583333333333,-37.733834129569914,-29.094497507601353,-8.63933662196856,43.66197183098591,82.85714285714286,-42.167008078626424,84532.4,2740646,134293.45,8021.0,5.377230736226757
2019-08-21,6665,6680,6640,6670,84164,158416,6664.0,6715.5,6734.0,6776.0,-38.17141934769006,-30.909881875619096,-7.261537472070966,39.84962406015037,80.71428571428571,-53.00402455619369,83306.3,2740646,134351.45,1229.0,0.7818712743420164
2019-08-22,6670,6675,6585,6590,106150,155485,6647.0,6701.0,6723.0,6771.75,-44.461021221171904,-33.62010974472966,-10.840911476442244,40.151515151515156,79.28571428571429,-77.82813246112423,83095.55,2634496,134463.6,-2931.0,-1.8501918998080957
2019-08-23,6595,6600,6495,6510,163375,148990,6624.0,6668.0,6708.0,6766.083333333333,-55.26386005400036,-37.9488598065838,-17.315000247416563,37.5886524822695,81.42857142857143,-112.76656560974894,87162.35,2471121,134329.65,-6495.0,-4.17725182493488
2019-08-26,6490,6530,6455,6485,118088,149702,6585.0,6635.0,6692.75,6761.0,-65.09213708765401,-43.37751526279784,-21.714621824856167,38.1294964028777,82.5,-114.71484918374604,89072.2,2353033,134270.3,712.0,0.47788442177327806
2019-08-27,6490,6520,6450,6455,75675,147923,6542.0,6601.5,6675.0,6755.916666666667,-74.44372579393257,-49.590757369024786,-24.852968424907786,33.33333333333333,82.5,-103.385919307627,88315.0,2277358,134294.15,-1779.0,-1.188360876942196
2019-08-28,6460,6495,6410,6420,107446,152262,6492.0,6578.0,6658.0,6752.0,-83.71413032684086,-56.41543196058801,-27.29869836625285,26.66666666666667,83.21428571428571,-101.04425428388532,90261.55,2169912,134434.65,4339.0,2.9332828566213554
2019-08-29,6420,6445,6340,6345,126452,165511,6443.0,6545.0,6635.0,6747.833333333333,-96.00616658109357,-64.33357888468913,-31.672587696404435,11.627906976744185,82.85714285714286,-108.49888852968594,92863.8,2043460,135369.2,13249.0,8.701448818483936
2019-08-30,6355,6405,6350,6380,99162,162686,6417.0,6520.5,6618.0,6743.416666666667,-101.750569155437,-71.8169769388387,-29.9335922165983,16.79389312977098,83.21428571428571,-92.3370822588399,92268.9,2142622,136463.6,-2825.0,-1.7068351952438165
2019-09-02,6380,6455,6355,6440,119298,165456,6408.0,6496.5,6605.75,6740.583333333333,-100.30529403100172,-77.51464035727132,-22.790653673730404,24.637681159420282,85.35714285714286,-69.23272390439026,94048.4,2261920,138044.1,2770.0,1.702666486360238
2019-09-03,6450,6470,6420,6435,84868,168380,6404.0,6473.0,6595.0,6736.5,-98.42873609554954,-81.69745950492697,-16.73127659062257,30.35714285714286,74.64285714285714,-54.5688073014309,95217.3,2177052,140157.5,2924.0,1.7672372111014356
2019-09-04,6435,6490,6430,6470,87218,170429,6414.0,6453.0,6584.25,6733.583333333333,-93.04478060657038,-83.96692372525565,-9.07785688131473,32.173913043478265,74.64285714285714,-42.69100658370002,96939.85,2264270,142526.7,2049.0,1.2168903670269682
2019-09-05,6475,6495,6425,6440,115552,164401,6433.0,6438.0,6569.5,6729.416666666667,-90.15940487467469,-85.20541995513946,-4.95398491953523,33.33333333333333,75.71428571428571,-41.72787450978506,99704.45,2148718,144851.1,-6028.0,-3.536956738583219
2019-09-06,6445,6490,6425,6440,96779,163440,6445.0,6431.0,6549.5,6725.75,-86.87132525709694,-85.53860101553096,-1.332724241565984,26.0,75.0,-38.49077023390672,100623.1,2148718,147447.15,-961.0,-0.5845463227109327
2019-09-09,6455,6540,6440,6540,120289,161137,6465.0,6436.5,6535.75,6723.75,-75.32799991275806,-83.49648079497639,8.168480882218333,38.983050847457626,76.78571428571429,-13.846899477981692,103328.35,2269007,150587.95,-2303.0,-1.4090797846304404
2019-09-10,6540,6545,6485,6510,62519,156765,6480.0,6442.0,6521.75,6721.333333333333,-67.81880769240524,-80.36094617446216,12.542138482056913,37.096774193548384,78.21428571428571,-6.0705174620615034,103973.1,2206488,154094.0,-4372.0,-2.7132191861583665
2019-09-11,6510,6535,6500,6510,62031,155914,6488.0,6451.0,6514.5,6717.333333333333,-61.16267352896648,-76.52129164536302,15.358618116396542,42.59259259259259,74.28571428571429,-2.3166418411411436,101234.3,2206488,155879.6,-851.0,-0.5428507638822411
2019-09-12,6505,6520,6450,6510,97512,161725,6502.0,6467.5,6506.25,6712.666666666667,-55.25074307579962,-72.26718193145034,17.01643885565072,50.0,71.78571428571429,-9.479570949323584,101360.2,2206488,157441.65,5811.0,3.727054658337292
2019-09-16,6565,6645,6525,6625,179343,174650,6539.0,6492.0,6506.25,6710.0,-40.81546146063192,-65.97683783728665,25.16137637665473,62.72727272727273,76.07142857142857,48.14875828480728,106456.35,2385831,159481.25,12925.0,7.991961663317371
2019-09-17,6635,6675,6615,6640,175374,172362,6559.0,6512.0,6504.25,6706.083333333333,-27.84405322697421,-58.35028091522417,30.506227688249957,67.28971962616822,75.35714285714286,74.83424776727432,109813.0,2561205,160641.05,-2288.0,-1.3100486687661062
2019-09-18,6640,6645,6555,6605,138998,168159,6578.0,6529.0,6501.0,6702.083333333333,-20.155980642462964,-50.711420860671936,30.55544021820897,67.28971962616822,75.71428571428571,58.599837549661416,111014.65,2422207,161189.65,-4203.0,-2.4384725171441524
2019-09-19,6605,6620,6515,6515,112661,161133,6579.0,6533.5,6493.25,6695.916666666667,-21.082351345281495,-44.785606957593856,23.70325561231236,65.45454545454545,75.71428571428571,34.32698709164195,112439.5,2309546,161325.5,-7026.0,-4.178188500169478
2019-09-20,6520,6545,6490,6500,73859,163506,6577.0,6539.5,6488.75,6690.666666666667,-22.76446683785798,-40.38137893364669,17.616912095788706,61.320754716981135,75.35714285714286,13.371990092848662,110824.95,2235687,161726.55,2373.0,1.4726964681350152
2019-09-23,6505,6540,6500,6530,61376,165779,6558.0,6548.5,6489.75,6686.666666666667,-21.429777074629783,-36.59105856184331,15.161281487213529,59.00000000000001,71.07142857142857,22.170470528027344,105725.0,2297063,162566.0,2273.0,1.3901630521204078
2019-09-24,6525,6545,6480,6500,79053,169780,6530.0,6544.5,6490.5,6680.666666666667,-22.53302837609408,-33.77945252469347,11.246424148599388,56.19047619047619,72.14285714285714,10.804070836076482,103773.25,2218010,163569.9,4001.0,2.4134540563038653
2019-09-25,6495,6500,6440,6450,92548,165915,6499.0,6538.5,6490.25,6672.666666666667,-27.129216394321702,-32.44940529861912,5.320188904297417,48.14814814814815,72.14285714285714,-20.775123502954152,104616.9,2125462,164469.5,-3865.0,-2.2764754388031605
2019-09-26,6440,6445,6410,6425,77376,165634,6481.0,6530.0,6490.5,6664.5,-32.41535553801259,-32.44259534649782,0.027239808485227,48.598130841121495,70.0,-45.86319079503985,103113.4,2048086,165138.1,-281.0,-0.16936383087725604
2019-09-27,6420,6460,6405,6410,66683,158884,6463.0,6520.0,6493.75,6655.583333333333,-37.38409298064107,-33.430894873326466,-3.9531981073146056,47.27272727272727,69.28571428571429,-51.173128852223186,100124.95,1981403,164806.75,-6750.0,-4.07525025055242
2019-09-30,6415,6465,6410,6465,57593,148800,6450.0,6504.0,6498.0,6648.333333333333,-36.46348450428923,-34.03741279951902,-2.4260717047702087,42.57425742574257,66.07142857142857,-40.43091193433281,98046.5,2038996,164112.45,-10084.0,-6.346768711764561
2019-10-08,6450,6470,6415,6420,41176,149978,6434.0,6482.0,6497.0,6640.5,-38.91641536179941,-35.01321331197509,-3.9032020498243156,41.34615384615385,65.71428571428571,-51.31437665352385,94140.4,1997820,163338.55,1178.0,0.7916666666666572
2019-10-09,6410,6435,6375,6390,74452,160138,6422.0,6460.5,6494.75,6632.583333333333,-42.78789776740632,-36.568150203061336,-6.219747564344985,39.09090909090909,67.5,-74.67551093387239,93619.6,1923368,162926.45,10160.0,6.77432690127886
2019-10-10,6395,6410,6365,6400,58961,162929,6417.0,6449.0,6491.25,6625.0,-44.5357783100626,-38.16167582446159,-6.374102485601007,40.17857142857142,65.71428571428571,-73.98726843532899,92206.75,1982329,162551.45,2791.0,1.742871773095711
2019-10-11,6415,6445,6410,6435,83778,158673,6422.0,6442.5,6491.0,6617.416666666667,-42.60564735846856,-39.05047013126298,-3.5551772272055757,30.208333333333343,59.285714285714285,-44.535103570000274,90618.05,2066107,162265.05,-4256.0,-2.6121807658550655
2019-10-14,6445,6465,6420,6435,58590,154312,6416.0,6433.0,6490.75,6611.25,-40.60790205612557,-39.3619565162355,-1.2459455398900658,27.956989247311824,58.214285714285715,-36.68899452889793,88708.6,2066107,161808.65,-4361.0,-2.7484197059361115
2019-10-15,6430,6440,6365,6385,74211,160945,6409.0,6421.5,6483.0,6603.25,-42.56855286419159,-40.00327578582672,-2.565277078364865,27.08333333333333,57.142857142857146,-61.195714778657866,86404.7,1991896,161799.05,6633.0,4.298434340816004
2019-10-16,6395,6420,6350,6350,66539,164191,6401.0,6411.5,6475.0,6595.333333333333,-46.41158637063381,-41.284937902788144,-5.126648467845669,30.588235294117638,54.642857142857146,-68.79908942270451,86605.7,1925357,162170.35,3246.0,2.0168380502656236
2019-10-17,6335,6360,6305,6345,99175,167256,6390.0,6403.5,6466.75,6586.833333333333,-49.29246348969173,-42.88644302016886,-6.406020469522865,31.325301204819283,54.642857142857146,-80.88291445630777,88462.9,1826182,162737.45,3065.0,1.8667283834071347
2019-10-18,6340,6355,6285,6350,86051,165712,6373.0,6397.5,6458.75,6578.833333333333,-50.58896307311625,-44.42694703075834,-6.162016042357905,26.92307692307692,56.785714285714285,-74.99297462222552,87889.85,1912233,162936.8,-1544.0,-0.9231357918400573
2019-10-21,6355,6355,6310,6320,48750,163420,6350.0,6383.0,6443.5,6570.666666666667,-53.42138909348432,-46.22583544330354,-7.195553650180784,26.92307692307692,55.357142857142854,-69.34580788257058,81360.2,1863483,162375.3,-2292.0,-1.38312252582794
2019-10-22,6320,6365,6315,6320,59975,162001,6337.0,6373.0,6427.5,6561.75,-55.03173553002944,-47.98701546064872,-7.044720069380716,30.882352941176478,54.642857142857146,-64.66801051428308,75590.25,1863483,161857.25,-1419.0,-0.8683147717537643
2019-10-23,6330,6355,6325,6350,42789,160197,6337.0,6369.0,6414.75,6553.0,-53.27309828766374,-49.04423202605172,-4.228866261612019,39.130434782608695,54.285714285714285,-56.10524612525639,70779.8,1906272,161459.15,-1804.0,-1.1135733730038733
2019-10-24,6345,6350,6315,6345,47849,159003,6337.0,6363.5,6406.25,6544.5,-51.68700816002456,-49.5727872528463,-2.1142209071782645,40.29850746268656,52.857142857142854,-57.353729345579396,67539.2,1858423,161352.65,-1194.0,-0.7453323095938158
2019-10-25,6350,6390,6330,6340,65248,156385,6335.0,6354.0,6398.25,6536.666666666667,-50.25417961945368,-49.70906572616778,-0.545113893285901,28.070175438596493,53.214285714285715,-40.24820047500438,67108.65,1793175,160996.6,-2618.0,-1.6465098142802392
2019-10-28,6340,6420,6320,6400,102342,154597,6351.0,6350.5,6391.75,6529.833333333333,-43.772571166077796,-48.521766814149785,4.749195648071989,46.666666666666664,56.42857142857143,-13.387495430032331,69156.95,1895517,160437.5,-1788.0,-1.1433321610128888
2019-10-29,6400,6420,6385,6390,54817,156482,6365.0,6351.0,6386.25,6523.166666666667,-38.993275982765226,-46.61606864787288,7.622792665107653,50.0,54.642857142857146,11.138194836184168,67945.15,1840700,159772.6,1885.0,1.2192992102046052
2019-10-30,6395,6405,6320,6350,98785,153421,6365.0,6351.0,6381.25,6515.5,-37.9953293179733,-44.89192078189296,6.896591463919663,41.935483870967744,57.5,-30.071166738538558,68257.0,1741915,159147.9,-3061.0,-1.9561355299651084
2019-10-31,6360,6405,6350,6400,60176,152444,6376.0,6356.5,6380.0,6509.5,-32.79186307840155,-42.47190924119469,9.68004616279314,44.61538461538461,58.214285714285715,4.894368908906978,67397.0,1802091,158488.4,-977.0,-0.636809823948481
2019-11-01,6395,6440,6365,6440,87104,158988,6396.0,6365.5,6381.5,6503.416666666667,-25.150493653341982,-39.00762612362415,13.857132470282167,50.68493150684931,60.357142857142854,43.572668930183475,68418.05,1889195,158493.6,6544.0,4.292723885492378
2019-11-04,6440,6480,6425,6475,88806,165998,6411.0,6381.0,6382.0,6499.333333333333,-16.085027651903147,-34.423106429279954,18.338078777376808,62.857142857142854,58.92857142857143,96.60237020744053,69978.7,1978001,159353.5,7010.0,4.409137796563267
2019-11-05,6480,6485,6435,6475,65319,162097,6428.0,6396.5,6384.75,6495.833333333333,-8.799149415426655,-29.298315026509297,20.499165611082642,69.84126984126985,57.5,94.94617627288164,71185.85,1978001,159959.45,-3901.0,-2.3500283135941435
2019-11-06,6480,6490,6450,6460,53584,162267,6450.0,6407.5,6388.25,6492.666666666667,-4.187146245361873,-24.276081270279814,20.08893502491794,67.6923076923077,56.42857142857143,85.52626962405516,70142.45,1924417,160065.9,170.0,0.10487547579536294
2019-11-07,6460,6470,6420,6430,64116,154567,6456.0,6416.0,6389.75,6488.416666666667,-2.919199075136021,-20.004704831251058,17.085505756115037,61.42857142857143,55.0,52.95405839367228,70400.2,1860301,159647.8,-7700.0,-4.74526551917519
2019-11-08,6440,6465,6425,6430,53924,152853,6454.0,6425.0,6389.5,6483.333333333333,-1.8925259466104762,-16.38226905432294,14.489743107712464,67.1875,54.642857142857146,51.90829769266182,68907.5,1860301,159356.8,-1714.0,-1.1089042292339202
2019-11-11,6435,6490,6415,6490,89713,158775,6457.0,6434.0,6392.25,6477.5,3.719739620713881,-12.361867319315575,16.081606940029456,72.36842105263158,56.42857142857143,73.59999959219148,70463.65,1950014,159579.95,5922.0,3.8743106121567727
2019-11-12,6485,6530,6480,6520,108684,162431,6466.0,6447.0,6399.0,6472.583333333333,10.467585981202319,-7.795976659211997,18.263562640414314,72.36842105263158,57.5,99.33431995532007,72187.3,2058698,159654.25,3656.0,2.302629507164222
2019-11-13,6520,6550,6510,6545,94227,173014,6483.0,6466.5,6408.75,6468.5,17.629373460431452,-2.7109066352833073,20.34028009571476,75.0,57.857142857142854,100.82891050813843,73571.7,2152925,160095.4,10583.0,6.515381916013574
2019-11-14,6545,6600,6525,6600,102856,180414,6517.0,6486.5,6421.5,6467.583333333333,27.42702036341234,3.316678764455822,24.110341598956516,78.88888888888889,58.92857142857143,108.53534446947442,73755.75,2255781,160753.3,7400.0,4.277110522847871
2019-11-15,6595,6670,6570,6610,141654,184000,6553.0,6503.5,6434.5,6466.5,35.58840160804539,9.771023333173737,25.81737827487165,76.25,58.92857142857143,112.3137491809118,76535.9,2397435,161667.7,3586.0,1.9876506257829218
2019-11-18,6615,6620,6530,6535,95830,179324,6562.0,6509.5,6445.25,6465.0,35.59417435973228,14.935653538485447,20.65852082124683,65.59139784946237,62.857142857142854,71.02744277354606,78889.9,2301605,162462.9,-4676.0,-2.54130434782609
2019-11-19,6525,6575,6525,6555,70470,178199,6569.0,6517.5,6457.0,6462.916666666667,36.788507149688485,19.306224260726054,17.48228288896243,73.03370786516854,60.357142857142854,59.0887775024073,79414.65,2372075,163272.8,-1125.0,-0.6273560705761683
2019-11-20,6555,6600,6545,6600,83830,189584,6580.0,6531.5,6469.5,6461.75,40.894739311054764,23.623927270791796,17.270812040262967,72.72727272727273,60.357142857142854,69.43982666296041,81466.7,2455905,164742.15,11385.0,6.388924741440749
2019-11-21,6600,6605,6560,6595,58487,185836,6579.0,6548.0,6482.0,6460.5,43.24697545672825,27.54853690797909,15.69843854874916,69.1358024691358,58.214285714285715,66.14158788072697,81998.6,2397418,166083.8,-3748.0,-1.9769600810194965
2019-11-22,6595,6600,6570,6595,59642,185765,6576.0,6564.5,6494.75,6460.583333333333,44.597052488732515,30.95824002412978,13.638812464602736,66.21621621621622,56.42857142857143,61.4267737470875,81718.3,2397418,167552.8,-71.0,-0.03820572978324721
2019-11-25,6600,6700,6595,6665,166885,201589,6602.0,6582.0,6508.0,6463.166666666667,50.73062221478904,34.912716462261635,15.817905752527402,71.5909090909091,60.357142857142854,89.172425886367,84945.45,2564303,169902.4,15824.0,8.518289236400832
2019-11-26,6665,6685,6650,6680,86961,199576,6627.0,6598.0,6522.5,6466.416666666667,56.15458000910985,39.161089171631275,16.993490837478575,75.0,60.0,87.54463810494863,86552.65,2651264,172057.1,-2013.0,-0.998566390031197
2019-11-27,6680,6720,6665,6700,121243,198968,6647.0,6613.5,6540.0,6470.5,61.359622953274084,43.60079592795984,17.758827025314247,81.3953488372093,60.357142857142854,90.81695152349502,87675.55,2772507,174334.45,-608.0,-0.30464584920030235
2019-11-28,6700,6905,6690,6830,387739,213411,6694.0,6636.5,6561.5,6477.333333333333,75.10876345991801,49.90238943435147,25.20637402556654,85.71428571428571,72.85714285714286,125.15742733283074,104053.7,3160246,177382.8,14443.0,7.2589562140645825
2019-11-29,6830,6890,6810,6875,154739,210389,6750.0,6663.0,6583.25,6486.166666666667,88.61468535589393,57.644848618659964,30.969836737233962,85.3211009174312,73.21428571428571,120.73916540647258,107435.45,3314985,179952.85,-3022.0,-1.4160469703998424
2019-12-02,6880,6930,6825,6905,197826,215022,6798.0,6700.0,6604.75,6494.916666666667,100.57955652389865,66.2317901997077,34.34776632419094,85.3211009174312,77.14285714285714,109.19510553468402,112886.45,3512811,182404.05,4633.0,2.2021113271130988
2019-12-03,6910,6915,6810,6810,169215,193126,6824.0,6725.5,6621.5,6501.083333333333,101.22918998573823,73.23127015691381,27.997919828824422,71.54471544715447,81.78571428571429,81.91082543443565,118081.25,3343596,183955.5,-21896.0,-10.183144050376235
2019-12-04,6800,6815,6665,6675,230116,165744,6819.0,6733.0,6632.25,6505.083333333333,89.81532229930781,76.54808058539261,13.267241713915197,55.39568345323742,87.14285714285714,32.6098974820587,126907.85,3113480,184129.35,-27382.0,-14.178308461833211
2019-12-05,6685,6730,6660,6705,127438,152121,6794.0,6744.0,6646.0,6509.0,82.24245932789563,77.68695633389322,4.55550299400241,56.64335664335665,85.0,21.619898069557223,130073.95,3240918,184007.05,-13623.0,-8.21930205618303
2019-12-06,6700,6725,6670,6715,82659,145334,6762.0,6756.0,6660.25,6513.583333333333,76.16978937219847,77.38352294155428,-1.21373356935581,63.84615384615385,82.5,19.772182902943108,131510.7,3323577,183631.1,-6787.0,-4.461579926505877
2019-12-09,6725,6800,6710,6765,110455,141780,6734.0,6766.0,6674.0,6519.0,74.53257172175472,76.81333269759438,-2.280760975839655,65.44117647058823,85.35714285714286,38.58695123820046,132547.8,3434032,182781.35,-3554.0,-2.4454016265980427
2019-12-10,6760,6790,6675,6715,133405,113903,6715.0,6769.5,6683.75,6521.916666666667,68.41187331503443,75.13304082108239,-6.721167506047962,58.394160583941606,89.64285714285714,21.06802796126466,133783.85,3300627,180354.95,-27877.0,-19.662152630836506
2019-12-11,6710,6755,6680,6745,82383,101197,6729.0,6774.0,6693.75,6525.833333333333,65.22999424065165,73.15243150499624,-7.922437264344595,60.56338028169014,91.78571428571429,17.492935216539987,133191.65,3383010,176764.1,-12706.0,-11.15510566007919
2019-12-12,6635,6645,6505,6535,183842,187015,6695.0,6744.5,6690.5,6526.25,45.24157053006002,67.570259310009,-22.32868877994899,46.7391304347826,106.78571428571429,-61.68053897001594,137240.95,3199168,177094.15,85818.0,84.80290917714952
2019-12-13,6540,6570,6530,6560,80612,196291,6664.0,6713.0,6688.0,6527.083333333333,31.059853143925466,60.2681780767923,-29.208324932866837,43.99999999999999,102.14285714285714,-62.21337550469708,134188.85,3279780,177708.7,9276.0,4.960029944122124
2019-12-16,6555,6615,6550,6595,115464,207792,6630.0,6682.0,6691.0,6526.583333333333,22.386885355428603,52.69191953251956,-30.30503417709096,45.25139664804469,104.28571428571429,-47.876999843948234,135170.55,3395244,179132.1,11501.0,5.859158086718197
2019-12-17,6595,6600,6535,6560,75770,204832,6599.0,6657.0,6691.25,6525.25,12.544681129620585,44.66247185193977,-32.117790722319185,42.30769230769231,105.0,-58.910688259728076,135435.55,3319474,180463.75,-2960.0,-1.4245014245014231
2019-12-18,6560,6585,6525,6570,91155,205037,6564.0,6646.5,6689.75,6524.666666666667,5.48831393128512,36.827640267808846,-31.339326336523726,33.54430379746836,93.92857142857143,-60.05175253540773,135801.8,3410629,181236.4,205.0,0.10008201843461073
2019-12-19,6570,6615,6560,6610,120583,223233,6579.0,6637.0,6690.5,6526.25,3.08815941485409,30.079744097217898,-26.991584682363808,33.12101910828025,92.14285714285714,-43.93974656730787,138906.6,3531212,183106.25,18196.0,8.874495822705164
2019-12-20,6615,6630,6585,6605,87457,225618,6588.0,6626.0,6691.0,6528.0,0.7736433758855128,24.218523952951422,-23.44488057706591,30.26315789473685,87.85714285714286,-39.16886121482305,140297.35,3443755,185098.9,2385.0,1.0683904261466814
2019-12-23,6605,6610,6505,6510,153901,218785,6571.0,6600.5,6683.25,6527.666666666667,-8.626887918188004,17.649441578723536,-26.27632949691154,30.26315789473685,87.85714285714286,-64.4859452631152,139648.15,3289854,185958.7,-6833.0,-3.0285704154810356
2019-12-24,6500,6535,6490,6525,84336,219576,6564.0,6581.5,6675.5,6528.083333333333,-14.69708322929182,11.180136617120466,-25.877219846412288,38.28125,80.35714285714286,-68.49576879146231,139516.9,3374190,186958.7,791.0,0.36154215325547856
2019-12-25,6535,6535,6480,6495,70210,221547,6549.0,6556.5,6665.25,6528.833333333333,-21.67860852170361,4.608387589355651,-26.28699611105926,33.59375,79.28571428571429,-66.62602540767598,136965.25,3303980,188087.65,1971.0,0.8976390862389438
2019-12-26,6495,6520,6465,6510,76276,224959,6529.0,6554.0,6649.25,6530.25,-25.704833653687274,-1.454256659252934,-24.25057699443434,34.10852713178295,79.28571428571429,-61.99255359576216,121392.1,3380256,188665.05,3412.0,1.540079531656935
2019-12-27,6515,6520,6490,6505,64332,226381,6509.0,6548.5,6630.75,6531.833333333333,-28.965211365029973,-6.9564476004083415,-22.00876376462163,28.33333333333333,75.0,-54.85877046725987,116871.75,3315924,189464.65,1422.0,0.6321151854337792
2019-12-30,6505,6545,6465,6540,105789,234446,6515.0,6543.0,6612.5,6533.083333333333,-28.397527676023856,-11.244663615531445,-17.152864060492412,35.042735042735046,72.5,-47.58006348770448,112269.9,3421713,190435.85,8065.0,3.5625781315569816
2019-12-31,6540,6540,6505,6525,85288,232624,6515.0,6539.5,6598.25,6534.833333333333,-28.82572390057885,-14.760875672540926,-14.064848228037924,30.701754385964904,69.64285714285714,-42.15212871046216,108073.55,3336425,192410.75,-1822.0,-0.7771512416505311
2020-01-02,6520,6530,6485,6500,54491,230632,6516.0,6532.5,6589.5,6536.666666666667,-30.827008989327624,-17.974102335898266,-12.852906653429358,45.45454545454546,55.714285714285715,-47.75639611782561,99292.3,3281934,195655.15,-1992.0,-0.8563174908865823
2020-01-03,6500,6510,6480,6495,72391,229655,6513.0,6521.0,6579.0,6538.25,-32.442522845305575,-20.867786437779728,-11.574736407525847,41.0958904109589,55.0,-48.656977085971505,96539.95,3209543,199531.85,-977.0,-0.4236185785146951
2020-01-06,6495,6590,6480,6545,174761,237376,6521.0,6515.0,6570.5,6540.083333333333,-29.349919480669087,-22.5642130463576,-6.785706434311486,43.421052631578945,58.214285714285715,-19.35123264228664,101145.05,3384304,204133.95,7721.0,3.3619995210206532
2020-01-07,6540,6545,6495,6510,86013,230968,6515.0,6515.0,6557.75,6541.333333333333,-29.38449041173044,-23.92826851943217,-5.45622189229827,43.421052631578945,57.142857142857146,-30.276791455541602,99922.95,3298291,208593.35,-6408.0,-2.6995146939875925
2020-01-08,6515,6570,6510,6565,115493,235940,6523.0,6519.0,6550.25,6544.333333333333,-24.689245523966747,-24.08046392033909,-0.6087816036276585,49.411764705882355,57.142857142857146,0.15577911475941392,99027.35,3413784,214695.2,4972.0,2.1526791590176897
2020-01-09,6550,6565,6510,6515,101071,227837,6526.0,6521.0,6538.75,6547.083333333333,-24.71787992216923,-24.207947120705118,-0.5099328014641138,39.08045977011495,57.142857142857146,-12.56130330348485,99961.75,3312713,221027.2,-8103.0,-3.4343477155208912
2020-01-10,6515,6625,6510,6620,128599,269917,6551.0,6532.0,6543.0,6551.666666666667,-16.08256066238846,-22.582869829041787,6.500309166653327,51.4018691588785,62.142857142857146,66.09283435105905,97199.6,3441312,225172.3,42080.0,18.469344311942315
2020-01-13,6620,6635,6515,6525,189496,238111,6547.0,6534.0,6541.25,6554.583333333333,-16.71206767352942,-21.408709397939315,4.696641724409897,51.4018691588785,63.214285714285715,26.897303591169596,102643.8,3251816,227263.3,-31806.0,-11.783622372803492
2020-01-14,6530,6540,6480,6490,90500,223066,6543.0,6529.0,6536.0,6557.416666666667,-19.80684305065097,-21.088336128481647,1.2814930778306781,46.846846846846844,64.28571428571429,-47.98963090681118,101395.6,3161316,228027.0,-15045.0,-6.318481716510371
2020-01-15,6490,6500,6455,6485,95524,217501,6527.0,6525.0,6532.25,6560.166666666667,-22.404666003660168,-21.35160210351735,-1.053063900142817,49.05660377358491,63.57142857142857,-73.27127272698844,102383.3,3065792,228660.45,-5565.0,-2.4947773304761833
2020-01-16,6485,6500,6455,6480,84185,207681,6520.0,6523.0,6527.75,6562.333333333333,-24.58353394685855,-21.99798847218559,-2.585545474672962,47.11538461538462,62.857142857142854,-67.46990382628822,102034.8,2981607,228792.65,-9820.0,-4.514921770474622
2020-01-17,6485,6490,6460,6475,57764,202426,6491.0,6521.0,6521.0,6564.5,-26.409330381593463,-22.880256854067166,-3.5290735275262968,47.11538461538462,62.857142857142854,-67.36727907470126,98893.85,2923843,227752.3,-5255.0,-2.5303229472123157
2020-01-20,6480,6510,6470,6470,68333,197607,6480.0,6513.5,6514.25,6566.666666666667,-27.9376970426365,-23.891744891781038,-4.045952150855463,42.857142857142854,60.0,-55.104142715843,97937.65,2855510,226351.75,-4819.0,-2.380623042494545
2020-01-21,6470,6515,6460,6475,98487,193538,6477.0,6510.0,6512.5,6567.916666666667,-28.41789659709775,-24.79697523284438,-3.6209213642533697,44.79166666666667,61.42857142857143,-49.83511999026402,95166.95,2953997,225089.4,-4069.0,-2.0591375811585655
2020-01-22,6475,6495,6435,6475,108687,183939,6475.0,6501.0,6510.0,6569.333333333333,-28.470270645783785,-25.531634315432264,-2.938636330351521,47.252747252747255,62.5,-67.8767626681808,96384.5,2953997,223307.55,-9599.0,-4.959749506556854
2020-01-23,6475,6485,6430,6450,67918,179323,6469.0,6494.5,6507.75,6571.0,-30.18115891018624,-26.46153923438306,-3.7196196758031803,45.26315789473684,64.28571428571429,-79.6140096772521,96269.9,2886079,221196.35,-4616.0,-2.509527615133278
2020-02-03,6165,6205,6070,6145,172502,149794,6403.0,6447.0,6489.5,6566.75,-55.50813793317866,-32.270858974142186,-23.237278959036473,22.602739726027394,83.57142857142857,-197.3148815792234,101081.2,2713577,217438.1,-29529.0,-16.46693396831416
2020-02-04,6130,6240,6115,6180,136942,147948,6345.0,6412.5,6473.25,6562.416666666667,-71.92661850181139,-40.202010879676024,-31.724607622135366,27.39726027397259,88.92857142857143,-131.08649205225814,104711.7,2850519,213516.45,-1846.0,-1.2323591065062645
2020-02-05,6185,6250,6175,6205,90955,147779,6291.0,6384.0,6456.5,6557.916666666667,-81.97612187037794,-48.55683307781641,-33.41928879256153,24.285714285714292,90.0,-98.1317010252588,103970.0,2941474,209183.1,-169.0,-0.11422932381647266
2020-02-06,6225,6250,6190,6245,74722,158870,6245.0,6360.0,6442.5,6554.083333333333,-85.72458038568857,-55.99038253939084,-29.734197846297725,30.434782608695656,90.35714285714286,-79.45258898035799,103441.7,3016196,205495.4,11091.0,7.505125897454978
2020-02-07,6240,6245,6215,6230,41770,159576,6201.0,6335.0,6429.0,6550.25,-88.88106975938535,-62.56851998338975,-26.312549775995606,17.5,84.28571428571429,-70.03334744160118,102805.65,2974426,201942.6,706.0,0.4443884937370246
2020-02-10,6215,6255,6195,6235,67816,165612,6219.0,6311.0,6416.0,6547.0,-89.94235266174746,-68.0432865190613,-21.899066142686166,21.568627450980387,80.0,-63.31201231781293,102576.9,3042242,198740.45,6036.0,3.7825236877725876
2020-02-11,6240,6295,6230,6290,96887,176645,6241.0,6293.0,6403.25,6544.666666666667,-85.36139365178406,-71.50690794560585,-13.85448570617821,31.132075471698116,80.35714285714286,-44.06660537042186,98683.2,3139129,195703.9,11033.0,6.661956863029239
2020-02-12,6285,6330,6275,6285,86006,181919,6257.0,6274.0,6392.0,6541.25,-81.19840418640706,-73.4452071937661,-7.753196992640966,31.132075471698116,81.07142857142857,-32.110881390285854,98682.85,3053123,193251.45,5274.0,2.9856491833904153
2020-02-13,6290,6305,6255,6285,65576,184643,6265.0,6255.0,6378.0,6537.333333333333,-77.01146481397336,-74.15845871780755,-2.8530060961658137,31.42857142857143,81.42857142857143,-33.32523379842495,96187.0,3053123,190686.6,2724.0,1.497369708496632
2020-02-14,6285,6335,6265,6320,82945,194096,6283.0,6242.0,6368.25,6533.583333333333,-70.06145288612333,-73.33905755147072,3.2776046653473827,36.036036036036045,84.28571428571429,-21.40046540660506,95280.7,3136068,188999.55,9453.0,5.11960919179173
2020-02-17,6305,6320,6270,6300,81044,193366,6296.0,6257.5,6352.25,6528.583333333333,-65.41330732571532,-71.75390750631963,6.340600180604312,35.08771929824562,85.0,-21.185239909438305,92902.95,3055024,185172.0,-730.0,-0.37610254719314673
2020-02-18,6315,6320,6285,6295,62104,194064,6297.0,6269.0,6340.75,6523.333333333333,-61.42500744419067,-69.68812749389384,8.263120049703176,34.21052631578948,83.57142857142857,-16.114202771877764,86533.35,2992920,182969.65,698.0,0.3609734906860673
2020-02-19,6290,6305,6250,6260,83837,192903,6292.0,6274.5,6329.25,6518.75,-60.39229377696665,-67.82896075050841,7.436666973541762,32.231404958677686,83.21428571428571,-23.955568021385197,86200.2,2909083,181461.5,-1161.0,-0.5982562453623497
2020-02-20,6275,6315,6265,6315,103052,207442,6298.0,6281.5,6320.75,6514.75,-54.5074919718536,-65.16466699477746,10.657175022923866,39.37007874015748,83.21428571428571,-9.22327705625885,86576.6,3012135,180958.55,14539.0,7.536948621846218
2020-02-21,6305,6350,6305,6340,111270,212068,6302.0,6292.5,6313.75,6510.416666666667,-47.28142227301214,-61.588018050424395,14.306595777412255,77.46478873239437,59.285714285714285,9.38034139986225,87930.85,3123405,181177.9,4626.0,2.2300209215105893
2020-02-24,6320,6340,6280,6330,97793,225257,6308.0,6302.0,6306.5,6506.0,-41.87887282493921,-57.646189005327365,15.767316180388157,72.72727272727272,54.642857142857146,6.480835739006462,89932.3,3025612,182319.45,13189.0,6.219231567233141
2020-02-25,6305,6360,6290,6340,105476,237201,6317.0,6307.0,6300.0,6501.75,-36.37113325365772,-53.39117785499344,17.02004460133572,71.42857142857143,54.285714285714285,18.818012512310027,91789.45,3131088,184299.15,11944.0,5.302387939109554
2020-02-26,6320,6355,6310,6315,65349,228839,6328.0,6310.0,6292.0,6495.916666666667,-33.635768823124636,-49.44009604861968,15.804327225495044,61.666666666666664,53.214285714285715,24.298755759527523,90132.55,3065739,186064.2,-8362.0,-3.5252802475537637
2020-02-27,6315,6330,6290,6295,82030,213564,6324.0,6311.0,6283.0,6489.5,-32.70480502344071,-46.093037843583886,13.388232820143173,60.65573770491803,53.92857142857143,18.590236960539574,88799.7,2983709,187545.45,-15275.0,-6.674998579787539
2020-02-28,6280,6280,6215,6230,125455,210332,6302.0,6302.0,6272.0,6481.666666666667,-36.7878982855309,-44.23200993197329,7.444111646442387,49.31506849315068,55.357142857142854,-26.250594172353445,91676.55,2858254,189095.9,-3232.0,-1.5133636755258362
2020-03-02,6210,6285,6210,6260,111421,201815,6288.0,6298.0,6277.75,6472.166666666667,-37.174505276791024,-42.82050900093684,5.646003724145814,45.588235294117645,56.07142857142857,-26.777491951582718,88622.5,2969675,191696.95,-8517.0,-4.0493125154517635
2020-03-03,6285,6315,6260,6270,102972,198083,6274.0,6295.5,6282.25,6462.083333333333,-36.25604060866954,-41.50761532248338,5.251574713813845,47.82608695652174,56.07142857142857,1.8976090742519576,86924.0,3072647,194203.7,-3732.0,-1.8492183435324439
2020-03-04,6270,6280,6245,6270,66245,197989,6265.0,6296.5,6285.5,6451.5,-35.123271531267164,-40.230746564240135,5.107475032972971,47.82608695652174,55.0,-26.680346475543733,85688.5,3072647,196714.2,-94.0,-0.04745485478309108
2020-03-05,6275,6280,6235,6255,64639,196251,6257.0,6290.5,6286.0,6442.25,-35.03209038479781,-39.191015328351675,4.158924943553863,40.0,53.214285714285715,-43.55134125371248,85184.35,3008008,198583.25,-1738.0,-0.8778265459192136
2020-03-06,6250,6250,6210,6230,72274,194415,6257.0,6279.5,6286.0,6434.833333333333,-36.555728057681335,-38.66395787421761,2.108229816536273,39.39393939393939,52.857142857142854,-85.40247999601925,86709.55,2935734,200325.2,-1836.0,-0.9355366342082339
2020-03-09,6025,6130,5995,6080,232734,201070,6221.0,6254.5,6278.25,6424.416666666667,-49.29868374945363,-40.79090304926481,-8.507780700188817,27.36842105263159,67.14285714285714,-182.79515585698118,94955.45,2703000,202098.1,6655.0,3.4230897821670103
2020-03-10,6080,6210,6075,6190,149668,181072,6205.0,6239.5,6273.25,6415.666666666667,-49.94574380711583,-42.62187120083502,-7.3238726062808155,43.63636363636363,72.85714285714286,-89.56501989632305,97594.5,2852668,202319.45,-19998.0,-9.945790023374945
2020-03-11,6190,6235,6190,6220,100262,182217,6195.0,6230.0,6270.0,6406.583333333333,-47.49035503397772,-43.595567967463566,-3.894787066514155,40.952380952380956,72.14285714285714,-40.597563836743575,98307.3,2952930,202334.35,1145.0,0.6323451444729233
2020-03-12,6210,6230,6175,6210,95366,179099,6186.0,6221.5,6266.25,6398.166666666667,-45.82313756175881,-44.041081886322615,-1.7820556754361974,37.254901960784316,72.85714285714286,-44.50319791572062,99796.8,2857564,202057.15,-3118.0,-1.7111465999330444
2020-03-13,6185,6245,6155,6235,97572,170586,6187.0,6222.0,6262.0,6389.666666666667,-42.00041005433104,-43.6329475199243,1.6325374655932592,40.952380952380956,75.0,-35.66347172233177,100528.15,2955136,200881.65,-8513.0,-4.753237036499369
2020-03-16,6225,6260,6190,6195,88307,165942,6210.0,6215.5,6256.75,6384.0,-41.71764166470166,-43.24988634887977,1.53224468417811,36.936936936936945,75.0,-29.958665465987355,100891.3,2866829,199510.45,-4644.0,-2.7223805001582835
2020-03-17,6170,6205,6165,6165,76081,160100,6205.0,6205.0,6250.25,6377.416666666667,-43.41384715243112,-43.28267850959004,-0.1311686428410752,36.60714285714286,74.64285714285714,-52.523979672936285,101590.15,2790748,197812.25,-5842.0,-3.5205071651540853
2020-03-18,6150,6165,6050,6055,120748,152462,6172.0,6183.5,6240.0,6368.416666666667,-53.02296715390003,-45.23073623845204,-7.792230915447988,31.538461538461533,80.0,-99.58889777553766,103435.7,2670000,195790.2,-7638.0,-4.77076826983136
2020-03-19,6030,6040,5875,5945,229275,129037,6119.0,6152.5,6221.5,6358.166666666667,-68.72215841255729,-49.929020673273094,-18.793137739284198,29.496402877697832,87.14285714285714,-138.53023945813968,109746.85,2440725,191869.95,-23425.0,-15.364484264931589
2020-03-20,5995,6045,5895,5965,127020,123589,6065.0,6126.0,6202.75,6348.083333333333,-78.64349448800112,-55.671915436218704,-22.97157905178242,28.46715328467154,92.5,-108.36916524717533,110534.35,2567745,187446.0,-5448.0,-4.222044839852135
2020-03-23,5875,5875,5730,5730,164152,115635,5972.0,6091.0,6172.75,6333.416666666667,-104.26683762986613,-65.39089987494819,-38.87593775491794,20.329670329670336,105.35714285714286,-141.34998110523014,113852.3,2403593,181964.9,-7954.0,-6.435847850536858
2020-03-24,5740,5795,5575,5680,227756,112483,5875.0,6040.0,6139.75,6318.0,-127.1424843919558,-77.74121677834971,-49.401267613606095,19.270833333333343,118.57142857142857,-132.37698438288686,119966.3,2175837,175729.0,-3152.0,-2.7258183076058318
2020-03-25,5700,5715,5520,5615,184613,114748,5787.0,5979.5,6104.75,6303.083333333333,-148.80126764553643,-91.95322695178706,-56.84804069374937,18.316831683168303,129.28571428571428,-120.2323228524382,125929.5,1991224,170024.45,2265.0,2.013637616350916
2020-03-26,5600,5605,5450,5455,147931,108417,5689.0,5904.0,6062.75,6285.25,-176.83819164597026,-108.9302198906237,-67.90797175534655,16.15720524017466,137.85714285714286,-117.93617940195718,129224.55,1843293,164767.1,-6331.0,-5.517307491198109
2020-03-27,5420,5460,5320,5390,183737,90481,5574.0,5819.5,6020.75,6266.833333333333,-201.9743777813992,-127.53905146877881,-74.43532631262039,17.452830188679243,131.07142857142858,-113.7322183413521,132138.65,1659556,158774.55,-17936.0,-16.543530996061506
2020-03-30,5295,5295,5115,5115,140194,77101,5451.0,5711.5,5963.5,6243.583333333333,-241.3035905338702,-150.2919592817971,-91.0116312520731,6.122448979591837,141.07142857142858,-119.87076746571763,133577.3,1519362,152538.85,-13380.0,-14.78763497308827
2020-03-31,5105,5250,4970,5015,174624,71843,5318.0,5596.5,5900.75,6218.75,-277.3443858181836,-175.7024445890744,-101.6419412291092,3.474903474903485,157.85714285714286,-109.93661211557985,137159.9,1344738,146226.85,-5258.0,-6.819626204588792
2020-04-01,5005,5145,4950,5130,260890,165993,5221.0,5504.0,5843.75,6195.25,-293.24706718545804,-199.2113691083511,-94.03569807710693,11.428571428571416,167.85714285714286,-94.18942128335136,146892.15,1605628,144627.05,94150.0,131.04964993109976
2020-04-02,5135,5290,5095,5230,299537,179194,5176.0,5432.5,5792.5,6173.666666666667,-294.38737803234926,-218.24657089315076,-76.1408071391985,15.932203389830505,175.35714285714286,-69.93581986073981,158637.05,1905165,143774.2,13201.0,7.952744995270877
2020-04-03,5260,5395,5240,5315,313033,178565,5161.0,5367.5,5746.75,6153.916666666667,-285.14531527099825,-231.6263197687203,-53.51899550227796,21.05263157894737,182.14285714285714,-51.389215303886935,170675.0,2218198,142981.7,-629.0,-0.35101621706083996
2020-04-07,5405,5495,5390,5490,185067,185225,5236.0,5343.5,5717.25,6137.166666666667,-260.69474968565464,-237.4400057521072,-23.254743933547445,29.729729729729726,192.14285714285714,-31.305399763761734,168291.65,2403265,142189.45,6660.0,3.7297342704337266
2020-04-08,5450,5495,5355,5430,207101,185292,5319.0,5318.5,5679.25,6118.583333333333,-243.3537681052785,-238.62275822274145,-4.731009882537052,30.650154798761605,193.92857142857142,-31.315134163678923,171163.3,2196164,142400.45,67.0,0.036172222972052914
2020-04-09,5475,5535,5385,5430,193613,199164,5379.0,5300.0,5639.75,6100.583333333333,-226.99426666076488,-236.29705991034615,9.30279324958127,32.89036544850498,191.78571428571428,-24.883478782303747,175830.85,2196164,143247.8,13872.0,7.486561751181919
2020-04-10,5340,5490,5305,5460,239085,208043,5425.0,5300.5,5602.25,6082.166666666667,-209.19700180639302,-230.87704828955555,21.680046483162528,33.33333333333333,194.28571428571428,-25.14256898420631,183016.8,2435249,144695.0,8879.0,4.458135004318042
2020-04-13,5520,5760,5455,5490,494300,213159,5460.0,5310.5,5565.0,6065.083333333333,-190.47610197112863,-222.79685902587016,32.320757054741534,40.839694656488554,199.28571428571428,-1.2867772938228677,202853.2,2929549,146823.65,5116.0,2.4591070115312696
2020-04-14,5505,5515,5355,5430,282745,204397,5448.0,5342.0,5526.75,6045.25,-178.42438726291766,-213.92236467327967,35.49797741036201,40.53030303030303,195.0,-16.38527932511284,212575.1,2646804,148746.4,-8762.0,-4.110546587289299
2020-04-15,5380,5510,5370,5435,210218,206435,5449.0,5384.0,5490.25,6027.083333333333,-166.54997389023902,-204.44788651667156,37.89791262643254,42.857142857142854,191.07142857142858,-11.123754544291753,219281.95,2857022,151063.15,2038.0,0.997079213491392
2020-04-16,5405,5465,5380,5400,155036,208639,5443.0,5411.0,5457.5,6008.916666666667,-158.1406759613301,-195.18644440560328,37.04576844427319,47.57709251101321,185.35714285714286,-10.632591348847104,220996.35,2701986,153872.0,2204.0,1.0676484123331775
2020-04-17,5410,5480,5350,5420,202405,203888,5435.0,5430.0,5431.25,5991.166666666667,-148.1545801371267,-185.78007155190798,37.625491414781294,51.37614678899082,184.64285714285714,-5.490269162050987,219652.85,2904391,157614.55,-4751.0,-2.2771389816860665
2020-04-20,5420,5445,5350,5405,152731,207010,5418.0,5439.0,5403.25,5973.25,-139.8389258003608,-176.59184240159857,36.75291660123776,67.46987951807229,171.78571428571428,-3.410580090599996,220938.4,2751660,161785.6,3122.0,1.5312328337126369
2020-04-21,5355,5385,5250,5325,281651,209001,5397.0,5422.5,5383.0,5954.083333333333,-138.11197239348894,-168.89586839997665,30.78389600648771,69.1358024691358,162.85714285714286,-21.71910982887644,226813.35,2470009,166453.9,1991.0,0.9617892855417587
2020-04-22,5250,5310,5190,5265,294886,205339,5363.0,5406.0,5362.25,5934.0,-139.97134539501712,-163.11096379898476,23.13961840396763,58.94039735099338,158.57142857142858,-38.569257802876514,230169.85,2175123,171096.7,-3662.0,-1.7521447265802514
2020-04-23,5320,5375,5295,5355,222731,198522,5354.0,5398.5,5349.25,5915.333333333333,-132.65351688743976,-157.01947441667576,24.365957529236,58.38926174496645,152.5,-4.6840381955702615,232075.75,2397854,175285.4,-6817.0,-3.319875912515402
2020-04-24,5350,5420,5330,5330,140998,193436,5336.0,5385.5,5343.0,5896.25,-127.40275646825557,-151.09613082699173,23.69337435873615,51.0948905109489,147.14285714285714,4.979728528146773,231729.1,2256856,179536.35,-5086.0,-2.5619326825238486
2020-04-27,5355,5470,5345,5410,140917,191321,5337.0,5377.5,5344.0,5878.916666666667,-115.45526318862994,-143.96795729931938,28.512694110689438,43.22033898305085,144.28571428571428,23.191569846857888,229588.1,2397773,184578.35,-2115.0,-1.0933848921607092
2020-04-28,5375,5445,5375,5425,157204,198777,5357.0,5377.0,5359.5,5866.916666666667,-103.58238083919605,-135.8908420072947,32.30846116809866,49.54128440366973,139.28571428571428,22.139123854243334,230438.6,2554977,190662.15,7456.0,3.8971153192801644
2020-04-29,5430,5485,5375,5460,161862,196130,5396.0,5379.5,5381.75,5854.916666666667,-90.30781625386408,-126.7742368566086,36.46642060274452,52.58620689655173,136.42857142857142,29.1926244784848,229800.5,2716839,196876.5,-2647.0,-1.3316429969262078
2020-04-30,5500,5520,5440,5485,138635,186242,5422.0,5388.0,5399.5,5842.916666666667,-76.88406546759143,-116.79620257880518,39.91213711121375,52.17391304347826,128.92857142857142,51.46709985707896,223687.75,2855474,197888.95,-9888.0,-5.041554071279252
2020-05-06,5615,5700,5555,5680,151907,186485,5492.0,5414.0,5422.0,5833.5,-49.935154561337185,-103.42399297531159,53.488838413974406,62.83783783783784,122.5,131.76334754604525,216306.25,3007381,198253.5,243.0,0.13047540297033144
2020-05-07,5675,5740,5635,5665,152303,190288,5543.0,5440.0,5439.5,5824.083333333333,-29.448855081379406,-88.62896539652516,59.180110315145754,66.90647482014388,118.57142857142857,121.344621520463,208269.75,2855078,198839.65,3803.0,2.039306110411032
2020-05-08,5705,5805,5660,5790,178009,208760,5616.0,5486.5,5454.5,5816.666666666667,-3.091226086183269,-71.52141753445677,68.4301914482735,71.77914110429448,118.92857142857143,122.61764167937463,207916.85,3033087,200016.4,18472.0,9.707390902211376
2020-05-11,5765,5840,5720,5745,205002,209222,5673.0,5534.5,5470.25,5807.583333333333,14.004821999355045,-54.416169627694416,68.42099162704946,70.9090909090909,121.42857142857143,106.18994701156426,207811.9,2828085,201212.9,462.0,0.22130676374785274
2020-05-12,5765,5765,5650,5670,151928,208395,5710.0,5566.0,5482.25,5797.333333333333,21.25665657350237,-39.28160438745506,60.53826096095743,64.20454545454545,120.35714285714286,71.33854126952104,205727.65,2676157,201674.45,-827.0,-0.39527391956868385
2020-05-13,5690,5710,5630,5680,123690,211205,5710.0,5601.0,5493.25,5787.25,27.493773045286616,-25.926528900906725,53.42030194619334,65.71428571428572,119.28571428571429,57.821843222116875,199957.9,2799847,201832.55,2810.0,1.3484008733414932
2020-05-14,5705,5755,5665,5730,117562,212204,5723.0,5633.0,5505.25,5777.416666666667,36.05568739730825,-13.53008564126373,49.58577303857198,73.96449704142012,114.64285714285714,66.42009202288116,181121.0,2917409,201784.8,999.0,0.47300016571576453
2020-05-15,5720,5860,5720,5820,182211,214548,5729.0,5672.5,5524.75,5769.416666666667,49.532336107326046,-0.9176012915457754,50.449937398871825,81.71428571428572,115.0,80.55035700490724,176094.3,3099620,202292.35,2344.0,1.1045974628187905
2020-05-18,5820,5920,5795,5885,163501,218482,5757.0,5715.0,5547.25,5762.583333333333,64.7116781324703,12.20825459325744,52.50342353921286,81.17647058823529,116.07142857142857,86.12551433550765,173758.45,3263121,202894.7,3934.0,1.8336223129556073
2020-05-19,5910,5990,5865,5880,163747,211571,5799.0,5754.5,5571.25,5756.25,75.46800959795473,24.8602055941969,50.607804003757835,83.13253012048193,118.57142857142857,84.93884354166997,174194.0,3099374,203041.3,-6911.0,-3.1631896449135444
2020-05-20,5915,5985,5850,5965,131319,209613,5856.0,5783.0,5598.5,5750.416666666667,89.81592730341436,37.85134993604039,51.96457736737396,83.23353293413174,118.21428571428571,79.09717042005215,170639.7,3230693,203327.55,-1958.0,-0.9254576477872645
2020-05-21,5975,6085,5970,6055,169480,209604,5921.0,5822.0,5631.0,5745.666666666667,107.21311721734037,51.72370339230039,55.489413825039975,84.61538461538461,121.78571428571429,88.93969998478279,171477.15,3400173,203457.25,-9.0,-0.004293626826579189
2020-05-22,6060,6125,5950,6020,264147,214644,5961.0,5845.0,5665.75,5740.5,116.82956951779579,64.74487661739948,52.084692900396306,80.76923076923077,126.42857142857143,78.38105662740246,170601.95,3136026,203739.4,5040.0,2.4045342646132672
2020-05-25,6035,6155,6005,6070,214136,216808,5998.0,5877.5,5706.0,5736.0,127.0210399011412,77.20010927414783,49.82093062699336,81.28342245989305,131.42857142857142,80.1599988201028,166564.45,3350162,204312.85,2164.0,1.008180988054641
2020-05-26,6070,6120,6050,6090,133363,215509,6040.0,5919.5,5742.75,5732.25,135.15371852169756,88.79083112365778,46.362887398039774,76.97368421052632,121.07142857142857,74.66350180027808,162096.05,3483525,205162.2,-1299.0,-0.599147632928676
2020-05-27,6090,6105,6040,6080,139800,212912,6063.0,5959.5,5780.25,5728.666666666667,139.1875411614883,98.8701731312239,40.317368030264404,77.48344370860927,118.21428571428571,66.31634500285615,162036.15,3343725,206136.0,-2597.0,-1.2050540812680643
2020-05-28,6080,6090,5960,6025,201914,203441,6057.0,5989.0,5811.0,5725.25,136.3742963218765,106.37099776935443,30.003298552522068,67.15328467153284,117.14285714285714,50.89020800746333,165086.0,3141811,206742.0,-9471.0,-4.448316675433983
2020-05-29,6035,6085,5995,6040,146221,198264,6061.0,6011.0,5841.75,5721.583333333333,133.81264527862731,111.85932727120901,21.953318007418304,72.51908396946564,115.0,50.59173986666058,164536.85,3288032,206716.35,-5177.0,-2.544718124665135
2020-06-01,6055,6280,6035,6210,322730,209341,6089.0,6043.5,5879.25,5720.583333333333,143.8419768512531,118.25585718721783,25.586119664035266,86.0,124.28571428571429,78.72822085495513,172580.25,3610762,207376.9,11077.0,5.586995117620952
2020-06-02,6210,6340,6190,6315,237320,227864,6134.0,6087.0,5920.75,5721.333333333333,158.43655883150223,126.2919975160747,32.144561315427524,87.57396449704142,129.28571428571428,97.46999087269427,177514.5,3848082,209458.0,18523.0,8.848242819132413
2020-06-03,6330,6370,6290,6300,179367,229290,6178.0,6120.5,5951.75,5722.083333333333,166.86893435640923,134.4073848841416,32.46154947226762,85.18518518518519,128.57142857142858,93.92738882673999,178887.5,3668715,211598.25,1426.0,0.6258118877927155
2020-06-04,6280,6310,6215,6235,219684,221964,6220.0,6138.5,5980.25,5722.166666666667,166.38867091459633,140.80364209023256,25.585028824363775,76.43312101910828,125.35714285714286,69.63406077209635,182256.55,3449031,213182.05,-7326.0,-3.1950804657856824
2020-06-05,6245,6320,6245,6280,118011,217334,6268.0,6164.5,6004.75,5725.5,167.70597253808046,146.18410817980214,21.52186435827832,75.81699346405229,122.5,68.77720263709557,179256.65,3567042,213610.75,-4630.0,-2.0859238435061545
2020-06-08,6310,6340,6235,6310,194578,213575,6288.0,6188.5,6033.0,5727.5,169.22002967855224,150.79129247955217,18.428737199000068,77.21518987341771,121.07142857142857,64.8773532852825,178735.45,3761620,213828.4,-3759.0,-1.7295959214849055
2020-06-09,6310,6325,6260,6300,143944,213868,6285.0,6209.5,6064.5,5728.833333333333,167.68010259854054,154.16905450334986,13.511048095190688,73.42657342657343,116.07142857142857,59.7950006058553,178336.25,3617676,214102.05,293.0,0.13718834133209512
2020-06-10,6300,6405,6285,6315,188373,218118,6288.0,6233.0,6096.25,5730.583333333333,165.75930385951688,156.48710437458328,9.272199484933594,70.3125,116.07142857142857,65.86792804539321,181570.4,3806049,214447.7,4250.0,1.9872070623001115
2020-06-11,6320,6350,6255,6260,166919,214016,6293.0,6256.5,6122.75,5731.0,157.9779452593184,156.7852725515303,1.1926727077880912,68.18181818181819,110.35714285714286,50.32182600548274,184038.25,3639130,214538.3,-4102.0,-1.8806334186082796
2020-06-12,6230,6340,6150,6340,240142,210795,6305.0,6286.5,6148.75,5733.416666666667,156.4628871507948,156.7207954713832,-0.25790832058839896,69.56521739130434,113.21428571428571,43.54301876403386,186934.8,3879272,214350.65,-3221.0,-1.5050276614832492
2020-06-15,6340,6365,6255,6285,169145,208846,6300.0,6294.0,6168.75,5735.416666666667,149.1053585797199,155.19770809305055,-6.092349513330646,63.44827586206897,116.07142857142857,48.120999487275796,187217.0,3710127,213868.85,-1949.0,-0.9245949856495628
2020-06-16,6290,6370,6260,6345,172434,202991,6309.0,6297.0,6192.0,5740.25,146.42803153879595,153.44377278219963,-7.015741243403681,67.09677419354838,119.28571428571429,52.514597998691684,187651.35,3882561,213439.85,-5855.0,-2.803501144383902
2020-06-17,6350,6390,6265,6330,128183,198324,6312.0,6300.0,6210.25,5746.666666666667,141.46513392509496,151.0480450107787,-9.582911085683747,70.74829931972789,118.92857142857143,50.42308796484382,187494.55,3754378,212875.4,-4667.0,-2.299116709607818
2020-06-18,6330,6340,6230,6250,185827,189173,6310.0,6301.5,6220.0,5751.416666666667,129.58291916877533,146.75501984237803,-17.1721006736027,63.125,120.35714285714286,23.983774248205023,188311.9,3568551,211853.85,-9151.0,-4.614166717089208
2020-06-19,6250,6270,6185,6245,170502,187487,6291.0,6298.0,6231.25,5760.0,118.39790283070397,141.08359644004324,-22.685693609339268,52.75590551181102,108.92857142857143,2.3560124448026123,183629.65,3398049,210496.0,-1686.0,-0.8912476939098024
2020-06-22,6235,6255,6130,6190,182564,188416,6272.0,6286.0,6237.25,5768.5,103.89798515465736,133.64647418296607,-29.74848902830871,39.31623931623932,107.14285714285714,-21.118837374250877,182051.05,3215485,209076.4,929.0,0.4955010214041433
2020-06-23,6190,6195,6140,6165,100685,186771,6236.0,6272.5,6241.0,5777.666666666667,89.35932617593335,124.78904458155954,-35.42971840562619,38.65546218487395,105.35714285714286,-37.302519028329314,180417.15,3114800,207639.5,-1645.0,-0.8730681046195676
2020-06-24,6180,6195,6130,6170,119084,180797,6204.0,6258.0,6245.5,5789.583333333333,77.3491594413108,115.3010675535098,-37.95190811219899,43.92523364485981,103.21428571428571,-43.30675867677359,179381.35,3233884,206033.75,-5974.0,-3.1985693710479657
2020-06-29,6140,6230,6060,6110,162284,179852,6176.0,6243.0,6249.75,5801.583333333333,62.27168796043861,104.69519163489556,-42.42350367445695,34.54545454545455,109.28571428571429,-73.23320321591645,177399.85,3071600,204854.3,-945.0,-0.522685664032041
2020-06-30,6135,6205,6110,6180,126766,178267,6163.0,6227.0,6256.75,5819.333333333333,55.33325089752725,94.82280348742191,-39.48955258989466,38.983050847457626,108.57142857142857,-69.07587943162592,176427.1,3198366,203854.45,-1585.0,-0.8812801636901457
2020-07-01,6165,6205,6130,6160,94626,175781,6157.0,6214.5,6254.25,5838.416666666667,47.67113353031709,85.39246949600096,-37.72133596568386,38.33333333333333,109.28571428571429,-67.97263430312213,165021.9,3103740,202176.45,-2486.0,-1.3945374073720873
2020-07-02,6170,6295,6125,6290,214774,190668,6182.0,6209.0,6253.0,5857.75,51.495159712357236,78.61300753927222,-27.117847826914982,48.25174825174825,112.85714285714286,-11.402210351535205,163894.6,3318514,200316.65,14887.0,8.469060933775552
2020-07-03,6275,6380,6260,6335,161464,188605,6215.0,6209.5,6254.75,5876.166666666667,57.49409578418545,74.38922518825487,-16.895129404069422,55.319148936170215,114.64285714285714,56.05983514778776,162999.45,3479978,198282.4,-2063.0,-1.0819854406612595
2020-07-06,6315,6400,6295,6390,142411,190035,6271.0,6223.5,6262.5,5894.083333333333,65.92637793978611,72.69665573856112,-6.7702777987750125,53.676470588235304,108.57142857142857,74.84837157518663,159135.8,3622389,196685.95,1430.0,0.7581983510511314
2020-07-07,6390,6590,6370,6540,269154,200601,6343.0,6253.0,6275.5,5911.583333333333,83.74738101964704,74.9068007947783,8.84058022486873,66.45161290322581,116.42857142857143,131.13170938703576,166692.95,3891543,195849.3,10566.0,5.56002841581813
2020-07-08,6530,6580,6485,6515,191302,190645,6414.0,6285.5,6285.75,5929.666666666667,94.76101726717752,78.87764408925815,15.883373177919367,61.486486486486484,115.35714285714286,116.90792801238788,166529.15,3700241,194702.8,-9956.0,-4.963085926790001
2020-07-09,6525,6600,6500,6580,175855,194683,6472.0,6327.0,6299.75,5948.833333333333,107.49522210764007,84.60115969293454,22.89406241470553,65.82278481012659,113.57142857142857,108.68005998713562,168124.7,3876096,193743.55,4038.0,2.118072857929665
2020-07-10,6575,6650,6510,6540,276417,186916,6513.0,6364.0,6311.0,5966.833333333333,113.05626325492267,90.29218040533218,22.764082849590494,69.33333333333334,115.71428571428571,95.58146227468816,172526.9,3599679,192183.45,-7767.0,-3.989562519583112
2020-07-13,6560,6760,6545,6720,280173,193405,6579.0,6425.0,6334.0,5987.333333333333,130.48378821926235,98.33050196811821,32.15328625114414,75.67567567567568,125.35714285714286,109.68441173826103,178189.6,3879852,191152.9,6489.0,3.4716129170322407
2020-07-14,6705,6770,6625,6665,192943,190088,6604.0,6473.5,6350.25,6007.916666666667,138.2633728697365,106.31707614844187,31.946296721294615,75.67567567567568,126.78571428571429,95.69233318047671,175829.65,3686909,190117.55,-3317.0,-1.7150539024327172
2020-07-15,6670,6730,6550,6580,197768,182645,6617.0,6515.5,6365.0,6027.0,136.00221129538204,112.25410317782992,23.74810811755212,71.06598984771574,135.71428571428572,68.80246099998378,177260.8,3489141,188807.5,-7443.0,-3.9155549008880075
2020-07-16,6605,6620,6525,6555,190176,175118,6612.0,6542.0,6375.5,6046.25,130.68646121524125,115.9405747853122,14.745886429929058,69.1542288557214,137.85714285714286,50.072825711550266,178147.9,3298965,187413.85,-7527.0,-4.121109255659883
2020-07-17,6535,6560,6470,6510,158912,167652,6606.0,6559.5,6384.5,6064.416666666667,121.44265176538556,117.04099018132686,4.401661584058701,70.20202020202021,132.14285714285714,33.568614408309166,179684.35,3140053,185880.25,-7466.0,-4.263410957183156
2020-07-20,6510,6685,6480,6610,270024,176727,6584.0,6581.5,6402.5,6084.5,120.79359704808667,117.79151155467883,3.002085493407833,71.07843137254902,140.0,48.57230030988727,183894.2,3410077,185257.95,9075.0,5.412998353732723
2020-07-21,6600,6660,6490,6605,215572,167783,6572.0,6588.0,6420.5,6105.833333333333,118.50965278754757,117.93513980125259,0.5745129862949767,72.13930348258707,146.78571428571428,42.449469407854956,186147.7,3194505,184272.75,-8944.0,-5.0609131598454145
2020-07-22,6620,6660,6545,6545,123302,164787,6565.0,6591.0,6438.25,6127.166666666667,110.58337562857741,116.46478696671757,-5.881411338140154,63.63636363636363,142.85714285714286,37.87635363086181,183184.6,3071203,183091.3,-2996.0,-1.7856397847219374
2020-07-23,6545,6630,6520,6540,164217,162346,6562.0,6587.0,6457.0,6146.916666666667,102.71425961367277,113.71468149610861,-11.000421882435845,61.452513966480446,142.14285714285714,29.007421846323375,186361.2,2906986,181870.05,-2441.0,-1.4813061709964992
2020-07-24,6540,6545,6410,6415,215560,149603,6543.0,6574.5,6469.25,6165.0,85.40695493403382,108.05313618369367,-22.646181249659847,51.29533678756477,144.28571428571428,-3.551538116933325,191185.0,2691426,180310.35,-12743.0,-7.849284860729555
2020-07-27,6430,6530,6425,6520,138884,152718,6525.0,6554.5,6489.75,6183.5,79.24987058464103,102.29248306388315,-23.042612479242123,48.913043478260875,136.78571428571428,1.496423546092727,190015.0,2830310,178953.65,3115.0,2.0821774964405737
2020-07-28,6510,6545,6455,6530,125001,151889,6510.0,6541.0,6507.25,6201.916666666667,74.32053246947999,96.69809294500253,-22.377560475522543,50.828729281767956,136.42857142857142,2.109703306641025,189926.75,2955311,177634.75,-829.0,-0.5428305766183472
2020-07-29,6530,6595,6505,6510,135159,150198,6503.0,6534.0,6524.75,6219.416666666667,68.01611619726646,90.96169759545532,-22.945581398188864,45.93023255813954,135.71428571428572,6.260697960123332,191953.4,2820152,176355.6,-1691.0,-1.1133130114754808
2020-07-30,6525,6680,6525,6605,206199,148442,6516.0,6539.0,6540.5,6238.083333333333,69.87999386208685,86.74535684878163,-16.865362986694777,53.55191256830601,137.85714285714286,35.01031342948903,191524.65,3026351,174244.3,-1756.0,-1.1691234237473203
2020-07-31,6605,6635,6520,6610,140965,146560,6555.0,6549.0,6554.25,6253.583333333333,70.94280406829057,83.58484629268342,-12.642042224392853,42.56756756756757,130.35714285714286,23.22517222830046,190499.7,3167316,172142.05,-1882.0,-1.2678352487840328
2020-08-03,6610,6695,6580,6680,164221,142792,6587.0,6556.0,6568.75,6270.5,76.55107070770009,82.17809117568676,-5.627020467986668,50.9933774834437,128.21428571428572,68.26115083525053,191590.2,3331537,169779.9,-3768.0,-2.5709606986899614
2020-08-04,6705,6745,6650,6700,136887,131879,6621.0,6565.5,6576.75,6285.666666666667,81.66807652823172,82.07608824619575,-0.4080117179640297,58.69565217391305,122.14285714285714,92.13914836770691,184976.85,3468424,166343.8,-10913.0,-7.642585018768555
2020-08-05,6680,6790,6655,6750,184647,129099,6669.0,6586.0,6588.5,6302.416666666667,88.73504033032168,83.40787866302094,5.327161667300743,63.63636363636363,125.0,99.03185457788123,184644.1,3653071,163266.5,-2780.0,-2.107992932915781
2020-08-06,6750,6770,6585,6610,144704,115648,6670.0,6593.0,6590.0,6318.083333333333,82.0925186330378,83.1448066570243,-1.052288023986506,56.17283950617284,131.78571428571428,41.87092527710881,183086.55,3508367,159314.75,-13451.0,-10.419135702058114
2020-08-07,6635,6665,6535,6580,169920,103929,6664.0,6609.5,6592.0,6333.083333333333,73.5595740709714,81.22776013981374,-7.6681860688423455,47.972972972972975,126.42857142857143,-1.2008627641453486,177761.7,3338447,155165.4,-11719.0,-10.133335639180963
2020-08-10,6595,6600,6455,6485,131547,99848,6625.0,6606.0,6580.25,6345.666666666667,58.45758532210493,76.67372517627199,-18.216139854167054,42.7710843373494,124.64285714285714,-50.80569288390264,170330.4,3206900,150487.55,-4081.0,-3.9267192025325026
2020-08-11,6510,6555,6480,6535,86013,90251,6592.0,6606.5,6573.75,6357.583333333333,49.94796353513448,71.32857284804449,-21.38060931291001,49.390243902439025,121.78571428571429,-39.73889383852467,164983.9,3292913,145495.7,-9597.0,-9.611609646662933
2020-08-12,6510,6590,6470,6525,112902,80448,6547.0,6608.0,6571.0,6368.25,41.913952579131546,65.4456487942619,-23.531696215130353,49.090909090909086,122.5,-32.8000902060143,160740.6,3180011,140385.85,-9803.0,-10.86192950770628
2020-08-13,6520,6605,6490,6525,110772,70023,6530.0,6600.0,6569.5,6379.0,35.14184766967992,59.384888569345506,-24.243040899665587,57.857142857142854,121.07142857142857,-23.378446940556117,156770.4,3180011,135131.1,-10425.0,-12.958681384248205
2020-08-14,6500,6580,6490,6560,81266,62825,6526.0,6595.0,6572.0,6388.916666666667,32.22761336546864,53.95343352857014,-21.725820163101496,53.17460317460316,119.28571428571429,-22.402273745123836,152888.1,3261277,129889.75,-7198.0,-10.279479599560148
2020-08-17,6540,6690,6525,6665,70971,52933,6562.0,6593.5,6574.75,6399.083333333333,37.953183487634305,50.753383520382975,-12.80020003274867,59.3103448275862,124.64285714285714,35.93328300954396,142935.45,3332248,123700.05,-9892.0,-15.745324313569443
2020-08-18,6565,6675,6550,6675,173758,176444,6590.0,6591.0,6578.25,6410.0,42.804234911124695,49.16355379853132,-6.359318887406623,61.53846153846153,127.14285714285714,38.334562976012656,140844.75,3506006,124133.1,123511.0,233.33459278710822
2020-08-19,6660,6675,6595,6640,131210,183145,6613.0,6580.0,6583.0,6419.5,43.32509588495759,47.99586221581658,-4.670766330858989,52.671755725190835,120.71428571428571,38.174351827820054,141240.15,3374796,125051.0,6701.0,3.7978055360341045
2020-08-20,6640,6690,6585,6685,144526,186791,6645.0,6587.5,6590.25,6429.416666666667,46.82918814781806,47.76252740221688,-0.9333392543988239,55.39568345323742,120.0,45.54957205163124,140255.6,3519322,126273.25,3646.0,1.990772338857183
2020-08-21,6660,6675,6600,6615,106352,184130,6656.0,6591.0,6600.25,6438.333333333333,43.45684803298991,46.90139152837149,-3.4445434953815806,45.32374100719424,117.85714285714286,26.08909986245557,134795.2,3412970,127999.6,-2661.0,-1.4245868376956072
2020-08-24,6600,6675,6530,6625,152106,183046,6648.0,6605.0,6605.5,6448.333333333333,41.117187281680344,45.74455067903327,-4.627363397352923,44.52554744525547,121.42857142857143,7.57529635386352,135456.3,3565076,129516.0,-1084.0,-0.5887144951936096
2020-08-25,6610,6670,6585,6630,116475,185575,6639.0,6614.5,6610.5,6458.166666666667,39.214408205507425,44.4385221843281,-5.224113978820675,40.625,117.85714285714286,18.286645660348892,135030.0,3681551,131200.3,2529.0,1.3816199206756696
2020-08-26,6630,6740,6610,6695,166636,209032,6650.0,6631.5,6619.75,6466.25,42.46192422040804,44.04320259154409,-1.581278371136051,57.522123893805315,113.92857142857143,56.53096003908838,136603.85,3848187,134142.0,23457.0,12.64017243702007
2020-08-27,6680,6785,6635,6650,203254,203929,6643.0,6644.0,6622.0,6471.833333333333,40.93263421247775,43.42108891573083,-2.488454703253076,56.03448275862069,115.35714285714286,57.64768731685186,136456.6,3644933,136916.35,-5103.0,-2.441253013892608
2020-08-28,6645,6665,6590,6605,135501,199039,6641.0,6648.5,6621.75,6476.916666666667,35.678260169655005,41.87252316651566,-6.194262996860658,61.320754716981135,110.35714285714286,0.46886711533575,136183.4,3509432,139540.3,-4890.0,-2.397893384462235
2020-08-31,6600,6710,6590,6660,151929,200968,6648.0,6648.0,6620.75,6484.0,35.54245987776085,40.6065105087647,-5.064050631003852,61.68224299065421,113.57142857142857,27.173946962313998,135568.8,3661361,142449.1,1929.0,0.9691567984163818
2020-09-01,6660,6725,6650,6670,137023,209229,6656.0,6647.5,6619.25,6490.5,35.82874215758329,39.65095683852842,-3.8222146809451303,63.55140186915888,110.35714285714286,51.43206656909013,135575.6,3798384,146316.6,8261.0,4.110604673380847
2020-09-02,6670,6760,6670,6725,151683,219549,6662.0,6656.0,6618.0,6497.416666666667,40.03219702459501,39.72720487574174,0.3049921488532661,66.94915254237287,108.57142857142857,83.59549612658311,133927.4,3950067,150839.1,10320.0,4.932394648925342
2020-09-03,6710,6720,6650,6685,149938,213343,6669.0,6656.0,6621.75,6503.833333333333,39.67841155544829,39.717446211683054,-0.039034656234761655,60.504201680672274,107.5,53.38673934840436,134189.1,3800129,155723.85,-6206.0,-2.826703833768318
2020-09-04,6675,6700,6595,6620,155519,208901,6672.0,6656.5,6623.75,6508.916666666667,33.76386839238057,38.52673064782256,-4.762862255441988,45.94594594594595,103.21428571428571,13.557437133495494,133469.05,3644610,160972.45,-4442.0,-2.082093155153908
2020-09-07,6620,6665,6580,6590,157950,208391,6658.0,6653.0,6629.0,6514.416666666667,26.352031231659566,36.091790764589966,-9.7397595329304,42.608695652173914,100.35714285714286,-13.466587611522543,134789.2,3486660,166399.6,-510.0,-0.244134781547245
2020-09-08,6600,6610,6510,6555,203689,202449,6635.0,6645.5,6630.0,6518.0,17.452705464922474,32.363973704656466,-14.911268239733992,42.608695652173914,101.78571428571429,-66.43280205241257,140673.0,3282971,172009.5,-5942.0,-2.8513707405790067
2020-09-09,6535,6590,6490,6505,223509,191763,6591.0,6626.5,6629.0,6521.666666666667,6.2928040184469864,27.149739767414573,-20.856935748967587,34.482758620689665,101.42857142857143,-94.8701489476199,146203.35,3059462,177575.25,-10686.0,-5.278366403390489
2020-09-10,6535,6680,6525,6645,241440,193074,6583.0,6626.0,6635.0,6526.666666666667,8.64566979094252,23.448925772120166,-14.803255981177646,52.30769230769231,107.85714285714286,-16.02988279884374,152736.75,3300902,183727.8,1311.0,0.68365638835437
2020-09-11,6625,6665,6590,6635,129959,192738,6586.0,6629.0,6638.75,6531.75,9.59283619627604,20.67770785695134,-11.0848716606753,50.76923076923077,102.85714285714286,-7.498433497554636,155171.4,3170943,190223.45,-336.0,-0.17402653904720067
2020-09-14,6620,6645,6535,6550,135603,195495,6578.0,6618.0,6633.0,6536.75,3.444971286537111,17.231160542868494,-13.786189256331383,44.52054794520548,104.64285714285714,-62.58368375813109,158403.0,3035340,197351.55,2757.0,1.4304392491361284
2020-09-15,6540,6600,6515,6565,128627,194418,6580.0,6607.5,6627.5,6542.083333333333,-0.2144097257832982,13.742046489138136,-13.956456214921435,40.44117647058823,101.42857142857143,-72.18656668770515,156146.45,3163967,198250.25,-1077.0,-0.5509092304150975
2020-09-16,6565,6605,6540,6585,126156,190384,6596.0,6593.5,6624.75,6548.666666666667,-1.4835611203270673,10.696924967245097,-12.180486087572165,45.038167938931295,95.35714285714286,-50.553856089016726,155893.75,3290123,198612.2,-4034.0,-2.074910759291837
2020-09-17,6605,6750,6600,6670,272216,199436,6601.0,6592.0,6624.0,6557.083333333333,4.319622956543753,9.421464565104829,-5.101841608561076,54.67625899280576,101.78571428571429,44.09533638296088,162278.25,3562339,199244.45,9052.0,4.754601226993871
2020-09-18,6665,6715,6645,6660,129993,197148,6606.0,6596.0,6626.25,6565.25,8.019329877664859,9.141037627616836,-1.1217077499519768,50.0,98.21428571428571,41.173511156162625,163460.3,3432346,199895.35,-2288.0,-1.1472352032732336
2020-09-21,6660,6740,6620,6715,166973,206619,6639.0,6608.5,6630.75,6575.333333333333,15.21403666911101,10.355637435915671,4.858399233195339,53.23741007194244,101.42857142857143,53.370061956974105,164203.65,3599319,201074.0,9471.0,4.804005112910104
2020-09-22,6705,6720,6630,6645,170780,195254,6655.0,6617.5,6631.5,6583.083333333333,15.09349029011264,11.303208006755066,3.790282283357575,44.366197183098585,101.42857142857143,26.487102299041613,166918.9,3428539,201557.95,-11365.0,-5.500462203379164
2020-09-23,6650,6690,6620,6650,145559,196412,6668.0,6632.0,6629.25,6591.25,15.22589993288966,12.087746391981984,3.138153540907677,47.40740740740741,101.07142857142857,17.245101815009924,165865.05,3574098,200926.95,1158.0,0.5930736374158752
2020-09-24,6660,6685,6520,6540,234861,200720,6642.0,6621.5,6623.75,6595.416666666667,6.381196377425113,10.946436389070609,-4.565240011645496,44.444444444444436,105.35714285714286,-45.67983182023333,167445.4,3339237,200766.5,4308.0,2.193348675233686
2020-09-25,6540,6585,6445,6575,220396,199324,6625.0,6615.5,6622.25,6599.416666666667,2.170887935081737,9.191326698272833,-7.0204387631910965,48.96551724137932,109.28571428571429,-79.81621405546497,171690.15,3559633,200780.75,-1396.0,-0.6954962136309306
2020-09-28,6575,6660,6555,6570,183671,196146,6596.0,6617.5,6617.75,6602.416666666667,-1.5513866329656594,7.042784032025135,-8.594170664990795,51.07913669064748,109.64285714285714,-24.280740622243975,173277.25,3375962,200539.65,-3178.0,-1.594389034938093
2020-09-29,6585,6615,6555,6595,118576,188254,6586.0,6620.5,6614.0,6603.333333333333,-2.4557170024272637,5.143083825134656,-7.598800827561919,56.71641791044776,106.78571428571429,-26.65940174068626,172354.9,3494538,199490.9,-7892.0,-4.023533490359221
2020-09-30,6595,6630,6555,6570,135761,185358,6570.0,6619.0,6606.25,6604.25,-5.130554562520047,3.088356147603715,-8.218910710123762,43.24324324324324,99.64285714285714,-25.96235283253436,171558.8,3358777,197781.35,-2896.0,-1.5383471267542803
2020-10-09,6650,6780,6625,6765,152637,194944,6615.0,6628.5,6610.25,6607.333333333333,8.387798398233826,4.148244597729738,4.239553800504089,58.78378378378378,109.28571428571429,102.1727364017272,171693.75,3511414,196861.4,9586.0,5.1716138499552144
2020-10-12,6760,6875,6730,6865,203074,221442,6673.0,6649.0,6622.5,6612.75,26.86072110653822,8.690739899491435,18.16998120704679,70.86092715231788,111.78571428571429,140.53731742678895,174071.5,3714488,197488.45,26498.0,13.592621470781353
2020-10-13,6865,6880,6795,6825,138092,221240,6724.0,6660.0,6634.25,6614.5,37.83682042379587,14.519956004352323,23.316864419443547,66.66666666666666,111.78571428571429,116.81827201854459,173078.6,3576396,198130.9,-202.0,-0.09122027438336344
2020-10-14,6840,6935,6840,6875,167597,229338,6780.0,6683.0,6650.25,6618.0,49.99374358775731,21.614713521033323,28.379030066723985,67.90123456790123,115.0,116.63297854478381,171274.0,3743993,199475.35,8098.0,3.660278430663544
2020-10-15,6895,6910,6825,6860,139130,235183,6838.0,6704.0,6668.0,6622.666666666667,57.75208802006,28.84218842083866,28.90989959922134,62.83783783783784,109.28571428571429,92.94910913548898,167055.05,3604863,201646.35,5845.0,2.548639998604685
2020-10-16,6860,6915,6820,6855,141923,238878,6856.0,6735.5,6678.5,6627.666666666667,62.77355915055432,35.62846256678179,27.145096583772528,63.26530612244898,111.07142857142857,80.44573343848506,162079.2,3462940,203936.55,3695.0,1.5711169599843533
2020-10-19,6860,6885,6795,6820,169637,233597,6847.0,6760.0,6687.75,6632.833333333333,63.20036919124777,41.14284389167499,22.05752529957278,57.34265734265735,108.92857142857143,60.62061769527167,164063.1,3293303,205979.5,-5281.0,-2.210751931948529
2020-10-20,6825,6825,6745,6795,130853,220147,6841.0,6782.5,6700.0,6635.916666666667,60.82023040043714,45.07832119342743,15.741909207009712,61.19402985074626,108.21428571428571,37.625771523307975,163825.6,3162450,207212.1,-13450.0,-5.757779423537112
2020-10-21,6805,6835,6715,6715,160022,208208,6809.0,6794.5,6707.5,6637.75,51.88057487600781,46.43877192994351,5.4418029460643,54.36241610738256,111.78571428571429,20.068316061264422,165395.35,3002428,207901.6,-11939.0,-5.423194501855577
2020-10-22,6715,6775,6710,6715,132989,206286,6780.0,6809.0,6714.0,6640.583333333333,44.28533963748396,46.00808547145161,-1.7227458339676502,63.77952755905512,104.64285714285714,7.383710281236178,165737.0,3002428,208696.7,-1922.0,-0.9231153461922714
2020-10-23,6715,6755,6685,6710,119706,201956,6751.0,6803.5,6716.0,6643.416666666667,37.43112012425263,44.29269240201182,-6.861572277759187,61.15702479338843,99.64285714285714,-1.2233563049457759,158111.5,2882722,208822.7,-4330.0,-2.0990275636737388
2020-10-26,6715,6780,6645,6765,164142,211040,6740.0,6793.5,6721.25,6649.25,36.021904036972046,42.638534729003865,-6.616630692031819,64.8854961832061,101.78571428571429,3.6109520836367,159818.95,3046864,209517.3,9084.0,4.498009467408748
2020-10-27,6780,6820,6750,6810,150816,221095,6743.0,6792.0,6726.0,6654.083333333333,38.097054919735456,41.73023876715018,-3.6331838474147276,65.92592592592592,102.5,30.219057498311027,159011.1,3197680,210241.1,10055.0,4.7644996209249335
2020-10-28,6810,6920,6810,6885,207957,250450,6777.0,6793.0,6738.0,6660.0,45.27163689432564,42.43851839258528,2.8331185017403584,71.72413793103449,105.0,59.40411593792119,160869.95,3405637,213000.9,29355.0,13.277098080010852
2020-10-29,6880,6980,6845,6850,272124,266554,6804.0,6792.0,6748.0,6665.666666666667,47.58480924599098,43.46777656326642,4.117032682724563,57.522123893805315,99.64285714285714,61.2623770498433,167198.2,3133513,216508.0,16104.0,6.43002595328408
2020-10-30,6820,6930,6760,6925,246321,276070,6847.0,6799.0,6767.25,6671.0,54.83775272098865,45.741771794810866,9.09598092617778,55.55555555555556,101.42857142857143,48.06384049745527,167771.2,3379834,220275.5,9516.0,3.5700083285187922
2020-11-02,6945,7125,6915,7085,329630,310961,6911.0,6825.5,6792.75,6678.916666666667,72.65885940116095,51.125189316080885,21.533670085080068,69.69696969696969,110.35714285714286,109.9511959474391,173232.9,3709464,225857.35,34891.0,12.638461259825418
2020-11-03,7100,7195,7065,7110,247652,314002,6971.0,6857.0,6819.75,6686.083333333333,87.787545724359,58.45766059773651,29.329885126622493,68.50393700787401,111.78571428571429,120.399038065123,176431.95,3957116,231750.15,3041.0,0.9779361399017805
2020-11-04,7150,7230,7030,7090,293331,304012,7012.0,6894.5,6844.5,6692.583333333333,97.0446356274415,66.17505560367752,30.869580023763973,67.96875,120.0,103.38130890186702,185169.7,3663785,237538.05,-9990.0,-3.1815083980356818
2020-11-05,7105,7120,6970,7065,220594,305483,7055.0,6929.5,6869.25,6697.833333333333,101.19711762413135,73.17946800776829,28.01764961636306,65.9090909090909,123.92857142857143,73.86261656579444,189411.35,3443191,243544.3,1471.0,0.4838624791126733
2020-11-06,7080,7125,7035,7120,187823,307457,7094.0,6970.5,6887.0,6706.333333333333,107.68470759163301,80.08051592454125,27.60419166709177,72.05882352941177,123.92857142857143,79.83174568965269,191170.65,3631014,249169.95,1974.0,0.646189804342634
2020-11-09,7135,7320,7130,7275,415771,346713,7132.0,7021.5,6907.5,6717.916666666667,123.90507343407444,88.84542742644788,35.059646007626554,79.62962962962962,132.5,110.38132026791104,201805.5,4046785,255433.5,39256.0,12.767964300698953
2020-11-10,7350,7375,7030,7050,373395,284541,7120.0,7045.5,6918.75,6727.333333333333,117.25259569314767,94.52686107978784,22.725734613359833,67.5392670157068,148.57142857142858,71.66608004169916,213570.65,3673390,258598.55,-62172.0,-17.931834110633293
2020-11-11,7065,7080,6950,7060,244337,271132,7114.0,7063.0,6928.0,6736.083333333333,111.50204936400951,97.92189873663217,13.580150627377336,67.87564766839378,153.21428571428572,31.31746784103324,217407.65,3917727,260688.25,-13409.0,-4.7125018890072035
2020-11-12,7060,7095,7000,7035,149870,259894,7108.0,7081.5,6936.75,6744.583333333333,103.73165495384183,99.08384998007412,4.647804973767705,66.497461928934,155.0,32.428644929655796,217944.65,3767857,261923.8,-11238.0,-4.144844577548945
2020-11-13,7070,7335,7060,7335,287764,288221,7151.0,7122.5,6960.75,6758.083333333333,120.393235915064,103.34572716707211,17.047508747991884,73.17073170731707,166.78571428571428,81.43259080003209,225236.7,4055621,264390.95,28327.0,10.899443619321714
2020-11-16,7335,7575,7285,7475,376839,307663,7191.0,7161.5,6993.5,6773.333333333333,143.2432695922016,111.32523565209803,31.918033940103584,75.09433962264151,182.5,111.94079203581539,235596.8,4432460,268094.25,19442.0,6.74551819610647
2020-11-17,7515,7530,7340,7525,269968,301296,7286.0,7203.0,7030.0,6787.666666666667,163.50191968577474,121.76057245883337,41.74134722694137,74.61538461538461,188.21428571428572,98.72630041823743,242552.55,4702428,272151.7,-6367.0,-2.069472117219162
2020-11-18,7530,7645,7475,7515,291647,293715,7377.0,7245.5,7070.0,6801.666666666667,176.71309090226805,132.7510761475203,43.96201475474774,76.07843137254902,190.71428571428572,99.16198804171037,249133.8,4410781,276427.05,-7581.0,-2.5161303170304294
2020-11-19,7520,7535,7385,7450,333273,268855,7460.0,7284.0,7106.75,6815.166666666667,179.86471403881205,142.17380372577867,37.690910313033385,70.7509881422925,189.28571428571428,72.92586421380527,259148.0,4077508,279555.5,-24860.0,-8.46398719847471
2020-11-20,7440,7460,7320,7375,203661,262140,7468.0,7309.5,7140.0,6826.666666666667,174.3012881311024,148.59930060684343,25.701987524258982,62.288135593220346,184.28571428571428,53.6193434018461,263345.75,3873847,282564.7,-6715.0,-2.497628833386023
2020-11-23,7385,7530,7350,7480,227479,264857,7469.0,7330.0,7175.75,6841.083333333333,176.33220756943865,154.14588199936247,22.18632557007618,64.68253968253968,187.85714285714286,62.777426473061404,266512.6,4101326,285255.55,2717.0,1.0364690623331008
2020-11-24,7485,7520,7380,7435,182474,261241,7451.0,7368.5,7207.0,6854.583333333333,172.32415633087658,157.7815368656653,14.542619465211288,63.42412451361868,183.57142857142858,56.20544202890974,268095.5,3918852,287262.85,-3616.0,-1.3652650298085378
2020-11-25,7450,7540,7345,7355,268685,256141,7419.0,7398.0,7230.5,6866.666666666667,160.8383708154115,158.39290365561453,2.4454671597969764,60.82089552238806,186.78571428571428,44.6938054956229,271131.9,3650167,287547.4,-5100.0,-1.9522203635723323
2020-11-26,7340,7445,7335,7360,169056,252111,7401.0,7430.5,7256.0,6877.75,150.40548050197958,156.79541902488754,-6.389938522907954,59.30232558139535,188.21428571428572,32.97194040081284,265978.5,3819223,286825.25,-4030.0,-1.57335217712119
2020-11-27,7355,7595,7355,7585,251236,265995,7443.0,7455.5,7289.0,6893.333333333333,158.46625896864134,157.12958701363831,1.3366719550030268,61.39705882352941,191.07142857142858,62.35318063079298,266224.25,4070459,286321.5,13884.0,5.507098063948024
2020-11-30,7585,7635,7430,7455,245621,251222,7438.0,7453.5,7307.5,6907.5,152.60543002977374,156.2247556168654,-3.6193255870916516,66.00790513833992,181.07142857142858,55.46544328607999,262023.8,3824838,283334.55,-14773.0,-5.553863794432223
2020-12-01,7460,7755,7460,7750,336303,281439,7501.0,7476.0,7339.5,6925.666666666667,169.80728279812774,158.94126105311787,10.866021745009874,72.25806451612902,193.21428571428572,84.06476908563843,266456.35,4161141,281706.4,30217.0,12.028007101288907
2020-12-02,7790,7920,7650,7665,435078,262662,7563.0,7491.0,7368.25,6942.25,174.56876536252912,162.06676191500014,12.502003447528978,69.56521739130434,205.71428571428572,92.62416781690156,273543.7,3726063,279638.9,-18777.0,-6.671783228337224
2020-12-03,7670,7780,7580,7710,281800,254590,7633.0,7517.0,7400.5,6958.666666666667,179.89962759546324,165.63333505109279,14.266292544370458,63.837638376383765,198.57142857142858,72.01350176932925,276604.0,4007863,277094.25,-8072.0,-3.0731510458307687
2020-12-04,7730,7845,7640,7840,251896,252346,7684.0,7563.5,7436.5,6977.916666666667,192.39646122416707,170.98596028570768,21.410500938459393,63.56877323420075,192.5,82.8891628137942,279807.65,4259759,274338.7,-2244.0,-0.8814171805648252
2020-12-07,7855,7965,7705,7940,307021,242489,7781.0,7609.5,7469.75,6999.916666666667,207.9720834549289,178.38318491955192,29.588898535376984,64.87455197132617,197.5,90.76789529893772,274370.15,4566780,269127.5,-9857.0,-3.90614473778067
2020-12-08,7940,7985,7795,7830,205308,223908,7797.0,7649.0,7508.75,7020.583333333333,209.03022527726444,184.51259299109444,24.51763228617,60.53511705685619,198.92857142857142,80.88399019091445,265965.8,4361472,266095.85,-18581.0,-7.662615623801495
2020-12-09,7835,8145,7805,8125,297094,230609,7889.0,7726.0,7562.0,7046.75,231.00990647393883,193.81205568766333,37.197850786275495,69.56521739130434,212.5,103.04524165050354,268603.65,4658566,264069.7,6701.0,2.9927470210979523
2020-12-10,8120,8420,8085,8200,339511,200046,7987.0,7810.0,7620.25,7075.0,251.58076887619063,205.3657983253688,46.214970550821846,73.91304347826087,226.42857142857142,126.44697445095886,278085.7,4998077,261077.3,-30563.0,-13.25316878352536
2020-12-11,8220,8480,8200,8380,286511,189492,8095.0,7889.5,7672.5,7103.916666666667,279.1894984634109,220.13053835297723,59.0589601104337,75.0,233.57142857142858,121.45871611743397,278023.05,5284588,256140.85,-10554.0,-5.275786569089114
2020-12-14,8385,8560,7935,7950,372157,156895,8097.0,7939.0,7696.25,7125.833333333333,263.336628499399,228.7717563822616,34.56487211713741,61.78489702517162,268.2142857142857,75.36361843878049,277788.95,4912431,248602.45,-32597.0,-17.202309332320098
2020-12-15,7915,8000,7770,7880,321074,126027,8107.0,7952.0,7714.0,7148.0,242.3312559805936,231.48365630192802,10.847599678665574,62.06896551724138,270.7142857142857,27.907365288549645,280344.25,4591357,239839.0,-30868.0,-19.674304471143124
2020-12-16,7860,7910,7640,7685,258209,107141,8019.0,7954.0,7722.5,7166.666666666667,207.55688997890047,226.69830303732252,-19.141413058422046,56.87103594080338,282.14285714285717,2.997777331574653,278672.35,4333148,230510.3,-18886.0,-14.985677672244835
2020-12-17,7705,7710,7550,7675,174760,93770,7914.0,7950.5,7733.75,7184.833333333333,177.14897484960966,216.78843739977998,-39.63946255017032,52.093023255813954,276.42857142857144,-15.901068492285589,270746.7,4158388,221756.05,-13371.0,-12.479816316816162
2020-12-18,7485,7690,7425,7520,390775,278374,7742.0,7918.5,7741.0,7199.0,138.94164561897287,201.21907904361856,-62.27743342464569,51.49425287356321,280.7142857142857,-35.626600185505055,280102.4,3767613,222567.75,184604.0,196.86893462727951
2020-12-21,7535,7750,7510,7620,371583,298622,7676.0,7886.5,7748.0,7215.0,115.40095581583682,184.05545439806224,-68.65449858222541,46.71717171717171,276.42857142857144,-23.176114715684836,287307.6,4139196,224256.0,20248.0,7.273667799435302
2020-12-22,7590,7685,7450,7465,351822,294342,7593.0,7850.0,7749.5,7227.5,83.27761245650436,163.89988600975067,-80.62227355324632,45.12195121951219,273.92857142857144,-41.747059925218586,295775.0,3787374,225911.05,-4280.0,-1.43325006195123
2020-12-23,7500,7500,7360,7475,304008,299258,7551.0,7785.0,7755.5,7241.333333333333,57.95843902732304,142.71159661326516,-84.75315758594212,44.168734491315135,269.64285714285717,-58.91676444478292,297541.15,4091382,228066.9,4916.0,1.6701659973771932
2020-12-24,7480,7510,7375,7410,280044,311230,7498.0,7706.0,7758.0,7254.0,32.27579957110083,120.62443720483229,-88.34863763373146,38.97435897435897,264.64285714285717,-62.755716646095514,303090.55,3811338,231022.85,11972.0,4.0005613885008895
2020-12-25,7380,7385,7155,7225,421737,325440,7439.0,7590.5,7740.0,7265.416666666667,-2.9715766361505302,95.90523443663574,-98.87681107278627,32.432432432432435,264.2857142857143,-87.72739017448095,311615.6,3389601,233995.1,14210.0,4.565755229251689
2020-12-28,7210,7260,7065,7090,318875,338758,7333.0,7504.5,7721.75,7274.0,-41.32240897361498,68.4597057545856,-109.78211472820058,32.03883495145631,264.64285714285717,-95.84482715372421,315278.3,3070726,238371.9,13318.0,4.092305801376606
2020-12-29,7120,7155,7035,7080,269493,339594,7256.0,7424.5,7688.25,7282.5,-71.69616754030449,40.42853109560758,-112.12469863591207,20.563380281690144,248.92857142857142,-89.92654015656738,311937.8,2801233,241279.65,836.0,0.24678383979124252
2020-12-30,7100,7140,7040,7095,267134,352932,7180.0,7365.5,7659.75,7290.833333333333,-93.47964029152536,13.646896818180998,-107.12653710970636,17.78425655976676,232.14285714285714,-78.85463867636456,303540.6,3068367,245793.15,13338.0,3.9276312302337413
2020-12-31,7085,7165,7050,7130,235784,360400,7124.0,7311.0,7630.75,7300.166666666667,-106.68914583403148,-10.420311712261498,-96.26883412176998,10.191082802547768,220.35714285714286,-67.98320816007416,301239.8,3304151,251083.65,7468.0,2.1159883490304177
2021-01-04,7150,7235,7080,7210,225573,382913,7121.0,7280.0,7599.25,7307.583333333333,-109.44087643475177,-30.224424656759556,-79.21645177799222,19.67213114754098,186.78571428571428,-54.63856241456401,299923.65,3529724,257612.0,22513.0,6.246670366259721
2021-01-05,7220,7300,7135,7170,236614,383088,7137.0,7235.0,7560.75,7312.666666666667,-113.54048443891043,-46.887636613189734,-66.6528478257207,20.168067226890756,182.14285714285714,-46.51288194936227,296403.3,3293110,264641.95,175.0,0.04570228746476612
2021-01-06,7195,7260,7165,7190,203508,392445,7159.0,7207.5,7528.75,7318.75,-113.86307778189439,-60.28272484693067,-53.58035293496372,25.615763546798036,169.64285714285714,-41.77718347863536,296313.3,3496618,273068.8,9357.0,2.4425197343691307
2021-01-07,7180,7315,7155,7170,310406,396677,7174.0,7177.0,7481.0,7323.666666666667,-114.41367851748782,-71.10891558104211,-43.30476293644571,25.365853658536594,169.64285714285714,-36.6698796776539,296978.9,3186212,281372.2,4232.0,1.0783676693549404
2021-01-08,7175,7180,7000,7000,362868,389493,7148.0,7136.0,7421.0,7326.0,-127.10245483719791,-82.30762343227327,-44.794831404924636,25.000000000000014,163.57142857142858,-52.30758833356166,298146.75,2823344,290844.55,-7184.0,-1.8110452584848669
2021-01-11,7000,7005,6890,6940,392481,391764,7094.0,7107.5,7349.0,7327.416666666667,-140.381667568171,-93.92243225945282,-46.45923530871818,16.0,154.64285714285714,-67.92945259986263,303445.25,2430863,300958.15,2271.0,0.5830656776886878
2021-01-12,6930,7040,6875,7025,246556,397863,7065.0,7101.0,7302.75,7330.833333333333,-142.40519130248686,-103.61898406805963,-38.78620723442722,26.344086021505376,149.64285714285714,-62.1735948163672,297165.2,2677419,313006.55,6099.0,1.5568046068551444
2021-01-13,7010,7065,6965,7040,255733,405871,7035.0,7097.0,7260.75,7334.916666666667,-141.17114076609687,-111.12941540766708,-30.041725358429787,26.7379679144385,146.78571428571428,-51.546499996015974,293898.15,2933152,326998.75,8008.0,2.0127531336163518
2021-01-14,7020,7045,6910,7020,311978,406693,7005.0,7089.5,7227.5,7340.0,-140.19094572173344,-116.94172147048036,-23.249224251253082,28.089887640449433,146.78571428571428,-54.68740871392298,296586.6,2621174,341976.35,822.0,0.20252740402739722
2021-01-15,7000,7060,6965,7040,252501,411093,7013.0,7080.5,7195.75,7345.416666666667,-136.22992743088798,-120.79936266256189,-15.430564768326093,37.24137931034483,135.35714285714286,-44.42953871362245,300473.65,2873675,357842.5,4400.0,1.081897155839906
2021-01-18,7040,7195,7000,7190,377602,413706,7063.0,7078.5,7179.25,7353.416666666667,-119.60827575081203,-120.56114528021193,0.952869529399905,56.75675675675676,135.35714285714286,-14.551602422278272,299815.0,3251277,364609.1,2613.0,0.6356225963468187
2021-01-19,7170,7295,7170,7200,336701,397861,7098.0,7081.5,7158.25,7360.666666666667,-104.4248361068694,-117.33388344554344,12.909047338674029,58.10810810810811,135.71428571428572,18.31819968773313,298070.9,3587978,369571.05,-15845.0,-3.830014551396399
2021-01-20,7210,7300,7180,7205,237025,395203,7131.0,7083.0,7145.25,7367.25,-90.94009181481215,-112.05512511939719,21.11503330458504,57.534246575342465,137.14285714285714,29.804877110947636,292331.05,3825003,374614.1,-2658.0,-0.6680725177888758
2021-01-21,7205,7390,7205,7390,271475,404066,7205.0,7105.0,7141.0,7375.666666666667,-64.58093213511165,-102.56028652254008,37.97935438742843,64.77272727272728,142.14285714285714,75.5705698882113,290704.4,4096478,379854.5,8863.0,2.2426449191934372
2021-01-22,7420,7440,7315,7415,341180,395177,7280.0,7146.5,7141.25,7385.083333333333,-41.19890182041581,-90.28800958211524,49.089107761699424,62.42424242424242,140.0,105.66558815567188,293761.2,4437658,384051.85,-8889.0,-2.199888137086514
2021-01-25,7395,7495,7210,7275,460422,367251,7297.0,7180.0,7143.75,7390.916666666667,-33.57823531379836,-78.94605472845187,45.36781941465351,55.67567567567567,148.57142857142858,74.43070882944511,295695.45,3977236,386142.4,-27926.0,-7.0667068174514185
2021-01-26,7260,7425,7260,7265,328997,364542,7310.0,7204.0,7152.5,7393.916666666667,-28.02269049734514,-68.76138188223052,40.738691384885385,54.0983606557377,153.57142857142858,63.66879611890512,296201.55,3648239,387431.6,-2709.0,-0.7376426476714881
2021-01-27,7285,7355,7275,7340,201774,365677,7337.0,7234.0,7165.5,7397.75,-17.367802786478933,-58.4826660630802,41.11486327660127,58.76288659793814,148.57142857142858,59.63755659688551,292815.6,3850013,388735.75,1135.0,0.31134958386138667
2021-01-28,7320,7430,7295,7420,263826,372606,7343.0,7274.0,7181.75,7403.25,-2.440266229116787,-47.27418609628752,44.833919867170735,73.86363636363637,145.35714285714286,72.15199072066478,292650.2,4113839,389719.45,6929.0,1.894841622524801
2021-01-29,7410,7485,7345,7430,251253,375645,7346.0,7313.0,7196.75,7409.333333333333,10.080627270001969,-35.80322342302962,45.88385069303159,79.51807228915663,147.14285714285714,75.54277844149814,293423.65,4365092,390481.7,3039.0,0.8156068340284373
2021-02-01,7435,7550,7280,7280,364483,352155,7347.0,7322.0,7200.25,7412.0,7.809753204981462,-27.080628097427404,34.89038130240887,64.24581005586592,154.64285714285714,53.77764761288966,300369.15,4000609,388943.8,-23490.0,-6.253244419598292
2021-02-02,7300,7365,7250,7305,245837,351607,7355.0,7332.5,7207.0,7412.5,7.935880325493599,-20.077326412843203,28.0132067383368,64.64088397790056,155.71428571428572,31.238382636052123,300830.3,4246446,387369.75,-548.0,-0.15561329528190893
2021-02-03,7330,7445,7270,7445,270176,347925,7376.0,7356.5,7219.75,7419.083333333333,19.11235165551807,-12.239390799170948,31.351742454689017,70.73170731707317,158.57142857142858,52.28200954456587,304163.7,4516622,385143.75,-3682.0,-1.0471918932216884
2021-02-04,7455,7660,7370,7645,383713,384229,7421.0,7382.0,7243.5,7428.833333333333,43.605457664448295,-1.0704211064470996,44.675878770895395,75.10373443983403,172.5,90.62183463140585,307829.05,4900335,384521.35,36304.0,10.434432708198615
2021-02-05,7620,7665,7535,7625,302301,381700,7460.0,7403.0,7274.75,7438.666666666667,60.70284319663642,11.284231754169605,49.41861144246682,70.23255813953489,167.85714285714286,90.23370018167948,304800.7,4598034,384131.7,-2529.0,-0.6582012289546024
2021-02-08,7630,7725,7565,7640,251532,378181,7532.0,7439.5,7309.75,7443.75,74.60304162559714,23.947993728455113,50.655047897142026,70.37037037037037,170.35714285714286,89.02528977071518,297753.25,4849566,383452.55,-3519.0,-0.9219282158763442
2021-02-09,7650,7720,7600,7720,223878,376435,7615.0,7485.0,7344.5,7447.833333333333,91.0250997494204,37.36341493264817,53.66168481677224,72.2943722943723,170.35714285714286,88.19151521288727,296619.35,5073444,382381.15,-1746.0,-0.4616836911426003
2021-02-10,7705,7735,7600,7720,233750,356454,7670.0,7523.0,7378.5,7451.083333333333,102.85406153019994,50.461544252158525,52.39251727804142,67.01030927835052,166.78571428571428,80.70642034608989,295520.2,5073444,379910.3,-19981.0,-5.307954892610944
2021-02-18,7895,8100,7845,8000,280950,347140,7741.0,7581.0,7427.5,7459.166666666667,133.2858229079593,67.02639998331868,66.25942292464062,73.87755102040816,185.0,127.77664265771006,293968.8,5354394,376932.65,-9314.0,-2.6129598770107787
2021-02-19,7960,8250,7885,8220,395602,358610,7860.0,7660.0,7486.5,7472.0,173.15930178902,88.25298034445895,84.90632144456104,86.20689655172414,190.71428571428572,128.30496770668452,301123.85,5749996,374308.5,11470.0,3.304142420925271
2021-02-22,8225,8610,8185,8610,571881,357952,8054.0,7793.0,7557.5,7492.583333333333,233.53699262986174,117.30978280153951,116.22720982832223,89.91097922848665,209.28571428571428,143.43348985911067,310837.8,6321877,371520.8,-658.0,-0.18348623853210455
2021-02-23,8650,8905,8480,8610,660792,322117,8232.0,7923.5,7628.0,7511.416666666667,278.18006103644893,149.4838384485214,128.69622258792754,89.44099378881988,233.21428571428572,131.30708433962835,327042.35,6321877,367733.6,-35835.0,-10.011118809225817
2021-02-24,8610,8720,8510,8520,401418,327317,8392.0,8031.0,7693.75,7529.5,302.8071937078603,180.1485095003892,122.65868420747108,83.9506172839506,238.57142857142858,101.56341418367403,335262.0,5920459,364339.3,5200.0,1.6143202625133135
2021-02-25,8550,8820,8360,8500,683127,311417,8492.0,8116.5,7749.25,7548.583333333333,317.0557199466257,207.52995158963648,109.5257683569892,82.82208588957056,261.42857142857144,85.68867754918038,355844.6,5237332,359706.85,-15900.0,-4.85767619769214
2021-02-26,8480,8590,8380,8505,469297,307183,8549.0,8204.5,7803.75,7567.666666666667,325.0047850060964,231.0249182729285,93.97986673316794,91.24579124579125,257.14285714285717,69.80073420771907,362250.45,5706629,355307.15,-4234.0,-1.359591801346749
2021-03-01,8475,8480,8155,8340,533113,292978,8495.0,8274.5,7857.0,7580.25,314.3665335853848,247.69324133541977,66.67329224996502,81.84615384615384,273.92857142857144,48.06764080527551,365885.0,5173516,351593.5,-14205.0,-4.624279338374848
2021-03-02,8300,8390,8210,8345,365171,296294,8442.0,8337.0,7911.0,7595.083333333333,302.84805701832556,258.72420447200096,44.1238525463246,80.20134228187919,274.2857142857143,42.55769758615663,367693.7,5538687,348181.1,3316.0,1.1318255978264524
2021-03-03,8370,8690,8340,8540,562141,308145,8446.0,8419.0,7971.0,7608.25,305.9279052120164,268.16494462000406,37.76296059201235,80.13468013468014,278.57142857142856,57.54117494569264,385712.05,6100828,345304.5,11851.0,3.9997434980121094
2021-03-04,8545,8695,8355,8375,465197,305330,8421.0,8456.5,8018.75,7620.083333333333,291.6921406320089,272.870383822405,18.82175680960387,73.00613496932516,293.57142857142856,47.73175912600274,395780.6,5635631,341940.7,-2815.0,-0.9135309675639691
2021-03-05,8375,8525,8265,8430,506615,298934,8406.0,8477.5,8068.75,7632.083333333333,281.60210125300455,274.61672730852496,6.985373944479591,73.65269461077844,300.7142857142857,36.66381498364748,408548.7,6142246,338105.15,-6396.0,-2.094782694134212
2021-03-08,8465,8795,8415,8695,480149,301327,8477.0,8486.0,8139.5,7646.333333333333,291.62726012981966,278.01883387278394,13.608426257035717,76.28032345013477,319.2857142857143,55.432804722795474,414332.0,6622395,335563.75,2393.0,0.8005111496183215
2021-03-09,8670,8840,8550,8560,531882,305267,8520.0,8481.0,8202.25,7656.666666666667,285.3891109862425,279.49288929547566,5.896221690766822,71.10552763819095,330.35714285714283,52.96880930980279,428634.25,6090513,333246.75,3940.0,1.3075496055779956
2021-03-10,8650,8680,8450,8455,474659,298121,8503.0,8474.5,8252.75,7667.083333333333,268.87330626137555,277.3689726886556,-8.49566642728007,62.53443526170798,319.64285714285717,35.51096853258065,438858.4,5615854,330756.55,-7146.0,-2.340901571411258
2021-03-11,8530,8755,8440,8705,516603,332632,8569.0,8495.0,8305.75,7676.75,272.81250989560886,276.45768013004624,-3.645170234437387,63.14363143631436,316.07142857142856,44.83933433234735,445502.9,6132457,328176.7,34511.0,11.57617209119788
2021-03-12,8730,8885,8630,8750,549819,336489,8633.0,8519.5,8362.0,7685.916666666667,276.37954966720827,276.44205403747867,-0.06250437027040334,54.66666666666667,303.92857142857144,57.20418490011813,457878.8,6682276,325916.15,3857.0,1.159539671468779
2021-03-15,8840,9190,8770,9150,930155,402027,8724.0,8600.5,8437.5,7698.75,307.93344635815265,282.74033250161347,25.193113856539185,64.21052631578948,305.0,90.43857638122182,491809.95,7612431,327108.45,65538.0,19.47701113557947
2021-03-16,9150,9280,9040,9085,726143,396177,8829.0,8674.5,8505.75,7717.666666666667,323.9607620407078,290.98441840943235,32.97634363127543,65.06666666666666,307.14285714285717,97.89104862868683,516923.2,6886288,328095.55,-5850.0,-1.4551261482437794
2021-03-17,9040,9145,8985,9070,510993,373439,8952.0,8727.5,8573.25,7737.5,331.6293340194552,299.1134015314369,32.51593248801828,65.24064171122994,285.7142857142857,86.71238838917364,530785.35,6375295,328944.8,-22738.0,-5.739353874657038
2021-03-18,9025,9260,8840,8875,823804,345236,8986.0,8777.5,8617.0,7757.333333333333,318.3026672333508,302.9512546718197,15.351412561531106,58.980582524271846,300.7142857142857,69.84341072449061,557928.05,5551491,328849.6,-28203.0,-7.552237447079713
2021-03-19,8910,8960,8720,8770,692631,303026,8990.0,8811.5,8644.5,7775.583333333333,295.8580973327462,301.532623204005,-5.6745258712588225,60.75000000000001,292.85714285714283,33.63450699036436,572779.5,4858860,326070.4,-42210.0,-12.226419029301693
2021-03-22,8805,8970,8770,8795,512990,305818,8919.0,8821.5,8653.75,7796.833333333333,276.89602009058945,296.6053025813219,-19.70928249073245,61.13861386138613,294.2857142857143,35.65760910487963,569834.95,5371850,323463.7,2792.0,0.9213730834977785
2021-03-23,8825,8895,8525,8650,620615,289192,8832.0,8830.5,8655.75,7814.0,247.31722999954764,286.74768806496706,-39.43045806541943,52.79187817258883,295.7142857142857,3.467520172425306,567826.1,4751235,321817.45,-16626.0,-5.436566846948187
2021-03-24,8600,8675,8455,8610,575388,282172,8740.0,8846.0,8660.25,7833.083333333333,218.1336510963156,273.0248806712368,-54.891229574921226,56.36856368563685,287.14285714285717,-19.15197795477613,576524.6,4175847,319560.2,-7020.0,-2.4274530415779094
2021-03-25,8650,8835,8575,8695,533473,300123,8704.0,8845.0,8670.0,7853.416666666667,199.56379695735814,258.3326639284611,-58.768866971102966,57.06666666666667,287.14285714285717,4.470690949039404,569041.9,4709320,318995.5,17951.0,6.361722637256717
2021-03-26,8695,8920,8645,8920,518726,324851,8734.0,8862.0,8690.75,7878.583333333333,200.68925258116724,246.80398165900235,-46.11472907783511,56.130790190735695,279.64285714285717,27.46019188608647,571513.35,5228046,319878.9,24728.0,8.239288558357739
2021-03-29,8890,8935,8750,8795,494767,300855,8734.0,8826.5,8713.5,7904.75,189.3124528268163,235.30567589256515,-45.99322306574885,56.43835616438356,272.14285714285717,23.357196859372287,569596.05,4733279,320272.75,-23996.0,-7.386771165857575
2021-03-30,8830,8870,8610,8640,483511,277959,8732.0,8782.0,8728.25,7930.583333333333,165.87692649133714,221.41992601231956,-55.54299952098242,54.93333333333333,274.2857142857143,-8.612434691281935,575513.05,4249768,319356.0,-22896.0,-7.610310614747973
2021-03-31,8610,8690,8515,8540,471032,260888,8718.0,8729.0,8728.25,7954.916666666667,137.64821581264005,204.66558397238367,-67.01736815974363,45.21739130434783,264.2857142857143,-40.748252216779946,570957.6,3778736,316993.15,-17071.0,-6.141553250659271
2021-04-01,8530,8805,8530,8795,382550,260769,8738.0,8721.0,8749.25,7983.25,134.30494430297585,190.59345603850213,-56.28851173552627,51.16279069767442,265.7142857142857,-12.185180489148966,566825.25,4161286,314765.1,-119.0,-0.045613443316672164
2021-04-02,8795,8945,8730,8930,442199,271203,8740.0,8737.0,8774.25,8013.25,140.92426213098224,180.65961725699816,-39.73535512601592,43.41317365269461,249.64285714285714,25.82820738913797,563604.45,4603485,313378.55,10434.0,4.001242478975642
2021-04-06,8880,8985,8860,8940,264335,273514,8769.0,8751.5,8786.5,8042.083333333333,145.30208365285762,173.58811053617006,-28.286026883312445,45.5108359133127,241.42857142857142,39.085921204960016,552813.75,4867820,311987.9,2311.0,0.8521292168596872
2021-04-07,8925,9140,8865,8875,456573,272510,8816.0,8774.0,8802.25,8070.5,141.89095141326834,167.24867871158972,-25.35772729832138,44.14414414414414,249.64285714285714,43.711389454078706,549048.3,4411247,310350.05,-1004.0,-0.3670744459150166
2021-04-08,8905,8925,8785,8870,336334,257743,8882.0,8800.0,8823.0,8098.5,137.20256061116015,161.23945509150383,-24.036894480343676,49.83050847457628,229.64285714285714,10.657347396674055,542132.05,4074913,308331.15,-14767.0,-5.418883710689515
2021-04-09,8860,8870,8700,8735,326267,234434,8870.0,8804.0,8824.5,8124.583333333333,121.19652724071966,153.23086952134702,-32.03434228062736,48.83720930232558,224.64285714285714,-21.040970956027483,532615.25,3748646,303421.25,-23309.0,-9.043504576263949
2021-04-12,8735,8765,8550,8610,360957,206443,8806.0,8773.0,8817.5,8151.416666666667,97.30352072837195,142.045399762752,-44.74187903438005,44.23676012461059,225.71428571428572,-58.58625936244162,523172.15,3387689,296918.95,-27991.0,-11.939821015722973
2021-04-13,8645,8710,8580,8595,316128,182116,8737.0,8753.0,8789.75,8179.0,76.2784755038465,128.8920149109709,-52.61353940712439,48.135593220338976,208.57142857142858,-57.11543881414244,492470.8,3071561,285923.4,-24327.0,-11.78388223383694
2021-04-14,8610,8755,8610,8715,235549,159360,8705.0,8760.5,8771.25,8207.166666666666,68.50924092048444,116.81546011287361,-48.306219192389165,53.37620578778135,204.28571428571428,-33.228255069167076,467941.1,3307110,274082.55,-22756.0,-12.495332645127277
2021-04-15,8640,8815,8625,8725,425725,305659,8676.0,8779.0,8754.0,8235.25,62.43922247573573,105.94021258544603,-43.5009901097103,51.013513513513516,199.28571428571428,-18.93272178461042,463677.7,3732835,270693.55,146299.0,91.80409136546184
2021-04-16,8760,8860,8725,8810,375499,337907,8691.0,8780.5,8750.75,8265.083333333334,63.75257870875794,97.50268581010842,-33.75010710135048,45.8955223880597,189.28571428571428,18.598764207092763,441262.45,4108334,270327.1,32248.0,10.550319146499865
2021-04-19,8820,8995,8810,8840,488430,377466,8737.0,8771.5,8754.25,8295.083333333334,66.4481987920808,91.2917884065029,-24.8435896144221,51.807228915662655,189.28571428571428,53.925692427914065,431052.4,4596764,274049.1,39559.0,11.707067329176368
2021-04-20,8880,8965,8775,8840,424125,400137,8786.0,8761.5,8756.5,8322.583333333334,67.80290741813587,86.5940122088295,-18.791104790693623,59.174311926605505,184.28571428571428,43.65753959842158,426609.15,4596764,278765.05,22671.0,6.006103861009993
2021-04-21,8845,8850,8610,8640,517514,375303,8771.0,8738.0,8756.0,8346.583333333334,52.137190160279715,79.70264779911955,-27.56545763883983,54.2016806722689,188.92857142857142,-27.738244425810475,421454.1,4079250,283070.6,-24834.0,-6.206374316796492
2021-04-22,8650,8945,8635,8925,550628,410866,8811.0,8743.5,8771.75,8375.25,62.00436677979269,76.16299159525417,-14.15862481546148,55.32786885245901,191.42857142857142,28.66872618623389,420216.1,4629878,289505.3,35563.0,9.475810212015357
2021-04-23,8925,9050,8855,9040,444954,457560,8857.0,8774.0,8789.0,8402.75,78.20224741582388,76.57084275936812,1.6314046564557572,54.583333333333336,190.0,85.4521111367405,415790.15,5074832,297377.15,46694.0,11.364775863663578
2021-04-26,9040,9095,8795,8885,570419,419534,8866.0,8801.5,8787.25,8427.25,77.63702857036697,76.7840799215679,0.852948648799071,47.955390334572485,202.5,56.286216004887244,418374.8,4504413,302111.3,-38026.0,-8.310604073782669
2021-04-27,8870,8975,8805,8925,394200,417787,8883.0,8834.5,8793.75,8454.75,79.50032402112993,77.3273287414803,2.1729952796496264,51.89393939393939,195.0,43.800894552962504,413346.45,4898613,307957.9,-1747.0,-0.41641440264674756
2021-04-28,8930,9010,8840,8985,439382,433124,8952.0,8861.5,8811.0,8483.416666666666,84.8405090720571,78.82996480759567,6.01054426446143,54.18181818181819,197.14285714285714,55.92482956976441,411140.0,5337995,315716.15,15337.0,3.6710093899523066
2021-04-29,8985,8985,8830,8885,382231,398003,8944.0,8877.5,8828.25,8509.166666666666,80.08036335330144,79.08004451673683,1.0003188365646025,55.59701492537313,196.07142857142858,33.8896936557902,406699.95,4955764,322571.9,-35121.0,-8.108763310276046
2021-04-30,8885,8915,8740,8860,531954,376265,8908.0,8882.5,8831.5,8533.166666666666,73.44400572916857,77.95283675922317,-4.508831030054608,60.08064516129033,193.21428571428572,3.0475447000927733,414170.15,4423810,328346.7,-21738.0,-5.461767876121537
2021-05-06,8940,9160,8900,9120,456715,426658,8955.0,8910.5,8841.0,8561.333333333334,88.14835225465686,79.9919398583099,8.156412396346951,67.67676767676768,205.35714285714286,92.54701663759214,414895.95,4880525,336119.45,50393.0,13.39295443371029
2021-05-07,9120,9305,9115,9285,459848,467793,9027.0,8955.0,8858.25,8594.75,111.82670520477222,86.35889292760237,25.467812277169855,68.62745098039215,207.5,129.12056257367647,424671.6,5340373,345833.4,41135.0,9.641211462107835
2021-05-10,9270,9435,9200,9345,497853,464327,9099.0,9025.5,8881.75,8628.75,133.89006771321328,95.86512788472456,38.024939828488726,69.62025316455696,210.71428571428572,125.90455700855625,426735.6,5838226,355424.25,-3466.0,-0.7409260078710012
2021-05-11,9345,9365,9140,9225,403786,438764,9167.0,9055.5,8899.5,8658.416666666666,140.0777156305012,104.70764543387989,35.3700701966213,62.848297213622295,217.14285714285714,88.49631253786711,430108.2,5434440,364475.3,-25563.0,-5.505387367092585
2021-05-12,9215,9370,9185,9280,460047,433582,9251.0,9079.5,8926.75,8685.666666666666,147.7167250741859,113.30946136194109,34.4072637122448,63.41463414634146,217.14285714285714,84.38295858356831,436797.2,5894487,374432.7,-5182.0,-1.1810449353182984
2021-05-13,9240,9310,9060,9110,588126,384204,9249.0,9102.0,8951.75,8710.416666666666,138.45706893947136,118.33898287744715,20.118086062024204,57.4585635359116,221.42857142857142,51.43811144374039,448155.65,5306361,383320.75,-49378.0,-11.388387894331409
2021-05-14,9135,9255,8885,9115,836739,389454,9215.0,9121.0,8977.75,8735.0,130.02335465798024,120.67585723355378,9.34749742442645,64.70588235294117,230.71428571428572,29.65656912466137,474186.2,6143100,393687.65,5250.0,1.3664615672923652
2021-05-17,9130,9250,9070,9115,460142,391767,9169.0,9134.0,8997.75,8758.25,121.93399612224857,120.92748501129275,1.0065111109558273,57.14285714285714,221.42857142857142,40.73262508755762,485415.85,6143100,405308.0,2313.0,0.5939083948296897
2021-05-18,9115,9245,9095,9235,356167,414862,9171.0,9169.0,9023.25,8783.5,123.77926796892825,121.49784160281985,2.2814263661084055,57.30337078651685,218.21428571428572,48.43875467894467,481937.95,6499267,410768.15,23095.0,5.895085599348593
2021-05-19,9235,9275,9005,9065,534134,382227,9128.0,9189.5,9036.0,8801.25,110.25315026511453,119.24890333527878,-8.995753070164255,56.666666666666664,216.07142857142858,23.936002510181677,489869.7,5965133,412984.15,-32635.0,-7.8664712603227045
2021-05-20,9005,9010,8755,8800,730641,383126,9066.0,9157.5,9034.0,8810.916666666666,77.25971730326273,110.85106612887557,-33.59134882561284,46.03174603174603,226.07142857142858,-48.909699778158334,501980.25,5234492,413267.15,899.0,0.23520054836523308
2021-05-21,8790,8805,8565,8580,632134,379936,8959.0,9087.0,9021.0,8810.416666666666,32.979851395222795,95.27682318214502,-62.29697178692223,38.328530259366,231.07142857142858,-95.02370480973082,512380.7,4602358,412257.1,-3190.0,-0.8326242541618178
2021-05-24,8630,8705,8580,8635,493797,376489,8863.0,9016.0,9020.75,8810.833333333334,2.2992743858449103,76.681313422885,-74.38203903704009,42.60355029585799,228.92857142857142,-94.12444703633092,511194.85,5096155,412316.4,-3447.0,-0.9072580645161255
2021-05-25,8640,8735,8620,8690,409165,381335,8754.0,8962.5,9009.0,8813.666666666666,-17.376952893706402,57.86966015956672,-75.24661305327312,45.058139534883715,224.64285714285714,-77.8587179715035,504121.7,5505320,410839.85,4846.0,1.2871558000366434
2021-05-26,8690,8715,8510,8620,533847,377337,8665.0,8896.5,8988.0,8815.666666666666,-38.1788181082411,38.65996450600515,-76.83878261424626,33.66013071895425,217.85714285714286,-82.42536991136582,508566.35,4971473,406828.7,-3998.0,-1.0484219911626291
2021-05-27,8600,8640,8455,8540,531544,379450,8613.0,8839.5,8970.75,8816.25,-60.42325589047687,18.84332042670875,-79.26657631718561,24.221453287197235,217.5,-85.85134907293185,506622.6,4439929,404824.5,2113.0,0.559976890683922
2021-05-28,8540,8720,8515,8600,483774,382485,8617.0,8788.0,8954.5,8820.583333333334,-72.37632531085364,0.5993912791962721,-72.97571659004991,24.221453287197235,215.35714285714286,-66.16371386316004,511101.3,4923703,403059.4,3035.0,0.7998418764000537
2021-05-31,8600,8760,8570,8755,413590,385916,8641.0,8752.0,8943.0,8827.416666666666,-68.55179194720768,-13.230845366084518,-55.32094658112316,34.121621621621614,212.85714285714286,-46.59325837830689,509811.7,5337293,400699.0,3431.0,0.8970286416460693
2021-06-01,8770,8945,8725,8935,468435,395121,8690.0,8722.0,8945.5,8834.0,-50.41517131247383,-20.667710555362383,-29.747460757111448,39.25233644859813,215.35714285714286,-13.788803845169285,514121.9,5805728,400554.9,9205.0,2.3852340923931736
2021-06-02,8935,8965,8730,8735,426868,369084,8713.0,8689.0,8939.25,8840.0,-51.585452338680625,-26.851258912026033,-24.734193426654592,38.53211009174312,214.28571428571428,-24.38276088789486,508867.6,5378860,400195.85,-26037.0,-6.589626975027906
2021-06-03,8785,8870,8710,8785,354306,373456,8762.0,8687.5,8922.5,8845.916666666666,-47.92586679125088,-31.066180487871005,-16.859686303379878,40.17857142857142,199.28571428571428,-25.842544750054625,503747.15,5733166,397535.75,4372.0,1.184554193625309
2021-06-04,8785,8830,8720,8760,404548,371055,8794.0,8705.5,8896.25,8847.0,-46.50680840746645,-34.154306071790096,-12.352502335676355,39.589442815249264,194.28571428571428,-25.699160646103294,500982.15,5328618,392698.85,-2401.0,-0.6429137569084475
2021-06-07,8790,8810,8535,8570,523102,365270,8757.0,8699.0,8857.5,8847.166666666666,-60.02171356652434,-39.327787570736945,-20.693925995787396,31.267605633802816,203.21428571428572,-46.85570136353365,502244.6,4805516,387746.0,-5785.0,-1.5590680626861197
2021-06-08,8580,8610,8490,8565,411333,370899,8683.0,8686.5,8824.5,8849.0,-70.325166741668,-45.52726340492316,-24.797903336744838,34.47204968944099,192.5,-58.44063402952444,502621.95,4394183,384352.75,5629.0,1.5410518246776306
2021-06-09,8555,8775,8520,8770,503129,384734,8690.0,8701.5,8799.0,8850.083333333334,-61.24297003567699,-48.67040473107393,-12.57256530460306,49.03225806451612,188.57142857142858,-26.93998928328522,504776.05,4897312,381910.35,13835.0,3.7301259911727946
2021-06-10,8795,8815,8685,8770,387757,389602,8687.0,8724.5,8782.0,8850.416666666666,-53.429363271317925,-49.62219643912273,-3.8071668321951933,57.14285714285714,180.71428571428572,-7.119127499756222,494757.6,4897312,382180.25,4868.0,1.26528978463043
2021-06-11,8790,8920,8775,8865,381085,408227,8708.0,8751.0,8769.5,8845.666666666666,-39.12036237877146,-47.52182962705248,8.401467248281023,58.394160583941606,182.5,21.089585362663893,471974.9,5278397,383118.9,18625.0,4.780519607188882
2021-06-15,8915,8970,8710,8805,289503,400438,8755.0,8756.0,8754.0,8841.0,-32.250115384566016,-44.46748677855519,12.217371393989175,54.18181818181819,192.85714285714286,20.950043322924262,463442.95,4988894,383552.45,-7789.0,-1.9080070646968483
2021-06-16,8805,8835,8720,8720,287433,396608,8786.0,8734.5,8728.25,8835.166666666666,-33.28054733629142,-42.23009889010244,8.94955155381102,53.597122302158276,186.42857142857142,8.281630816231548,460006.25,4701461,382639.75,-3830.0,-0.9564526843106824
2021-06-17,8705,8735,8530,8585,524580,378085,8749.0,8719.5,8704.25,8830.333333333334,-44.47783108950898,-42.67964532998375,-1.7981857595252322,51.55709342560553,187.85714285714286,-46.25065575876403,459528.55,4176881,382432.65,-18523.0,-4.670354607067939
2021-06-18,8560,8670,8460,8520,637914,384262,8699.0,8693.0,8690.25,8826.166666666666,-57.92894706608058,-45.72950567720312,-12.19944138887746,47.241379310344826,188.21428571428572,-71.2700847375453,454892.2,3538967,382489.45,6177.0,1.6337596043217717
2021-06-21,8510,8565,8330,8385,723926,387332,8603.0,8655.5,8680.5,8819.333333333334,-78.57664252275572,-52.29893304631364,-26.277709476442077,37.06293706293706,191.42857142857142,-108.83661473138608,459481.8,2815041,382859.25,3070.0,0.7989340606148865
2021-06-22,8380,8445,8295,8365,582691,402187,8515.0,8635.0,8667.0,8814.583333333334,-95.45359317943621,-60.929865072938156,-34.523728106498055,27.559055118110237,186.42857142857142,-109.76725170026431,463926.5,2232350,384144.15,14855.0,3.835211136699268
2021-06-23,8370,8580,8370,8515,595199,400345,8474.0,8630.0,8658.25,8813.0,-95.62267311638425,-67.86842668162737,-27.75424643475688,40.98360655737705,185.0,-60.214714585167975,473228.2,2827549,385094.65,-1842.0,-0.4579959073764184
2021-06-24,8515,8550,8390,8415,451093,400154,8440.0,8594.5,8648.0,8808.333333333334,-102.64263405711245,-74.8232681567244,-27.81936590038805,35.43307086614173,185.0,-66.76139109485864,469090.5,2376456,386235.5,-191.0,-0.04770885111591294
2021-06-25,8405,8520,8320,8520,641235,405265,8440.0,8569.5,8647.0,8801.666666666666,-98.59681845161867,-79.57797821570325,-19.01884023591542,41.111111111111114,191.42857142857142,-62.71076687478918,474575.05,3017691,387526.25,5111.0,1.2772582555716117
2021-06-28,8540,8700,8505,8685,611861,395649,8500.0,8551.5,8651.25,8799.833333333334,-81.14101627122909,-79.89058582680843,-1.2504304444206582,54.339622641509436,185.71428571428572,-6.342403043048011,480979.4,3629552,388184.45,-9616.0,-2.3727684354681533
2021-06-29,8675,8720,8620,8680,431088,399434,8563.0,8539.0,8647.5,8800.5,-66.93899443449845,-77.30026754834644,10.361273113847986,54.339622641509436,184.28571428571428,7.934371989612147,481854.3,3198464,388860.35,3785.0,0.9566560259219647
2021-06-30,8695,8770,8660,8695,390966,403505,8599.0,8536.5,8635.5,8803.083333333334,-53.85263550903073,-72.6107411404833,18.758105631452565,46.69603524229074,173.92857142857142,22.945097218537676,477980.85,3589430,389279.55,4071.0,1.0191921569020268
2021-07-01,8695,8745,8650,8710,321181,405181,8658.0,8549.0,8634.25,8801.666666666666,-41.78950375250679,-66.446493662888,24.656989910381213,47.391304347826086,171.42857142857142,23.251437894225578,472696.5,3910611,391084.4,1676.0,0.41536040445595557
2021-07-02,8740,8755,8630,8710,349156,404425,8696.0,8568.0,8630.5,8798.0,-31.862098487395997,-59.529614627789606,27.66751614039361,42.65402843601896,169.64285714285714,24.29040515965741,472439.0,3910611,392632.85,-756.0,-0.18658328006495584
2021-07-05,8720,8875,8665,8870,408264,430452,8733.0,8616.5,8636.0,8796.833333333334,-10.957583268436792,-49.81520835591905,38.857625087482255,52.81385281385281,166.07142857142858,60.584045954081994,472624.8,4318875,395602.7,26027.0,6.435556654509478
2021-07-06,8850,8860,8775,8805,277591,421314,8758.0,8660.5,8647.75,8795.666666666666,0.36028572953546245,-39.78010953882814,40.140395268363605,53.74449339207048,164.64285714285714,58.657273521178666,460349.25,4041284,398404.9,-9138.0,-2.122884781578438
2021-07-07,8805,8850,8700,8735,385916,403524,8766.0,8682.5,8656.25,8793.416666666666,3.6394106056704913,-31.096205509928417,34.73561611559891,57.00934579439252,160.71428571428572,37.308416898527405,459078.4,3655368,400036.15,-17790.0,-4.222503880716044
2021-07-08,8740,8925,8650,8880,537211,441900,8800.0,8729.0,8661.75,8795.833333333334,17.73400233932989,-21.33016394007676,39.06416627940665,65.65217391304347,165.35714285714286,52.691597800400054,460782.5,4192579,402894.45,38376.0,9.510215005798916
2021-07-09,8885,8960,8865,8940,414235,458178,8846.0,8771.0,8670.25,8801.333333333334,33.36100153420011,-10.391930845221385,43.752932379421495,75.81395348837209,155.35714285714286,78.86464844432447,462106.4,4606814,406323.25,16278.0,3.683638832314995
2021-07-12,8950,8995,8865,8905,405617,435109,8853.0,8793.0,8672.25,8806.5,42.43217182608714,0.17288968904032131,42.259282137046824,74.77064220183486,153.92857142857142,75.56755269075681,463333.0,4201197,407667.35,-23069.0,-5.034942751507055
2021-07-13,8890,8935,8815,8900,305573,416589,8872.0,8815.0,8677.0,8809.583333333334,48.6567961650162,9.869670984235498,38.787125180780706,70.37037037037037,147.14285714285714,62.06494150659506,464136.5,3895624,408474.9,-18520.0,-4.256404716978968
2021-07-14,8890,8975,8865,8950,385340,432886,8915.0,8840.5,8688.5,8813.333333333334,56.9677491808161,19.289286623551618,37.67846255726448,79.88826815642457,143.57142857142858,69.70936520027784,469031.85,4280964,410288.8,16297.0,3.912009198514599
2021-07-15,8950,9135,8895,9130,495240,471725,8965.0,8882.5,8715.75,8818.666666666666,77.18894884640576,30.869219068122447,46.31972977828332,81.44329896907217,146.42857142857142,89.34549782420414,467564.85,4776204,414970.8,38839.0,8.972108130085065
2021-07-16,9120,9335,9070,9280,452847,486385,9033.0,8939.5,8753.75,8826.0,104.11793492233483,45.51896223896493,58.598972683369894,81.15183246073298,151.42857142857142,109.3020020668478,458311.5,5229051,420076.95,14660.0,3.1077428586570477
2021-07-19,9305,9395,9250,9355,371538,481723,9123.0,8988.0,8802.25,8834.583333333334,130.0125201963856,62.41767383044907,67.59484636593652,82.92682926829269,154.64285714285714,110.625372215098,440692.1,5600589,424796.5,-4662.0,-0.9584999537403549
2021-07-20,9300,9345,9115,9280,464613,454445,9199.0,9035.5,8848.0,8845.25,142.8357705370654,78.50129317177235,64.33447736529305,76.95852534562212,163.92857142857142,84.20320666840328,434788.2,5135976,427409.4,-27278.0,-5.662590326806072
2021-07-21,9290,9295,9120,9145,302130,436286,9238.0,9076.5,8879.5,8848.916666666666,140.48548780640522,90.89813209869892,49.587355707706294,68.04979253112033,169.64285714285714,65.43416893945597,420134.75,4833846,429206.45,-18159.0,-3.9958630857419464
2021-07-22,9140,9300,9060,9120,451014,414214,9236.0,9100.5,8914.75,8850.25,135.04882198829546,99.72827007661824,35.320551911677214,66.66666666666666,177.85714285714286,55.447551232683686,420130.8,4382832,429909.45,-22072.0,-5.059066758960862
2021-07-23,9120,9260,9110,9205,346972,428658,9221.0,9127.0,8949.0,8855.583333333334,136.0309348431838,106.98880302993136,29.042131813252425,64.5021645021645,173.57142857142858,58.15828612703143,405417.65,4729804,431079.1,14444.0,3.4870863852984213
2021-07-26,9205,9275,9120,9200,380914,423201,9190.0,9156.5,8974.75,8860.166666666666,134.85132599908684,112.56130762376247,22.290018375324365,68.0365296803653,177.85714285714286,54.3715892295969,393870.3,4348890,432456.7,-5457.0,-1.2730428453452403
2021-07-27,9200,9335,9050,9060,440252,401211,9146.0,9172.5,8993.75,8861.416666666666,121.22227261981789,114.29350062297357,6.928771996844318,63.94849785407725,187.5,38.73221634737098,394328.5,3908638,432545.55,-21990.0,-5.196112485556503
2021-07-28,9090,9145,9010,9115,362978,387322,9140.0,9189.0,9014.75,8865.25,113.55025333270169,114.1448511649192,-0.5945978322175165,60.93023255813953,177.5,21.273531799807976,392929.1,4271616,431736.4,-13889.0,-3.461769492860367
2021-07-29,9115,9220,9095,9120,309121,379421,9140.0,9188.0,9035.25,8869.583333333334,106.64425242874859,112.64473141768508,-6.000478988936493,58.8235294117647,179.64285714285714,31.15006613037616,392326.1,4580737,430448.4,-7901.0,-2.0399047820676364
2021-07-30,9130,9265,9105,9175,326580,376103,9134.0,9177.5,9058.5,8870.5,104.40571323130644,110.99692778040935,-6.591214549102915,62.98076923076923,181.78571428571428,37.12223311723932,391197.3,4907317,429032.3,-3318.0,-0.874490341862999
2021-08-02,9105,9110,8895,8935,518910,332553,9081.0,9135.5,9061.75,8864.666666666666,82.31676413665627,105.26089505165874,-22.94413091500246,51.372549019607845,193.21428571428572,-23.800173467238498,396729.6,4388407,424137.35,-43550.0,-11.579274826310881
2021-08-03,8935,8935,8810,8820,322382,318399,9033.0,9089.5,9062.5,8855.916666666666,54.89873548259493,95.18846313784599,-40.289727655251056,45.149253731343286,194.28571428571428,-62.8914305849957,398969.15,4066025,418991.6,-14154.0,-4.256163679172942
2021-08-04,8805,8955,8785,8940,313376,306683,8998.0,9069.0,9072.75,8851.166666666666,42.364396958957514,84.6236499020683,-42.25925294311078,42.57812500000001,189.28571428571428,-56.80687881860609,395342.15,4379401,414149.55,-11716.0,-3.6796597979265044
2021-08-05,8940,9155,8940,9080,500187,311406,8990.0,9065.0,9082.75,8847.833333333334,43.22935228135975,76.34479037792659,-33.115438096566834,42.12598425196851,185.71428571428572,-7.7224555431852115,393490.95,4879588,407624.85,4723.0,1.540026672492445
2021-08-06,9080,9200,9010,9140,307331,314520,8983.0,9058.5,9092.75,8848.333333333334,48.20070642533756,70.71597358740878,-22.515267162071225,41.43426294820717,188.92857142857142,9.659565707404237,388145.75,5186919,400441.95,3114.0,0.9999807325485
2021-08-09,9120,9175,9060,9105,276850,295084,9017.0,9049.0,9102.75,8848.166666666666,48.75432341648229,66.32364355322349,-17.569320136741197,42.79835390946502,180.0,5.184363159085263,381707.4,4910069,393440.7,-19436.0,-6.179575225740807
2021-08-10,9070,9250,9070,9245,292733,308458,9102.0,9067.5,9120.0,8850.333333333334,59.800555265199364,65.01902589561867,-5.218470630419304,54.09836065573771,180.35714285714286,29.893816523707088,381065.4,5202802,388034.15,13374.0,4.532268777703985
2021-08-11,9205,9330,9175,9325,277951,296837,9179.0,9088.5,9138.75,8851.833333333334,74.15528898980301,66.84627851445555,7.309010475347463,58.0392156862745,174.28571428571428,60.29968867422612,375695.95,5480753,381231.7,-11621.0,-3.767449701418024
2021-08-12,9325,9365,9280,9335,239504,290659,9230.0,9110.0,9149.0,8856.333333333334,85.35452152059042,70.54792711568253,14.806594404907898,55.41666666666667,169.64285714285714,71.88753152156013,362909.15,5720257,372178.4,-6178.0,-2.0812769297627987
2021-08-13,9320,9460,9290,9335,343020,269624,9269.0,9126.0,9151.75,8865.25,93.15614790202744,75.06957127295152,18.08657662907592,55.64853556485355,170.71428571428572,78.24652564174094,357417.8,5720257,361340.35,-21035.0,-7.237002810853954
2021-08-16,9305,9435,9300,9330,265546,243547,9314.0,9165.5,9150.5,8877.75,97.808064321649,79.61726988269102,18.19079443895798,62.735849056603776,160.0,74.44313666331061,352118.2,5454711,349431.55,-26077.0,-9.671616770020474
2021-08-17,9305,9480,9300,9450,265346,232809,9355.0,9228.5,9159.0,8891.333333333334,109.91075594019458,85.67596709419173,24.234788846002843,64.88888888888889,163.21428571428572,85.1826672604883,342154.85,5720057,338349.75,-10738.0,-4.409005243341124
2021-08-18,9440,9450,9300,9330,308687,165580,9356.0,9267.5,9168.25,8902.0,108.56772793831078,90.25431926301555,18.313408675295236,58.467741935483865,165.0,62.240908425719944,342482.7,5411370,324814.45,-67229.0,-28.877320034878373
2021-08-19,9310,9420,9220,9375,263078,135832,9364.0,9297.0,9181.0,8914.583333333334,109.86800254722402,94.17705591985725,15.69094662736677,58.130081300813,167.85714285714286,50.69445460062567,333085.9,5674448,310895.35,-29748.0,-17.965937915207153
2021-08-20,9075,9150,9025,9135,417228,374670,9324.0,9296.5,9177.5,8924.5,90.48938006079334,93.43952074804447,-2.9501406872511353,58.130081300813,172.85714285714286,-22.734229072899033,336598.7,5257220,308195.95,238838.0,175.8333824135697
2021-08-23,9115,9245,9075,9130,495444,370491,9284.0,9299.0,9174.0,8933.333333333334,73.876620220306,89.52694064249678,-15.650320422190788,63.839285714285715,176.07142857142858,-7.164200770408833,342325.2,4761776,305560.45,-4179.0,-1.1153815357514585
2021-08-24,9150,9230,9105,9225,378717,386904,9239.0,9297.0,9182.25,8941.166666666666,67.5973739609999,85.14102730619742,-17.543653345197512,63.013698630136986,172.85714285714286,3.861575386192446,339248.45,5140493,304845.1,16413.0,4.430067127136694
2021-08-25,9205,9320,9175,9290,387878,430446,9231.0,9293.5,9191.0,8947.083333333334,67.09258131953902,81.53133810886574,-14.438756789326717,60.294117647058826,167.85714285714286,24.968451243876284,340493.45,5528371,307001.3,43542.0,11.253954469325734
2021-08-26,9300,9350,9180,9190,444632,428835,9194.0,9279.0,9194.5,8954.666666666666,57.95529271076521,76.81612902924564,-18.860836318480438,52.35849056603774,166.42857142857142,16.551511366590187,347269.0,5083739,309472.0,-1611.0,-0.3742629737528036
2021-08-27,9175,9180,9080,9140,411728,397021,9195.0,9259.5,9192.75,8960.583333333334,46.14738519436651,70.68238026226982,-24.53499506790331,51.62790697674419,166.07142857142858,-16.475990258549828,351526.4,4672011,310517.9,-31814.0,-7.41870416360605
2021-08-30,9145,9380,9105,9300,510348,441113,9229.0,9256.5,9211.0,8969.583333333334,49.13381223770739,66.37266665735734,-17.238854419649954,52.51141552511416,172.85714285714286,20.558946705395602,351098.3,5182359,315945.9,44092.0,11.105709773538418
2021-08-31,9300,9360,9200,9220,434786,436620,9228.0,9233.5,9231.0,8980.416666666666,44.53190963932502,62.00451525375088,-17.47260561442586,45.205479452054796,173.21428571428572,15.727710096507204,356718.5,4747573,321856.95,-4493.0,-1.0185598701466514
2021-09-01,9215,9215,9125,9190,447850,418302,9208.0,9219.5,9243.5,8990.833333333334,38.02578185267885,57.208768573536474,-19.182986720857627,43.49775784753363,173.92857142857142,-27.734945931744104,363442.2,4299723,327437.9,-18318.0,-4.1954101965095525
2021-09-02,9190,9445,9185,9350,606488,519517,9240.0,9217.0,9257.0,9000.5,45.25857880784133,54.81873062039745,-9.560151812556121,50.588235294117645,180.35714285714286,41.14833316445524,368757.25,4906211,337843.45,101215.0,24.196633054587345
2021-09-03,9350,9475,9330,9420,466618,533736,9296.0,9245.5,9271.0,9011.333333333334,55.993578373194396,55.053700170956844,0.9398782022375514,53.35820895522388,181.07142857142858,74.9738236495099,376721.6,5372829,348804.25,14219.0,2.7369652966120483
2021-09-06,9420,9490,9370,9460,383082,541638,9328.0,9278.5,9288.75,9021.25,66.95697030190968,57.434354197147414,9.522616104762264,50.3968253968254,176.78571428571428,81.85931016421736,382033.2,5755911,361131.95,7902.0,1.4805072170511302
2021-09-07,9465,9725,9460,9695,620200,580842,9423.0,9325.5,9311.25,9036.083333333334,93.52991873264727,64.6534671042474,28.876451628399877,63.27272727272727,185.0,132.33065592784848,398406.55,6376111,374751.15,39204.0,7.238044598052573
2021-09-08,9675,10060,9605,9830,848206,573405,9551.0,9379.5,9336.5,9054.583333333334,124.05254307316682,76.53328229803128,47.519260775135535,65.52901023890786,203.21428571428572,147.2793764987281,426919.3,7224317,388579.55,-7437.0,-1.280382616959519
2021-09-09,9825,10020,9790,9885,600031,566169,9658.0,9449.0,9364.0,9076.25,150.94004028498966,91.41463389542297,59.5254063895667,79.296875,194.64285714285714,126.99059653746872,444945.65,7824348,402355.05,-7236.0,-1.2619352813456497
2021-09-10,9885,10095,9845,9915,651427,569301,9757.0,9526.5,9393.0,9099.5,172.67879120268663,107.66746535687571,65.01132584581092,80.07662835249042,200.35714285714286,112.4711373828316,460366.0,8475775,417338.9,3132.0,0.553191714841339
2021-09-13,9950,10070,9810,9820,658363,541284,9829.0,9578.5,9417.5,9123.416666666666,180.16437905897146,122.16684809729486,57.9975309616766,72.79693486590038,210.0,88.10133976563134,480006.85,7817412,432225.75,-28017.0,-4.921298223611059
2021-09-14,9810,9860,9635,9665,674755,504898,9823.0,9623.0,9428.25,9145.083333333334,171.6113281878679,132.05574411540948,39.55558407245843,63.44086021505377,215.71428571428572,51.16428118205739,500477.3,7142657,445830.2,-36386.0,-6.722164335173398
2021-09-15,9685,9995,9550,9960,934679,524269,9849.0,9700.0,9459.75,9169.166666666666,186.48729883657143,142.9420550596419,43.54524377692954,74.21383647798743,235.35714285714286,64.1599172694777,531776.9,8077336,463764.65,19371.0,3.8366165047197587
2021-09-16,9990,10285,9955,10075,845774,518012,9887.0,9772.5,9494.75,9196.833333333334,205.19083938656513,155.39181192502656,49.79902746153857,78.2477341389728,251.07142857142858,93.00044901820853,560911.7,8923110,482873.65,-6257.0,-1.1934712905016354
2021-09-17,10050,10180,9750,9825,821652,463736,9869.0,9813.0,9529.25,9218.583333333334,197.56323338571383,163.82609621716404,33.73713716854979,65.0429799426934,262.14285714285717,58.572425508783176,581132.9,8101458,487326.95,-54276.0,-10.477749550203475
2021-09-22,9995,10350,9905,10335,631452,516533,9972.0,9900.5,9589.5,9246.083333333334,230.01951662281863,177.06478029829498,52.95473632452365,75.63218390804597,288.2142857142857,87.81163728332925,587933.3,8732910,494629.05,52797.0,11.385141546052058
2021-09-23,10300,10725,10275,10635,973044,526149,10166.0,9994.5,9660.0,9278.666666666666,276.7585474596053,197.00353373055705,79.75501372904827,79.55010224948876,313.57142857142856,112.6410993689415,617649.65,9705954,501591.3,9616.0,1.861642915360684
2021-09-24,10600,10875,10300,10565,1078343,505665,10287.0,10068.0,9723.75,9309.833333333334,304.63945711851557,218.53071840814874,86.10873871036682,75.79617834394904,336.07142857142856,98.92221424570158,652172.9,8627611,505352.25,-20484.0,-3.8931937531003546
2021-09-27,10645,11365,10625,11295,1220618,491969,10531.0,10209.0,9829.0,9352.916666666666,381.24541816617057,251.07365835975315,130.1717598064174,81.09452736318408,382.85714285714283,123.89848694051875,690972.2,9848229,508508.95,-13696.0,-2.7085125527770315
2021-09-28,11340,11700,11205,11635,1019973,478502,10893.0,10381.0,9953.75,9401.666666666666,464.0421635093044,293.6673593896634,170.374804119641,82.8054298642534,409.64285714285717,128.08264055237566,721384.45,10868202,512583.0,-13467.0,-2.737367598364937
2021-09-29,11640,12035,11450,11740,1293861,444255,11174.0,10573.0,10075.75,9449.5,531.999247028747,341.3337369174801,190.66551011126694,82.10361067503925,432.5,117.5679275759029,760560.1,12162063,512740.1,-34247.0,-7.157127869893964
2021-09-30,11890,12210,11690,12160,772552,422248,11479.0,10822.5,10222.75,9505.416666666666,612.6835803043359,395.6037055948513,217.0798747094846,83.5734870317003,437.14285714285717,112.04473710800453,777448.4,12934615,512021.5,-22007.0,-4.95368650887441
2021-10-08,12500,12615,11805,12180,645452,389625,11802.0,11044.5,10372.25,9562.833333333334,670.5110940637933,450.58518328863977,219.9259107751535,83.4061135371179,478.57142857142856,103.83679252363005,787328.5,13580067,510587.65,-32623.0,-7.726028305640287
2021-10-11,12225,13075,12225,13075,1104045,436249,12158.0,11344.5,10558.5,9632.75,779.5724100398511,516.3826286388821,263.18978140096897,86.74418604651163,524.6428571428571,112.13968568395482,812206.35,14684112,506424.25,46624.0,11.966377927494376
2021-10-12,13100,13380,12845,13215,1096139,412813,12474.0,11683.5,10748.25,9704.0,867.3033851203545,586.5667799351767,280.73660518517784,89.06789413118527,544.2857142857143,107.47893645728423,843682.4,15780251,500378.1,-23436.0,-5.372161311544554
2021-10-13,13140,13145,12225,12225,1262212,397679,12571.0,11872.5,10886.5,9759.333333333334,847.1803213216554,638.6894882124725,208.49083310918286,74.71042471042472,598.9285714285714,71.79705246608019,887638.9,14518039,493180.15,-15134.0,-3.6660667178601503
2021-10-14,12010,12065,11370,11715,1609683,298783,12482.0,11980.5,10987.5,9806.25,781.0761508660198,667.1668207431819,113.9093301228379,66.26506024096386,628.2142857142857,33.00792467729154,937113.05,12908356,479077.2,-98896.0,-24.868298300890924
2021-10-15,11800,11980,11070,11495,1723534,310614,12345.0,12073.5,11070.75,9848.666666666666,702.8341238609937,674.3002813667443,28.53384249424937,62.909090909090914,669.6428571428571,20.98309049322962,980879.45,11184822,465937.65,11831.0,3.9597299712500478
2021-10-18,11645,12080,11250,11840,1581908,308049,12098.0,12128.0,11168.5,9893.833333333334,661.045252288839,671.6492755511633,-10.60402326232429,68.0071492403932,698.2142857142857,26.808023464075756,1029973.3,12766730,453031.65,-2565.0,-0.8257837702099757
2021-10-19,11850,12110,11650,11860,950332,316258,11827.0,12150.5,11265.75,9936.833333333334,622.3668457603544,661.7927895930015,-39.425943832647135,64.93633692458374,693.5714285714286,29.97530776332155,1044918.55,13717062,440379.5,8209.0,2.664835789111475
2021-10-20,11665,11685,11040,11040,354887,314741,11590.0,12080.5,11326.75,9964.916666666666,519.5576458219657,633.3457608387945,-113.78811501682878,53.6,720.0,-2.2624519973069512,1029744.75,13362175,429052.35,-1517.0,-0.4796716604797302
2021-10-21,10650,11050,10315,10355,1026908,284115,11318.0,11900.0,11361.25,9982.833333333334,378.44436785517246,582.3654822420701,-203.92111438689767,48.31730769230769,731.4285714285714,-39.83411986807499,1047352.4,12335267,418013.2,-30626.0,-9.7305403490489
2021-10-22,10200,10610,9990,10225,1024912,273074,11064.0,11704.5,11374.5,10000.833333333334,253.20240514209763,516.5328668220757,-263.33046167997804,40.51418439716313,718.5714285714286,-58.302540963478066,1051864.05,11310355,405453.45,-11041.0,-3.88610245851152
2021-10-25,10300,10480,9870,10195,1185460,277725,10735.0,11416.5,11380.5,10018.75,149.79970039376894,443.18623353641436,-293.3865331426454,36.49155722326454,726.7857142857143,-63.85740522769006,1068848.35,10124895,393439.1,4651.0,1.7032013300424031
2021-10-26,9910,10190,9495,9775,1429667,265882,10318.0,11072.5,11378.0,10028.25,33.574792680476094,361.26394536522673,-327.68915268475064,32.59521700620017,735.0,-82.29929128719132,1099249.1,8695228,383546.4,-11843.0,-4.264290215140876
2021-10-27,9700,9755,9105,9105,1282960,293046,9931.0,10760.5,11316.5,10026.666666666666,-111.31452011689726,266.74825226880193,-378.0627723856992,24.088210347752323,745.7142857142857,-98.66107335174082,1131824.5,7412268,372372.05,27164.0,10.216562234374639
2021-10-28,9075,9700,8790,9545,1552723,255745,9769.0,10543.5,11262.0,10034.75,-188.463531338577,175.70589554732615,-364.16942688590314,29.136975455265244,752.8571428571429,-87.57490740590798,1160808.45,8964991,358851.85,-37301.0,-12.728718358209978
2021-10-29,9540,9655,8920,9120,1374472,299772,9548.0,10306.0,11189.75,10034.833333333334,-280.6633147021312,84.43205349743471,-365.0953681995659,16.16766467065868,741.4285714285714,-83.37743131055004,1175614.9,7590519,348557.2,44027.0,17.215194822968183
2021-11-01,9065,9435,9021,9048,1140018,304594,9318.6,10026.8,11077.4,10033.633333333333,-355.4447596199916,-3.543309126050559,-351.90145049394107,13.934568114938543,732.7857142857143,-76.50196347836399,1171584.9,6450501,339188.45,4822.0,1.6085558357685104
2021-11-02,9044,9178,8572,8673,1506304,331205,9098.2,9708.1,10929.3,10025.266666666666,-439.89808814971184,-90.81426493078281,-349.083823218929,15.594730724525377,705.3571428571429,-79.46402547728746,1195901.45,4944197,331823.6,26611.0,8.736547666730132
2021-11-03,8673,8958,8515,8901,1565662,316564,9057.4,9494.2,10787.35,10024.7,-482.86410807300126,-169.2242335592265,-313.63987451377477,21.16803278688525,675.9285714285714,-70.98855384481978,1209491.5,6509859,325439.05,-14641.0,-4.420525052459956
2021-11-04,8900,8930,8137,8188,1860758,363554,8786.0,9277.5,10588.75,10014.166666666666,-567.9017121944034,-248.9597292862619,-318.94198290814154,19.22575842173832,667.5714285714286,-74.33085392888327,1263901.8,4649101,322504.35,46990.0,14.843759871621543
2021-11-05,8250,8446,8108,8372,1542099,324234,8636.4,9092.2,10398.35,10004.7,-613.3767386462769,-321.8431311582649,-291.53360748801197,16.730621642363772,632.4285714285714,-69.69003720413933,1308734.15,6191200,319234.8,-39320.0,-10.815449699356904
2021-11-08,8400,8551,8232,8515,1284087,322416,8529.8,8924.2,10170.35,9995.283333333333,-630.6078649131723,-383.5960779092464,-247.01178700392592,18.650421743205243,622.3571428571429,-60.19346173959319,1317736.25,7475287,313543.15,-1818.0,-0.5607061566646365
2021-11-09,8530,8778,8382,8654,1390745,299204,8526.0,8812.1,9942.3,9987.183333333332,-625.8333015620137,-432.0435226397999,-193.78977892221383,24.366136656639455,592.0714285714286,-51.21291354710311,1332466.55,8866032,307862.7,-23212.0,-7.199394570989037
2021-11-10,8654,8938,8465,8853,1551985,316438,8516.4,8786.9,9773.7,9982.983333333334,-599.0858994884638,-465.4519980095327,-133.63390147893114,31.981765834932816,573.3571428571429,-42.363476483788965,1346955.2,10418017,303800.65,17234.0,5.759949733292347
2021-11-11,8900,9203,8808,9095,925692,370062,8697.8,8741.9,9642.7,9980.483333333334,-551.9979246503444,-482.76118333769506,-69.23674131264937,36.79906542056075,557.2857142857143,-27.214114489307363,1312755.65,11343709,307364.6,53624.0,16.946131627680614
2021-11-12,9095,9099,8666,8700,978276,343029,8763.4,8699.9,9502.95,9970.066666666668,-540.3250335418434,-494.27395337852477,-46.0510801633186,33.90742734122712,544.6428571428571,-32.55592037970275,1275492.75,10365433,308985.35,-27033.0,-7.304992136452815
2021-11-15,8673,8836,8513,8545,799673,335035,8769.4,8649.6,9338.2,9956.9,-537.3867281600615,-502.89650833483216,-34.4902198252293,35.95890410958904,517.7142857142857,-38.06260958115241,1236381.0,9565760,310334.65,-7994.0,-2.330415212707959
2021-11-16,8544,8700,8336,8359,820496,354207,8710.4,8618.2,9163.15,9940.633333333333,-543.7981786084056,-511.07684238954687,-32.72133621885871,40.42607802874743,495.85714285714283,-45.952810204621706,1229889.2,8745264,312232.1,19172.0,5.7223872132762255
2021-11-17,8369,8468,8251,8316,686586,338784,8603.0,8559.7,9026.95,9923.733333333334,-546.054463961289,-518.0723667038953,-27.98209725739366,32.437839382680764,446.35714285714283,-53.292315981135225,1246474.15,8058678,313434.25,-15423.0,-4.354233541403751
2021-11-18,8300,8517,8266,8392,746664,318184,8462.4,8580.1,8928.8,9906.1,-535.5366879390585,-521.565230950928,-13.971456988130512,38.44444444444444,411.7857142857143,-47.802960642209904,1232461.95,8805342,315137.7,-20600.0,-6.0805705110040575
2021-11-19,8433,8961,8340,8961,995582,362350,8514.6,8639.0,8865.6,9899.95,-475.8029695405694,-512.4127786688564,36.609809128287,48.80723882643268,426.57142857142856,-12.613887439608643,1230995.45,9800924,319601.5,44166.0,13.880647675558787
2021-11-22,8888,9081,8736,8855,930042,342172,8576.6,8673.0,8798.6,9891.283333333333,-432.03663211109233,-496.3375493573036,64.30091724621127,52.69390171699231,407.92857142857144,9.187693408727549,1218224.55,8870882,322823.85,-20178.0,-5.568649096177724
2021-11-23,8765,8999,8714,8808,795783,352899,8666.4,8688.4,8750.25,9885.833333333334,-396.57255996992353,-476.3845514798276,79.81199150990409,48.545511416953396,396.64285714285717,11.131112121208284,1186530.35,8075099,327174.7,10727.0,3.1349730544872223
2021-11-24,8810,9118,8763,9050,890501,353877,8813.2,8708.1,8747.5,9884.5,-344.9631295462732,-450.10026709311677,105.13713754684358,65.81071166544388,365.35714285714283,37.34058673466259,1166907.4,8965600,330216.25,978.0,0.2771331174075353
2021-11-25,9050,9243,9011,9069,712794,338458,8948.6,8705.5,8723.7,9881.9,-299.081517339182,-419.89651714232986,120.81499980314783,63.60796563842249,357.7857142857143,65.27188187830734,1124910.95,9678394,334351.9,-15419.0,-4.357163647255968
2021-11-26,9031,9075,8611,8641,762769,334594,8884.6,8699.6,8699.75,9871.083333333334,-293.8684990306174,-394.6909135199874,100.82241448937003,52.213633169360506,368.14285714285717,11.572579420197858,1094325.8,8915625,336093.0,-3864.0,-1.1416482990504018
2021-11-29,8585,8830,8467,8776,627912,289736,8868.8,8722.7,8686.15,9864.183333333332,-275.6660658939272,-370.8859439947754,95.21987810084818,52.146375791695995,365.7857142857143,-0.2303735998805628,1068720.5,9543537,335350.1,-44858.0,-13.406695876196228
2021-11-30,8776,8797,8472,8555,579942,288476,8818.2,8742.3,8680.25,9854.433333333332,-275.89303633220334,-351.887362462261,75.99432613005769,44.797486033519554,355.2142857142857,-15.820051842090837,1022402.4,8963595,333213.65,-1260.0,-0.4348786481486622
2021-12-01,8555,8765,8541,8677,562358,273021,8743.6,8778.4,8669.05,9844.05,-263.19458825584115,-334.1488076209771,70.95421936513594,42.38338192419825,343.0,-3.132076233458571,972237.2,9525953,331036.5,-15455.0,-5.357464745767415
2021-12-02,8698,8747,8330,8332,782250,315958,8596.2,8772.4,8676.25,9829.25,-277.7676606945206,-322.8725782356858,45.10491754116521,43.17000742390498,341.85714285714283,-45.30516079533947,918311.8,8743703,328656.7,42937.0,15.72662908713982
2021-12-03,8306,8505,8183,8450,630555,278685,8558.0,8721.3,8680.15,9816.916666666666,-276.60676120124117,-313.6194148287969,37.01265362755572,48.21226947685359,341.7857142857143,-67.31087940932261,872734.6,9374258,326379.25,-37273.0,-11.796821096474853
2021-12-06,8450,8568,8362,8531,532286,274894,8509.0,8688.9,8680.95,9803.266666666666,-266.0834722968066,-304.11222632239884,38.028754025592264,53.36990595611286,330.5,-44.51319994894907,835144.55,9906544,324003.15,-3791.0,-1.3603172040116962
2021-12-07,8571,8676,8481,8537,533654,256858,8505.4,8661.8,8675.1,9788.55,-254.32780751644532,-294.15534256120816,39.82753504476284,54.39363817097414,328.92857142857144,-26.437033449455107,792290.0,10440198,321885.85,-18036.0,-6.56107445051547
2021-12-08,8537,8645,8286,8303,576708,259039,8430.6,8587.1,8647.6,9769.266666666666,-260.88587291625845,-287.5014486322182,26.61557571595978,48.33520389075945,336.64285714285717,-55.231086233017045,743526.15,9863490,319015.9,2181.0,0.8491072888522133
2021-12-09,8295,8400,8226,8339,390588,192969,8432.0,8514.1,8609.8,9746.666666666666,-260.17910509085596,-282.03697992394575,21.857874833089795,35.467289719626166,304.7142857142857,-68.49164552625312,716770.95,10254078,310161.25,-66070.0,-25.505811866166873
2021-12-10,8155,8256,8044,8177,815259,245938,8377.4,8467.7,8583.65,9719.116666666667,-269.58344249157017,-279.54627243747063,9.962829945900467,34.56284153005464,301.14285714285717,-89.9726816378038,708620.1,9438819,305306.7,52969.0,27.449486705118442
2021-12-13,8157,8250,7926,8223,1242718,269645,8315.8,8412.4,8567.55,9691.416666666666,-270.2098214523394,-277.6789822404444,7.469160788105,36.67425968109339,303.92857142857144,-83.06162413027904,730772.35,10681537,302037.2,23707.0,9.639421317567853
2021-12-14,8188,8388,8180,8258,844454,280370,8260.0,8382.7,8562.5,9663.8,-264.8292372027736,-275.10903323291024,10.279796030136652,30.080482897384314,293.42857142857144,-52.84478920751545,731970.25,11525991,298345.35,10725.0,3.977451834819856
2021-12-15,8258,8314,8050,8050,882390,314871,8209.4,8320.0,8549.2,9634.3,-274.18827532971954,-274.9248816522721,0.736606322552575,26.59623334864493,295.7142857142857,-72.91395849489427,741760.45,10643601,297149.7,34501.0,12.305524842172844
2021-12-16,8050,8162,8015,8124,893349,321453,8166.4,8299.2,8535.8,9608.616666666667,-272.4930684453666,-274.438519010891,1.9454505655244247,35.8200767964893,273.07142857142856,-72.94900928112624,749094.7,11536950,297313.15,6582.0,2.0903798698514553
2021-12-17,8124,8347,8109,8338,1030737,311099,8198.6,8288.0,8504.65,9581.583333333334,-250.98835571893142,-269.7484863524991,18.760130633567712,38.48580441640379,264.14285714285717,-41.240009590304794,750852.45,12567687,294750.6,-10354.0,-3.2209996484711567
2021-12-20,8338,8536,8256,8281,1242290,298614,8210.2,8263.0,8475.95,9551.683333333332,-235.82667645213587,-262.96412437242645,27.137447920290583,42.11737629459148,260.92857142857144,-22.228242524996134,766464.85,11325397,292572.7,-12485.0,-4.013191942114891
2021-12-21,8280,8560,8272,8423,1240718,341829,8243.2,8251.6,8456.7,9528.316666666668,-209.93274908980675,-252.35784931590254,42.42510022609579,42.77588168373151,265.5,-8.430797864449,788711.6,12566115,292019.2,43215.0,14.471859993168446
2021-12-22,8430,8459,8300,8359,1046227,317837,8305.0,8257.2,8422.15,9495.383333333333,-192.35850116672918,-240.3579796860679,47.99947851933871,50.91401489505755,247.07142857142858,-12.44219210127503,796497.9,11519888,290217.2,-23992.0,-7.018714035380258
2021-12-23,8350,8508,8282,8501,977245,339257,8380.4,8273.4,8393.75,9459.816666666668,-165.0697485071487,-225.30033345028406,60.23058494313537,51.69886742171886,240.21428571428572,7.61046042648169,809720.45,12497133,290257.15,21420.0,6.73930347945646
2021-12-24,8506,8571,8421,8489,976997,334243,8410.6,8304.6,8386.15,9425.216666666667,-142.76579985924764,-208.7934267320768,66.02762687282916,48.53351955307263,236.21428571428572,30.757465599094218,820431.85,11520136,290239.6,-5014.0,-1.477935606339742
2021-12-27,8500,8605,8233,8239,1162292,322968,8402.2,8306.2,8359.3,9374.283333333333,-143.6072554785933,-195.7561924813801,52.14893700278682,41.10978520286396,248.85714285714286,-3.549251975209277,847150.85,10357844,291901.2,-11275.0,-3.3732942799101218
2021-12-28,8239,8510,8224,8496,936931,341398,8416.8,8330.0,8356.35,9321.966666666667,-122.1285411578101,-181.03066221666612,58.90212105885601,55.679811653914065,243.64285714285714,16.72459024859604,865000.3,11294775,294547.3,18430.0,5.706447697604711
2021-12-29,8500,8520,8413,8484,797016,348914,8441.8,8373.4,8346.7,9267.7,-104.86597533773602,-165.7977248408801,60.93174950314409,54.32835820895523,238.85714285714286,45.4375114770705,876733.2,10497759,298341.95,7516.0,2.201536037117968
2021-12-30,8480,8503,8372,8492,948861,349565,8440.0,8410.2,8354.7,9206.566666666668,-89.50794256887093,-150.53976838647827,61.03182581760734,60.35502958579882,227.14285714285714,39.64701390892011,885063.75,11446620,300022.3,651.0,0.1865789277587071
2021-12-31,8492,8530,8276,8321,987714,320158,8406.4,8408.5,8348.25,9142.25,-90.09628792011608,-138.45107229320584,48.35478437308976,52.97691373025516,222.14285714285714,9.645226714383865,902921.7,10458906,302095.95,-29407.0,-8.412455480382764
2022-01-04,8345,8636,8345,8578,796365,382041,8474.2,8438.2,8350.6,9067.3,-69.0290794298362,-124.56667372053192,55.53759429069572,58.565310492505354,229.78571428571428,62.26308823270187,916125.65,11255271,307453.3,61883.0,19.32889385865728
2022-01-05,8578,8599,8375,8425,877410,361980,8460.0,8438.4,8345.0,8987.466666666667,-63.9419037815569,-112.44171973273693,48.499815951180025,60.34197462768891,226.92857142857142,46.577872688342474,933313.45,10377861,312709.4,-20061.0,-5.251007090861981
2022-01-06,8425,8453,8337,8426,744369,368622,8448.4,8445.1,8351.15,8924.15,-59.14777011089245,-101.78292980836804,42.635159697475586,58.67816091954024,224.71428571428572,22.965618799620504,941696.5,11122230,318188.55,6642.0,1.834908005967173
2022-01-07,8452,8546,8364,8489,1014813,378448,8447.8,8443.9,8358.65,8870.383333333333,-49.69199278930864,-91.36474240455617,41.672749615247525,54.75141598489616,220.71428571428572,43.06214135107283,972907.75,12137043,327462.5,9826.0,2.665603246686299
2022-01-10,8490,8493,8251,8262,983932,404661,8436.0,8421.2,8362.9,8816.5,-59.8255918360519,-85.05691229085532,25.231320454803424,49.45992040932348,218.0,-11.063706429279522,981341.4,11153111,335398.65,26213.0,6.926446962330357
2022-01-11,8262,8362,8180,8360,832135,392475,8392.4,8433.3,8369.75,8758.5,-59.26558434462822,-79.89864670160992,20.633062356981696,48.163265306122454,210.42857142857142,-31.507591708554262,960812.25,11985246,341540.15,-12186.0,-3.0114095502161042
2022-01-12,8399,8525,8345,8507,952677,387611,8408.8,8434.4,8382.2,8702.616666666667,-46.424945035454584,-73.20390636837885,26.77896133292427,54.11568409343716,211.92857142857142,35.66591870590933,966223.4,12937923,346902.2,-4864.0,-1.2393146060258653
2022-01-13,8507,8618,8471,8501,966595,410573,8423.8,8436.1,8404.75,8660.3,-36.314188368318355,-65.82596276836675,29.511774400048395,50.0,206.28571428571428,65.35336091685234,970433.65,11971328,351687.3,22962.0,5.92398048558993
2022-01-14,8501,8793,8462,8776,1166638,455406,8481.2,8464.5,8437.35,8633.983333333334,-6.041496525196635,-53.869069519732726,47.82757299453609,57.45454545454545,219.21428571428572,135.54737855387754,984098.1,13137966,358384.95,44833.0,10.919617217888167
2022-01-17,8776,8778,8551,8575,1129047,418408,8543.8,8489.9,8449.2,8606.483333333334,1.7110853635749663,-42.75303854307119,44.46412390664616,58.95522388059702,208.85714285714286,99.64881485007032,989013.6,12008919,363750.4,-36998.0,-8.124179303742151
2022-01-18,8565,8679,8504,8661,895010,404360,8604.0,8498.2,8468.2,8580.916666666666,14.625944844938203,-31.277241865469314,45.90318671040752,54.83870967741936,200.92857142857142,78.38426712481747,971649.6,12903929,369037.7,-14048.0,-3.3574883845433168
2022-01-19,8690,8850,8636,8715,1195247,422258,8645.6,8527.2,8482.8,8563.25,28.88543936913993,-19.244705618547464,48.130144987687395,56.6113337149399,208.57142857142858,111.68103590245661,969376.05,14099176,373059.15,17898.0,4.42625383321793
2022-01-20,8726,8880,8684,8848,1004152,433990,8715.0,8569.4,8507.25,8558.966666666667,50.33791582691447,-5.328181329455077,55.666097156369545,59.50854700854701,213.21428571428572,114.42070232357801,967272.3,15103328,378866.8,11732.0,2.778396146431805
2022-01-21,8820,8885,8660,8856,1145644,443619,8731.0,8606.1,8525.0,8547.483333333334,67.20993680292668,9.179442297021275,58.0304945059054,65.65242832065535,211.14285714285714,95.48532934757587,975692.25,16248972,384084.9,9629.0,2.21871471692896
2022-01-24,8856,8936,8662,8676,1090773,415968,8751.2,8647.5,8534.35,8540.083333333334,65.30385709122129,20.404325255861277,44.89953183536001,53.002450980392155,208.21428571428572,72.30677164470778,981381.05,15158199,388171.15,-27651.0,-6.233051334591167
2022-01-25,8655,8749,8607,8696,883586,370914,8758.2,8681.1,8557.2,8534.216666666667,64.66172789155462,29.25580578299995,35.40592210855467,59.0393595730487,202.35714285714286,44.29545771367687,967445.75,16041785,390568.45,-45054.0,-10.83112162474037
2022-01-26,8696,8844,8655,8825,803168,381388,8780.2,8712.9,8573.65,8536.75,73.71234771641139,38.14711416968224,35.56523354672915,62.26183159188691,207.57142857142858,65.48034559172369,960757.6,16844953,392567.95,10474.0,2.823835174730527
2022-01-27,8841,8927,8754,8845,853240,375248,8779.6,8747.3,8591.7,8535.816666666668,81.55870401547145,46.82943213884009,34.72927187663136,61.237373737373744,206.92857142857142,75.9609095352396,963568.8,17698193,393884.65,-6140.0,-1.6099090689796203
2022-01-28,8866,8940,8694,8738,785886,325659,8756.0,8743.5,8604.0,8544.983333333334,78.24107770829141,53.11176125273035,25.12931645556106,66.2568306010929,207.21428571428572,55.002453353666276,955420.05,16912307,392689.35,-49589.0,-13.214993817422084
2022-02-07,8850,9350,8850,9267,704577,391347,8874.2,8812.7,8651.3,8559.9,116.94959182422463,65.87932736702922,51.07026445719541,73.93139841688654,237.92857142857142,125.50124001438972,941263.2,17616884,396248.8,65688.0,20.170792147614524
2022-02-08,9300,9304,9201,9245,646477,395127,8984.0,8871.1,8684.65,8572.066666666668,144.189030612215,81.54126801606637,62.647762596148624,70.84745762711864,232.42857142857142,117.35283906872117,933768.8,16970407,396903.1,3780.0,0.9658947174757904
2022-02-09,9205,9264,9092,9128,846851,408895,9044.6,8912.4,8719.8,8579.966666666667,154.55395808870708,96.1438060305945,58.41015205811257,66.66666666666666,234.21428571428572,86.02975012754392,932240.85,16123556,399248.85,13768.0,3.4844493036416235
2022-02-10,9140,9375,9038,9339,1010427,457581,9143.4,8961.5,8765.45,8588.066666666668,177.7452379282513,112.46409241012589,65.28114551812541,65.49257017061089,234.64285714285714,89.50310315599424,945543.75,17133983,403696.8,48686.0,11.906724220154308
2022-02-11,9500,9513,9065,9070,1310490,419246,9209.8,8982.9,8794.5,8587.65,172.43076785463745,124.4574274990282,47.97334035560925,63.12997347480106,250.42857142857142,73.95112173653568,960327.6,15823493,405736.7,-38335.0,-8.377751698606362
2022-02-14,9078,9165,8855,8927,1232921,385857,9141.8,9008.0,8827.75,8591.433333333332,154.8945788470519,130.54485776863294,24.349721078418952,56.8486096807415,260.07142857142856,29.748495901017073,972777.05,14590572,404796.5,-33389.0,-7.964059287387359
2022-02-15,8905,8905,8670,8715,1131199,385355,9035.8,9009.9,8845.5,8594.266666666666,122.47853812775429,128.93159384045723,-6.453055712702934,50.0,263.14285714285717,-16.63644181597548,987730.25,13459373,404440.5,-502.0,-0.1301000111440298
2022-02-16,8670,8837,8620,8771,861653,375385,8964.4,9004.5,8858.7,8601.133333333333,100.15282487898367,123.17584004816253,-23.023015169178862,48.09688581314879,264.64285714285717,-25.486464428901233,983179.05,14321026,403829.2,-9970.0,-2.5872247667734993
2022-02-17,8780,8806,8460,8478,1040583,411528,8792.2,8967.8,8857.55,8603.833333333334,58.14660709286545,110.16999345710312,-52.023386364237666,41.81109185441941,273.2857142857143,-62.624019035675005,986878.45,13280443,403876.95,36143.0,9.628248331712786
2022-02-18,8495,8685,8471,8650,872902,371434,8708.2,8959.0,8851.25,8608.133333333333,38.29391102576119,95.79477697083473,-57.50086594507354,49.43478260869565,269.0,-56.1846478294848,972191.65,14153345,399678.35,-40094.0,-9.74271495499699
2022-02-21,8608,8633,8464,8587,877700,376895,8640.2,8891.0,8851.85,8601.9,17.277765548389652,80.09137468634573,-62.81360913795608,47.67392232180965,272.14285714285717,-63.128948660179,959624.3,13275645,397602.7,5461.0,1.470247742532993
2022-02-22,8590,8723,8510,8510,955211,398015,8599.2,8817.5,8844.3,8596.15,-5.52722325067225,62.96765509894214,-68.4948783496144,43.125272806634655,273.85714285714283,-58.027413598750904,962634.35,12320434,397285.45,21120.0,5.6036827233048925
2022-02-23,8500,8612,8480,8543,754421,417888,8553.6,8759.0,8835.7,8591.733333333334,-20.698912785541324,46.234341522045455,-66.93325430758678,43.446180555555564,270.92857142857144,-61.43569242414677,940593.05,13074855,397066.95,19873.0,4.993027900958502
2022-02-24,8555,8647,8490,8566,1128711,412736,8571.2,8681.7,8821.6,8583.666666666666,-30.514921249778126,30.88448896768074,-61.399410217458865,46.126126126126124,264.57142857142856,-52.65213966102219,946821.0,14203566,396004.25,-5152.0,-1.232866222528528
2022-02-25,8623,8685,8405,8501,1300353,406107,8541.4,8624.8,8803.85,8574.2,-43.04296296677603,16.098998580789385,-59.141961547565415,28.18906605922551,240.85714285714286,-55.4574918795671,954556.45,12903213,394128.65,-6629.0,-1.6061114126221132
2022-02-28,8478,8629,8463,8534,861309,390494,8530.8,8585.5,8796.75,8572.416666666666,-49.735383537450616,2.932122157141384,-52.667505694592,29.88115449915111,245.35714285714286,-49.76095452886555,943083.25,13764522,392854.95,-15613.0,-3.844553282755525
2022-03-01,8534,8667,8493,8663,855555,375988,8561.4,8580.3,8795.1,8570.533333333333,-44.12134969923318,-6.4785722141335285,-37.64277748509965,36.93086003372681,245.5,-36.34719587842836,941681.7,14620077,393108.65,-14506.0,-3.7147817892208335
2022-03-02,8742,9018,8713,8922,1085554,349744,8637.2,8595.4,8799.95,8576.65,-18.55911407442727,-8.894680586192278,-9.664433488234993,38.58784893267652,246.78571428571428,14.245903238788715,955801.0,15705631,391526.45,-26244.0,-6.980010000319159
2022-03-03,8930,9047,8803,9027,1012955,357258,8729.4,8650.3,8809.05,8582.483333333334,10.055846760669738,-5.104575116819875,15.160421877489613,48.707155742633795,232.21428571428572,26.861368874673058,963786.75,16718586,390626.95,7514.0,2.14842856489319
2022-03-04,9020,9066,8834,8931,918691,347041,8815.4,8678.4,8818.7,8592.466666666667,24.702259417676032,0.8567917900793072,23.845467627596726,50.12376237623763,226.64285714285714,22.48943903926842,970427.0,15799895,391696.05,-10217.0,-2.859837988232594
2022-03-07,8959,9268,8935,9176,1011436,348406,8943.8,8737.3,8814.15,8604.566666666668,55.440021363561755,11.773437704775798,43.66658365878595,63.97816858702244,232.35714285714286,56.73005029754318,985769.95,16811331,389549.0,1365.0,0.393325284332402
2022-03-08,9175,9244,8920,9190,941390,336850,9049.2,8805.3,8811.4,8615.55,80.00732748796145,25.420215661412925,54.58711182654852,63.03671437461108,240.0,58.493094365237134,1000515.6,17752721,386635.15,-11556.0,-3.3168200318019814
2022-03-09,9200,9343,9120,9227,1056059,347946,9110.2,8873.7,8816.35,8627.05,101.29501943741343,40.59517641661303,60.6998430208004,77.720207253886,231.21428571428572,77.77310763124767,1010976.0,18808780,383587.7,11096.0,3.2940477957547953
2022-03-10,9143,9143,8853,9100,962030,325807,9124.8,8927.1,8804.4,8640.333333333334,106.68799723897973,53.81374058108638,52.874256657893355,67.2281776416539,242.64285714285714,45.06281497582059,1008556.15,17846750,376999.0,-22139.0,-6.3627689354095125
2022-03-11,9175,9375,9088,9156,1115672,333270,9169.8,8992.6,8808.7,8653.95,114.16468358221391,65.88392918131188,48.280754400902026,71.90146266358737,249.85714285714286,80.15222113761726,998815.25,18962422,372700.2,7463.0,2.290619906877378
2022-03-14,9130,9252,8973,8976,864036,324317,9129.8,9036.8,8811.15,8667.266666666666,104.36248987868203,73.57964132078592,30.782848557896102,66.61911554921541,254.57142857142858,50.67921987609046,980371.0,18098386,369623.2,-8953.0,-2.6864104179794124
2022-03-15,8976,8998,8754,8758,808743,308110,9043.4,9046.3,8813.3,8676.183333333332,78.10307897273924,74.48432885117658,3.6187501215626554,56.77378701953371,262.57142857142856,4.619296410480322,964248.2,17289643,365760.95,-16207.0,-4.9972711883743415
2022-03-16,8730,8984,8701,8968,670939,304408,8991.6,9050.9,8823.15,8688.016666666666,73.39153961369448,74.26577100368016,-0.8742313899856811,61.33032694475761,271.57142857142856,12.61836019474214,954712.5,17960582,362212.1,-3702.0,-1.2015189380416125
2022-03-17,9000,9128,8965,9042,926669,331202,8980.0,9052.4,8851.35,8704.55,74.76692570431442,74.36600194380702,0.4009237605073963,65.17106001121705,263.2142857142857,39.995619984216496,949016.8,18887251,358195.8,26794.0,8.802002575490796
2022-03-18,9100,9150,8952,9074,867048,332802,8963.6,9066.7,8872.55,8720.383333333333,77.5451692145798,75.00183539796157,2.5433338166182295,65.15151515151516,265.5,38.53649889693379,948724.1,19754299,356264.2,1600.0,0.4830888702362923
2022-03-21,9021,9060,8873,8911,770969,321798,8950.6,9040.2,8888.75,8729.933333333332,65.83530109054664,73.16852853647859,-7.3332274459319535,56.82819383259912,267.42857142857144,13.01824100283548,943387.55,18983330,353509.35,-11004.0,-3.3064705139993156
2022-03-22,8912,9099,8882,9045,640847,321481,9008.0,9025.7,8915.5,8742.666666666666,66.60010183564191,71.85484319631125,-5.2547413606693425,53.63690124186871,257.57142857142856,22.119927973033118,927669.35,19624177,349682.65,-317.0,-0.09850900254196882
2022-03-23,9050,9050,8902,9012,603097,312263,9016.8,9004.2,8938.95,8752.483333333334,63.80785054663647,70.2454446663763,-6.437594119739828,49.536751080914144,250.71428571428572,13.755540693461606,920103.15,19021080,344401.4,-9218.0,-2.867354524839727
2022-03-24,9060,9185,8984,9048,789542,310849,9018.0,8999.0,8963.05,8763.966666666667,63.76482916013083,68.9493215651272,-5.1844924049963765,53.75240538806927,248.5,29.764436506064847,903144.7,19810622,339307.05,-1414.0,-0.4528234212826998
2022-03-25,9060,9166,9027,9152,666270,332852,9033.6,8998.6,8995.6,8774.816666666668,71.30075452215715,69.4196081565332,1.8811463656239482,49.15373765867419,234.35714285714286,37.773605933665,871440.55,20476892,335644.3,22003.0,7.078356372386585
2022-03-28,9105,9365,9101,9248,878821,347219,9101.0,9025.8,9031.3,8787.466666666667,84.05054499642574,72.34579552451171,11.704749471914027,51.93333333333333,230.07142857142858,73.85420128467752,872316.15,21355713,333480.55,14367.0,4.316332784540866
2022-03-29,9248,9349,9205,9291,810534,371406,9150.2,9079.1,9062.7,8805.0,96.51205553898399,77.17904752740617,19.333008011577817,52.124833997343956,224.42857142857142,91.69554194995149,870065.1,22166247,333251.45,24187.0,6.965920643743573
2022-03-30,9166,9435,9110,9319,944051,387560,9211.6,9114.2,9082.55,8818.716666666667,107.40911302345194,83.22506062661533,24.184052396836606,57.782515991471215,220.92857142857142,83.49520868465676,862989.95,23110298,335142.25,16154.0,4.349418156949536
2022-03-31,9319,9372,9180,9242,787013,356307,9250.4,9134.2,9093.3,8831.35,108.58020805517299,88.29609011232687,20.284117942846123,53.01120448179272,214.14285714285714,66.53090839458999,851692.85,22323285,335094.7,-31253.0,-8.06404169676953
2022-04-01,9240,9460,9193,9454,893880,388154,9310.8,9172.2,9119.45,8847.383333333333,125.17203227597929,95.67127854505736,29.50075373092193,66.36986301369862,213.28571428571428,91.27168959976292,850452.3,23217165,337150.35,31847.0,8.938078679341132
2022-04-06,9452,9529,9252,9282,591046,349084,9317.6,9209.3,9124.75,8863.4,123.02406512959169,101.14183586196424,21.88222926762745,68.52899575671853,215.64285714285714,76.62772353693603,829432.8,22626119,337184.25,-39070.0,-10.065592522555477
2022-04-07,9300,9416,9230,9252,849234,330643,9309.8,9230.0,9127.85,8874.633333333333,117.54603884533026,104.42267645863745,13.123362386692804,61.50729335494327,208.71428571428572,53.835815766664325,824825.0,21776885,336873.9,-18441.0,-5.282682678094675
2022-04-08,9252,9256,9084,9166,686916,280369,9279.2,9245.4,9124.8,8886.983333333334,105.05418305173225,104.54897777725643,0.5052052744758271,54.97592295345105,209.35714285714286,13.549415417160581,806367.85,21089969,333495.05,-50274.0,-15.204918900445497
2022-04-11,9166,9188,8990,9064,543999,251064,9243.6,9247.0,9123.0,8897.616666666667,85.93316574276832,100.82581537035881,-14.892649627590487,49.620060790273556,209.35714285714286,-15.47674072553074,785466.3,20545970,329757.9,-29305.0,-10.452296794581429
2022-04-12,9075,9253,9026,9242,502850,234690,9201.2,9256.0,9127.3,8910.166666666666,84.17244658910386,97.49514161410782,-13.322695025003966,62.43425995492111,211.21428571428572,15.071257635946356,754825.2,21048820,324828.9,-16374.0,-6.5218430360386215
2022-04-13,9246,9250,9076,9117,531532,207687,9168.2,9242.9,9134.35,8924.416666666666,71.86222563863703,92.36855841901367,-20.50633278037664,52.72314674735249,208.14285714285714,5.375314429317838,738200.0,20517288,318997.4,-27003.0,-11.505816183049976
2022-04-14,9121,9208,9121,9141,418646,193127,9146.0,9227.9,9153.5,8937.433333333332,63.313052806919586,86.55745729659485,-23.24440448967526,54.91241431835491,204.07142857142858,3.4732473906349006,718695.15,20935934,313248.25,-14560.0,-7.010549528858334
2022-04-15,9116,9174,9036,9073,430564,178093,9127.4,9203.3,9158.75,8946.866666666667,50.468965228714296,79.33975888301873,-28.870793654304435,50.929368029739784,199.57142857142858,-25.583536121409235,706676.4,20505370,306932.5,-15034.0,-7.784514852920621
2022-04-18,9050,9250,8938,9200,552935,160123,9154.6,9199.1,9166.65,8958.516666666666,49.96184287851065,73.46417568211712,-23.502332803606464,51.754385964912274,211.92857142857142,-13.424444702582665,687989.7,21058305,298378.55,-17970.0,-10.090233754274447
2022-04-19,9204,9265,9034,9081,480532,130962,9122.4,9161.8,9167.0,8963.6,39.502281574179506,66.6717968605296,-27.16951528635009,43.99712437095615,209.57142857142858,-16.213458980490433,668663.9,20577773,288286.55,-29161.0,-18.211624813424677
2022-04-20,9050,9271,9050,9199,423027,118080,9138.8,9153.5,9181.4,8974.0,40.27040554857376,61.39151859813843,-21.12111304956467,46.86221009549796,215.07142857142858,-1.474450778654307,651266.8,21000800,278100.65,-12882.0,-9.836441105053373
2022-04-21,9199,9199,9086,9092,299598,86605,9129.0,9137.5,9183.75,8981.183333333332,31.877677545051483,55.488750387521044,-23.61107284246956,42.653721682847895,199.92857142857142,-28.132981968652587,634204.35,20701202,266356.85,-31475.0,-26.65565718157181
2022-04-22,8988,9009,8813,8815,614558,311255,9077.4,9102.4,9173.9,8982.85,2.8420339235453866,44.95940709472591,-42.117373171180525,37.76504297994269,206.14285714285714,-130.7743380195047,634777.4,20086644,266306.45,224650.0,259.3961087697015
2022-04-25,8828,8875,8489,8500,739185,348484,8937.4,9046.0,9146.5,8977.05,-45.067282690723005,26.954069137636125,-72.02135182835913,24.188311688311686,214.64285714285714,-158.96551312643524,632259.55,19347459,268188.2,37229.0,11.960932354500331
2022-04-26,8499,8672,8462,8562,644866,340582,8833.6,8978.0,9117.0,8972.15,-77.1436158478773,6.134532140533439,-83.27814798841074,29.28653624856156,209.85714285714286,-131.63914196459564,631189.35,19992325,268574.7,-7902.0,-2.267535955739719
2022-04-27,8585,8690,8567,8671,624845,322954,8728.0,8933.4,9088.15,8972.066666666668,-92.70035987871779,-13.632446263316806,-79.06791361540098,34.01210787011557,205.71428571428572,-95.80528826970898,618490.55,20617170,267361.45,-17628.0,-5.175846051758459
2022-04-28,8671,8671,8536,8628,578687,332746,8635.2,8882.1,9055.0,8970.933333333332,-107.26247716922262,-32.35845244449797,-74.90402472472465,34.836527621195046,203.07142857142858,-88.17446361158403,606898.2,20038483,265428.45,9792.0,3.032010750757075
2022-04-29,8610,8663,8530,8615,663853,330429,8595.2,8836.3,9019.8,8967.433333333332,-118.48621604731852,-49.58400516506208,-68.90221088225644,36.67655786350148,198.42857142857142,-78.97376116816224,592888.3,19374630,262571.9,-2317.0,-0.6963269280472195
2022-05-05,8650,8748,8573,8711,449780,342593,8637.4,8787.4,8993.25,8965.2,-118.27135373189776,-63.32147487842922,-54.94987885346854,33.43730505302557,194.71428571428572,-58.64320234521388,576026.65,19824410,261886.2,12164.0,3.6812749486274
2022-05-06,8745,8793,8675,8683,577011,341438,8661.6,8747.6,8954.7,8964.283333333333,-118.98881084965069,-74.45494207267352,-44.53386877697717,35.590969455511285,190.71428571428572,-46.78394221832401,560183.2,19247399,259550.4,-1155.0,-0.33713473421815854
2022-05-09,8687,8730,8559,8584,674880,353786,8644.2,8686.1,8919.8,8952.9,-126.09235918008926,-84.78242549415667,-41.30993368593259,32.384566729917765,196.42857142857142,-58.55701182228856,564374.9,18572519,259785.5,12348.0,3.616469168633829
2022-05-10,8550,8586,8402,8495,710669,359496,8617.6,8626.4,8881.95,8940.4,-137.3205824112847,-95.29005687758227,-42.03052553370243,31.960049937578034,199.71428571428572,-75.05906371931789,557446.65,17861850,261228.15,5710.0,1.6139700270785262
2022-05-11,8512,8678,8477,8645,650138,326897,8623.6,8609.4,8855.9,8932.35,-132.5869045165109,-102.749426405368,-29.837478111142914,32.92307692307692,191.78571428571428,-49.829584625341326,555607.75,18511988,263554.55,-32599.0,-9.067972939893632
2022-05-12,8623,8686,8552,8601,558051,324004,8601.6,8619.5,8832.75,8920.05,-130.87719215431935,-108.37497955515826,-22.502212599161084,34.516129032258064,184.85714285714286,-42.85897925205451,556310.35,17953937,267201.55,-2893.0,-0.8849882378853313
2022-05-13,8598,8680,8579,8638,516005,327952,8592.6,8627.1,8802.55,8912.85,-125.09462899699793,-111.7189094435262,-13.375719553471725,30.905377808032668,176.28571428571428,-35.19359445240373,556968.1,18469942,271864.65,3948.0,1.2185034752657309
2022-05-16,8660,8733,8605,8673,574551,336654,8610.4,8627.3,8780.35,8908.616666666667,-116.34652818716677,-112.64443319225433,-3.702094994912443,35.00357909806729,177.35714285714286,-24.09706423869123,559119.05,19044493,278313.0,8702.0,2.6534370883543934
2022-05-17,8689,8696,8605,8611,630408,369428,8633.6,8625.6,8753.85,8906.883333333333,-113.1125856360195,-112.73806368100738,-0.3745219550121277,41.37055837563452,163.92857142857142,-27.105545524167898,569707.15,18414085,287128.05,32774.0,9.735217760668213
2022-05-18,8611,8630,8455,8463,619098,420492,8597.2,8610.4,8723.35,8901.75,-121.09610545336909,-114.40967203547973,-6.686433417889361,48.177339901477836,148.85714285714286,-48.86958967956888,579133.85,17794987,299248.0,51064.0,13.822449841376393
2022-05-19,8463,8518,8432,8501,572656,400631,8577.2,8589.4,8688.4,8902.133333333333,-122.93964826806405,-116.1156672819966,-6.823980986067454,46.92230070635722,140.0,-52.2152735152451,580119.9,18367643,311273.4,-19861.0,-4.723276542716626
2022-05-20,8473,8547,8413,8435,672745,414741,8536.6,8564.6,8656.1,8898.55,-128.24795505145084,-118.54212483588745,-9.705830215563395,37.552742616033754,140.42857142857142,-53.834596267225216,589730.55,17694898,325462.35,14110.0,3.521944133129984
2022-05-23,8450,8519,8350,8380,661659,442193,8478.0,8544.2,8615.15,8895.1,-135.33283409767864,-121.9002666882457,-13.432567409432949,37.08333333333333,142.85714285714286,-69.22040003636911,601662.15,17033239,341668.0,27452.0,6.6190706971338775
2022-05-24,8390,8407,8318,8326,515289,459837,8421.0,8527.3,8576.85,8892.033333333333,-143.64910304731347,-126.25003396005926,-17.39906908725422,35.564435564435556,139.71428571428572,-104.13538561941509,612446.7,16517950,360329.6,17644.0,3.990112914496602
2022-05-25,8330,8364,8152,8232,766354,493378,8374.8,8486.0,8547.7,8886.85,-156.02624706144525,-132.20527658033646,-23.820970481108787,26.02602602602603,142.35714285714286,-130.66611684354845,620036.5,15751596,369435.75,33541.0,7.294106389872934
2022-05-26,8232,8272,8150,8225,758908,487409,8319.6,8448.4,8533.95,8881.166666666666,-164.50376733392477,-138.66497473105412,-25.838792602870654,26.584867075664633,142.64285714285714,-115.33424054764114,621022.65,14992688,376382.0,-5969.0,-1.2098228944136147
2022-05-27,8203,8275,8130,8175,818377,523976,8267.6,8402.1,8514.6,8875.733333333334,-173.25961635271779,-145.58390305538686,-27.67571329733093,27.987082884822385,140.78571428571428,-102.33358264088484,629698.2,14174311,385551.7,36567.0,7.502323510645059
2022-05-30,8160,8400,8151,8389,897241,468528,8269.4,8373.7,8500.5,8873.316666666668,-161.07391838906187,-148.68190612212186,-12.392012266940014,44.971537001897524,145.42857142857142,-58.32162415177324,643318.0,15071552,392830.4,-55448.0,-10.582164068583289
2022-05-31,8389,8447,8355,8421,522683,448574,8288.4,8354.7,8490.15,8869.283333333333,-147.13841236751978,-148.37320737120146,1.2347950036816826,38.03418803418803,137.64285714285714,-26.48748267263888,640517.8,15594235,398621.8,-19954.0,-4.258870334323673
2022-06-01,8417,8444,8315,8415,589361,447308,8325.0,8349.9,8480.15,8860.833333333334,-135.02212232366037,-145.70299036169325,10.680868038032884,39.643652561247215,137.28571428571428,-28.35642051342639,636793.2,15004874,404465.75,-1266.0,-0.2822276814973712
2022-06-02,8420,8523,8338,8501,657579,418582,8380.2,8349.9,8469.65,8852.066666666668,-117.13018998361804,-139.9884302860782,22.85824030246016,42.76663146779303,143.28571428571428,-5.849731076265234,647183.15,15662453,408265.2,-28726.0,-6.421973226501654
2022-06-06,8562,8772,8500,8728,685786,405262,8490.8,8379.2,8471.9,8848.683333333332,-83.66921518747404,-128.7245872663574,45.05537207888335,52.414398595259,153.57142857142858,64.7661174954031,652621.9,16348239,411456.4,-13320.0,-3.1821721908730005
2022-06-07,8721,8749,8670,8730,552816,397135,8559.0,8414.2,8479.2,8841.25,-56.340312253883894,-114.2477322638627,57.90742000997881,55.514365152919375,152.71428571428572,76.4729791009497,646518.7,16901055,413623.85,-8127.0,-2.005369365990395
2022-06-08,8714,8856,8683,8792,647809,404671,8633.2,8460.8,8494.05,8834.616666666667,-29.340854830086755,-97.26635677710752,67.92550194702076,66.56596173212488,152.57142857142858,83.8164334044049,643375.7,17548864,415882.6,7536.0,1.8975914991123943
2022-06-09,8800,8829,8590,8616,788225,408539,8673.4,8499.2,8492.6,8824.433333333332,-21.892951095431272,-82.19167564077227,60.298724545341,55.08399646330681,163.5,52.93401211936094,650280.05,16760639,419964.7,3868.0,0.9558381994261955
2022-06-10,8596,8652,8555,8573,552654,403730,8687.8,8534.0,8491.2,8815.65,-19.23840599169307,-69.60102171095645,50.362615719263374,56.22743682310469,160.85714285714286,29.12825007748498,650010.2,16207985,423951.0,-4809.0,-1.1771214008944098
2022-06-13,8595,8618,8355,8378,773612,412141,8617.8,8554.3,8478.2,8802.683333333332,-32.494948648403806,-62.17980709844592,29.684858450042114,49.919871794871796,167.57142857142858,-9.288172092613857,662890.55,15434373,428160.45,8411.0,2.0833230129046587
2022-06-14,8368,8409,8220,8234,668759,433930,8518.6,8538.8,8456.25,8790.316666666668,-53.99799547461771,-60.543444773680285,6.545449299062575,46.56203288490284,174.71428571428572,-51.23434056828309,667600.95,14765614,433024.25,21789.0,5.286782921378852
2022-06-15,8240,8266,8162,8173,666310,457672,8394.8,8514.0,8434.35,8780.566666666668,-75.09584702820939,-63.453925224586115,-11.641921803623276,47.73946360153257,167.0,-68.57999061983136,669396.05,14099304,437436.45,23742.0,5.47138939460281
2022-06-16,8162,8258,8006,8007,788801,511781,8273.0,8473.2,8411.55,8764.55,-104.0118749174544,-71.56551516315977,-32.44635975429463,42.55464480874317,176.28571428571428,-86.19119222298181,677881.2,13310503,442000.9,54109.0,11.822659022181824
2022-06-17,8000,8068,7860,7949,906390,502612,8148.2,8418.0,8383.95,8746.333333333334,-130.1083426378882,-83.27408065810546,-46.83426197978274,42.32336956521739,180.78571428571428,-100.46196743192615,694567.9,12404113,447099.95,-9169.0,-1.791586635689879
2022-06-20,7978,8016,7731,7751,866507,517746,8022.8,8320.3,8349.75,8724.283333333333,-164.86644877056096,-99.59255428059657,-65.27389448996439,28.090659340659343,183.35714285714286,-106.25977455751041,704256.0,11537606,452250.2,15134.0,3.0110701694348707
2022-06-21,7723,7783,7606,7650,796637,529615,7906.0,8212.3,8313.25,8703.266666666666,-198.2767433329609,-119.32939209106945,-78.94735124189145,24.721311475409834,189.42857142857142,-110.72369843490438,711004.9,10740969,456621.3,11869.0,2.2924368319600763
2022-06-22,7650,7707,7352,7381,918970,561395,7747.6,8071.2,8266.0,8675.533333333333,-243.652025473496,-144.19391876755478,-99.45810670594122,21.08501118568232,205.57142857142858,-115.44653340129744,731188.95,9821999,461699.2,31780.0,6.000585330853547
2022-06-23,7380,7608,7343,7543,1123773,513175,7654.8,7963.9,8231.55,8651.05,-263.50272201695407,-168.05567941743465,-95.44704259951942,24.30257510729612,211.28571428571428,-95.89752161541999,749059.9,10945772,462689.05,-48220.0,-8.58931768184612
2022-06-24,7530,7587,7240,7276,1025373,533367,7520.2,7834.2,8184.1,8621.516666666666,-297.3515273200401,-193.91484899795574,-103.43667832208433,11.869747899159663,216.64285714285714,-95.71371502840667,762383.15,9920399,464986.95,20192.0,3.9347201247137864
2022-06-27,7319,7436,7153,7265,1114915,540752,7423.0,7722.9,8138.6,8590.066666666668,-321.3601180581263,-219.40390280998986,-101.95621524813646,11.709357030841602,231.21428571428572,-90.49481690457587,777210.05,8805484,465825.75,7385.0,1.384600097118871
2022-06-28,7261,7433,7256,7423,922993,528185,7377.6,7641.8,8090.3,8559.65,-323.90405532519526,-240.30393331303094,-83.60012201216432,15.928322548531597,231.5,-72.30861820460862,778497.65,9728477,468808.6,-12567.0,-2.3239858567328464
2022-06-29,7401,7450,7179,7318,1132244,551325,7365.0,7556.3,8035.15,8526.766666666666,-330.5820226389942,-258.3595511782236,-72.22247146077058,16.511867905056747,233.78571428571428,-69.0725076966233,808975.7,8596233,473946.15,23140.0,4.381040733833785
2022-06-30,7360,7412,7277,7345,1049174,542690,7325.4,7490.1,7981.65,8493.866666666667,-329.8928856610419,-272.6662180747873,-57.226667586254564,18.054110301768986,236.5,-59.65503357042257,831966.35,9645407,478715.25,-8635.0,-1.5662268172130789
2022-07-01,7304,7342,7141,7170,1050533,561023,7304.2,7412.2,7915.1,8459.333333333334,-339.55361440297565,-286.04369734042496,-53.5099170625507,18.243953732912715,232.28571428571428,-63.742547579271545,851614.05,8594874,485837.3,18333.0,3.378171700234023
2022-07-04,7200,7217,6932,6996,1083388,586118,7250.4,7336.7,7828.5,8418.366666666667,-357.1333464440577,-300.2616271611515,-56.871719282906156,17.960662525879926,239.14285714285714,-70.74565750579293,871494.15,7511486,494880.1,25095.0,4.4730786438345715
2022-07-05,7013,7033,6803,6820,1024676,625582,7129.8,7253.7,7733.0,8377.333333333334,-380.8766311321533,-316.3846279553519,-64.4920031768014,16.951636541279925,248.14285714285714,-76.68440668248263,895087.15,6486810,506302.45,39464.0,6.733115174760029
2022-07-06,6800,6822,6570,6819,1329909,563597,7030.0,7197.5,7634.35,8336.783333333333,-395.2182173563633,-332.1513458355542,-63.066871520809116,18.437832093517528,248.14285714285714,-81.77478636008985,929192.15,5156901,514248.75,-61985.0,-9.908373322761843
2022-07-07,6799,6900,6654,6698,1331409,568833,6900.6,7113.0,7538.45,8295.65,-411.6030132031783,-348.04167930907903,-63.56133389409928,17.840616966580967,250.85714285714286,-74.38348272957217,956351.35,3825492,522263.45,5236.0,0.9290326243752256
2022-07-08,6726,6784,6510,6512,1251869,628731,6769.0,7036.6,7435.4,8253.116666666667,-434.58707817486356,-365.3507590822359,-69.23631909262764,17.95137092602174,250.07142857142858,-81.05249467446684,991312.1,2573623,533513.5,59898.0,10.529979800749967
2022-07-11,6512,6618,6452,6582,1305634,597092,6686.2,6968.3,7345.6,8208.783333333333,-442.05793160652775,-380.6921935870943,-61.36573801943342,21.924290220820197,249.28571428571428,-79.15609702602292,1017913.2,3879257,542761.05,-31639.0,-5.032199780192171
2022-07-12,6534,6558,6273,6278,1292105,636149,6577.8,6853.8,7247.8,8161.466666666666,-467.1241793765603,-397.9785907449875,-69.14558863157276,21.528136293236955,246.0,-87.37470294770799,1049080.5,2587152,552872.0,39057.0,6.541203030688747
2022-07-13,6248,6336,6157,6223,1287572,612181,6458.6,6744.3,7150.3,8112.833333333333,-485.82708940292105,-415.54829047657427,-70.27879892634678,13.934426229508205,239.85714285714286,-90.17008370942331,1080143.6,1299580,560597.45,-23968.0,-3.767670781530741
2022-07-14,6191,6409,6167,6223,1352841,592060,6363.6,6632.1,7061.1,8065.333333333333,-494.94387544177425,-431.4274074696143,-63.516467972159944,16.314779270633395,232.35714285714286,-80.01012783520044,1108345.6,1299580,564611.4,-20121.0,-3.286773029545187
2022-07-15,6195,6195,6005,6007,1344600,592536,6262.6,6515.8,6964.0,8012.116666666667,-513.6770397121954,-447.8773339181306,-65.79970579406483,14.42307692307692,227.71428571428572,-89.04534990980109,1130256.1,-45020,569107.6,476.0,0.08039725703476996
2022-07-18,6060,6356,6056,6328,1417158,563960,6211.8,6449.0,6892.85,7966.233333333334,-496.8933132606762,-457.68052978663974,-39.212783474036485,21.64681512169861,240.0,-66.07920300488637,1157788.65,1372138,571418.3,-28576.0,-4.822660564083869
2022-07-19,6328,6505,6228,6323,1531124,550343,6220.8,6399.3,6826.5,7918.3,-478.47992856777,-461.8404095428658,-16.63951902490419,22.82905516111414,240.42857142857142,-51.01077143913799,1194513.0,-158986,572454.7,-13617.0,-2.4145329455989795
2022-07-20,6293,6535,6263,6445,1494258,548291,6265.2,6361.9,6779.7,7874.183333333333,-448.8685311181389,-459.24603385792045,10.377502739781562,26.635514018691595,250.21428571428572,-40.35976741969154,1223277.4,1335272,571799.5,-2052.0,-0.372858381046004
2022-07-21,6439,6465,6205,6317,1473181,562804,6284.0,6323.8,6718.4,7832.55,-430.764233616369,-453.54967380961017,22.785440193241186,27.301756253326232,254.21428571428572,-45.045105463411105,1240747.8,-137909,574280.95,14513.0,2.6469520747194553
2022-07-22,6248,6493,6211,6466,1222780,538644,6375.8,6319.2,6677.9,7798.65,-399.7849209455653,-442.79672323680126,43.01180229123594,35.706580366774546,254.0,-34.39327694629366,1250618.15,1084871,574544.8,-24160.0,-4.292791096012117
2022-07-25,6475,6618,6428,6474,1191773,531419,6405.0,6308.4,6638.35,7763.85,-370.31924952604095,-428.30122849464925,57.9819789686083,39.73902728351127,251.14285714285714,-17.379909200744713,1254461.05,2276644,574078.15,-7225.0,-1.3413311946294804
2022-07-26,6518,6573,6439,6555,1098030,532015,6451.4,6336.1,6594.95,7728.583333333333,-336.55190867568854,-409.9513645308571,73.39945585516858,42.52548131370329,242.71428571428572,-11.333479245907933,1263212.9,3374674,574269.65,596.0,0.11215255758638687
2022-07-27,6555,6600,6450,6565,1039529,514635,6475.4,6370.3,6557.3,7694.2,-305.46294466272684,-389.0536805572311,83.59073589450423,45.98187311178248,235.85714285714286,-4.525011360082305,1258577.15,4414203,572435.15,-17380.0,-3.266825183500466
2022-07-28,6578,6787,6576,6772,1005280,512738,6566.4,6425.2,6528.65,7663.483333333334,-261.11161451396583,-363.46526734857804,102.3536528346122,57.75656324582339,232.14285714285714,30.27290205780103,1256382.45,5419483,570937.55,-1897.0,-0.3686107629679247
2022-07-29,6766,6961,6742,6883,1105789,486109,6649.8,6512.8,6514.3,7633.016666666666,-214.53308958813886,-333.6788317964902,119.14574220835135,58.765288293535235,235.92857142857142,67.80428610563654,1259145.25,6525272,567191.85,-26629.0,-5.193490632642794
2022-08-01,6900,6988,6769,6827,1361897,455978,6720.4,6562.7,6505.85,7602.083333333333,-180.06235821219798,-302.95553707963177,122.89317886743379,68.6861810755616,229.5,74.786484416964,1273070.7,5163375,560684.85,-30131.0,-6.1984040616404945
2022-08-02,6830,6880,6735,6836,958079,440674,6776.6,6614.0,6506.65,7572.95,-150.28543353632267,-272.42151637097,122.13608283464731,71.53900210822206,227.07142857142858,67.60118400450143,1269740.85,6121454,551439.45,-15304.0,-3.356302277741474
2022-08-03,6836,6908,6667,6685,996034,446336,6800.6,6638.0,6499.95,7542.783333333334,-137.2888636787411,-245.3949858325242,108.1061221537831,64.67598475222363,227.0,53.343110270618,1253047.1,5125420,545576.4,5662.0,1.2848500251886774
2022-08-04,6750,6767,6635,6665,1080066,449754,6779.2,6672.8,6498.3,7509.783333333334,-127.13726206748834,-221.74344107951705,94.60617901202872,73.87518142235123,220.85714285714286,40.582253430572806,1240479.95,4045354,539622.45,3418.0,0.7657907943791287
2022-08-05,6665,6665,6503,6584,1069565,438495,6719.4,6684.6,6501.9,7476.166666666667,-124.19640881573741,-202.23403462676114,78.03762581102373,61.24780316344464,207.5,17.713535333677534,1231364.75,2975789,530110.65,-11259.0,-2.503368508117776
2022-08-08,6546,6845,6522,6820,976483,415319,6718.0,6719.2,6513.8,7445.866666666667,-101.65076699381552,-182.11738110017205,80.46661410635653,68.15193571950329,210.78571428571428,46.589396953983545,1214907.2,3952272,521022.0,-23176.0,-5.285351030228391
2022-08-09,6776,6826,6721,6741,670597,389517,6699.0,6737.8,6536.95,7413.666666666667,-89.13038360634073,-163.5199816014058,74.38959799506506,61.16138763197587,198.85714285714286,48.79327329328539,1183831.8,3281675,508690.4,-25802.0,-6.212573949181232
2022-08-10,6761,6775,6627,6694,744646,371239,6700.8,6750.7,6560.5,7381.716666666666,-82.0545233044013,-147.22688994200487,65.17236663760357,65.14056224899599,190.85714285714286,31.416419897188494,1156685.5,2537029,496643.3,-18278.0,-4.692478120338784
2022-08-11,6705,6765,6615,6679,834431,361101,6703.6,6741.4,6583.3,7351.983333333334,-76.77224502448371,-133.13596095850065,56.36371593401694,59.58595859585959,181.42857142857142,25.087255281151815,1130765.0,1702598,485095.35,-10138.0,-2.730855325006265
2022-08-12,6689,6716,6588,6639,738185,354705,6714.6,6717.0,6614.9,7320.95,-74.94969372227479,-121.49870751125549,46.5490137889807,57.21784776902888,177.0,11.53238036696217,1100444.25,964413,473203.8,-6396.0,-1.7712495949886553
2022-08-15,6600,6681,6490,6505,927803,347308,6651.6,6684.8,6623.75,7288.783333333334,-83.35710003852455,-113.8703860167093,30.513285978184754,47.909698996655514,181.07142857142858,-18.822110175364042,1075976.5,36610,462371.2,-7397.0,-2.0853949056258037
2022-08-16,6465,6554,6402,6511,767359,315865,6605.6,6652.3,6633.15,7257.633333333333,-88.51552834853737,-108.79941448307491,20.28388613453754,47.73489932885906,181.21428571428572,-44.514413595549996,1037788.25,803969,450647.3,-31443.0,-9.053347461043227
2022-08-17,6499,6572,6453,6509,743622,295189,6568.6,6634.7,6636.35,7227.35,-91.70785219998834,-105.3811020264576,13.67324982646926,36.67679837892604,173.85714285714286,-40.344666324579514,1000256.45,60347,437992.2,-20676.0,-6.545834454592947
2022-08-18,6509,6568,6365,6368,727610,249922,6506.4,6605.0,6638.9,7196.283333333334,-104.41172014970016,-105.18722565110612,0.7755055014059593,24.680432645034415,172.71428571428572,-72.62845421001722,962977.9,-667263,422348.1,-45267.0,-15.33492101670455
2022-08-19,6402,6495,6402,6440,534418,225289,6466.6,6590.6,6637.6,7166.533333333334,-107.43142614848239,-105.63606575058138,-1.7953603979010069,31.268151016456926,166.14285714285714,-71.74472751252448,928559.8,-132845,406680.35,-24633.0,-9.856275157849248
2022-08-22,6440,6727,6432,6612,532529,195600,6488.0,6569.8,6644.5,7140.483333333334,-94.8522051942673,-103.47929363931857,8.627088445051271,40.635451505016725,176.85714285714286,-20.456505739341793,895597.6,399684,389889.4,-29689.0,-13.178184465286813
2022-08-23,6270,6298,6161,6196,850663,511406,6425.0,6515.3,6626.55,7103.933333333333,-117.10093857550328,-106.20362262655551,-10.897315948947764,33.26488706365504,191.85714285714286,-127.15746394968046,883229.25,-450979,388858.95,315806.0,161.4550102249489
2022-08-24,6203,6418,6180,6357,1073391,478508,6394.6,6481.6,6616.15,7069.533333333334,-120.35449391891689,-109.0337968850278,-11.32069703388909,40.38701622971286,199.42857142857142,-85.69083124010919,884922.35,622412,387052.6,-32898.0,-6.4328537404723445
2022-08-25,6370,6430,6278,6308,913848,490705,6382.6,6444.5,6592.95,7034.416666666667,-125.4408464652488,-112.31520680107201,-13.125639664176788,41.21019108280255,198.71428571428572,-70.84838362986754,880350.75,-291436,385950.95,12197.0,2.5489646986048387
2022-08-26,6330,6498,6308,6476,1021314,444732,6389.8,6428.2,6572.6,7000.666666666667,-114.59464579396808,-112.77109459965124,-1.823551194316849,38.54860186418108,189.21428571428572,-42.51941356145768,876127.0,729878,383882.1,-45973.0,-9.368765347815899
2022-08-29,6460,6470,6280,6313,936148,464809,6330.0,6409.0,6546.9,6960.416666666667,-117.79383733875966,-113.77564314747293,-4.0181941912867245,36.50693568726356,195.71428571428572,-58.10273908892179,854839.55,-206270,384323.65,20077.0,4.514404180495224
2022-08-30,6344,6359,6231,6245,815125,478073,6339.8,6382.4,6517.35,6919.0,-124.38244795261471,-115.8970041085013,-8.485443844113405,36.029869321717484,194.28571428571428,-73.08177825483406,847691.85,-1021395,386193.6,13264.0,2.8536452607414997
2022-08-31,6227,6303,6215,6246,765981,475351,6317.6,6356.1,6495.4,6876.566666666667,-128.04722894121733,-118.32704907504451,-9.720179866172813,36.40929064657879,189.85714285714286,-72.09813717670887,836189.2,-255414,387644.35,-2722.0,-0.5693691130852385
2022-09-01,6220,6350,6210,6302,804836,456624,6316.4,6349.5,6477.25,6838.0,-124.99203195005157,-119.66004565004593,-5.331986300005639,39.52765692977004,190.71428571428572,-56.54022355272008,822427.7,549422,387987.85,-18727.0,-3.939615147543607
2022-09-02,6281,6376,6160,6213,1047886,484266,6263.8,6326.8,6458.7,6798.666666666667,-128.27366357292703,-121.38276923462216,-6.890894338304875,40.66496163682864,192.5,-60.67131420917619,821343.75,-498464,390276.4,27642.0,6.0535582886576345
2022-09-05,6267,6420,6243,6404,1146915,464630,6282.0,6306.0,6437.9,6765.766666666666,-114.1464671113863,-119.93550880997499,5.78904169858869,46.94110920526015,196.42857142857142,-26.911174706791886,829865.35,648451,392741.95,-19636.0,-4.054796330942089
2022-09-06,6404,6437,6347,6405,787150,479054,6314.0,6326.9,6421.1,6735.283333333334,-101.69756427557695,-116.28791990309539,14.590355627518434,47.02517162471396,194.35714285714286,-10.290188311173443,835693.0,1435601,397218.8,14424.0,3.1044056561134736
2022-09-07,6376,6466,6305,6362,949583,467781,6337.2,6327.4,6404.5,6705.1,-94.21540320164513,-111.87341656280535,17.658013361160215,49.81818181818182,191.35714285714286,-12.341448593964035,845939.85,486018,402045.9,-11273.0,-2.3531793910498644
2022-09-08,6380,6475,6342,6438,963735,469471,6364.4,6340.4,6392.45,6678.95,-81.21695332091076,-105.74212391442644,24.525170593515682,49.93954050785973,191.78571428571428,8.768005763652402,852405.05,1449753,407464.4,1690.0,0.3612801717042702
2022-09-09,6440,6583,6412,6559,1009380,486271,6433.6,6348.7,6388.45,6655.783333333334,-60.45501163861536,-96.68470145926423,36.22968982064887,48.346849656893326,182.92857142857142,59.30160224435614,865964.8,2459133,414042.7,16800.0,3.5784957963324704
2022-09-13,6660,6674,6526,6541,611532,503629,6461.0,6371.5,6390.25,6635.616666666667,-44.935484546916996,-86.33485807679479,41.39937352987779,64.31535269709543,161.28571428571428,86.40336190122353,850151.25,1847601,421858.75,17358.0,3.5696144742334956
2022-09-14,6517,6527,6319,6343,1154538,559391,6448.6,6381.3,6381.85,6613.833333333333,-48.05909740046536,-78.67970594152891,30.620608541063547,49.43639291465379,160.14285714285714,4.1315895510520795,869510.2,693063,434035.05,55762.0,11.072039139922452
2022-09-15,6350,6423,6281,6292,1034485,586004,6434.6,6385.9,6371.0,6595.683333333333,-54.02706647489322,-73.74917804820177,19.722111573308553,49.356913183279744,159.42857142857142,-22.601408372947468,884053.35,-341422,448575.8,26613.0,4.757495204606443
2022-09-16,6270,6307,6230,6278,849857,598962,6402.6,6383.5,6366.5,6574.6,-59.20394177280741,-70.84013079312291,11.636189020315499,40.91743119266055,151.35714285714286,-47.13290055524008,890165.7,-1191279,466027.8,12958.0,2.2112477047938173
2022-09-19,6270,6320,6150,6156,1010248,676832,6322.0,6377.8,6352.3,6555.933333333333,-72.31740313985938,-71.13558526247022,-1.1818178773891646,42.51668255481411,149.5,-68.67885346443819,913957.2,-2201527,488604.95,77870.0,13.000824760168417
2022-09-20,6150,6226,6122,6133,938762,698700,6240.4,6350.7,6328.35,6537.066666666667,-83.60211044293555,-73.62889029856329,-9.973220144372263,44.42231075697212,147.78571428571428,-85.55418016307934,934268.85,-3140289,513759.95,21868.0,3.2309347075788475
2022-09-21,6130,6146,6035,6087,1098892,764709,6189.2,6318.9,6322.9,6514.8,-95.16019040468655,-77.93515031978795,-17.225040084898595,42.421353670162055,149.42857142857142,-105.34929316186712,946680.3,-4239181,526425.1,66009.0,9.447402318591669
2022-09-22,6082,6244,6042,6230,1199842,697233,6176.8,6305.7,6316.55,6496.666666666667,-91.72381213648896,-80.69288268312816,-11.030929453360798,46.83098591549295,153.85714285714286,-63.10640387471839,953002.85,-3039339,537361.35,-67476.0,-8.823748641640151
2022-09-23,6230,6269,6088,6100,1144145,712168,6141.2,6271.9,6306.15,6475.916666666667,-98.35657774247102,-84.22562169499673,-14.130956047474285,45.19966015293118,151.35714285714286,-64.2891693192866,964517.7,-4183484,548434.5,14935.0,2.142038601156293
2022-09-26,6060,6122,6010,6104,1016829,691095,6130.8,6226.4,6287.55,6458.15,-102.11322797231423,-87.80314295046024,-14.310085021853993,34.848484848484844,144.57142857142858,-81.82196264822676,964293.45,-3166655,560752.65,-21073.0,-2.958992821918427
2022-09-27,6099,6130,5951,6065,1212123,749351,6117.2,6178.8,6275.15,6442.633333333333,-107.00390005584086,-91.64329437153637,-15.360605684304488,33.46303501945526,150.92857142857142,-81.14664149027355,978092.2,-4378778,574979.75,58256.0,8.42952126697487
2022-09-28,6065,6140,6018,6082,1020413,717688,6116.2,6152.7,6267.0,6430.333333333333,-108.26008017762524,-94.96665153275416,-13.293428644871085,36.02794411177644,148.14285714285714,-63.68861789829454,988356.6,-3358365,586960.5,-31663.0,-4.225389703890436
2022-09-29,6100,6209,6065,6168,1092179,668897,6103.8,6140.3,6263.1,6419.483333333334,-101.15013491489117,-96.20334820918156,-4.946786705709613,36.6600790513834,148.92857142857142,-38.84494503361381,1004666.5,-2266186,596637.8,-48791.0,-6.798358060884391
2022-09-30,6168,6214,6133,6184,795232,617103,6120.6,6130.9,6257.2,6410.916666666667,-93.15060361314863,-95.59279928997498,2.442195676826344,29.327453142227128,142.5,-27.12201138163099,1004186.3,-1470954,604661.75,-51794.0,-7.743195140656933
2022-10-10,6288,6325,6145,6241,973103,644376,6148.0,6139.4,6258.6,6406.4,-81.27461067174863,-92.72916156632971,11.454550894581075,34.14376321353066,144.78571428571428,-7.427832814202447,1000447.15,-497851,612667.25,27273.0,4.419521538543814
2022-10-11,6230,6278,6186,6222,915898,643282,6179.4,6148.3,6249.5,6400.4,-72.55952092367897,-88.69523343779957,16.1357125141206,42.11212516297262,135.5,-8.153468782685904,988896.3,-1413749,621599.85,-1094.0,-0.16977665214098492
2022-10-12,6230,6254,6098,6180,1119743,662401,6199.0,6157.6,6238.25,6398.766666666666,-68.2549973783407,-84.60718622590781,16.352188847567106,42.61213720316623,136.5,-21.818110341511908,1005525.95,-2533492,630767.2,19119.0,2.9721024371892835
2022-10-13,6170,6178,6034,6037,1006554,756827,6172.8,6138.3,6222.0,6395.666666666667,-75.51208010061691,-82.78816500084963,7.276084900232718,36.41488162344984,141.42857142857142,-48.271309660389505,1008374.5,-3540046,645219.5,94426.0,14.255111329844006
2022-10-14,6001,6076,5986,6031,938766,811293,6142.2,6131.4,6201.65,6392.466666666666,-80.81592462546905,-82.39371692577352,1.5777923003044663,41.893644617380026,135.71428571428572,-59.49763918932803,1007126.05,-4478812,662310.6,54466.0,7.196624856142808
2022-10-17,6015,6055,5864,5870,1263565,932929,6068.0,6108.0,6167.2,6390.183333333333,-96.89368401530555,-85.29371034367993,-11.59997367162562,35.53355335533554,141.92857142857142,-87.34025328617932,1019835.3,-5742377,684643.5,121636.0,14.992857081227129
2022-10-18,5870,5922,5833,5900,989127,917040,6003.6,6091.5,6135.15,6383.05,-105.99285522939135,-89.43353932082222,-16.559315908569133,39.529675251959695,140.35714285714286,-105.19740350486936,1038715.05,-4753250,705314.05,-15889.0,-1.7031306776828625
2022-10-19,5900,5957,5862,5931,949741,883739,5953.8,6076.4,6114.55,6376.516666666666,-109.44100526630154,-93.4350325099181,-16.005972756383443,30.857874519846362,132.71428571428572,-86.15716522942552,1028475.2,-3803509,721531.45,-33301.0,-3.6313574107999624
2022-10-20,5931,5970,5885,5922,925218,871120,5930.8,6051.8,6096.05,6367.8,-111.61330509275649,-97.07068702648579,-14.542618066270705,36.515151515151516,125.85714285714286,-75.95817502254185,1023011.85,-4728727,735787.25,-12619.0,-1.4279102766767138
2022-10-21,5922,5946,5856,5861,1016794,904431,5896.8,6019.5,6075.2,6360.2,-116.90939977054495,-101.03842957529763,-15.870970195247324,33.05439330543933,124.28571428571429,-82.79663958461038,1031358.7,-5745521,751060.7,33311.0,3.8239278170630886
2022-10-24,5860,5980,5855,5891,1083852,849666,5901.0,5984.5,6061.95,6350.616666666667,-117.33329845233948,-104.297403350706,-13.035895101633471,37.71186440677966,120.42857142857143,-66.24751025288231,1035038.9,-4661669,759702.4,-54765.0,-6.055188289653934
2022-10-25,5885,5894,5785,5817,993187,881728,5884.4,5944.0,6046.15,6339.666666666667,-122.23141510101141,-107.8842057007671,-14.34720940024431,32.6797385620915,119.5,-85.42824606493717,1037760.15,-5654856,768853.8,32062.0,3.773482756753821
2022-10-26,5817,5842,5750,5754,847916,890252,5849.0,5901.4,6029.5,6326.316666666667,-129.70166130608413,-112.2476968218305,-17.453964484253632,22.10242587601077,115.78571428571429,-89.96434383097225,1025211.35,-6502772,775130.95,8524.0,0.9667380416636506
2022-10-27,5770,5830,5729,5735,840094,883052,5811.6,5871.2,6004.75,6312.483333333334,-135.59200620970478,-116.91655869940537,-18.675447510299406,19.865771812080524,117.21428571428571,-83.93642632834018,1007223.95,-7342866,784421.9,-7200.0,-0.80875976689746
2022-10-28,5745,5765,5601,5664,1075174,888949,5772.2,5834.5,5982.95,6294.016666666666,-144.3255584138551,-122.39835864229534,-21.92719977155977,11.989459815546766,116.07142857142857,-96.44119068367709,1003775.4,-8418040,793260.95,5897.0,0.6677975928937263
2022-10-31,5670,5672,5484,5528,1108541,892654,5699.6,5800.3,5954.15,6271.433333333333,-160.37235221011179,-129.9931573558586,-30.37919485425317,10.388127853881272,122.92857142857143,-107.75143973313149,1008361.0,-9526581,803338.9,3705.0,0.41678431496070534
2022-11-01,5528,5734,5513,5723,1177399,817086,5680.8,5782.6,5937.05,6253.033333333334,-155.5614658429613,-135.10681905327914,-20.454646789682158,27.793974732750243,127.57142857142857,-72.7542416771134,1006624.8,-8349182,806725.65,-75568.0,-8.46554208013407
2022-11-02,5730,5815,5672,5782,1052893,771054,5686.4,5767.7,5922.05,6235.466666666666,-145.31291993316518,-137.14803922925634,-8.164880703908835,36.50793650793651,127.35714285714286,-43.12174438168506,1008248.8,-7296289,809393.95,-46032.0,-5.6336787070149335
2022-11-03,5777,5856,5715,5847,1055997,740231,5708.8,5760.2,5906.0,6221.5,-130.44225952026954,-135.806883287459,5.364623767189443,40.83665338645419,131.0,-27.087162060179814,1006439.7,-6240292,812960.65,-30823.0,-3.997515089734316
2022-11-04,5830,5975,5821,5927,1128160,687471,5761.4,5766.8,5893.15,6209.2,-110.92316934469272,-130.83014049890573,19.90697115421301,53.08775731310942,128.35714285714286,2.716593690859996,1023086.1,-5112132,816479.05,-52760.0,-7.127504792422901
2022-11-07,5956,6005,5763,5854,1186757,680175,5826.6,5763.1,5873.8,6197.033333333334,-100.18971499807594,-124.70205539873979,24.512340400663845,47.61904761904761,139.28571428571428,-1.6718304092601357,1033768.8,-6298889,818269.0,-7296.0,-1.061281130404046
2022-11-08,5860,5885,5781,5840,927040,681367,5850.0,5765.4,5854.7,6180.7,-91.75535942738588,-118.11271620446902,26.35735677708314,45.205479452054796,139.92857142857142,-8.532881639034063,1034325.9,-7225929,820173.25,1192.0,0.1752490167971521
2022-11-09,5840,5913,5814,5854,962696,674686,5864.4,5775.4,5838.4,6165.916666666667,-82.98479185003816,-111.08713133358285,28.102339483544682,46.43605870020964,140.92857142857142,6.639742604578774,1026473.55,-6263233,820787.5,-6681.0,-0.9805288486234298
2022-11-10,5841,5885,5732,5747,1029652,694480,5844.4,5776.6,5823.9,6150.133333333333,-83.70318144784142,-105.61034135643457,21.907159908593158,44.3,145.42857142857142,-18.814003275040353,1027628.45,-7292885,817670.15,19794.0,2.9338092090246404
2022-11-11,5730,5941,5720,5909,1402766,666660,5840.8,5801.1,5817.8,6137.3,-70.38906296808364,-98.5660856787644,28.17702271068076,50.795053003533575,152.28571428571428,18.199795557029958,1050828.45,-5890119,810438.5,-27820.0,-4.005874899205164
2022-11-14,5910,5971,5842,5863,1212260,705230,5842.6,5834.6,5817.45,6124.366666666667,-62.82513466664295,-91.41789547634012,28.592760809697168,52.08333333333333,153.71428571428572,37.65201684814182,1048263.2,-7102379,799053.55,38570.0,5.785557855578549
2022-11-15,5850,5956,5848,5894,989065,690161,5853.4,5851.7,5817.15,6114.183333333333,-53.710089590964344,-83.87633429926497,30.166244708300624,56.529850746268664,154.85714285714286,40.8124853627364,1048260.1,-6113314,787709.6,-15069.0,-2.1367497128596313
2022-11-16,5886,5933,5867,5928,854472,683713,5868.2,5866.3,5817.0,6104.466666666666,-43.24434100357121,-75.74993564012622,32.50559463655502,58.87764489420424,152.35714285714286,46.27938294118955,1043496.65,-5258842,777708.3,-6448.0,-0.9342747561800757
2022-11-17,5921,5979,5781,5838,1280505,673631,5886.4,5865.4,5812.8,6093.283333333334,-41.73135460600042,-68.94621943330107,27.214864827300644,57.86618444846293,154.78571428571428,26.291595509111193,1061261.0,-6539347,767833.85,-10082.0,-1.4745953345921436
2022-11-18,5823,5865,5726,5860,1227931,666728,5876.6,5858.7,5812.75,6084.816666666667,-38.31540965512704,-62.82005747766627,24.504647822539226,66.73387096774194,151.28571428571428,2.4058456624925544,1071817.85,-5311416,755948.7,-6903.0,-1.0247450013434634
2022-11-21,5850,5883,5732,5815,1246283,639729,5867.0,5854.8,5808.95,6074.4,-38.79220025310315,-58.014486032753645,19.2222857796505,55.463182897862225,146.28571428571428,1.340776154703773,1079939.4,-6557699,745451.85,-26999.0,-4.049477448074779
2022-11-22,5808,5850,5777,5789,982788,618510,5846.0,5849.7,5807.55,6060.683333333333,-40.797751858319316,-54.57113919786678,13.773387339547462,50.43263288009888,141.28571428571428,-0.4969010807426783,1079419.45,-7540487,732290.95,-21219.0,-3.3168732385119304
2022-11-23,5799,5833,5742,5812,1075279,596351,5822.8,5845.5,5810.45,6054.283333333334,-40.06936349365151,-51.67078405702373,11.601420563372223,47.71838331160365,137.71428571428572,-6.220951045480755,1090787.6,-6465208,717595.9,-22159.0,-3.5826421561494515
2022-11-24,5800,6026,5782,6017,1450680,610093,5858.6,5872.5,5824.55,6048.616666666667,-22.68878157268682,-45.874383560156346,23.185601987469525,55.044843049327355,144.14285714285714,66.5213085843815,1121316.9,-5014528,703947.95,13742.0,2.3043476073654645
2022-11-25,6000,6126,5955,6120,1371542,613086,5910.6,5893.6,5847.35,6045.483333333334,-0.5964307050062416,-36.81879298912632,36.22236228412008,64.42516268980478,139.07142857142858,111.18763789796196,1136135.3,-3642986,690154.8,2993.0,0.49058094421670084
2022-11-28,6125,6144,5887,5906,1506126,533018,5928.8,5897.9,5866.25,6035.983333333334,-0.35203694024221477,-29.525441779349503,29.173404839107288,52.94117647058823,150.0,70.74884196189512,1156014.55,-5149112,672173.0,-80068.0,-13.059831736493743
2022-11-29,5918,6016,5913,5966,968086,505211,5964.2,5905.1,5878.4,6030.2,4.629776259391292,-22.694398171601346,27.324174430992638,54.794520547945204,150.78571428571428,61.25531919161262,1145548.9,-4181026,656579.25,-27807.0,-5.216896990345543
2022-11-30,5966,5989,5891,5975,933488,477593,5996.8,5909.8,5888.05,6025.7,9.198093994039482,-16.31589973847318,25.513993732512663,60.654205607476634,146.85714285714286,48.05669146436647,1139578.65,-3247538,641906.2,-27618.0,-5.466626815330622
2022-12-01,5996,6046,5979,6006,859699,460320,5994.6,5926.6,5896.0,6021.7,15.145373199315145,-10.023645150915517,25.16901835023066,55.16506922257721,136.14285714285714,77.8445742165519,1129763.75,-2387839,627910.65,-17273.0,-3.6166777988789645
2022-12-02,6010,6157,5963,6122,943473,454827,5995.0,5952.8,5905.75,6018.7,28.885886842203945,-2.2417387522916243,31.12762559449557,62.83448959365709,140.78571428571428,103.43420365132035,1120529.4,-1444366,616278.45,-5493.0,-1.1933003128258624
2022-12-05,6122,6246,6104,6185,900095,439857,6050.8,5989.8,5922.3,6018.233333333334,44.34770366392877,7.076149730952455,37.27155393297632,63.97694524495677,143.21428571428572,123.11394599867569,1106196.3,-544271,604262.55,-14970.0,-3.291361330791709
2022-12-06,6180,6196,6053,6112,930790,428954,6080.0,6022.1,5935.9,6013.366666666667,50.13291395258602,15.687502575279169,34.445411377306854,58.51851851851852,148.71428571428572,83.41872104657001,1106383.8,-1475061,591641.9,-10903.0,-2.4787601425008576
2022-12-07,6112,6138,6028,6047,830262,393071,6094.4,6045.6,5945.55,6007.4,48.90898567216027,22.33179919465539,26.57718647750488,59.905213270142184,142.42857142857142,55.78759984638635,1099762.1,-2305323,577561.15,-35883.0,-8.36523263566723
2022-12-08,6074,6107,6034,6080,578938,370353,6109.2,6051.9,5962.2,6002.7,50.02517877812625,27.870475111349563,22.154703666776683,60.31894934333959,137.71428571428572,51.77726255955144,1077226.4,-1726385,561354.8,-22718.0,-5.779617422806571
2022-12-09,6090,6264,6078,6217,622806,330223,6128.2,6061.6,5977.6,5999.016666666666,61.258376467666494,34.54805538261295,26.710321085053543,67.35751295336789,140.21428571428572,87.10258001370623,1038228.4,-1103579,544532.95,-40130.0,-10.835608190024114
2022-12-12,6279,6373,6201,6205,1119284,560273,6132.2,6091.5,5994.7,5993.116666666667,68.40394871482476,41.31923404905532,27.084714665769447,68.18181818181819,147.28571428571428,98.09018314443682,1033579.6,-2222863,537285.1,230050.0,69.66504453051424
2022-12-13,6196,6299,6192,6274,817292,571307,6164.6,6122.3,6013.7,5988.666666666667,78.72707285473734,48.80080181019172,29.926271044545622,69.41176470588235,148.42857142857142,83.66834276126592,1024990.95,-1405571,531342.4,11034.0,1.969397061789513
2022-12-14,6270,6350,6268,6333,875290,584518,6221.8,6158.1,6033.95,5988.5,90.62436871529826,57.16551519121303,33.45885352408523,65.13409961685824,136.85714285714286,89.67363178972363,1026031.85,-530281,526382.65,13211.0,2.312416966709674
2022-12-15,6329,6418,6309,6407,1119268,593330,6287.2,6198.2,6062.4,5990.416666666667,104.8159894753926,66.69561004804895,38.12037942734365,64.13793103448276,132.42857142857142,93.08325243988833,1017970.0,588987,522367.6,8812.0,1.507566918384029
2022-12-16,6412,6477,6310,6398,1241389,587477,6323.4,6225.8,6089.3,5992.416666666667,114.02234774070439,76.16095758658004,37.86139015412435,80.37037037037037,126.0,86.41829147489669,1018642.9,-652402,518405.05,-5853.0,-0.986466216102333
2022-12-19,6379,6414,6220,6245,1328626,604634,6331.4,6231.8,6110.8,5993.9,107.73077831619685,82.4749217325034,25.255856583693443,65.4485049833887,132.0,53.37841280748401,1022760.05,-1981028,516650.3,17157.0,2.920454758228841
2022-12-20,6250,6324,6235,6275,968113,597124,6331.6,6248.1,6135.1,5996.266666666666,103.9669472478081,86.77332683556435,17.193620412243746,66.23376623376623,131.35714285714286,45.23798876532458,1022026.3,-1012915,515581.0,-7510.0,-1.242073717323211
2022-12-21,6275,6335,6233,6335,902376,619137,6332.0,6276.9,6161.25,6000.4,104.61959302331161,90.3425800731138,14.277012950197815,67.26128016789087,133.57142857142858,49.393020798823805,1013381.15,-110539,516720.3,22013.0,3.6865039757236318
2022-12-22,6350,6366,6208,6225,1063789,628865,6295.6,6291.4,6171.65,6000.316666666667,95.16375033433724,91.30681412535849,3.856936208978752,55.43822597676875,131.0,33.76696635625131,994036.6,-1174328,517658.9,9728.0,1.5712192939527192
2022-12-23,6243,6263,6158,6189,1076608,609426,6253.8,6288.6,6175.1,6001.8,83.7990445200785,89.80526020430248,-6.006215684223989,50.21739130434782,128.35714285714286,9.086808190387789,979289.9,-2250936,517475.9,-19439.0,-3.0911244861774767
2022-12-26,6213,6295,6118,6285,1109172,608981,6261.8,6296.6,6194.05,6004.816666666667,81.59821752007429,88.16385166745685,-6.565634147382568,59.1728525980912,130.78571428571428,15.988927560788126,959442.2,-1141764,521274.05,-445.0,-0.07301952985268034
2022-12-27,6280,6348,6251,6333,786212,610120,6273.4,6302.5,6212.4,6009.283333333334,82.77308847425775,87.08569902881703,-4.312610554559285,65.44276457883369,129.85714285714286,42.03389901567103,950348.5,-355552,526519.5,1139.0,0.18703374982143028
2022-12-28,6318,6373,6267,6306,989886,634124,6267.6,6299.8,6228.95,6013.016666666666,80.59644220218797,85.78784766349123,-5.191405461303262,62.28260869565218,132.21428571428572,41.19618574515439,953168.4,-1345438,534346.05,24004.0,3.934308004982623
2022-12-29,6294,6308,6188,6257,1022489,637103,6274.0,6284.8,6241.5,6014.5,74.0637826761822,83.44303466602943,-9.379251989847234,52.40384615384616,127.5,6.645441465500694,961307.9,-2367927,543185.2,2979.0,0.4697819353943311
2022-12-30,6258,6285,6205,6263,947354,640380,6288.8,6271.3,6248.55,6015.816666666667,68.58020290308741,80.47046831344103,-11.89026541035362,53.510895883777245,120.92857142857143,2.3694604688514946,961501.95,-1420573,552462.85,3277.0,0.5143595305625581
2023-01-03,6260,6333,6129,6325,876467,662484,6296.8,6279.3,6255.55,6017.216666666666,68.44827911615448,78.06603047398372,-9.617751357829235,53.11355311355312,127.85714285714286,6.533730026593776,960320.55,-544106,563594.2,22104.0,3.451700552796777
2023-01-04,6325,6338,6195,6239,1031496,675576,6278.0,6275.7,6261.9,6017.5,60.70448379458503,74.59372113810399,-13.889237343518957,44.44444444444444,132.21428571428572,-0.34027383173669173,965355.85,-1575602,575925.3,13092.0,1.9761986704584622
2023-01-05,6210,6255,6180,6218,873148,689494,6260.4,6264.0,6270.45,6018.133333333333,52.27040502361615,70.12905791520643,-17.858652891590282,38.08322824716268,129.78571428571428,-34.599366221480054,967500.15,-2448750,590746.45,13918.0,2.0601679159709674
2023-01-06,6240,6395,6231,6387,1201252,710679,6286.4,6280.2,6285.8,6023.966666666666,58.54831590079266,67.81290951232369,-9.264593611531026,49.422875131164744,130.5,55.169457249920235,998615.85,-1247498,607762.75,21185.0,3.0725430533115494
2023-01-09,6374,6390,6310,6367,879999,716631,6307.2,6298.0,6293.3,6029.566666666667,61.204248173216,66.49117724450215,-5.286929071286153,57.43902439024391,122.35714285714286,66.4849267767236,1011475.5,-2127497,627083.15,5952.0,0.8375089175281625
2023-01-10,6380,6427,6318,6369,1020493,725641,6316.0,6306.4,6301.5,6037.883333333333,62.74716664109019,65.74237512381977,-2.9952084827295806,55.93434343434343,123.78571428571429,72.24359327642922,1006535.95,-1107004,635351.55,9010.0,1.2572718735304411
2023-01-11,6369,6438,6351,6405,811845,752158,6349.2,6313.6,6308.05,6046.3,66.11273334223097,65.81644676750201,0.2962865747289527,54.557291666666664,122.71428571428571,83.89701785341073,1006263.6,-295159,644394.1,26517.0,3.6542863482079913
2023-01-12,6415,6446,6373,6412,922886,755708,6388.0,6324.2,6312.0,6054.316666666667,68.55455644606263,66.36406870321414,2.1904877428484895,64.06015037593986,116.64285714285714,83.38033331120955,1008643.4,627727,652953.6,3550.0,0.47197530306133384
2023-01-13,6419,6496,6403,6469,846433,764223,6404.4,6345.4,6315.1,6063.433333333333,74.23342575594688,67.9379401137607,6.295485642186179,70.40816326530611,115.78571428571429,105.00984850657416,995001.65,1474160,661498.25,8515.0,1.1267579541304418
2023-01-16,6475,6560,6441,6491,975979,780013,6429.2,6368.2,6319.75,6073.933333333333,79.59170312687093,70.26869271638276,9.323010410488166,66.83006535947712,111.64285714285714,114.90907602529983,981731.15,2450139,671125.05,15790.0,2.066150848639725
2023-01-17,6477,6519,6410,6493,766944,761164,6454.0,6385.0,6332.15,6083.966666666666,83.04229989181931,72.82341415147008,10.218885740349236,64.13427561837456,112.5,86.61480570777655,953647.05,3217083,678951.55,-18849.0,-2.416498186568683
2023-01-18,6515,6605,6500,6572,780899,755353,6487.4,6418.3,6347.0,6096.55,91.10140220177163,76.47901176153039,14.622390440241247,71.52103559870551,112.92857142857143,109.66736036139667,944286.35,3997982,686863.0,-5811.0,-0.7634360006516294
2023-01-19,6580,6700,6558,6634,894363,737822,6531.8,6459.9,6361.95,6111.216666666666,101.32319002635813,81.44784741449594,19.875342611862195,79.87321711568939,114.5,115.32128769080477,943885.7,4892345,692797.25,-17531.0,-2.3209016181838127
2023-01-20,6630,6696,6602,6696,642411,716184,6577.2,6490.8,6385.5,6127.233333333334,113.12290196839695,87.78285832527615,25.340043643120794,81.51382823871907,115.5,106.40461282579545,922816.8,5534756,697163.2,-21638.0,-2.932685661311263
2023-01-30,6690,6700,6502,6552,751257,773108,6589.4,6509.3,6403.65,6142.033333333334,109.59136115981437,92.1445588921838,17.446802267630574,64.75942782834849,115.07142857142857,69.42932822385328,906549.25,4783499,705347.3,56924.0,7.948236765970762
2023-01-31,6545,6562,6358,6368,1115184,780650,6564.4,6509.2,6407.8,6156.033333333334,90.89751737918868,91.89515058958477,-0.9976332103960885,57.43944636678201,119.42857142857143,10.32232148106633,906849.85,3668315,713930.75,7542.0,0.9755428736994087
2023-02-01,6366,6418,6317,6331,944800,814047,6516.2,6501.8,6407.7,6166.166666666667,72.26390738149985,87.9689019479678,-15.704994566467946,56.39864099660249,121.28571428571429,-18.32296670651414,914779.25,2723515,724127.1,33397.0,4.2781015820149815
2023-02-02,6330,6337,6202,6216,1038792,852235,6432.6,6482.2,6403.2,6173.4,47.667615703750016,79.90864469912424,-32.24102899537422,39.68636911942099,118.28571428571429,-54.97581172913144,917224.55,1684723,735032.65,38188.0,4.691129627650481
2023-02-03,6206,6248,6167,6226,881114,884919,6338.6,6457.9,6401.65,6179.716666666666,28.651516916866058,69.6572191426726,-41.005702225806544,41.391941391941394,118.35714285714286,-67.10958427746209,910155.8,2565837,747423.45,32684.0,3.835092433425058
2023-02-06,6226,6294,6188,6235,904481,880595,6275.2,6432.3,6400.25,6184.85,14.144299725810015,58.554635259300085,-44.41033553349007,41.888619854721554,118.14285714285714,-57.4214043193261,908012.15,3470318,759434.2,-4324.0,-0.48863229289912713
2023-02-07,6240,6256,6143,6219,997907,903859,6245.4,6404.9,6394.95,6190.933333333333,1.340704493776684,47.11184910619541,-45.77114461241872,38.46153846153846,120.0,-66.65143166723239,914084.15,2472411,771502.95,23264.0,2.6418501127078775
2023-02-08,6227,6228,6151,6214,962506,929169,6222.0,6369.1,6393.7,6197.166666666667,-9.104741394497069,35.86853100605691,-44.97327240055398,37.6865671641791,120.28571428571429,-66.82593370177963,910634.65,1509905,784182.6,25310.0,2.8002155203411094
2023-02-09,6226,6298,6220,6251,930776,907901,6229.0,6330.8,6395.35,6203.783333333334,-14.233170607310967,25.848190683383336,-40.0813612906943,36.0969387755102,119.64285714285714,-48.09142031911221,913516.05,2440681,795102.95,-21268.0,-2.2889269874479257
2023-02-10,6238,6276,6151,6246,1033672,902423,6233.0,6285.8,6388.3,6212.1,-18.487829727238022,16.980986601259065,-35.468816328497084,34.028683181225546,120.07142857142857,-55.5136354458749,905137.05,1407009,804690.15,-5478.0,-0.6033697506666491
2023-02-13,6274,6282,6157,6186,1025832,912129,6223.2,6249.2,6379.25,6216.716666666666,-26.39688938271047,8.30541140446516,-34.70230078717563,31.39393939393939,121.21428571428571,-56.40894704766658,912428.7,381177,814465.05,9706.0,1.0755488279886594
2023-02-14,6180,6295,6173,6267,932981,873704,6232.8,6239.1,6374.15,6223.45,-25.831088379074572,1.4781114477572128,-27.309199826831787,31.559854897218855,121.92857142857143,-41.58242402326765,908053.1,1314158,821868.2,-38425.0,-4.2126716725375495
2023-02-15,6267,6324,6232,6291,819291,844326,6248.2,6235.1,6368.45,6230.066666666667,-23.178895702390946,-3.453289982272419,-19.725605720118526,28.2636248415716,118.35714285714286,-27.579149115450388,908425.4,2133449,826476.6,-29378.0,-3.3624660067940626
2023-02-16,6294,6366,6292,6334,766561,824343,6264.8,6246.9,6364.55,6236.833333333333,-17.406620577326976,-6.243956101283331,-11.162664476043645,26.493506493506487,117.0,-10.991091059216185,900609.15,2900010,829908.35,-19983.0,-2.366739861143685
2023-02-17,6331,6376,6314,6338,671766,806839,6283.2,6258.1,6358.0,6245.166666666667,-12.366728435727055,-7.468510568172076,-4.898217867554979,33.01587301587301,107.28571428571429,-5.432816096111385,891875.8,3571776,832039.15,-17504.0,-2.1233879586531335
2023-02-20,6320,6409,6262,6404,790541,791371,6326.8,6275.0,6353.65,6254.233333333334,-3.0122063483104284,-6.577249724199747,3.565043375889319,53.51562500000001,103.21428571428571,1.8493681262625468,882603.9,4362317,832607.05,-15468.0,-1.9171110965136795
2023-02-21,6413,6515,6410,6485,847458,741867,6370.4,6301.6,6353.25,6265.4,10.812700772579774,-3.099259624843843,13.911960397423616,63.84892086330936,103.92857142857143,38.507276468100066,886629.6,5209775,831642.2,-49504.0,-6.255473096689168
2023-02-22,6500,6500,6422,6447,820746,733136,6401.6,6324.9,6347.0,6276.366666666667,18.489620018034657,1.2185163037318572,17.2711037143028,74.11273486430062,99.85714285714286,37.09494998269433,888621.95,4389029,830531.35,-8731.0,-1.1768955891015453
2023-02-23,6480,6528,6441,6472,878600,703669,6429.2,6347.0,6338.9,6287.366666666667,26.28789441241679,6.232391925468844,20.055502486947947,74.89878542510121,100.28571428571429,52.03616879397146,887833.8,5267629,828823.7,-29467.0,-4.019308832194845
2023-02-24,6485,6523,6479,6517,672957,712308,6465.0,6374.1,6329.95,6295.7,35.68781999875682,12.12347754012644,23.56434245863038,76.60377358490565,96.35714285714286,73.53348710023614,889361.1,5940586,828629.9,8639.0,1.2277079138060643
2023-02-27,6502,6535,6411,6421,895959,696316,6468.4,6397.6,6323.4,6300.716666666666,34.98761560060484,16.696305152222124,18.291310448382717,66.55737704918033,97.14285714285714,60.7982221528183,896596.2,5044627,824790.3,-15992.0,-2.2450962224206394
2023-02-28,6425,6431,6325,6374,842325,669000,6446.2,6408.3,6323.7,6308.516666666666,30.29101539577823,19.415247200933344,10.875768194844888,62.26993865030675,99.21428571428571,25.631399622673026,882953.25,4202302,819207.8,-27316.0,-3.922931542575492
2023-03-01,6373,6406,6334,6398,681279,676529,6436.4,6419.0,6327.05,6315.716666666666,28.18067602851079,21.168332966448833,7.012343062061955,61.502347417840376,98.35714285714286,26.198312034711947,869777.2,4883581,812331.9,7529.0,1.1254110612854973
2023-03-02,6387,6438,6372,6387,628361,691473,6419.4,6424.3,6335.6,6322.583333333333,25.328636056680807,22.000393584495228,3.328242472185579,60.93023255813953,94.14285714285714,32.07869097195648,849255.65,4255220,804293.8,14944.0,2.2089223078389786
2023-03-03,6384,6448,6348,6435,732490,677394,6403.0,6434.0,6346.05,6329.733333333334,26.634546209158543,22.92722410942789,3.7073220997306535,69.66824644549763,92.35714285714286,33.56018359189314,841824.45,4987710,793917.55,-14079.0,-2.036088176978712
2023-03-06,6418,6457,6366,6408,968363,660516,6400.4,6434.4,6354.7,6334.5,25.20032144304696,23.381843576151706,1.818477866895254,62.176165803108816,90.14285714285714,29.935404256801355,845018.55,4019347,782913.6,-16878.0,-2.491607543025187
2023-03-07,6408,6485,6400,6461,735818,657924,6417.8,6432.0,6366.8,6339.1,28.017378148309945,24.308950490583356,3.7084276577265882,63.98026315789473,89.64285714285714,44.508042134897906,831914.1,4755165,770616.85,-2592.0,-0.392420471267918
2023-03-08,6461,6516,6431,6458,869025,643415,6429.8,6433.1,6379.0,6344.866666666667,29.665871257580875,25.38033464398286,4.2855366135980155,60.91549295774648,90.35714285714286,50.43362504472441,827240.05,3886140,756329.15,-14509.0,-2.2052699095944206
2023-03-09,6456,6459,6315,6331,1001049,662418,6418.6,6419.0,6383.0,6349.6,20.488298949942873,24.401927505174864,-3.913628555231991,49.493487698986975,96.21428571428571,-7.255850438985218,830753.7,2885091,744055.0,19003.0,2.9534592758950318
2023-03-10,6331,6372,6255,6299,898894,637283,6391.4,6397.2,6385.65,6353.25,10.511701854785315,21.623882375096954,-11.11218052031164,42.009132420091326,94.07142857142857,-46.92912191848296,824014.8,1986197,730798.0,-25135.0,-3.7944319145916894
2023-03-13,6300,6440,6300,6381,977443,597583,6386.0,6393.2,6395.4,6355.983333333334,9.116798696416481,19.12246563936086,-10.00566694294438,42.097264437689965,96.21428571428571,-14.129480279548126,821595.35,2963640,715070.7,-39700.0,-6.2295714776637645
2023-03-14,6303,6398,6281,6337,827870,579739,6361.2,6389.5,6398.9,6358.183333333333,4.410059199729403,16.17998435143457,-11.769925151705166,41.71686746987952,99.0,-47.54110376671159,816339.8,2135770,700372.45,-17844.0,-2.986028719023126
2023-03-15,6340,6344,6241,6254,775758,620017,6320.4,6375.1,6397.05,6357.85,-5.948896921033338,11.754208096940989,-17.703105017974327,34.903047091412745,100.14285714285714,-94.12994738009267,814163.15,1360012,689157.0,40278.0,6.947609182752923
2023-03-16,6210,6242,6129,6130,804540,640527,6280.2,6349.4,6386.85,6354.466666666666,-23.888832378371262,4.6256000018785395,-28.5144323802498,25.842696629213492,105.42857142857143,-138.68847470185807,816062.1,555472,679966.2,20510.0,3.3079738136212455
2023-03-17,6150,6233,6120,6163,768915,640326,6253.0,6322.2,6378.1,6350.4,-35.03962132781362,-3.307444264059893,-31.732177063753728,32.52032520325203,104.64285714285714,-111.83139632472867,820919.55,1324387,671640.55,-201.0,-0.031380410193482255
2023-03-20,6149,6196,6076,6126,882489,658112,6202.0,6294.0,6364.2,6345.866666666667,-46.3282494639534,-11.911605304038595,-34.4166441599148,32.96703296703298,105.64285714285714,-109.0213406403375,825516.95,441898,664977.6,17786.0,2.777647635735536
2023-03-21,6151,6178,6091,6118,651106,649752,6158.2,6259.7,6345.85,6343.75,-55.28283561661192,-20.58585136655326,-34.69698425005866,30.337078651685403,106.71428571428571,-94.38939981898417,815699.35,-209208,660371.85,-8360.0,-1.2703004959642161
2023-03-22,6139,6183,6096,6141,697101,641279,6135.6,6228.0,6330.55,6341.516666666666,-59.833775358819366,-28.435436165006482,-31.398339193812884,33.01104972375691,108.21428571428571,-78.83017353184479,809517.1,487893,655779.0,-8473.0,-1.3040360014282326
2023-03-23,6137,6147,6023,6045,1025784,704574,6118.6,6199.4,6309.2,6336.683333333333,-70.37557971115984,-36.82346487423715,-33.55211483692269,24.740932642487053,109.92857142857143,-91.75257060797513,816876.3,-537891,655824.25,63295.0,9.870118934192451
2023-03-24,6055,6135,6012,6130,876017,646237,6112.0,6182.5,6289.85,6335.1,-71.0522004463428,-43.66921198865828,-27.38298845768451,33.25301204819277,112.21428571428571,-75.61491232143297,827029.3,338126,652520.7,-58337.0,-8.279754858964427
2023-03-27,6085,6193,6076,6183,710321,604470,6123.4,6162.7,6277.95,6335.0,-66.54468449303658,-48.24430648953394,-18.300378003502644,33.25301204819277,114.5,-48.949243654376026,817747.4,1048447,647928.4,-41767.0,-6.463108735649614
2023-03-28,6188,6258,6187,6241,582112,567686,6148.0,6153.1,6271.3,6334.266666666666,-57.62803029038423,-50.121051249704,-7.506979040680228,37.740112994350284,113.78571428571429,-17.03116153326896,804736.75,1630559,642862.7,-36784.0,-6.085330951081113
2023-03-29,6255,6294,6232,6265,619218,514840,6172.8,6154.2,6264.65,6333.133333333333,-48.07078804852881,-49.710998609468966,1.6402105609401545,45.78005115089515,107.92857142857143,-1.5492542226566297,801633.7,2249777,634778.25,-52846.0,-9.309019422709031
2023-03-30,6280,6288,6190,6256,612189,517391,6215.0,6166.8,6258.1,6332.3,-40.7530536647555,-47.919409620526274,7.166355955770776,47.167325428195,106.57142857142857,-6.0943088111949635,800825.1,1637588,626074.15,2551.0,0.49549374562971593
2023-03-31,6256,6320,6244,6282,583125,480002,6245.4,6178.7,6250.45,6332.716666666666,-32.48128964710122,-44.83178562584126,12.350495978740042,42.95874822190611,101.92857142857143,11.814159831395845,793356.85,2220713,616204.55,-37389.0,-7.226449629003984
2023-04-03,6295,6397,6251,6253,673636,462100,6259.4,6191.4,6242.7,6332.55,-27.943796019058937,-41.4541877044848,13.510391685425866,43.895348837209305,104.0,22.671428015730196,778620.5,1547077,606283.75,-17902.0,-3.7295677934675253
2023-04-04,6250,6272,6172,6210,636042,440149,6253.2,6200.6,6230.15,6330.633333333333,-27.50053125612976,-38.663456414813794,11.162925158684033,46.604938271604944,103.78571428571429,-8.782504297910096,773631.7,911035,595395.0,-21951.0,-4.750270504219866
2023-04-06,6204,6268,6163,6170,547676,440942,6234.2,6203.5,6215.75,6329.483333333334,-30.030730871999367,-36.936911306250906,6.906180434251539,53.54609929078014,102.35714285714286,-12.613933573579944,757564.25,363359,585271.35,793.0,0.1801662618795108
2023-04-07,6189,6246,6166,6239,556263,412062,6230.8,6222.9,6211.15,6329.833333333333,-26.16657694287096,-34.782844433574915,8.616267490703954,56.33333333333333,100.0,0.8780358402682938,735324.95,919622,572753.55,-28880.0,-6.549614234978751
2023-04-10,6220,6257,6146,6173,544679,401666,6209.0,6227.2,6204.85,6326.266666666666,-28.10586857169801,-33.44744926119954,5.3415806895015265,53.736089030206685,99.35714285714286,-10.96665102601856,717614.2,374943,560972.7,-10396.0,-2.5229213079585144
2023-04-11,6168,6182,6104,6165,497410,388210,6191.4,6225.4,6194.05,6322.9,-29.94313843961936,-32.7465870968835,2.8034486572641413,53.736089030206685,98.71428571428571,-33.577331046939555,693612.55,-122467,550504.05,-13456.0,-3.350047054020011
2023-04-12,6155,6168,6110,6112,425329,371383,6171.8,6212.5,6182.8,6318.616666666667,-35.269282769875645,-33.25112623148193,-2.0181565383937112,47.79969650986343,96.64285714285714,-44.55716517942813,673485.5,-547796,540086.25,-16827.0,-4.334509672599884
2023-04-13,6102,6125,5971,6021,825694,353692,6142.0,6188.1,6171.15,6312.216666666666,-46.299517982813086,-35.86080458174816,-10.438713401064923,48.1651376146789,98.78571428571429,-98.64229173705064,675982.3,-1373490,526770.0,-17691.0,-4.763545988911721
2023-04-14,6003,6043,5978,6018,507649,317254,6097.8,6164.3,6165.55,6305.65,-54.653126562944635,-39.61926897798746,-15.033857584957175,40.209790209790214,94.64285714285714,-98.97952639573622,661137.75,-1881139,510606.35,-36438.0,-10.30218382095156
2023-04-17,6025,6088,6014,6084,409728,256398,6080.0,6144.5,6161.6,6299.233333333334,-55.310191672018846,-42.75745351679374,-12.552738155225107,41.53846153846155,91.57142857142857,-61.50998198976433,643178.4,-1471411,491409.95,-60856.0,-19.182106450982495
2023-04-18,6074,6182,6074,6180,806130,641972,6083.0,6137.2,6164.3,6294.05,-47.53655104041536,-43.71327302151806,-3.823278018897298,45.10433386837882,93.92857142857143,-11.104965102009531,639360.45,-665281,490602.95,385574.0,150.38104821410462
2023-04-19,6180,6242,6174,6205,814414,644817,6101.6,6136.7,6168.65,6289.25,-38.910062784424554,-42.75263097409936,3.8425681896748074,45.192307692307686,94.35714285714286,24.168999143593748,647525.85,149133,490356.2,2845.0,0.44316574554652544
2023-04-20,6195,6207,6137,6200,843583,660092,6137.4,6139.7,6171.6,6283.05,-32.10685901936722,-40.623476583152936,8.516617563785715,45.483870967741936,92.35714285714286,7.260864282325339,654849.95,-694450,491296.85,15275.0,2.3688891576990168
2023-04-21,6200,6260,6178,6198,989502,656062,6173.4,6135.6,6179.25,6275.783333333334,-26.57036764766326,-37.81285479605501,11.242487148391746,42.95302013422819,92.78571428571429,22.5211910845185,653035.85,-1683952,488871.25,-4030.0,-0.6105209576846904
2023-04-24,6200,6228,6101,6103,998809,667939,6177.2,6128.6,6177.9,6265.9,-29.50821209834885,-36.151926256513775,6.643714158164926,38.67069486404834,91.42857142857143,-22.839236053028465,659175.45,-2682761,489956.35,11877.0,1.8103471927958026
2023-04-25,6118,6163,6065,6083,840256,695133,6157.8,6120.4,6172.9,6258.083333333333,-33.0691077551719,-35.5353625562454,2.4662548010735037,40.06259780907668,91.28571428571429,-46.59637231767982,665672.2,-3523017,494489.5,27194.0,4.071329866948936
2023-04-26,6068,6078,6025,6048,720844,728049,6126.4,6114.0,6163.25,6252.75,-38.2741501329665,-36.083120071589626,-2.191030061376871,40.37854889589905,87.92857142857143,-71.43878670552591,672608.8,-4243861,502507.65,32916.0,4.735208945626224
2023-04-27,6027,6055,5957,5994,1023121,749500,6085.2,6111.3,6149.7,6247.133333333333,-46.22369444453852,-38.11123494617941,-8.112459498359115,30.21001615508885,89.21428571428571,-87.92384780207192,692803.95,-5266982,514240.65,21451.0,2.9463676208606904
2023-04-28,5994,6042,5976,6025,603731,717832,6050.6,6112.0,6138.15,6243.95,-49.45226968073166,-40.37944189308986,-9.072827787641799,37.32876712328767,86.0,-71.97568445365937,692381.05,-4663251,524262.7,-31668.0,-4.225216811207466
2023-05-04,5960,6048,5886,5987,696200,728417,6027.4,6102.3,6123.4,6239.966666666666,-54.44956059591823,-43.19346563365554,-11.256094962262686,35.504885993485345,92.0,-84.77390270339696,698034.8,-5359451,536683.45,10585.0,1.4745790101305056
2023-05-05,5980,5983,5863,5919,817037,785617,5994.6,6076.2,6106.7,6234.7,-63.16881062239281,-47.188534631403,-15.98027599098981,34.65818759936407,96.71428571428571,-101.19227734465704,705204.85,-6176488,552859.3,57200.0,7.852644844917123
2023-05-08,5915,5992,5905,5987,848528,776977,5982.4,6054.4,6095.55,6230.833333333333,-63.85575795797922,-50.52197929671825,-13.333778661260972,47.19471947194719,91.92857142857143,-71.38551962308058,715829.15,-5327960,569700.7,-8640.0,-1.099772535472121
2023-05-09,5991,6012,5934,5943,722400,785097,5972.2,6028.7,6084.2,6226.316666666667,-67.17623512451519,-53.85283046227764,-13.32340466223755,44.20401854714065,92.85714285714286,-63.46709191082152,724565.35,-6050360,586908.45,8120.0,1.0450759803700693
2023-05-10,5925,5940,5873,5889,813042,833331,5945.0,5997.8,6066.7,6220.283333333334,-73.31989974075441,-57.746244317972995,-15.573655422781414,34.64566929133858,92.57142857142857,-85.16787570924396,737404.3,-6863402,607971.9,48234.0,6.143699440960804
2023-05-11,5895,5902,5834,5836,874027,847441,5914.8,5971.1,6049.85,6213.45,-81.5256780042937,-62.502131055237136,-19.02354694905656,20.945945945945937,89.71428571428571,-92.89797802955788,753871.7,-7737429,630260.65,14110.0,1.6932047409732753
2023-05-12,5820,5852,5809,5818,661627,852399,5894.6,5944.6,6032.5,6207.316666666667,-88.46153643864182,-67.69401213191807,-20.767524306723743,16.92307692307692,87.92857142857143,-92.34447852524363,762082.55,-8399056,653470.1,4958.0,0.5850554787884876
2023-05-15,5824,5888,5795,5871,887820,834318,5871.4,5926.9,6020.45,6200.716666666666,-88.65958465428594,-71.88712663639166,-16.77245801789428,24.01263823064771,89.57142857142857,-72.09580361652861,785207.1,-7511236,676616.85,-18081.0,-2.1211897245304145
2023-05-16,5875,5894,5830,5841,821327,836169,5851.0,5911.6,6011.45,6193.216666666666,-90.19754739128075,-75.54921078736947,-14.648336603911275,22.995461422087743,88.28571428571429,-63.62303720728783,784988.75,-8332563,700740.7,1851.0,0.22185785276118697
2023-05-17,5836,5865,5813,5858,701860,841140,5844.8,5894.9,6003.45,6185.283333333334,-89.01848631751545,-78.24306589339868,-10.775420424116774,28.98799313893653,82.92857142857143,-61.40409826040155,794699.3,-7630703,726935.0,4971.0,0.5944970454537346
2023-05-18,5870,5916,5858,5910,912498,822169,5859.6,5887.2,5994.75,6178.15,-82.93211668630283,-79.18087605197951,-3.7512406343233238,35.9349593495935,80.07142857142857,-38.624105460814796,819837.8,-6718205,755223.55,-18971.0,-2.255391492498271
2023-05-19,5906,5907,5766,5782,1031832,879619,5852.4,5873.5,5974.85,6167.783333333334,-87.42932433493934,-80.83056570857147,-6.598758626367868,31.21468926553672,86.21428571428571,-61.257086736203085,831122.9,-7750037,767105.9,57450.0,6.9876144685581565
2023-05-22,5788,5803,5653,5682,964139,906675,5814.6,5843.0,5948.7,6154.4,-97.9336400216489,-84.25118057118696,-13.682459450461934,29.310344827586206,89.92857142857143,-91.13411433360623,838609.15,-8714176,780198.8,27056.0,3.0758771695472698
2023-05-23,5709,5753,5685,5693,812859,877295,5785.0,5818.0,5923.35,6141.833333333333,-104.16997122893827,-88.23493870273722,-15.935032526201041,27.3841961852861,90.28571428571429,-83.50941942487792,837072.95,-7901317,791058.95,-29380.0,-3.2404113932776313
2023-05-24,5681,5690,5627,5638,835921,908572,5741.0,5792.9,5895.35,6127.933333333333,-112.2563279158021,-93.0392165453502,-19.217111370451903,26.764314247669773,83.42857142857143,-97.61218670380963,829393.9,-8737238,803684.45,31277.0,3.565163371499902
2023-05-25,5638,5717,5614,5699,863965,870142,5698.8,5779.2,5875.15,6114.3,-112.44642129820659,-96.92065749592149,-15.525763802285098,35.21505376344085,81.92857142857143,-81.15929143611814,822651.7,-7873273,813794.6,-38430.0,-4.229714320934386
2023-05-26,5680,5761,5647,5755,967160,854571,5693.4,5772.9,5858.75,6103.2,-106.84667769412954,-98.9058615355631,-7.9408161585664345,34.15300546448087,83.85714285714286,-59.089721173789556,828996.9,-6906113,821766.5,-15571.0,-1.7894780392165854
2023-05-29,5755,5793,5705,5736,895247,860933,5704.2,5759.4,5843.15,6092.566666666667,-102.75745774570078,-99.67618077759064,-3.0812769681101315,35.36067892503536,84.57142857142857,-44.96874471109251,837717.05,-7801360,828410.7,6362.0,0.7444671068875586
2023-05-30,5722,5780,5678,5683,779285,862442,5702.2,5743.6,5827.6,6080.65,-102.61054801122646,-100.26305422431781,-2.347493786908643,35.41076487252124,86.85714285714286,-53.71360352196406,825525.25,-8580645,834057.8,1509.0,0.17527496332467862
2023-05-31,5645,5677,5620,5674,755722,869062,5709.4,5725.2,5810.05,6068.766666666666,-102.04404553537188,-100.61925248652864,-1.4247930488432416,37.764350453172206,86.5,-73.1557371573975,833124.8,-9336367,841619.3,6620.0,0.7675878493858201
2023-06-01,5660,5778,5650,5777,834953,836899,5725.0,5711.9,5799.55,6057.8,-92.22078524191966,-98.93955903760684,6.718773795687184,47.25568942436413,92.57142857142857,-32.6996050207368,840062.45,-8501414,847043.4,-32163.0,-3.700886703135109
2023-06-02,5777,5849,5727,5845,851220,809700,5743.0,5718.2,5795.85,6048.416666666667,-78.0490481431525,-94.76145685871597,16.71240871556347,48.29396325459318,94.64285714285714,6.128096753653592,841771.6,-7650194,848247.55,-27199.0,-3.2499740112008735
2023-06-05,5820,5854,5695,5698,1057423,873053,5735.4,5719.8,5781.4,6035.7,-77.78288320089177,-91.36574212715115,13.582858926259377,41.865756541524455,101.42857142857143,-20.00416567451074,852216.35,-8707617,853051.35,63353.0,7.824255897245891
2023-06-06,5698,5777,5698,5732,894818,850489,5745.2,5723.7,5770.85,6023.6,-73.97568407859762,-87.88773051744046,13.912046438842836,42.96875,103.35714285714286,-23.809795342314267,860837.25,-7812799,856320.95,-22564.0,-2.5844937248941324
2023-06-07,5710,5728,5633,5655,1043078,943741,5741.4,5725.4,5759.15,6012.333333333333,-76.29225816707276,-85.56863604736692,9.276377880294163,36.156351791530945,106.28571428571429,-59.18438508901976,872339.05,-8855877,861841.45,93252.0,10.964515708022082
2023-06-08,5660,5693,5641,5658,776511,955004,5717.6,5721.3,5750.25,6001.65,-76.99849418320537,-83.85460767453462,6.856113491329253,42.21105527638192,99.71428571428571,-58.47642399749726,867463.25,-8079366,867219.6,11263.0,1.1934418447434147
2023-06-09,5658,5710,5627,5696,911658,940571,5687.8,5715.4,5744.15,5990.233333333334,-73.64299825073704,-81.8122857897751,8.169287539038066,50.95367847411444,94.92857142857143,-44.69165726831624,879964.8,-7167708,871628.2,-14433.0,-1.5113025704604377
2023-06-12,5699,5742,5645,5664,977032,926905,5681.0,5708.2,5733.8,5979.016666666666,-72.7275185515009,-79.99533234212026,7.267813790619357,48.079470198675494,96.78571428571429,-36.68799421997446,884425.4,-8144740,876257.55,-13666.0,-1.4529471990950227
2023-06-13,5645,5697,5596,5683,1094781,933996,5671.2,5708.2,5725.9,5969.5,-69.66578923099951,-77.92942371989612,8.263634488896614,53.129346314325446,99.28571428571429,-49.91086743121821,898098.1,-7049959,881148.9,7091.0,0.7650190688366143
2023-06-14,5700,5789,5695,5756,943848,891233,5691.4,5716.4,5720.8,5963.266666666666,-60.649724501478886,-74.47348387621268,13.823759374733797,53.898768809849514,99.5,20.25201155522739,910197.5,-6106111,883653.55,-42763.0,-4.578499265521485
2023-06-15,5760,5785,5680,5730,956186,907283,5705.8,5711.7,5711.8,5956.05,-54.9687652461389,-70.57254015019792,15.603774904059023,48.21683309557775,98.85714285714286,19.44678118408006,912381.9,-7062297,887909.25,16050.0,1.8008758652338974
2023-06-16,5730,5829,5730,5812,953545,891043,5729.0,5708.4,5713.3,5950.816666666667,-43.3501360261871,-65.12805932539577,21.777923299208666,54.973821989528794,99.64285714285714,88.8051218096038,908467.55,-6108752,888480.45,-16240.0,-1.7899596928411587
2023-06-19,5831,5842,5763,5791,968121,884726,5754.4,5717.7,5718.75,5945.366666666667,-35.42841642621079,-59.18813074555878,23.759714319347992,57.37704918032787,98.0,85.48158944845603,908666.65,-7076873,887383.0,-6317.0,-0.7089444617150886
2023-06-20,5795,5886,5781,5796,1291296,888472,5777.0,5724.1,5723.9,5939.616666666667,-28.419337919948703,-53.03437218043676,24.61503426048806,58.379120879120876,101.0,92.64300722393286,932588.5,-5785577,887941.85,3746.0,0.42340792516553094
2023-06-21,5790,5825,5769,5814,766980,863372,5788.6,5740.0,5732.7,5935.766666666666,-21.168130111112077,-46.661123766571826,25.49299365545975,52.87713841368584,95.85714285714286,68.17137317425563,929141.45,-5018597,885681.85,-25100.0,-2.825074960156315
2023-06-26,5770,5785,5700,5717,667721,868464,5786.0,5745.9,5733.6,5928.883333333333,-22.983643877851136,-41.92562778882769,18.941983910976553,40.476190476190474,95.28571428571429,1.7195363201361253,919329.25,-5686318,885597.95,5092.0,0.5897805349258434
2023-06-27,5706,5788,5696,5767,754645,864917,5777.0,5753.0,5734.2,5921.95,-20.15552909249982,-37.57160804956212,17.416078957062304,55.99999999999999,90.5,15.897163176807895,908703.5,-4931673,886115.25,-3547.0,-0.40842222590689037
2023-06-28,5749,5766,5725,5757,666557,863111,5770.2,5762.3,5735.25,5913.883333333333,-18.507797803777066,-33.758846000405114,15.251048196628048,52.26860254083485,87.85714285714286,14.703413540397264,897269.0,-5598230,886224.15,-1806.0,-0.20880616290349652
2023-06-29,5743,5817,5734,5815,799380,883139,5774.0,5775.5,5741.85,5906.383333333333,-12.379144539920162,-29.482905708308124,17.103761168387962,65.0375939849624,86.71428571428571,47.56593676656152,898273.75,-4798850,887259.0,20028.0,2.320443141148698
2023-06-30,5806,5866,5805,5839,790649,865507,5779.0,5783.8,5750.1,5899.433333333333,-5.521890335588978,-24.690702633764296,19.168812298175318,66.36528028933093,87.35714285714286,82.67779983891296,900020.1,-4008201,887081.25,-17632.0,-1.9965147049331944
2023-07-03,5845,5876,5808,5819,738107,877398,5799.4,5792.7,5752.2,5891.716666666666,-1.6819117956074479,-20.08894446613293,18.40703267052548,61.495327102803735,86.28571428571429,71.61693547609062,895177.8,-4746308,889106.2,11891.0,1.3738768143989555
2023-07-04,5827,5849,5794,5828,725407,892521,5811.6,5794.3,5751.35,5884.633333333333,2.0637342034733592,-15.658408732211674,17.722142935685035,66.015625,83.28571428571429,60.66055811198139,888887.15,-4020901,893247.25,15123.0,1.7236191557309155
2023-07-05,5831,5851,5766,5780,856580,927443,5816.2,5793.2,5755.45,5877.466666666666,1.1457789696660257,-12.297571191836134,13.44335016150216,58.9648798521257,82.14285714285714,36.95730903733259,878845.0,-4877481,895966.75,34922.0,3.912737067251082
2023-07-06,5784,5804,5762,5794,671028,929078,5812.0,5793.0,5758.55,5871.2,1.5303350802760178,-9.531989937413703,11.062325017689721,53.941908713692946,77.57142857142857,24.383996366982633,867655.5,-4206453,899896.2,1635.0,0.1762911575158732
2023-07-07,5798,5890,5790,5844,1057805,894844,5813.0,5796.0,5768.0,5864.616666666667,5.802789752915487,-6.465033999347866,12.267823752263354,61.26482213438735,77.21428571428571,63.79306827457143,868391.85,-3148648,897451.35,-34234.0,-3.6847283005302045
2023-07-10,5858,5879,5832,5870,671264,905045,5823.2,5811.3,5778.6,5859.566666666667,11.158099940847933,-2.9404072113087065,14.098507152156639,56.44444444444445,73.5,73.47988309181406,863129.5,-2477384,894953.4,10201.0,1.1399752359070314
2023-07-11,5880,5930,5857,5896,826645,901349,5836.8,5824.2,5788.6,5855.083333333333,17.300772026083905,1.107828636169816,16.192943389914088,61.53846153846154,73.07142857142857,92.09421593128191,858878.85,-1650739,892992.3,-3696.0,-0.40837748399250584
2023-07-12,5905,5943,5875,5936,808026,894735,5868.0,5842.1,5802.2,5852.15,25.107130246414272,5.907688958218708,19.199441288195565,64.28571428571428,70.42857142857143,99.3537835135223,850428.55,-842713,891383.8,-6614.0,-0.7337890206790099
2023-07-13,5956,5993,5902,5979,1076746,846727,5905.0,5858.5,5817.0,5851.45,34.367301156970825,11.599611397969133,22.76768975900169,66.01941747572815,72.92857142857143,118.83466955828938,849526.8,234033,887020.35,-48008.0,-5.365611046846275
2023-07-14,6002,6092,5988,6038,1171148,806741,5943.8,5878.4,5831.1,5851.783333333334,45.93732336715675,18.46715379180666,27.47016957535009,83.64779874213836,72.85714285714286,137.17935440315514,860891.8,1405181,882795.75,-39986.0,-4.722419386650012
2023-07-17,6046,6067,5870,5875,1153434,806226,5944.8,5884.0,5838.35,5848.3,41.475804319670715,23.06888389737947,18.406920422291243,59.15254237288135,80.35714285714286,64.15505517240071,870754.2,251747,877742.9,-515.0,-0.06383709269766058
2023-07-18,5878,5979,5863,5971,959607,775682,5959.8,5898.3,5846.3,5844.816666666667,45.16577310788216,27.48826173948001,17.67751136840215,65.82840236686391,85.64285714285714,57.96134494809225,871057.3,1211354,871974.85,-30544.0,-3.788515875201248
2023-07-19,5990,6055,5980,6041,954089,759200,5980.8,5924.4,5858.8,5842.083333333333,53.126110214225264,32.61583143442906,20.510278779796202,66.42441860465117,85.71428571428571,95.58914528179923,870355.7,2165443,865698.55,-16482.0,-2.124839818379176
2023-07-20,6048,6069,5989,6016,787900,768241,5988.2,5946.6,5869.8,5839.016666666666,56.7631138136212,37.445287910267496,19.317825903353707,62.84470246734398,87.07142857142857,82.74876859882225,845185.9,1377543,859687.0,9041.0,1.1908587987355057
2023-07-21,6016,6043,5959,6009,833373,737282,5982.4,5963.1,5879.55,5835.866666666667,58.40734040786447,41.63769840978689,16.769641998077574,64.05325443786981,88.21428571428571,64.15961903849532,848505.55,544170,853382.5,-30959.0,-4.029855214704758
2023-07-24,6030,6030,5933,5935,805885,737648,5994.4,5969.6,5890.45,5833.066666666667,53.12680750696745,43.93552022922301,9.191287277744443,57.21997300944669,91.21428571428571,40.906882427340854,855413.75,-261715,846841.7,366.0,0.04964179242135103
2023-07-25,5950,6025,5931,6012,710530,723213,6002.6,5981.2,5902.7,5831.883333333333,54.52665429393528,46.05374704216547,8.472907251769811,65.06493506493507,91.85714285714286,48.672028272519974,853208.0,448815,839756.5,-14435.0,-1.9568954297984997
2023-07-26,6010,6119,5990,6098,967554,695106,6014.0,5997.4,5919.75,5832.716666666666,61.862412838780074,49.21548020148839,12.646932637291684,68.05225653206651,98.07142857142857,83.55316577645009,868257.85,1416369,831356.25,-28107.0,-3.886406909167839
2023-07-27,6080,6157,6080,6131,814418,681501,6037.0,6012.6,5935.55,5835.0,69.53729588287479,53.279843337765676,16.25745254510911,67.39393939393939,96.42857142857143,97.68822554365443,869009.75,2230787,821274.35,-13605.0,-1.9572554401774744
2023-07-28,6188,6289,6153,6287,1250741,676845,6092.6,6037.5,5957.95,5839.366666666667,87.20237751704735,60.06435017362202,27.138027343425335,71.83246073298429,104.35714285714286,124.47007522973625,892014.35,3481528,811841.25,-4656.0,-0.683197823627546
2023-07-31,6292,6360,6270,6291,1065904,632844,6163.8,6079.1,5981.55,5844.433333333333,100.36787022168937,68.12505418323549,32.24281603845388,71.16827438370846,105.57142857142857,120.41723326599292,908404.2,4547432,799613.55,-44001.0,-6.500897546705675
2023-08-01,6310,6310,6202,6242,868078,605231,6209.8,6106.2,6002.25,5849.816666666667,105.63008963163156,75.62606127291471,30.00402835871685,66.2420382165605,108.42857142857143,87.2344402816871,915537.75,3679354,785249.05,-27613.0,-4.36331860616519
2023-08-02,6218,6322,6201,6286,850209,577822,6247.4,6130.7,6027.55,5854.8,112.05912091142454,82.91267320061668,29.146447710807863,66.27783669141039,110.57142857142857,83.12707132940866,915219.2,4529563,767768.0,-27409.0,-4.528684089215518
2023-08-03,6286,6303,6135,6145,928265,553377,6250.2,6143.6,6045.1,5858.166666666667,104.57122096355397,87.24438275320415,17.32683821034982,55.21951219512196,114.5,53.1756361276209,928081.05,3601298,748982.95,-24445.0,-4.230541585470959
2023-08-04,6192,6236,6162,6187,692399,532515,6230.2,6161.4,6062.25,5863.133333333333,100.86336520993973,89.96817924455127,10.895185965388464,67.2566371681416,106.92857142857143,48.71820991075809,909810.75,4293697,730866.5,-20862.0,-3.76994345626942
2023-08-07,6187,6187,6105,6149,665892,503229,6201.8,6182.8,6076.2,5868.35,93.77757092765023,90.73005758117107,3.047513346479164,60.52009456264775,104.5,27.60060006131813,909542.15,3627805,710775.7,-29286.0,-5.4995633925804865
2023-08-08,6145,6193,6089,6172,753106,489697,6187.8,6198.8,6090.0,5874.25,88.9920902685617,90.3824641186492,-1.3903738500874994,58.19774718397998,105.92857142857143,25.55139242413549,905865.2,4380911,690193.1,-13532.0,-2.6890342170264425
2023-08-09,6152,6232,6120,6227,632719,458531,6176.0,6211.7,6104.55,5880.183333333333,88.61609157248222,90.02918960941581,-1.4130980369335902,62.72617611580217,108.21428571428571,38.12214877812259,897099.85,5013630,668382.9,-31166.0,-6.364343665572791
2023-08-10,6230,6244,6138,6154,643443,438413,6177.8,6214.0,6113.3,5885.4,81.4882738866936,88.32100646487137,-6.832732578177769,58.100558659217874,109.78571428571429,28.475174483542066,875434.7,4370187,647967.2,-20118.0,-4.3874896135702945
2023-08-11,6138,6175,6115,6152,521943,423183,6170.8,6200.5,6119.0,5890.3,74.81561588345085,85.61992834858728,-10.804312465136434,63.18347509113001,107.14285714285714,12.839012113975585,842974.45,3848244,628789.3,-15230.0,-3.473893338016898
2023-08-14,6155,6166,6030,6045,679918,407243,6150.0,6175.9,6127.5,5892.55,60.19953777967385,80.5358502348046,-20.336312455130752,51.93434935521688,110.14285714285714,-20.601290012259614,819298.65,3168326,608840.15,-15940.0,-3.766691951236223
2023-08-15,6059,6092,6025,6083,472710,355808,6132.2,6160.0,6133.1,5897.566666666667,51.0934989487414,74.64737997759197,-23.55388102885057,49.06832298136646,105.71428571428571,-32.38650606272565,794953.8,3641036,587846.45,-51435.0,-12.630051345265603
2023-08-16,6067,6109,6033,6045,422525,309872,6095.8,6135.9,6133.3,5903.616666666667,40.34553691369456,67.78701136481249,-27.441474451117926,44.69135802469136,105.64285714285714,-36.11673259305565,768375.6,3218511,565380.05,-45936.0,-12.910333663099205
2023-08-17,6070,6137,6050,6133,664512,558858,6091.6,6134.7,6139.15,5910.95,38.484933759013984,61.92659584365279,-23.441662084638807,39.62264150943396,100.92857142857143,-16.098917865031474,762206.2,3883023,554910.9,248986.0,80.35124180306707
2023-08-18,6140,6248,6140,6228,795934,559210,6106.8,6138.8,6150.1,5920.783333333334,44.16696907931873,58.37467049078599,-14.207701411467255,46.21848739495798,102.71428571428571,32.041425045041755,760334.25,4678957,546007.3,352.0,0.06298558846791202
2023-08-21,6215,6304,6188,6278,798317,605048,6153.4,6151.7,6167.25,5930.433333333333,52.10398285928022,57.12053296448484,-5.016550105204615,52.15827338129496,103.28571428571429,57.17293912250645,759955.85,5477274,539377.3,45838.0,8.196920655925322
2023-08-22,6272,6285,6212,6284,679216,638437,6193.6,6162.9,6180.85,5939.25,58.20729584518358,57.33788554062459,0.8694103045589898,49.87437185929649,99.85714285714286,56.6103980781906,758390.15,6156490,535138.5,33389.0,5.518405151326844
2023-08-23,6310,6391,6310,6325,891570,646200,6249.6,6172.7,6192.2,5949.066666666667,65.59641803248451,58.98959203899658,6.606825993487931,62.931034482758626,95.5,96.36845001236223,754590.95,7048060,532693.2,7763.0,1.2159382993153667
2023-08-24,6310,6405,6289,6343,787634,647493,6291.6,6191.6,6202.8,5960.066666666667,72.07397623584075,61.60646887836541,10.467507357475334,61.60714285714286,97.28571428571429,85.56382137602219,753251.75,7835694,530992.8,1293.0,0.20009285051068026
2023-08-25,6324,6367,6284,6355,715763,655580,6317.0,6211.9,6206.2,5971.416666666667,77.28489532695039,64.74215416808241,12.542741158867983,65.94427244582045,97.35714285714286,72.65369169424106,726502.85,8551457,529929.55,8087.0,1.248971031347068
2023-08-28,6370,6389,6256,6261,891438,650714,6313.6,6233.5,6204.7,5979.483333333334,72.9882091980262,66.39136517407117,6.596844023955029,56.206415620641565,99.42857142857143,54.41723533207641,717779.55,7660019,530823.05,-4866.0,-0.7422435095640556
2023-08-29,6261,6271,6153,6166,845993,655328,6290.0,6241.8,6200.9,5984.833333333333,61.21173762467424,65.35543966419178,-4.143702039517535,45.970937912813746,99.85714285714286,-2.8975486451999135,716675.3,6814026,533327.9,4614.0,0.7090672707210866
2023-08-30,6171,6303,6159,6301,823110,655863,6285.2,6267.4,6201.65,5994.883333333333,62.05681844185165,64.69571541972375,-2.6388969778721076,58.97435897435897,102.57142857142857,30.16612558450782,715320.35,7637136,537229.95,535.0,0.08163850773963421
2023-08-31,6304,6322,6236,6246,778452,666830,6265.8,6278.7,6206.7,6003.45,57.62425419956253,63.281423175691515,-5.657168976128986,55.38990825688073,104.42857142857143,35.32508664331176,707829.7,6858684,542902.6,10967.0,1.672147994321982
2023-09-01,6269,6399,6267,6390,915061,675208,6272.8,6294.9,6216.85,6015.7,64.9819402866633,63.621526597885875,1.3604136887774274,68.97689768976898,105.64285714285714,73.11174453188244,718962.8,7773745,550037.25,8378.0,1.256392183914934
2023-09-04,6420,6588,6374,6515,1579364,699223,6323.6,6318.6,6235.15,6029.983333333334,79.97748419779236,66.89271811786718,13.084766079925188,71.6867469879518,116.14285714285714,116.59871335015038,764636.4,9353109,559836.95,24015.0,3.5566817928697425
2023-09-05,6514,6591,6471,6535,1068126,709001,6397.4,6343.7,6253.3,6043.966666666666,92.41014698630806,71.99620389155535,20.41394309475271,75.05112474437628,119.28571428571429,109.40676032958707,780387.4,10421235,570802.15,9778.0,1.398409377265919
2023-09-06,6510,6568,6463,6548,1154770,716178,6446.8,6366.0,6269.35,6058.7,102.13476715410434,78.02391654406516,24.11085061003918,72.97895902547066,120.21428571428571,91.34780743105583,806489.95,11576005,583684.5,7177.0,1.012269376206798
2023-09-07,6540,6632,6441,6518,1634958,708720,6501.2,6383.5,6287.55,6072.616666666667,106.19668019549317,83.65846927435076,22.538210921142408,67.30310262529832,125.64285714285714,80.89936848982012,856065.7,9941047,597199.85,-7458.0,-1.041361225840498
2023-09-08,6520,6534,6424,6428,1246399,698097,6508.8,6390.8,6301.35,6083.816666666667,100.98938494079357,87.12465240763933,13.864732533154239,58.542141230068346,125.21428571428571,52.8759229738832,892288.5,8694648,610945.55,-10623.0,-1.4988994243142595
2023-09-11,6444,6502,6428,6462,1030980,712461,6498.2,6410.9,6322.2,6096.016666666666,98.47096974191663,89.3939158744948,9.077053867421839,59.8233995584989,125.28571428571429,48.83462437814101,909841.6,9725628,626206.45,14364.0,2.0575937154865276
2023-09-12,6465,6522,6438,6492,1150076,750435,6489.6,6443.5,6342.65,6107.35,97.76883852066658,91.06890040372916,6.6999381169374175,59.32960893854749,123.64285714285714,51.3022902343488,943709.9,10875704,645937.8,37974.0,5.32997595657867
2023-09-13,6502,6546,6376,6385,1561933,771822,6457.0,6451.9,6359.65,6117.25,87.56894837842628,90.36890999866858,-2.7999616202423,52.13414634146341,127.5,30.77358157749128,1000680.3,9313771,669035.3,21387.0,2.8499470307221886
2023-09-14,6385,6423,6330,6395,1296112,781882,6432.4,6466.8,6372.75,6127.233333333334,79.3773655219311,88.17060110332109,-8.793235581389993,52.03665987780041,128.21428571428572,5.017176181986147,1032260.3,10609883,680186.5,10060.0,1.303409335313055
2023-09-15,6417,6467,6397,6453,1153123,783590,6437.4,6473.1,6384.0,6137.883333333333,76.68165399023837,85.87281168070456,-9.191157690466184,60.14799154334039,123.85714285714286,26.35660378298954,1050119.75,11763006,691405.5,1708.0,0.21844728488442655
2023-09-18,6430,6450,6350,6390,1407898,794685,6423.0,6460.6,6389.6,6149.1,68.6701232575424,82.43227399607213,-13.762150738529726,62.25382932166303,122.78571428571429,3.232507064668157,1080598.8,10355108,700887.35,11095.0,1.4159190392935006
2023-09-19,6387,6491,6351,6488,1461527,813159,6422.2,6455.9,6399.8,6161.116666666667,69.42838125035905,79.83149544692951,-10.403114196570456,60.661345496009126,122.5,22.57010118548479,1119714.35,11816635,709623.45,18474.0,2.324694690349016
2023-09-20,6498,6543,6401,6420,1301845,805320,6429.2,6443.1,6404.55,6172.166666666667,63.8067499769204,76.62654635292769,-12.81979637600729,59.7752808988764,126.5,25.546382910538313,1140228.1,10514790,717579.45,-7839.0,-0.9640181071598586
2023-09-21,6435,6438,6306,6307,1196117,804261,6411.6,6422.0,6402.75,6180.366666666667,49.66095054642574,71.2334271916273,-21.57247664520156,45.16880093131548,125.0,-28.13566145557069,1160652.25,9318673,725417.85,-1059.0,-0.13150052153181324
2023-09-22,6320,6335,6232,6303,1402690,831702,6381.6,6409.5,6400.15,6188.1,37.69303417727588,64.52534858875701,-26.832314411481136,35.636856368563684,117.07142857142857,-56.67787075404504,1194998.6,7915983,734223.95,27441.0,3.411952090179682
2023-09-25,6312,6329,6219,6247,1119693,824509,6353.0,6388.0,6399.45,6195.233333333334,23.41967480911171,56.304213832827955,-32.88453902371624,31.395348837209312,116.35714285714286,-66.77022614869715,1206411.35,6796290,742913.7,-7193.0,-0.8648530363038698
2023-09-26,6241,6256,6163,6173,998985,834047,6290.0,6356.1,6399.8,6200.983333333334,6.066818611159761,46.25673478849432,-40.18991617733456,27.544910179640723,115.5,-100.08123593963798,1214060.95,5797305,751849.65,9538.0,1.156809689160454
2023-09-27,6170,6182,6115,6117,986647,842034,6229.4,6329.3,6390.6,6206.6,-12.065097995340693,34.59236823172732,-46.657466227068014,26.713124274099883,106.64285714285714,-113.5442059508684,1222237.8,4810658,761158.2,7987.0,0.9576198943225034
2023-09-28,6130,6195,6106,6137,897550,804912,6195.4,6303.5,6385.15,6212.316666666667,-24.53807997484546,22.766278590412767,-47.30435856525823,31.605562579013906,105.14285714285714,-98.57220428888458,1228192.7,5708208,768062.3,-37122.0,-4.408610578670224
2023-10-09,6033,6095,5995,6008,741132,874522,6136.4,6259.0,6366.05,6215.05,-44.321321355086184,9.348758601312976,-53.670079956399164,24.379232505643344,110.0,-115.95996434419229,1219496.25,4967076,778028.0,69610.0,8.648150356809193
2023-10-10,6008,6021,5907,5909,890686,932498,6068.8,6210.9,6335.75,6215.7,-67.21336150934803,-5.9636654208192255,-61.24969608852881,19.476439790575924,112.14285714285714,-116.21912266757465,1185062.35,4076390,789691.75,57976.0,6.629450145336535
2023-10-11,5900,5943,5872,5930,1022510,951458,6020.2,6155.1,6305.5,6216.266666666666,-82.70754269562894,-21.31244087578117,-61.395101819847774,23.820483314154203,105.07142857142857,-104.57011520414899,1182781.55,5098900,801814.6,18960.0,2.0332483286827463
2023-10-12,5915,5975,5909,5968,944074,939534,5990.4,6109.9,6276.5,6216.8,-90.87298330943122,-35.22454936251118,-55.648433946920036,26.198439241917498,103.14285714285714,-83.52967536383244,1172246.75,6042974,812982.4,-11924.0,-1.253234509563217
2023-10-13,5975,5985,5923,5955,774684,947487,5954.0,6074.7,6248.35,6216.4,-97.27185577540786,-47.63401064509053,-49.63784513031733,20.774647887323937,102.42857142857143,-73.8310092700773,1129233.05,5268290,824920.75,7953.0,0.8464834694646539
2023-10-16,5980,5996,5934,5973,802026,960790,5947.0,6041.7,6225.6,6215.316666666667,-99.7408087812255,-58.055370272317525,-41.68543850890797,24.163568773234203,99.5,-63.38967747706656,1107014.4,6070316,838055.4,13303.0,1.404029817823349
2023-10-17,5980,5990,5895,5918,938567,979035,5948.8,6008.8,6198.4,6216.033333333334,-104.92599066576895,-67.42949435100782,-37.49649631476113,12.696335078534034,96.28571428571429,-64.20498271184066,1102393.75,5131749,851384.1,18245.0,1.8989581490231888
2023-10-18,5920,5968,5864,5872,1034116,1004896,5937.2,5978.7,6167.4,6214.383333333333,-111.4622329893773,-76.23604207868172,-35.22619091069558,13.072776280323453,93.57142857142857,-65.16665106810873,1096595.75,4097633,864107.15,25861.0,2.641478598824354
2023-10-19,5879,5948,5858,5938,903148,967995,5931.2,5960.8,6145.05,6212.666666666667,-110.04803842252477,-82.99844134745034,-27.04959707507443,23.45323741007195,90.57142857142857,-56.24366550252899,1063656.5,5000781,873915.8,-36901.0,-3.672121294143871
2023-10-20,5939,6027,5927,5987,1163040,923266,5937.6,5945.8,6124.65,6212.183333333333,-103.77711061746959,-87.1541752014542,-16.622935416015395,28.648648648648646,90.35714285714286,-36.54457762424586,1057002.9,6163821,880985.0,-44729.0,-4.6207883305182325
2023-10-23,5987,6024,5947,6012,1129743,925678,5945.4,5946.2,6102.6,6212.233333333334,-95.68704341273951,-88.86074884371126,-6.826294569028249,33.427362482369546,88.0,-29.362413667885274,1055833.9,7293564,888089.4,2412.0,0.26124648801104655
2023-10-24,6020,6038,5946,5995,1006997,922397,5960.8,5954.8,6082.85,6213.233333333334,-89.61434639008439,-89.01146835298589,-0.6028780370985061,36.34969325153374,87.92857142857143,-25.962090891917324,1035788.85,6286567,894475.0,-3281.0,-0.35444290563241276
2023-10-25,6000,6056,5992,6054,972239,902024,5997.2,5967.2,6061.15,6213.933333333333,-79.12873651318932,-87.03492198502657,7.906185471837247,45.19083969465649,87.71428571428571,-10.36148054771512,1011324.45,7258806,898918.25,-20373.0,-2.2087018930026847
2023-10-26,6058,6090,5995,6088,1032713,895945,6027.2,5979.2,6044.55,6213.766666666666,-67.29951240436003,-83.08784006889326,15.788327664533227,46.33781763826607,88.14285714285714,3.5024793974114767,997867.85,8291519,903449.5,-6079.0,-0.6739288533342824
2023-10-27,6070,6120,6047,6112,939335,874792,6052.2,5994.9,6034.8,6213.45,-55.35012585294862,-77.54029722570434,22.190171372755714,59.21985815602837,83.21428571428571,24.659612431467814,985028.75,9230854,906976.05,-21153.0,-2.360970818521224
2023-10-30,6115,6147,6090,6095,805849,859162,6068.8,6007.1,6024.4,6210.25,-46.71342555366209,-71.37492289129588,24.66149733763379,69.29460580912863,79.14285714285714,41.154999310550956,955186.7,8425005,908349.05,-15630.0,-1.7867104408819445
2023-10-31,6091,6098,6025,6090,952780,858486,6087.8,6024.3,6016.55,6206.9,-39.81329368893694,-65.0625970508241,25.249303361887158,67.16738197424893,79.28571428571429,31.381751039702902,946841.05,7472225,910047.9,-676.0,-0.07868131970455439
2023-11-01,6090,6111,6055,6100,818988,836498,6097.0,6047.1,6012.9,6204.533333333334,-33.15577392382329,-58.68123242542394,25.525458501600653,65.06849315068493,78.57142857142857,49.87090684086049,937841.2,8291213,910170.45,-21988.0,-2.561253182929013
2023-11-02,6129,6134,6048,6088,855997,842779,6097.0,6062.1,6011.45,6201.233333333334,-28.51918978962931,-52.64882389826502,24.129634108635713,65.21739130434783,80.28571428571429,54.70788404786041,931308.7,7435216,910207.7,6281.0,0.7508685017776573
2023-11-03,6088,6184,6078,6173,910746,798896,6109.2,6080.7,6013.25,6201.7,-17.780906609966223,-45.675240440605265,27.89433383063904,69.84126984126983,83.42857142857143,91.89462353229524,931968.5,8345962,909906.9,-43883.0,-5.206940372268409
2023-11-06,6177,6196,6141,6180,708626,790664,6126.2,6097.5,6021.85,6201.583333333333,-8.606685809832015,-38.261529514450615,29.6548437046186,78.72807017543859,80.57142857142857,94.79119046303035,930343.2,9054588,905714.0,-8232.0,-1.0304219823356275
2023-11-07,6180,6180,6102,6110,900065,791200,6130.2,6109.0,6031.9,6200.933333333333,-6.904869675141526,-31.9901975465888,25.085327871447273,74.79166666666667,78.71428571428571,62.41103476742662,930812.15,8154523,898649.1,536.0,0.06779112239838625
2023-11-08,6096,6154,6054,6144,920231,778117,6139.0,6118.0,6042.6,6200.466666666666,-2.7805992599269302,-26.148277889256427,23.367678629329497,72.99107142857143,79.42857142857143,49.59755245012696,925698.2,9074754,889982.05,-13083.0,-1.6535642062689537
2023-11-09,6129,6170,6104,6135,747171,763305,6148.4,6122.7,6050.95,6198.933333333333,-0.2355942421945656,-20.965741159844058,20.730146917649492,68.13725490196079,77.0,55.156913153349166,915853.05,8327583,881170.6,-14812.0,-1.9035697716410227
2023-11-10,6130,6175,6082,6100,1074042,773030,6133.8,6121.5,6058.2,6198.033333333334,-1.0309823993320606,-16.97878940774166,15.947807008409601,60.526315789473685,78.14285714285714,40.426883579534646,930820.95,7253541,872447.75,9725.0,1.274064757862181
2023-11-13,6102,6141,6002,6012,1063629,799700,6100.2,6113.2,6060.15,6195.7,-8.662343691682509,-15.315500264529833,6.653156572847324,51.738241308793455,81.5,-3.1992289122738393,943901.1,6189912,864393.25,26670.0,3.4500601529048103
2023-11-14,6017,6085,6012,6081,758430,772669,6094.4,6112.3,6068.3,6196.3,-9.038340787493325,-14.060068369122533,5.021727581629207,52.705410821643284,82.14285714285714,-2.4780270571373197,934894.25,6948342,854074.95,-27031.0,-3.3801425534575436
2023-11-15,6080,6118,6039,6112,938256,748823,6088.0,6113.5,6080.3,6196.783333333334,-6.75698989916873,-12.599452675131772,5.8424627759630425,52.41935483870967,81.0,13.470753863469374,930101.25,7886598,841271.3,-23846.0,-3.0861856758845008
2023-11-16,6100,6148,6086,6137,826378,735583,6088.4,6118.4,6090.25,6198.316666666667,-2.8983019963598053,-10.65922253937738,7.7609205430175745,52.515090543259554,80.21428571428571,38.50364877604929,926262.75,8712976,829650.7,-13240.0,-1.7681080842869457
2023-11-17,6137,6160,6033,6058,1064935,733511,6080.0,6106.9,6093.8,6197.066666666667,-6.144078687932961,-9.756193769088496,3.612115081155535,46.69051878354204,85.21428571428571,-4.648171887685952,921357.5,7648041,820162.95,-2072.0,-0.28168133303787535
2023-11-20,6068,6094,6005,6014,870223,770701,6080.4,6090.3,6093.9,6193.5,-12.127019643577114,-10.23035894398622,-1.8966606995908943,43.64548494983278,86.35714285714286,-60.44398846466236,908381.5,6777818,812414.1,37190.0,5.07013528086151
2023-11-21,6025,6032,5912,5915,1046568,811110,6047.2,6070.8,6089.9,6187.45,-24.573745239667915,-13.099036203122559,-11.474709036545356,36.53566229985444,90.92857142857143,-138.61345360457264,910360.05,5731250,806849.75,40409.0,5.243148769756356
2023-11-22,5920,5947,5874,5906,716774,814395,6006.0,6047.0,6082.5,6181.15,-34.763359364927965,-17.431900835483642,-17.331458529444323,36.69590643274854,90.0,-138.95525281191578,897586.8,5014476,802468.3,3285.0,0.4050005547952873
2023-11-23,5890,5898,5781,5815,944831,840537,5941.6,6015.0,6068.85,6172.65,-49.60977089480548,-23.86747484734801,-25.74229604745747,24.05797101449275,91.35714285714286,-142.87751224820616,893192.7,4069645,799697.9,26142.0,3.2099902381522494
2023-11-24,5815,5911,5813,5901,686527,810112,5910.2,5995.1,6058.3,6165.283333333334,-53.81582242510922,-29.85714436290025,-23.958678062208968,31.85955786736021,94.42857142857143,-98.04295006495677,880552.3,4756172,796463.9,-30425.0,-3.6197097807711076
2023-11-27,5910,5919,5845,5893,700876,767781,5886.0,5983.2,6048.2,6157.583333333333,-57.13605285568792,-35.31292606145779,-21.823126794230134,34.65346534653466,94.14285714285714,-80.60450798979579,875303.65,4055296,791894.85,-42331.0,-5.225326868383629
2023-11-28,5893,5906,5836,5862,592181,760135,5875.4,5961.3,6036.8,6150.933333333333,-61.55918435707463,-40.56217772058116,-20.997006636493467,29.971590909090907,92.0,-78.46917411698314,857273.7,3463115,786977.3,-7646.0,-0.9958568914833821
2023-11-29,5866,5905,5844,5852,612980,749975,5864.6,5935.3,6024.4,6145.7,-65.1207924067985,-45.47390065782463,-19.64689174897387,29.929078014184398,91.64285714285714,-70.1066885765057,846973.3,2850135,782651.15,-10160.0,-1.3366046820630584
2023-11-30,5862,5916,5826,5890,749896,732604,5879.6,5910.6,6014.5,6138.85,-64.13776974026496,-49.2066744743127,-14.931095265952258,35.16949152542372,91.42857142857143,-59.029764961544885,841668.25,3600031,777142.4,-17371.0,-2.316210540351349
2023-12-01,5890,5895,5755,5842,1060918,735950,5867.8,5889.0,5997.95,6132.116666666667,-66.46574036061338,-52.65848765157284,-13.80725270904054,37.275449101796404,91.5,-70.4141166221999,849176.85,2539113,773995.1,3346.0,0.4567269629977444
2023-12-04,5853,5864,5707,5719,768605,765272,5833.0,5859.5,5974.9,6120.933333333333,-77.34417044367092,-57.59562420999246,-19.74854623367846,24.930747922437675,97.5,-86.92575404965928,852175.8,1770508,772725.5,29322.0,3.984238059650802
2023-12-05,5722,5732,5653,5671,785733,766130,5794.8,5835.1,5952.95,6106.866666666667,-88.81480175725028,-63.83945971944402,-24.975342037806257,20.16238159675237,97.5,-100.3780438590862,846459.2,984775,771472.0,858.0,0.11211699892326177
2023-12-06,5671,5727,5642,5717,749562,740862,5767.8,5816.2,5931.6,6093.233333333334,-93.12011345014253,-69.69559046558373,-23.42452298455879,22.368421052631575,99.14285714285714,-84.82374743544612,837925.75,1734337,769609.25,-25268.0,-3.29813478130343
2023-12-07,5725,5775,5682,5760,721954,679167,5741.8,5810.7,5912.85,6080.1,-92.001823597564,-74.15683709197978,-17.844986505584217,29.41988950276243,96.71428571428571,-63.22035348425351,836664.9,2456291,765402.35,-61695.0,-8.327461794504243
2023-12-08,5746,5848,5736,5833,686883,585796,5740.0,5803.9,5899.5,6068.683333333333,-84.25385492562782,-76.17624065870939,-8.077614266918431,37.98140770252324,98.35714285714286,-35.61694504654673,817306.95,3143174,756040.65,-93371.0,-13.747870553192366
2023-12-11,5845,5876,5786,5830,551330,549383,5762.2,5797.6,5890.4,6058.716666666666,-77.46266744846253,-76.43352601666001,-1.0291414318025147,43.53120243531202,96.21428571428571,-22.901193703207497,791692.0,2591844,743524.8,-36413.0,-6.215986452621736
2023-12-12,5830,5876,5797,5870,490172,501665,5802.0,5798.4,5879.85,6048.85,-68.06828788716848,-74.7604783907617,6.692190503593224,47.383720930232556,96.64285714285714,-12.936321473850699,778279.1,3082016,729974.6,-47718.0,-8.685743825345893
2023-12-13,5860,5885,5804,5841,575335,465251,5826.8,5797.3,5866.3,6038.0,-62.24570232903625,-72.25752317841662,10.01182084938037,52.07667731629393,93.5,-10.588397776128856,760133.05,2506681,715796.0,-36414.0,-7.25862876620853
2023-12-14,5855,5879,5794,5820,552416,433061,5838.8,5790.3,5850.45,6028.583333333333,-58.64970848914345,-69.53596024056199,10.886251751418541,42.780748663101605,92.57142857142857,-11.251390324350591,746434.95,1954265,700669.9,-32190.0,-6.918845956268771
2023-12-15,5820,5923,5819,5911,561050,370159,5854.4,5797.2,5843.1,6020.516666666666,-47.90470239248498,-65.2097086709466,17.30500627846162,51.397515527950304,94.71428571428571,25.25694989170334,721240.7,2515315,682502.3,-62902.0,-14.524974541692737
2023-12-18,6051,6075,5960,5992,979582,649222,5886.8,5824.5,5842.0,6012.833333333333,-32.47878932652657,-58.6635248020626,26.18473547553603,59.36599423631123,101.42857142857143,106.79512065178572,726708.65,3494897,676428.35,279063.0,75.39003509302759
2023-12-19,5992,6036,5976,5995,804635,664864,5911.8,5856.9,5846.0,6006.25,-19.783515108736538,-50.887522863397386,31.10400775466085,60.4075691411936,101.35714285714286,95.66409695082473,714612.0,4299532,669116.05,15642.0,2.4093453394986586
2023-12-20,5990,6066,5973,6057,783722,668561,5955.0,5890.9,5853.55,5999.066666666667,-4.665753085012511,-41.643168907720415,36.977415822707904,61.74402250351618,101.57142857142857,98.93640640271519,717959.4,5083254,661824.35,3697.0,0.5560535688501789
2023-12-21,6070,6104,6038,6090,803154,661944,6009.0,5923.9,5867.3,5993.566666666667,9.86429696873165,-31.34167573243,41.205972701161656,67.816091954023,96.28571428571429,102.5172047201721,710875.55,5886408,652894.7,-6617.0,-0.9897376604378616
2023-12-22,6084,6140,6064,6094,833932,669030,6045.6,5950.0,5876.95,5990.016666666666,21.45491399695038,-20.782357786553927,42.23727178350431,82.49566724436741,90.5,96.06322387042988,718245.8,6720340,645840.6,7086.0,1.0704833037235684
2023-12-25,6085,6153,6074,6114,866917,686482,6070.0,5978.4,5888.0,5986.866666666667,31.886822905134068,-10.248521648216329,42.13534455335039,90.34608378870674,90.5,88.49194115541543,726547.85,7587257,641775.65,17452.0,2.6085526807467563
2023-12-26,6114,6122,6056,6069,731003,706478,6084.8,5998.3,5898.35,5983.9,36.10684472316825,-0.9774483739394126,37.08429309710766,82.11678832116789,89.14285714285714,68.39833932646063,733488.95,6856254,639092.8,19996.0,2.912822186160735
2023-12-27,6069,6088,6003,6015,848302,750163,6076.4,6015.7,5906.5,5981.266666666666,34.69396330170548,6.156833961189567,28.537129340515914,72.80858676207514,88.57142857142857,46.94405123705345,745255.05,6007952,639102.2,43685.0,6.183490497934829
2023-12-28,6010,6021,5911,5933,1031868,831497,6045.0,6027.0,5908.65,5978.2,26.650321580596938,10.255531485071042,16.394790095525895,58.802816901408455,88.42857142857143,16.749065981177495,759353.65,4976084,644046.85,81334.0,10.842176966872529
2023-12-29,5923,5946,5873,5879,812753,855858,6002.0,6023.8,5910.5,5973.9,15.736923405020207,11.351809869060876,4.385113535959331,53.957996768982234,87.21428571428571,-4.408569772958202,746945.4,4163331,650042.25,24361.0,2.929776054513722
2024-01-02,5880,5928,5856,5920,523889,870884,5963.2,6016.6,5920.55,5972.433333333333,10.27785733122073,11.137019361492847,-0.8591620302721168,54.03225806451612,86.71428571428571,-6.376530861288775,734709.6,4687220,655322.85,15026.0,1.7556650752811764
2024-01-03,5913,5948,5875,5945,729268,859255,5938.4,6011.6,5934.25,5973.033333333334,7.877986677033732,10.485212824601025,-2.6072261475672924,58.44155844155844,86.14285714285714,-3.1256159381946476,731886.35,5416488,659979.1,-11629.0,-1.3353098690525922
2024-01-04,5950,5953,5882,5891,700392,868987,5913.6,5995.0,5942.95,5972.383333333333,1.6002762023626929,8.708225500153358,-7.107949297790665,55.46995377503852,85.14285714285714,-14.7338236445155,729427.85,4716096,666385.35,9732.0,1.1326090625018104
2024-01-05,5891,5896,5814,5824,802385,917324,5891.8,5968.4,5946.15,5969.983333333334,-8.681124040782379,5.230355591966211,-13.91147963274859,43.040000000000006,83.57142857142857,-49.93943269622347,733449.4,3913711,678293.2,48337.0,5.562453753623475
2024-01-08,5840,5867,5805,5849,702691,899695,5885.8,5943.9,5946.95,5968.216666666666,-14.643119968706742,1.2556604798316195,-15.89878044853836,37.434094903339194,76.28571428571429,-54.11845855114373,734239.8,4616402,693988.15,-17629.0,-1.9217855414226603
2024-01-09,5839,5845,5774,5800,718428,929863,5861.8,5912.5,5945.45,5965.333333333333,-23.05615814621251,-3.606703245377207,-19.449454900835303,34.14634146341464,77.35714285714286,-69.44557751031223,742594.7,3897974,713012.15,30168.0,3.353136340648777
2024-01-10,5815,5824,5755,5767,676797,960682,5826.2,5882.3,5940.3,5962.816666666667,-32.01730021524236,-9.288822639350238,-22.72847757589212,25.25597269624572,75.64285714285714,-76.55248305374889,751925.95,3221177,735963.0,30819.0,3.3143592120559617
2024-01-11,5770,5830,5754,5825,663088,909644,5813.0,5863.3,5939.5,5962.033333333334,-34.04648787370934,-14.24035568622206,-19.80613218748728,28.314238952536826,76.35714285714286,-64.19835852573955,756313.6,3884265,758182.65,-51038.0,-5.312684113994015
2024-01-12,5834,5848,5801,5827,615624,892893,5813.6,5852.7,5939.85,5960.183333333333,-35.08876894089917,-18.410038337157484,-16.678730603741688,28.07881773399015,74.28571428571429,-53.55977456932322,759474.0,4499889,781174.25,-16751.0,-1.8414896377044188
2024-01-15,5835,5874,5805,5862,641866,850479,5816.2,5851.0,5937.4,5958.1,-32.713476113871366,-21.270725892500263,-11.442750221371103,29.807692307692307,73.57142857142857,-42.15809259652717,763514.8,5141755,805190.25,-42414.0,-4.750177232882324
2024-01-16,5855,5897,5846,5880,579834,834282,5832.2,5847.0,5931.8,5955.9,-29.043791122738185,-22.825338938547848,-6.218452184190337,34.17085427135679,72.5,-26.69633466739788,743527.4,5721589,814443.25,-16197.0,-1.9044561946855776
2024-01-17,5878,5904,5857,5859,543689,829758,5850.6,5838.4,5925.0,5953.633333333333,-27.512912099797177,-23.762853570797713,-3.750058528999464,36.170212765957444,69.78571428571429,-24.317241437314305,730480.1,5177900,822687.95,-4524.0,-0.5422626881558035
2024-01-18,5850,5878,5803,5864,744424,818267,5858.4,5835.7,5915.35,5950.466666666666,-25.601107599203715,-24.130504376478914,-1.470603222724801,42.91581108829569,67.28571428571429,-32.08953797593205,728515.2,5922324,830173.25,-11491.0,-1.38486161025263
2024-01-19,5854,5874,5835,5872,568188,808203,5867.4,5840.5,5904.45,5946.866666666667,-23.173327918121686,-23.939069084807468,0.7657411666857818,49.20634920634921,64.85714285714286,-22.748641058491447,716766.9,6490512,837486.2,-10064.0,-1.2299163964818338
2024-01-22,5880,5900,5823,5832,859846,802610,5861.4,5838.8,5891.35,5942.2,-24.198021012223762,-23.99085947029073,-0.20716154193303282,39.99999999999999,65.21428571428571,-23.288245234608507,718062.6,5630666,844165.2,-5593.0,-0.6920291065487305
2024-01-23,5840,5920,5831,5919,751629,774546,5869.2,5850.7,5881.6,5939.266666666666,-17.784911373561044,-22.74966985094479,4.9647584773837465,47.41035856573705,66.35714285714286,5.017327294738983,712298.2,6382295,848568.4,-28064.0,-3.496592367401352
2024-01-24,5919,5950,5904,5944,625735,730889,5886.2,5868.4,5875.35,5936.833333333333,-10.563416227901143,-20.312419126336064,9.74900289843492,55.602536997885835,64.57142857142857,48.94623667718277,707034.8,7008030,849788.95,-43657.0,-5.63646316680998
2024-01-25,5960,5970,5923,5933,561549,714654,5900.0,5879.2,5871.25,5934.05,-5.662661726568331,-17.38246764638252,11.719805919814188,63.069544364508396,62.07142857142857,74.28727007909612,692697.15,6446481,848013.5,-16235.0,-2.221267524890924
2024-01-26,5933,5946,5882,5893,643724,739705,5904.2,5885.8,5869.25,5930.8,-4.94939068732856,-14.895852254571729,9.946461567243169,55.092592592592595,62.214285714285715,43.485313491471835,673289.95,5802757,843423.9,25051.0,3.5053326504854043
2024-01-29,5898,5954,5886,5940,602648,731778,5925.8,5893.6,5872.3,5926.916666666667,-0.5848690390657794,-12.03365561147054,11.44878657240476,66.27906976744185,61.714285714285715,61.96343925812453,662784.7,6405405,837219.9,-7927.0,-1.0716434254195883
2024-01-30,5930,5954,5830,5833,715024,743598,5908.6,5888.9,5867.95,5921.133333333333,-5.694319382574577,-10.765788365691346,5.07146898311677,56.54761904761905,65.64285714285714,4.822509527001575,672341.45,5690381,830855.6,11820.0,1.6152439674327557
2024-01-31,5825,5844,5788,5798,730792,795880,5879.4,5882.8,5860.6,5915.933333333333,-12.424580257032176,-11.097546743959512,-1.3270335130726636,47.1933471933472,64.21428571428571,-57.521858846472924,672417.65,4959589,827686.85,52282.0,7.03094951842258
2024-02-01,5798,5814,5783,5798,538579,804305,5852.4,5876.2,5855.95,5910.166666666667,-17.55598601044403,-12.389234597256415,-5.166751413187615,46.972860125260965,63.07142857142857,-63.221617021453966,664327.0,4959589,824452.75,8425.0,1.05857666984972
2024-02-02,5798,5844,5788,5812,665150,779821,5836.2,5870.2,5855.35,5904.783333333334,-20.2594408199775,-13.963275841800632,-6.296164978176867,44.5414847161572,62.142857142857146,-43.10075694802705,657465.25,5624739,817577.6,-24484.0,-3.044118835516374
2024-02-05,5813,5848,5787,5792,612901,791453,5806.6,5866.2,5852.5,5899.65,-23.74209697194965,-15.919040067830437,-7.823056904119213,40.43478260869565,62.857142857142854,-46.433680695776005,652975.75,5011838,812165.5,11632.0,1.491624359949273
2024-02-06,5780,5850,5740,5842,793383,767784,5808.4,5858.5,5854.6,5896.816666666667,-22.21150453293103,-17.177532960850556,-5.033971572080475,48.261758691206545,67.35714285714286,-45.12966759822919,656723.5,5805221,804061.55,-23669.0,-2.9905755616568497
2024-02-07,5848,5917,5831,5896,634573,688983,5828.0,5853.7,5861.05,5893.733333333334,-16.451507556116667,-17.03232787990378,0.5808203237871119,52.97397769516729,68.14285714285714,24.839807497416285,654612.3,6439794,790476.6,-78801.0,-10.263433465662219
2024-02-08,5896,5905,5869,5893,399572,642713,5847.0,5849.7,5864.45,5890.083333333333,-11.990524083613309,-16.023967120645686,4.033443037032377,51.969981238273924,67.92857142857143,29.572665400258547,641436.5,6040222,777130.05,-46270.0,-6.715695452572845
2024-02-19,5886,5909,5780,5781,591260,753103,5840.8,5838.5,5862.15,5884.15,-17.29328034779519,-16.277829766075588,-1.0154505817196018,45.785123966942145,71.64285714285714,-45.484076507631364,640218.3,5448962,770140.55,110390.0,17.17562893546576
2024-02-20,5788,5847,5785,5816,735119,776217,5845.6,5826.1,5859.85,5880.116666666667,-18.45876425451479,-16.71401666376343,-1.7447475907513592,40.6871609403255,70.0,-50.779625961480534,644880.95,6184081,766427.45,23114.0,3.0691684935526764
2024-02-21,5808,5862,5791,5841,726760,774323,5845.4,5826.9,5857.9,5877.233333333334,-17.167234389356963,-16.804660208882137,-0.3625741804748266,40.6871609403255,71.78571428571429,-31.023436539824765,652227.25,6910841,763429.5,-1894.0,-0.24400393189017988
2024-02-22,5840,5854,5813,5845,597410,789942,5835.2,5831.6,5857.2,5876.066666666667,-15.640625698541953,-16.571853306814102,0.9312276082721489,41.94139194139194,71.35714285714286,-22.336320206033676,654913.3,7508251,761438.7,15619.0,2.017116887913706
2024-02-23,5845,5886,5836,5877,608673,781025,5832.0,5839.5,5857.85,5875.583333333333,-11.71361745703689,-15.600206136858661,3.886588679821772,48.51301115241636,70.35714285714286,8.63613100712556,648125.75,8116924,759576.6,-8917.0,-1.1288170523911845
2024-02-26,5875,5899,5832,5835,762785,800686,5842.8,5841.8,5856.0,5875.916666666667,-11.853840430706441,-14.850932995628218,2.9970925649217772,40.1500938086304,70.28571428571429,-3.2153578670460212,657855.6,7354139,759200.75,19661.0,2.5173329919016663
2024-02-27,5835,5907,5825,5905,627010,824401,5860.6,5853.1,5859.65,5875.983333333334,-6.244569650181802,-13.129660326538936,6.885090676357134,57.25806451612903,67.28571428571429,21.273348049852945,646213.8,7981149,760290.3,23715.0,2.961835226293452
2024-02-28,5899,5931,5874,5885,687666,818468,5869.4,5857.4,5857.95,5875.85,-3.3741202392293417,-11.178552309077018,7.804432069847676,59.04365904365904,67.35714285714286,40.07017639613245,643015.65,7293483,762486.4,-5933.0,-0.7196740421227088
2024-02-29,5890,5954,5876,5942,780883,830676,5888.8,5862.0,5857.85,5877.183333333333,3.4602674216503146,-8.250788362931551,11.711055784581866,63.38289962825279,70.71428571428571,71.44603198312471,650773.05,8074366,767475.75,12208.0,1.4915671718381152
2024-03-01,5950,5965,5929,5954,625390,824064,5904.2,5868.1,5858.9,5878.883333333333,9.732676359129982,-4.654095418519245,14.386771777649226,63.24626865671642,69.28571428571429,97.53217129104476,653965.1,8699756,772946.25,-6612.0,-0.7959782153330486
2024-03-04,5970,5993,5932,5957,773901,829051,5928.6,5885.7,5862.1,5880.0,14.775359414315972,-0.7682044519522018,15.543563866268173,65.89595375722544,69.28571428571429,97.84579382848531,660473.95,9473657,777413.55,4987.0,0.605171442994723
2024-03-05,5960,5960,5902,5906,659353,809888,5928.8,5894.7,5860.4,5881.066666666667,14.489423239156167,2.283321086269472,12.206102152886695,56.15384615384615,65.57142857142857,60.45961192380669,663309.2,8814304,781319.05,-19163.0,-2.3114380176852856
2024-03-06,5903,5950,5893,5939,656835,832543,5939.6,5904.5,5865.7,5884.733333333334,16.732756170423272,5.173208103100232,11.559548067323039,54.30861723446894,63.5,59.91497500091101,660399.75,9471139,785766.3,22655.0,2.797300367458222
2024-03-07,5945,5952,5878,5882,739580,836423,5927.6,5908.2,5869.9,5888.25,13.752657969332176,6.889098076346621,6.863559892985555,49.00542495479205,66.21428571428571,33.569880384377704,660839.15,8731559,787793.45,3880.0,0.4660419942273286
2024-03-08,5880,5914,5870,5906,584428,837134,5918.0,5911.1,5875.3,5891.4,13.175627663981686,8.146403993873633,5.029223670108053,63.44086021505377,60.142857142857146,22.691353644421895,663131.6,9315987,789434.9,711.0,0.08500483606979081
2024-03-11,5896,5928,5833,5860,898347,843826,5898.6,5913.6,5877.7,5893.066666666667,8.903873120884782,8.297897819275864,0.6059753016089182,54.621848739495796,62.214285714285715,-4.3446754069859,674791.45,8417640,792635.15,6692.0,0.7993941232825374
2024-03-12,5870,5935,5865,5926,701871,844674,5902.6,5915.7,5884.4,5894.616666666667,10.72054550881876,8.782427357184444,1.9381181516343151,58.22050290135397,62.5,29.723581330730664,679239.95,9119511,795296.2,848.0,0.10049465174100103
2024-03-13,5923,5938,5863,5879,803113,859872,5890.6,5915.1,5886.25,5895.433333333333,8.272405123196222,8.6804229103868,-0.4080177871905786,53.0357142857143,64.92857142857143,8.09606295652639,679726.45,8316398,799900.6,15198.0,1.7992740394519036
2024-03-14,5888,5894,5847,5860,740473,871870,5886.2,5906.9,5884.45,5895.266666666666,4.744404477786702,7.893219223866781,-3.1488147460800793,48.446069469835464,64.71428571428571,-23.51456831982518,685021.45,7575925,809044.95,11998.0,1.3953239551933283
2024-03-15,5867,5935,5863,5930,801769,845688,5891.0,5904.5,5886.3,5896.75,7.510279704571076,7.816631320007641,-0.3063516154365651,58.260869565217384,65.28571428571429,27.17480934105895,705131.3,8377694,819193.7,-26182.0,-3.0029706263548506
2024-03-18,5934,5954,5856,5920,1069870,845202,5903.0,5900.8,5893.25,5898.416666666667,8.79396793404976,8.012098642816065,0.7818692912336953,51.45631067961164,66.42857142857143,24.235183002665266,729061.8,7307824,823798.65,-486.0,-0.057468002383853634
2024-03-19,5920,5977,5902,5951,925168,854522,5908.0,5905.3,5900.0,5899.083333333333,12.172424889521608,8.844163892157175,3.328260997364433,56.27376425855513,67.71428571428571,63.96278702173883,738564.25,8232992,827713.9,9320.0,1.102694977058749
2024-03-20,5959,6041,5944,6027,988376,889626,5937.6,5914.1,5909.3,5899.666666666667,20.743325069569437,11.223996127639627,9.51932894192981,57.79816513761468,69.07142857142857,123.92844788113491,751645.05,9221368,833479.05,35104.0,4.108027645865175
2024-03-21,6020,6048,5981,5984,1043049,868782,5962.4,5924.3,5916.25,5899.483333333334,23.791827204141555,13.737562342940013,10.054264861201542,52.60416666666667,71.28571428571429,107.6720985282757,773927.0,8178319,837421.05,-20844.0,-2.343007061394342
2024-03-22,5977,6003,5925,5938,893373,838312,5964.0,5927.5,5919.3,5897.5,22.23960719898696,15.437971314149403,6.801635884837557,48.46526655896607,72.5,44.15026966174235,788162.0,7284946,840285.4,-30470.0,-3.5072089430950415
2024-03-25,5938,5946,5873,5881,807262,824506,5956.2,5929.6,5921.6,5894.016666666666,16.223029050230252,15.594982861365573,0.6280461888646798,47.99999999999999,73.57142857142857,-27.987650400917122,790385.85,6477684,841476.4,-13806.0,-1.646880874900991
2024-03-26,5882,5908,5810,5817,680748,813024,5929.4,5918.7,5917.2,5889.4,6.218894841943438,13.719765257481146,-7.500870415537708,40.70121951219513,76.5,-91.19167929040934,793072.75,5796936,840907.55,-11482.0,-1.3925914426335284
2024-03-27,5830,5868,5807,5825,736708,773531,5889.0,5913.3,5914.2,5884.583333333333,-1.05179600320389,10.76545300534414,-11.81724900854803,45.30477759472817,75.57142857142857,-92.28903737446156,795524.85,6533644,838660.7,-39493.0,-4.8575441807375945
2024-03-28,5813,5843,5803,5830,539908,764865,5858.2,5910.3,5908.6,5880.6,-6.33735953141786,7.344890497991741,-13.682250029409602,43.537414965986386,75.28571428571429,-87.29927562237894,783476.1,7073552,835370.15,-8666.0,-1.1203170913641425
2024-03-29,5830,5836,5765,5791,746677,770365,5828.8,5896.4,5900.45,5876.866666666667,-13.517361047465783,3.172440188900236,-16.68980123636602,44.06196213425128,73.57142857142857,-97.47412324131612,789540.45,6326875,832685.2,5500.0,0.7190811450386692
2024-04-01,5792,5824,5773,5816,535201,761255,5815.8,5886.0,5893.4,5874.916666666667,-16.99437236576614,-0.8609223220330389,-16.1334500437331,39.81481481481481,71.85714285714286,-80.14778253410917,777605.45,6862076,829295.4,-9110.0,-1.1825563207051193
2024-04-02,5810,5833,5778,5793,517468,758563,5811.0,5870.2,5887.75,5873.483333333334,-21.35961630613565,-4.960661118853561,-16.398955187282088,41.66666666666667,70.42857142857143,-73.1648683380301,770511.2,6344608,826729.15,-2692.0,-0.3536265771653335
2024-04-03,5793,5816,5766,5768,580536,735903,5799.6,5844.3,5879.2,5870.95,-26.530566785841984,-9.274642252251246,-17.255924533590736,41.18773946360154,70.64285714285714,-77.24587953948836,766696.25,5764072,821897.15,-22660.0,-2.987227165047601
2024-04-08,5765,5816,5719,5805,488785,715697,5794.6,5826.4,5875.35,5868.616666666667,-27.327971671243176,-12.885308136049632,-14.442663535193544,37.218813905930475,72.21428571428571,-70.9271479634713,754156.5,6252857,815860.85,-20206.0,-2.745742305711485
2024-04-09,5813,5816,5752,5797,638724,697954,5795.8,5812.3,5869.9,5867.05,-28.279465850161614,-15.96413967887203,-12.315326171289584,37.371663244353186,69.78571428571429,-58.62539650930757,756871.3,5614133,808901.85,-17743.0,-2.4791217512438957
2024-04-10,5790,5823,5783,5808,552986,633102,5794.2,5805.0,5867.3,5866.783333333334,-27.825172504867624,-18.33634624407115,-9.488826260796472,34.689507494646676,67.28571428571429,-43.70340297867989,739603.25,6167119,798365.65,-64852.0,-9.291729827467144
2024-04-11,5810,5841,5778,5832,483427,569762,5802.0,5806.5,5862.6,5866.5,-25.23761877274501,-19.716600749805924,-5.521018022939085,26.506024096385545,64.85714285714286,-31.932585030930667,728681.05,6650546,784620.05,-63340.0,-10.004706982445166
2024-04-12,5832,5850,5813,5832,460177,484300,5814.8,5807.2,5860.25,5867.033333333334,-22.922724894042403,-20.35782557865322,-2.5648993153891837,29.569892473118273,62.714285714285715,-19.70802867190437,711534.25,6650546,765841.45,-85462.0,-14.99959632267508
2024-04-15,5980,5992,5934,5951,970792,717007,5844.0,5819.3,5864.8,5870.1,-11.354956471764126,-18.557251757275402,7.202295285511276,51.460674157303366,68.57142857142857,62.09535799935784,723050.2,7621338,758098.3,232707.0,48.05017551104687
2024-04-16,5950,5951,5885,5890,978261,780033,5862.6,5829.2,5862.8,5871.183333333333,-7.028585696796654,-16.251518545179653,9.222932848383,51.00222717149221,68.07142857142857,28.928475287169924,731874.8,6643077,754815.55,63026.0,8.790151281647173
2024-04-17,5881,5928,5874,5921,693700,796227,5885.2,5839.7,5862.85,5872.75,-1.0859466486390374,-13.218404165871531,12.132457517232494,62.50000000000001,64.92857142857143,28.372475471284417,713066.3,7336777,752366.8,16194.0,2.076066012591782
2024-04-18,5920,5956,5914,5921,757340,790214,5903.0,5852.5,5861.35,5873.733333333334,3.58234259591336,-9.858254813514552,13.440597409427912,61.76470588235294,63.57142857142857,44.1527884454804,704674.9,7336777,749151.4,-6013.0,-0.7551866490335013
2024-04-19,5926,5938,5871,5885,1027848,855015,5913.6,5864.2,5854.25,5873.816666666667,4.327214880438078,-7.021160874724027,11.348375755162104,56.26423690205011,65.5,28.827723355348148,706648.5,6308929,747420.85,64801.0,8.20043684369045
2024-04-22,5869,5940,5866,5915,796684,834552,5906.4,5875.2,5850.8,5874.75,7.254653680217416,-4.165997963735738,11.420651643953153,64.41860465116278,65.71428571428571,44.16247504148897,694330.25,7105613,745709.35,-20463.0,-2.393291345765869
2024-04-23,5917,5926,5879,5886,797294,902645,5905.6,5884.1,5848.2,5875.116666666667,7.1521666580483725,-1.9023650393789162,9.054531697427288,58.064516129032256,65.42857142857143,40.92051853601519,689526.3,6308319,748926.0,68093.0,8.15922794505315
2024-04-24,5870,5947,5870,5903,926590,890113,5902.0,5893.6,5849.3,5875.633333333333,8.346489741442383,0.14740591678534365,8.19908382465704,62.85046728971963,67.0,48.934739738555685,695492.7,7234909,752206.35,-12532.0,-1.388364196334102
2024-04-25,5903,5924,5886,5918,877633,919433,5901.4,5902.2,5854.35,5877.066666666667,10.38367745929736,2.194660225287747,8.189017234009613,67.94258373205741,66.14285714285714,47.2511084429044,705336.95,8112542,757526.8,29320.0,3.2939638001017846
2024-04-26,5918,5980,5902,5978,957913,917325,5920.0,5916.8,5862.0,5878.05,16.647756982298233,5.085279576689844,11.562477405608389,69.61451247165533,64.78571428571429,75.11561908340843,716397.2,9070455,764716.5,-2108.0,-0.22927173595030936
2024-04-29,5980,5985,5937,5963,709142,900272,5929.6,5918.0,5868.65,5878.366666666667,20.16921236946655,8.102066135245185,12.067146234221365,68.52678571428571,63.642857142857146,72.42274813025577,724858.9,8361313,771486.85,-17053.0,-1.8589921783446428
2024-04-30,5963,5984,5911,5924,710991,867951,5937.2,5921.4,5875.3,5878.216666666666,19.587227702780183,10.399098448752184,9.188129254027999,62.18487394957983,66.0,50.28178765912854,723074.6,7650322,776366.15,-32321.0,-3.5901372029786605
2024-05-06,5906,5947,5901,5934,462832,887695,5943.4,5922.7,5881.2,5878.9,19.705761337681906,12.260431026538129,7.445330311143778,61.038961038961034,64.78571428571429,36.69770066307981,719456.15,8113154,782688.15,19744.0,2.274782793037855
2024-05-07,5934,6041,5933,6032,1089991,952665,5966.2,5933.8,5893.15,5880.433333333333,27.391726307047065,15.286690082639918,12.105036224407147,67.85714285714286,69.85714285714286,84.00957417745664,748082.3,9203145,792393.25,64970.0,7.318955271799443
2024-05-08,6035,6078,6013,6021,1062169,936544,5974.8,5947.4,5905.8,5883.566666666667,32.22384443054307,18.674120952220548,13.54972347832252,57.743362831858406,63.07142857142857,97.21118456171587,772163.95,8140976,802425.3,-16121.0,-1.6922003012601494
2024-05-09,6026,6056,6009,6018,816676,914216,5985.8,5957.7,5916.45,5887.233333333334,35.40315242552788,22.019927246882016,13.383225178645862,66.24365482233503,61.714285714285715,82.51382392893794,788558.5,7324300,812351.25,-22328.0,-2.3840844637304848
2024-05-10,6017,6033,5964,5986,901676,908367,5998.2,5967.7,5925.9,5890.366666666667,34.93790196660575,24.603522190826762,10.334379775778988,58.22784810126581,62.785714285714285,54.271099625000005,801706.1,6422624,822871.9,-5849.0,-0.6397831584658342
2024-05-13,5989,6052,5987,6043,905916,914157,6020.0,5981.7,5937.65,5894.216666666666,38.72224531683332,27.427266816028077,11.294978500805247,63.49557522123894,64.5,75.19230504704902,819352.6,7328540,836924.65,5790.0,0.6374075676461199
2024-05-14,6049,6066,6016,6030,709961,888846,6019.6,5992.9,5947.55,5898.183333333333,40.208870502147875,29.983587553252036,10.225282948895838,66.8997668997669,63.285714285714285,78.36221052062491,830679.3,6618579,852878.85,-25311.0,-2.768780417368133
2024-05-15,6023,6083,6018,6070,922168,912205,6029.4,6002.1,5959.45,5901.983333333334,44.10626777836751,32.80812359827513,11.298144180092379,67.65375854214123,62.642857142857146,88.88263539913225,853778.85,7540747,874274.1,23359.0,2.6280143016900626
2024-05-16,6070,6096,6048,6087,777083,912324,6043.2,6014.5,5966.25,5905.166666666667,48.013273988757646,35.849153676371635,12.16412031238601,73.53629976580797,62.714285714285715,91.74985451267365,844093.4,8317830,884039.95,119.0,0.01304531327936953
2024-05-17,6090,6308,6083,6296,2176986,987333,6105.2,6051.7,5986.55,5911.883333333333,67.19952359531635,42.11922766016058,25.080295935155767,81.74474959612277,73.28571428571429,148.8188274390807,904029.65,10494816,894404.95,75009.0,8.22175016770359
2024-05-20,6300,6449,6272,6383,1897374,958773,6173.2,6096.6,6009.65,5921.916666666667,88.40584994124947,51.37655211637836,37.02929782487111,83.64688856729379,83.21428571428571,153.94911405465626,964213.35,12392190,902532.25,-28560.0,-2.8926410846188633
2024-05-21,6368,6407,6246,6321,1588408,922745,6231.4,6125.5,6029.65,5930.333333333333,99.06715007049752,60.9146717072022,38.152478363295316,74.74747474747474,89.14285714285714,110.0515542528591,1005766.75,10803782,909158.8,-36028.0,-3.7577195019050436
2024-05-22,6313,6416,6313,6383,1313489,926734,6294.0,6161.7,6054.55,5939.366666666667,111.23691911682636,70.97912118912704,40.257797927699315,78.37837837837839,93.07142857142857,105.22853759558485,1020048.8,12117271,912744.75,3989.0,0.43229711350372124
2024-05-23,6374,6408,6307,6405,1413610,939255,6357.6,6200.4,6079.05,5948.7,121.25896701219153,81.03509035373995,40.22387665845159,83.26417704011065,95.07142857142857,91.12483195856926,1050895.1,13530881,917979.9,12521.0,1.3510888777146457
2024-05-24,6422,6664,6422,6475,3917433,961418,6393.4,6249.3,6108.5,5958.666666666667,133.31317585315082,91.49070745362212,41.8224683995287,84.54661558109834,110.28571428571429,110.92747714107837,1206902.05,17448314,920918.55,22163.0,2.3596360945643102
2024-05-27,6485,6534,6445,6459,1923805,977291,6408.6,6290.9,6136.3,5969.066666666667,139.961764821388,101.1849189271753,38.776845894212684,80.4564907275321,108.92857142857143,86.98163025817847,1256762.8,15524509,925277.45,15873.0,1.6509988371343098
2024-05-28,6460,6588,6405,6420,2224795,957916,6428.4,6329.9,6161.4,5977.65,140.4646562942644,109.04086640059313,31.423789893671255,77.36625514403292,117.35714285714286,75.41700456808753,1324120.9,13299714,927201.6,-19375.0,-1.9825210710013752
2024-05-29,6426,6455,6347,6452,1781115,948811,6442.2,6368.1,6185.1,5987.1,141.81062931381985,115.59481898323848,26.215810330581363,78.62796833773088,121.71428571428571,56.50827748849103,1365281.0,15080829,928775.9,-9105.0,-0.9505008789914782
2024-05-30,6533,6643,6443,6513,2788188,919499,6463.8,6410.7,6212.6,5996.616666666667,146.11518789821457,121.69889276623371,24.41629513198086,83.48157560355781,131.07142857142858,74.63855404053947,1469233.3,17869017,929737.25,-29312.0,-3.0893402374129297
2024-05-31,6515,6584,6472,6566,2081881,953703,6482.0,6437.7,6244.7,6006.816666666667,152.05049518914257,127.7692132508155,24.28128193832707,83.39719029374201,134.35714285714286,68.78464828364262,1537777.8,19950898,934024.85,34204.0,3.719851788854589
2024-06-03,6590,6598,6275,6286,2628522,869692,6447.4,6428.0,6262.3,6012.3,132.63171320694437,128.74171324204127,3.8899999649030974,62.19047619047619,153.85714285714286,29.595136704027574,1646062.3,17322376,933124.7,-84011.0,-8.808926888140222
2024-06-04,6299,6340,6250,6323,1536565,850105,6428.0,6428.2,6276.85,6019.25,118.85766221568429,126.76490303676988,-7.907240821085594,62.082139446036294,155.64285714285714,6.443406528674533,1668391.0,18858941,927996.7,-19587.0,-2.2521766326469628
2024-06-05,6289,6324,6268,6280,1197378,849539,6393.6,6417.9,6289.8,6024.933333333333,103.28132412035939,122.06818725348779,-18.786863133128406,58.99347623485554,156.21428571428572,-0.21983455310823102,1675151.45,17661563,923646.45,-566.0,-0.06658001070456443
2024-06-06,6291,6302,6169,6266,1651671,848950,6344.2,6404.0,6302.2,6031.333333333333,88.7838361639615,115.41131703558254,-26.627480871621046,48.29157175398633,149.64285714285714,-15.796847008275918,1716901.2,16009892,920383.15,-589.0,-0.06933171990927134
2024-06-07,6265,6357,6257,6287,1307836,810992,6288.4,6385.2,6317.25,6037.683333333333,78.08883749539928,107.9468211275459,-29.857983632146627,44.08866995073892,144.14285714285714,-5.284038135309829,1737209.2,17317728,915514.4,-37958.0,-4.471170269156022
2024-06-11,6270,6330,6221,6230,1063656,843983,6277.2,6362.3,6326.6,6043.85,64.27265520526726,99.21198794309018,-34.93933273782292,44.36183395291202,140.42857142857142,-22.955804915889246,1745096.2,16254072,912005.7,32991.0,4.067980941858851
2024-06-12,6230,6256,6183,6242,1101814,835249,6261.0,6344.5,6337.2,6049.116666666667,53.672824006956034,90.10415515586337,-36.43133114890733,40.686922060766186,138.28571428571428,-41.03737476343008,1764688.85,17355886,909325.85,-8734.0,-1.0348549674578766
2024-06-13,6260,6267,6175,6202,1096489,829526,6245.4,6319.5,6343.8,6054.5,41.56557364922446,80.39643885453559,-38.83086520531113,36.903225806451616,137.64285714285714,-53.674053337752895,1773404.9,16259397,905191.9,-5723.0,-0.6851848969588681
2024-06-14,6205,6255,6184,6215,1300396,824992,6235.2,6289.7,6350.2,6060.416666666667,32.64319147551214,70.8457893787309,-38.20259790321876,31.894150417827305,124.21428571428571,-61.65457578677662,1799570.55,17559793,900825.3,-4534.0,-0.5465772019201287
2024-06-17,6236,6244,6126,6134,1381992,837449,6204.6,6246.5,6342.1,6063.816666666667,18.81918046789724,60.44046759656417,-41.62128712866693,29.24648786717752,126.28571428571429,-79.79036463159672,1759820.85,16177801,893331.1,12457.0,1.5099540359179153
2024-06-18,6140,6183,6119,6120,867625,813453,6182.6,6229.9,6328.95,6067.15,6.657129901043845,49.68380005746011,-43.026670156416266,30.211081794195252,117.78571428571429,-80.36495281400717,1708333.4,15310176,886065.1,-23996.0,-2.8653685179634847
2024-06-19,6120,6179,6113,6172,846582,814166,6168.6,6214.8,6321.5,6070.833333333333,1.200741224437479,39.987188290855585,-38.786447066418106,32.005141388174806,114.78571428571429,-67.58714136545845,1671242.1,16156758,880636.15,713.0,0.08765103822838682
2024-06-20,6180,6189,6130,6154,951657,810759,6159.0,6202.2,6310.05,6072.95,-4.523788265491021,31.084992979586264,-35.60878124507728,25.578231292517003,104.71428571428571,-59.96978382387837,1653150.5,15205101,874837.4,-3407.0,-0.4184650304729032
2024-06-21,6160,6175,6094,6096,961611,848377,6135.2,6185.2,6294.6,6074.816666666667,-13.584045976796006,22.151185188309814,-35.735231165105816,18.243243243243242,102.5,-65.54213875916297,1630550.55,14243490,870293.5,37618.0,4.639849819736819
2024-06-24,6096,6109,6031,6032,865504,860115,6114.8,6159.7,6272.45,6076.383333333333,-25.633147648311024,12.594318620985648,-38.22746626929667,25.763358778625957,85.0,-79.36828549665265,1477954.1,13377986,865228.35,11738.0,1.3835830061399657
2024-06-25,6032,6087,6019,6085,857366,843806,6107.8,6145.2,6253.75,6079.783333333334,-30.553291149944926,3.9647966667995345,-34.51808781674446,27.962962962962962,83.42857142857143,-69.70126296563366,1424632.15,14235352,858554.1,-16309.0,-1.896141794992534
2024-06-26,6086,6100,6045,6077,722412,836204,6088.8,6128.7,6236.6,6084.116666666667,-34.69809541874656,-3.767781750309685,-30.930313668436877,29.900990099009903,83.35714285714286,-60.342006787547405,1349513.0,13512940,852468.5,-7602.0,-0.9009179835175352
2024-06-27,6073,6077,6031,6034,651727,865217,6064.8,6111.9,6215.7,6087.6,-40.980228729987175,-11.210271146245184,-29.76995758374199,28.277153558052433,77.14285714285714,-63.11377087432912,1293043.6,12861213,848288.8,29013.0,3.469607894724258
2024-06-28,6036,6070,6006,6053,795623,857957,6056.2,6095.7,6192.7,6091.316666666667,-43.91944737862286,-17.75210639272072,-26.167340985902143,28.007518796992485,74.57142857142857,-62.35256268721542,1193415.35,13656836,845211.7,-7260.0,-0.8390958568775253
2024-07-01,6045,6094,6030,6091,710779,855122,6068.0,6091.4,6168.95,6096.316666666667,-42.690408457997364,-22.73976680577605,-19.950641652221314,36.45224171539961,71.35714285714286,-52.24079479942919,1124860.25,14367615,840282.65,-2835.0,-0.33043614073898775
2024-07-02,6091,6126,6066,6120,785481,852300,6075.0,6091.4,6160.65,6101.383333333333,-38.92759553205997,-25.977332551032834,-12.950262981027134,38.490566037735846,70.42857142857143,-33.09976141206932,1032708.2,15153096,839413.05,-2822.0,-0.3300113901876012
2024-07-03,6129,6134,6078,6125,734512,868651,6084.6,6086.7,6150.75,6106.916666666667,-35.13704300567497,-27.809274641961263,-7.327768363713705,42.22222222222222,67.85714285714286,-24.685659657536405,992605.55,15887608,840340.35,16351.0,1.918455942743158
2024-07-04,6130,6141,6043,6047,965698,905973,6087.2,6076.0,6139.1,6111.566666666667,-37.98903697496735,-29.845227108562483,-8.143809866404865,35.0,69.78571428571429,-41.884207324638474,981021.55,14921910,843162.05,37322.0,4.296547174872312
2024-07-05,6051,6073,6008,6013,767297,922924,6079.2,6067.7,6126.45,6115.033333333334,-42.502832398487044,-32.3767481665474,-10.126084231939643,38.2066276803119,66.0,-64.1868126980942,936802.85,14154613,846860.75,16951.0,1.8710270615128755
2024-07-08,6015,6026,5938,5952,920280,938114,6051.4,6059.7,6109.7,6117.616666666667,-50.421015908099434,-35.98560171485781,-14.435414193241627,35.0,67.71428571428571,-94.76299373520868,917425.05,13234333,853216.85,15190.0,1.6458559968101305
2024-07-09,5955,5994,5952,5974,614132,903161,6022.2,6048.6,6096.9,6120.383333333333,-54.29513671012501,-39.64750871391125,-14.647627996213757,31.320754716981142,66.0,-86.3039742261438,894948.85,13848465,856175.75,-34953.0,-3.7258797971248647
2024-07-10,5970,5977,5881,5897,688605,920901,5976.6,6030.6,6079.65,6121.466666666666,-62.854118686525,-44.288830708434,-18.565287978091,28.183361629881148,68.64285714285714,-106.52679989985035,874288.4,13159860,860458.35,17740.0,1.9642123608083262
2024-07-11,5902,5931,5875,5918,633047,936802,5950.8,6019.0,6065.45,6122.9,-67.16837386818952,-48.86473934038511,-18.303634527804412,33.876811594202906,66.85714285714286,-99.048946968012,851116.3,13792907,865822.15,15901.0,1.7266785463366796
2024-07-12,5925,5943,5905,5921,517243,924386,5932.4,6005.8,6050.75,6122.4,-69.5437205333883,-53.00053557898575,-16.543184954402548,38.69653767820773,64.0,-82.30838663595743,811958.65,14310150,870791.85,-12416.0,-1.3253601081124944
2024-07-15,5922,5931,5808,5821,981660,980729,5906.2,5978.8,6035.1,6121.25,-78.5894340684199,-58.118315276872586,-20.47111879154732,25.464684014869903,67.92857142857143,-106.06009967408835,791942.05,13328490,877955.85,56343.0,6.0951810174537435
2024-07-16,5830,5858,5787,5845,661728,930709,5880.4,5951.3,6021.35,6119.983333333334,-82.86639556659611,-63.067931334817295,-19.798464231778816,29.061371841155236,69.07142857142857,-100.92309261926644,781647.2,13990218,883818.65,-50020.0,-5.100287643171564
2024-07-17,5840,5903,5833,5886,722376,904052,5878.2,5927.4,6007.05,6119.4,-82.00228966839677,-66.85480300153318,-15.147486666863585,36.594202898550726,70.78571428571429,-70.4668383581101,775436.9,14712594,888312.95,-26657.0,-2.8641605485710375
2024-07-18,5888,5891,5828,5869,575423,911821,5868.4,5909.6,5992.8,6119.133333333333,-81.74690995136552,-69.83322439149966,-11.913685559865868,33.272727272727266,70.71428571428571,-69.50053271099975,756625.2,14137171,893366.05,7769.0,0.8593532230446899
2024-07-19,5858,5870,5828,5835,511326,916293,5851.2,5891.8,5979.75,6117.8,-83.32748812233604,-72.53207713766693,-10.795410984669104,26.556776556776555,69.14285714285714,-71.15915399285375,734110.95,13625845,896761.85,4472.0,0.4904471381992792
2024-07-22,5835,5877,5797,5844,681684,908236,5855.8,5881.0,5970.35,6117.1,-82.89828312099053,-74.60531833433166,-8.292964786658871,23.764258555133082,70.57142857142857,-65.86779043713172,724919.95,14307529,899167.9,-8057.0,-0.8793038907860207
2024-07-23,5838,5849,5739,5740,817228,950450,5834.8,5857.6,5953.1,6114.383333333333,-89.91359791342893,-77.66697425015111,-12.246623663277816,19.200000000000003,74.42857142857143,-84.84732234039562,722913.05,13490301,904500.1,42214.0,4.647910895406038
2024-07-24,5744,5794,5730,5782,554866,907516,5814.0,5846.1,5938.35,6112.116666666667,-91.03484342985848,-80.3405480860926,-10.694295343765887,27.504244482173178,72.0,-78.10766674322302,714535.75,14045167,908065.7,-42934.0,-4.517228681151031
2024-07-25,5786,5787,5694,5727,657791,897601,5785.6,5827.0,5923.0,6107.933333333333,-95.26334241361565,-83.32510695159722,-11.938235462018426,26.557377049180317,74.0,-81.37856251909965,714838.95,13387376,909684.9,-9915.0,-1.0925427210098815
2024-07-26,5729,5768,5727,5739,464246,870293,5766.4,5808.8,5907.3,6104.2,-96.53338187480858,-85.9667619362395,-10.56661993856909,31.016042780748663,70.64285714285714,-69.33154849658426,698270.1,13851622,910301.7,-27308.0,-3.0423317264575256
2024-07-29,5735,5756,5665,5691,685911,877408,5735.8,5795.8,5887.3,6100.316666666667,-100.25739134583091,-88.82488781815778,-11.432503527673134,25.894378194207846,74.14285714285714,-77.18257589708398,697026.7,13165711,911416.0,7115.0,0.8175407592615258
2024-07-30,5681,5695,5606,5614,701559,894410,5710.6,5772.7,5862.0,6094.983333333334,-108.17497835195081,-92.6949059249164,-15.480072427034415,25.894378194207846,73.64285714285714,-93.03980656963029,692830.6,12464152,913521.5,17002.0,1.937753017980226
2024-07-31,5612,5710,5601,5698,694695,831093,5693.8,5753.9,5840.65,6089.416666666667,-106.4445980478913,-95.44484434951138,-10.99975369837992,33.07692307692308,77.42857142857143,-75.32997834016017,690839.75,13158847,911643.6,-63317.0,-7.079191869500567
2024-08-01,5710,5755,5669,5683,657923,811795,5685.0,5735.3,5822.45,6083.783333333334,-105.07242432763996,-97.3703603451371,-7.702063982502864,32.02416918429003,80.85714285714286,-57.95611609914343,675451.0,12500924,906934.7,-19298.0,-2.322002471444229
2024-08-02,5684,5713,5664,5700,476425,798024,5677.2,5721.8,5806.8,6078.483333333334,-101.44382754593062,-98.1850537852958,-3.25877376063481,39.55094991364422,75.57142857142857,-58.58032893342138,660907.4,12977349,900689.7,-13771.0,-1.6963642298856274
2024-08-05,5679,5714,5629,5675,602031,787012,5674.0,5704.9,5792.95,6073.3,-99.43915681899853,-98.43587439203635,-1.0032824269621727,35.34482758620689,76.57142857142857,-62.66122533851074,644994.95,12375318,893134.6,-11012.0,-1.379908373682992
2024-08-06,5665,5719,5608,5609,666748,808221,5673.0,5691.8,5774.7,6066.066666666667,-102.00029335124236,-99.14875818387756,-2.8515351673648013,27.10743801652893,79.5,-70.86912821193154,647625.75,11708570,888387.6,21209.0,2.6948763170066004
2024-08-07,5590,5678,5589,5607,761279,780330,5654.8,5674.3,5760.2,6059.016666666666,-103.00402945654696,-99.91981243841144,-3.0842170181355186,27.79661016949153,81.35714285714286,-73.84950872298774,651259.45,10947291,881359.05,-27891.0,-3.4509125598072843
2024-08-08,5620,5645,5561,5566,691601,751703,5631.4,5658.2,5742.6,6050.616666666667,-105.88725256518683,-101.11330046376654,-4.773952101420292,27.470686767169184,84.35714285714286,-82.13185617922868,654187.15,10255690,872104.1,-28627.0,-3.668576115233302
2024-08-09,5566,5613,5540,5543,653108,725581,5600.0,5638.6,5723.7,6041.55,-108.77425354699699,-102.64549108041263,-6.128762466584362,25.36824877250409,83.85714285714286,-86.59485852043792,660980.4,9602582,862163.85,-26122.0,-3.475042669777828
2024-08-12,5543,5556,5460,5478,615584,745694,5560.6,5617.3,5706.55,6027.916666666667,-114.98174145528628,-105.11274115538737,-9.869000299898914,27.097902097902093,82.85714285714286,-102.97989491835325,642676.6,8986998,850412.1,20113.0,2.771985484735673
2024-08-13,5489,5503,5384,5395,669608,707904,5517.8,5595.4,5684.05,6011.45,-125.15590729277483,-109.12137438286487,-16.034532909909956,18.433931484502452,86.78571428571429,-111.88575905228058,643070.6,8317390,839271.85,-37790.0,-5.067762379742902
2024-08-14,5399,5444,5366,5425,742880,614667,5481.4,5568.1,5661.0,5996.516666666666,-129.30767930456568,-113.15863536720504,-16.149043937360645,24.31972789115646,85.71428571428571,-102.07199056312807,644095.8,9060270,824802.6,-93237.0,-13.17085367507459
2024-08-15,5426,5435,5299,5332,819310,597599,5434.6,5533.0,5634.15,5979.0,-138.5057037661727,-118.22804904699858,-20.277654719174123,19.581464872944693,92.5,-105.98317454689055,656290.15,8240960,809091.5,-17068.0,-2.776788082002124
2024-08-16,5332,5412,5328,5344,681756,549228,5394.8,5497.4,5609.6,5961.316666666667,-143.17645565186376,-123.21773036797161,-19.95872528389215,22.590837282780413,92.0,-91.26821355461192,664811.65,8922716,790738.25,-48371.0,-8.094223718580517
2024-08-19,5335,5423,5327,5406,782939,456663,5380.4,5470.5,5587.7,5943.5,-140.25836717880793,-126.62585773013888,-13.632509448669055,33.171521035598715,92.5,-75.08724351511171,669874.4,9705655,768159.6,-92565.0,-16.853656404990282
2024-08-20,5418,5446,5385,5437,526025,371650,5388.8,5453.3,5572.55,5926.466666666666,-133.90079510243868,-128.08084520459883,-5.819949897839848,26.902654867256643,89.07142857142857,-56.216939322637955,655314.25,10231680,739219.6,-85013.0,-18.61613487407563
2024-08-21,5449,5540,5428,5539,409341,300481,5411.6,5446.5,5560.4,5911.783333333334,-119.25710421522581,-126.31609700672423,7.058992791498426,38.95705521472392,90.92857142857143,-24.24201949579753,648038.0,10641021,708867.85,-71169.0,-19.149468586035244
2024-08-22,5700,5756,5612,5623,1129780,775829,5469.8,5452.2,5555.2,5897.966666666666,-99.72421700484301,-120.997721006348,21.27350400150499,44.645340751043115,102.92857142857143,38.21541957337368,671637.45,11770801,702779.25,475348.0,158.19569290570783
2024-08-23,5610,5620,5524,5542,998428,816858,5509.4,5452.1,5545.35,5881.783333333334,-89.74575304223708,-114.74732741352582,25.00157437128874,41.41935483870968,103.92857142857143,2.9367369577508784,698346.55,10772373,700107.5,41029.0,5.288407625907254
2024-08-26,5542,5676,5527,5661,1062106,813932,5560.4,5470.4,5543.85,5866.7,-71.41224705395871,-106.0803113416124,34.66806428765369,53.14009661835749,106.64285714285714,29.589364419431096,717156.3,11834479,696933.7,-2926.0,-0.35820179272284536
2024-08-27,5684,5691,5614,5669,1058639,839783,5606.8,5497.8,5546.6,5856.416666666667,-55.59639766651617,-95.98352860659315,40.387130940076986,53.717026378896875,105.78571428571429,44.21007816458212,735010.3,12893118,694202.35,25851.0,3.1760638480855974
2024-08-28,5653,5677,5616,5626,816719,876914,5624.2,5517.9,5543.0,5844.8,-46.001684925169684,-85.98715987030847,39.98547494513879,53.58851674641148,104.14285714285714,37.64426952322837,741111.5,12076399,696493.4,37131.0,4.421499363526049
2024-08-29,5606,5645,5583,5621,771427,884158,5623.8,5546.8,5539.9,5833.816666666667,-38.359084516136136,-76.46154479947401,38.10246028333788,54.7677261613692,103.35714285714286,30.76072044391024,746786.7,11304972,700111.55,7244.0,0.82607872607805
2024-08-30,5632,5656,5572,5586,1217407,968910,5632.6,5571.0,5534.2,5822.483333333334,-34.72617440061185,-68.11447071970159,33.38829631908973,56.85279187817258,102.5,28.65977769570131,783835.8,10087565,708655.85,84752.0,9.585617050346196
2024-09-02,5581,5584,5460,5470,1146295,1047337,5594.4,5577.4,5523.95,5808.866666666667,-40.73769867590636,-62.63911631094254,21.901417635036182,54.56760048721072,103.0,-13.35455806528741,811049.0,8941270,721672.1,78427.0,8.094353448720737
2024-09-03,5480,5493,5406,5410,828310,1063530,5542.6,5574.7,5514.0,5795.2,-49.76965987534368,-60.06522502382277,10.295565148479092,49.1186839012926,103.64285714285714,-41.14842696905398,819127.1,8112960,734437.55,16193.0,1.5461117099844657
2024-09-04,5400,5435,5326,5367,1401888,1032331,5490.8,5557.5,5502.0,5780.616666666667,-59.70900657148013,-59.99398133335425,0.28497476187411763,52.18476903870162,101.71428571428571,-62.8170591295367,851157.55,6711072,747037.6,-31199.0,-2.933532669506267
2024-09-05,5383,5383,5303,5330,937251,1049361,5432.6,5528.2,5490.2,5766.083333333333,-69.76736644370703,-61.94865835542481,-7.8187080882822215,49.152542372881356,101.42857142857143,-71.22497908193088,863440.05,5773821,761920.5,17030.0,1.6496646908791934
2024-09-06,5340,5398,5282,5358,1343274,1024964,5387.0,5509.8,5480.95,5751.8,-74.61915988840065,-64.48275866201999,-10.136401226380656,46.96969696969697,102.85714285714286,-60.99446111737404,897948.35,7117095,776889.65,-24397.0,-2.324938700790291
2024-09-09,5360,5416,5317,5398,1294814,1004332,5372.6,5483.5,5476.95,5739.533333333334,-74.37917857141383,-66.46204264389877,-7.917135927515062,47.565543071161045,105.57142857142857,-43.95755618648778,931909.85,8411909,789821.55,-20632.0,-2.0129487474682017
2024-09-10,5390,5395,5324,5339,1170064,1019434,5358.4,5450.5,5474.15,5726.516666666666,-78.05008576099408,-68.77965126731783,-9.270434493676248,36.80738786279682,102.85714285714286,-51.42872611911497,956932.65,7241845,805398.05,15102.0,1.5036860321089085
2024-09-11,5332,5395,5245,5390,1503536,980595,5363.0,5426.9,5472.4,5713.483333333334,-75.96831691224907,-70.21738439630408,-5.750932515944982,33.93103448275862,98.07142857142857,-52.62692674337222,994965.45,8745381,823694.45,-38839.0,-3.8098591963775963
2024-09-12,5394,5409,5327,5397,1194270,972628,5376.4,5404.5,5475.65,5700.866666666667,-72.91316106879003,-70.75653973080128,-2.156621337988753,38.863287250384026,96.85714285714286,-39.511770363845045,1013713.45,9939651,842445.9,-7967.0,-0.812465900805126
2024-09-13,5385,5423,5323,5326,1178779,991629,5370.0,5378.5,5474.75,5688.033333333334,-75.35241890005454,-71.67571556465194,-3.676703335402607,22.222222222222214,93.35714285714286,-47.65153817761383,1038564.6,8760872,864565.95,19001.0,1.953573205788861
2024-09-18,5330,5362,5159,5202,1325595,1045525,5330.8,5351.7,5464.55,5674.2,-86.29653920773944,-74.59988029326945,-11.696658914469992,17.52433936022254,102.35714285714286,-85.56334901380723,1065697.4,7435277,894009.05,53896.0,5.435097198649896
2024-09-19,5213,5295,5164,5289,1232506,1008257,5320.8,5339.6,5457.15,5660.933333333333,-86.94738515583776,-77.06938126578312,-9.878003890054643,27.916120576671034,107.35714285714286,-74.35619729276857,1101021.45,8667783,925839.4,-37268.0,-3.564524999402219
2024-09-20,5290,5292,5215,5229,949009,1026625,5288.6,5325.8,5441.65,5646.8,-91.25277858918162,-79.90606073046283,-11.34671785871879,26.039119804400983,108.42857142857143,-67.68101364964053,1128004.85,7718774,962146.6,18368.0,1.821757746288899
2024-09-23,5222,5252,5180,5189,1047321,1027948,5247.0,5311.7,5419.95,5632.716666666666,-96.77691556870468,-83.28023169811121,-13.496683870593472,25.880923450789794,107.57142857142857,-73.01693905583087,1123881.9,6671453,974752.55,1323.0,0.12886886643126427
2024-09-24,5190,5395,5170,5388,1430515,964047,5259.4,5314.7,5412.25,5621.633333333333,-84.12742840942883,-83.44967104037474,-0.6777573690540919,45.47461368653422,114.64285714285714,-31.861862598740853,1145486.25,8101968,982112.0,-63901.0,-6.216365030137716
2024-09-25,5395,5525,5383,5415,1684087,912466,5302.0,5316.4,5399.95,5610.366666666667,-71.10429826003201,-80.9805964843062,9.876298224274194,50.28636884306988,118.57142857142857,14.392338078832607,1176585.3,9786055,987038.7,-51581.0,-5.350465278145156
2024-09-26,5402,5516,5401,5490,1218116,874187,5342.2,5331.5,5391.0,5599.866666666667,-54.10777978674378,-75.60603314479371,21.498253358049936,56.79558011049724,119.0,30.881153393277547,1184559.15,11004171,988758.9,-38279.0,-4.195115215251855
2024-09-27,5515,5574,5496,5557,1180552,826720,5407.8,5348.2,5387.55,5590.4,-34.83007693973104,-67.45084190378118,32.62076496405014,62.13903743315508,119.28571428571429,66.8571858836843,1202750.8,12184723,986249.2,-47467.0,-5.429845101791719
2024-09-30,5550,5823,5529,5799,1465967,756662,5529.8,5388.4,5396.45,5586.266666666666,-0.02469633948203409,-53.965612790921355,53.94091645143932,69.19060052219322,132.0,126.80878095003688,1237477.8,13650690,979874.4,-70058.0,-8.474211341203796
2024-10-08,5970,5982,5634,5676,1219644,791885,5587.4,5423.4,5400.95,5580.65,17.43279212327161,-39.68593180808277,57.11872393135438,61.282467532467535,149.78571428571428,124.8409662515311,1237589.65,12431046,971023.15,35223.0,4.655050735995725
2024-10-09,5680,5694,5536,5580,1607048,826998,5620.4,5461.2,5406.45,5574.45,23.25352761832619,-27.09803992280098,50.35156754112717,59.4956658786446,155.78571428571428,65.63292853994678,1260627.3,10823998,960006.2,35113.0,4.434103436736403
2024-10-10,5570,5638,5507,5566,1300124,827150,5635.6,5488.9,5414.25,5567.65,26.432126338173475,-16.39200667060609,42.82413300877957,57.14285714285714,154.42857142857142,51.013188701323955,1284218.0,9523874,948187.2,152.0,0.0183797300598032
2024-10-11,5570,5607,5541,5594,1091025,828010,5643.0,5525.4,5425.6,5562.6,30.854878881208606,-6.942629560243152,37.797508441451754,57.861133280127696,153.28571428571428,49.701664452451254,1268674.85,10614899,937971.15,860.0,0.10397146829475012
2024-10-14,5594,5690,5561,5611,1485774,837525,5605.4,5567.6,5439.65,5557.483333333334,35.324501199756014,1.510796591756682,33.813704607999334,61.88490408673895,155.35714285714286,56.18389629852541,1296101.0,12100673,927379.35,9515.0,1.1491407108609852
2024-10-15,5605,5677,5572,5633,1440049,826668,5596.8,5592.1,5453.4,5552.683333333333,40.1787693843753,9.244391150280407,30.934378234094893,69.64448495897904,148.35714285714286,52.687200807464976,1300939.75,13540722,917464.55,-10857.0,-1.2963195128503635
2024-10-16,5633,5726,5607,5609,1689708,852744,5602.6,5611.5,5463.95,5549.15,41.60956332520982,15.717425585266291,25.89213773994353,65.47388781431334,147.5,53.157908359172524,1320684.45,11851014,909885.15,26076.0,3.1543497510487795
2024-10-17,5620,5645,5415,5441,1912076,838194,5577.6,5606.6,5469.05,5542.416666666667,28.85466326945061,18.344873122103156,10.509790147347456,59.28196147110333,158.42857142857142,8.554867295672649,1357785.05,9938938,900823.15,-14550.0,-1.706256508401116
2024-10-18,5441,5484,5408,5452,1138074,841256,5549.2,5596.1,5472.15,5535.183333333333,19.41017276115508,18.55793304991354,0.8522397112415412,61.81491464510333,158.71428571428572,-8.41637745220453,1339511.95,11077012,893856.2,3062.0,0.36530922435618063
2024-10-21,5450,5468,5334,5367,1078097,873325,5500.4,5552.9,5470.65,5526.816666666667,5.008817830026601,15.848110005936153,-10.839292175909552,48.94894894894895,152.21428571428572,-25.97633135009463,1333703.3,9998915,888891.05,32069.0,3.8120381905151435
2024-10-22,5375,5412,5342,5403,952177,855744,5454.4,5525.6,5474.5,5519.616666666667,-3.4595806810266367,11.986571868543596,-15.446152549570233,49.4047619047619,147.07142857142858,-27.744771747981307,1322373.2,10951092,882096.8,-17581.0,-2.0131108121260732
2024-10-23,5416,5419,5368,5390,940148,873600,5410.6,5506.6,5483.9,5512.05,-11.091977455431334,7.37086200374861,-18.462839459179943,44.71458773784356,142.5,-29.4394052414877,1303100.85,10010944,873500.55,17856.0,2.0866053399147377
2024-10-24,5382,5432,5370,5422,995330,885610,5406.8,5492.2,5490.55,5506.75,-14.39266464386219,3.01815667422645,-17.41082131808864,42.590559824368825,140.92857142857142,-28.572222322235856,1291242.05,11006274,867368.2,12010.0,1.374771062271063
2024-10-25,5419,5528,5417,5495,1485815,845724,5415.4,5482.3,5503.85,5501.966666666666,-10.991292331165823,0.21626687314799575,-11.207559204313819,29.514824797843673,127.85714285714286,-9.235276213159665,1318082.35,12492089,858323.15,-39886.0,-4.5037883492733854
2024-10-28,5500,5597,5497,5568,1245180,852286,5455.6,5478.0,5522.8,5499.316666666667,-2.3777807775577458,-0.3025426569931525,-2.075238120564593,42.19653179190751,110.28571428571429,12.9900901894135,1327975.3,13737269,849540.05,6562.0,0.7759032497599794
2024-10-29,5558,5571,5438,5450,1060981,866884,5465.0,5459.7,5525.9,5494.5,-5.015311260884118,-1.2450963777713457,-3.7702148831127724,40.89635854341737,108.5,-20.489165529641912,1309498.6,12676288,844681.9,14598.0,1.7128053259117149
2024-10-30,5473,5517,5425,5471,1109904,829107,5481.2,5445.9,5528.7,5490.833333333333,-5.349384303252009,-2.0659539628674786,-3.2834303403845304,43.41192787794729,105.71428571428571,-28.432323772922032,1280789.45,13786192,840513.95,-37777.0,-4.357791815283241
2024-10-31,5475,5504,5450,5480,804793,833799,5492.8,5449.8,5528.2,5488.6,-4.8322120794300645,-2.619205586179996,-2.2130064932500684,41.88034188034188,104.85714285714286,-25.48295628458497,1260123.3,14590985,838494.55,4692.0,0.565910069508524
2024-11-01,5476,5487,5413,5418,1013850,870768,5477.4,5446.4,5521.25,5483.933333333333,-9.317821168122464,-3.95892870256849,-5.358892465553974,37.08165997322624,100.92857142857143,-40.191745154025774,1251788.2,13577135,840696.95,36969.0,4.433802391223773
2024-11-04,5430,5482,5404,5478,1016047,847340,5459.4,5457.5,5505.2,5480.516666666666,-7.93967648070884,-4.75507825819656,-3.18459822251228,40.12738853503185,99.0,-29.549484488106756,1229292.2,14593182,845230.85,-23428.0,-2.6904985024713834
2024-11-05,5464,5479,5414,5442,1075301,860065,5457.8,5461.4,5493.5,5476.216666666666,-9.641247720134743,-5.732312150584197,-3.908935569550546,39.52321204516938,95.14285714285714,-31.94993708351454,1222075.05,13517881,848639.85,12725.0,1.5017584440720322
2024-11-06,5449,5468,5372,5391,1161999,901359,5441.8,5461.5,5484.05,5471.483333333334,-14.93289187956907,-7.572428096381172,-7.360463783187898,46.3235294117647,85.57142857142857,-47.57849147222465,1199822.6,12355882,852357.9,41294.0,4.801265020667045
2024-11-07,5380,5506,5361,5461,1051835,877015,5438.0,5465.4,5478.8,5469.016666666666,-13.324545943176417,-8.72285166574022,-4.601694277436197,50.60893098782138,90.5,-24.787999286733264,1187408.15,13407717,854851.15,-24344.0,-2.7008106647850583
2024-11-08,5459,5505,5385,5393,1114654,919314,5433.0,5455.2,5468.75,5465.45,-17.337100597648714,-10.44570145212192,-6.891399145526794,51.800554016620495,89.5,-30.225473695723256,1188589.6,12293063,859416.35,42299.0,4.823064599807303
2024-11-11,5370,5412,5290,5335,1067044,963353,5404.4,5431.9,5454.95,5461.6,-24.91004683009669,-13.338570527716875,-11.571476302379814,45.43010752688172,93.21428571428571,-76.05282627915459,1167653.1,11226019,865707.75,44039.0,4.790419813034497
2024-11-12,5320,5358,5311,5350,671277,943369,5386.0,5421.9,5440.8,5458.383333333333,-29.36281043865165,-16.54341850990383,-12.81939192874782,47.31903485254691,92.92857142857143,-76.57957438218861,1129214.5,11897296,871542.8,-19984.0,-2.0744213180422966
2024-11-13,5350,5380,5335,5347,682142,936532,5377.2,5409.5,5427.7,5456.2,-32.75614021243382,-19.78596285040983,-12.970177362023989,44.76987447698745,91.71428571428571,-71.03247175253483,1078836.2,11215154,875732.2,-6837.0,-0.7247429160805563
2024-11-14,5355,5364,5303,5310,610905,955738,5347.0,5392.5,5421.15,5454.783333333334,-37.993009519956104,-23.427372184319086,-14.565637335637017,36.41703377386197,88.14285714285714,-84.93836406843086,1013777.65,10604249,881609.4,19206.0,2.050757475451981
2024-11-15,5310,5354,5280,5282,844437,933336,5324.8,5378.9,5412.65,5452.4,-43.89661926778808,-27.521221601012886,-16.375397666775196,27.515723270440247,86.14285714285714,-88.10181895971358,999095.8,9759812,886213.4,-22402.0,-2.343947818335146
2024-11-18,5292,5309,5251,5284,680983,925664,5314.6,5359.5,5408.5,5451.6,-47.86216400733883,-31.58941008227808,-16.272753925060755,34.03846153846155,80.78571428571429,-92.91493464818952,979240.1,10440795,888830.35,-7672.0,-0.82199765143528
2024-11-19,5280,5304,5252,5292,768880,931006,5303.0,5344.5,5402.95,5450.733333333334,-49.78545787442454,-35.22861964070737,-14.556838233717166,32.34714003944772,77.92857142857143,-81.78199457573074,970075.25,11209675,892593.45,5342.0,0.5770992498357996
2024-11-20,5300,5300,5247,5282,836028,942391,5290.0,5333.6,5397.55,5448.666666666667,-51.5226771962225,-38.4874311518104,-13.035246044412105,30.511811023622045,77.85714285714286,-76.67023261828,964869.25,10373647,896033.0,11385.0,1.2228707441197972
2024-11-21,5289,5316,5264,5308,823245,944232,5289.6,5318.3,5391.85,5446.516666666666,-50.22251937488272,-40.834448796424866,-9.388070578457857,38.347457627118644,76.28571428571429,-58.69174957635101,956265.0,11196892,898964.1,1841.0,0.19535415766915865
2024-11-22,5315,5330,5225,5236,952697,974251,5280.4,5302.6,5378.9,5441.466666666666,-54.375130547623485,-43.54258514666459,-10.832545400958892,25.0,78.21428571428571,-69.5414571722236,929609.1,10244195,905390.45,30019.0,3.1791974853637717
2024-11-25,5236,5286,5230,5269,743459,932915,5277.4,5296.0,5363.95,5435.566666666667,-54.37646259979738,-45.709360637291155,-8.667101962506223,32.016632016632016,77.57142857142857,-66.66913149017641,904523.05,10987654,909421.9,-41336.0,-4.242849122043502
2024-11-26,5265,5270,5220,5246,729547,931631,5268.2,5285.6,5353.75,5430.633333333333,-55.59258927771407,-47.68600636537574,-7.9065829123383295,33.99558498896248,74.28571428571429,-69.66169576815133,887951.35,10258107,912659.25,-1284.0,-0.13763311770097486
2024-11-27,5246,5248,5204,5237,691790,933583,5259.2,5274.6,5342.05,5423.566666666667,-56.62981001650678,-49.47476709560195,-7.155042920904833,21.42857142857143,67.07142857142857,-71.76987033948966,867045.65,9566317,917883.05,1952.0,0.20952501580562277
2024-11-28,5232,5252,5202,5207,555471,959021,5239.0,5264.3,5328.4,5415.866666666667,-59.19025578033052,-51.417864832547664,-7.772390947782853,23.728813559322035,62.07142857142857,-71.12619496153465,854579.55,9010846,924144.15,25438.0,2.724771123724401
2024-11-29,5210,5230,5173,5208,750729,929418,5233.4,5256.9,5317.9,5408.9,-60.44199812201168,-53.22269149044047,-7.219306631571214,28.619528619528623,57.42857142857143,-73.50149545514152,841423.5,9761575,927076.65,-29603.0,-3.0867937198455486
2024-12-02,5200,5206,5143,5160,839421,942355,5211.6,5244.5,5302.0,5401.216666666666,-64.56297006353452,-55.49074720505928,-9.072222858475243,21.212121212121204,58.714285714285715,-85.6607396308926,832592.2,8922154,931827.4,12937.0,1.391946357828222
2024-12-03,5160,5161,5094,5099,777406,992620,5182.2,5225.2,5284.85,5393.1,-71.92198830759298,-58.77699542556602,-13.144992882026962,18.04123711340206,60.285714285714285,-103.25133109694067,817697.45,8144748,938455.15,50265.0,5.333977110536892
2024-12-04,5096,5111,4985,5035,1205789,972748,5141.8,5200.5,5267.05,5385.85,-81.97339019900483,-63.41627438025378,-18.557115818751043,16.86746987951807,64.92857142857143,-120.07333476050725,819886.95,6938959,942024.6,-19872.0,-2.001974572343901
2024-12-05,5038,5064,5019,5047,739382,913268,5109.8,5174.4,5246.35,5379.8,-87.95698552476642,-68.32441660915632,-19.632568915610108,20.55137844611528,62.857142857142854,-105.24947423599933,804264.3,7678341,943837.25,-59480.0,-6.114636061960555
2024-12-06,5047,5053,4968,4973,828704,931727,5062.8,5148.1,5225.35,5373.233333333334,-97.5457626543539,-74.16868581819583,-23.377076836158068,16.98513800424628,64.78571428571429,-110.35932788782802,789966.8,6849637,944457.9,18459.0,2.0212029765632966
2024-12-09,4966,4987,4916,4969,981348,891997,5024.6,5118.1,5207.05,5367.216666666666,-104.26579302477967,-80.1881072595126,-24.077685765267063,15.417558886509639,66.14285714285714,-107.53641816208496,785682.0,5868289,940890.1,-39730.0,-4.264124577263518
2024-12-10,5000,5098,4994,5013,1343514,776947,5007.4,5094.8,5190.2,5361.466666666666,-104.8325884087335,-85.11700348935679,-19.71558491937671,23.153692614770463,71.57142857142857,-66.90613389627005,819293.85,7211803,932569.0,-115050.0,-12.898025441789606
2024-12-11,5000,5059,4993,5055,739734,756335,5011.4,5076.6,5175.6,5355.75,-100.73155814364054,-88.23991442021355,-12.49164372342699,25.531914893617028,72.57142857142857,-60.508066599753036,822173.45,7951537,923559.15,-20612.0,-2.6529480131849414
2024-12-12,5057,5090,5032,5076,723843,689575,5017.2,5063.5,5163.9,5351.366666666667,-94.69534858388215,-89.53100125294728,-5.1643473309348735,32.832618025751074,69.21428571428571,-43.25978764785896,827820.35,8675380,910251.0,-66760.0,-8.826776494542765
2024-12-13,5069,5069,5002,5023,668849,657113,5027.2,5045.0,5150.95,5345.25,-93.11489552613602,-90.24778010758503,-2.867115418550995,24.691358024691354,70.5,-52.755867705336996,819040.95,8006531,896439.85,-32462.0,-4.707537251205451
2024-12-16,5018,5055,4967,5050,839879,605455,5043.4,5034.0,5139.25,5339.466666666666,-88.66166426407017,-89.93055693888206,1.2688926748118945,30.0,73.21428571428571,-50.67490722570072,826985.75,8846410,880429.4,-51658.0,-7.8613571790544405
2024-12-17,5063,5074,5023,5031,626576,559414,5047.0,5027.2,5126.2,5334.55,-85.677945591352,-89.08003466937606,3.402089078024062,29.39999999999999,73.71428571428571,-38.35733645278946,819870.55,8219834,861849.8,-46041.0,-7.604363660387648
2024-12-18,5018,5062,5013,5028,583792,490021,5041.6,5026.5,5113.5,5331.65,-82.60320366154247,-87.78466846780934,5.181464806266874,31.07822410147992,73.64285714285714,-37.989461529141366,807258.75,7636042,839231.3,-69393.0,-12.404587657799048
2024-12-19,5028,5038,4963,4980,541108,455402,5022.4,5019.8,5097.1,5326.5,-83.08193059788482,-86.84412089382445,3.7621902959396323,28.07692307692308,74.92857142857143,-52.589928325086554,793151.9,7094934,814789.8,-34619.0,-7.064799263705024
2024-12-20,4965,5003,4941,4999,392248,414438,5017.6,5022.4,5085.25,5322.666666666667,-80.9945294158415,-85.67420259822788,4.679673182386381,33.60488798370672,74.71428571428571,-54.13158945436397,765129.45,7487182,786799.15,-40964.0,-8.995129577823546
2024-12-23,5318,5361,5287,5359,701838,781961,5079.4,5061.4,5089.75,5325.5,-49.7181378411251,-78.48298964680733,28.764851805682227,66.45569620253164,95.78571428571429,116.0165510648411,763048.4,8189020,779251.45,367523.0,88.67985078588354
2024-12-24,5348,5363,5308,5347,610963,790907,5142.6,5094.8,5094.8,5324.816666666667,-25.604518939668196,-67.90729550537951,42.30277656571131,71.13821138211382,90.71428571428571,106.49838626151694,757119.2,7578057,772215.25,8946.0,1.1440468258647085
2024-12-25,5353,5359,5294,5317,723826,848184,5200.4,5121.0,5098.8,5323.183333333333,-8.813455481949859,-56.08852750069358,47.27507201874372,67.85714285714286,92.14285714285714,91.52714244662039,758721.0,6854231,767945.3,57277.0,7.241938685585025
2024-12-26,5316,5349,5301,5301,628774,854235,5264.6,5143.5,5103.5,5320.033333333334,3.166021078734957,-44.237617784807874,47.40363886354283,73.49570200573066,89.5,82.40104586216283,762386.15,6225457,762706.0,6051.0,0.7134065249992938
2024-12-27,5302,5327,5262,5271,659863,899604,5319.0,5168.3,5106.65,5315.266666666666,10.122408457292295,-33.365612536387836,43.48802099368013,70.85635359116023,89.07142857142857,66.63650941127652,757842.85,5565594,761215.3,45369.0,5.311067797503033
2024-12-30,5271,5336,5271,5326,684891,864574,5312.4,5195.9,5114.95,5307.383333333333,19.844678814198232,-22.723554266270625,42.56823308046886,71.29251700680273,84.5,69.48486132845737,750116.35,6250485,757326.25,-35030.0,-3.8939355538659237
2024-12-31,5334,5337,5255,5290,919633,897647,5301.0,5221.8,5124.5,5300.95,24.36389714152756,-13.306063984710988,37.66996112623855,66.11796982167353,85.64285714285714,58.00723116586284,757227.7,5330852,752577.6,33073.0,3.825352138741156
2025-01-02,5288,5301,5231,5237,739944,999244,5285.0,5242.7,5134.6,5295.233333333334,23.39902378383249,-5.9650464310022935,29.364070214834783,60.57818659658345,86.5,41.03353543384408,733935.45,4590908,753902.4,101597.0,11.318146220061998
2025-01-03,5237,5245,5133,5145,1116837,1070838,5253.8,5259.2,5139.5,5288.216666666666,15.037381993230156,-1.7645607461558033,16.801942739385957,57.625,89.21428571428571,11.12211951876038,752808.2,3474071,761780.9,71594.0,7.164816601350621
2025-01-06,5150,5178,5142,5150,775016,1062194,5229.6,5274.3,5148.35,5280.816666666667,8.71373236249292,0.3310978755739413,8.382634486918978,56.426735218509,85.5,2.427217525515766,750123.8,4249087,768304.25,-8644.0,-0.807218272044885
2025-01-07,5159,5178,5084,5087,915183,1096682,5181.8,5247.1,5154.25,5272.083333333333,-1.3656368053198094,-0.008249060604808844,-1.3573877447150005,53.406326034063255,88.57142857142857,-15.318105558015422,746815.55,3333904,778538.5,34488.0,3.24686450874323
2025-01-08,5089,5113,5043,5067,834512,1109727,5137.2,5219.1,5156.95,5262.65,-10.842457243858917,-2.17509069725563,-8.667366546603287,52.32419547079857,90.07142857142857,-31.972061591529524,721365.45,2499392,795177.5,13045.0,1.189497046545851
2025-01-09,5070,5157,5056,5145,1232959,1050324,5118.8,5201.9,5161.45,5254.916666666667,-11.921533573269699,-4.124379272458444,-7.797154300811255,59.49367088607595,91.92857142857143,-17.040901542551673,746026.7,3732351,809876.95,-59403.0,-5.352938155059761
2025-01-10,5156,5156,5105,5130,801887,1048325,5115.8,5184.8,5164.15,5249.733333333334,-13.82768701000623,-6.065040819968001,-7.762646190038229,57.57225433526011,91.14285714285714,-14.254125810717493,749928.9,2930464,827814.45,-1999.0,-0.19032222438029045
2025-01-13,5141,5222,5137,5208,1047596,980667,5127.4,5178.5,5173.4,5245.666666666667,-8.941309366309724,-6.640294529236346,-2.301014837073378,37.04974271012007,71.85714285714286,5.616431778254108,768866.25,3978060,843992.15,-67658.0,-6.453914578017317
2025-01-14,5214,5262,5196,5237,883931,952727,5157.4,5169.6,5182.75,5243.5,-2.6976652367329734,-5.851768670735672,3.1541034340026988,40.833333333333336,72.64285714285714,19.255895177481513,771068.85,4861991,861355.75,-27940.0,-2.8490812885515693
2025-01-15,5235,5281,5204,5276,889852,939106,5199.2,5168.2,5195.0,5241.383333333333,5.335932474323272,-3.614228441723883,8.950160916047155,46.633825944170766,73.5,24.83956123750389,784232.65,5751843,880340.35,-13621.0,-1.4296855237649453
2025-01-16,5275,5349,5243,5346,1166286,913862,5239.4,5179.1,5210.9,5240.65,17.153298971881668,0.5392770409972272,16.61402193088444,53.393665158371036,77.64285714285714,45.70291613962591,813357.35,6918129,901532.4,-25244.0,-2.6880884585978593
2025-01-17,5340,5360,5292,5326,981041,901633,5278.6,5197.2,5228.2,5239.05,24.620998661172962,5.355621365032374,19.26537729614059,54.21133231240428,77.85714285714286,48.30464885092179,835354.0,5937088,923843.95,-12229.0,-1.338167031783788
2025-01-20,5326,5330,5232,5279,1059102,903642,5292.8,5210.1,5242.2,5235.45,26.44189159538928,9.572875411103755,16.869016184285524,46.35658914728682,80.21428571428571,22.678131558076828,868696.7,4877986,948304.15,2009.0,0.22281793146434747
2025-01-21,5279,5334,5272,5304,841272,896437,5306.2,5231.8,5239.45,5231.05,29.561487009999837,13.570597730882973,15.990889279116864,51.104100946372235,78.78571428571429,37.71063092527654,875668.4,5719258,954027.95,-7205.0,-0.7973290307444758
2025-01-22,5299,5304,5265,5289,677462,895137,5308.8,5254.0,5236.55,5228.366666666667,30.472150232159038,16.950908231138186,13.521242001020852,54.36241610738256,76.57142857142857,29.897973433163408,878993.35,5041796,959239.45,-1300.0,-0.1450185567976381
2025-01-23,5285,5289,5150,5158,1133874,971078,5271.2,5255.3,5228.6,5223.15,20.388229392174253,17.638372463345398,2.749856928828855,51.0236220472441,78.5,-20.05113917501208,899495.75,3907922,965384.15,75941.0,8.483729306240285
2025-01-24,5158,5197,5141,5175,668000,915657,5241.0,5259.8,5222.3,5218.066666666667,13.611502473187102,16.83299846531374,-3.2214959921266377,51.931993817619784,79.92857142857143,-33.75614035190721,901457.05,4575922,968455.25,-55421.0,-5.707162555428091
2025-01-27,5184,5281,5164,5268,672991,859366,5238.8,5265.8,5222.15,5215.566666666667,15.565787622433163,16.579556296737625,-1.0137686743044618,63.36779911373707,81.57142857142857,10.783466935955827,902113.45,5248913,966443.35,-56291.0,-6.147607674052624
2025-02-05,5230,5235,5150,5163,607175,888580,5210.6,5258.4,5214.0,5210.316666666667,8.543466441672535,14.972338325724607,-6.4288718840520716,56.29921259842519,85.0,-21.66922159368873,898227.65,4641738,967643.65,29214.0,3.399482874584292
2025-02-06,5156,5182,5125,5166,747197,942129,5186.0,5247.4,5207.8,5205.716666666666,3.1836026511427917,12.614591190808245,-9.430988539665453,51.52838427947598,81.85714285714286,-34.62142712458819,889605.85,5388935,969867.75,53549.0,6.0263566589389805
2025-02-07,5152,5258,5143,5230,1047741,951280,5200.4,5235.8,5207.45,5203.033333333334,4.053411901855725,10.902355333017741,-6.8489434311620165,56.79347826086956,86.42857142857143,3.2901366449529164,904995.7,6436676,967469.55,9151.0,0.9713107228415563
2025-02-10,5240,5241,5167,5212,827389,973891,5207.8,5224.4,5210.8,5198.883333333333,3.2527962219082838,9.37244351079585,-6.119647288887567,50.29585798816568,85.14285714285714,-0.3973830490051954,890523.3,5609287,962622.2,22611.0,2.3769026995206444
2025-02-11,5218,5275,5197,5226,953779,963694,5199.4,5219.1,5214.6,5196.1,3.7052734387934834,8.239009496395377,-4.533736057601894,49.167927382753405,86.0,15.346373763070522,899461.45,6563066,957697.2,-10197.0,-1.0470370914198779
2025-02-12,5225,5274,5206,5273,990963,969404,5221.4,5216.0,5223.9,5195.066666666667,7.7668407917526565,8.144575755466834,-0.37773496371417714,49.775784753363226,85.35714285714286,24.68232192949971,903250.45,7554029,951333.3,5710.0,0.5925117309021344
2025-02-13,5267,5285,5183,5190,922860,977816,5226.2,5206.1,5230.05,5192.4,4.239386828494389,7.363537970072345,-3.124151141577956,38.56304985337243,85.07142857142857,-4.877526619928456,907667.85,6631169,944737.75,8412.0,0.8677496688687114
2025-02-14,5190,5250,5181,5229,778146,953312,5226.0,5213.2,5234.25,5190.433333333333,4.538511081456818,6.798532592349241,-2.2600215108924226,43.081312410841655,85.14285714285714,-9.528586291194685,884927.2,7409315,939887.15,-24504.0,-2.505992947548419
2025-02-17,5241,5280,5203,5277,1089108,973709,5239.0,5223.4,5241.6,5189.883333333333,8.55020659495949,7.148867392871291,1.4013392020881996,49.857549857549856,83.64285714285714,18.074292818202178,899288.25,8498423,936156.35,20397.0,2.1395933335571105
2025-02-18,5268,5296,5258,5279,803574,978194,5249.6,5224.5,5245.15,5189.833333333333,11.755378788216149,8.070169671940263,3.6852091162758853,48.15905743740796,81.92857142857143,39.486389216275455,887087.15,9301997,936032.7,4485.0,0.46060989474268066
2025-02-19,5279,5293,5228,5271,884449,985268,5249.2,5235.3,5246.85,5189.616666666667,13.494412514691248,9.155018240490461,4.339394274200787,48.660714285714285,83.78571428571429,23.07683714777729,887113.05,8417548,937659.75,7074.0,0.7231694326483185
2025-02-20,5271,5303,5245,5290,967293,982068,5269.2,5247.7,5247.55,5189.583333333333,16.218790362901018,10.567772664972573,5.651017697928445,61.78571428571429,78.0,37.449943657482144,890985.1,9384841,939807.85,-3200.0,-0.32478472862206287
2025-02-21,5296,5333,5262,5263,1044832,1000934,5276.0,5251.0,5243.4,5189.266666666666,16.01459875836008,11.657137883650075,4.357460874710005,57.71929824561403,79.07142857142857,47.49589042510953,884912.4,8340009,944161.45,18866.0,1.921048236985623
2025-02-24,5260,5288,5235,5255,803394,1019835,5271.6,5255.3,5239.85,5188.383333333333,15.033940392883778,12.332498385496816,2.7014420073869623,48.659793814432994,74.5,24.391260063007675,876030.05,7536615,950071.55,18901.0,1.8883362939015047
2025-02-25,5255,5266,5207,5211,762446,1037242,5258.0,5253.8,5236.45,5187.966666666666,10.584319845654136,11.982862677528281,-1.3985428318741455,55.660377358490564,70.28571428571429,-10.097915634198074,861197.25,6774169,956751.55,17407.0,1.7068447346874738
2025-02-26,5210,5222,5160,5167,877068,1054474,5237.2,5243.2,5229.6,5186.266666666666,3.4675593616921105,10.279802014361048,-6.812242652668937,50.10752688172043,70.64285714285714,-60.12217027864445,862987.05,5897101,964653.4,17232.0,1.661328793087824
2025-02-27,5170,5200,5149,5190,706583,1056671,5217.2,5243.2,5224.65,5185.333333333333,-0.31300864553395513,8.161239882382047,-8.474248527916002,45.283018867924525,66.07142857142857,-58.728594061409424,864443.1,6603684,972730.1,2197.0,0.2083503244271645
2025-02-28,5200,5208,5165,5180,712066,1052924,5200.6,5238.3,5225.75,5184.383333333333,-4.069145874607784,5.715162730984082,-9.784308605591866,46.15384615384615,63.857142857142854,-50.857588523637496,843352.7,5891618,976822.4,-3747.0,-0.35460422402052716
2025-03-03,5177,5245,5175,5228,891022,993826,5195.2,5233.4,5228.4,5184.733333333334,-3.136556571179426,3.94481887055138,-7.081375441730806,50.222222222222214,63.285714285714285,-14.021236852553175,854503.8,6782640,980730.85,-59098.0,-5.612750777833919
2025-03-04,5230,5238,5178,5185,702673,1014519,5190.0,5224.0,5224.25,5184.35,-5.800350631785477,1.995784970084009,-7.796135601869486,40.134529147982065,62.714285714285715,-32.2705114545054,855987.9,6079967,988488.5,20693.0,2.082155226367588
2025-03-05,5177,5179,5104,5109,899678,1099605,5178.4,5207.8,5221.55,5183.5,-13.883945971214416,-1.1801612181756762,-12.70378475303874,40.77448747152619,61.214285714285715,-108.37337627131487,870613.05,5180289,999039.75,85086.0,8.386831592114085
2025-03-06,5107,5144,5086,5135,719447,1082545,5167.4,5192.3,5220.0,5184.1,-17.98495148249185,-4.541119271038911,-13.44383221145294,38.96713615023474,60.42857142857143,-107.91512755789398,869225.55,5899736,1006060.55,-17060.0,-1.5514662083202624
2025-03-07,5140,5140,5102,5110,596974,1094148,5153.4,5177.0,5214.0,5185.35,-22.98733527072909,-8.230362470976948,-14.756972799752143,29.280397022332508,57.642857142857146,-96.06419997362894,846687.2,5302762,1013203.95,11603.0,1.0718261134641027
2025-03-10,5118,5143,5067,5082,747283,1116393,5124.2,5159.7,5207.5,5185.933333333333,-28.878236127373384,-12.359937202256237,-16.518298925117147,27.039627039627035,60.357142857142854,-97.94333512271874,842681.9,4555479,1020329.05,22245.0,2.033088759473123
2025-03-11,5082,5093,5054,5060,567143,1140074,5099.2,5144.6,5199.2,5187.383333333333,-34.91950333839304,-16.871850429483597,-18.047652908909445,26.185101580135438,58.5,-101.77540839097348,823350.1,3988336,1029148.05,23681.0,2.1212064210363257
2025-03-12,5065,5081,4995,5018,969413,1212280,5081.0,5129.7,5186.45,5188.2,-42.60517419217285,-22.018515182021453,-20.5866590101514,20.815450643776828,60.5,-107.20543701753793,822272.6,3018923,1041291.85,72206.0,6.333448530533992
2025-03-13,5025,5048,5004,5036,749892,1190896,5061.2,5114.3,5178.75,5188.583333333333,-46.705284699354706,-26.955869085488104,-19.749415613866603,25.164113785557987,58.57142857142857,-92.37521798076436,813624.2,3768815,1051945.85,-21384.0,-1.7639489226911276
2025-03-14,5041,5076,5013,5068,739777,1148962,5052.8,5103.1,5170.7,5188.8,-46.83266148191069,-30.93122756477262,-15.901433917138071,30.561330561330564,59.285714285714285,-69.67910361953352,811705.75,4508592,1061728.35,-41934.0,-3.521214278996654
2025-03-17,5071,5073,5034,5065,681122,1134130,5049.4,5086.8,5160.1,5188.616666666667,-46.63806880178436,-34.07259581217497,-12.56547298960939,33.40909090909092,57.857142857142854,-60.086464680434716,791306.45,3827470,1069749.4,-14832.0,-1.2909043118919494
2025-03-18,5065,5066,5006,5007,742636,1157418,5038.8,5069.0,5146.5,5188.35,-50.58090281249042,-37.374257212238064,-13.206645600252358,32.37885462555066,57.714285714285715,-69.96473067227892,788259.55,3084834,1078710.6,23288.0,2.053380123971671
2025-03-19,5008,5032,4992,5026,666413,1121745,5040.4,5060.7,5134.25,5187.95,-51.577927717602506,-40.214991313310954,-11.362936404291553,31.77777777777777,56.92857142857143,-67.98483592551231,777357.75,3751247,1085534.45,-35673.0,-3.0821189924469805
2025-03-20,5027,5057,5011,5030,674536,1102380,5039.2,5050.2,5121.25,5187.933333333333,-51.45220161513862,-42.46243337367649,-8.98976824146213,33.1081081081081,57.142857142857146,-54.29286540785211,762719.9,4425783,1091550.05,-19365.0,-1.726328176189773
2025-03-21,5025,5045,5006,5020,567301,1095949,5029.6,5041.2,5109.1,5187.8,-51.565069180272985,-44.282960534995794,-7.282108645277191,24.38423645320198,54.92857142857143,-55.72605866959898,738843.35,3858482,1096300.8,-6431.0,-0.5833741541029447
2025-03-24,5020,5160,5011,5159,1229251,994462,5048.4,5048.9,5104.3,5190.783333333334,-39.97754297996198,-43.42187702398903,3.444334044027052,47.41035856573705,61.285714285714285,3.2210359882147044,760136.2,5087733,1095032.15,-101487.0,-9.260193676895545
2025-03-25,5160,5171,5112,5127,729289,954075,5072.4,5055.6,5100.1,5192.916666666667,-32.996118828948966,-41.33672538498102,8.340606556032057,51.965065502183414,59.714285714285715,26.90134268168105,758478.35,4358444,1090873.8,-40387.0,-4.061190875066112
2025-03-26,5127,5139,5097,5118,546195,933018,5090.8,5065.6,5097.65,5188.9,-27.868266644207324,-38.64303363682629,10.774766992618964,48.07256235827664,58.57142857142857,15.987930792406106,741934.7,3812249,1084801.0,-21057.0,-2.2070591934596373
2025-03-27,5118,5145,5105,5129,589259,910711,5110.6,5074.9,5094.6,5185.266666666666,-22.655638674461443,-35.44555464435332,12.78991596989188,52.2248243559719,58.714285714285715,25.59714419688575,736068.5,4401508,1077503.0,-22307.0,-2.3908434778321497
2025-03-28,5133,5152,5104,5118,543491,899110,5130.2,5079.9,5091.5,5181.95,-19.19097985287226,-32.19463968605711,13.003659833184848,54.390243902439025,56.714285714285715,28.136057810276547,727639.75,3858017,1069812.3,-11601.0,-1.273839889932149
2025-03-31,5123,5123,5051,5079,737226,866751,5114.2,5081.3,5084.05,5178.25,-19.368914054158267,-29.62949455967734,10.260580505519073,52.2248243559719,59.07142857142857,-0.9589015094545507,719949.95,3120791,1063458.55,-32359.0,-3.599003458976102
2025-04-01,5080,5122,5073,5099,546295,850746,5108.6,5090.5,5079.75,5175.383333333333,-17.69215123118738,-27.242025893979353,9.549874662791972,60.0,56.42857142857143,20.85209774979508,712131.05,3667086,1055269.9,-16005.0,-1.8465510856058964
2025-04-02,5098,5098,5054,5072,615867,830996,5099.4,5095.1,5077.9,5171.15,-18.330674361552155,-25.459755587493916,7.129081225941761,54.34782608695652,56.5,-3.3097193424385947,697940.5,3051219,1041839.45,-19750.0,-2.3214919611728946
2025-04-03,5080,5144,5058,5069,1019665,797925,5087.4,5099.0,5074.6,5167.466666666666,-18.86136143677777,-24.14007675735069,5.278715320572921,50.129870129870135,58.142857142857146,18.21785666856373,712951.4,2031554,1027608.45,-33071.0,-3.9796822126700993
2025-04-07,4900,4964,4801,4929,845196,742461,5049.6,5089.9,5065.55,5162.333333333333,-30.230288787033714,-25.3581191632873,-4.872169623746416,36.97318007662836,74.5,-151.4515768712977,725362.5,1186358,1010024.1,-55464.0,-6.951029232070683
2025-04-08,4936,5017,4876,4907,936919,703466,5015.2,5064.7,5056.8,5158.366666666667,-40.54804908951883,-28.396105148533607,-12.15194394098522,39.711934156378604,80.28571428571429,-99.78383695628438,734844.3,249439,989377.75,-38995.0,-5.252127721186706
2025-04-09,4900,4916,4766,4861,957470,658920,4967.6,5038.1,5046.85,5153.55,-51.83919406622954,-33.08472293207279,-18.754471134156745,33.91812865497076,88.14285714285714,-127.96888372139504,754360.65,-708031,965320.05,-44546.0,-6.33236005720248
2025-04-10,4809,4951,4803,4933,814915,617643,4939.8,5019.6,5042.6,5150.983333333334,-54.35118293326832,-37.3380149323119,-17.01316800095642,41.65232358003443,95.42857142857143,-84.91188179804121,746635.75,106884,935588.2,-41277.0,-6.264341649972682
2025-04-11,4922,4950,4898,4930,626923,567650,4912.0,4999.7,5037.3,5148.7,-55.93919491817633,-41.058250929484785,-14.880943988691541,42.1602787456446,96.35714285714286,-61.16888968153169,740487.3,-520039,904425.9,-49993.0,-8.09415795208559
2025-04-14,4944,4964,4912,4951,451827,530357,4916.4,4983.0,5031.45,5145.466666666666,-54.870666474235804,-43.82073403843499,-11.049932435800812,27.192982456140356,89.42857142857143,-47.58146662605997,726089.8,-68212,873495.65,-37293.0,-6.569717255351004
2025-04-15,4958,4960,4910,4931,513586,448138,4921.2,4968.2,5024.75,5142.15,-55.00363516944708,-46.05731426463741,-8.946320904809667,27.927927927927925,88.78571428571429,-47.84012026125927,717713.0,-581798,839196.05,-82219.0,-15.50257656635059
2025-04-16,4924,4950,4901,4921,331089,385807,4933.2,4950.4,5020.45,5137.366666666667,-55.27871166661316,-47.901593745032564,-7.377117921580599,27.86516853932585,89.28571428571429,-48.954715050598125,697135.65,-912887,800615.5,-62331.0,-13.908885209466726
2025-04-17,5058,5069,5020,5033,605385,759134,4953.2,4946.5,5020.8,5133.966666666666,-45.929797678164505,-47.50723453165896,1.5774368534944543,41.208791208791204,97.0,11.91666432954609,694084.25,-307502,782484.95,373327.0,96.76522198923297
2025-04-18,5038,5056,5022,5032,629684,803575,4973.6,4942.8,5020.9,5129.9,-38.161505548432615,-45.63808873501369,7.476583186581074,41.97761194029851,96.0,9.701580884112746,691841.65,-937186,767544.7,44441.0,5.854170673425241
2025-04-21,5050,5053,5007,5045,682596,837402,4992.4,4954.4,5022.15,5124.883333333333,-30.603310796665937,-42.63113314734414,12.0278223506782,46.666666666666664,94.14285714285714,8.520074630585853,697606.4,-254590,754617.35,33827.0,4.209563513051062
2025-04-22,5045,5045,4927,4935,927291,947656,4993.2,4957.2,5010.95,5118.366666666667,-33.10782133819703,-40.72647078551472,7.618649447317694,36.333333333333336,99.07142857142857,-22.94454042455847,682508.4,-1181881,752277.05,110254.0,13.166197358019204
2025-04-23,4935,5015,4931,5006,868132,903628,5010.2,4971.7,5004.9,5113.816666666667,-29.02892992386205,-38.38696261318419,9.358032689322137,44.87577639751552,101.85714285714286,-11.362193791148197,689450.55,-313749,749754.7,-44028.0,-4.645989684020357
2025-04-24,4997,5000,4953,4968,629540,921503,4997.2,4975.2,4997.4,5108.216666666666,-28.53374229241581,-36.416318549030514,7.882576256614705,42.56259204712813,99.5,-13.740101182358627,693617.8,-943289,749178.95,17875.0,1.9781370209865035
2025-04-25,4978,5003,4955,4961,619928,943823,4983.0,4978.3,4989.0,5102.75,-28.379008480969787,-34.80885653541837,6.429848054448584,52.93040293040293,83.78571428571429,-10.27967058617919,695151.25,-1563217,750834.55,22320.0,2.422129933380579
2025-04-28,4949,5015,4949,4989,722152,910259,4971.8,4982.1,4982.55,5099.933333333333,-25.700752549141725,-32.987235738163044,7.286483189021318,57.427536231884055,78.42857142857143,1.4650412811753823,704084.3,-841065,751392.0,-33564.0,-3.556175257437044
2025-04-29,4984,4987,4921,4949,628494,925138,4974.6,4983.9,4976.05,5096.166666666667,-26.50040100655133,-31.689868791840702,5.189467785289374,58.05860805860806,72.57142857142857,-17.03409435406608,698647.7,-1469559,754311.35,14879.0,1.6345897156743394
2025-04-30,4949,4958,4905,4942,586464,894746,4961.8,4986.0,4968.2,5090.733333333334,-27.38331189476139,-30.828557412424843,3.4452455176634516,50.935550935550935,65.78571428571429,-25.99607047122218,700656.15,-2056023,756511.35,-30392.0,-3.285131515514439
2025-05-06,4930,4960,4844,4854,542507,969200,4939.0,4968.1,4957.3,5085.583333333333,-34.78293368017057,-31.619432665973992,-3.16350101419658,43.28621908127209,70.35714285714286,-60.447148568344275,696988.15,-2598530,763421.55,74454.0,8.321244241382475
2025-05-07,4860,4951,4858,4876,849771,982127,4922.0,4952.5,4947.65,5080.75,-38.42898569232602,-32.9813432712444,-5.447642421081625,43.386243386243386,73.57142857142857,-50.90170910536025,688493.45,-1748759,772631.65,12927.0,1.333780437474208
2025-05-08,4871,4872,4813,4839,833866,1028062,4892.0,4931.9,4943.15,5074.233333333334,-43.79920894182305,-35.144916405360135,-8.654292536462918,42.12328767123287,74.5,-92.03967395326539,687926.95,-2582625,786911.7,45935.0,4.677093695621859
2025-05-09,4841,4843,4800,4805,706890,1077435,4863.2,4918.9,4938.05,5067.45,-50.21976323767649,-38.15988577182341,-12.059877465853077,40.46052631578948,74.07142857142857,-97.25263060028946,676425.5,-3289515,805610.15,49373.0,4.802531364839857
2025-05-12,4810,4845,4755,4836,1145985,1064312,4842.0,4901.9,4936.8,5060.95,-52.204872577873175,-40.968883133033366,-11.23598944483981,31.309297912713475,69.92857142857143,-94.33659698186239,685851.25,-2143530,825879.75,-13123.0,-1.217985307698377
2025-05-13,4884,4886,4815,4837,948143,1082509,4838.6,4888.8,4932.0,5053.683333333333,-53.08545827087164,-43.392198160601026,-9.693260110270614,31.499051233396585,72.57142857142857,-64.52704738989326,692512.65,-1195387,849123.05,18197.0,1.7097430076894682
2025-05-14,4844,4995,4827,4986,1532605,988857,4860.6,4891.3,4934.8,5050.283333333334,-41.284373463154225,-42.97063322111167,1.686259757957444,45.55052790346908,81.28571428571429,0.14458979773727404,737796.75,337218,870183.4,-93652.0,-8.651383037000148
2025-05-15,4981,5057,4977,5041,1750324,940225,4901.0,4896.5,4939.3,5047.15,-27.1805677196362,-39.812620120816575,12.632052401180374,58.7171052631579,78.57142857142857,59.086566396655066,802721.6,2087542,890676.8,-48632.0,-4.918001288356155
2025-05-16,5033,5039,4931,4947,1251401,933962,4929.4,4896.3,4940.1,5041.65,-23.319402903834998,-36.51397667742026,13.194573773585262,45.32488114104596,80.42857142857143,21.06202899632219,839612.35,836141,914968.0,-6263.0,-0.6661171528091647
2025-05-19,4952,5013,4943,4959,1056935,943934,4954.0,4898.0,4942.0,5036.316666666667,-19.071260636140323,-33.02543346916428,13.954172833023954,49.256198347107436,81.64285714285714,18.910265724282254,875904.65,1893076,942874.35,9972.0,1.0677093928874948
2025-05-20,4953,4975,4935,4949,692097,943039,4976.4,4907.5,4937.8,5030.95,-16.323328538817805,-29.685012483094987,13.361683944277182,49.01315789473684,81.07142857142857,9.528374239476982,880240.25,1200979,952069.6,-895.0,-0.09481595111522356
2025-05-21,4939,4976,4921,4969,861605,941714,4973.0,4916.8,4934.65,5025.6,-12.388927852439338,-26.22579555696386,13.836867704524522,48.333333333333336,80.28571428571429,14.978633602786969,891836.3,2062584,958976.55,-1325.0,-0.14050320294282104
2025-05-22,4969,4980,4914,4926,867050,953880,4950.0,4925.5,4928.7,5019.983333333334,-12.595435259378974,-23.499723497446887,10.904288238067913,48.09286898839138,80.14285714285714,7.3461309694819565,901059.0,1195534,964800.45,12166.0,1.2918996638045188
2025-05-23,4915,4937,4851,4854,850443,981783,4931.4,4930.4,4924.65,5013.3,-18.357280831661228,-22.471234964289756,4.113954132628528,43.41317365269461,82.5,-37.54123444397554,897216.6,345091,966506.8,27903.0,2.9252107183293408
2025-05-26,4851,4893,4846,4865,664122,967288,4912.6,4933.3,4917.6,5007.533333333334,-21.78485464662208,-22.333958900756222,0.5491042541341429,50.93062605752961,77.57142857142857,-43.30948241119785,887016.1,1009213,969689.8,-14495.0,-1.4763954967645598
2025-05-27,4862,4865,4775,4793,839870,1018526,4881.4,4928.9,4908.85,5001.3,-29.965605018495808,-23.86028812430414,-6.105316894191667,43.52574102964119,77.07142857142857,-79.04151778902961,897532.6,169343,974540.95,51238.0,5.297078016061407
2025-05-28,4791,4798,4743,4758,718586,1043359,4839.2,4906.1,4898.7,4994.1,-38.825559241262454,-26.853342347695804,-11.97221689356665,43.66197183098591,76.5,-96.55248868398418,902465.5,-549243,979517.75,24833.0,2.43813118172731
2025-05-29,4758,4771,4700,4744,1245345,1068785,4802.8,4876.4,4886.45,4986.833333333333,-46.441471418743276,-30.7709681619053,-15.670503256837975,45.072697899838445,78.5,-99.05723661777432,928625.15,-1794588,987444.05,25426.0,2.436936854908045
2025-05-30,4735,4806,4715,4764,1129093,1010148,4784.8,4858.1,4877.2,4979.1,-50.28366504590031,-34.67350753870431,-15.610157507196,44.07894736842105,78.57142857142857,-74.0961628504762,953655.1,-665495,991694.55,-58637.0,-5.4863232549109515
2025-06-03,4772,4780,4718,4745,609137,1020928,4760.8,4836.7,4867.35,4971.766666666666,-54.23656700397714,-38.586119431758874,-15.650447572218269,42.65175718849841,77.92857142857143,-73.20924537652326,954788.75,-1274632,998003.65,10780.0,1.0671703552350698
2025-06-04,4731,4849,4731,4834,1300611,986723,4769.0,4825.2,4866.35,4967.183333333333,-49.6157743272106,-40.79205041084922,-8.82372391636138,36.572438162544174,74.35714285714286,-36.49082614462399,992693.95,25979,998879.8,-34205.0,-3.3503831807923823
2025-06-05,4801,4817,4714,4747,1323419,1059668,4766.8,4803.0,4859.9,4960.716666666666,-52.37024417501834,-43.10768916368305,-9.262555011335294,25.418060200668904,77.21428571428571,-57.024291951675764,1016376.35,-1297440,1002756.85,72945.0,7.392652243841491
2025-06-06,4750,4814,4750,4790,1103319,1003710,4776.0,4789.4,4857.45,4955.383333333333,-50.501293267459914,-44.586409984438426,-5.914883283021489,35.6489945155393,74.14285714285714,-40.419153834733,1029849.0,-194121,1001539.25,-55958.0,-5.280710562176083
2025-06-09,4797,4827,4781,4816,920324,991396,4786.4,4785.6,4858.0,4950.95,-46.38742810321946,-44.94661360819464,-1.4408144950248243,37.254901960784316,72.42857142857143,-27.181431069185393,1040520.7,726203,997237.3,-12314.0,-1.226848392463964
2025-06-10,4805,4830,4769,4810,1022295,970124,4799.4,4780.1,4856.7,4946.783333333334,-43.11431518988957,-44.580153924533626,1.4658387346440591,37.52244165170557,73.92857142857143,-29.616316422675858,1034336.2,-296092,992527.9,-21272.0,-2.145661269563326
2025-06-11,4795,4855,4795,4832,880034,960922,4799.0,4784.0,4856.45,4943.683333333333,-38.303593503492266,-43.324841840325355,5.021248336833089,37.745974955277276,74.28571428571429,-15.627593707151517,1030930.75,583942,986448.55,-9202.0,-0.9485385373416144
2025-06-12,4833,4844,4816,4826,747513,941475,4814.8,4790.8,4848.45,4940.183333333333,-34.576633851716906,-41.57520024260367,6.998566390886765,40.42145593869732,71.57142857142857,-12.183952541605965,991676.15,-163571,984079.45,-19447.0,-2.023785489352936
2025-06-13,4814,4890,4786,4859,1374788,958720,4828.6,4802.3,4839.35,4936.7,-28.630136872670846,-38.986187568617105,10.356050695946259,50.51759834368529,72.85714285714286,2.3252693456003253,972899.35,1211217,985004.2,17245.0,1.8317002575745533
2025-06-16,4830,4866,4792,4860,1194646,978942,4837.4,4811.9,4835.0,4933.283333333334,-23.565159047234374,-35.901981864340556,12.336822817106182,49.471458773784356,74.78571428571429,3.2036792283217994,970061.6,2405863,987253.2,20222.0,2.1092706942590134
2025-06-17,4827,4855,4822,4833,834032,962017,4842.0,4820.7,4828.7,4930.383333333333,-21.48216890995809,-33.01801927346406,11.535850363505972,54.67289719626169,71.07142857142857,6.712820881988031,958916.45,1571831,988157.35,-16925.0,-1.7289073305670866
2025-06-18,4832,4907,4824,4899,1073727,970630,4855.4,4827.2,4826.2,4928.266666666666,-14.340428273516409,-29.282501073474535,14.942072799958126,65.359477124183,73.07142857142857,44.29988001414668,977997.95,2645558,989536.9,8613.0,0.895306423898945
2025-06-19,4888,4927,4864,4900,988818,966087,4870.2,4842.5,4822.75,4926.1,-8.501851669198913,-25.126371192619413,16.6245195234205,67.48878923766816,72.5,70.59433303022136,984358.6,3634376,990755.55,-4543.0,-0.46804652648280154
2025-06-20,4891,4938,4886,4903,1056077,953030,4879.0,4853.8,4821.6,4924.15,-3.591264851921551,-20.81934992447984,17.22808507255829,66.2004662004662,69.71428571428571,88.5968687590266,993809.95,4690453,990713.05,-13057.0,-1.3515345926402023
2025-06-23,4891,4945,4881,4896,992189,969157,4886.2,4861.8,4823.7,4919.766666666666,-0.2614174611562703,-16.707763431815128,16.446345970658857,68.10551558752998,69.85714285714286,82.3387657557397,1000897.25,3698264,990081.75,16127.0,1.692181778118207
2025-06-24,4881,4897,4802,4844,1190057,934961,4888.4,4865.2,4822.65,4915.05,-1.7977316996029913,-13.7257570853727,11.92802538576971,51.31578947368422,68.21428571428571,26.805899616927505,1027194.0,2508207,988465.4,-34196.0,-3.5284272826796914
2025-06-25,4836,4872,4832,4871,729041,922719,4882.8,4869.1,4826.55,4910.933333333333,-0.8270635764538383,-11.146018383588927,10.31895480713509,69.375,62.5,34.406697874434805,1021652.55,3237248,983675.05,-12242.0,-1.3093594278264065
2025-06-26,4853,4881,4843,4872,782071,918451,4877.2,4873.7,4832.25,4906.65,0.02262869754122221,-8.912288967362898,8.93491766490412,64.74820143884892,60.42857142857143,37.00373418364476,1024826.8,4019319,977429.65,-4268.0,-0.4625460188854902
2025-06-27,4868,4943,4867,4919,1058434,933850,4880.4,4879.7,4841.0,4903.333333333333,4.437371890014219,-6.242356795887474,10.679728685901694,67.22408026755852,62.57142857142857,73.71491977284353,1015481.25,5077753,970682.9,15399.0,1.6766272778841795
2025-06-30,4920,4956,4885,4889,792725,926073,4879.0,4882.6,4847.25,4900.166666666667,5.4524855377940185,-3.903388329151176,9.355873866945196,62.22910216718266,63.285714285714285,67.428134243336,998662.85,4285028,966479.15,-7777.0,-0.8327889918081088
2025-07-01,4885,4888,4807,4821,977340,982274,4874.4,4881.4,4851.05,4895.533333333334,0.7611644864773552,-2.97047776602547,3.731642252502825,48.50948509485095,64.85714285714286,-10.368189771612185,1017073.0,3307688,964546.45,56201.0,6.068744040696572
2025-07-02,4819,4932,4819,4930,1119421,930079,4886.2,4884.5,4855.85,4893.166666666667,5.7721105062546485,-1.2219601115694463,6.994070617824095,61.016949152542374,70.92857142857143,47.01087538607565,1008013.5,4427109,961714.25,-52195.0,-5.313690477402433
2025-07-03,4934,4940,4879,4914,943497,944269,4894.6,4885.9,4864.2,4890.583333333333,8.355933051593638,0.6936185210631706,7.662314530530468,56.043956043956044,67.85714285714286,63.831557777891696,989017.4,3483612,955944.3,14190.0,1.5256768511062058
2025-07-04,4907,4946,4895,4906,839174,949535,4892.0,4886.2,4870.0,4890.2,9.646894498207985,2.4842737164921336,7.162620781715852,54.97835497835497,66.21428571428571,65.21807551266652,975810.15,2644438,953235.55,5266.0,0.5576800678620097
2025-07-07,4905,4912,4872,4892,685070,932215,4892.6,4885.8,4873.8,4889.95,9.431586292585052,3.8737362317107173,5.557850060874335,56.57015590200445,66.35714285714286,30.107441974429523,964047.45,1959368,950276.5,-17320.0,-1.824050719562731
2025-07-08,4882,4906,4863,4894,734185,934495,4907.2,4890.8,4878.0,4890.5,9.31495922216709,4.961980829801992,4.352978392365098,49.350649350649356,63.5,20.10121862922674,949641.95,2693553,948495.05,2280.0,0.2445787720643855
2025-07-09,4891,4984,4891,4963,974935,967373,4913.8,4900.0,4884.55,4891.0,14.621704859621786,6.893925635765951,7.727779223855835,56.953642384105954,65.64285714285714,97.03922792626705,954387.0,3668488,948817.6,32878.0,3.5182638751411144
2025-07-10,4963,5063,4955,5040,1242330,932779,4939.0,4916.8,4895.25,4892.833333333333,24.75523258287285,10.466187025187331,14.289045557685519,62.99810246679317,69.64285714285714,147.9417783461431,979127.85,4910818,948382.8,-34594.0,-3.576076652955995
2025-07-11,5040,5059,4957,4980,1232340,967347,4953.8,4922.9,4901.3,4893.316666666667,27.6261704562703,13.898183711403927,13.727986744866374,57.24137931034483,72.35714285714286,103.85326753158202,972005.45,3678478,948814.15,34568.0,3.705915334714871
2025-07-14,4980,5023,4952,5010,1033615,956791,4977.4,4935.0,4908.8,4894.633333333333,31.953814995755238,17.50930996827419,14.444505027481046,64.87455197132617,70.64285714285714,87.49573962972691,963953.9,4712093,947706.6,-10556.0,-1.0912319984452301
2025-07-15,5010,5027,4952,4975,982125,959779,4993.6,4950.4,4915.9,4895.533333333334,32.18825086007291,20.445098146633935,11.743152713438977,59.18727915194346,73.14285714285714,69.85704913026923,971358.55,3729968,947594.7,2988.0,0.31229390744687
2025-07-16,4978,4978,4922,4934,819051,982527,4987.8,4950.8,4917.65,4893.883333333333,28.734452738269283,22.10296906496101,6.631483673308274,55.115511551155116,74.42857142857143,27.61325212937739,958624.75,2910917,948189.55,22748.0,2.3701289567702455
2025-07-17,4932,4964,4926,4955,777706,966325,4970.8,4954.9,4920.4,4892.6,27.376241073172423,23.15762346660329,4.218617606569133,53.10344827586208,71.71428571428571,28.551041971446587,948069.15,3688623,948201.45,-16202.0,-1.6490132077795372
2025-07-18,4955,4995,4927,4937,1000854,984418,4962.2,4958.0,4922.1,4890.8,24.564237733588016,23.438946320000237,1.125291413587778,54.22535211267606,71.5,30.67181480140721,945308.0,2687769,949770.85,18093.0,1.8723514345587722
2025-07-21,4956,5148,4949,5118,1823542,914891,4983.8,4980.6,4933.2,4893.85,36.51991331957015,26.055139719914223,10.464773599655928,71.80616740088107,80.71428571428571,115.68502664427653,986875.65,4511311,947057.55,-69527.0,-7.062751798524614
2025-07-22,5123,5284,5113,5260,1850727,865261,5040.8,5017.2,4954.0,4898.083333333333,56.798349595544096,32.2037816950402,24.594567900503897,73.10924369747899,84.85714285714286,156.7429924013972,1019909.15,6362038,943572.55,-49630.0,-5.424689935740979
2025-07-23,5260,5287,5096,5151,1806028,865052,5084.2,5036.0,4968.0,4901.133333333333,63.34358201010309,38.43174175805278,24.91184025205031,64.68401486988847,94.14285714285714,109.41268504029536,1073758.5,4556010,940689.2,-209.0,-0.02415456145602457
2025-07-24,5158,5289,5134,5238,1656375,831838,5140.8,5055.8,4986.3,4905.75,74.6899198618521,45.68337737881265,29.006542483039453,68.73589164785554,101.57142857142857,108.10975621525192,1117473.7,6212385,936358.55,-33214.0,-3.8395379699717513
2025-07-25,5240,5391,5226,5373,1863851,860317,5228.0,5095.1,5009.0,4912.15,93.49756439115026,55.24621478128017,38.25134960987009,73.88282025819265,110.5,122.57909518302002,1157744.55,8076236,932681.9,28479.0,3.4236233497387802
2025-07-28,5373,5373,5126,5149,2133221,818506,5234.2,5109.0,5022.0,4915.483333333334,89.29845324582857,62.05666247418986,27.241790771638712,60.37428803905615,125.07142857142857,70.84273948632904,1224769.35,5943015,927303.55,-41811.0,-4.859952784845589
2025-07-29,5150,5197,5123,5192,1177628,801519,5220.6,5130.7,5040.55,4919.65,88.42110459071046,67.32955089749397,21.091553693216483,59.517871986699916,123.71428571428571,49.644492056844605,1234783.75,7120643,918265.8,-16987.0,-2.0753665825296364
2025-07-30,5192,5297,5140,5159,1715304,770208,5222.2,5153.2,5052.0,4924.733333333334,84.0935966177176,70.6823600415387,13.411236576178894,55.133735979292496,127.21428571428571,54.127287666212496,1264577.9,5405339,910272.25,-31311.0,-3.9064576136061624
2025-07-31,5145,5157,5020,5041,1304135,776493,5182.8,5161.8,5058.35,4927.483333333334,70.33166191958662,70.6122204171483,-0.28055849756167106,52.506162695152014,129.85714285714286,5.459618118188949,1282609.8,4101204,901883.45,6285.0,0.8160133366571065
2025-08-01,5040,5069,5001,5015,951213,766852,5111.2,5169.6,5063.8,4930.416666666667,56.67394485501609,67.82456530472186,-11.15062044970577,50.20610057708161,129.64285714285714,-13.679467852801958,1288211.75,3149991,892749.3,-9641.0,-1.2416081020691805
2025-08-04,5019,5020,4936,4981,921641,758248,5077.6,5155.9,5068.25,4933.35,42.61534664368628,62.782721572514745,-20.167374928828465,50.24752475247525,130.28571428571428,-35.72173011154028,1300040.3,2228350,884050.95,-8604.0,-1.1219896407650976
2025-08-05,4930,5057,4930,5042,898361,711646,5047.6,5134.1,5075.65,4936.783333333334,35.98122728559247,57.422422715130296,-21.441195429537828,54.383116883116884,135.35714285714286,-27.2876085496566,1308249.1,3126711,872908.5,-46602.0,-6.146010276321201
2025-08-06,5034,5070,4995,5051,876411,674125,5026.0,5124.1,5080.05,4940.35,31.091461665598217,52.15623050522388,-21.064768839625664,53.9344262295082,138.0,-17.503542937297336,1303322.9,4003122,858246.1,-37521.0,-5.272424772991069
2025-08-07,5054,5082,5013,5046,801477,645137,5027.0,5104.9,5080.35,4941.35,26.507269665141393,47.02643833720739,-20.519168672065994,54.51532725766362,138.07142857142858,-14.548490289107294,1281280.25,3201645,843864.0,-28988.0,-4.300092712775816
2025-08-08,5046,5046,4982,4993,682355,635206,5022.6,5066.9,5081.0,4940.55,18.385668870878362,41.29828444394158,-22.91261557306322,44.20759962928637,127.57142857142857,-32.34401705581544,1253781.0,2519290,827256.95,-9931.0,-1.5393629570153333
2025-08-11,4980,5026,4973,5010,734439,589321,5028.4,5053.0,5081.0,4941.6,13.169193389663633,35.672466233086,-22.503272843422366,36.897274633123686,119.14285714285714,-34.368730082846255,1238822.2,3253729,808883.45,-45885.0,-7.223640834626877
2025-08-12,5019,5077,4997,5047,760070,531672,5029.4,5038.5,5084.6,4943.066666666667,11.883701848658347,30.914713356200473,-19.031011507542125,44.10430839002267,111.21428571428571,-19.460305597154704,1227719.45,4013799,787478.1,-57649.0,-9.782274855299578
2025-08-13,5047,5052,5015,5016,614714,478578,5022.4,5024.2,5088.7,4944.183333333333,8.268189081789387,26.38540850131826,-18.117219419528872,36.56174334140435,102.78571428571429,-27.98419459049554,1217502.6,3399085,762280.65,-53094.0,-9.98623211303209
2025-08-14,5010,5014,4956,4970,632530,412456,5007.2,5017.1,5089.45,4944.2,1.671782337584773,21.442683268571564,-19.77090093098679,22.65943012211669,95.28571428571429,-51.78175517164238,1210243.8,2766555,734587.2,-66122.0,-13.816347596421064
2025-08-15,4973,4991,4938,4954,413299,373492,4999.4,5011.0,5090.3,4944.666666666667,-4.7917475313797695,16.195797108581296,-20.987544639961065,31.56899810964083,81.42857142857143,-61.25991591483385,1180866.05,2353256,704040.9,-38964.0,-9.446825843241458
2025-08-18,5103,5119,5032,5054,819992,869274,5008.2,5018.3,5087.1,4948.0,-1.8239518728032635,12.591847312304385,-14.415799185107648,38.225255972696246,87.92857142857143,-10.180389110524178,1130688.55,3173248,701760.05,495782.0,132.7423345078342
2025-08-19,5057,5058,4991,5001,680379,923080,4999.0,5014.2,5074.15,4950.266666666666,-3.705890295595964,9.332299790724315,-13.038190086320279,36.96369636963697,81.5,-30.916117838928034,1072171.15,2492869,704651.0,53806.0,6.1897629516124875
2025-08-20,5006,5033,4951,5008,960719,943093,4997.4,5009.9,5067.0,4953.85,-4.579706549401635,6.5498985226991255,-11.12960507210076,46.666666666666664,77.42857142857143,-36.392428075095495,1029905.7,3453588,708553.05,20013.0,2.1680677731074294
2025-08-21,5000,5031,4993,5004,778935,973267,5004.2,5005.7,5055.3,4957.95,-5.531218354527482,4.133675147253804,-9.664893501781286,48.83720930232558,75.28571428571429,-26.682240103616788,986033.7,2674653,715624.5,30174.0,3.1994723744105835
2025-08-22,5000,5022,4984,5019,692733,981231,5017.2,5008.3,5037.6,4962.533333333334,-5.017089787551413,2.3035221602927605,-7.320611947844173,54.18502202643172,72.0,-25.029212724555173,927477.8,3367386,721670.2,7964.0,0.8182749440800885
2025-08-25,5019,5077,5012,5047,1088126,1008160,5015.8,5012.0,5032.5,4967.25,-2.323489459720804,1.3781198362900475,-3.7016092960108518,50.59382422802851,67.57142857142857,8.428018478489173,875223.05,4455512,731152.9,26929.0,2.7444098280629214
2025-08-26,5062,5063,4994,4999,736194,1057318,5015.4,5007.2,5022.85,4971.483333333334,-4.015700149201621,0.29935583919171393,-4.315055988393334,44.34782608695652,67.14285714285714,-9.315326394591736,853151.35,3719318,743942.85,49158.0,4.876011744167585
2025-08-27,4995,5031,4945,4949,744393,82539,5003.6,5000.5,5012.35,4973.4,-9.284347268889178,-1.6173847824244645,-7.666962486464714,40.396039603960396,68.35714285714286,-69.08802742277369,804605.8,2974925,709559.4,-974779.0,-92.19355009561929
2025-08-28,4947,4964,4914,4946,826206,1150698,4992.0,4998.1,5007.6,4976.716666666666,-13.545716410878413,-4.003051108115255,-9.542665302763158,44.83516483516484,67.35714285714286,-108.86271899764284,780709.35,2148719,728269.65,1068159.0,1294.126412968415
2025-08-29,4949,4950,4887,4907,806396,84089,4969.6,4993.4,5002.2,4978.666666666667,-19.841139910604397,-7.170668868613083,-12.670471041991314,39.20335429769392,68.07142857142857,-118.86001276879448,773468.5,1342323,694131.5,-1066609.0,-92.69234847023284
2025-09-01,4907,4911,4860,4894,767794,84108,4939.0,4977.4,4997.85,4979.966666666666,-25.58437894986946,-10.85341088486436,-14.7309680650051,33.11258278145695,66.0,-122.32426337902709,765776.15,574529,660424.5,19.0,0.022595107564593597
2025-09-02,4883,4918,4869,4888,751072,1206310,4916.8,4966.1,4990.15,4981.266666666666,-30.271140260406355,-14.73695675997276,-15.534183500433596,35.04672897196262,66.85714285714286,-99.30983712362067,758411.7,-176543,685157.7,1122202.0,1334.2393113615826
2025-09-03,4885,4941,4867,4878,853835,86311,4902.6,4953.1,4981.5,4982.033333333334,-34.39585478848676,-18.66873636567556,-15.727118422811198,38.265306122448976,67.85714285714286,-83.41894992311515,757282.9,-1030378,655767.0,-1119999.0,-92.8450398322156
2025-09-04,4874,4893,4846,4883,778213,87976,4890.0,4941.0,4973.35,4982.983333333334,-36.836632782981724,-22.302315649136794,-14.53431713384493,40.68241469816273,67.42857142857143,-89.22761545253243,756119.7,-252165,627908.95,1665.0,1.9290704545191328
2025-09-05,4880,4928,4847,4913,938342,89999,4891.2,4930.4,4969.35,4983.883333333333,-35.93597015436171,-25.029046550181782,-10.90692360417993,27.33118971061093,61.42857142857143,-63.09486917425967,768919.05,686177,600648.6,2023.0,2.2994907702100553
2025-09-08,4913,4913,4855,4890,865571,90492,4890.4,4914.7,4963.35,4984.383333333333,-36.65555390510872,-27.35434802116717,-9.301205883941549,30.2491103202847,60.785714285714285,-63.87864244477525,775475.65,-179394,575707.15,493.0,0.54778386426515
2025-09-09,4890,4892,4829,4847,758376,1292086,4882.2,4899.5,4953.35,4984.616666666667,-40.23180266817144,-29.929838950568026,-10.301963717603414,24.605678233438496,59.42857142857143,-77.71989542363453,775390.95,-937770,613727.85,1201594.0,1327.845555408213
2025-09-10,4850,4878,4818,4857,709598,1266528,4878.0,4890.3,4945.4,4983.916666666667,-41.77750409030614,-32.29937197851565,-9.478132111790487,27.244582043343655,61.0,-72.63431261801875,780135.15,-228172,653125.35,-25558.0,-1.978041709297984
2025-09-11,4852,4896,4838,4888,729601,105570,4879.0,4884.5,4941.3,4983.716666666666,-40.039492337388765,-33.84739605029028,-6.192096287098487,30.678466076696168,62.42857142857143,-50.42662303498004,784988.7,501429,637781.05,-1160958.0,-91.66461381035398
2025-09-12,4886,4886,4856,4876,643920,110711,4871.6,4881.4,4937.4,4983.266666666666,-39.178776663879944,-34.91367217300821,-4.265104490871735,23.529411764705884,60.07142857142857,-47.07391423552668,796519.75,-142491,624642.0,5141.0,4.869754665151094
2025-09-15,4883,4933,4863,4921,990616,110711,4877.8,4884.1,4930.75,4983.683333333333,-34.46820140214095,-34.82457801883476,0.35637661669380805,37.81249999999999,60.142857142857146,-19.743975539118733,805050.95,848125,586713.85,0.0,0.0
2025-09-16,4934,4994,4929,4960,1056433,110719,4900.4,4891.3,4928.7,4985.616666666667,-27.27366863123825,-33.314396141315456,6.040727510077204,51.77993527508091,59.214285714285715,26.967172576517576,823853.65,1904558,546095.8,8.0,0.007226020901263119
2025-09-17,4966,4985,4952,4973,726307,110929,4923.6,4900.8,4926.95,4987.316666666667,-20.289078356243408,-30.70933258430105,10.42025422805764,54.2319749216301,58.0,36.25679142181443,812133.05,2630865,504487.6,210.0,0.18966934311184236
2025-09-18,4975,4993,4902,4923,836805,110219,4930.6,4904.8,4922.9,4988.166666666667,-18.574210438726368,-28.282308155186115,9.708097716459747,52.42424242424242,60.0,14.247175033709155,815026.55,1794060,461335.2,-710.0,-0.6400490403771775
2025-09-19,4927,4973,4924,4950,788371,109599,4945.4,4908.5,4919.45,4988.683333333333,-14.865134885813859,-25.598873501311665,10.733738615497806,58.13953488372093,59.92857142857143,26.95734434401784,819808.45,2582431,417753.6,-620.0,-0.5625164445331565
2025-09-22,4955,4989,4918,4938,824910,1126210,4948.8,4913.3,4914.0,4989.5,-12.747025721727368,-23.028503945394807,10.281478223667438,57.142857142857146,61.5,36.48610561654152,806647.65,1757521,423656.1,1016611.0,927.573244281426
2025-09-23,4927,4935,4868,4891,848608,1124135,4935.0,4917.7,4908.6,4990.666666666667,-14.691560983806085,-21.361115353077064,6.66955436927098,51.67958656330749,61.214285714285715,-14.908764595351554,812268.35,908913,426996.95,-2075.0,-0.1842462773372633
2025-09-24,4899,4956,4869,4919,902670,1111748,4924.2,4923.9,4907.1,4990.483333333334,-13.814013841744782,-19.851695050810612,6.0376812090658305,54.390243902439025,64.07142857142857,11.913243942457175,820182.2,1811583,478457.4,-12387.0,-1.1019139160332148
2025-09-25,4920,4946,4906,4935,630324,1115593,4926.6,4928.6,4906.55,4990.833333333333,-11.692698971562095,-18.21989583496091,6.527196863398814,52.77777777777778,61.142857142857146,33.85795648634103,810388.1,2441907,476702.15,3845.0,0.3458517577724418
2025-09-26,4930,4931,4884,4897,734256,1121467,4916.0,4930.7,4906.05,4990.683333333333,-12.92878904225654,-17.161674476420036,4.232885434163496,50.851581508515814,60.642857142857146,-1.7494754635036438,806781.1,1707651,528571.05,5874.0,0.5265361112879008
2025-09-29,4894,4918,4874,4896,654589,1074361,4907.6,4928.2,4906.15,4990.75,-13.829671131349642,-16.495273807405958,2.6656026760563165,56.639566395663955,59.285714285714285,-14.035327815924715,801120.85,1053062,578083.7,-47106.0,-4.200391094878409
2025-09-30,4888,4892,4838,4839,591738,1073359,4897.2,4916.1,4903.7,4989.833333333333,-18.92489588911485,-16.98119822374774,-1.943697665367111,47.83653846153846,59.142857142857146,-66.3671091655307,793154.15,461324,571436.15,-1002.0,-0.09326474062256729
2025-10-09,4825,4825,4719,4769,708041,1144046,4867.2,4895.7,4898.25,4986.6,-28.285258353014797,-19.24201024960115,-9.043248103413646,36.92307692307693,63.57142857142857,-136.08368714758052,785864.45,-246717,624322.9,70687.0,6.585587860166076
2025-10-10,4770,4796,4725,4735,688615,1217556,4827.2,4876.9,4890.85,4981.516666666666,-38.008787253756964,-22.995365650432312,-15.013421603324652,35.22012578616352,66.35714285714286,-123.09103743890476,781384.55,-935332,680801.9,73510.0,6.425440935067295
2025-10-13,4730,4736,4694,4721,641958,1235033,4792.0,4854.0,4881.25,4977.2,-46.31059722153077,-27.658411964652004,-18.652185256878766,27.578475336322867,64.35714285714286,-120.37882552433307,766565.35,-1577290,738053.6,17477.0,1.435416522936106
2025-10-14,4717,4721,4665,4692,736644,1254279,4751.2,4829.4,4871.35,4971.9,-54.600498509997124,-33.04682927372103,-21.553669236276093,19.266055045871568,63.142857142857146,-111.5350460879358,760119.0,-2313934,796242.95,19246.0,1.5583389269760328
2025-10-15,4680,4701,4662,4677,632849,1271985,4718.8,4808.0,4862.85,4966.933333333333,-61.66978871024912,-38.77142116102665,-22.89836754922247,16.210045662100455,63.57142857142857,-100.49456731441542,753842.65,-2946783,795237.9,17706.0,1.4116476477721518
2025-10-16,4673,4697,4644,4694,685965,1268949,4703.8,4785.5,4854.7,4962.933333333333,-65.14949141745183,-44.04703521231169,-21.102456205140136,21.728395061728392,60.857142857142854,-88.04488247737092,752661.0,-2260818,795358.95,-3036.0,-0.23868205992995106
2025-10-17,4698,4729,4675,4688,759026,1212927,4694.4,4760.8,4844.7,4958.483333333334,-67.611942354235,-48.76001664069635,-18.851925713538648,15.885416666666657,61.142857142857146,-70.116015134135,754132.25,-3019844,850726.8,-56022.0,-4.414834638744347
2025-10-20,4696,4746,4696,4702,715268,1206166,4690.6,4741.3,4836.0,4954.566666666667,-67.6538974488185,-52.538792802320785,-15.115104646497713,19.430051813471508,60.214285714285715,-56.27598494463524,757699.65,-2304576,905499.55,-6761.0,-0.5574119464732852
2025-10-21,4705,4725,4670,4699,550375,1191906,4692.0,4721.6,4824.9,4947.583333333333,-67.15509990242299,-55.46205422234123,-11.69304568008176,21.929824561403507,59.142857142857146,-57.50932206300369,735687.6,-2854951,959559.3,-14260.0,-1.182258495099353
2025-10-22,4695,4734,4685,4719,535541,1194995,4700.4,4709.6,4812.85,4938.566666666667,-64.40356222473383,-57.250355822819756,-7.153206401914076,20.05988023952095,56.42857142857143,-46.25665847311446,709643.0,-2319410,1013773.1,3089.0,0.25916473278932983
2025-10-23,4718,4743,4706,4730,612627,1213041,4707.6,4705.7,4800.7,4931.55,-60.63636248039438,-57.92755715433468,-2.7088053260597036,18.84498480243161,56.214285714285715,-36.13136759460815,703959.0,-1706783,1068878.7,18046.0,1.5101318415558174
2025-10-24,4738,4749,4702,4708,653682,1227305,4711.6,4703.0,4789.95,4922.716666666666,-58.74882578633424,-58.0918108807346,-0.6570149055996382,19.80830670926518,55.92857142857143,-35.24458637525042,694802.85,-2360465,1124733.0,14264.0,1.1758877070107365
2025-10-27,4708,4757,4694,4746,832377,1211109,4720.4,4705.5,4779.75,4912.266666666666,-53.569145176614256,-57.187277739910535,3.618132563296278,28.57142857142857,57.285714285714285,-25.391364046947956,697003.15,-1528088,1179808.5,-16196.0,-1.3196393724461353
2025-10-28,4730,4748,4707,4716,655220,1248205,4723.8,4707.9,4768.65,4905.05,-51.293678657014425,-56.00855792333132,4.714879266316892,30.959752321981426,56.07142857142857,-26.085994481555172,688518.65,-2183308,1185908.25,37096.0,3.0629778161998633
2025-10-29,4710,4784,4709,4775,840023,1204377,4735.0,4717.7,4762.85,4898.1,-44.21980968972639,-53.650808276610334,9.430998586883945,50.96153846153846,52.857142857142854,-4.460317268053974,688089.4,-1343285,1189920.35,-43828.0,-3.511282201240984
2025-10-30,4775,4817,4754,4766,1045974,1161917,4742.2,4724.9,4755.2,4891.55,-38.89162392117123,-50.698971405522514,11.807347484351283,55.400696864111495,52.285714285714285,14.34294164918846,695254.6,-2389259,1192428.8,-42460.0,-3.525474166311715
2025-10-31,4762,4768,4687,4701,912449,1214725,4740.8,4726.2,4743.5,4885.883333333333,-39.45909519741872,-48.450996163901756,8.991900966483037,47.04142011834319,55.07142857142857,-20.843755136977112,709360.85,-3301708,1197385.4,52808.0,4.544902949177954
2025-11-03,4696,4702,4658,4680,766411,1236737,4727.6,4724.0,4732.65,4880.3,-41.129232576843606,-46.98664344649013,5.857410869646522,48.18181818181819,54.214285714285715,-48.85045608738403,710968.6,-4068119,1203148.9,22012.0,1.8120973882977731
2025-11-04,4680,4695,4655,4670,649206,1243783,4718.4,4721.1,4721.35,4875.116666666667,-42.76675636326672,-46.14266602984545,3.3759096665787283,48.92307692307692,54.285714285714285,-58.27616774910074,710699.45,-4717325,1211620.0,7046.0,0.569725010248745
2025-11-05,4658,4662,4622,4638,768285,1282294,4691.0,4713.0,4711.3,4868.383333333333,-46.115052704615664,-46.1371433647995,0.022090660183835098,41.76470588235294,53.92857142857143,-104.3717026346436,719526.8,-5485610,1222066.75,38511.0,3.0962796564995676
2025-11-06,4638,4646,4600,4615,546125,1345229,4660.8,4701.5,4703.6,4861.116666666667,-50.047591972571354,-46.91923308635388,-3.1283588862174767,39.77591036414566,53.357142857142854,-113.01860736160857,711431.0,-6031735,1232125.9,62935.0,4.908000817285263
2025-11-07,4631,4638,4610,4611,613757,1338957,4642.8,4691.8,4697.4,4853.866666666667,-52.87738664720746,-48.11086379852459,-4.766522848682868,36.887608069164266,51.214285714285715,-97.5602766022831,707688.1,-6645492,1238195.95,-6272.0,-0.46624032042128505
2025-11-10,4613,4625,4582,4614,711386,1343523,4629.6,4678.6,4692.05,4847.55,-54.252554706854426,-49.33920198019056,-4.913352726663867,37.7521613832853,50.357142857142854,-95.52792142837556,711159.5,-5934106,1243620.45,4566.0,0.34101169791114216
2025-11-11,4609,4613,4570,4572,602769,1407131,4610.0,4664.2,4686.05,4840.25,-58.06213019852294,-51.083787623857035,-6.978342574665902,30.08130081300814,50.0,-100.36473483286599,704465.75,-6536875,1251263.05,63608.0,4.7344183910509985
2025-11-12,4576,4598,4572,4581,499375,1397880,4598.6,4644.8,4681.25,4832.483333333334,-59.66721492620036,-52.8004730843257,-6.866741841874656,29.700272479564035,49.214285714285715,-88.26800643902592,697792.05,-6037500,1257557.8,-9251.0,-0.6574370119057815
2025-11-13,4572,4590,4560,4586,660598,1392393,4592.8,4626.8,4675.85,4825.316666666667,-59.84593128063443,-54.209564723587455,-5.636366557046976,32.57142857142857,48.0,-81.53786503465706,696523.7,-5376902,1263730.0,-5487.0,-0.3925229633444882
2025-11-14,4591,4635,4580,4608,975920,1348369,4592.2,4617.5,4671.85,4819.283333333334,-57.54896054658002,-54.87744388818597,-2.6715166583940473,29.34131736526946,47.42857142857143,-52.59982404314228,707368.4,-4400982,1270502.1,-44024.0,-3.1617510286248263
2025-11-17,4605,4613,4567,4601,800764,1355541,4589.6,4609.6,4666.8,4813.4,-55.65191554928242,-55.032338220405265,-0.6195773288771562,31.511254019292608,47.785714285714285,-57.39972081737534,711643.2,-5201746,1277970.85,7172.0,0.5319018755251648
2025-11-18,4600,4606,4515,4520,905008,1462620,4579.2,4594.6,4657.85,4804.5,-59.992955331465055,-56.024461642617226,-3.968493688847829,11.711711711711715,48.92857142857143,-81.47575725198307,729374.85,-6106754,1291506.55,107079.0,7.8993553127496785
2025-11-19,4529,4535,4479,4492,873095,1457819,4561.4,4580.0,4646.5,4796.016666666666,-64.94399270689155,-57.80836785547209,-7.135624851419458,11.079545454545453,48.42857142857143,-96.26311623877586,746252.55,-6979849,1304647.75,-4801.0,-0.32824657122150214
2025-11-20,4490,4490,4416,4456,994354,1432396,4535.4,4564.1,4632.8,4786.816666666667,-70.95470298442524,-60.437634881262724,-10.517068103162515,12.07430340557275,48.07142857142857,-105.85258511630555,765338.9,-7974203,1315615.5,-25423.0,-1.743906479473789
2025-11-21,4476,4509,4449,4456,894335,1374454,4505.0,4548.6,4620.2,4777.683333333333,-74.85534832455141,-63.321177569920465,-11.53417075463095,12.913907284768214,49.214285714285715,-83.62432820592987,777371.55,-7974203,1322972.95,-57942.0,-4.045110430355847
2025-11-24,4466,4524,4445,4496,777071,1303822,4484.0,4536.8,4607.7,4768.966666666666,-73.8674738950258,-65.43043683494153,-8.437037060084265,23.79518072289156,52.0,-66.85062088390818,774606.25,-7197132,1327608.6,-70632.0,-5.1389133430438605
2025-11-25,4496,4525,4490,4491,600685,1261508,4478.2,4528.7,4596.45,4759.7,-72.65056402693608,-66.87446227334044,-5.77610175359564,25.901639344262293,51.07142857142857,-53.92888773651801,771879.5,-7797817,1328273.75,-42314.0,-3.245381654857793
2025-11-26,4483,4501,4466,4489,583601,1227649,4477.6,4519.5,4582.15,4751.2,-71.02876211858074,-67.7053222423885,-3.3234398761922392,27.816901408450704,50.285714285714285,-58.414539510117244,759058.4,-8381418,1329437.35,-33859.0,-2.6840099309715093
2025-11-27,4484,4520,4473,4517,552049,1192419,4489.8,4512.6,4569.7,4744.0,-66.71505678162339,-67.50726915023549,0.7922123686120983,34.740259740259745,51.642857142857146,-45.88300753266286,734362.15,-7829369,1330962.45,-35230.0,-2.869712759917531
2025-11-28,4526,4562,4525,4549,723160,1118577,4508.4,4506.7,4562.1,4737.383333333333,-60.0223810129919,-66.01029152278677,5.987910509794872,40.35608308605342,51.785714285714285,-14.032983098235922,724897.7,-7106209,1326155.05,-73842.0,-6.192621888782379
2025-12-01,4550,4591,4527,4553,916061,1071518,4519.8,4501.9,4555.75,4731.483333333334,-53.77572756448626,-63.56337873112667,9.787651166640408,46.82274247491638,53.214285714285715,-1.0163348382592625,732380.2,-6190148,1317894.1,-47059.0,-4.207041625207742
2025-12-02,4566,4576,4544,4575,548981,1024038,4536.6,4507.4,4551.0,4726.166666666667,-46.513811300676025,-60.15346524503654,13.639653944360518,49.03846153846154,53.642857142857146,10.810612300096894,727368.95,-5641167,1306906.85,-47480.0,-4.4310968177856065
2025-12-03,4568,4575,4518,4541,589135,1021344,4547.0,4512.3,4546.15,4720.383333333333,-43.006454554948505,-56.72406310701894,13.717608552070438,43.40175953079179,55.57142857142857,-3.236939800787573,718411.45,-6230302,1293859.35,-2694.0,-0.26307617490757274
2025-12-04,4530,4540,4483,4500,594879,990081,4543.6,4516.7,4540.4,4714.083333333333,-43.03907870510557,-53.98706622663627,10.947987521530706,35.0,55.785714285714285,-34.689852066688225,720849.15,-6825181,1276101.95,-31263.0,-3.0609667261960682
2025-12-05,4502,4503,4413,4426,695710,997451,4519.0,4513.7,4531.15,4706.466666666666,-48.47729900844661,-52.88511278299835,4.407813774551741,29.508196721311478,58.92857142857143,-84.91380377354729,724946.8,-7520891,1259026.65,7370.0,0.7443835403365906
2025-12-08,4417,4442,4390,4431,651789,957042,4494.6,4507.2,4522.0,4698.433333333333,-51.786704670512336,-52.66543116050115,0.8787264899888143,37.321937321937334,56.142857142857146,-96.28186527767716,721966.95,-6869102,1239702.6,-40409.0,-4.051226576543609
2025-12-09,4419,4425,4356,4367,645110,919435,4453.0,4494.8,4511.75,4689.716666666666,-58.8947950932652,-53.911303947053966,-4.983491146211236,33.850129198966414,57.5,-109.0499829156426,724084.0,-7514212,1215317.8,-37607.0,-3.9295036163512154
2025-12-10,4383,4383,4311,4328,641464,881689,4410.4,4478.7,4499.1,4681.066666666667,-66.90375716130984,-56.50979458990514,-10.3939625714047,33.58974358974359,57.214285714285715,-116.26757184274132,731188.45,-8155676,1189508.25,-37746.0,-4.105347305682294
2025-12-11,4328,4340,4273,4276,694342,831217,4365.6,4454.6,4483.6,4671.383333333333,-76.56429716150069,-60.52069510422425,-16.043602057276438,29.638009049773757,57.714285714285715,-118.56013639671856,732875.65,-8850018,1161449.45,-50472.0,-5.7244674709563075
2025-12-12,4273,4295,4204,4220,772024,753514,4324.4,4421.7,4464.2,4660.25,-87.72780517120555,-65.96211711762052,-21.765688053585023,19.86899563318778,58.57142857142857,-123.4488223366628,722680.85,-9622042,1131706.7,-77703.0,-9.348100435866924
2025-12-15,4220,4343,4216,4315,845326,633606,4301.2,4397.9,4449.9,4650.9,-87.89604870962194,-70.3489034360208,-17.54714527360113,33.941605839416056,65.14285714285714,-84.616011366535,724908.95,-8776716,1095609.95,-119908.0,-15.9131748049804
2025-12-16,4321,4413,4306,4399,885273,491714,4307.6,4380.3,4443.85,4642.2,-80.32534437408412,-72.34419162363348,-7.981152750450647,42.857142857142854,70.28571428571429,-38.30988386663685,723922.2,-7891443,1047064.65,-141892.0,-22.394358639280565
2025-12-17,4400,4425,4382,4423,489344,382226,4326.6,4368.5,4440.4,4633.25,-71.563962408929,-72.1881457806926,0.6241833717635927,42.49201277955272,70.0,-16.477539730030834,704734.65,-7402099,993285.0,-109488.0,-22.26660213050676
2025-12-18,4681,4727,4670,4708,888747,918114,4413.0,4389.3,4453.0,4628.833333333333,-41.14904534325069,-65.98032569320422,24.83128034995353,59.04436860068259,88.5,111.31203914156208,699454.3,-6513352,967570.9,535888.0,140.20187009779556
2025-12-19,4708,4715,4635,4652,956664,940167,4499.4,4411.9,4462.8,4624.316666666667,-21.31799584343662,-57.0478597232507,35.72986387981408,55.316863587540276,89.64285714285714,84.08770227931545,702570.75,-7470016,945856.55,22053.0,2.4019892954469713
2025-12-22,4635,4646,4565,4591,1145480,970130,4554.6,4427.9,4467.55,4618.333333333333,-10.4040055419473,-47.71908888699002,37.31508334504272,50.82474226804124,93.57142857142857,52.64191682091059,720991.2,-8615496,929171.95,29963.0,3.186986992736407
2025-12-23,4595,4760,4595,4738,1874446,964843,4622.4,4465.0,4479.9,4615.0,9.991901452574893,-36.17689081907704,46.16879227165193,59.095106186518926,101.57142857142857,81.0656318291305,784679.25,-6741050,914338.7,-5287.0,-0.54497850803501
2025-12-24,4735,4785,4704,4781,1135087,973277,4694.0,4510.3,4494.5,4613.166666666667,29.28793227218557,-23.083926200824518,52.37185847301009,62.94930875576037,103.21428571428571,88.91569388650677,812253.55,-5605963,901620.1,8434.0,0.8741318535761877
2025-12-25,4781,4785,4688,4757,1134174,979053,4703.8,4558.4,4506.5,4610.466666666666,42.157609612083434,-10.03561903824293,52.19322865032636,65.9903381642512,103.71428571428571,75.19676086889801,841359.8,-6740137,890951.8,5776.0,0.5934590049903488
2025-12-26,4760,4834,4706,4832,1328933,994220,4739.8,4619.6,4520.65,4608.75,57.74316753237781,3.5201382758812194,54.22302925649659,68.1447963800905,109.14285714285714,80.02795696546637,871648.45,-5411204,884733.95,15167.0,1.5491500460138585
2025-12-29,4816,4853,4764,4777,1300166,969207,4777.0,4665.8,4531.85,4606.75,64.90856855218226,15.797824331141427,49.11074422104083,68.7043795620438,110.14285714285714,73.85688317137169,890853.7,-6711370,879618.4,-25013.0,-2.5158415642413168
2025-12-30,4777,4834,4748,4810,869225,946761,4791.4,4706.9,4543.6,4605.316666666667,72.415266575651,27.121312780043343,45.29395379560766,72.11009174311927,111.14285714285714,66.9667255369079,906865.9,-5842145,875754.55,-22446.0,-2.3159139378894245
2025-12-31,4801,4822,4772,4805,742345,923530,4796.2,4745.1,4556.8,4604.75,77.07247708890282,37.11154564181524,39.960931447087574,75.35953978906998,109.92857142857143,61.501203996751315,914526.4,-6584490,870863.85,-23231.0,-2.4537343637940356
