时间,开盘,最高,最低,收盘,成交量,持仓量,MA5,MA10,MA20,MA60,MACD,MACD_SIGNAL,MACD_HIST,RSI14,ATR14,CCI20,VOL_MA20,OBV,OI_MA20,OI_CHANGE,OI_CHANGE_PCT
2014-03-21,3252,3336,3230,3324,93739,26015,3324.0,3324.0,3324.0,3324.0,0.0,0.0,0.0,0.0,106.0,0.0,93739.0,0,26015.0,0.0,0.0
2014-03-24,3314,3330,3266,3330,43405,23808,3327.0,3327.0,3327.0,3327.0,0.47863247863278957,0.09572649572655792,0.3829059829062317,99.99999999666667,85.0,35.35533905932738,68572.0,43405,24911.5,-2207.0,-8.483567172784934
2014-03-25,3326,3400,3320,3378,59927,30628,3344.0,3344.0,3344.0,3344.0,4.677234762704757,1.0120281491221976,3.665206613582559,99.99999999944444,83.33333333333333,56.97311503306043,65690.33333333333,103332,26817.0,6820.0,28.645833333333325
2014-03-26,3370,3382,3354,3376,18938,30280,3352.0,3352.0,3352.0,3352.0,7.753891996519997,2.3604009186017576,5.393491077918239,96.42857142857143,69.5,45.93909093401554,54002.25,84394,27682.75,-348.0,-1.1362152278960425
2014-03-27,3368,3386,3350,3362,20115,30715,3354.0,3354.0,3354.0,3354.0,8.959205874904455,3.6801619098622975,5.279043965042158,77.14285714285714,62.8,34.036278352438785,47224.8,64279,28289.2,435.0,1.4365918097754227
2014-03-28,3376,3386,3360,3382,17145,31540,3365.6,3358.6666666666665,3358.6666666666665,3358.6666666666665,11.396882493298108,5.22350602654946,6.173376466748648,82.22222222222223,56.666666666666664,40.95126664736025,42211.5,81424,28831.0,825.0,2.685984046882628
2014-03-31,3396,3422,3382,3410,30485,32820,3381.6,3366.0,3366.0,3366.0,15.410482322600728,7.260901285759714,8.149581036841013,86.4406779661017,54.285714285714285,63.64552679320873,40536.28571428572,111909,29400.85714285714,1280.0,4.05833861762841
2014-04-01,3412,3418,3396,3414,8948,32068,3388.8,3372.0,3372.0,3372.0,18.698510880343292,9.54842320467643,9.150087675666862,86.88524590163934,50.25,58.141147366250166,36587.75,120857,29734.25,-752.0,-2.291285801340648
2014-04-02,3410,3426,3388,3390,14285,34350,3391.6,3374.0,3374.0,3374.0,19.14698327310134,11.468135218361413,7.6788480547399285,72.6027397260274,48.888888888888886,43.36807348909414,34109.666666666664,106572,30247.11111111111,2282.0,7.116128227516527
2014-04-03,3384,3414,3382,3410,10353,34205,3401.2,3377.6,3377.6,3377.6,20.8755928882465,13.34962675233843,7.525966135908071,75.90361445783132,47.2,40.45260337229954,31734.0,116925,30642.9,-145.0,-0.42212518195050563
2014-04-04,3412,3440,3402,3440,10680,35047,3412.8,3389.2,3383.2727272727275,3383.2727272727275,24.385180559505898,15.556737513771925,8.828443045733973,79.59183673469389,46.36363636363637,63.17664060827628,29820.0,127605,31043.272727272728,842.0,2.4616284168981206
2014-04-07,3450,3488,3442,3480,20143,40436,3426.8,3404.2,3391.3333333333335,3391.3333333333335,30.047846905255483,18.454959392068638,11.592887513186845,83.05084745762711,46.5,90.73814325593884,29013.583333333332,147748,31826.0,5389.0,15.376494421776465
2014-04-09,3488,3488,3444,3452,16451,40917,3434.4,3411.6,3396.0,3396.0,31.90836501767808,21.14564051719053,10.76272450048755,74.24242424242425,46.30769230769231,71.17865481529518,28047.23076923077,131297,32525.30769230769,481.0,1.1895340785438746
2014-04-10,3450,3470,3442,3446,9815,40616,3445.6,3418.6,3399.5714285714284,3399.5714285714284,32.523775333476806,23.42126748044779,9.102507853029017,72.5925925925926,45.0,57.15487733739355,26744.928571428572,121482,33103.21428571428,-301.0,-0.7356355549038351
2014-04-11,3430,3452,3430,3434,6550,38420,3450.4,3425.8,3401.866666666667,3401.866666666667,31.67802814119932,25.072619612598096,6.605408528601224,69.50354609929079,39.0,41.09578724127953,25398.6,114932,33457.666666666664,-2196.0,-5.406736261571798
2014-04-14,3432,3464,3432,3438,6321,38510,3450.0,3431.4,3404.125,3404.125,30.973490846496134,26.252793859377704,4.72069698711843,69.28571428571428,36.714285714285715,44.29812073288652,24206.25,121253,33773.4375,90.0,0.23425299323269755
2014-04-15,3442,3448,3418,3448,10362,37762,3443.6,3435.2,3406.705882352941,3406.705882352941,30.86624948059989,27.17548498362214,3.6907644969777493,64.46280991735537,33.142857142857146,36.03083958311303,23391.882352941175,131615,34008.05882352941,-748.0,-1.9423526356790455
2014-04-16,3446,3446,3410,3418,9269,34076,3436.8,3435.6,3407.3333333333335,3407.3333333333335,28.037313943437766,27.34785077558527,0.6894631678524981,57.77777777777777,33.857142857142854,21.95217871671969,22607.277777777777,122346,34011.833333333336,-3686.0,-9.761135533075581
2014-04-17,3428,3428,3410,3412,2795,33702,3430.0,3437.8,3407.5789473684213,3407.5789473684213,25.022765429212086,26.882833706310635,-1.8600682770985486,59.54198473282443,32.57142857142857,13.374452798184437,21564.526315789473,119551,33995.52631578947,-374.0,-1.0975466604061457
2014-04-18,3410,3412,3346,3354,25880,33249,3414.0,3432.2,3404.9,3404.9,17.74899932343169,25.05606682973485,-7.307067506303159,45.33333333333333,35.42857142857143,-33.7857994877276,21780.3,93671,33958.2,-453.0,-1.3441338792949953
2014-04-21,3340,3364,3340,3340,4146,32418,3394.4,3422.2,3405.7,3401.809523809524,10.731102809518688,22.19107402569162,-11.459971216172931,37.76223776223777,34.285714285714285,-67.91888932110719,17300.65,89525,34278.35,-831.0,-2.4993232879184313
2014-04-22,3340,3366,3324,3354,11979,30475,3375.6,3409.6,3406.9,3399.6363636363635,6.227268186828951,18.99831285791909,-12.771044671090138,39.86486486486487,35.714285714285715,-77.74627651213083,15729.35,101504,34611.7,-1943.0,-5.993583811462766
2014-04-23,3358,3388,3336,3380,9922,29460,3368.0,3402.4,3407.0,3398.782608695652,4.70173088202273,16.13899646273982,-11.437265580717089,48.322147651006716,36.714285714285715,-51.60063615576169,13229.1,111426,34553.3,-1015.0,-3.330598851517641
2014-04-24,3376,3396,3366,3390,6324,29043,3363.6,3396.8,3407.7,3398.4166666666665,4.250649165926006,13.761327003377056,-9.51067783745105,46.52777777777778,36.57142857142857,-31.75059612503689,12598.4,117750,34491.45,-417.0,-1.4154786150712861
2014-04-25,3398,3400,3372,3378,4283,29285,3368.4,3391.2,3408.5,3397.6,2.8915321613953893,11.587368034980724,-8.695835873585334,38.51851851851852,35.857142857142854,-34.58426051695446,11806.8,113467,34419.95,242.0,0.8332472540715452
2014-04-28,3372,3372,3334,3336,8677,28315,3367.6,3381.0,3406.2,3395.230769230769,-1.55668238245471,8.958557951493638,-10.515240333948348,23.529411764705884,35.57142857142857,-78.13732814368156,11383.4,104790,34258.7,-970.0,-3.312275909168516
2014-04-29,3334,3374,3334,3360,4368,27846,3368.8,3372.2,3403.7,3393.925925925926,-3.1094808725661096,6.544950186681689,-9.654431059247798,32.83582089552239,35.285714285714285,-60.9419486813535,10077.55,109158,34010.0,-469.0,-1.6563658838071649
2014-04-30,3370,3370,3338,3344,4974,27605,3361.6,3364.8,3400.2,3392.1428571428573,-5.5669784830793105,4.122564452729489,-9.689542935808799,31.654676258992808,35.57142857142857,-61.25852662707544,9878.85,104184,33786.85,-241.0,-0.8654743948861565
2014-05-01,3334,3362,3224,3352,5784,26863,3354.0,3358.8,3398.3,3390.7586206896553,-6.790750360455149,1.9399014900925613,-8.73065185054771,35.036496350364956,43.857142857142854,-91.63932113865866,9453.8,109968,33412.5,-742.0,-2.687918855279836
2014-05-06,3342,3364,3336,3344,2361,26490,3347.2,3357.8,3395.0,3389.2,-8.310335160559134,-0.11014584003777772,-8.200189320521357,33.093525179856115,43.57142857142857,-49.07552322880368,9054.2,107607,33026.75,-373.0,-1.3885269701820357
2014-05-07,3338,3358,3330,3332,4766,26392,3346.4,3357.0,3389.6,3387.3548387096776,-10.363453335448867,-2.1608073391199953,-8.202645996328872,29.285714285714292,43.42857142857143,-51.99217066830633,8758.5,102841,32594.0,-98.0,-0.36995092487731585
2014-05-08,3330,3338,3310,3312,6649,24822,3336.8,3352.8,3381.2,3385.0,-13.449361269218116,-4.41851812513962,-9.030843144078496,30.370370370370367,42.714285714285715,-66.92468318781262,8083.8,96192,31813.3,-1570.0,-5.948772355259169
2014-05-09,3312,3330,3302,3318,4806,24675,3331.6,3346.6,3374.5,3382.969696969697,-15.235193852436169,-6.5818532705989305,-8.653340581837238,32.592592592592595,43.42857142857143,-65.04813000902402,7501.55,100998,31001.2,-147.0,-0.5922165820642977
2014-05-12,3332,3336,3298,3336,5756,24132,3328.4,3341.2,3369.0,3381.5882352941176,-15.024832556068759,-8.270449127692896,-6.7543834283758635,46.086956521739125,41.42857142857143,-53.40423263360719,7298.6,106754,30177.0,-543.0,-2.200607902735563
2014-05-13,3336,3346,3320,3326,3347,23913,3324.8,3336.0,3363.6,3380.0,-15.486517209273643,-9.713662744009046,-5.772854465264597,46.902654867256636,41.57142857142857,-40.918372448222065,7138.45,103407,29451.65,-219.0,-0.9075087021382378
2014-05-14,3326,3330,3314,3324,3872,22508,3323.2,3334.8,3357.9,3378.4444444444443,-15.831295587604927,-10.937189312728222,-4.894106274876705,42.99065420560748,39.714285714285715,-47.91179563425855,7016.0,99535,28651.55,-1405.0,-5.875465228118593
2014-05-15,3324,3328,3298,3300,2333,22369,3320.8,3328.8,3350.5,3376.324324324324,-17.835537387293698,-12.316858927641317,-5.5186784596523815,31.132075471698116,38.142857142857146,-65.04735976259082,6614.55,97202,27881.9,-139.0,-0.6175582015283454
2014-05-16,3294,3300,3240,3272,5949,22089,3311.6,3321.6,3343.2,3373.5789473684213,-21.436176547878404,-14.140722451688735,-7.295454096189669,24.34782608695653,40.285714285714285,-112.04889780291673,6448.55,91253,27282.55,-280.0,-1.2517323081049692
2014-05-19,3262,3284,3250,3264,3701,21930,3297.2,3312.8,3335.8,3370.769230769231,-24.651079861180733,-16.242793933587137,-8.408285927593596,24.778761061946895,40.714285714285715,-109.11946349070635,6493.85,87552,26693.95,-159.0,-0.7198152926796153
2014-05-20,3260,3276,3254,3262,1613,21896,3284.4,3304.6,3331.2,3368.05,-27.048498925891636,-18.40393493204804,-8.644563993843597,30.107526881720432,39.142857142857146,-95.92889067037315,5280.5,85939,26126.3,-34.0,-0.15503875968991832
2014-05-21,3264,3284,3254,3274,2538,22028,3274.4,3298.8,3327.9,3365.756097560976,-27.661308746666236,-20.25540969497168,-7.405899051694558,25.28735632183907,38.42857142857143,-75.92958741377217,5200.1,88477,25606.8,132.0,0.6028498355864054
2014-05-22,3272,3314,3272,3280,2835,22015,3270.4,3295.6,3324.2,3363.714285714286,-27.347569332781404,-21.673841622533622,-5.673727710247782,30.487804878048777,39.142857142857146,-46.7289687768781,4742.9,91312,25183.8,-13.0,-0.059015798075179315
2014-05-23,3286,3294,3276,3282,1239,21923,3272.4,3292.0,3319.3,3361.813953488372,-26.630564728366608,-22.665186243700223,-3.9653784846663847,27.84810126582279,30.571428571428573,-48.042242728988505,4308.75,92551,24806.95,-92.0,-0.4178968884851253
2014-05-26,3288,3330,3286,3326,3263,21979,3284.8,3291.0,3316.1,3361.0,-22.25535525506939,-22.58322004597406,0.3278647909046697,45.36082474226804,32.0,-2.8306229231737077,4155.7,95814,24453.75,56.0,0.25543949277015976
2014-05-27,3332,3370,3320,3340,8607,23904,3300.4,3292.4,3314.2,3360.5333333333333,-17.457053186189114,-21.557986674017073,4.100933487827959,52.0408163265306,33.57142857142857,48.455052456579615,4371.9,104421,24184.7,1925.0,8.758360252968744
2014-05-28,3300,3342,3300,3312,3344,23700,3308.0,3291.2,3313.0,3359.478260869565,-15.732377169987558,-20.392864773211173,4.660487603223615,50.0,34.57142857142857,9.478778499069904,4105.25,101077,23953.95,-204.0,-0.8534136546184734
2014-05-29,3308,3324,3300,3308,2848,23502,3313.6,3292.0,3310.4,3358.3829787234044,-14.520937246524227,-19.218479267873786,4.697542021349559,47.524752475247524,34.285714285714285,0.9085843052248757,4029.25,98229,23736.75,-198.0,-0.8354430379746813
2014-05-30,3300,3300,3252,3264,5945,23206,3310.0,3291.2,3306.4,3356.4166666666665,-16.916294146984455,-18.75804224369592,1.8417480967114663,34.21052631578948,35.57142857142857,-63.30189811915669,4077.8,92284,23516.8,-296.0,-1.2594672793804773
2014-06-02,3256,3290,3246,3268,5747,22996,3298.4,3291.6,3302.2,3354.612244897959,-18.281131671310504,-18.66266012921884,0.3815284579083347,36.93693693693693,36.857142857142854,-63.613574989834554,4075.95,98031,23323.45,-210.0,-0.904938378005693
2014-06-04,3268,3276,3260,3262,3911,23068,3282.8,3291.6,3298.1,3352.76,-19.62074931377356,-18.854277966129786,-0.7664713476437726,36.283185840707965,36.857142857142854,-61.60315791126702,4153.45,94120,23152.35,72.0,0.3130979300747905
2014-06-05,3268,3284,3252,3270,6525,22093,3274.4,3291.2,3295.0,3351.1372549019607,-19.808532374805964,-19.045128847865023,-0.7634035269409409,42.857142857142854,37.0,-51.90146967013974,4241.4,100645,22937.4,-975.0,-4.226634298595455
2014-06-06,3276,3282,3260,3282,2606,21718,3269.2,3291.4,3293.5,3349.8076923076924,-18.77265263772506,-18.99063360583703,0.21798096811196999,52.577319587628864,34.285714285714285,-36.657164419324104,4039.25,103251,22782.2,-375.0,-1.6973702077581088
2014-06-09,3278,3282,3254,3262,5531,19969,3268.8,3289.4,3290.7,3348.1509433962265,-19.34257418117795,-19.061021720905217,-0.28155246027273506,49.51456310679612,33.857142857142854,-47.97912034614971,4075.5,97720,22546.9,-1749.0,-8.053227737360713
2014-06-10,3262,3272,3230,3268,4445,19716,3268.8,3283.6,3287.3,3346.6666666666665,-19.090033234524526,-19.06682402362908,-0.0232092108954447,51.42857142857142,35.285714285714285,-59.29277848578438,4009.95,102165,22326.1,-253.0,-1.2669637938805156
2014-06-11,3270,3278,3254,3260,2646,19698,3268.4,3275.6,3284.0,3345.090909090909,-19.312799920371617,-19.11601920297759,-0.19678071739402725,46.60194174757281,34.857142857142854,-41.52447806923195,3974.9,99519,22115.35,-18.0,-0.0912964090079127
2014-06-12,3252,3256,3230,3246,6006,19826,3263.6,3269.0,3280.1,3343.3214285714284,-20.384052452925516,-19.369625852967175,-1.014426599958341,42.05607476635514,34.0,-73.70677140675431,4081.6,93513,21981.25,128.0,0.6498121636714371
2014-06-13,3238,3258,3230,3248,6497,20335,3256.8,3263.0,3277.5,3341.6491228070176,-20.831511816573766,-19.662003045688493,-1.1695087708852725,42.05607476635514,34.714285714285715,-63.93333765556106,4289.8,100010,21879.55,509.0,2.567335821648342
2014-06-16,3250,3250,3216,3226,9355,22719,3249.6,3259.2,3275.2,3339.655172413793,-22.699675001009837,-20.269537436752763,-2.4301375642570733,23.95833333333333,33.714285714285715,-82.16171087954724,4460.1,90655,21911.05,2384.0,11.723629210720432
2014-06-17,3218,3246,3208,3238,3941,22080,3243.6,3256.2,3273.9,3337.9322033898306,-22.947384903334296,-20.80510693006907,-2.1422779732652266,23.157894736842096,32.857142857142854,-74.22775793677683,4472.1,94596,21918.55,-639.0,-2.8126237950613975
2014-06-18,3240,3276,3232,3264,9549,22596,3244.4,3256.4,3274.0,3336.7,-20.8058768791916,-20.805260919893577,-0.0006159592980239381,37.234042553191486,33.0,-27.827673214039642,4868.9,104145,21953.55,516.0,2.336956521739131
2014-06-19,3266,3280,3260,3264,8578,23735,3248.0,3255.8,3273.5,3335.7,-18.89095319213766,-20.422399374342394,1.5314461822047356,38.04347826086957,32.714285714285715,-9.420786257916014,5170.9,104145,22038.9,1139.0,5.040715170826693
2014-06-20,3270,3286,3254,3278,9546,25424,3254.0,3255.4,3273.4,3334.8333333333335,-16.058566221458022,-19.54963274376552,3.4910665223074986,54.54545454545455,31.0,-0.1143476532014415,5506.45,113691,22209.35,1689.0,7.116073309458604
2014-06-23,3282,3304,3278,3298,4371,24781,3268.4,3259.0,3274.2,3333.5,-12.061014421393338,-18.051909079291086,5.990894657897748,58.82352941176471,29.714285714285715,34.22378350440362,5663.05,118062,22352.25,-643.0,-2.5291063561988625
2014-06-24,3300,3300,3278,3282,3260,24411,3277.2,3260.4,3272.0,3331.9333333333334,-10.067935211412532,-16.455114305715377,6.387179094302844,55.55555555555556,30.142857142857142,26.468458087232037,5662.9,114802,22473.85,-370.0,-1.493079375327877
2014-06-25,3290,3292,3272,3288,3402,24609,3282.0,3263.2,3269.4,3330.7,-7.913039132807626,-14.746699271133828,6.833660138326202,55.05617977528089,29.285714285714285,33.35487731163919,5402.65,118204,22509.1,198.0,0.8111097456064975
2014-06-26,3296,3320,3288,3320,5725,22859,3293.2,3270.6,3269.8,3329.6666666666665,-3.581846602472524,-12.513728737401568,8.931882134929044,59.5959595959596,30.0,93.97391238323668,5521.7,123929,22467.05,-1750.0,-7.111219472550689
2014-06-27,3322,3328,3302,3304,2407,23033,3298.4,3276.2,3269.6,3327.9,-1.4239966530367383,-10.295782320528602,8.871785667491864,60.824742268041234,29.857142857142858,98.18356841192428,5499.65,121522,22443.6,174.0,0.7611881534625331
2014-06-30,3300,3308,3286,3286,2466,22380,3296.0,3282.2,3270.7,3325.766666666667,-1.1530430270904617,-8.467234461840974,7.314191434750512,54.36893203883495,28.428571428571427,52.8376287144258,5325.7,119056,22402.3,-653.0,-2.835062736074323
2014-07-01,3288,3296,3276,3294,1962,22230,3298.4,3287.8,3272.0,3324.1666666666665,-0.28944069306317033,-6.831675708085414,6.542235015022244,58.252427184466015,28.142857142857142,39.48793841804168,5136.45,121018,22364.0,-150.0,-0.6702412868632712
2014-07-02,3294,3312,3278,3308,3686,21623,3302.4,3292.2,3274.3,3322.4666666666667,1.507278408446382,-5.163884884779055,6.671163293225437,65.04854368932038,28.428571428571427,57.016138003876975,5125.2,124704,22291.75,-607.0,-2.730544309491678
2014-07-03,3312,3328,3306,3310,3117,21952,3300.4,3296.8,3276.3,3320.3,3.0573315118117534,-3.5196416054608934,6.576973117272647,65.04854368932038,28.0,78.50802427122203,4954.8,127821,22284.7,329.0,1.5215280025898448
2014-07-04,3308,3314,3296,3306,2936,21462,3300.8,3299.6,3277.5,3317.4,3.917830877561755,-2.032147108856364,5.949977986418119,71.27659574468085,26.857142857142858,55.27851485566947,4971.3,124885,22271.9,-490.0,-2.2321428571428603
2014-07-07,3312,3312,3284,3294,2586,20837,3302.4,3299.2,3279.1,3314.766666666667,3.5900986897299845,-0.9076979491390944,4.497796638869079,64.89361702127658,26.142857142857142,35.645328276927295,4824.05,122299,22315.3,-625.0,-2.912123753611029
2014-07-08,3294,3314,3286,3312,3235,21572,3306.0,3302.2,3281.3,3312.5333333333333,4.728313087414335,0.21950425817159147,4.508808829242744,63.33333333333333,25.0,44.689958139657826,4763.55,125534,22408.1,735.0,3.52737918126409
2014-07-09,3310,3316,3292,3298,2615,21560,3304.0,3303.2,3283.2,3310.266666666667,4.449383477766332,1.0654801020905398,3.383903375675793,58.76288659793814,25.285714285714285,37.22400879955831,4762.0,122919,22501.2,-12.0,-0.05562766549230824
2014-07-10,3302,3340,3296,3328,4854,21534,3307.6,3304.0,3287.3,3308.4333333333334,6.573306051657255,2.1670452920038827,4.406260759653373,61.904761904761905,26.142857142857142,66.23905375222182,4704.4,127773,22586.6,-26.0,-0.12059369202226389
2014-07-11,3338,3344,3320,3342,3918,22291,3314.8,3307.8,3292.0,3306.6666666666665,9.279247600413328,3.5894857536857723,5.6897618467275555,60.78431372549019,26.0,82.65081054275804,4575.45,131691,22684.4,757.0,3.515371041144233
2014-07-14,3348,3366,3342,3364,6141,22327,3328.8,3315.6,3298.9,3305.766666666667,13.048526618949381,5.481293926738495,7.567232692210887,69.52380952380952,26.142857142857142,110.76810805511057,4414.75,137832,22664.8,36.0,0.16150015701403841
2014-07-15,3362,3388,3356,3360,3870,22820,3338.4,3322.2,3305.0,3304.9,15.533875973997056,7.491810336190207,8.042065637806848,67.30769230769232,27.0,118.45601696642807,4411.2,133962,22701.8,493.0,2.2080888610202853
2014-07-16,3358,3362,3344,3344,2535,22025,3347.6,3325.8,3309.0,3304.733333333333,16.02770950317654,9.198990169587475,6.8287193335890635,56.25,26.0,78.00673209975913,4060.5,131427,22673.25,-795.0,-3.483786152497814
2014-07-17,3300,3350,3300,3328,3091,20861,3347.6,3327.6,3312.2,3304.5333333333333,14.95561087785336,10.350314311240652,4.605296566612708,56.25,27.714285714285715,29.573688504295227,3786.15,128336,22529.55,-1164.0,-5.2849035187287114
2014-07-18,3328,3328,3270,3276,6494,19338,3334.4,3324.6,3312.1,3303.233333333333,9.79706510726919,10.23966447044636,-0.44259936317716964,47.78761061946903,30.285714285714285,-42.40138467953294,3633.55,121842,22225.25,-1523.0,-7.300704664205937
2014-07-21,3266,3328,3266,3284,2207,19231,3318.4,3323.6,3311.4,3301.633333333333,6.281998590632156,9.44813129448352,-3.166132703851364,47.78761061946903,33.285714285714285,-39.53927321023995,3525.35,124049,21947.75,-107.0,-0.5533147171372432
2014-07-22,3270,3302,3270,3286,2070,18817,3303.6,3321.0,3311.6,3299.9,3.615983529555706,8.281701741497958,-4.665718211942252,44.859813084112155,33.142857142857146,-53.11892831879188,3465.85,126119,21668.05,-414.0,-2.152774166710003
2014-07-23,3284,3290,3276,3278,1808,18936,3290.4,3319.0,3311.1,3298.233333333333,0.8478408631331149,6.79492956582499,-5.947088702691875,42.72727272727273,32.57142857142857,-62.01356882794654,3386.15,124311,21384.4,119.0,0.6324068661316851
2014-07-24,3280,3294,3278,3288,1389,18962,3282.4,3315.0,3309.5,3297.4333333333334,-0.532873087632197,5.329369035133554,-5.862242122765751,46.01769911504425,32.42857142857143,-47.57987216042169,3169.35,125700,21189.55,26.0,0.13730460498522223
2014-07-25,3286,3306,3284,3294,2269,18488,3286.0,3310.2,3309.0,3296.3333333333335,-1.129923925552248,4.0375104429963935,-5.1674343685486415,50.0,32.0,-29.700707080899747,3162.45,127969,20962.3,-474.0,-2.499736314734735
2014-07-28,3288,3310,3282,3300,3548,17358,3289.2,3303.8,3309.7,3295.6,-1.1061896940018414,3.0087704155967465,-4.114960109598588,47.11538461538462,32.0,-24.956904026028884,3216.55,131517,20711.2,-1130.0,-6.112072695802684
2014-07-29,3302,3328,3302,3320,3512,16358,3296.0,3299.8,3311.0,3295.0666666666666,0.5204532474576808,2.5111069819689336,-1.9906537345112527,55.14018691588786,32.285714285714285,10.763943957444576,3294.05,135029,20417.6,-1000.0,-5.761032377001962
2014-07-30,3318,3318,3288,3300,1476,16057,3300.4,3295.4,3310.6,3294.3333333333335,0.19351591387248845,2.0475887683496445,-1.854072854477156,43.13725490196078,31.428571428571427,-19.153068711261376,3183.55,133553,20139.3,-301.0,-1.8400782491747147
2014-07-31,3304,3310,3276,3290,1943,15303,3300.8,3291.6,3309.6,3293.633333333333,-0.8625576769863983,1.465559479282436,-2.328117156268834,37.00000000000001,32.142857142857146,-36.55584171691793,3124.85,131610,19806.85,-754.0,-4.69577131469141
2014-08-01,3290,3294,3268,3282,3704,15967,3298.4,3292.2,3308.4,3293.133333333333,-2.3183126820522375,0.7087850470155014,-3.027097729067739,27.956989247311824,32.285714285714285,-53.691294232856094,3163.25,127906,19532.1,664.0,4.339018493105917
2014-08-04,3280,3300,3276,3290,2948,15063,3296.4,3292.8,3308.2,3292.6666666666665,-2.794265319274018,0.00817497375759757,-2.8024402930316157,31.578947368421055,31.714285714285715,-38.36550816003252,3181.35,130854,19243.4,-904.0,-5.661677209244065
2014-08-05,3280,3384,3280,3310,5636,13430,3294.4,3295.2,3308.1,3292.233333333333,-1.5398776097558766,-0.3014355429450973,-1.2384420668107794,41.23711340206185,37.857142857142854,28.259793661187192,3301.4,136490,18836.3,-1633.0,-10.841133904268741
2014-08-06,3320,3340,3304,3334,4658,12114,3301.2,3300.8,3309.9,3292.366666666667,1.3749831610607544,0.03384819785607304,1.3411349632046814,51.485148514851495,36.857142857142854,28.326232950533246,3403.55,141148,18364.0,-1316.0,-9.798957557706622
2014-08-07,3340,3350,3330,3340,2128,11635,3311.2,3306.0,3310.5,3292.633333333333,4.121669142058636,0.8514123866965856,3.27025675536205,70.51282051282051,34.142857142857146,51.58075812305668,3267.25,143276,17869.05,-479.0,-3.9541026911012023
2014-08-08,3330,3350,3308,3320,5152,9800,3318.8,3308.6,3309.4,3292.9666666666667,4.631218909027666,1.6073736911628016,3.0238452178648645,60.714285714285715,32.714285714285715,27.081620063896878,3328.95,138124,17244.5,-1835.0,-15.7713794585303
2014-08-11,3332,3342,3310,3314,1541,9118,3323.6,3310.0,3306.9,3293.6666666666665,4.499028909826848,2.185704734895611,2.3133241749312368,58.13953488372093,32.714285714285715,24.86651824830837,3098.95,136583,16584.05,-682.0,-6.959183673469383
2014-08-12,3308,3356,3302,3324,1597,8645,3326.4,3310.4,3305.1,3294.6666666666665,5.141911059628455,2.77694599984218,2.3649650597862752,63.2183908045977,35.57142857142857,46.538151473618974,2985.3,138180,15875.3,-473.0,-5.187541127440232
2014-08-13,3326,3342,3308,3310,1671,8279,3321.6,3311.4,3303.4,3295.4666666666667,4.4701872617847584,3.115594252230696,1.3545930095540624,56.17977528089887,36.857142857142854,36.58325978260816,2942.1,136509,15188.0,-366.0,-4.233661075766337
2014-08-14,3310,3310,3272,3278,2605,8009,3309.2,3310.2,3300.9,3295.5333333333333,1.3402590753062213,2.760527216845801,-1.4202681415395797,46.07843137254902,38.0,-46.48691440219428,2917.8,133904,14545.4,-270.0,-3.2612634376132377
2014-08-15,3270,3320,3218,3298,2380,7796,3304.8,3311.8,3302.0,3295.8333333333335,0.4682041249275244,2.302062598462146,-1.8338584735346215,49.54128440366973,43.285714285714285,-63.83039532393096,2712.1,136284,13968.3,-213.0,-2.659508053439885
2014-08-18,3302,3320,3268,3278,1567,7377,3297.6,3310.6,3301.7,3295.766666666667,-1.8158070655390475,1.4784886656619072,-3.294295731200955,40.366972477064216,45.0,-37.38406597813997,2680.1,134717,13375.6,-419.0,-5.374551051821452
2014-08-19,3274,3298,3274,3290,744,7163,3290.8,3308.6,3301.9,3295.1666666666665,-2.6273166071805463,0.6573276110934165,-3.2846442182739626,47.61904761904762,44.42857142857143,-41.07784247468405,2613.8,135461,12792.9,-214.0,-2.900908228277077
2014-08-20,3280,3300,3268,3268,1544,6425,3282.4,3302.0,3301.4,3293.9666666666667,-4.9881595061051485,-0.47176981234629645,-4.516389693758852,45.04504504504504,44.285714285714285,-62.36338181463514,2600.6,133917,12167.35,-738.0,-10.302945693145327
2014-08-21,3270,3280,3254,3274,941,6000,3281.6,3295.4,3300.7,3293.3333333333335,-6.302345144795254,-1.637884878836088,-4.664460265959166,48.18181818181818,44.285714285714285,-79.33410957126753,2578.2,134858,11519.25,-425.0,-6.6147859922178975
2014-08-22,3308,3308,3212,3212,1651,6244,3264.4,3284.6,3296.6,3291.733333333333,-12.206025116477576,-3.751512926364386,-8.45451219011319,35.76642335766424,49.42857142857143,-113.66748576953066,2547.3,133207,10907.05,244.0,4.066666666666663
2014-08-25,3208,3308,3180,3190,1822,6141,3246.8,3272.2,3291.1,3290.5,-18.44730116133951,-6.690670573359411,-11.756630587980098,28.26086956521739,51.142857142857146,-118.66906324636416,2461.0,131385,10346.2,-103.0,-1.6495836002562436
2014-08-26,3196,3214,3164,3176,1551,6449,3224.0,3257.4,3283.9,3288.9666666666667,-24.243773263025105,-10.201291111292552,-14.042482151732553,20.30075187969925,52.142857142857146,-137.18115341978395,2362.95,129834,9850.75,308.0,5.015469793193295
2014-08-27,3184,3220,3156,3170,2252,5616,3204.4,3243.4,3277.4,3287.4333333333334,-28.987518946533783,-13.9585366783408,-15.028982268192983,18.045112781954884,55.285714285714285,-112.85525742484994,2401.75,127582,9328.7,-833.0,-12.916731276166848
2014-08-28,3180,3180,3124,3132,1616,5226,3176.0,3228.8,3269.5,3285.133333333333,-35.4051257476126,-18.24785449219516,-17.15727125541744,16.901408450704224,56.285714285714285,-120.06534615604728,2385.4,125966,8824.85,-390.0,-6.944444444444442
2014-08-29,3126,3170,3126,3164,1394,4674,3166.4,3215.4,3263.6,3283.1666666666665,-37.476981494924075,-22.093679892740944,-15.383301602183131,25.80645161290323,57.142857142857146,-95.48704913537793,2269.9,127360,8260.2,-552.0,-10.562571756601603
2014-09-01,3122,3170,3100,3110,4135,7514,3150.4,3198.6,3254.6,3280.633333333333,-42.98083449928572,-26.271110814049898,-16.709723685235822,19.774011299435017,58.285714285714285,-98.36216922584988,2329.25,123225,7882.75,2840.0,60.761660248181435
2014-09-02,3100,3126,3086,3098,4794,8553,3134.8,3179.4,3244.0,3277.8,-47.760424921514186,-30.568973635542758,-17.19145128597143,19.88636363636364,58.714285714285715,-97.58088723771431,2287.15,118431,7638.9,1039.0,13.827521959009847
2014-09-03,3086,3092,3052,3072,6663,12298,3115.2,3159.8,3230.9,3274.6666666666665,-53.03491399965378,-35.06216170836496,-17.97275229128882,20.23121387283237,59.285714285714285,-99.80204269750571,2387.4,111768,7648.1,3745.0,43.78580614988892
2014-09-04,3070,3070,3036,3036,4065,13702,3096.0,3136.0,3215.7,3271.1666666666665,-59.434756850052054,-39.936680736702385,-19.49807611334967,13.812154696132609,54.57142857142857,-98.04483284031936,2484.25,107703,7751.45,1404.0,11.416490486257924
2014-09-05,3050,3050,3026,3032,3380,13694,3069.6,3118.0,3201.3,3267.5666666666666,-64.09064789409513,-44.76747416818094,-19.323173725914188,14.450867052023114,52.57142857142857,-90.44483747072218,2395.65,104323,7946.15,-8.0,-0.0583856371332625
2014-09-09,3030,3032,2952,2956,7039,17143,3038.8,3094.6,3183.4,3263.0666666666666,-73.07072608650424,-50.4281245518456,-22.64260153465864,9.268292682926827,56.57142857142857,-101.36265348935166,2670.55,97284,8347.4,3449.0,25.186212939973718
2014-09-10,2950,3008,2908,2976,7876,16605,3014.4,3074.6,3166.0,3258.7,-77.67824346133739,-55.87814833374396,-21.80009512759343,14.215686274509807,61.42857142857143,-94.38009655872462,2984.5,105160,8745.4,-538.0,-3.138307180773492
2014-09-11,2972,2976,2922,2938,6567,18143,2987.6,3051.4,3147.4,3253.266666666667,-83.43423863009457,-61.389366393014086,-22.044872237080483,11.818181818181813,63.42857142857143,-89.91056568874832,3229.3,98593,9238.6,1538.0,9.262270400481775
2014-09-12,2942,2972,2926,2968,4638,18363,2974.0,3035.0,3131.9,3248.3333333333335,-84.59994152721083,-66.03148141985343,-18.568460107357396,20.09803921568627,59.857142857142854,-76.05001819309133,3330.95,103231,9756.3,220.0,1.2125888772529292
2014-09-15,2958,3000,2958,2996,5009,18737,2966.8,3018.2,3116.8,3243.633333333333,-82.31552138646475,-69.2882894131757,-13.027231973289048,26.570048309178745,53.714285714285715,-57.79566162010799,3462.4,108240,10303.35,374.0,2.036704242226217
2014-09-16,3000,3010,2948,2950,7421,19029,2965.6,3002.2,3100.4,3237.8333333333335,-83.25718057663289,-72.08206764586714,-11.17511293076575,24.663677130044846,54.57142857142857,-58.44129652048368,3755.1,100819,10885.95,292.0,1.558413833591299
2014-09-17,2980,2986,2944,2962,5311,19648,2962.8,2988.6,3084.0,3232.5,-82.0888830125009,-74.0834307191939,-8.005452293307002,26.991150442477874,53.0,-55.65280136472795,3983.45,106130,11510.2,619.0,3.2529297388196987
2014-09-18,2960,2970,2930,2934,6317,19394,2962.0,2974.8,3067.3,3226.6,-82.47168255043198,-75.76108108544152,-6.710601464990461,27.601809954751133,51.857142857142854,-59.096241859557644,4222.1,99813,12158.65,-254.0,-1.2927524429967474
2014-09-19,2914,2932,2872,2882,9124,16870,2944.8,2959.4,3047.7,3219.3,-85.97989663228145,-77.8048441948095,-8.175052437471948,19.480519480519476,53.142857142857146,-75.07703758885698,4631.25,90689,12702.15,-2524.0,-13.014334330205212
2014-09-22,2882,2932,2790,2792,11134,15162,2904.0,2935.4,3026.7,3210.766666666667,-94.92815670629716,-81.22950669710704,-13.698650009190118,18.07228915662651,58.285714285714285,-91.51311078549665,5105.4,79555,13148.05,-1708.0,-10.124481327800828
2014-09-23,2790,2850,2786,2808,7975,14665,2875.6,2920.6,3007.6,3202.8,-99.58074614655106,-84.89975458699584,-14.680991559555224,21.115537848605584,60.0,-91.90325364143882,5413.05,87530,13574.25,-497.0,-3.277931671283474
2014-09-24,2818,2844,2816,2832,6389,15718,2849.6,2906.2,2990.4,3195.1,-100.17658407100635,-87.95512048379794,-12.221463587208405,26.0,59.285714285714285,-76.6123366347219,5654.95,93919,14037.7,1053.0,7.180361404705082
2014-09-25,2834,2834,2786,2790,10714,16459,2820.8,2891.4,2971.4,3186.4666666666667,-102.85222251243385,-90.93454088952512,-11.91768162290873,25.69169960474308,60.142857142857146,-81.08702278937098,6078.05,83205,14579.85,741.0,4.7143402468507345
2014-09-26,2790,2864,2780,2836,7887,16183,2811.6,2878.2,2956.6,3178.5666666666666,-100.10689966725613,-92.76901264507133,-7.337887022184802,32.11678832116789,64.42857142857143,-64.3559408028226,6391.6,91092,15127.7,-276.0,-1.6768941004921323
2014-09-29,2850,2864,2780,2800,6281,15324,2813.2,2858.6,2938.4,3170.133333333333,-99.68698120260433,-94.15260635657793,-5.534374846026395,34.64566929133858,64.71428571428571,-65.1912246046466,6635.95,84811,15660.2,-859.0,-5.308039300500522
2014-09-30,2802,2828,2802,2816,2282,15147,2814.8,2845.2,2923.7,3162.1666666666665,-96.94559800434308,-94.71120468613097,-2.2343933182121134,34.12698412698413,59.57142857142857,-60.44159350553415,6543.3,87093,16041.85,-177.0,-1.1550509005481602
2014-10-01,2802,2828,2802,2816,2282,15147,2811.6,2830.6,2909.6,3153.9,-93.69299751562767,-94.50756325203031,0.814565736402642,36.90987124463519,57.57142857142857,-56.41396268278758,6417.7,87093,16371.55,0.0,0.0
2014-10-02,2802,2828,2802,2816,2282,15147,2816.8,2818.8,2896.8,3145.866666666667,-90.07693733198266,-93.62143806802078,3.544500736038117,32.568807339449535,56.142857142857146,-52.358058512497614,6198.65,87093,16514.0,0.0,0.0
2014-10-03,2802,2828,2802,2816,2282,15147,2812.8,2812.2,2885.8,3137.3333333333335,-86.21732394215314,-92.14061524284726,5.9232913006941175,27.941176470588232,55.0,-48.39927718274975,6109.5,87093,16586.25,0.0,0.0
2014-10-06,2802,2828,2802,2816,2282,15147,2816.0,2814.6,2875.0,3128.5666666666666,-82.2108767114646,-90.15466753657074,7.943790825106134,31.491712707182316,52.42857142857143,-44.872520376734,6054.6,87093,16658.9,0.0,0.0
2014-10-08,2828,2854,2754,2772,4715,15894,2807.2,2811.0,2865.8,3118.7,-81.64501775053805,-88.45273757936421,6.8077198288261656,25.88832487309645,56.57142857142857,-54.747507474785856,5938.4,82378,16596.45,747.0,4.931669637551983
2014-10-09,2782,2816,2754,2810,9647,17270,2806.0,2808.8,2857.5,3109.5333333333333,-77.23991437373752,-86.21017293823888,8.970258564501364,34.65346534653466,58.142857142857146,-49.80355662519768,6026.95,92025,16629.7,1376.0,8.657354976720777
2014-10-10,2810,2860,2790,2840,11949,18115,2810.8,2813.8,2852.6,3101.133333333333,-70.51523321671402,-83.07118499393391,12.555951777219889,44.502617801047116,58.714285714285715,-19.967369445817432,6296.05,103974,16628.3,845.0,4.8928778228141345
2014-10-13,2840,2942,2840,2920,14405,18437,2831.6,2822.2,2850.2,3094.3333333333335,-58.061249595494246,-78.06919791424599,20.007948318751744,67.20430107526883,55.857142857142854,36.60453842002954,6784.4,118379,16632.0,322.0,1.7775324316864571
2014-10-14,2934,2934,2886,2894,5189,18373,2847.2,2831.6,2845.1,3087.9666666666667,-49.71626243248102,-72.398610817893,22.682348385411984,61.2565445026178,54.714285714285715,47.70430171231835,6793.4,113190,16613.8,-64.0,-0.3471280577100444
2014-10-15,2890,2910,2880,2902,4676,18240,2873.2,2840.2,2842.7,3081.6,-41.97342334542009,-66.31357332339842,24.340149977978328,59.56284153005464,54.285714285714285,49.585350380841575,6656.15,117866,16574.35,-133.0,-0.7238883143743546
2014-10-16,2850,2888,2834,2868,7698,18491,2884.8,2845.4,2838.0,3074.633333333333,-38.14101752683473,-60.679062164085686,22.538044637250955,60.893854748603346,55.714285714285715,25.208677830747742,6775.5,110168,16516.5,251.0,1.3760964912280738
2014-10-17,2878,2882,2848,2860,5182,17807,2888.8,2849.8,2834.3,3067.6666666666665,-35.3419415433068,-55.611638039929915,20.269696496623112,53.75,52.142857142857146,35.49692754118804,6718.75,104986,16437.15,-684.0,-3.6990968579308836
2014-10-20,2882,2906,2860,2896,6212,18206,2884.0,2857.8,2835.0,3061.133333333333,-29.87438125372455,-50.46418668268885,20.589805428964297,65.0,49.42857142857143,69.96517568838777,6573.15,111198,16503.95,399.0,2.240691862750599
2014-10-21,2900,2912,2874,2874,3486,18991,2880.0,2863.6,2839.1,3054.133333333333,-27.00521713791204,-45.772392773733486,18.767175635821445,58.89570552147239,50.142857142857146,62.73715607875865,6190.75,107712,16695.4,785.0,4.311765352081731
2014-10-22,2872,2886,2844,2866,5526,17923,2872.8,2873.0,2842.0,3046.9,-25.087721410276572,-41.63545850104211,16.547737090765537,57.48502994011976,51.285714285714285,31.1385212748558,6068.3,102186,16858.3,-1068.0,-5.623716497288189
2014-10-23,2862,2862,2832,2834,5784,17583,2866.0,2875.4,2842.1,3038.8,-25.852216536371543,-38.478810108108,12.626593571736457,52.459016393442624,51.857142857142854,0.2660367789936707,6038.05,96402,16951.55,-340.0,-1.897003849801926
2014-10-24,2848,2870,2834,2858,4682,16943,2865.6,2877.2,2845.5,3031.4333333333334,-24.24203788546174,-35.63145566357875,11.389417778117007,55.38461538461538,52.57142857142857,12.327326497128329,5736.45,101084,16975.75,-640.0,-3.6398794289939196
2014-10-27,2868,2878,2850,2862,2890,17026,2858.8,2871.4,2846.8,3024.3,-22.38515104631051,-32.9821947401251,10.59704369381459,55.83756345177665,52.714285714285715,22.630160602951914,5486.6,103974,17017.9,83.0,0.4898778256507086
2014-10-28,2862,2866,2842,2844,4722,17727,2852.8,2866.4,2849.0,3017.0,-22.111121174652453,-30.807980027030574,8.69685885237812,59.78260869565217,47.285714285714285,2.850671729887329,5408.65,99252,17138.05,701.0,4.1172324679901395
2014-10-29,2848,2860,2840,2860,5263,18315,2851.6,2862.2,2851.2,3009.8333333333335,-20.368093541021153,-28.720002729828693,8.35190918880754,57.22543352601156,44.285714285714285,4.023173458628029,5557.7,104515,17296.45,588.0,3.3169741072939685
2014-10-30,2866,2872,2820,2852,5157,17879,2855.2,2860.6,2853.0,3002.2,-19.408535212210154,-26.857709226304987,7.449174014094833,51.85185185185185,43.0,-6.161536005497388,5701.45,99358,17433.05,-436.0,-2.380562380562379
2014-10-31,2852,2870,2842,2856,4070,17774,2854.8,2860.2,2855.0,2994.233333333333,-18.116476291208073,-25.109462639285606,6.992986348077533,37.09677419354839,37.714285714285715,2.753617555460202,5790.85,103428,17564.4,-105.0,-0.5872811678505507
2014-11-03,2844,2870,2830,2830,3794,17772,2848.4,2853.6,2855.7,2985.733333333333,-18.971797919582514,-23.88192969534499,4.910131775762476,37.09677419354839,37.142857142857146,-19.464450618204822,5866.45,99634,17695.65,-2.0,-0.01125239113312082
2014-11-04,2830,2850,2822,2836,3400,17721,2846.8,2849.8,2856.7,2977.6666666666665,-18.947086398570264,-22.894961035990043,3.9478746374197797,36.585365853658544,37.0,-33.89049421805507,5922.35,103034,17824.35,-51.0,-0.2869682646860272
2014-11-05,2830,2842,2826,2828,3091,17601,2840.4,2846.0,2859.5,2969.5666666666666,-19.349980945941297,-22.185965017980294,2.835984072038997,40.90909090909091,33.285714285714285,-48.70629897323842,5841.15,99943,17909.7,-120.0,-0.677162688335875
2014-11-06,2828,2844,2826,2832,1899,17604,2836.4,2845.8,2860.6,2961.366666666667,-19.12603814464046,-21.573979643312327,2.4479414986718666,43.518518518518526,32.142857142857146,-56.85508513166649,5453.75,101842,17926.4,3.0,0.017044486108752643
2014-11-07,2836,2848,2832,2836,2488,16840,2832.4,2843.6,2860.4,2953.4666666666667,-18.413535515192052,-20.94189081768827,2.5283553024962195,33.69565217391305,30.0,-48.89834992060008,4980.7,104330,17862.65,-764.0,-4.339922744830716
2014-11-10,2850,2886,2850,2874,3945,17572,2841.2,2844.8,2858.1,2946.733333333333,-14.614127067445224,-19.676338067639662,5.062211000194438,50.0,30.857142857142858,24.967574564890636,4457.7,108275,17819.4,732.0,4.346793349168654
2014-11-11,2872,2880,2850,2868,2319,17692,2847.6,2847.2,2856.8,2939.5666666666666,-11.949472277131918,-18.130964909538115,6.181492632406197,50.5050505050505,30.0,23.10491887610545,4314.2,105956,17785.35,120.0,0.6829046209879452
2014-11-12,2872,2898,2868,2888,6540,18700,2859.6,2850.0,2856.1,2933.0666666666666,-8.130161859910459,-16.130804299612585,8.000642439702126,64.51612903225806,29.714285714285715,81.70082724806197,4407.4,112496,17808.35,1008.0,5.697490391137228
2014-11-13,2880,2880,2850,2870,2544,18074,2867.2,2851.8,2856.2,2926.0666666666666,-6.481070657131113,-14.200857571116291,7.719786913985178,53.33333333333333,29.857142857142858,28.04682271944777,4149.7,109952,17787.5,-626.0,-3.347593582887698
2014-11-14,2860,2878,2842,2876,2929,17721,2875.2,2853.8,2857.0,2919.5333333333333,-4.6365568013106895,-12.287997417155172,7.651440615844482,53.846153846153854,30.428571428571427,23.78293926766543,4037.05,112881,17783.2,-353.0,-1.9530817749253027
2014-11-17,2878,2890,2870,2872,1695,17585,2874.8,2858.0,2855.8,2912.8333333333335,-3.4576749279326577,-10.52193291931067,7.064257991378012,58.33333333333333,30.142857142857142,63.29604892724434,3811.2,111186,17752.15,-136.0,-0.7674510467806539
2014-11-18,2872,2872,2856,2862,5240,18365,2873.6,2860.6,2855.2,2907.0,-3.2923666234005395,-9.076019660128644,5.783653036728104,50.617283950617285,29.857142857142858,26.336954839359777,3898.9,105946,17720.85,780.0,4.4355985214671545
2014-11-19,2856,2876,2852,2860,2370,18008,2868.0,2863.8,2854.9,2901.5,-3.2848758819759496,-7.917790904498106,4.632915022522156,52.56410256410256,27.857142857142858,24.67125688159962,3741.1,103576,17725.1,-357.0,-1.9439150558126839
2014-11-20,2860,2886,2860,2884,3006,18533,2870.8,2869.0,2857.4,2896.633333333333,-1.327042669954153,-6.599641257589316,5.272598587635163,57.954545454545446,27.714285714285715,64.63424298616835,3602.2,106582,17772.6,525.0,2.915370946246121
2014-11-21,2880,2920,2880,2884,3800,17766,2872.4,2873.8,2858.7,2891.866666666667,0.22199523313884129,-5.235313959443685,5.457309192582526,68.0,27.714285714285715,102.82796491478223,3558.1,106582,17813.75,-767.0,-4.138563643230997
2014-11-24,2896,2918,2872,2884,2686,17101,2874.8,2874.8,2859.8,2887.733333333333,1.4330990576918339,-3.901631356016581,5.3347304137084155,66.66666666666666,29.0,82.30353698712335,3547.9,106582,17817.5,-665.0,-3.743104806934594
2014-11-25,2880,2896,2860,2888,1649,16823,2880.0,2876.8,2862.0,2883.133333333333,2.68472628139898,-2.5843598285334695,5.2690861099324495,71.42857142857143,30.428571428571427,50.40371282547142,3394.25,108231,17772.3,-278.0,-1.6256359277235233
2014-11-26,2886,2894,2876,2886,1375,16521,2885.2,2876.6,2863.3,2879.4,3.4752065702705295,-1.3724465487726696,4.8476531190431995,69.56521739130434,30.428571428571427,55.06435194312653,3199.85,106856,17682.6,-302.0,-1.7951613861974636
2014-11-27,2888,2988,2888,2980,4748,16234,2904.4,2887.6,2869.7,2877.4333333333334,11.55350073881391,1.212742908744646,10.340757830069263,81.57894736842105,36.57142857142857,151.14096757347147,3179.4,111604,17600.35,-287.0,-1.7371829792385496
2014-11-28,2878,2976,2878,2960,4589,14520,2919.6,2896.0,2874.9,2875.5666666666666,16.155543170135843,4.201302961022885,11.954240209112957,70.47619047619048,40.285714285714285,103.79149623932939,3205.35,107015,17437.65,-1714.0,-10.558087963533325
2014-12-01,2942,3012,2910,2986,3127,13899,2940.0,2907.4,2882.7,2874.733333333333,21.651097289603058,7.691261826738921,13.959835462864138,75.65217391304348,45.42857142857143,121.12632594155306,3172.0,110142,17244.0,-621.0,-4.2768595041322355
2014-12-02,3002,3018,2980,2984,2964,12418,2959.2,2919.6,2890.1,2873.9333333333334,25.550450547993933,11.263099570989922,14.28735097700401,72.64150943396226,46.0,122.19714508509568,3150.2,107178,16978.85,-1481.0,-10.655442837614215
2014-12-03,2980,2996,2944,2992,4775,10670,2980.4,2932.8,2898.3,2874.5333333333333,28.952502809719135,14.800980218735766,14.151522590983369,80.1980198019802,47.0,89.95987017770095,3234.4,111953,16632.3,-1748.0,-14.076340795619258
2014-12-04,2988,3016,2962,2976,4274,8622,2979.6,2942.0,2905.5,2874.5333333333333,30.011632042583642,17.843110583505343,12.168521459078299,73.58490566037736,48.285714285714285,86.22862528064503,3353.15,107679,16183.2,-2048.0,-19.194001874414248
2014-12-05,2986,3006,2960,3006,1222,8444,2988.8,2954.2,2914.0,2875.6666666666665,32.89258364049647,20.85300519490357,12.039578445592898,78.15126050420167,50.142857142857146,82.05782562146007,3289.85,108901,15763.4,-178.0,-2.0644861980978924
2014-12-08,2992,3010,2982,2998,895,8108,2991.2,2965.6,2920.2,2876.1666666666665,34.13671855463963,23.509747866850784,10.626970687788845,78.8135593220339,51.0,77.47931331771379,3137.35,108006,15290.2,-336.0,-3.979156797726191
2014-12-09,2990,3010,2980,2980,1354,7718,2990.4,2974.8,2925.8,2875.9,33.28654826167849,25.465107945816325,7.821440315862166,73.80952380952381,51.42857142857143,63.772112648726065,3089.1,106652,14791.5,-390.0,-4.810064134188452
2014-12-10,2986,2996,2972,2996,454,7515,2991.2,2985.8,2931.2,2876.6666666666665,33.51747981834251,27.075582320321562,6.441897498020946,72.95081967213115,51.285714285714285,55.807149626516576,2784.8,107106,14232.25,-203.0,-2.630215081627363
2014-12-11,2986,3008,2980,3004,283,7398,2996.8,2988.2,2937.9,2877.366666666667,33.95462015683006,28.451389887623264,5.503230269206796,73.80952380952381,50.42857142857143,58.18216680955723,2671.75,107389,13698.45,-117.0,-1.556886227544907
2014-12-12,3014,3016,2994,3004,387,7338,2996.4,2992.6,2944.3,2878.5333333333333,33.9101617877609,29.543144267650792,4.367017520110107,73.80952380952381,48.714285714285715,58.84944366076103,2544.65,107389,13179.3,-60.0,-0.8110300081103028
2014-12-15,2938,2946,2920,2926,1756,7658,2982.0,2986.6,2947.0,2879.266666666667,27.266666919826548,29.087848798085943,-1.8211818782593951,55.828220858895705,52.142857142857146,-12.208938436581777,2547.7,105633,12682.95,320.0,4.3608612701008465
2014-12-16,2918,2918,2884,2896,2890,7330,2965.2,2977.8,2948.7,2881.0,19.35775593304197,27.14183022507715,-7.784074292035179,51.41242937853107,53.857142857142854,-45.94698129695953,2430.2,102743,12131.2,-328.0,-4.283102637764424
2014-12-17,2888,2900,2870,2882,2437,7500,2942.4,2966.8,2949.8,2882.233333333333,11.823905377207666,24.078245255503255,-12.254339878295589,32.11678832116789,48.714285714285715,-64.5018404029749,2433.55,100306,11605.8,170.0,2.3192360163710735
2014-12-18,2884,2892,2864,2886,1460,7465,2918.8,2957.8,2949.9,2883.133333333333,6.10565886905033,20.48372797821267,-14.37806910916234,35.65891472868218,43.42857142857143,-68.58065372774962,2356.25,101766,11052.4,-35.0,-0.4666666666666708
2014-12-19,2886,2898,2872,2888,1145,7554,2895.6,2946.0,2950.1,2884.766666666667,1.7155152074560647,16.730085424061347,-15.014570216605282,29.059829059829056,38.0,-61.89144481939701,2223.5,102911,10541.8,89.0,1.192230408573347
2014-12-22,2888,2898,2848,2854,2558,7342,2881.2,2931.6,2948.6,2885.0666666666666,-4.455856780487466,12.492896983151585,-16.94875376363905,25.563909774436084,38.857142857142854,-77.74345749917866,2217.1,100353,10053.85,-212.0,-2.80646015356103
2014-12-23,2848,2848,2804,2804,3202,7607,2862.8,2914.0,2944.4,2885.133333333333,-13.228802277816612,7.348557130957946,-20.57735940877456,19.480519480519476,38.714285714285715,-109.73708358445188,2294.75,97151,9593.05,265.0,3.6093707436665845
2014-12-24,2820,2852,2812,2848,2358,7436,2856.0,2899.2,2942.5,2885.6666666666665,-16.44146553324208,2.590552598117941,-19.032018131360022,30.95238095238095,38.285714285714285,-85.65875457635367,2343.9,99509,9138.8,-171.0,-2.2479295385828824
2014-12-25,2838,2840,2824,2824,874,7550,2843.6,2881.2,2934.7,2885.8,-20.685672180276015,-2.0646923575608502,-18.620979822715164,22.424242424242422,36.714285714285715,-80.77644510837001,2150.2,98635,8704.6,114.0,1.5330823023130824
2014-12-26,2820,2850,2816,2820,1472,7616,2830.0,2862.8,2927.7,2885.866666666667,-24.09425947148202,-6.4706057803450845,-17.623653691136933,22.699386503067487,37.142857142857146,-72.4361680288139,1994.35,97163,8359.4,66.0,0.8741721854304663
2014-12-29,2820,2862,2804,2850,1956,7502,2829.2,2855.2,2920.9,2886.4333333333334,-24.0970642213274,-9.995897468541548,-14.101166752785852,30.769230769230774,39.142857142857146,-58.606487785583205,1935.8,99119,8039.55,-114.0,-1.496848739495793
2014-12-30,2850,2956,2846,2956,5593,7762,2859.6,2861.2,2919.5,2888.766666666667,-15.36881080059311,-11.070480134951861,-4.298330665641249,45.32710280373831,45.285714285714285,1.3916046707998802,2067.25,104712,7806.75,260.0,3.465742468675015
2014-12-31,2950,2958,2904,2928,3130,7187,2875.6,2865.8,2916.3,2891.366666666667,-10.588910703999318,-10.974166248761353,0.3852555447620354,41.51785714285714,47.142857142857146,11.16308186961882,1985.0,101582,7632.6,-575.0,-7.407884565833545
2015-01-05,2928,2928,2886,2902,1740,7164,2891.2,2867.4,2912.6,2892.9,-8.797377457904531,-10.53880849058999,1.7414310326854583,39.24050632911393,48.57142857142857,-4.445187910516917,1858.3,99842,7559.7,-23.0,-0.3200222624182514
2015-01-06,2882,2992,2882,2936,3751,7380,2914.4,2872.2,2909.1,2894.5,-4.581248818281438,-9.34729655612828,4.766047737846842,51.16279069767442,50.42857142857143,22.628880665930495,1984.75,103593,7506.5,216.0,3.015075376884413
2015-01-07,2930,2932,2894,2902,2465,7291,2924.8,2877.0,2904.3,2894.2,-3.938056877627787,-8.265448620428181,4.327391742800394,50.69124423963133,50.42857142857143,4.498116648326715,2063.25,101128,7465.65,-89.0,-1.205962059620591
2015-01-08,2902,2912,2874,2878,1738,7303,2909.2,2884.4,2899.2,2893.9333333333334,-5.303783341472808,-7.673115564637107,2.3693322231642986,49.54954954954955,51.0,-9.869502168838638,2082.45,99390,7444.9,12.0,0.16458647647785707
2015-01-09,2882,2882,2832,2834,2374,7668,2890.4,2883.0,2891.1,2892.8,-9.8233264873179,-8.103157749173267,-1.7201687381446327,44.62809917355372,52.57142857142857,-40.83462471053024,2178.45,97016,7452.55,365.0,4.997946049568669
2015-01-12,2836,2842,2750,2752,5350,7848,2860.4,2875.8,2878.5,2890.866666666667,-19.793642895175708,-10.441254778373755,-9.352388116801952,37.94326241134752,57.285714285714285,-96.68564652224643,2431.8,91666,7475.05,180.0,2.3474178403755763
2015-01-13,2750,2764,2724,2736,3825,8571,2820.4,2867.4,2865.1,2888.8,-28.65592905067433,-14.084189632833873,-14.571739417840458,39.1941391941392,56.57142857142857,-121.64660625507956,2603.7,87841,7536.7,723.0,9.212538226299705
2015-01-14,2732,2742,2628,2670,10133,10297,2774.0,2849.4,2852.3,2885.0333333333333,-40.537709610672664,-19.374893628401633,-21.16281598227103,38.078291814946624,61.142857142857146,-135.3839425272527,3022.55,77708,7668.65,1726.0,20.137673550344193
2015-01-15,2670,2696,2658,2692,5922,10983,2736.8,2823.0,2842.1,2882.0,-47.62984298832771,-25.02588350038685,-22.60395948794086,35.55555555555556,60.42857142857143,-109.05438456076028,3174.15,83630,7851.3,686.0,6.662134602311354
2015-01-16,2698,2708,2650,2682,5882,11388,2706.4,2798.4,2832.1,2878.9333333333334,-53.44128830713635,-30.708964461736755,-22.73232384539959,36.50190114068442,62.857142857142854,-93.6704571811684,3346.4,77748,8045.7,405.0,3.6875170718382977
2015-01-19,2676,2684,2650,2666,5159,11865,2689.2,2774.8,2821.1,2876.133333333333,-58.661750727204435,-36.29952171483029,-22.362229012374144,35.687732342007436,62.857142857142854,-87.56376795671892,3531.35,72589,8265.7,477.0,4.1886195995785025
2015-01-20,2656,2674,2638,2644,5017,11160,2670.8,2745.6,2808.9,2872.5666666666666,-63.838332387061655,-41.807283849276565,-22.03104853778509,30.566037735849065,61.285714285714285,-83.20710601595312,3724.95,67572,8446.0,-705.0,-5.941845764854614
2015-01-21,2650,2662,2632,2640,4546,10656,2664.8,2719.4,2798.2,2868.866666666667,-67.48564471444797,-46.94295602231085,-20.54268869213712,13.084112149532714,55.57142857142857,-76.4861927330829,3824.35,63026,8611.7,-504.0,-4.516129032258065
2015-01-22,2628,2656,2612,2632,4468,10949,2652.8,2694.8,2789.6,2865.3333333333335,-70.2123350596712,-51.59683182978293,-18.615503229888276,13.72549019607844,54.857142857142854,-72.85781235322278,3887.65,58558,8778.8,293.0,2.7496246246246248
2015-01-23,2632,2640,2606,2610,4717,12018,2638.4,2672.4,2777.7,2861.1666666666665,-73.30347609869614,-55.93816068356557,-17.365315415130567,13.861386138613867,54.285714285714285,-70.67402395182786,4005.6,53841,9007.9,1069.0,9.76344871677779
2015-01-26,2604,2612,2544,2560,9273,12507,2617.2,2653.2,2764.5,2856.3,-78.87854698569618,-60.526237943991696,-18.35230904170448,5.238095238095227,51.285714285714285,-79.58907211290192,4425.55,44568,9255.75,489.0,4.068896655017484
2015-01-27,2560,2576,2546,2550,10289,16165,2598.4,2634.6,2751.0,2851.2,-83.14529999419256,-65.05005035403187,-18.095249640160688,5.555555555555557,50.42857142857143,-75.34394405906616,4866.4,34279,9683.2,3658.0,29.247621332054052
2015-01-28,2550,2620,2546,2594,19414,16851,2589.2,2627.0,2738.2,2847.266666666667,-82.03070135419148,-68.44618055406379,-13.584520800127692,15.865384615384613,53.0,-57.74094495274098,5739.3,53693,10150.65,686.0,4.243736467677084
2015-01-29,2602,2626,2586,2622,11719,18986,2587.2,2620.0,2721.5,2843.7,-77.98899927038246,-70.35474429732753,-7.6342549730549365,23.5,52.285714285714285,-44.07869975177128,6045.6,65412,10711.85,2135.0,12.669871224259687
2015-01-30,2620,2624,2596,2600,5540,18658,2585.2,2611.8,2705.1,2839.9,-75.68864579423189,-71.42152459670841,-4.26712119752348,27.647058823529406,47.714285714285715,-41.822252288871475,6166.1,59872,11285.4,-328.0,-1.727588749604969
2015-02-02,2602,2716,2578,2592,11404,20134,2591.6,2604.4,2689.6,2835.9,-73.66200252039016,-71.86962018144476,-1.7923823389454014,28.313253012048193,54.714285714285715,-29.1656629928141,6649.3,48468,11933.9,1476.0,7.9108157358773745
2015-02-03,2598,2602,2582,2586,6707,21805,2598.8,2598.6,2672.1,2831.733333333333,-71.71335605204831,-71.83836735556548,0.12501130351716938,34.55882352941177,48.0,-43.041318236792776,6797.1,41761,12655.15,1671.0,8.299394059799337
2015-02-04,2590,2606,2572,2574,10537,24903,2594.8,2592.0,2655.7,2826.733333333333,-70.32665746799648,-71.53602537805169,1.2093679100552066,27.48091603053436,47.714285714285715,-43.764585459690686,7200.7,31224,13535.75,3098.0,14.207750515936702
2015-02-05,2586,2588,2564,2578,9184,27676,2586.0,2586.6,2640.7,2821.9,-68.1196809993744,-70.85275650231624,2.733075502941844,29.6875,45.285714285714285,-47.30592495308427,7573.0,40408,14554.4,2773.0,11.135204593824044
2015-02-06,2578,2594,2574,2584,6561,29656,2582.8,2584.0,2628.2,2816.8333333333335,-65.1356432419143,-69.70933385023585,4.573690608321556,33.33333333333333,44.285714285714285,-42.63565448207501,7782.35,46969,15653.8,1980.0,7.154213036565982
2015-02-09,2588,2588,2566,2574,5153,30010,2579.2,2585.4,2619.3,2811.9,-62.85315618701634,-68.33809831759194,5.484942130575604,35.04273504273503,43.285714285714285,-49.19360967594127,7772.5,41816,16761.9,354.0,1.1936876180199674
2015-02-10,2570,2586,2570,2582,2599,29753,2578.4,2588.6,2611.6,2807.0,-59.71043093104754,-66.61256484028306,6.902133909235516,37.81512605042017,42.285714285714285,-44.583158766772385,7711.2,44415,17821.0,-257.0,-0.8563812062645781
2015-02-11,2582,2606,2578,2602,3870,29190,2584.0,2589.4,2608.2,2802.5,-54.97227945208624,-64.2845077626437,9.312228310557458,43.99999999999999,41.142857142857146,-21.07637429488175,7398.05,48285,18765.65,-563.0,-1.892246160051092
2015-02-12,2606,2610,2580,2596,2922,29088,2587.6,2586.8,2603.4,2798.0666666666666,-51.11222026541145,-61.65005026319725,10.5378299977858,47.008547008547005,40.857142857142854,-17.03646489187671,7248.05,45363,19670.9,-102.0,-0.3494347379239482
2015-02-13,2598,2622,2586,2610,5745,29082,2592.8,2587.8,2599.8,2793.9,-46.38867280843988,-58.597774772245785,12.209101963805907,62.62626262626263,38.57142857142857,4.707052669709793,7241.2,51108,20555.6,-6.0,-0.020627062706268795
2015-02-16,2608,2646,2608,2624,7153,29152,2602.8,2591.0,2597.7,2789.5666666666666,-41.042432803023985,-55.08670637840143,14.044273575377446,68.31683168316832,39.142857142857146,47.73345359649741,7340.9,58261,21419.95,70.0,0.24069871398115783
2015-02-17,2628,2628,2602,2612,3273,29260,2608.8,2593.6,2596.1,2785.0333333333333,-37.34332815145217,-51.53803073301158,14.194702581559412,55.294117647058826,35.714285714285715,31.51764263059893,7253.7,54988,22324.95,108.0,0.37047200878155273
2015-02-25,2614,2614,2572,2594,3255,28960,2607.2,2595.6,2593.8,2780.2,-35.455501679121426,-48.32152492223356,12.866023243112132,41.25,35.857142857142854,-8.193827707974581,7189.15,51733,23240.15,-300.0,-1.025290498974707
2015-02-26,2594,2614,2588,2610,5250,29886,2610.0,2598.8,2592.7,2775.5666666666666,-32.29603077710681,-45.11642609320821,12.820395316101404,53.246753246753244,35.714285714285715,22.999563796979064,7228.25,56983,24187.0,926.0,3.1975138121546953
2015-02-27,2614,2620,2582,2584,5953,30397,2604.8,2598.8,2591.4,2770.5333333333333,-31.526689976073612,-42.39847886978129,10.87178889370768,47.67441860465116,28.571428571428573,3.393549964522287,7290.05,51030,25105.95,511.0,1.7098306899551607
2015-03-02,2584,2606,2570,2594,8388,30205,2598.8,2600.8,2593.1,2764.1,-29.766930773258082,-39.87216925047665,10.10523847721857,52.272727272727266,29.714285714285715,-14.32581223633544,7245.8,59418,25990.85,-192.0,-0.6316412803895166
2015-03-03,2592,2602,2578,2584,6335,30612,2593.2,2601.0,2594.8,2757.8333333333335,-28.84669856850769,-37.66707511408286,8.820376545575172,52.87356321839081,29.0,-28.135426883591478,7048.1,53083,26713.2,407.0,1.3474590299619171
2015-03-04,2582,2594,2578,2590,3811,30558,2592.4,2599.8,2594.6,2751.233333333333,-27.318349136654433,-35.59732991859718,8.27898078194275,53.409090909090914,28.428571428571427,-30.487867274851848,6267.95,56894,27398.55,-54.0,-0.17640141121129105
2015-03-05,2590,2590,2554,2562,13006,29756,2582.8,2596.4,2591.6,2744.2,-28.043222383645116,-34.08650841160677,6.043286027961656,44.44444444444444,29.571428571428573,-80.83703678137286,6332.3,43888,27937.05,-802.0,-2.624517311342367
2015-03-06,2562,2572,2544,2548,8508,28904,2575.6,2590.2,2589.0,2736.8,-29.408371253696714,-33.15088098002476,3.742509726328045,43.56435643564357,30.0,-103.52233286025276,6480.7,35380,28449.35,-852.0,-2.8632880763543533
2015-03-09,2548,2562,2516,2526,15003,27062,2562.0,2580.4,2585.7,2729.3,-31.89777995526174,-32.900260775072155,1.0024808198104154,37.037037037037045,32.142857142857146,-131.2349880416309,6660.65,20377,28795.75,-1842.0,-6.372820370882925
2015-03-10,2524,2532,2494,2498,8366,24906,2544.8,2569.0,2581.3,2720.8333333333335,-35.71828215785217,-33.46386505162816,-2.254417106224011,26.785714285714278,32.857142857142854,-140.69455804581082,6743.6,12011,28950.8,-2156.0,-7.96689084324883
2015-03-11,2482,2508,2482,2494,7016,23995,2525.6,2559.0,2577.3,2712.4333333333334,-38.623595482869405,-34.495811137876416,-4.127784344992989,27.027027027027017,32.57142857142857,-126.42816715278195,6567.55,4995,28905.4,-911.0,-3.657753151850962
2015-03-12,2488,2560,2484,2510,7595,23389,2515.2,2549.0,2573.9,2704.6,-39.18332990579893,-35.433314891460924,-3.750015014338004,27.67857142857143,35.42857142857143,-80.39461639500672,6488.1,12590,28691.05,-606.0,-2.525526151281521
2015-03-13,2512,2526,2498,2502,4636,22904,2506.0,2540.8,2569.8,2696.366666666667,-39.81351123537797,-36.30935416024434,-3.5041570751336337,22.0183486238532,34.714285714285715,-81.53098638891723,6391.85,7954,28353.45,-485.0,-2.073624353328485
2015-03-16,2502,2530,2496,2528,3902,22511,2506.4,2534.2,2567.5,2688.4333333333334,-37.77945374447381,-36.60337407709024,-1.1760796673835756,31.89655172413792,35.285714285714285,-62.82768428548437,6329.3,11856,27978.5,-393.0,-1.7158574921411152
2015-03-17,2518,2536,2516,2534,3186,22048,2513.6,2529.2,2565.1,2680.6,-35.27665139411374,-36.338029540494944,1.0613781463812018,36.36363636363636,33.714285714285715,-45.55513812422222,6358.65,15042,27593.25,-463.0,-2.0567722446803827
2015-03-18,2532,2538,2498,2504,7272,19594,2515.6,2520.6,2560.2,2673.5666666666666,-35.3069156336428,-36.131806759124515,0.8248911254817131,27.350427350427353,34.714285714285715,-57.66729651380507,6528.75,7770,27113.45,-2454.0,-11.13026124818578
2015-03-19,2502,2524,2498,2510,3264,19504,2515.6,2515.4,2555.9,2667.133333333333,-34.44963644086738,-35.79537269547309,1.3457362546057112,32.71028037383178,33.857142857142854,-54.854746784369624,6545.85,11034,26634.25,-90.0,-0.4593242829437627
2015-03-20,2506,2524,2506,2510,3280,19471,2517.2,2511.6,2550.9,2660.9333333333334,-33.38539050418149,-35.31337625721477,1.9279857530332833,29.411764705882348,32.57142857142857,-46.89011243554787,6422.6,11034,26153.7,-33.0,-0.16919606234618856
2015-03-23,2510,2568,2502,2558,7907,17879,2523.2,2514.8,2547.6,2655.4666666666667,-28.34205946541988,-33.91911289885579,5.577053433435914,44.62809917355372,35.57142857142857,-8.445112870125769,6460.3,18941,25590.05,-1592.0,-8.176262133429201
2015-03-24,2576,2580,2546,2554,5094,16513,2527.2,2520.4,2544.7,2649.9,-24.38683361493213,-32.01265704207106,7.625823427138933,42.5,36.857142857142854,18.438235262326003,6551.35,13847,24952.7,-1366.0,-7.640248336036692
2015-03-25,2552,2566,2532,2536,3943,14762,2533.6,2524.6,2541.8,2644.6,-22.44599474500683,-30.099324582658216,7.653329837651388,44.34782608695652,36.714285714285715,0.7218584713527926,6585.75,9904,24242.8,-1751.0,-10.603766729243624
2015-03-26,2540,2546,2514,2518,5399,12738,2535.2,2525.4,2537.2,2639.8333333333335,-22.105497114780974,-28.50055908908277,6.395061974301797,43.58974358974359,37.0,-22.419347723019733,6593.2,4505,23385.4,-2024.0,-13.71087928464978
2015-03-27,2512,2520,2458,2508,5005,11899,2534.8,2526.0,2533.4,2634.1666666666665,-22.384531767853787,-27.277353624836977,4.89282185698319,45.94594594594595,38.142857142857146,-65.37772651824179,6545.8,-500,22460.5,-839.0,-6.586591301617206
2015-03-30,2508,2520,2474,2488,3043,11670,2520.8,2522.0,2528.1,2628.5666666666666,-23.943495877607347,-26.61058207539105,2.6670861977837035,47.66355140186916,38.714285714285715,-62.895040531437914,6278.55,-3543,21533.75,-229.0,-1.9245314732330487
2015-03-31,2490,2506,2476,2478,2783,11730,2505.6,2516.4,2522.8,2622.866666666667,-25.68976695074707,-26.426419050462258,0.7366520997151866,46.36363636363636,39.0,-71.18563224433186,6100.95,-6326,20589.65,60.0,0.5141388174807249
2015-04-01,2480,2502,2448,2452,4491,10512,2488.8,2511.2,2515.9,2616.233333333333,-28.839241245078483,-26.908983489385502,-1.9302577556929812,37.39130434782609,37.42857142857143,-99.99197198094487,6134.95,-10817,19587.35,-1218.0,-10.383631713554987
2015-04-02,2452,2460,2410,2410,5017,9378,2467.2,2501.2,2508.3,2607.133333333333,-34.328553113912676,-28.39289741429094,-5.935655699621737,32.57575757575758,39.0,-138.9422124282522,5735.5,-15834,18568.45,-1134.0,-10.787671232876717
2015-04-03,2412,2430,2392,2398,3285,8339,2445.2,2490.0,2500.8,2598.3,-39.19535240586083,-30.553388412604917,-8.641963993255914,24.0,39.285714285714285,-131.98788637799584,5474.35,-19119,17540.2,-1039.0,-11.079121347835363
2015-04-07,2394,2410,2342,2342,3364,7050,2416.0,2468.4,2491.6,2588.9666666666667,-47.02893757868742,-33.84849824582142,-13.180439332866001,18.0,42.714285714285715,-137.42691887757178,4892.4,-22483,16539.6,-1289.0,-15.45748890754287
2015-04-08,2376,2404,2354,2392,4853,11395,2398.8,2452.2,2486.3,2579.9,-48.641815562199554,-36.807161709097045,-11.834653853102509,32.5,44.285714285714285,-98.81804169091168,4716.75,-17630,15864.05,4345.0,61.631205673758856
2015-04-09,2382,2388,2358,2362,2309,11486,2380.8,2434.8,2479.7,2570.9,-51.74430611267553,-39.79459058981274,-11.949715522862789,28.48837209302326,44.857142857142854,-94.84126027039846,4481.4,-19939,15238.6,91.0,0.798595875383934
2015-04-10,2362,2366,2344,2348,2637,11377,2368.4,2417.8,2471.6,2562.0666666666666,-54.70216274210634,-42.776105020271466,-11.926057721834873,27.374301675977648,45.142857142857146,-92.46549186065658,4233.5,-22576,14638.0,-109.0,-0.94898136862267
2015-04-13,2346,2420,2344,2412,4465,11619,2371.2,2408.2,2467.1,2555.0333333333333,-51.29077220684985,-44.47903845758715,-6.8117337492627,30.481283422459896,45.857142857142854,-56.76420039463799,4224.95,-18111,14073.75,242.0,2.127098532126226
2015-04-14,2412,2424,2390,2406,4115,11944,2384.0,2400.0,2461.0,2549.266666666667,-48.512152588550634,-45.28566128377985,-3.226491304770782,30.31914893617021,45.857142857142854,-41.758309192416945,4235.6,-22226,13545.4,325.0,2.7971426112402
2015-04-15,2408,2414,2380,2382,3501,11977,2382.0,2390.4,2453.4,2543.366666666667,-47.696856276907965,-45.76790028240548,-1.9289559945024877,29.84293193717278,45.857142857142854,-47.40585795488687,4251.35,-25727,13041.85,33.0,0.27628935030141744
2015-04-16,2372,2410,2372,2396,3506,11961,2388.8,2384.8,2448.0,2538.8,-45.397728325884145,-45.69386589110121,0.2961375652170659,33.86243386243386,46.285714285714285,-42.470947838141946,4063.05,-22221,12660.2,-16.0,-0.1335893796443166
2015-04-17,2398,2414,2390,2396,3229,12512,2398.4,2383.4,2442.3,2533.866666666667,-43.07906422378983,-45.17090555763894,2.0918413338491106,34.78260869565217,43.57142857142857,-33.437317966018504,4061.3,-22221,12310.6,551.0,4.606638240949756
2015-04-20,2390,2394,2364,2366,5079,11527,2389.2,2380.2,2435.1,2528.6,-43.164679936122866,-44.76966043333573,1.604980497212864,33.86243386243386,42.57142857142857,-46.980258288983514,4151.25,-27300,11913.4,-985.0,-7.872442455242967
2015-04-21,2364,2376,2356,2372,2639,11519,2382.4,2383.2,2425.8,2523.7,-42.261220110331124,-44.26797236873481,2.0067522584036865,35.82887700534759,41.857142857142854,-47.451646664425134,3887.85,-24661,11595.4,-8.0,-0.0694022729244348
2015-04-22,2376,2430,2370,2422,5477,11396,2390.4,2386.2,2419.2,2520.0,-37.083167880889505,-42.83101147116575,5.747843590276247,46.23115577889447,42.285714285714285,-13.092064546308189,3907.0,-19184,11339.55,-123.0,-1.0678010243944769
2015-04-23,2424,2436,2408,2434,7606,11191,2398.0,2393.4,2414.1,2516.5666666666666,-31.646424192513678,-40.59409401543534,8.947669822921661,53.2608695652174,40.714285714285715,9.310406523306805,4090.15,-11578,11161.0,-205.0,-1.7988767988768029
2015-04-24,2434,2496,2434,2490,14571,13085,2416.8,2407.6,2412.7,2514.2,-22.558987693728795,-36.98707275109403,14.428085057365237,61.16504854368932,42.42857142857143,65.07661634615036,4548.75,2993,11178.35,1894.0,16.924314181038326
2015-04-27,2500,2516,2476,2510,7437,13122,2445.6,2417.4,2412.8,2512.5333333333333,-13.586677186775432,-32.30699363823032,18.720316451454885,72.34042553191489,40.42857142857143,93.69196259756663,4670.35,10430,11239.5,37.0,0.2827665265571211
2015-04-28,2512,2532,2492,2498,9753,13819,2470.8,2426.6,2413.3,2511.5,-7.359520211962263,-27.317498952976706,19.957978741014443,65.68047337278107,38.857142857142854,97.46620062585158,5005.85,677,11346.95,697.0,5.311690291114157
2015-04-29,2497,2519,2446,2460,8598,13855,2478.4,2434.4,2412.4,2510.0,-5.4281633774280635,-22.93963183786698,17.511468460438916,64.16184971098266,41.642857142857146,65.17706068127715,5296.6,-7921,11453.2,36.0,0.2605108908025233
2015-04-30,2460,2492,2454,2487,4913,13623,2489.0,2443.5,2414.15,2508.2166666666667,-1.699286502765517,-18.691562770846687,16.99227626808117,69.35933147632312,42.785714285714285,66.5261358178985,5317.7,-3008,11608.75,-232.0,-1.6744857452183348
2015-05-04,2493,2545,2486,2532,8864,14808,2497.4,2457.1,2420.25,2506.7166666666667,4.8313069061896385,-13.986988835439423,18.81829574162906,67.64705882352942,41.57142857142857,95.98816991274586,5510.05,5856,11880.25,1185.0,8.698524554062992
2015-05-05,2531,2597,2528,2561,12962,15452,2507.6,2476.6,2428.4,2506.0666666666666,12.206201378661717,-8.748350792619195,20.954552171280913,71.34986225895317,44.07142857142857,109.4101903442161,5993.9,18818,12235.9,644.0,4.3490005402485155
2015-05-06,2561,2567,2530,2535,10836,17692,2515.0,2492.9,2438.05,2505.116666666667,15.77107651944607,-3.844465330206143,19.61554184965221,70.95890410958904,44.285714285714285,82.96966580482407,6367.5,7982,12768.0,2240.0,14.496505306756413
2015-05-07,2535,2542,2491,2495,9405,17114,2522.0,2500.2,2443.2,2503.6,15.193459304739008,-0.03688040321711261,15.230339707956121,62.65984654731458,45.214285714285715,50.86535579534396,6595.1,-1423,13053.95,-578.0,-3.2670133393624234
2015-05-08,2496,2510,2470,2504,12675,17850,2525.4,2507.2,2450.3,2502.4333333333334,15.28571408746484,3.027638494919278,12.258075592545561,63.5,46.357142857142854,35.67131283595094,7113.4,11252,13372.15,736.0,4.3005726305948455
2015-05-11,2498,2522,2497,2515,6871,18482,2522.0,2509.7,2458.65,2501.383333333333,16.061290181196455,5.634368832174713,10.426921349021741,69.5538057742782,45.857142857142854,44.38268879817874,7325.1,18123,13727.4,632.0,3.5406162464985957
2015-05-12,2510,2522,2485,2486,5449,18340,2507.0,2507.3,2462.35,2499.75,14.17251030954776,7.341997127649323,6.8305131818984375,64.10891089108911,47.07142857142857,29.607874817349376,7374.3,12674,14063.45,-142.0,-0.7683151174115332
2015-05-13,2490,2506,2481,2487,6329,18992,2497.4,2506.2,2466.4,2498.3,12.610959010569331,8.395789504233324,4.215169506336007,59.154929577464785,44.57142857142857,21.220807719181188,7485.0,19003,14415.85,652.0,3.555070883315148
2015-05-14,2487,2492,2452,2471,8608,19092,2492.6,2507.3,2470.85,2496.45,9.967453474211652,8.71012229822899,1.257331175982662,55.15320334261838,45.42857142857143,1.227847362932567,7740.35,10395,14771.6,100.0,0.5265374894692476
2015-05-15,2470,2477,2460,2471,5088,20058,2486.0,2505.7,2474.6,2494.266666666667,7.782741689610248,8.524646176505243,-0.7419044868949953,46.864686468646866,42.214285714285715,-4.4872794330134855,7819.45,10395,15176.45,966.0,5.059710873664369
2015-05-18,2470,2482,2458,2458,3870,20949,2474.6,2498.3,2477.7,2491.9666666666667,4.945343662477171,7.80878567369963,-2.8634420112224586,41.21621621621621,41.07142857142857,-11.318290812587275,7851.5,6525,15598.3,891.0,4.442117858211181
2015-05-19,2452,2458,2434,2443,4484,20966,2466.0,2486.5,2481.55,2489.1833333333334,1.4693726308196347,6.540903065123631,-5.071530434303996,40.802675585284284,39.92857142857143,-39.87401496718232,7821.75,2041,16070.25,17.0,0.08114945820802966
2015-05-20,2435,2443,2407,2412,4492,19947,2451.0,2474.2,2483.55,2485.65,-3.7436459567265956,4.483993260753586,-8.227639217480181,41.780821917808225,37.285714285714285,-80.06723029130094,7914.4,-2451,16491.65,-1019.0,-4.860249928455596
2015-05-21,2417,2448,2412,2439,4532,20546,2444.6,2468.6,2484.4,2482.766666666667,-5.631410993047211,2.4609124099934263,-8.092323403040638,41.780821917808225,37.142857142857146,-70.04573581652488,7867.15,2081,16949.15,599.0,3.002957838271425
2015-05-22,2440,2475,2427,2454,4195,20800,2441.2,2463.6,2485.4,2480.4333333333334,-5.849672363463014,0.7987954553021384,-6.648467818765153,35.114503816793885,36.357142857142854,-48.4391734557684,7696.6,6276,17429.6,254.0,1.2362503650345635
2015-05-25,2441,2465,2425,2455,3867,20329,2440.6,2457.6,2483.65,2477.85,-5.874239848963043,-0.5358116055508979,-5.338428243412145,27.350427350427353,34.285714285714285,-50.561874399137615,7161.4,10143,17791.8,-471.0,-2.264423076923072
2015-05-26,2453,2490,2441,2464,6423,20063,2444.8,2455.4,2481.35,2475.85,-5.10859625670264,-1.4503685357812464,-3.658227720921394,33.6405529953917,35.142857142857146,-25.00833162746203,7110.7,16566,18138.85,-266.0,-1.308475576762258
2015-05-27,2466,2475,2454,2470,2691,19893,2456.4,2453.7,2479.95,2473.7833333333333,-3.9718829436019405,-1.9546714173453854,-2.0172115262565553,43.169398907103826,33.0,-20.498456420970957,6757.6,19257,18442.55,-170.0,-0.8473309076409308
2015-05-28,2456,2481,2443,2460,4033,19653,2460.6,2452.6,2479.95,2471.7166666666667,-3.8337527644648617,-2.3304876867692808,-1.503265077695581,38.04347826086957,32.857142857142854,-26.320771118183977,6529.35,15224,18732.45,-240.0,-1.2064545317448383
2015-05-29,2458,2469,2436,2460,3553,19316,2461.8,2451.5,2478.6,2469.55,-3.6818416239502767,-2.60075847420548,-1.0810831497447966,34.10404624277457,33.42857142857143,-33.10133214589402,6461.35,15224,19017.1,-337.0,-1.7147509286114082
2015-06-01,2463,2497,2457,2482,5252,19061,2467.2,2453.9,2476.1,2468.2166666666667,-1.7658788600265325,-2.4337825513696907,0.6679036913431582,48.79518072289157,33.642857142857146,2.1725362815857263,6280.75,20476,19229.75,-255.0,-1.3201490991923803
2015-06-02,2478,2489,2467,2478,4350,19181,2470.0,2457.4,2471.95,2467.05,-0.5637327759268373,-2.05977259628112,1.4960398203542828,47.337278106508876,33.42857142857143,8.700966588511102,5850.15,16126,19416.2,120.0,0.6295577356906668
2015-06-03,2477,2481,2460,2460,3888,18065,2468.0,2462.2,2468.2,2465.95,-1.051353561592805,-1.8580887893434572,0.8067352277506523,46.78362573099415,32.07142857142857,-4.370156984466756,5502.75,12238,19434.85,-1116.0,-5.818257650800273
2015-06-04,2451,2463,2447,2459,3172,17610,2467.8,2464.2,2466.4,2465.3,-1.5011834812844427,-1.7867077277316543,0.28552424644721164,46.51162790697675,32.0,-22.953408406597543,5191.1,9066,19459.65,-455.0,-2.5186825352892295
2015-06-05,2462,2466,2432,2448,3991,16211,2465.4,2463.6,2463.6,2464.5333333333333,-2.7139997034782937,-1.9721661228809824,-0.7418335805973113,47.05882352941176,32.714285714285715,-36.32878910086102,4756.9,5075,19377.7,-1399.0,-7.944349801249295
2015-06-08,2447,2447,2431,2440,2236,16443,2457.0,2462.1,2459.85,2463.366666666667,-4.2714597100011815,-2.432024840305022,-1.8394348696961593,49.079754601226995,32.214285714285715,-56.28965946260566,4525.15,2839,19275.75,232.0,1.4311270125223707
2015-06-09,2436,2460,2436,2449,2475,16504,2451.2,2460.6,2458.0,2462.483333333333,-4.725065587361769,-2.8906329897163716,-1.8344325976453972,63.12056737588653,31.357142857142858,-28.90538849500911,4376.45,5314,19183.95,61.0,0.3709785318980696
2015-06-10,2447,2462,2445,2460,2419,16661,2451.2,2459.6,2456.65,2461.35,-4.149115028742926,-3.142329397521683,-1.0067856312212435,58.4,30.0,-2.068565663015424,4180.95,7733,19067.4,157.0,0.951284537081909
2015-06-11,2462,2473,2458,2463,3452,16967,2452.0,2459.9,2456.25,2460.1666666666665,-3.4112721121182403,-3.1961179404409945,-0.21515417167724582,53.98230088495575,27.642857142857142,29.89930972874407,3923.15,11185,18961.15,306.0,1.8366244523137842
2015-06-12,2461,2465,2392,2401,6157,17073,2442.6,2454.0,2452.75,2458.45,-7.74018410493818,-4.1049311733404314,-3.6352529315977486,34.48275862068965,30.0,-104.19470585376955,3976.6,5028,18811.9,106.0,0.6247421465197078
2015-06-15,2391,2416,2380,2383,3356,16922,2431.2,2444.1,2449.0,2456.3333333333335,-12.479472029740919,-5.7798393446205285,-6.69963268512039,27.86885245901638,29.071428571428573,-135.71450296807623,3950.9,1672,18610.55,-151.0,-0.8844374158027302
2015-06-16,2377,2390,2346,2348,4244,16280,2411.0,2431.1,2444.25,2453.633333333333,-18.842395936299,-8.392350662956222,-10.450045273342777,21.22641509433963,30.714285714285715,-146.2658983429012,3938.9,-2572,18376.25,-642.0,-3.7938777922231437
2015-06-17,2346,2353,2315,2319,13024,18986,2382.8,2417.0,2439.6,2449.65,-25.926254883758247,-11.899131507116628,-14.027123376641619,19.480519480519476,30.714285714285715,-145.07260976741014,4365.5,-15596,18328.2,2706.0,16.621621621621617
2015-06-18,2327,2345,2320,2336,5126,19444,2357.4,2404.7,2434.45,2446.016666666667,-29.824705570414153,-15.484246319776133,-14.34045925063802,25.0,30.214285714285715,-112.57885461686097,4395.2,-10470,18273.1,458.0,2.4123038028020627
2015-06-19,2335,2360,2330,2342,4274,18773,2345.6,2394.1,2428.85,2442.7833333333333,-32.06053211328799,-18.799503478478506,-13.261028634809485,19.827586206896555,29.5,-87.18237235421849,4399.15,-6196,18171.75,-671.0,-3.4509360213947793
2015-06-23,2350,2350,2310,2329,3366,19467,2334.8,2383.0,2422.55,2439.633333333333,-34.48392291339405,-21.936387365461616,-12.547535547932437,19.087136929460584,30.785714285714285,-87.45966254063626,4374.1,-9562,18128.65,694.0,3.696798593725026
2015-06-24,2333,2339,2323,2333,3586,20278,2331.8,2371.4,2416.0,2436.7166666666667,-35.670523421586495,-24.683214576686595,-10.9873088448999,22.026431718061673,30.428571428571427,-75.45881363789202,4232.25,-5976,18139.4,811.0,4.16602455437407
2015-06-25,2335,2336,2294,2296,7473,22407,2327.2,2355.0,2407.3,2433.516666666667,-39.14526144456795,-27.57562395026287,-11.56963749430508,19.011406844106475,32.285714285714285,-83.23165425291168,4471.35,-13449,18265.1,2129.0,10.499063023966858
2015-06-26,2280,2312,2280,2288,9190,24109,2317.6,2337.5,2398.7,2430.35,-42.05971133215098,-30.472441426640493,-11.587269905510489,19.23076923076924,32.142857142857146,-83.41780791253694,4729.2,-22639,18487.9,1702.0,7.5958405855313105
2015-06-29,2290,2301,2264,2269,5763,22794,2303.0,2324.3,2389.15,2427.3,-45.37946880724121,-33.45384690276064,-11.925621904480572,18.45018450184503,33.57142857142857,-82.94377583407272,4839.7,-28402,18661.8,-1315.0,-5.454394624414116
2015-06-30,2267,2269,2180,2220,16036,21098,2281.2,2308.0,2376.05,2424.133333333333,-51.37210536114662,-37.037498594437835,-14.334606766708788,13.18327974276528,38.214285714285715,-103.52599138806866,5378.9,-44438,18763.65,-1696.0,-7.440554531894361
2015-07-01,2215,2223,2202,2204,5502,21129,2255.4,2293.6,2362.35,2420.9,-56.75810715852458,-40.981620307255184,-15.776486851269397,9.49367088607596,38.5,-96.69244560757976,5436.5,-49940,18861.05,31.0,0.14693335861220014
2015-07-02,2192,2206,2176,2197,8329,20353,2235.6,2281.4,2349.2,2418.483333333333,-60.88949765893676,-44.9631957775915,-15.92630188134526,8.4375,39.57142857142857,-92.65375777493502,5658.55,-58269,18975.45,-776.0,-3.6726773628662057
2015-07-03,2199,2235,2192,2207,8153,19346,2219.4,2268.5,2336.6,2415.4,-62.63472386115245,-48.4975013943037,-14.137222466848755,13.805970149253739,37.42857142857143,-73.30808495161929,5907.6,-50116,19062.25,-1007.0,-4.9476735616371
2015-07-06,2204,2207,2104,2109,13611,19673,2187.4,2245.2,2319.65,2411.1833333333334,-71.10594411803186,-53.019189939049326,-18.08675417898253,10.632183908045974,42.214285714285715,-97.40161084111219,6388.6,-63727,19235.35,327.0,1.6902718908301528
2015-07-07,2109,2111,2038,2041,18036,18030,2151.6,2216.4,2299.7,2406.0666666666666,-82.35711732079471,-58.886775415398404,-23.47034190539631,9.71128608923884,44.285714285714285,-112.86297812645333,7178.6,-81763,19314.7,-1643.0,-8.351547806638537
2015-07-08,2041,2089,1973,1973,17157,17005,2105.4,2180.4,2275.9,2398.75,-95.65809783782197,-66.24103989988312,-29.41705793793885,8.80952380952381,49.857142857142854,-112.8883061642611,7912.7,-98920,19339.75,-1025.0,-5.68496949528563
2015-07-09,1860,2139,1860,2063,19556,16978,2078.6,2157.1,2256.05,2393.0333333333333,-97.80948601682803,-72.55472912327211,-25.25475689355592,22.31237322515213,67.92857142857143,-95.01081954038884,8769.55,-79364,19355.6,-27.0,-0.15877683034402068
2015-07-10,2072,2112,2055,2065,8677,18167,2050.2,2134.8,2236.15,2387.75,-98.22086437910548,-77.6879561744388,-20.532908204666683,21.67689161554192,69.85714285714286,-66.6945011192059,9030.8,-70687,19415.6,1189.0,7.003180586641533
2015-07-13,2042,2078,2004,2030,9295,17972,2034.4,2110.9,2217.6,2381.65,-100.21586606602841,-82.19353815275673,-18.02232791327168,20.74363992172212,72.28571428571429,-74.53112265500016,9187.7,-79982,19460.55,-195.0,-1.0733748004623789
2015-07-14,2040,2055,2015,2032,8030,18523,2032.6,2092.1,2200.05,2375.5833333333335,-100.47729626443243,-85.85028977509187,-14.627006489340559,20.43222003929273,74.0,-68.54532992565447,9421.4,-71952,19540.6,551.0,3.0658802581793987
2015-07-15,2036,2044,2010,2015,5866,18005,2041.0,2073.2,2183.4,2369.733333333333,-100.89320543680606,-88.85887290743472,-12.03433252937134,21.267893660531698,73.42857142857143,-65.75935280865609,9502.5,-77818,19626.85,-518.0,-2.7965232413755925
2015-07-16,2015,2055,1993,2022,14510,16221,2032.8,2055.7,2168.55,2363.9,-99.51087552414401,-90.98927343077658,-8.521602093367434,22.745901639344254,75.57142857142857,-59.25187689970356,9576.8,-63308,19488.6,-1784.0,-9.908358789225213
2015-07-17,2023,2034,2015,2030,4234,15804,2025.8,2038.0,2153.25,2357.366666666667,-96.65564980312229,-92.12254870524572,-4.533101097876568,24.94758909853249,74.28571428571429,-52.75117327963566,9532.2,-59074,19306.6,-417.0,-2.570741631218787
2015-07-20,2030,2108,2011,2100,12733,14985,2039.8,2037.1,2141.15,2351.8,-87.73311512365353,-91.24466198892729,3.5115468652737576,37.95180722891566,74.85714285714286,-30.3872371165546,9955.15,-46341,19117.2,-819.0,-5.182232346241456
2015-07-21,2118,2118,2053,2063,7765,14906,2046.0,2039.3,2127.85,2344.6833333333334,-82.69428464687735,-89.53458652051731,6.840301873639959,36.41618497109827,78.0,-24.537881221117214,10175.1,-54106,18889.15,-79.0,-0.5271938605271975
2015-07-22,2065,2077,2004,2030,7488,14644,2049.0,2045.0,2112.7,2336.6833333333334,-80.43657661354109,-87.71498453912207,7.278407925580979,34.678899082568805,81.07142857142857,-39.27806796302344,10370.2,-61594,18607.45,-262.0,-1.7576814705487775
2015-07-23,2026,2043,2011,2036,4528,14241,2051.8,2042.3,2099.7,2328.983333333333,-77.27242842088708,-85.62647331547507,8.354044894587986,34.19593345656192,80.28571428571429,-39.196239716264174,10222.95,-57066,18199.15,-403.0,-2.7519803332422876
2015-07-24,2035,2049,2023,2028,3140,13944,2051.4,2038.6,2086.7,2321.7833333333333,-74.55097409990867,-83.4113734723618,8.86039937245313,41.019955654102,74.78571428571429,-34.18860602750678,9920.45,-60206,17690.9,-297.0,-2.0855277017063356
2015-07-27,2067,2106,2028,2083,2757,14334,2048.0,2043.9,2077.4,2315.05,-67.18173240569558,-80.16544525902856,12.983712853332975,54.794520547945204,75.14285714285714,-5.914775844767127,9770.15,-57449,17267.9,390.0,2.796901893287429
2015-07-28,2067,2105,2060,2077,2645,15214,2050.8,2048.4,2070.25,2307.4666666666667,-61.12113868623328,-76.35658394446952,15.23544525823624,63.829787234042556,70.07142857142857,5.383013330346598,9100.6,-60094,16973.7,880.0,6.139249337240127
2015-07-29,2080,2108,2077,2096,3631,16560,2064.0,2056.5,2064.85,2299.7166666666667,-54.16060356487378,-71.91738786855038,17.756784303676596,55.40983606557377,52.357142857142854,23.001573443887917,9007.05,-56463,16745.25,1346.0,8.84711449980282
2015-07-30,2100,2101,2066,2069,2883,16214,2070.6,2061.2,2058.45,2291.95,-50.24382415566242,-67.58267512597278,17.33885097031036,50.6060606060606,50.785714285714285,17.22904544681495,8734.75,-59346,16538.3,-346.0,-2.0893719806763245
2015-07-31,2069,2073,2052,2063,5130,15790,2077.6,2064.5,2051.25,2284.75,-47.081175625303786,-63.482375225838986,16.4011996005352,55.48172757475083,47.0,12.160008934810044,8583.6,-64476,16360.5,-424.0,-2.615024053287285
2015-08-03,2059,2116,2059,2075,4756,15174,2076.0,2062.0,2049.55,2277.6,-43.10951451889423,-59.40780308445004,16.298288565555808,56.91318327974276,48.214285714285715,59.48821655611085,8140.85,-59720,16135.55,-616.0,-3.901203293223554
2015-08-04,2070,2100,2062,2099,5233,14774,2080.4,2065.6,2052.45,2270.6666666666665,-37.592007788585306,-55.044644025277094,17.452636236691788,63.20754716981132,48.5,61.74662417381111,7500.7,-54487,15972.75,-400.0,-2.636088045340712
2015-08-05,2105,2111,2091,2107,4706,14918,2082.6,2073.3,2059.15,2264.35,-32.20259929288977,-50.47623507879963,18.27363578590986,63.322884012539184,45.5,81.63396765296993,6878.15,-49781,15868.4,144.0,0.9746852578854659
2015-08-06,2150,2150,2089,2100,5967,14797,2088.8,2079.7,2061.0,2257.9,-28.17155161913479,-46.01529838686667,17.84374676773188,61.0062893081761,48.5,87.6561406730428,6198.7,-55748,15759.35,-121.0,-0.8111006837377643
2015-08-07,2098,2099,2067,2080,4080,14457,2092.2,2084.9,2061.75,2251.383333333333,-26.287721656858594,-42.069783040865055,15.782061384006461,46.268656716417915,43.92857142857143,33.43417416393071,5968.85,-59828,15573.85,-340.0,-2.2977630600797494
2015-08-10,2075,2087,2060,2076,3919,14432,2092.4,2084.2,2064.05,2244.8,-24.831299644740284,-38.6220863616401,13.790786716899817,52.765957446808514,41.214285714285715,17.357586467365667,5700.05,-63747,15396.85,-25.0,-0.17292660994674414
2015-08-11,2075,2091,2070,2072,4752,14713,2087.0,2083.7,2066.05,2238.366666666667,-23.726338813083657,-35.642936851928816,11.916598038845159,60.19417475728156,37.5,19.92733095974508,5536.15,-68499,15206.35,281.0,1.9470620842572117
2015-08-12,2071,2086,2021,2085,4831,14908,2082.6,2082.6,2069.55,2232.4,-21.553206095255064,-32.824990700594064,11.271784605339,61.502347417840376,39.857142857142854,-9.051502866285231,5484.4,-63668,15051.5,195.0,1.325358526473197
2015-08-13,2089,2116,2085,2094,7212,15487,2081.4,2085.1,2073.15,2227.1,-18.887039936326346,-30.037400547740525,11.150360611414179,65.42056074766356,40.214285714285715,53.444648037149136,5119.5,-56456,15014.8,579.0,3.883820767373214
2015-08-14,2091,2102,2083,2102,4529,15746,2085.8,2089.0,2076.75,2221.483333333333,-15.944749755555222,-27.218870389303465,11.274120633748243,55.68862275449102,36.0,44.59917263204737,5134.25,-51927,15011.9,259.0,1.6723703751533536
2015-08-17,2106,2112,2076,2076,5086,15756,2085.8,2089.1,2075.55,2215.1833333333334,-15.53190417511587,-24.881477146465947,9.349572971350078,49.73262032085562,35.357142857142854,25.452118426901723,4751.9,-57013,15050.45,10.0,0.06350819255684925
2015-08-18,2076,2085,2072,2075,3586,15808,2086.4,2086.7,2076.15,2208.85,-15.111219983317369,-22.927425713836232,7.816205730518863,43.78698224852071,34.07142857142857,1.642193502843885,4542.95,-60599,15095.55,52.0,0.3300330033003229
2015-08-19,2072,2076,2049,2052,7785,17677,2079.8,2081.2,2077.25,2201.983333333333,-16.4441743061725,-21.630775432303487,5.186601126130988,44.84848484848485,33.5,-45.03589873002997,4557.8,-68384,15247.2,1869.0,11.823127530364363
2015-08-20,2056,2064,2030,2036,10327,20815,2068.2,2074.8,2077.25,2194.75,-18.577467017170875,-21.020113749276966,2.442646732106091,42.285714285714285,34.42857142857143,-90.70155938042595,4847.75,-78711,15575.9,3138.0,17.7518809752786
2015-08-21,2041,2047,2030,2035,4219,21049,2054.8,2070.3,2077.6,2187.6666666666665,-20.116913249238678,-20.83947364926931,0.7225604000306305,37.80487804878049,31.571428571428573,-109.45147861771036,4901.7,-82930,15931.15,234.0,1.1241892865721859
2015-08-24,2032,2080,1936,1941,15826,20355,2027.8,2056.8,2070.5,2179.016666666667,-28.59235501796138,-22.390049923007727,-6.202305094953655,16.239316239316253,39.142857142857146,-157.83005059836321,5555.15,-98756,16232.2,-694.0,-3.2970687443584
2015-08-25,1934,1975,1920,1942,8776,19928,2001.2,2043.8,2063.75,2170.016666666667,-34.82704751461961,-24.877449441330103,-9.949598073289504,13.656387665198238,41.642857142857146,-151.9360792082513,5861.7,-89980,16467.9,-427.0,-2.097764676983538
2015-08-26,1961,1979,1948,1948,6037,19926,1980.4,2030.1,2056.35,2161.1833333333334,-38.8362561941708,-27.669210791898244,-11.167045402272556,16.371681415929203,39.92857142857143,-110.40751004480038,5982.0,-83943,16636.2,-2.0,-0.010036130068247218
2015-08-27,1950,1985,1942,1970,5782,20699,1967.2,2017.7,2051.4,2153.016666666667,-39.77980993234746,-30.09133061998809,-9.688479312359373,25.877192982456137,40.642857142857146,-88.09261887812742,6126.95,-78161,16860.45,773.0,3.8793536083508995
2015-08-28,1971,2008,1967,1978,8726,20784,1955.8,2005.3,2047.15,2145.0,-39.427553631119736,-31.95857522221442,-7.468978408905315,28.879310344827587,41.642857142857146,-62.923866843243964,6306.75,-69435,17110.15,85.0,0.41064785738440523
2015-08-31,1981,1982,1948,1959,7759,21056,1959.4,1993.6,2041.35,2136.85,-40.21792201470362,-33.61044458071226,-6.607477433991356,27.1255060728745,42.57142857142857,-73.34216901919184,6456.9,-77194,17404.25,272.0,1.3086989992301845
2015-09-01,1955,1972,1952,1965,6487,21655,1964.0,1982.6,2034.65,2128.9333333333334,-39.90020012703053,-34.86839568997592,-5.0318044370546104,25.0,39.357142857142854,-65.5223786804646,6519.6,-70707,17748.3,599.0,2.844794832826758
2015-09-02,1962,1969,1955,1962,5001,20878,1966.8,1973.6,2027.4,2120.8166666666666,-39.43588582612392,-35.78189371720552,-3.653992108918402,21.794871794871796,38.142857142857146,-59.91794331603487,6534.35,-75708,18046.3,-777.0,-3.588085892403603
2015-09-07,1961,1962,1856,1936,4825,20804,1960.0,1963.6,2019.2,2112.0833333333335,-40.69676908522979,-36.764868790810375,-3.931900294419414,17.063492063492063,44.357142857142854,-86.33567504745277,6477.25,-80533,18346.65,-74.0,-0.35444008046747744
2015-09-08,1926,1952,1923,1952,6005,22355,1954.8,1955.3,2012.8,2103.5666666666666,-39.94450646389987,-37.400796325428274,-2.543710138471596,24.38016528925621,43.857142857142854,-59.59650769440621,6573.5,-74528,18741.55,1551.0,7.455297058258026
2015-09-09,1953,1996,1953,1956,11877,24108,1954.2,1956.8,2006.8,2096.15,-38.58083054731492,-37.6368031698056,-0.9440273775093146,25.714285714285722,46.07142857142857,-34.43690798791378,6971.4,-62651,19225.35,1753.0,7.8416461641690915
2015-09-10,1958,1972,1948,1964,4396,24151,1954.0,1959.0,2001.4,2089.1666666666665,-36.43457926740007,-37.3963583893245,0.9617791219244296,30.869565217391298,45.857142857142854,-36.192618717056206,6953.6,-58255,19697.25,43.0,0.17836402853823596
2015-09-11,1963,1975,1960,1961,6961,24439,1953.8,1960.3,1995.2,2082.7166666666667,-34.5771507231093,-36.83251685608146,2.2553661329721635,32.718894009216584,44.5,-29.197181830327622,7060.1,-65216,20173.8,288.0,1.192497205084675
2015-09-14,1958,1962,1942,1943,5512,24338,1955.2,1957.6,1987.65,2076.45,-34.16375627133584,-36.29876473913234,2.135008467796496,30.34188034188034,44.714285714285715,-39.591569705569135,6975.1,-70728,20616.35,-101.0,-0.4132738655427848
2015-09-15,1940,1943,1916,1919,7996,26070,1948.6,1951.7,1978.5,2069.5,-35.3650710880795,-36.112026008921774,0.7469549208422706,43.29268292682926,36.357142857142854,-57.37721064716371,7148.45,-78724,21132.55,1732.0,7.116443421809526
2015-09-16,1920,1947,1919,1941,7023,26124,1945.6,1949.9,1971.75,2062.8166666666666,-34.14826564720261,-35.71927393657794,1.5710082893753352,49.72972972972973,34.42857142857143,-45.03362567268475,7245.3,-71701,21650.95,54.0,0.20713463751438344
2015-09-17,1941,1960,1936,1939,6984,25514,1940.6,1947.3,1964.95,2056.3166666666666,-32.965318186148124,-35.16848278649198,2.203164600343854,47.51381215469614,33.5,-31.77013897760969,7415.2,-78685,22136.25,-610.0,-2.335017608329504
2015-09-18,1942,1946,1933,1937,5559,25389,1935.8,1944.8,1959.2,2049.7166666666667,-31.822378515109676,-34.49926193221552,2.6768834171058415,39.75155279503105,31.357142857142858,-38.32139658918445,7303.9,-84244,22521.85,-125.0,-0.4899270988476867
2015-09-21,1936,1943,1909,1923,5828,25262,1931.8,1943.5,1953.55,2043.5,-31.681073889479876,-33.93562432366839,2.2545504341885163,33.532934131736525,30.857142857142858,-60.53012437620019,7078.95,-90072,22744.2,-127.0,-0.5002166292488841
2015-09-22,1923,1933,1901,1915,7202,25861,1931.0,1939.8,1947.55,2037.2833333333333,-31.847503896300168,-33.51800023819475,1.6704963418945837,35.8974358974359,30.714285714285715,-85.79224845642217,7228.1,-97274,22984.8,599.0,2.3711503443907933
2015-09-23,1910,1924,1900,1921,6844,25540,1927.0,1936.3,1946.55,2031.4833333333333,-31.136330780318303,-33.041666346619465,1.9053355663011615,35.8974358974359,31.0,-81.20851291351856,6779.0,-90430,23244.05,-321.0,-1.2412513050539475
2015-09-24,1920,1933,1910,1916,4014,26140,1922.4,1931.5,1945.25,2026.4166666666667,-30.623174284545485,-32.55796793420467,1.9347936496591842,35.44303797468355,31.642857142857142,-63.26064198197316,6540.9,-94444,23554.65,600.0,2.3492560689115205
2015-09-25,1914,1932,1909,1916,4522,25842,1918.2,1927.0,1943.65,2021.6166666666666,-29.872146553845596,-32.020803658132856,2.1486571042872598,42.42424242424243,25.714285714285715,-58.38979046103976,6465.15,-94444,23850.45,-298.0,-1.140015302218822
2015-09-28,1910,1916,1881,1884,5175,25905,1910.4,1921.1,1939.35,2016.4,-31.496017744279243,-31.915846475362137,0.41982873108289454,27.027027027027017,26.142857142857142,-99.09492134351517,6434.8,-99619,24110.75,63.0,0.2437891804039971
2015-09-29,1873,1889,1852,1864,6920,24777,1900.2,1915.6,1933.65,2010.6833333333334,-34.00479411576657,-32.333636003443026,-1.6711581123235462,21.951219512195124,25.642857142857142,-125.73803821443909,6344.5,-106539,24310.4,-1128.0,-4.354371742906771
2015-09-30,1865,1872,1852,1853,5407,23903,1886.6,1906.8,1928.35,2006.4166666666667,-36.460333505213384,-33.1589755037971,-3.3013580014162827,16.76646706586827,25.357142857142858,-115.73539827375429,6226.9,-111946,24452.75,-874.0,-3.5274649876901987
2015-10-08,1869,1880,1840,1853,4052,24006,1874.0,1898.2,1922.75,2003.2833333333333,-37.96868677608836,-34.12091775825536,-3.847769017833002,17.073170731707307,27.142857142857142,-99.8502974328776,6105.15,-111946,24570.3,103.0,0.430908254194029
2015-10-09,1855,1892,1851,1883,5945,24238,1867.4,1892.8,1918.8,2001.7833333333333,-36.32459105639123,-34.561652417882534,-1.7629386385086931,32.95454545454545,28.642857142857142,-65.94461518331612,6152.35,-106001,24738.3,232.0,0.9664250604015656
2015-10-12,1889,1900,1866,1881,6434,24179,1866.8,1888.6,1916.05,1998.75,-34.78207058020212,-34.60573605034645,-0.17633452985566578,37.66233766233766,29.142857142857142,-51.389419875056234,6232.8,-112435,24907.05,-59.0,-0.24341942404488837
2015-10-13,1884,1884,1863,1877,5595,23007,1869.4,1884.8,1912.3,1995.6166666666666,-33.49625458797186,-34.383839757871534,0.8875851698996726,26.470588235294116,28.642857142857142,-56.23755303825701,6212.3,-118030,24939.65,-1172.0,-4.847181438438319
2015-10-14,1878,1883,1870,1877,3376,23168,1874.2,1880.4,1908.35,1993.0666666666666,-32.107125197045434,-33.92849684570632,1.821371648660886,26.86567164179104,27.857142857142858,-48.9024771725023,5787.25,-118030,24892.65,161.0,0.6997870213413249
2015-10-15,1878,1886,1872,1879,3757,23609,1879.4,1876.7,1904.1,1990.5166666666667,-30.493338634957354,-33.24146520355653,2.748126568599176,28.358208955223887,27.928571428571427,-41.37269765536921,5755.3,-114273,24865.55,441.0,1.90348756906078
2015-10-16,1879,1880,1865,1870,3583,23792,1876.8,1872.1,1899.55,1988.1,-29.599422227225205,-32.51305660829026,2.9136343810650587,29.45736434108528,26.571428571428573,-48.87189235869585,5586.4,-117856,24833.2,183.0,0.7751281291032974
2015-10-19,1868,1872,1842,1846,7782,24529,1869.8,1868.3,1894.7,1985.1666666666667,-30.47627493082814,-32.10570027279784,1.6294253419697,26.206896551724142,26.428571428571427,-72.01450147568653,5699.9,-125638,24842.75,737.0,3.0976798924008175
2015-10-20,1846,1855,1843,1850,3750,24097,1864.4,1866.9,1891.25,1982.1666666666667,-30.496871494268362,-31.783934517091947,1.2870630228235846,25.174825174825173,25.571428571428573,-70.12523473671531,5487.6,-121888,24744.1,-432.0,-1.7611806433201482
2015-10-21,1850,1859,1800,1854,4974,23838,1859.8,1867.0,1886.9,1978.0666666666666,-29.84637738876677,-31.39642309142691,1.5500457026601424,28.16901408450704,28.142857142857142,-79.50466994966101,5385.15,-116914,24629.8,-259.0,-1.0748225920239052
2015-10-22,1856,1860,1848,1848,3899,23736,1853.6,1866.5,1882.35,1974.4833333333333,-29.47523383159296,-31.012185239460123,1.5369514078671642,27.027027027027017,27.357142857142858,-52.92208856061994,5230.9,-120813,24540.9,-102.0,-0.4278882456581923
2015-10-23,1847,1855,1825,1844,3924,23818,1848.4,1862.6,1877.7,1971.3833333333334,-29.167640060797794,-30.64327620372766,1.475636142929865,33.33333333333333,27.0,-66.46635698077712,5149.15,-124737,24462.35,82.0,0.34546680148297426
2015-10-26,1844,1858,1833,1836,3588,23953,1846.4,1858.1,1873.35,1968.05,-29.232429669880958,-30.36110689695832,1.128677227077361,37.037037037037045,26.142857142857142,-59.779148426442454,5037.15,-128325,24396.9,135.0,0.5667982198337418
2015-10-27,1835,1837,1821,1830,3880,24234,1842.4,1853.4,1869.1,1964.75,-29.428690136599926,-30.17462354488664,0.7459334082867137,38.83495145631068,25.857142857142858,-76.38769656776914,4871.05,-132205,24315.55,281.0,1.173130714315529
2015-10-28,1829,1832,1812,1819,3133,23927,1835.4,1847.6,1864.0,1960.35,-30.12457864885414,-30.164614565680143,0.04003591682600316,35.08771929824562,24.428571428571427,-83.51915207003529,4685.5,-135338,24234.9,-307.0,-1.266815218288353
2015-10-29,1820,1834,1812,1815,3371,24102,1828.8,1841.2,1858.95,1955.9833333333333,-30.64557872371006,-30.26080739728613,-0.3847713264239303,11.36363636363636,23.071428571428573,-79.88528793159563,4653.35,-138709,24133.0,175.0,0.7313913152505513
2015-10-30,1817,1821,1810,1819,4163,23251,1823.8,1836.1,1854.1,1951.3666666666666,-30.385443982087736,-30.285734714246452,-0.09970926784128409,15.555555555555543,21.428571428571427,-84.82003855780185,4635.4,-134546,24003.45,-851.0,-3.5308273172350857
2015-11-02,1822,1828,1814,1818,3895,23283,1820.2,1833.3,1850.8,1947.1833333333334,-29.915133925465398,-30.211614556490243,0.29648063102484556,16.091954022988503,20.928571428571427,-71.29080128545749,4571.4,-138441,23872.35,32.0,0.13762848909724124
2015-11-03,1813,1823,1788,1789,5750,23646,1812.0,1827.2,1847.05,1942.6166666666666,-31.51913449163908,-30.473118543520012,-1.0460159481190665,12.06896551724138,22.5,-98.2192843421694,4512.9,-144191,23815.8,363.0,1.5590774384744321
2015-11-04,1788,1796,1782,1785,5288,23958,1805.2,1820.3,1843.65,1937.7833333333333,-32.73572599514682,-30.925640033845376,-1.8100859613014464,10.169491525423723,22.5,-102.36539869080379,4506.95,-149479,23818.55,312.0,1.3194620654656264
2015-11-05,1786,1793,1768,1770,7007,24769,1796.2,1812.5,1839.5,1932.3,-34.5124204666115,-31.642996120398603,-2.8694243462128988,9.677419354838719,23.214285714285715,-101.17298473526584,4654.7,-156486,23856.7,811.0,3.385090575173222
2015-11-06,1776,1777,1762,1769,9376,24646,1786.2,1805.0,1833.8,1926.6666666666667,-35.590885702469905,-32.432574036812866,-3.1583116656570382,11.881188118811878,22.142857142857142,-96.81522827792654,4826.25,-165862,23877.1,-123.0,-0.4965884775324003
2015-11-09,1770,1792,1764,1790,9399,23619,1780.6,1800.4,1829.25,1921.5,-34.3550292838122,-32.817065086212736,-1.5379641975994645,24.576271186440692,23.285714285714285,-70.64497373252814,4974.5,-156463,23849.1,-1027.0,-4.167004787795181
2015-11-10,1790,1794,1780,1785,4747,23016,1779.8,1795.9,1824.65,1916.5833333333333,-33.39411580157275,-32.93247522928474,-0.4616405722880117,21.008403361344534,20.071428571428573,-58.40797486260391,4932.1,-161210,23849.55,-603.0,-2.5530293407849625
2015-11-11,1785,1786,1768,1771,3309,22926,1777.0,1791.1,1819.35,1911.5,-33.37751275079745,-33.021482733587284,-0.35603001721016625,19.68503937007874,20.5,-68.58136508357116,4928.75,-164519,23837.45,-90.0,-0.39103232533889143
2015-11-12,1773,1779,1763,1776,3915,22867,1778.2,1787.2,1814.2,1906.5666666666666,-32.585273748043846,-32.934240936478595,0.3489671884347487,23.4375,19.5,-66.83334761058295,4936.65,-160604,23800.35,-59.0,-0.2573497339265485
2015-11-13,1775,1793,1770,1770,4765,22559,1778.4,1782.3,1809.2,1901.3166666666666,-32.07186400231922,-32.76176554964672,0.6899015473275014,23.80952380952381,19.357142857142858,-54.851453598018324,4995.75,-165369,23738.7,-308.0,-1.3469191411203951
2015-11-16,1768,1786,1765,1775,3601,23276,1775.4,1778.0,1805.65,1896.0,-30.90526817302134,-32.390466074321644,1.4851979013003032,28.0,19.714285714285715,-53.6628107444175,4786.7,-161768,23676.05,717.0,3.17833237288887
2015-11-17,1774,1781,1772,1780,3779,23015,1774.4,1777.1,1802.15,1890.6333333333334,-29.24021140450577,-31.76041514035847,2.5202037358527,33.61344537815127,18.928571428571427,-45.29279539008866,4788.15,-157989,23621.95,-261.0,-1.121326688434443
2015-11-18,1780,1783,1760,1762,6334,22397,1772.6,1774.8,1797.55,1885.4,-29.038355401771014,-31.216003192640983,2.177647790869969,30.075187969924812,19.0,-56.19047884612186,4856.15,-164323,23549.9,-618.0,-2.685205300890725
2015-11-19,1760,1765,1723,1731,7067,22026,1763.6,1770.9,1791.7,1879.6666666666667,-31.022219155733637,-31.177246385259515,0.15502722952587789,22.5,21.214285714285715,-96.90772395410143,5014.55,-171390,23464.4,-371.0,-1.6564718489083363
2015-11-20,1732,1740,1725,1729,3065,22093,1755.4,1766.9,1785.95,1874.2833333333333,-32.38254296119476,-31.418305700446567,-0.9642372607481917,22.360248447204967,21.285714285714285,-98.46810586698598,4971.6,-174455,23378.15,67.0,0.30418596204484505
2015-11-23,1729,1729,1687,1705,7364,21535,1741.4,1758.4,1779.4,1868.7666666666667,-34.99382180637144,-32.13340892163154,-2.860412884739901,23.07692307692308,21.785714285714285,-118.68682287401742,5160.4,-181819,23257.25,-558.0,-2.5256868691440726
2015-11-24,1705,1733,1697,1729,8242,20966,1731.2,1752.8,1774.35,1863.6666666666667,-34.72637563884473,-32.65200226507418,-2.0743733737705483,34.09090909090909,23.357142857142858,-87.60093899869642,5378.5,-173577,23093.85,-569.0,-2.6422103552356635
2015-11-25,1732,1767,1723,1744,8456,18446,1727.6,1750.1,1770.6,1860.3833333333334,-32.924514674100465,-32.70650474687944,-0.21800992722102563,42.61363636363635,24.714285714285715,-44.457066463079386,5644.65,-165121,22819.8,-2520.0,-12.019460078221888
2015-11-26,1736,1774,1732,1745,7472,16626,1730.4,1747.0,1767.1,1857.1,-31.057820018826533,-32.376767801268855,1.3189477824423221,43.18181818181818,26.642857142857142,-31.574608522307788,5849.7,-157649,22446.0,-1820.0,-9.866637753442475
2015-11-27,1745,1747,1705,1720,5055,15721,1728.6,1742.0,1762.15,1853.3,-31.235676684708096,-32.14854957795671,0.9128728932486112,30.555555555555557,27.642857142857142,-69.93084287791567,5894.3,-162704,22069.5,-905.0,-5.443281607121375
2015-11-30,1710,1720,1677,1679,4810,16799,1723.4,1732.4,1755.2,1848.45,-34.28971621855021,-32.57678290607541,-1.712933312474803,25.462962962962962,29.714285714285715,-109.92398942304258,5940.05,-167514,21745.3,1078.0,6.8570701609312446
2015-12-01,1676,1697,1675,1692,5831,17783,1716.0,1723.6,1750.35,1843.6833333333334,-35.25467920126357,-33.11236216511304,-2.14231703615053,31.627906976744185,30.0,-100.21160916797379,5944.1,-161683,21452.15,984.0,5.85749151735222
2015-12-02,1690,1735,1688,1730,10976,20033,1713.2,1720.4,1747.6,1839.8666666666666,-32.57760257289078,-33.00541024666859,0.4278076737778065,40.725806451612904,32.214285714285715,-48.882837360105526,6228.5,-150707,21255.9,2250.0,12.652533318337733
2015-12-03,1728,1739,1704,1709,5817,20948,1706.0,1718.2,1744.55,1835.6,-31.784136809089887,-32.761155559152854,0.9770187500629675,38.40304182509506,33.07142857142857,-44.702491517870975,6169.0,-156524,21064.85,915.0,4.567463684919892
2015-12-04,1710,1739,1702,1734,7235,22589,1708.8,1718.7,1742.8,1831.8,-28.80596121854387,-31.97011669103106,3.164155472487188,42.75618374558304,34.214285714285715,-29.349915545147006,6061.95,-149289,20962.0,1641.0,7.833683406530456
2015-12-07,1742,1752,1725,1742,8749,24841,1721.4,1722.4,1740.4,1828.5666666666666,-25.506183063916296,-30.67732996560811,5.171146901691813,43.35664335664336,35.5,-2.9661489417314875,6029.45,-140540,21023.1,2252.0,9.969454159103996
2015-12-08,1739,1743,1724,1727,8502,25909,1728.4,1722.2,1737.5,1824.8166666666666,-23.82679923263936,-29.30722381901436,5.480424586375001,43.81625441696113,35.214285714285715,-12.95397184009252,6217.2,-149042,21167.75,1068.0,4.299343826738045
2015-12-09,1725,1739,1721,1731,5750,26822,1728.6,1720.9,1735.5,1821.0666666666666,-21.920423874998733,-27.829863830211234,5.909439955212502,50.0,33.5,-11.293890704451517,6339.25,-143292,21362.55,913.0,3.5238720135860158
2015-12-10,1731,1740,1728,1735,6212,28652,1733.8,1719.9,1733.45,1817.25,-19.85793122869927,-26.23547730990884,6.3775460812095695,51.16279069767442,33.285714285714285,-0.45113195875733975,6454.1,-137080,21651.8,1830.0,6.822757437924087
2015-12-11,1735,1758,1726,1758,8375,29219,1738.6,1723.7,1732.85,1813.8666666666666,-16.18095914138553,-24.22457367620418,8.043614534818651,60.311284046692606,32.57142857142857,29.726696224685938,6634.6,-128705,21984.8,567.0,1.9789194471590221
2015-12-14,1756,1792,1750,1792,13353,29643,1748.6,1735.0,1733.7,1811.35,-10.403491447434135,-21.46035723045017,11.056865783016036,61.79775280898876,33.0,92.30079888258037,7122.2,-115352,22303.15,424.0,1.451110578733017
2015-12-15,1788,1800,1780,1782,12200,29433,1759.6,1744.0,1733.8,1809.0666666666666,-6.556147910037225,-18.479515366367583,11.923367456330357,57.25190839694657,31.285714285714285,106.12335016480867,7543.25,-127552,22624.05,-210.0,-0.7084303208177323
2015-12-16,1781,1818,1763,1812,12157,31914,1775.8,1752.2,1736.3,1806.9166666666667,-1.0739710883156022,-14.998406510757187,13.924435422441585,61.51202749140893,32.214285714285715,111.28432292694748,7834.4,-115395,23099.9,2481.0,8.429314035266543
2015-12-17,1815,1852,1808,1830,23726,36365,1794.8,1764.3,1741.25,1805.1,4.669318114894395,-11.06486158562687,15.734179700521265,69.36619718309859,32.357142857142854,128.2620841656463,8667.35,-91669,23816.85,4451.0,13.94685717866766
2015-12-18,1831,1867,1831,1866,18806,38748,1816.4,1777.5,1748.1,1803.9166666666667,11.9876293924533,-6.454363390010837,18.441992782464137,83.51254480286738,31.928571428571427,125.08707331655563,9454.4,-72863,24649.6,2383.0,6.553004262340156
2015-12-21,1868,1923,1866,1900,33381,39406,1838.0,1793.3,1757.85,1803.5333333333333,20.296988605441584,-1.1040929909203534,21.401081596361937,84.66666666666667,34.42857142857143,130.69512252984313,10755.25,-39482,25543.15,658.0,1.698152162692268
2015-12-22,1913,1914,1850,1871,39947,39907,1855.8,1807.7,1764.95,1802.8,24.262475298176696,3.969220666899057,20.29325463127764,74.22680412371135,35.642857142857146,96.25550905719977,12340.5,-79429,26490.2,501.0,1.2713799928944836
2015-12-23,1870,1872,1835,1849,20596,39509,1863.2,1819.5,1770.2,1801.6,25.337856891650745,8.242947911849395,17.09490897980135,73.97260273972603,35.785714285714285,66.4285759461324,12947.5,-100025,27543.35,-398.0,-0.9973187661312499
2015-12-24,1850,1886,1850,1865,21635,42098,1870.2,1832.5,1776.2,1800.75,27.167995098598794,12.027957349199276,15.140037749399518,73.14487632508835,35.785714285714285,69.79836511603818,13655.65,-78390,28816.95,2589.0,6.552937305424078
2015-12-25,1866,1878,1857,1873,12462,42457,1871.6,1844.0,1783.85,1800.0333333333333,28.9304339205828,15.40845266347598,13.52198125710682,73.14487632508835,35.357142857142854,64.03845989022545,14026.0,-65928,30153.75,359.0,0.8527721031877933
2015-12-28,1869,1879,1852,1868,20922,42925,1865.2,1851.6,1793.3,1799.7666666666667,29.582710103953787,18.243304151571543,11.339405952382243,75.82417582417582,35.92857142857143,56.24076194188348,14831.6,-86850,31460.05,468.0,1.102291730456706
2015-12-29,1872,1918,1870,1911,39248,45242,1873.2,1864.5,1804.25,1800.55,33.18682722649305,21.232008766555847,11.954818459937204,78.84615384615384,38.214285714285715,73.4250844682879,16502.45,-47602,32833.0,2317.0,5.39778683750729
2015-12-30,1913,1944,1906,1932,38406,46068,1889.8,1876.5,1814.35,1801.8666666666666,37.30758192675603,24.447123398595885,12.860458528160144,79.93920972644376,40.07142857142857,82.97355475896596,17873.95,-9196,34134.75,826.0,1.8257371468989092
2015-12-31,1931,1968,1931,1949,29260,49206,1906.6,1888.4,1826.35,1803.4666666666667,41.46706117138615,27.85111095315394,13.61595021823221,79.56656346749226,40.42857142857143,86.98825491063346,19046.1,20064,35547.65,3138.0,6.811669705652523
2016-01-04,1980,2000,1924,1929,25755,48446,1917.8,1894.7,1836.1,1804.2333333333333,42.65791173431421,30.812471109385996,11.845440624928216,72.16828478964402,42.857142857142854,78.71834755624018,19972.1,-5691,36840.5,-760.0,-1.5445270901922492
2016-01-05,1931,1959,1913,1958,40354,50950,1935.8,1900.5,1846.9,1805.5166666666667,45.41817457724301,33.7336118029574,11.68456277428561,76.82926829268293,44.714285714285715,66.40671698533185,21552.35,34663,38145.95,2504.0,5.168641373900829
2016-01-06,1958,1960,1930,1935,36110,53364,1940.6,1906.9,1857.3,1806.4833333333333,45.22842980087944,36.03257540254181,9.19585439833763,69.1588785046729,42.92857142857143,59.83172549257235,22932.75,-1447,39518.7,2414.0,4.73797841020609
2016-01-07,1924,1945,1902,1924,34843,51708,1939.0,1914.4,1866.95,1807.2666666666667,43.686852784630446,37.56343087895954,6.123421905670909,64.96815286624204,42.857142857142854,43.598999670889356,24387.4,-36290,40763.0,-1656.0,-3.103215651000679
2016-01-08,1910,1920,1876,1881,46175,51218,1925.4,1916.0,1874.25,1807.3,38.55100922164752,37.760946547497134,0.7900626741503842,52.336448598130836,43.642857142857146,16.30995452932992,26385.55,-82465,41891.3,-490.0,-0.9476289935793303
2016-01-11,1880,1889,1865,1877,35598,52520,1915.0,1916.4,1880.2,1807.4166666666667,33.768784102824384,36.96251405856259,-3.193729955738206,46.04810996563574,41.285714285714285,-2.008074744520793,27746.7,-118063,43056.35,1302.0,2.542075051739623
2016-01-12,1874,1881,1854,1857,30815,56204,1894.8,1915.3,1883.45,1807.6,28.04175548719013,35.1783623442881,-7.136606857097966,47.51773049645389,38.642857142857146,-20.548740616926736,28619.8,-148878,44384.4,3684.0,7.014470677837004
2016-01-13,1857,1874,1850,1857,26369,56624,1879.2,1909.9,1887.2,1807.7166666666667,23.235203090471714,32.78973049352482,-9.554527403053108,51.53846153846153,37.714285714285715,-31.859255056639608,29328.25,-148878,45743.95,420.0,0.7472777738239289
2016-01-14,1856,1887,1852,1881,37419,62864,1870.6,1904.8,1890.65,1808.1666666666667,21.1191269609576,30.45560978701138,-9.336482826053778,52.985074626865675,37.57142857142857,-23.975540895921085,30591.35,-111459,47291.45,6240.0,11.020062164453236
2016-01-15,1880,1911,1875,1898,50862,63888,1874.0,1899.7,1894.05,1809.0,20.57668410209658,28.47982465002842,-7.903140547931841,54.51263537906138,38.642857142857146,0.8679081309960373,31948.15,-60597,48667.6,1024.0,1.6289132094680525
2016-01-18,1896,1948,1889,1937,66685,65855,1886.0,1900.5,1897.6,1810.55,23.028312242850916,27.38952216859292,-4.361209925742003,61.09324758842444,40.92857142857143,41.13168633686552,34342.1,6088,50022.95,1967.0,3.078825444527933
2016-01-19,1942,1955,1933,1949,39103,69627,1904.4,1899.6,1900.05,1812.4333333333334,25.643937569734135,27.040405248821166,-1.3964676790870314,56.78571428571429,38.92857142857143,65.86661931495642,34628.2,45191,51534.0,3772.0,5.7277351757649475
2016-01-20,1950,1952,1921,1929,40087,70235,1918.8,1899.0,1902.95,1814.0833333333333,25.80553647176839,26.793431493410615,-0.987895021642224,49.46236559139785,38.42857142857143,44.49132503374496,34635.2,5104,53050.4,608.0,0.8732244675197842
2016-01-21,1932,1936,1916,1923,29369,72807,1927.2,1898.9,1906.65,1815.8166666666666,25.15943263180361,26.466631721089215,-1.3071990892856036,45.14925373134328,37.214285714285715,27.881671686921802,35073.85,-24265,54715.3,2572.0,3.661991884388116
2016-01-22,1923,1960,1922,1934,46565,77396,1934.4,1904.2,1910.1,1817.8,25.24400161608446,26.222105700088264,-0.9781040840038031,50.965250965250966,34.5,43.8895214770675,36320.35,22300,56480.2,4589.0,6.302965374208513
2016-01-25,1938,1957,1930,1938,37324,78866,1934.6,1910.3,1913.35,1819.7833333333333,25.341666756291943,26.046017911329002,-0.7043511550370596,45.72649572649573,33.142857142857146,43.95995799744115,37563.45,59624,58300.65,1470.0,1.899322962427008
2016-01-26,1941,1947,1931,1945,24648,79382,1933.8,1919.1,1917.2,1821.9,25.687795663789984,25.974373461821198,-0.28657779803121386,52.29357798165137,32.142857142857146,38.88366745047908,37749.75,84272,60123.5,516.0,0.6542743387518035
2016-01-27,1949,1966,1935,1945,38732,86348,1937.0,1927.9,1918.9,1824.5,25.66624086865272,25.912746943187507,-0.24650607453478557,55.07246376811594,31.285714285714285,46.76573716322078,37723.95,84272,62178.8,6966.0,8.775289108362095
2016-01-28,1946,1946,1895,1898,70430,91587,1932.0,1929.6,1917.2,1826.3833333333334,21.607572685925106,25.051712091735027,-3.4441394058099206,54.02843601895734,31.5,-9.991668518796839,39325.15,13842,64454.75,5239.0,6.067309028582013
2016-01-29,1895,1919,1890,1909,42751,90031,1927.0,1930.7,1915.2,1828.7,19.058957184518476,23.85316111029172,-4.7942039257732425,57.339449541284395,31.857142857142858,-18.271575782915725,39999.7,56593,66496.0,-1556.0,-1.6989310710035288
2016-02-01,1911,1945,1910,1924,45269,93335,1924.2,1929.4,1914.95,1831.2833333333333,18.041563761085627,22.6908416404505,-4.649277879364874,65.72769953051642,32.5,18.19905407455991,40975.4,101862,68740.45,3304.0,3.6698470526818516
2016-02-02,1927,1934,1912,1918,35992,94966,1918.8,1926.3,1912.95,1833.4166666666667,16.560226306702816,21.464718573700967,-4.904492266998151,63.926940639269404,32.357142857142854,11.772186624061947,40757.3,65870,70941.25,1631.0,1.7474687952000911
2016-02-03,1919,1935,1911,1923,36732,97069,1914.4,1925.7,1912.35,1835.7166666666667,15.60977415518687,20.29372968999815,-4.683955534811279,60.49999999999999,31.571428571428573,16.726227382482232,40788.4,102602,73126.5,2103.0,2.214476760103623
2016-02-04,1924,1965,1922,1964,41222,98124,1927.6,1929.8,1914.35,1838.9333333333334,17.957884017615243,19.826560555521567,-1.8686765379063246,64.73214285714286,32.07142857142857,61.10297538044966,41107.35,143824,75447.3,1055.0,1.0868557417919256
2016-02-05,1963,1972,1927,1944,26087,97803,1934.6,1930.8,1917.5,1841.7333333333333,17.99748138541395,19.460744721500046,-1.4632633360860972,51.707317073170735,31.071428571428573,51.06129443862492,40102.95,117737,77776.55,-321.0,-0.32713709184297723
2016-02-15,1946,1971,1932,1956,19713,101133,1941.0,1932.6,1921.45,1844.8333333333333,18.78067041847089,19.324729860894216,-0.5440594424233254,51.707317073170735,32.285714285714285,54.910466549684344,39308.7,137450,80207.2,3330.0,3.4048035336339266
2016-02-16,1955,1986,1955,1969,34681,106142,1951.2,1935.0,1927.05,1848.0666666666666,20.217292362678336,19.50324236125104,0.7140500014272959,60.101010101010104,32.285714285714285,79.42770113119717,39502.0,172131,82704.1,5009.0,4.952883826248611
2016-02-17,1965,1975,1955,1961,26799,106351,1958.8,1936.6,1932.25,1851.0833333333333,20.474277733636427,19.697449435728117,0.7768282979083097,59.50000000000001,32.285714285714285,67.63146011484774,39523.5,145332,85190.45,209.0,0.19690603154265407
2016-02-18,1964,1978,1957,1975,26519,107925,1961.0,1944.3,1936.95,1854.6333333333334,21.55910356292111,20.069780261166716,1.4893233017543928,60.09852216748768,31.071428571428573,81.23720414600723,38978.5,171851,87443.5,1574.0,1.480004889469777
2016-02-19,1976,1999,1970,1992,41916,108726,1970.6,1952.6,1941.65,1858.9833333333333,23.519475895689084,20.75971938807119,2.759756507617894,62.5,31.214285714285715,109.59797574124894,38531.2,213767,89685.4,801.0,0.7421820708825466
2016-02-22,1992,2083,1990,2083,90541,109231,1996.0,1968.5,1948.95,1864.8833333333334,32.04661118893273,23.0170977482435,9.029513440689229,73.0,36.714285714285715,163.38652637043128,39724.0,304308,91854.2,505.0,0.4644703198866784
2016-02-23,2080,2100,2047,2058,94415,110018,2013.8,1982.5,1954.4,1870.7666666666667,36.367909652996104,25.687260129194023,10.680649523802082,67.38461538461539,38.285714285714285,137.0702728678086,42489.6,209893,93873.75,787.0,0.7204914355814829
2016-02-24,2058,2064,2039,2063,55330,112775,2034.2,1996.5,1961.1,1876.3333333333333,39.73795363876661,28.49739883110854,11.240554807658071,79.15194346289752,36.42857142857143,101.09241461237785,43251.75,265223,96000.75,2757.0,2.505953571233799
2016-02-25,2063,2082,2045,2053,62466,111593,2049.8,2005.4,1967.6,1881.4833333333333,41.12772652062358,31.02346436901155,10.104262151612033,75.53191489361701,37.0,90.80017214116783,44906.6,202757,97940.05,-1182.0,-1.0481046331190402
2016-02-26,2060,2069,2029,2059,60807,110741,2063.2,2016.9,1973.85,1886.7166666666667,42.22652035660144,33.26407556652953,8.962444790071913,74.72527472527472,37.285714285714285,73.58838154329555,45618.7,263564,99607.3,-852.0,-0.7634887492943054
2016-02-29,2056,2089,2044,2089,78300,112147,2064.4,2030.2,1981.4,1892.8666666666666,44.999347204087144,35.61112989404105,9.388217310046095,78.78787878787878,38.92857142857143,81.50716012584718,47667.5,341864,101271.35,1406.0,1.2696291346475208
2016-03-01,2090,2127,2078,2109,79427,114095,2074.6,2044.2,1989.6,1900.0333333333333,48.254418412754376,38.139787597783716,10.11463081497066,79.8076923076923,40.714285714285715,91.98622435396149,50406.45,421291,103007.0,1948.0,1.7370058940497701
2016-03-02,2114,2123,2087,2110,67698,115372,2084.0,2059.1,1997.85,1907.0,50.33455205586711,40.578740489400396,9.755811566466711,76.83823529411765,40.214285714285715,81.50815089942772,51854.75,488989,104458.2,1277.0,1.1192427363162283
2016-03-03,2110,2140,2110,2127,82779,99742,2098.8,2074.3,2009.3,1913.6166666666666,52.74679861892264,43.01235211530484,9.734446503617797,84.01486988847583,39.142857142857146,83.93286650969775,52472.2,571768,104865.95,-15630.0,-13.547481191276912
2016-03-04,2122,2175,2119,2174,108276,99790,2121.8,2092.5,2022.55,1921.3666666666666,57.7849200159726,45.9668656954384,11.818054320534202,85.85526315789474,40.357142857142854,92.0414031308378,55748.45,680044,105353.9,48.0,0.0481241603336624
2016-03-07,2172,2256,2172,2256,54272,93260,2155.2,2109.8,2039.15,1930.0666666666666,67.6149590590635,50.296484368163426,17.318474690900068,88.47184986595174,44.142857142857146,114.49829969812943,56198.6,734316,105350.15,-6530.0,-6.543741857901598
2016-03-08,2390,2390,2249,2390,157031,72076,2211.4,2143.0,2062.75,1940.8666666666666,85.23547444542737,57.284282383616215,27.951192061811156,92.98597194388778,52.785714285714285,136.70622932538603,62250.55,891347,104205.65,-21184.0,-22.71499034956037
2016-03-09,2370,2377,2171,2218,219094,72178,2233.0,2158.5,2077.5,1949.05,84.34857938408368,62.69714178370971,21.651437600373967,68.4931506849315,66.92857142857143,83.88472292028446,71368.65,672253,102961.1,102.0,0.1415172873078463
2016-03-10,2268,2268,2231,2252,1765,81877,2258.0,2178.4,2091.9,1957.7333333333333,85.4047319213887,67.23865981124551,18.16607211014319,69.28783382789317,68.42857142857143,72.73819379851902,69395.8,674018,102148.75,9699.0,13.437612568926816
2016-03-11,2268,2290,2230,2235,102793,75539,2270.2,2196.0,2106.45,1966.0666666666666,83.902803203649,70.5714884897262,13.331314713922794,62.66666666666667,66.07142857142857,66.10533693929773,73231.1,571225,101035.55,-6338.0,-7.740879612101081
2016-03-14,2190,2308,2184,2200,116550,73125,2259.0,2207.1,2118.65,1973.4333333333334,78.97789833130446,72.25277045804185,6.725127873262608,61.639344262295076,71.14285714285714,51.73634087813483,78072.95,454675,99635.15,-2414.0,-3.1957002343160457
2016-03-15,2195,2218,2145,2160,127597,80375,2213.0,2212.2,2128.2,1979.5666666666666,71.02843840760033,72.00790404795356,-0.9794656403532258,57.519379844961236,74.57142857142857,22.88240850033662,82718.75,327078,98346.8,7250.0,9.914529914529924
2016-03-16,2156,2185,2150,2181,77544,81789,2205.6,2219.3,2139.2,1986.2166666666667,65.66600184734716,70.73952360783228,-5.0735217604851215,59.75609756097561,74.42857142857143,18.038245591651354,85256.0,404622,97118.7,1414.0,1.7592534992223907
2016-03-17,2190,2268,2183,2263,127767,72481,2207.8,2232.9,2153.6,1993.7333333333333,67.25764269789124,70.04314742584407,-2.7855047279528264,63.93442622950819,77.78571428571429,46.913929383939866,90318.4,532389,95346.5,-9308.0,-11.380503490689453
2016-03-18,2263,2343,2263,2322,153754,70245,2225.2,2247.7,2170.1,2001.9333333333334,72.44473860418202,70.52346566151166,1.921272942670356,65.30880420499344,80.28571428571429,77.46500912377621,95910.3,686143,93422.45,-2236.0,-3.0849463997461357
2016-03-21,2325,2410,2304,2359,166592,73243,2257.0,2258.0,2183.9,2010.15,78.6346885181797,72.14571023284527,6.488978285334426,66.0668380462725,84.35714285714286,90.06143359374249,99712.85,852735,91623.05,2998.0,4.267919424870104
2016-03-22,2369,2385,2348,2357,87362,72643,2296.4,2254.7,2198.85,2017.7666666666667,82.42869841070615,74.20230786841745,8.226390542288698,65.85365853658537,84.42857142857143,81.85989419938815,99360.2,765373,89754.3,-600.0,-0.819190912442147
2016-03-23,2355,2428,2340,2401,121070,72169,2340.4,2273.0,2215.75,2026.6,87.97182640729216,76.9562115761924,11.015614831099754,66.99751861042184,88.57142857142857,83.95817637827156,102647.2,886443,87724.0,-474.0,-0.6525060914334468
2016-03-24,2403,2411,2308,2327,157948,67168,2353.2,2280.5,2229.45,2034.5666666666666,85.40907111792512,78.64678348453894,6.76228763338618,59.183673469387756,91.92857142857143,58.958807463406735,107421.3,728495,85502.75,-5001.0,-6.92956809710541
2016-03-25,2323,2410,2321,2410,119863,66250,2370.8,2298.0,2247.0,2043.65,89.04897428303138,80.72722164423743,8.321752638793953,59.23261390887291,92.28571428571429,68.39151618159418,110374.1,848358,83278.2,-918.0,-1.3667222486898556
2016-03-28,2412,2440,2342,2346,141807,61456,2368.2,2312.6,2259.85,2051.5333333333333,85.78053403594322,81.73788412257859,4.042649913364627,47.12041884816754,89.21428571428571,61.230055431267694,113549.45,706551,80743.65,-4794.0,-7.236226415094338
2016-03-29,2359,2392,2352,2376,122471,59965,2372.0,2334.2,2273.2,2060.0,84.63539670234468,82.31738663853181,2.3180100638128636,62.70096463022508,76.85714285714286,55.08066503524558,115701.65,829022,78037.15,-1491.0,-2.426126008851859
2016-03-30,2370,2386,2331,2343,113253,58187,2360.4,2350.4,2284.85,2067.2,80.14122475491149,81.88215426180776,-1.740929506896265,57.3268921095008,77.21428571428571,40.650848492829425,117979.4,715769,75177.9,-1778.0,-2.9650629533894746
2016-03-31,2348,2389,2338,2389,88235,57488,2372.8,2363.0,2297.95,2074.8166666666666,79.37637522624027,81.38099845469426,-2.004623228453994,61.84615384615385,76.57142857142857,48.00902944502513,118252.2,804004,73065.2,-699.0,-1.201299259284716
2016-04-01,2385,2493,2385,2483,148458,62514,2387.4,2379.1,2313.4,2083.7166666666667,85.37113556444683,82.17902587664477,3.192109687802059,69.95768688293371,75.42857142857143,89.99922231787939,120261.3,952462,71201.4,5026.0,8.742694127470084
2016-04-05,2500,2540,2452,2530,117479,68738,2424.2,2396.2,2327.1,2093.733333333333,92.84428243267757,84.31207718785134,8.53220524482623,75.83798882681563,76.5,103.6313584976299,123421.65,1069941,69975.3,6224.0,9.95616981796077
2016-04-06,2530,2558,2496,2505,145977,64769,2450.0,2411.0,2332.85,2102.85,95.64695553533465,86.57905285734802,9.067902677986638,72.5,78.42857142857143,94.6633202124633,122868.95,923964,69609.95,-3969.0,-5.77409875178213
2016-04-07,2506,2560,2498,2546,107313,69350,2490.6,2425.5,2349.25,2113.0333333333333,100.02344351564625,89.26793098900767,10.755512526638583,70.83946980854196,76.64285714285714,88.1777770683715,117279.9,1031277,69468.55,4581.0,7.072828050456237
2016-04-08,2532,2587,2530,2574,183028,78253,2527.6,2450.2,2365.35,2123.866666666667,104.54606579633901,92.32355795047394,12.222507845865067,69.44444444444444,75.0,88.05890037544413,126343.05,1214305,69287.35,8903.0,12.837779379956737
2016-04-11,2581,2714,2580,2681,178845,61629,2567.2,2477.3,2387.65,2137.2,115.43363520945877,96.94557340227092,18.488061807187847,72.42339832869081,77.42857142857143,107.17149966978731,130145.65,1393150,68591.85,-16624.0,-21.243913971349336
2016-04-12,2680,2720,2660,2719,109190,51985,2605.0,2514.6,2413.6,2151.233333333333,125.67963819455917,102.69238636072858,22.987251833830598,74.0053050397878,79.07142857142857,103.7932971668171,129777.65,1502340,67534.85,-9644.0,-15.648477177951936
2016-04-13,2550,2640,2524,2558,265340,64293,2615.6,2532.8,2433.5,2162.9166666666665,119.4315819783892,106.0402254842607,13.391356494128502,59.0126291618829,86.71428571428571,54.65004736367893,136664.8,1237000,66730.75,12308.0,23.676060402039045
2016-04-14,2558,2567,2491,2508,178898,59317,2608.0,2549.3,2449.85,2173.766666666667,109.18673358135129,106.66952710367883,2.5172064776724596,60.684769775678866,84.78571428571429,31.807577975024824,141732.5,1058102,65607.15,-4976.0,-7.739567293484518
2016-04-15,2514,2518,2471,2478,174105,58545,2588.8,2558.2,2460.6,2183.7166666666667,97.52268730354217,104.8401591436515,-7.317471840109334,54.28211586901764,81.78571428571429,14.218087128092133,144049.4,883997,64910.35,-772.0,-1.3014818686042817
2016-04-18,2476,2611,2459,2581,213143,66497,2568.8,2568.0,2473.55,2195.1,95.48934406818216,102.96999612855765,-7.4806520603754905,64.10564225690277,85.64285714285714,37.61766472658458,147018.85,1097140,64722.95,7952.0,13.58271415150738
2016-04-19,2601,2699,2585,2699,325567,97080,2564.8,2584.9,2490.55,2207.8,102.22117664368898,102.82023223158393,-0.5990555878949522,67.53528773072748,90.78571428571429,78.53772220196606,154967.6,1422707,65914.8,30583.0,45.99154849090936
2016-04-20,2720,2858,2716,2833,539766,84455,2619.8,2617.7,2514.35,2222.5333333333333,117.01994944052649,105.66017567337245,11.359773767154039,73.97260273972603,98.21428571428571,114.60745728210601,177587.8,1962473,66505.4,-12625.0,-13.004738360115365
2016-04-21,2830,2959,2803,2954,614048,73424,2709.0,2658.5,2542.0,2239.616666666667,136.9332905270453,111.91479864410704,25.018491882938264,75.75205104831358,105.71428571428571,121.38330322776453,202236.7,2576521,66568.15,-11031.0,-13.061393641584274
2016-04-22,2940,2941,2796,2817,437742,62809,2776.8,2682.8,2566.5,2254.516666666667,140.0456427683116,117.54096746894795,22.504675299363655,64.64912280701755,109.28571428571429,90.22246241892032,216226.4,2138779,66350.2,-10615.0,-14.457125735454346
2016-04-25,2800,2969,2780,2831,269060,57980,2826.8,2697.8,2587.55,2269.4666666666667,142.00494275485016,122.43376252612839,19.571180228721772,63.595302619692866,116.5,81.66571236091494,223686.25,2407839,65936.7,-4829.0,-7.688388606728336
2016-04-26,2831,2831,2685,2685,226437,65247,2824.0,2694.4,2604.5,2281.9166666666665,130.27499325422013,124.00200867174675,6.272984582473384,57.32899022801302,122.5,40.335094431859645,227917.75,2181402,66126.25,7267.0,12.53363228699551
2016-04-27,2700,2709,2594,2632,306162,70502,2783.8,2701.8,2617.3,2293.366666666667,115.37232634342126,122.27607220608165,-6.9037458626603865,53.467741935483865,126.28571428571429,10.177069645350686,237102.3,1875240,66653.1,5255.0,8.054010146060353
2016-04-28,2633,2699,2600,2692,256826,68702,2731.4,2720.2,2634.75,2305.8166666666666,107.16798815013544,119.25445539489242,-12.086467244756975,54.638364779874216,129.28571428571428,12.093696724117342,244280.95,2132066,67178.85,-1800.0,-2.5531190604521803
2016-04-29,2696,2765,2691,2731,228240,70333,2714.2,2745.5,2651.85,2319.7,102.6299113531154,115.92954658653701,-13.299635233421611,52.076411960132894,124.57142857142857,30.795974360417528,251281.2,2360306,67821.1,1631.0,2.3740211347559104
2016-05-03,2714,2731,2572,2574,169415,78023,2662.8,2744.8,2656.4,2330.7833333333333,85.38064991552847,109.81976725233531,-24.439117336806845,44.520030234315946,131.64285714285714,-11.483140906056283,252329.05,2190891,68596.55,7690.0,10.933701107588178
2016-05-04,2562,2578,2501,2524,197110,86928,2630.6,2727.3,2656.1,2340.7833333333333,66.90466844829598,101.23674749152745,-34.332079043231474,48.5973597359736,123.21428571428571,-48.61810043925401,256310.6,1993781,69506.05,8905.0,11.413301206054616
2016-05-05,2535,2560,2450,2458,171167,86150,2595.8,2689.8,2653.75,2349.7833333333333,46.40178076373195,90.26975414596836,-43.867973382236414,47.96416938110749,125.64285714285714,-64.98499270685944,257570.1,1822614,70575.1,-778.0,-0.8949935578869916
2016-05-06,2455,2496,2412,2493,158184,82352,2556.0,2643.7,2651.1,2359.2833333333333,32.60149234119626,78.73610178501394,-46.13460944381768,50.60827250608271,128.28571428571428,-70.12499498987914,260113.65,1980798,71225.2,-3798.0,-4.408589669181662
2016-05-09,2500,2517,2308,2308,189106,78821,2471.4,2592.8,2637.8,2365.016666666667,6.659938821076139,64.32086919222638,-57.66093037115024,39.61977186311787,132.35714285714286,-91.83925914598652,260417.55,1791692,71253.6,-3531.0,-4.28769185933554
2016-05-10,2253,2325,2235,2303,200507,77964,2417.2,2540.0,2618.9,2371.0,-14.139397285241103,48.62881589673289,-62.76821318197399,33.52745424292846,130.35714285714286,-102.29367463100556,261500.65,1591185,72070.35,-857.0,-1.0872736960962137
2016-05-11,2310,2337,2267,2304,172294,81470,2373.2,2501.9,2598.15,2376.8,-30.194268624546567,32.864198992477,-63.05846761702357,25.257249766136567,124.0,-84.59927089306316,264655.85,1763479,73544.6,3506.0,4.496947309014421
2016-05-12,2315,2317,2236,2236,120966,86801,2328.8,2462.3,2582.05,2381.25,-47.85327872087419,16.720703449806763,-64.57398217068095,14.665354330708666,118.64285714285714,-83.99708519110433,257437.15,1642513,74670.0,5331.0,6.543512949551977
2016-05-13,2220,2239,2155,2195,171146,94535,2269.2,2412.6,2566.4,2385.15,-64.4140042525164,0.4937619093421297,-64.90776616185853,16.195652173913047,113.35714285714286,-88.48667785371181,257049.55,1471367,76430.9,7734.0,8.910035598668209
2016-05-16,2199,2280,2171,2245,204168,97888,2256.6,2364.0,2554.75,2389.65,-72.66626494821867,-14.138243462170031,-58.52802148604864,19.35146443514644,107.64285714285714,-72.70381895777832,258552.7,1675535,78398.05,3353.0,3.5468345057386053
2016-05-17,2245,2316,2225,2312,152486,99866,2258.4,2337.8,2541.3,2394.983333333333,-72.95887643404558,-25.902370056545145,-47.05650637750043,28.734321550741157,103.71428571428571,-56.04844918862247,255519.85,1828021,80066.5,1978.0,2.0206766917293173
2016-05-18,2312,2322,2205,2244,201000,94700,2246.4,2309.8,2518.55,2397.6666666666665,-77.78119168437706,-36.27813438211153,-41.50305730226553,28.25112107623319,103.85714285714286,-55.92884484780132,249291.5,1627021,79947.5,-5166.0,-5.172931728516216
2016-05-19,2242,2262,2209,2231,125936,96460,2245.4,2287.1,2488.45,2400.55,-81.71000059350399,-45.36450762439003,-36.34549296911396,22.72189349112425,100.57142857142857,-55.00066466465293,228600.0,1501085,80547.75,1760.0,1.858500527983109
2016-05-20,2226,2265,2204,2255,120747,102693,2257.4,2263.3,2453.5,2403.75,-81.94242921924706,-52.68009194336143,-29.262337275885628,21.32530120481927,99.64285714285714,-49.417481684627916,203934.95,1621832,82011.2,6233.0,6.461745801368446
2016-05-23,2255,2270,2107,2123,170410,107919,2233.0,2244.8,2418.8,2404.9166666666665,-91.72062909161878,-60.488199373012904,-31.23242971860587,21.98757763975155,99.92857142857143,-61.17919722398861,190568.35,1451422,84266.7,5226.0,5.088954456486805
2016-05-24,2123,2167,2100,2153,130144,111243,2201.2,2229.8,2384.9,2406.483333333333,-95.94320017006794,-67.57919953242391,-28.364000637644025,26.369426751592357,99.21428571428571,-63.82638461479306,183622.55,1581566,86929.85,3324.0,3.0800878436605172
2016-05-25,2164,2174,2099,2105,119743,114640,2173.4,2209.9,2355.9,2406.75,-101.98717238058998,-74.46079410205714,-27.526378278532846,26.98826597131682,96.71428571428571,-62.36318894314278,178287.85,1461823,89399.5,3397.0,3.0536752874338102
2016-05-26,2101,2155,2092,2153,131611,120600,2157.8,2201.6,2331.95,2407.483333333333,-101.73117143577838,-79.9148695688014,-21.816301866976985,28.205128205128204,95.21428571428571,-55.33080114868771,169560.3,1593434,91904.4,5960.0,5.198883461270065
2016-05-27,2160,2259,2141,2259,305192,148507,2158.6,2208.0,2310.3,2409.9666666666667,-91.91543085011972,-82.31498182506506,-9.600449025054658,46.50499286733238,88.71428571428571,-28.254454053669868,171978.6,1898626,95894.65,27907.0,23.140132669983426
2016-05-30,2264,2283,2107,2230,347681,158615,2180.0,2206.5,2285.25,2411.6833333333334,-85.4909568203293,-82.9501768241179,-2.5407799962113984,44.96551724137931,94.85714285714286,-29.511560781159652,177950.65,1550945,100308.75,10108.0,6.806413165709357
2016-05-31,2241,2255,2196,2201,164756,158342,2189.6,2195.4,2266.6,2412.133333333333,-81.79667139162893,-82.71947573762012,0.9228043459911817,43.16069057104914,94.07142857142857,-22.2002357309413,177717.7,1386189,104324.7,-273.0,-0.1721148693377028
2016-06-01,2200,2200,2146,2167,204293,161215,2202.0,2187.7,2248.75,2410.65,-80.68238313391066,-82.31205721687823,1.6296740829675684,45.20166898470097,92.21428571428571,-40.04459510517324,178076.85,1181896,108039.05,2873.0,1.814426999785268
2016-06-02,2159,2195,2150,2153,187988,170997,2202.0,2179.9,2233.5,2406.7,-80.00671702733462,-81.85098917896951,1.8442721516348968,46.96531791907514,89.42857142857143,-40.94346995126383,178917.9,993908,112281.4,9782.0,6.067673603572876
2016-06-03,2150,2201,2148,2176,136479,169065,2185.4,2172.0,2217.65,2406.0,-76.73083370135828,-80.82695808344727,4.096124382088988,44.81203007518796,85.42857142857143,-35.00272822775264,177832.65,1130387,116617.05,-1932.0,-1.1298443832347904
2016-06-06,2183,2275,2170,2256,202413,163326,2190.6,2185.3,2215.05,2406.0666666666666,-66.90806660891167,-78.04317978854016,11.13511317962849,45.87020648967552,86.42857142857143,19.98594621182109,178498.0,1332800,120842.3,-5739.0,-3.394552391092187
2016-06-07,2271,2305,2241,2284,152318,159047,2207.2,2198.4,2214.1,2406.883333333333,-56.21606314207793,-73.67775645924772,17.46169331716979,53.13479623824451,82.64285714285714,62.38701450735659,176088.55,1485118,124896.45,-4279.0,-2.6199135471388524
2016-06-08,2272,2325,2238,2300,199164,160880,2233.8,2217.9,2213.9,2408.55,-45.92214517641514,-68.1266342026812,22.20448902626606,55.382215288611555,85.07142857142857,75.63150509902184,177432.05,1684282,128866.95,1833.0,1.152489515677746
2016-06-13,2295,2379,2285,2336,136550,152233,2270.4,2236.2,2218.9,2411.483333333333,-34.46198557167736,-61.39370447648044,26.931718904803077,56.202143950995406,87.42857142857143,105.12965767165177,178211.25,1820832,132138.55,-8647.0,-5.374813525609145
2016-06-14,2336,2358,2255,2256,171647,145629,2286.4,2235.9,2221.95,2412.733333333333,-31.47226524806092,-55.40941663079654,23.93715138273562,61.064891846921796,83.14285714285714,59.882538093339775,178236.3,1649185,134693.25,-6604.0,-4.338087011357594
2016-06-15,2240,2285,2227,2251,132584,147107,2285.4,2238.0,2222.25,2412.5333333333333,-29.170093880577042,-50.16155208075264,20.9914582001756,58.50694444444444,82.5,28.520735791765595,174657.1,1516601,137154.2,1478.0,1.014907745023308
2016-06-16,2263,2316,2250,2252,157776,143984,2279.0,2243.1,2219.25,2411.366666666667,-26.954203562684143,-45.52008237713895,18.565878814454805,63.89413988657845,81.85714285714286,45.01788851250873,174921.6,1674377,139360.1,-3123.0,-2.1229445233741373
2016-06-17,2242,2265,2197,2261,153232,144112,2271.2,2252.5,2220.1,2409.733333333333,-24.192988030857123,-41.25466350788258,17.06167547702546,61.02040816326531,82.21428571428571,18.71979101712709,172533.2,1827609,141830.7,128.0,0.08889876652962148
2016-06-20,2256,2282,2226,2237,121312,144553,2251.4,2260.9,2220.4,2407.733333333333,-23.668468875940107,-37.73742458149409,14.068955705553982,47.30392156862745,77.78571428571429,24.31060884125824,172302.0,1706297,144235.35,441.0,0.3060119906739267
2016-06-21,2238,2298,2221,2260,140123,139581,2252.2,2269.3,2220.65,2405.383333333333,-21.153036844299095,-34.42054703405509,13.267510189755995,53.731343283582085,70.71428571428571,32.97314316275227,173270.8,1846420,146079.75,-4972.0,-3.439568877851029
2016-06-22,2255,2322,2250,2314,152977,135471,2264.8,2275.1,2230.2,2405.1666666666665,-14.633504205899044,-30.46313846842388,15.829634262524838,63.231850117096016,71.64285714285714,57.096408060972074,172399.15,1999397,147457.35,-4110.0,-2.9445268338814
2016-06-23,2308,2330,2294,2307,97394,133486,2275.8,2277.4,2237.9,2403.45,-9.91724924184291,-26.35396062310769,16.43671138126478,67.5,70.28571428571429,63.59077613985389,170761.65,1902003,148569.5,-1985.0,-1.4652582471525233
2016-06-24,2319,2347,2262,2297,150691,135076,2283.0,2277.1,2247.5,2402.633333333333,-6.906881401151622,-22.464544778716476,15.557663377564854,68.18181818181819,73.14285714285714,52.855664878088675,172309.05,1751312,149591.3,1590.0,1.191136149109262
2016-06-27,2301,2448,2291,2448,196704,145084,2325.2,2288.3,2262.25,2403.8333333333335,7.575963846126797,-16.456443053747822,24.03240689987462,75.95419847328245,80.57142857142857,119.88999039211089,175563.7,1948016,150815.5,10008.0,7.409162249400336
2016-06-28,2460,2469,2405,2443,124395,136550,2361.8,2307.0,2271.45,2405.5,18.437726204010232,-9.477609202196211,27.915335406206445,70.8240534521158,77.64285714285714,122.46220699925324,166523.85,1823621,150217.65,-8534.0,-5.882109674395519
2016-06-29,2449,2465,2400,2409,129824,136714,2380.8,2322.8,2280.4,2405.8333333333335,24.025286727092862,-2.7770300163383963,26.80231674343126,63.73626373626374,77.71428571428571,95.34493898528072,155631.0,1693797,149122.6,164.0,0.12010252654706122
2016-06-30,2400,2510,2400,2502,166917,139325,2419.8,2347.8,2295.45,2406.15,35.548016063102295,4.887979199549743,30.660036863552552,68.98496240601503,79.35714285714286,104.15713070218517,155739.05,1860714,148171.75,2611.0,1.909826352824151
2016-07-01,2504,2539,2460,2509,127501,138671,2462.2,2372.6,2312.55,2405.8,44.72909441965567,12.856202243570928,31.87289217608474,67.19681908548708,78.28571428571429,104.50665030774196,151899.45,1988215,147044.55,-654.0,-0.469406064956035
2016-07-04,2501,2610,2501,2566,183164,134114,2485.8,2405.5,2333.2,2406.8166666666666,55.95952225547762,21.476866245952266,34.48265600952536,82.29166666666667,78.71428571428571,112.96278019065123,151658.25,2171379,145200.4,-4557.0,-3.2861953833173474
2016-07-05,2590,2596,2435,2530,181278,123286,2503.2,2432.5,2350.9,2406.55,61.24878027778277,29.43124905231837,31.8175312254644,77.29941291585126,86.07142857142857,84.02054715742591,153898.2,1990101,142911.45,-10828.0,-8.073728320682406
2016-07-06,2528,2556,2452,2518,165824,118832,2525.0,2452.9,2364.0,2405.616666666667,63.73752909551149,36.292505060957,27.445024034554493,75.47892720306513,88.78571428571429,70.06766551580506,152068.75,1824277,140686.75,-4454.0,-3.61273786155768
2016-07-07,2503,2634,2492,2557,305160,130669,2536.0,2477.9,2377.65,2403.55,68.0721610285409,42.64843625447378,25.423724774067125,76.81159420289855,94.07142857142857,82.47924124403696,159710.85,2129437,139267.85,11837.0,9.96112158341187
2016-07-08,2560,2597,2510,2594,214588,124410,2553.0,2507.6,2392.35,2401.4666666666667,73.64405600708506,48.847560204996036,24.79649580208902,81.5929203539823,96.28571428571429,75.08009748130792,160482.05,2344025,137444.35,-6259.0,-4.78996548531021
2016-07-11,2635,2649,2515,2589,160336,124176,2557.6,2521.7,2405.0,2401.983333333333,76.77139189047875,54.43232654209258,22.33906534838617,80.07312614259598,100.35714285714286,72.83232454789754,161671.35,2183689,136041.5,-234.0,-0.18808777429467627
2016-07-12,2595,2712,2574,2699,191177,129084,2591.4,2547.3,2427.15,2405.1666666666665,87.12162493996993,60.97018622166806,26.151438718301875,81.92371475953566,105.07142857142857,89.12740325151842,162647.85,2374866,135214.25,4908.0,3.952454580595277
2016-07-13,2701,2745,2656,2664,159323,121677,2620.6,2572.8,2447.8,2408.266666666667,91.44592006489938,67.06533299031433,24.38058707458505,78.28843106180666,108.85714285714286,86.62410949748273,163984.8,2215543,133942.75,-7407.0,-5.738124012271085
2016-07-14,2668,2689,2612,2659,136392,117627,2641.0,2588.5,2468.15,2409.5666666666666,93.39292142984505,72.33085067822049,21.06207075162456,78.91373801916933,108.28571428571429,66.89099389966685,162915.6,2079151,132624.9,-4050.0,-3.3284844300894956
2016-07-15,2659,2700,2622,2661,131488,117031,2654.4,2603.7,2488.15,2408.9333333333334,94.0135872122969,76.66739798503578,17.34618922726112,72.32704402515724,102.64285714285714,63.58355750666459,161828.4,2210639,131270.85,-596.0,-0.5066863900294982
2016-07-18,2668,2672,2495,2495,184692,118860,2635.6,2596.6,2501.05,2403.3,80.1863186690639,77.3711821218414,2.815136547222494,54.075235109717866,110.71428571428571,22.067268119299413,164997.4,2025947,129986.2,1829.0,1.5628337790841718
2016-07-19,2471,2490,2396,2430,170460,114431,2581.8,2586.6,2509.55,2394.5666666666666,63.25399922728229,74.54774554292958,-11.293746315647283,51.5695067264574,113.14285714285714,-27.532717872586456,166514.25,1855487,128728.7,-4429.0,-3.7262325424869625
2016-07-20,2431,2486,2427,2463,127690,112699,2541.6,2581.1,2517.0,2388.6666666666665,51.8995723230114,70.01811089894593,-18.118538575934537,46.79802955665025,109.5,-24.62688841355837,165249.9,1983177,127590.1,-1732.0,-1.513575866679484
2016-07-21,2457,2599,2434,2572,247978,107297,2524.2,2582.6,2530.25,2384.35,51.107362385784654,66.23596119631368,-15.128598810529027,54.43037974683545,115.64285714285714,5.379609844818505,172779.1,2231155,126280.65,-5402.0,-4.79329896449835
2016-07-22,2580,2580,2485,2495,183321,108286,2491.0,2572.7,2540.15,2381.1833333333334,43.761814857919944,61.74113192863494,-17.979317070715,45.1436388508892,114.64285714285714,-8.949078706391465,174410.6,2047834,124941.15,989.0,0.9217405892056663
2016-07-25,2491,2586,2469,2557,224578,112077,2503.4,2569.5,2545.6,2379.9333333333334,42.45391505850557,57.883688554609066,-15.429773496103493,51.78335535006605,111.5,-3.1532331628476857,175804.3,2272412,123290.8,3791.0,3.500914245608855
2016-07-26,2548,2606,2526,2604,174082,123809,2538.2,2560.0,2553.65,2378.4666666666667,44.69468968792762,55.24588878127278,-10.551199093345161,55.42929292929292,109.78571428571429,19.696142930572805,178288.65,2446494,122653.75,11732.0,10.467803385172703
2016-07-27,2607,2670,2576,2623,297761,128497,2570.2,2555.9,2564.35,2376.6666666666665,47.45661066895127,53.68803315880849,-6.231422489857216,54.27461139896373,106.35714285714286,45.399277578577916,186685.5,2744255,122242.9,4688.0,3.786477558174295
2016-07-28,2631,2684,2615,2674,232900,128076,2590.6,2557.4,2572.95,2378.3333333333335,53.148068865833466,53.58004030021349,-0.4319714343800243,55.08905852417302,105.07142857142857,63.36389640065276,189984.65,2977155,121680.45,-421.0,-0.32763410818930083
2016-07-29,2670,2681,2575,2599,165746,124130,2611.4,2551.2,2577.45,2379.5833333333335,51.01860655437849,53.06775355104649,-2.049146996668,50.58411214953271,103.07142857142857,31.725570140808994,191896.9,2811409,120953.4,-3946.0,-3.0809831662450438
2016-08-01,2605,2719,2572,2700,208329,129372,2640.0,2571.7,2584.15,2383.616666666667,56.82579583680672,53.81936200819854,3.0064338286081806,50.059031877213684,103.71428571428571,58.363123812928286,193155.15,3019738,120716.3,5242.0,4.222992024490457
2016-08-02,2708,2708,2665,2689,133232,128021,2657.0,2597.6,2592.1,2386.883333333333,59.85050771521264,55.02559114960137,4.824916565611275,51.51883353584447,100.42857142857143,66.75285127467222,190752.85,2886506,120953.05,-1351.0,-1.0442754228117357
2016-08-03,2690,2700,2644,2673,137049,129231,2667.0,2618.6,2599.85,2392.9666666666667,60.26188587960223,56.072850095601545,4.189035784000687,50.83932853717027,98.92857142857143,51.30934965612926,189314.1,2749457,121473.0,1210.0,0.9451574351083014
2016-08-04,2670,2686,2590,2626,176103,124251,2657.4,2624.0,2603.3,2398.35,56.14815782173537,56.08791164082831,0.06024618090705758,48.00910125142207,100.21428571428571,23.07082563885821,182861.25,2573354,121152.1,-4980.0,-3.8535645472061675
2016-08-05,2626,2718,2622,2710,142707,124457,2679.6,2645.5,2609.1,2405.116666666667,58.98614116304498,56.66755754527164,2.318583617773335,63.48808030112924,94.42857142857143,51.093381194982214,179267.2,2716061,121154.45,206.0,0.1657934342580658
2016-08-08,2710,2800,2690,2787,183517,123614,2697.0,2668.5,2619.0,2414.3,66.67987579041846,58.67002119430101,8.009854596117457,72.06427688504327,95.21428571428571,86.91669619465068,180426.25,2899578,121126.35,-843.0,-0.6773423752782115
2016-08-09,2779,2809,2714,2752,136886,118054,2709.6,2683.3,2621.65,2423.5833333333335,69.15582313903951,60.76718158324871,8.388641555790805,67.81750924784217,97.78571428571429,78.41558532799695,177711.7,2762692,120574.85,-5560.0,-4.497872409274029
2016-08-10,2749,2799,2727,2754,119134,116403,2725.8,2696.4,2626.15,2432.0666666666666,70.46711153879596,62.70716757435816,7.759943964437802,62.92613636363637,91.14285714285714,73.7757517408373,175702.25,2881826,120311.15,-1651.0,-1.3985125451064784
2016-08-11,2759,2772,2701,2760,137392,112433,2752.6,2705.0,2631.2,2439.5333333333333,71.17006271765058,64.39974660301665,6.770316114633928,70.93206951026856,89.42857142857143,60.491253944382,175752.25,3019218,120051.45,-3970.0,-3.410565019801892
2016-08-12,2758,2765,2723,2747,86495,111642,2760.0,2719.8,2635.5,2447.9166666666665,69.87271606042668,65.49434049449866,4.378375565928025,66.26712328767124,84.07142857142857,56.72709522976194,173502.6,2932723,119782.0,-791.0,-0.7035301023720741
2016-08-15,2730,2755,2677,2733,136993,102354,2749.2,2723.1,2647.4,2456.2833333333333,66.94319698641448,65.78411179288183,1.159085193532647,61.705989110707804,83.92857142857143,40.80518301990581,171117.65,2795730,118956.7,-9288.0,-8.319449669479228
2016-08-16,2730,2865,2730,2817,153717,113911,2762.2,2735.9,2666.75,2465.65,70.58595899980719,66.74448123426691,3.841477765540276,65.74675324675324,86.85714285714286,76.91858773817076,170280.5,2949447,118930.7,11557.0,11.291205033511154
2016-08-17,2825,2854,2787,2790,117976,119596,2769.4,2747.6,2683.1,2476.766666666667,70.48173027525945,67.49193104246542,2.9897992327940273,59.7972972972973,86.71428571428571,76.24810497993626,169794.8,2831471,119275.55,5685.0,4.990738383474813
2016-08-18,2782,2830,2763,2793,127127,115902,2776.0,2764.3,2694.15,2487.4333333333334,69.8361752315227,67.96077988027689,1.875395351245814,68.65384615384616,83.92857142857143,62.27477934122654,163752.25,2958598,119705.8,-3694.0,-3.08873206461755
2016-08-19,2804,2805,2741,2786,114483,110769,2783.8,2771.9,2708.7,2498.7833333333333,67.97614008065784,67.96385192035308,0.012288160304763096,60.093896713615024,78.0,48.618926239668774,160310.35,2844115,119829.95,-5133.0,-4.428741523010816
2016-08-22,2795,2813,2769,2776,107860,110743,2792.4,2770.8,2719.65,2509.1666666666665,64.94646991880518,67.3603755200435,-2.4139056012383264,60.23529411764706,78.07142857142857,51.612777121388184,154474.45,2736255,119763.25,-26.0,-0.02347227112278194
2016-08-23,2790,2863,2762,2839,145247,124151,2796.8,2779.5,2731.4,2518.8333333333335,66.85830702938983,67.25996182191278,-0.40165479252294745,67.58474576271186,81.28571428571429,72.1405915054407,153032.7,2881502,119780.35,13408.0,12.107311523075959
2016-08-24,2843,2848,2817,2825,69332,118573,2803.8,2786.6,2741.5,2528.75,66.47745796184927,67.10346104990008,-0.6260030880508083,72.66514806378132,76.64285714285714,71.73023857501086,141611.25,2812170,119284.15,-5578.0,-4.492915884688808
2016-08-25,2840,2889,2752,2823,135781,106440,2809.8,2792.9,2748.95,2539.116666666667,65.2619499122161,66.73515882236329,-1.4732089101471928,65.82633053221289,79.57142857142857,58.93459028263708,136755.3,2676389,118202.35,-12133.0,-10.232514990765186
2016-08-26,2808,2845,2784,2784,83554,99365,2809.4,2796.6,2758.2,2549.4,60.45479175467199,65.47908540882503,-5.024293654153041,49.529780564263326,76.07142857142857,42.647561661475606,132645.7,2592835,116964.1,-7075.0,-6.646937241638485
2016-08-29,2788,2837,2735,2830,146540,96308,2820.2,2806.3,2764.7,2560.6833333333334,59.669071924633954,64.31708271198681,-4.6480107873528596,61.81818181818182,76.57142857142857,35.65403445840746,129556.25,2739375,115310.9,-3057.0,-3.0765360036230094
2016-08-30,2830,2848,2778,2780,98462,90165,2808.4,2802.6,2769.25,2570.75,54.38488605295561,62.330643380180575,-7.9457573272249675,53.439153439153436,76.42857142857143,32.95081751753399,127817.75,2640913,113418.1,-6143.0,-6.37849399842173
2016-08-31,2780,2825,2725,2734,101945,85522,2790.2,2797.0,2772.3,2578.7166666666667,45.95556793636479,59.05562829141742,-13.100060355052634,46.889952153110045,78.5,-9.82878620096345,126062.55,2538968,111232.65,-4643.0,-5.1494482337935965
2016-09-01,2620,2652,2595,2633,67282,95512,2752.2,2781.0,2772.65,2584.5333333333333,30.77071108790915,53.39864485071577,-22.62793376280662,38.73517786561265,85.42857142857143,-143.42580975043842,120621.5,2471686,109795.7,9990.0,11.681204836182513
2016-09-02,2639,2697,2620,2652,76618,99548,2725.8,2767.6,2769.75,2590.4,20.038749613046548,46.72666580318192,-26.687916190135375,42.07436399217221,85.35714285714286,-106.6581639608416,117317.05,2548304,108550.25,4036.0,4.225647039115499
2016-09-05,2660,2709,2657,2668,95216,111125,2693.4,2756.8,2763.8,2595.9333333333334,12.678509145697717,39.91703447168508,-27.23852532598736,33.18284424379233,79.78571428571429,-76.86853968285554,112902.0,2643520,107925.8,11577.0,11.629565636677786
2016-09-06,2670,2695,2630,2643,110656,119222,2666.0,2737.2,2758.35,2602.383333333333,4.7731525499607415,32.88825808734021,-28.11510553737947,33.33333333333333,79.64285714285714,-84.25722794874805,111590.5,2532864,107984.2,8097.0,7.28638920134983
2016-09-07,2643,2652,2552,2560,160966,128955,2631.2,2710.7,2748.65,2607.5333333333333,-8.095980424476693,24.69141038497683,-32.78739080945353,27.63915547024952,82.0,-112.32219529401648,113682.1,2371898,108611.8,9733.0,8.163761721829864
2016-09-08,2563,2612,2558,2587,125803,144415,2622.0,2687.1,2740.0,2613.116666666667,-15.932526425252945,16.566623022930877,-32.49914944818382,31.60813308687615,81.28571428571429,-96.62869322377998,113102.65,2497701,110210.9,15460.0,11.98867822108487
2016-09-09,2583,2609,2560,2595,129263,152193,2610.6,2668.2,2732.4,2618.6833333333334,-21.252526552068957,9.00279310793091,-30.255319659999866,33.20964749536178,81.64285714285714,-83.17934124923956,115241.05,2626964,112238.45,7778.0,5.38586711906659
2016-09-12,2599,2610,2528,2542,137569,160849,2585.4,2639.4,2722.85,2623.766666666667,-29.40634401265652,1.3209656838134238,-30.72730969646994,21.928166351606805,80.28571428571429,-86.31133475632902,115269.85,2489395,115163.2,8656.0,5.687515194522752
2016-09-13,2540,2582,2521,2534,128057,170358,2563.6,2614.8,2708.7,2628.3333333333335,-36.09772414260169,-6.162772281469599,-29.93495186113209,22.179732313575514,82.42857142857143,-81.74985594923763,113986.85,2361338,117985.55,9509.0,5.911755746072411
2016-09-14,2545,2570,2520,2552,112519,175685,2562.0,2596.6,2696.8,2632.3,-39.49299092084857,-12.828816009345394,-26.664174911503174,24.860853432282,76.21428571428571,-71.9059182625141,113714.0,2473857,120790.0,5327.0,3.1269444346611275
2016-09-19,2500,2557,2495,2540,91626,180177,2552.6,2587.3,2684.15,2636.1833333333334,-42.66030260271327,-18.79511332801897,-23.865189274694302,26.171875,76.28571428571429,-70.81740486125005,111938.95,2382231,124003.75,4492.0,2.556848905711928
2016-09-20,2543,2566,2517,2548,140670,181293,2543.2,2576.9,2672.25,2640.366666666667,-44.01748067137987,-23.83958679669115,-20.17789387468872,20.25316455696202,72.5,-58.468202885002235,113248.3,2522901,127529.95,1116.0,0.6193909322499636
2016-09-21,2548,2561,2518,2530,139726,188565,2540.8,2563.1,2659.95,2641.733333333333,-46.01507054658714,-28.274683546670346,-17.740386999916794,21.719457013574655,70.57142857142857,-55.683492811759905,114841.6,2383175,131421.05,7272.0,4.011186311661241
2016-09-22,2530,2602,2526,2567,172498,179840,2547.4,2555.5,2646.35,2643.8,-44.10417861922451,-31.44058256118118,-12.663596058043332,30.71593533487298,68.85714285714286,-39.05625678510402,116204.15,2555673,134205.5,-8725.0,-4.627051679792116
2016-09-23,2579,2606,2565,2604,131269,177333,2557.8,2559.9,2635.3,2647.05,-39.152862395572356,-32.98303852805942,-6.169823867512939,46.070460704607044,61.857142857142854,-23.22103699495374,119301.0,2686942,137143.5,-2507.0,-1.3940169039145855
2016-09-26,2610,2645,2600,2619,111910,172824,2573.6,2563.1,2625.1,2649.0,-33.63085837538301,-33.112602497524136,-0.5182558778588771,45.47945205479452,59.57142857142857,-4.329857552354943,118107.45,2798852,140462.7,-4509.0,-2.5426739523946473
2016-09-27,2623,2623,2545,2570,118110,167849,2578.0,2560.6,2614.4,2650.016666666667,-32.83007621283741,-33.056097240586794,0.2260210277493826,37.688442211055275,61.07142857142857,-22.991836057111186,119835.25,2680742,143886.9,-4975.0,-2.878651113271302
2016-09-28,2568,2588,2552,2585,88442,160341,2589.0,2564.9,2602.15,2650.3333333333335,-30.631969661408675,-32.57127172475117,1.9393020633424953,42.52577319587629,59.0,-21.80748522816669,116930.35,2769184,147088.55,-7508.0,-4.4730680552163005
2016-09-29,2585,2638,2563,2565,143829,145504,2588.6,2568.0,2591.4,2650.9166666666665,-30.156165728962605,-32.08825052559346,1.9320847966308534,50.76923076923077,57.214285714285715,-6.642718514638159,119198.7,2625355,149855.5,-14837.0,-9.253403683399753
2016-09-30,2578,2581,2532,2541,100089,143489,2576.0,2566.9,2581.75,2651.3,-31.354254776430935,-31.941451375760956,0.5871965993300208,42.857142857142854,56.857142857142854,-40.54927366937234,119105.9,2525266,152753.85,-2015.0,-1.3848416538376984
2016-10-10,2571,2579,2510,2568,84371,146276,2565.8,2569.7,2578.5,2651.483333333333,-29.781768932978594,-31.509514887204485,1.7277459542258917,46.04105571847507,58.285714285714285,-35.42543634525148,119960.35,2609637,155292.05,2787.0,1.9423091665563108
2016-10-11,2577,2675,2570,2675,193566,144314,2586.8,2582.4,2579.65,2652.8333333333335,-19.67475844100909,-29.142563597965406,9.467805156956317,66.83544303797468,60.07142857142857,72.58042496946294,125807.75,2803203,157530.35,-1962.0,-1.341300008203672
2016-10-12,2674,2725,2659,2711,203660,158625,2612.0,2600.5,2581.8,2654.866666666667,-8.660151834012595,-25.046081245174847,16.38592941116225,70.92198581560284,60.42857142857143,134.3073037088509,131229.95,3006863,159905.35,14311.0,9.91657081087074
2016-10-13,2715,2725,2668,2696,136625,155596,2638.2,2613.4,2584.45,2654.8166666666666,-1.128364300508565,-20.262537856241593,19.134173555733028,67.14285714285714,60.92857142857143,117.81730924158063,132528.4,2870238,161724.05,-3029.0,-1.9095350669818711
2016-10-14,2690,2742,2684,2718,156423,166762,2673.6,2624.8,2592.35,2655.7166666666667,6.540453445690218,-14.901939595855232,21.44239304154545,70.69767441860465,60.642857142857146,111.164001771925,132301.25,3026661,163614.4,11166.0,7.176277025116318
2016-10-17,2711,2751,2700,2738,145060,163759,2707.6,2636.7,2599.9,2657.0333333333333,14.069692951165052,-9.107613086451176,23.177306037616226,71.49321266968326,60.785714285714285,103.2712168145934,133264.1,3171721,164581.6,-3003.0,-1.800769959583115
2016-10-18,2740,2744,2695,2729,118288,156475,2718.4,2652.6,2606.6,2658.1666666666665,19.09038267253527,-3.4680139346538867,22.558396607189156,72.97921478060046,61.214285714285715,84.86906928260089,132715.35,3053433,164795.7,-7284.0,-4.447999804590896
2016-10-19,2729,2828,2729,2756,243042,167469,2727.4,2669.7,2617.3,2662.516666666667,24.960263420930914,2.217641536463074,22.74262188446784,72.34042553191489,62.857142857142854,99.96619273052671,137989.0,3296475,165126.7,10994.0,7.026042498801721
2016-10-20,2744,2817,2741,2806,136658,176139,2749.4,2693.8,2630.9,2668.7833333333333,33.263329381401036,8.426779105450667,24.83655027595037,73.1651376146789,65.35714285714286,94.44066226187515,138419.05,3433133,165415.75,8670.0,5.177077548680642
2016-10-21,2817,2850,2750,2791,133904,167198,2764.0,2718.8,2642.85,2674.25,38.19293001275037,14.380009286910607,23.81292072583976,69.72477064220183,69.28571428571429,86.51771522540511,139488.3,3299229,164991.4,-8941.0,-5.0761046673365895
2016-10-24,2791,2811,2752,2806,114279,168605,2777.6,2742.6,2656.15,2678.15,42.816486860528585,20.0673048016342,22.749182058894384,79.35323383084577,67.92857142857143,73.67889952127406,140620.95,3413508,164412.8,1407.0,0.8415172430292328
2016-10-25,2810,2904,2806,2884,215634,176153,2808.6,2763.5,2672.95,2684.633333333333,52.17321673430888,26.488487188169138,25.684729546139742,82.15053763440861,72.35714285714286,97.40979322113945,144369.15,3629142,164155.8,7548.0,4.47673556537469
2016-10-26,2895,2915,2828,2854,164811,162914,2828.2,2777.8,2689.15,2689.5833333333335,56.51625903730701,32.49404155799672,24.022217479310292,80.42105263157895,73.21428571428571,86.23346332124868,145623.4,3464331,162873.25,-13239.0,-7.515625620909095
2016-10-27,2858,2891,2818,2849,129841,162841,2836.8,2793.1,2703.25,2693.6666666666665,58.8760071774077,37.77043468187892,21.105572495528783,83.7719298245614,74.92857142857143,71.53978124685148,143490.55,3334490,162023.3,-73.0,-0.04480891758842365
2016-10-28,2853,2919,2841,2909,131309,167758,2860.4,2812.2,2718.5,2698.4333333333334,64.84018583785792,43.18438491307472,21.655800924783193,84.86707566462168,75.57142857142857,78.32732606721078,143492.55,3465799,161544.55,4917.0,3.0195098286058153
2016-10-31,2911,2990,2880,2969,206940,170336,2893.0,2835.3,2736.0,2703.35,73.56038067624058,49.2595840657079,24.300796610532686,83.2579185520362,75.78571428571429,89.20540772046238,148244.05,3672739,161420.15,2578.0,1.5367374432217806
2016-11-01,2970,3079,2933,3035,251481,175829,2923.2,2865.9,2759.25,2710.616666666667,84.81910448778035,56.37148815012239,28.447616337657962,84.32203389830508,81.5,100.39040821369218,154912.6,3924220,161819.15,5493.0,3.2248027428142034
2016-11-02,3048,3126,3045,3064,316102,180075,2965.2,2896.7,2783.2,2716.6833333333334,94.98683277901091,64.0945570759001,30.892275703110812,87.86008230452674,83.92857142857143,105.14056974314249,166295.6,4240322,162805.85,4246.0,2.414846242656221
2016-11-03,3076,3122,3052,3119,225496,187601,3019.2,2928.0,2810.9,2723.85,106.25799502679592,72.52724466607927,33.730750360716655,88.6319845857418,84.78571428571429,96.53927853334767,170378.95,4465818,164910.7,7526.0,4.179369707066494
2016-11-04,3129,3156,3099,3125,253814,172086,3062.4,2961.4,2840.1,2731.383333333333,114.35639285595198,80.89307430405381,33.46331855189817,88.31683168316832,85.21428571428571,94.01808837358078,178065.2,4719632,166340.55,-15515.0,-8.270211779254911
2016-11-07,3148,3316,3091,3284,338715,168102,3125.4,3009.2,2875.9,2742.35,132.08184536761655,91.13082851676637,40.95101685085018,92.36641221374046,97.78571428571429,109.69139349499373,190782.4,5058347,167431.85,-3984.0,-2.3151215090129407
2016-11-08,3290,3314,3165,3220,234648,149145,3162.4,3042.8,2903.15,2750.85,139.35868884122647,100.7764005816584,38.582288259568074,83.52601156069365,101.35714285714286,95.70437165050075,192836.5,4823699,167673.4,-18957.0,-11.277081771781416
2016-11-09,3251,3413,3208,3387,284233,150317,3227.0,3096.1,2936.95,2760.85,156.79372359871377,111.97986518506949,44.81385841364428,85.90852904820767,110.57142857142857,104.54249195473398,196865.15,5107932,167258.0,1172.0,0.7858124643802977
2016-11-10,3380,3515,3301,3346,361962,127607,3272.4,3145.8,2969.45,2770.75,165.39617278365404,122.66312670478641,42.73304607886763,83.23353293413174,118.71428571428571,99.9725638250737,208132.0,4745970,165858.55,-22710.0,-15.108071608667018
2016-11-11,3346,3496,3322,3480,238854,123372,3343.4,3202.9,3007.55,2782.85,180.9405854181946,134.31861844746805,46.62196697072653,85.32494758909853,126.92857142857143,95.01615693783143,212253.55,4984824,163689.05,-4235.0,-3.318783452318441
2016-11-14,3480,3596,3290,3350,295277,106928,3356.6,3241.0,3038.15,2792.6833333333334,180.6868849419152,143.59227174635748,37.09461319555771,73.1610337972167,141.78571428571428,80.03020909435776,219764.4,4689547,160847.5,-16444.0,-13.328794215867457
2016-11-15,3350,3405,3217,3217,177831,108437,3356.0,3259.2,3062.55,2800.516666666667,167.81932035289992,148.43768146766598,19.38163888523394,66.36609558160505,149.0,47.420388705491646,222741.55,4511716,158445.6,1509.0,1.4112299865330025
2016-11-16,3200,3229,3100,3205,228221,103357,3319.6,3273.3,3085.0,2808.383333333333,154.86815926061854,149.7237770262565,5.144382234362041,65.94982078853047,153.0,21.96681849306952,222000.5,4283495,155240.0,-5080.0,-4.684747825926571
2016-11-17,3209,3236,3136,3218,179364,104140,3294.0,3283.2,3105.6,2815.0666666666666,143.9933959061459,148.57770080223438,-4.584304896088469,64.45275958840037,154.57142857142858,22.547255653785918,224135.8,4462859,151640.05,783.0,0.7575684278761985
2016-11-18,3222,3253,3150,3179,183170,104160,3233.8,3288.6,3125.0,2821.55,130.7212206750787,145.00640477680327,-14.285184101724553,60.019083969465655,154.07142857142858,18.259434230362388,226599.1,4279689,148488.15,20.0,0.019204916458614996
2016-11-21,3181,3207,3079,3151,175624,99863,3194.0,3275.3,3142.25,2827.516666666667,116.59947403335855,139.32501862811432,-22.725544594755775,55.74257425742575,152.78571428571428,2.0238804793186347,229666.35,4104065,145051.05,-4297.0,-4.125384024577572
2016-11-22,3151,3342,3151,3342,204203,98288,3219.0,3287.5,3165.15,2836.7833333333333,119.4431258208042,135.3486400666523,-15.90551424584811,61.86006825938566,159.92857142857142,33.78520062318409,229094.8,4308268,141157.8,-1575.0,-1.5771607101729423
2016-11-23,3353,3453,3343,3424,242158,95501,3262.8,3291.2,3193.65,2847.5833333333335,126.8511934511871,133.64915074355926,-6.7979572923721605,62.71893244370309,162.85714285714286,64.57853257612798,232962.15,4550426,137787.15,-2787.0,-2.8355445222204123
2016-11-24,3415,3489,3336,3399,226535,87581,3299.0,3296.5,3221.15,2856.9166666666665,129.21533540147357,132.76238767514212,-3.5470522736685552,61.24794745484401,169.71428571428572,61.259066561540045,237796.85,4323891,134024.15,-7920.0,-8.293106878462009
2016-11-25,3395,3606,3371,3551,225045,83676,3373.4,3303.6,3253.25,2869.016666666667,141.720400058804,134.5539901518745,7.166409906929488,61.023947151114776,170.42857142857142,86.83150984622341,242483.65,4548936,129820.05,-3905.0,-4.458729633139614
2016-11-28,3550,3689,3491,3620,203154,74622,3467.2,3330.6,3285.8,2882.3,155.4070415987767,138.72460044125495,16.682441157521737,66.44736842105263,173.92857142857142,103.98798008829925,242294.35,4752090,125034.35,-9054.0,-10.82030689803528
2016-11-29,3597,3649,3411,3413,183651,61484,3481.4,3350.2,3304.7,2892.7833333333333,147.84635287255878,140.54895092751573,7.297401945043049,51.03503184713375,176.28571428571428,63.620723039371185,238902.85,4568439,119317.1,-13138.0,-17.6060679156281
2016-11-30,3362,3374,3247,3247,75410,76100,3446.0,3354.4,3313.85,2899.733333333333,126.99571238480848,137.8383032189743,-10.842590834165804,46.41564083997103,172.85714285714286,-7.966351554817023,226868.25,4493029,114118.35,14616.0,23.772038253854653
2016-12-01,3260,3550,3248,3513,215361,85080,3468.8,3383.9,3333.55,2911.95,130.43186912648844,136.35701640047714,-5.925147273988699,51.090548578982165,182.07142857142858,40.77338859988296,226361.5,4708390,108992.3,8980.0,11.800262812089347
2016-12-02,3525,3558,3385,3494,328660,104093,3457.4,3415.4,3352.0,2924.616666666667,130.12194213918337,135.11000154821838,-4.988059409035003,55.13552068473609,172.57142857142858,51.85903935862882,230103.8,4379730,105592.65,19013.0,22.347202632816177
2016-12-05,3488,3625,3436,3583,392278,131377,3450.0,3458.6,3366.95,2940.45,135.49596581421065,135.18719440141683,0.30877141279381703,63.47569955817379,172.64285714285714,70.13921028292393,232781.95,4772008,103756.4,27284.0,26.211176544051963
2016-12-06,3600,3674,3570,3642,366477,154933,3495.8,3488.6,3388.05,2956.95,142.86882235943995,136.72351999302145,6.145302366418491,65.55160142348754,170.85714285714286,87.22063223942088,239373.4,5138485,104045.8,23556.0,17.930079085380246
2016-12-07,3640,3850,3636,3751,427927,182919,3596.6,3521.3,3406.25,2975.0,155.71229888508242,140.52127577143364,15.191023113648782,67.75483011325784,179.0,105.58820319512613,246558.1,5566412,105675.9,27986.0,18.063291874552224
2016-12-08,3752,3799,3654,3760,417425,181386,3646.0,3557.4,3426.95,2993.616666666667,164.718301303918,145.36068087793052,19.357620425987477,69.74847042828009,182.0,88.8097481539575,249331.25,5983837,108364.85,-1533.0,-0.8380758696472257
2016-12-09,3770,3795,3591,3740,452877,182002,3695.2,3576.3,3439.95,3013.2833333333333,168.30171287076746,149.9488872764979,18.352825594269547,70.12987012987013,187.42857142857142,72.27470067786116,260032.4,5530960,111296.35,616.0,0.3396072464247446
2016-12-12,3755,3898,3696,3770,318562,171762,3732.6,3591.3,3460.95,3033.0,171.5844232109398,154.2759944633863,17.308428747553506,66.43625192012288,188.21428571428572,81.46994954637323,261196.65,5849522,114538.05,-10240.0,-5.626311798771444
2016-12-13,3778,3837,3744,3822,179331,170142,3768.6,3632.2,3491.2,3053.45,176.34911737248785,158.69061904520663,17.658498327281222,65.64465408805032,186.92857142857142,74.76085669245147,261271.65,6028853,117623.3,-1620.0,-0.9431655430188313
2016-12-14,3835,3835,3676,3722,201031,172716,3762.8,3679.7,3517.05,3073.116666666667,170.09525533526858,160.97154630321901,9.123709032049561,61.98960653303638,187.35714285714286,56.20549075889089,259912.15,5827822,121091.25,2574.0,1.5128539690376197
2016-12-15,3725,3805,3655,3787,195408,175679,3768.2,3707.1,3545.5,3094.0,168.44228359288581,162.46569376115238,5.976589831733435,59.36507936507937,181.28571428571428,52.43343269703576,260714.35,6023230,124668.2,2963.0,1.7155330137335278
2016-12-16,3767,3770,3676,3676,148881,175669,3755.4,3725.3,3570.35,3112.733333333333,156.3729492238631,161.24714485369452,-4.8741956298314335,52.15053763440861,175.07142857142858,38.45552746298751,258999.9,5874349,128243.65,-10.0,-0.005692199978368784
2016-12-19,3666,3695,3551,3556,189663,170301,3712.6,3722.6,3590.6,3129.6666666666665,135.56224053902952,156.11016399076152,-20.547923451732004,55.88477366255144,168.35714285714286,5.3982583319178294,259701.85,5684686,131765.55,-5368.0,-3.0557468876124982
2016-12-20,3549,3600,3511,3574,154888,166463,3663.0,3715.8,3602.2,3146.766666666667,119.14858284533875,148.71784776167698,-29.569264916338227,65.32333645735707,162.85714285714286,-11.911110744588715,257236.1,5839574,135174.3,-3838.0,-2.253656760676681
2016-12-21,3583,3623,3512,3588,162612,177975,3636.2,3699.5,3610.4,3164.4,106.04787003295587,140.18385221593277,-34.1359821829769,54.601226993865026,149.14285714285714,-10.966241744238522,253258.8,6002186,139298.0,11512.0,6.915650925430872
2016-12-22,3590,3595,3410,3415,177926,175762,3561.8,3665.0,3611.2,3178.5333333333333,80.77468626219525,128.30201902518527,-47.52733276299003,45.923632610939116,150.0,-49.15113152394833,250828.35,5824260,143707.05,-2213.0,-1.2434330664419124
2016-12-23,3405,3464,3353,3385,170081,172868,3503.6,3629.5,3602.9,3191.55,57.66008716815577,114.17363265377938,-56.51354548562361,39.120879120879124,144.42857142857142,-70.42610473353085,248080.15,5654179,148166.65,-2894.0,-1.6465447593905447
2016-12-26,3385,3415,3220,3299,208008,166732,3452.2,3582.4,3586.85,3202.883333333333,32.032864662362044,97.74547905549592,-65.71261439313388,31.696905016008543,150.92857142857142,-87.8318369205772,248322.85,5446171,152772.15,-6136.0,-3.5495291204849955
2016-12-27,3302,3400,3261,3391,161210,166563,3415.6,3539.3,3585.75,3216.5666666666666,18.92854087961905,81.98209142032056,-63.05355054070151,30.434782608695656,145.57142857142858,-69.8403817190283,247200.8,5607381,158026.1,-169.0,-0.10136026677541876
2016-12-28,3398,3479,3361,3405,174570,167346,3379.0,3507.6,3593.65,3230.233333333333,9.562719786249545,67.49821709350636,-57.93549730725681,30.810810810810807,143.64285714285714,-55.515303478733756,252158.8,5781951,162588.4,783.0,0.47009239747122233
2016-12-29,3407,3424,3320,3352,162167,171297,3366.4,3464.1,3585.6,3243.35,-2.11207132435311,53.57615940993446,-55.68823073428757,29.74947807933195,136.5,-68.35819185659992,249499.1,5619784,166899.25,3951.0,2.360976659137348
2016-12-30,3351,3392,3283,3305,137301,177086,3350.4,3427.0,3576.15,3256.0833333333335,-14.984205997055142,39.864086328536544,-54.848292325591686,26.15384615384616,129.85714285714286,-74.0417539637026,239931.15,5482483,170548.9,5789.0,3.379510440930078
2017-01-03,3309,3401,3285,3298,125547,182506,3350.2,3401.2,3561.9,3268.25,-25.456856170858373,26.799897828657564,-52.25675399951594,21.827956989247312,131.5,-66.86815065235128,226594.6,5356936,173105.35,5420.0,3.060659792417253
2017-01-04,3305,3388,3263,3370,179694,188093,3346.0,3380.8,3548.3,3279.8333333333335,-27.62822760422705,15.914272742080643,-43.54250034630769,30.487804878048777,129.07142857142858,-57.34410477085531,217255.45,5536630,174763.35,5587.0,3.0612692185462365
2017-01-05,3370,3420,3334,3358,152845,184066,3336.6,3357.8,3528.65,3290.616666666667,-29.97185789983814,6.7370466136968865,-36.70890451353503,24.734982332155468,124.5,-44.43147188521049,203501.35,5383785,174820.7,-4027.0,-2.14096218360067
2017-01-06,3360,3378,3256,3273,213554,201519,3320.8,3343.6,3504.3,3300.233333333333,-38.24710262831013,-2.2597832347045177,-35.98731939360562,25.516403402187123,125.28571428571429,-57.12522867545311,193307.8,5170231,175827.35,17453.0,9.481924961698528
2017-01-09,3275,3465,3250,3449,180967,184694,3349.6,3350.0,3489.75,3312.4166666666665,-30.25480601810068,-7.858787791383751,-22.39601822671693,43.91353811149033,130.35714285714286,-29.975686163336654,179712.3,5351198,175961.95,-16825.0,-8.349088671539661
2017-01-10,3446,3562,3415,3562,177634,185341,3402.4,3376.3,3479.35,3326.15,-14.634006041234443,-9.21383144135389,-5.4201745998805535,49.383983572895275,134.5,9.661405276955938,172665.9,5528832,176640.9,647.0,0.35030916001601575
2017-01-11,3566,3595,3501,3569,129382,176094,3442.2,3394.1,3466.7,3340.15,-1.6703136828214156,-7.705127889647395,6.034814206825979,49.01758014477766,133.28571428571428,29.124944259894544,170168.45,5658214,176938.5,-9247.0,-4.989182102179224
2017-01-12,3546,3658,3542,3592,150042,180367,3489.0,3412.8,3460.2,3354.0833333333335,10.340218092947907,-4.0960586931283345,14.436276786076242,60.83231334149326,128.35714285714286,49.68674771736416,167619.0,5808256,177321.05,4273.0,2.4265449135121075
2017-01-13,3595,3627,3531,3566,139212,177707,3547.6,3434.2,3449.15,3366.75,17.55826756863098,0.23480655922352867,17.323461009407453,61.13161131611316,127.28571428571429,49.87950216408814,164809.2,5669044,177422.45,-2660.0,-1.4747708838091178
2017-01-16,3566,3778,3550,3721,172165,185920,3602.0,3475.8,3451.4,3382.25,35.37801268412477,7.263447784203777,28.114564899920993,73.92290249433107,129.64285714285714,96.76358461176628,165973.4,5841209,177935.0,8213.0,4.621652495399742
2017-01-17,3730,3758,3575,3629,149395,168343,3615.4,3508.9,3455.05,3395.9666666666667,41.59715187507709,14.130188602378439,27.46696327269865,63.49206349206349,132.78571428571428,80.80076330119927,163960.0,5691814,177837.1,-17577.0,-9.454066265060245
2017-01-18,3637,3709,3597,3622,122312,169610,3626.0,3534.1,3457.45,3408.266666666667,45.43725065003855,20.39160101191046,25.04564963812809,62.4,132.35714285714286,71.71513479412133,162331.2,5569502,177994.45,1267.0,0.7526300469874014
2017-01-19,3612,3635,3503,3551,197278,176777,3617.8,3553.4,3455.6,3419.883333333333,42.26425395634715,24.7661316007978,17.49812235554935,61.142217245240765,134.35714285714286,41.10850000092205,164064.5,5372224,177934.55,7167.0,4.225576322150815
2017-01-20,3530,3588,3451,3452,131286,174277,3595.0,3571.3,3457.45,3429.9333333333334,31.39920806862574,26.092746894363387,5.306461174262353,57.77777777777777,136.35714285714286,14.837839857563445,161732.5,5240938,177860.3,-2500.0,-1.4142111247503864
2017-01-23,3430,3505,3420,3462,108007,169107,3543.2,3572.6,3461.3,3439.15,23.32660279398715,25.53951807428814,-2.21291528030099,58.64978902953586,134.14285714285714,0.12414366380794258,158628.8,5348945,177672.25,-5170.0,-2.9665417697114393
2017-01-24,3446,3631,3446,3585,140423,163015,3534.4,3574.9,3475.6,3449.4166666666665,26.54804763244374,25.741223985919262,0.806823646524478,60.76076076076075,138.42857142857142,32.212377833305915,155249.55,5489368,177486.4,-6092.0,-3.602452884859886
2017-01-25,3612,3612,3527,3600,86351,147247,3530.0,3578.0,3486.05,3458.8333333333335,29.966010994397948,26.586181387615003,3.3798296067829448,62.075848303393215,138.35714285714286,38.39317798979732,151506.6,5575719,176520.6,-15768.0,-9.67272950341993
2017-01-26,3600,3675,3591,3660,96107,147531,3551.8,3584.8,3498.8,3468.766666666667,37.08873430083622,28.68669197025925,8.402042330576972,69.80552712384852,135.64285714285714,57.521836392768556,147583.45,5671826,175529.85,284.0,0.19287319945398007
2017-02-03,3656,3660,3353,3382,128038,163980,3537.8,3566.4,3500.3,3473.15,20.069913708434797,26.96333631789436,-6.893422609459563,46.895273401297494,142.21428571428572,-15.071610317877635,145877.0,5543788,175164.0,16449.0,11.149521117595619
2017-02-06,3350,3410,3340,3385,116563,167257,3522.4,3532.8,3504.3,3477.483333333333,6.746679184947425,22.920004891304973,-16.17332570635755,40.86687306501548,136.71428571428572,-52.95853673663098,144840.1,5660351,174672.55,3277.0,1.9984144407854565
2017-02-07,3390,3485,3378,3469,136335,168891,3499.2,3516.8,3512.85,3480.5666666666666,2.9322170462041868,18.922447322284814,-15.990230276080627,45.219885277246654,137.64285714285714,-29.41125987298325,145379.5,5796686,173991.8,1634.0,0.9769396796546648
2017-02-08,3460,3544,3430,3533,120111,164060,3485.8,3507.9,3521.0,3485.7833333333333,5.015675860052852,16.141093029838423,-11.125417169785571,47.28610855565777,137.5,-7.624606451531823,142400.35,5916797,172790.15,-4831.0,-2.8604247710061537
2017-02-09,3511,3575,3485,3489,119433,167788,3451.6,3501.7,3527.55,3487.483333333333,3.0808851773413153,13.529051459339003,-10.448166281997688,46.515837104072396,137.07142857142858,-4.702335337563916,140729.75,5797364,171976.25,3728.0,2.2723393880287768
2017-02-10,3480,3684,3464,3620,201537,170232,3499.2,3518.5,3544.9,3492.05,11.980056178893392,13.21925240324988,-1.2391962243564887,45.328399629972246,136.5,28.861120385066748,140128.9,5998901,170411.9,2444.0,1.4565999952320885
2017-02-13,3639,3734,3623,3730,125260,165957,3568.2,3545.3,3558.95,3496.2166666666667,27.59074506980869,16.093550936561645,11.497194133247046,54.5950864422202,131.57142857142858,83.22242138321477,137343.55,6124161,169475.05,-4275.0,-2.511278725504018
2017-02-14,3734,3750,3670,3728,87901,161503,3620.0,3559.6,3567.25,3502.516666666667,39.34737317443114,20.744315384135543,18.603057790295598,54.844606946983546,129.28571428571428,82.79091837500411,132856.9,6036260,168283.15,-4454.0,-2.68382773851058
2017-02-15,3724,3742,3651,3677,120440,165888,3648.8,3567.3,3572.65,3510.1833333333334,44.04162740825859,25.403777788960156,18.637849619298436,55.865921787709496,126.35714285714286,61.97105795214896,132409.8,5915820,167772.85,4385.0,2.7151198429750556
2017-02-16,3671,3788,3628,3653,173335,167892,3681.6,3566.6,3575.7,3517.65,45.30303311956777,29.38362885508168,15.91940426448609,60.06006006006006,128.0,57.275649341905385,133574.45,5742485,167149.1,2004.0,1.208043981481488
2017-02-17,3653,3755,3653,3741,130853,163010,3705.8,3602.5,3584.45,3526.366666666667,52.794983085755575,34.065899701216466,18.72908338453911,62.95264623955432,129.21428571428572,64.09453034369226,133156.5,5873338,166414.25,-4882.0,-2.9078216948991042
2017-02-20,3756,3795,3708,3762,161622,165366,3712.2,3640.2,3586.5,3536.0833333333335,59.73830590159196,39.20038094129157,20.537924960300387,59.07692307692307,122.21428571428571,77.49475203819573,132629.35,6034960,165386.55,2356.0,1.445310103674613
2017-02-21,3773,3844,3759,3780,139356,158261,3722.6,3671.3,3594.05,3546.5666666666666,65.9333502057184,44.54697479417694,21.386375411541458,59.20245398773006,122.21428571428571,85.53189624313973,132127.4,6174316,164882.45,-7105.0,-4.29653012106479
2017-02-22,3777,3792,3647,3679,181247,176404,3723.0,3685.9,3596.9,3552.1833333333334,61.97866012825989,48.033311860993535,13.945348267266354,50.93228655544651,126.57142857142857,45.47825119636034,135074.15,5993069,165222.15,18143.0,11.463974068153249
2017-02-23,3666,3708,3581,3608,164075,174476,3714.0,3697.8,3599.75,3555.25,52.51012904047002,48.928675296888834,3.5814537435811857,63.916256157635466,113.71428571428571,13.05918538715265,133414.0,5828994,165107.1,-1928.0,-1.092945738191875
2017-02-24,3620,3641,3470,3591,240823,184290,3684.0,3694.9,3606.7,3558.45,43.13723284302296,47.77038680611566,-4.6331539630927026,62.46973365617433,120.92857142857143,-16.058878896818424,138890.85,5588171,165607.75,9814.0,5.624842385199114
2017-02-27,3595,3755,3576,3728,195597,162579,3677.2,3694.7,3620.0,3561.4,46.23097818299402,47.46250508149134,-1.2315268984973144,64.73265073947668,126.07142857142857,31.13465706502093,143270.35,5783768,165281.35,-21711.0,-11.780888816539148
2017-02-28,3732,3732,3545,3549,203192,180739,3631.0,3676.8,3618.2,3560.2166666666667,33.84880170367842,44.73976440592876,-10.890962702250341,50.80482897384306,131.28571428571428,-4.492900779431735,146408.8,5580576,166167.55,18160.0,11.169954299140716
2017-03-01,3551,3641,3549,3594,201009,182626,3614.0,3668.5,3617.9,3563.233333333333,27.351668545197754,41.26214523378256,-13.910476688584808,55.27638190954774,131.42857142857142,-11.098363838682658,152141.7,5781585,167936.5,1887.0,1.0440469406160169
2017-03-02,3599,3628,3555,3579,191583,197926,3608.2,3661.1,3613.85,3568.766666666667,20.753040930489078,37.16032437312386,-16.407283442634785,47.66780432309443,120.92857142857143,-13.14511432038735,156915.5,5590002,170456.25,15300.0,8.377777534414598
2017-03-03,3585,3586,3450,3573,232067,216447,3604.6,3644.3,3623.4,3569.766666666667,14.868041620612075,32.70186782262151,-17.833826202009433,39.87096774193549,122.5,-38.92995064289224,162116.95,5357935,173079.6,18521.0,9.357537665592197
2017-03-06,3573,3585,3431,3467,283965,233846,3552.4,3614.8,3627.5,3569.3166666666666,1.632010347965661,26.48789632769034,-24.85588597972468,35.153583617747444,127.78571428571429,-68.1331733144869,170487.05,5073970,176409.05,17399.0,8.038457451477733
2017-03-07,3449,3500,3443,3478,149506,214908,3538.2,3584.6,3627.95,3567.5666666666666,-7.87920515451151,19.61447603124997,-27.49368118576148,38.14064362336115,125.35714285714286,-81.91589464475764,171145.6,5223476,178709.9,-18938.0,-8.098492170060634
2017-03-08,3478,3487,3402,3423,177815,224122,3504.0,3559.0,3622.45,3563.9166666666665,-19.628685047854106,11.765843815429157,-31.394528863283263,36.781609195402304,120.0,-93.99615433146789,174030.8,5045661,181713.0,9214.0,4.287416010571965
2017-03-09,3420,3427,3330,3372,163793,212496,3462.6,3535.4,3616.6,3557.6,-32.678805362605544,2.876913979822217,-35.555719342427764,27.851140456182478,119.64285714285714,-107.92287199482699,176248.8,4881868,183948.4,-11626.0,-5.187353316497267
2017-03-10,3361,3468,3361,3423,217794,210511,3432.6,3518.6,3606.75,3551.983333333333,-38.46247449396242,-5.39096371493471,-33.071510779027705,30.359212050984937,121.07142857142857,-79.60576221358627,177061.65,5099662,185962.35,-1985.0,-0.9341352307808193
2017-03-13,3426,3580,3385,3570,241848,208221,3453.2,3502.8,3598.75,3549.15,-30.829024673868844,-10.478575906721538,-20.350448767147306,39.41532258064515,128.92857142857142,-36.53681533070057,182891.05,5341510,188075.55,-2290.0,-1.087829139569907
2017-03-14,3570,3580,3501,3538,144115,194228,3465.2,3501.7,3589.25,3545.2833333333333,-27.049780231643126,-13.792816771705857,-13.25696345993727,42.361863488624046,124.21428571428571,-21.69042805716262,185701.75,5197395,189711.8,-13993.0,-6.720263566114848
2017-03-15,3520,3640,3505,3596,193531,201795,3499.8,3501.9,3585.2,3541.516666666667,-19.15379350076455,-14.865012117517598,-4.288781383246953,49.34065934065934,124.78571428571429,-2.1306264343283488,189356.3,5390926,191507.15,7567.0,3.895936734147498
2017-03-16,3597,3630,3519,3578,151560,201879,3541.0,3501.8,3581.45,3539.116666666667,-14.185099697360329,-14.729029633486144,0.5439299361258154,49.28649835345774,120.5,-1.7223049016862393,188267.55,5239366,193206.5,84.0,0.041626403032779535
2017-03-17,3570,3608,3515,3542,151914,197230,3564.8,3498.7,3571.5,3535.0333333333333,-13.002389740877334,-14.383701654964383,1.3813119140870498,38.51851851851852,114.35714285714286,-7.623324493409648,189320.6,5087452,194917.5,-4649.0,-2.302864587203224
2017-03-20,3545,3613,3520,3533,152960,206499,3557.4,3505.3,3560.05,3532.65,-12.64553846738363,-14.036069017448234,1.3905305500646037,48.75,107.64285714285714,-3.1107829422987505,188887.5,4934492,196974.15,9269.0,4.6995893119707866
2017-03-21,3525,3535,3440,3453,172359,184912,3540.4,3502.8,3543.7,3530.9333333333334,-18.603611817581623,-14.949577577474914,-3.654034240106709,39.55555555555556,107.85714285714286,-41.32171253732106,190537.65,4762133,198306.7,-21587.0,-10.453803650380877
2017-03-22,3440,3453,3340,3358,139518,186350,3492.8,3496.3,3527.65,3527.3333333333335,-30.63795860970231,-18.087253783920396,-12.550704825781914,35.36423841059603,110.71428571428571,-88.13779910740574,188451.2,4622615,198804.0,1438.0,0.7776672146750929
2017-03-23,3361,3406,3344,3346,96817,178271,3446.4,3493.7,3514.55,3523.3,-40.674692323076215,-22.60474149175156,-18.069950831324654,35.08541392904074,105.42857142857143,-86.9705960453206,185088.3,4525798,198993.75,-8079.0,-4.335390394419103
2017-03-24,3350,3401,3298,3353,138775,181170,3408.6,3486.7,3502.65,3522.266666666667,-47.516296317052365,-27.587052456811723,-19.929243860240643,41.38972809667674,101.78571428571429,-82.91348624420014,179985.9,4664573,198837.75,2899.0,1.6261758782976532
2017-03-27,3183,3352,3036,3095,138301,170707,3321.0,3439.2,3471.0,3517.4333333333334,-72.91622769333435,-36.65288750411625,-36.2633401892181,28.93289328932893,120.35714285714286,-142.33152421993404,177121.1,4526272,199244.15,-10463.0,-5.7752387260583955
2017-03-28,3107,3150,3076,3086,135137,182066,3247.6,3394.0,3447.85,3513.883333333333,-92.70345338480001,-47.86300068025301,-44.840452704547005,30.47508690614137,119.57142857142857,-129.18586710804053,173718.35,4391135,199310.5,11359.0,6.654091513529026
2017-03-29,3090,3238,3090,3213,204529,193138,3218.6,3355.7,3428.8,3510.9166666666665,-97.01876179395595,-57.694152902993594,-39.32460889096235,41.53354632587859,123.5,-87.68947510789876,173894.35,4595664,199836.1,11072.0,6.081311172871384
2017-03-30,3202,3242,3170,3191,172994,199171,3187.6,3317.0,3409.4,3507.35,-101.04906027071411,-66.3651343765377,-34.68392589417641,37.25274725274725,121.0,-71.78985764781632,172964.9,4422670,199898.35,6033.0,3.1236732284687596
2017-03-31,3186,3260,3135,3165,248306,220120,3150.0,3279.3,3389.0,3504.233333333333,-105.12921935910617,-74.1179513730514,-31.011267986054776,24.334600760456283,116.0,-68.28064505810528,173776.85,4174364,200082.0,20949.0,10.518097514196345
2017-04-05,3200,3258,3158,3170,256016,252033,3165.0,3243.0,3374.15,3501.983333333333,-106.7290110168592,-80.64016330181296,-26.088847715046242,25.853018372703417,117.5,-58.882699729518336,172379.4,4430380,200991.35,31913.0,14.498001090314382
2017-04-06,3174,3212,3124,3161,332377,260529,3180.0,3213.8,3358.3,3499.7,-107.4840727314313,-86.00894518773663,-21.47512754369467,19.49509116409537,114.14285714285714,-61.28693089690813,181522.95,4098003,203272.4,8496.0,3.370987132637393
2017-04-07,3152,3153,3027,3078,325817,246007,3153.0,3185.8,3341.05,3494.8333333333335,-113.47183820317377,-91.50152379082405,-21.970314412349722,17.866323907455012,115.78571428571429,-75.45695310890447,188923.05,3772186,204366.65,-14522.0,-5.574043580561094
2017-04-10,3075,3114,3049,3068,269417,244384,3128.4,3158.0,3325.85,3490.0,-117.66770188384726,-96.73475940942869,-20.932942474418567,18.4840425531915,113.78571428571429,-69.70754784823504,194204.25,3502769,205961.05,-1623.0,-0.6597373245476712
2017-04-11,3042,3077,3010,3030,238406,247122,3101.4,3125.7,3306.2,3485.95,-122.64545602814906,-101.91689873317277,-20.728557294976284,17.797695262483998,111.92857142857143,-70.9998909326141,195234.85,3264363,207791.6,2738.0,1.1203679455283444
2017-04-12,3023,3031,2903,2913,307871,278812,3050.0,3107.5,3273.35,3477.016666666667,-134.481070175073,-108.42973302155283,-26.051337153520166,16.992665036674808,114.28571428571429,-82.51495057020387,198536.0,2956492,211321.15,31690.0,12.82362557764991
2017-04-13,2910,2992,2892,2954,297995,287385,3008.6,3094.3,3244.15,3466.883333333333,-138.95078416283332,-114.53394324980894,-24.416840913024373,23.56020942408378,113.35714285714286,-74.4099878796555,206230.0,3254487,215979.0,8573.0,3.074831786293264
2017-04-14,2960,3044,2957,2984,307197,282311,2989.8,3071.4,3213.55,3457.133333333333,-138.47604971834016,-119.32236454351519,-19.15368517482497,26.854219948849106,115.35714285714286,-57.55124177255713,211913.3,3561684,220004.8,-5074.0,-1.765575795535601
2017-04-17,2987,3039,2930,2973,245037,277866,2970.8,3049.6,3183.3,3446.8166666666666,-137.40352501432562,-122.93859663767728,-14.464928376648345,25.82697201017811,115.78571428571429,-56.66775630546232,216587.15,3316647,223804.15,-4445.0,-1.5745047128875589
2017-04-18,2970,2982,2870,2881,227160,278617,2941.0,3021.2,3150.25,3435.4,-142.33640708366647,-126.81815872687513,-15.518248356791347,32.741935483870975,101.14285714285714,-69.86192898595979,220349.45,3089487,227873.5,751.0,0.27027416092648693
2017-04-19,2880,2926,2870,2893,209631,284186,2937.0,2993.5,3118.25,3421.6,-143.62186845327915,-130.17890067215595,-13.442967781123201,34.510433386837875,99.85714285714286,-70.7826720055089,223183.0,3299118,231757.85,5569.0,1.9988012217488471
2017-04-20,2895,2950,2801,2930,373407,287663,2932.2,2970.4,3092.1,3409.95,-140.04071290578713,-132.15126311888218,-7.889449786904947,23.452157598499056,99.64285714285714,-68.07099048871028,233235.4,3672525,236895.4,3477.0,1.223494471930353
2017-04-21,2935,2996,2900,2961,316284,291775,2927.6,2958.7,3072.25,3398.9333333333334,-133.16612422435355,-132.35423533997647,-0.8118888843770833,28.782287822878217,101.35714285714286,-45.432579081863096,242073.7,3988809,242166.65,4112.0,1.4294504333195457
2017-04-24,2961,2967,2881,2956,272575,295508,2924.2,2947.5,3052.75,3389.016666666667,-126.66134820073012,-131.2156579121272,4.554309711397082,29.942418426103643,98.57142857142857,-48.565062109932754,250861.6,3716234,248028.5,3733.0,1.2794105046696869
2017-04-25,2950,3012,2932,2992,310939,310080,2946.4,2943.7,3034.7,3381.35,-117.24978466996299,-128.42248326369437,11.172698593731383,33.876811594202906,97.14285714285714,-28.438337958829646,259469.8,4027173,254474.0,14572.0,4.9311693761251885
2017-04-26,2984,3085,2973,3020,286628,301763,2971.8,2954.4,3030.95,3373.983333333333,-106.30625444306543,-123.9992374995686,17.692983056503166,37.65323992994746,98.85714285714286,-4.160210986408356,266886.15,4313801,261026.8,-8317.0,-2.6822110423116663
2017-04-27,3016,3063,3001,3063,210831,301378,2998.4,2965.3,3029.8,3365.2833333333333,-93.09059680725659,-117.8175093611062,24.726912553849616,48.58757062146893,93.71428571428571,4.9549775850437365,270670.85,4524632,266992.4,-385.0,-0.1275835672365444
2017-04-28,3060,3151,3060,3149,313803,309449,3036.0,2981.8,3026.6,3357.766666666667,-74.81518872441711,-109.21704523376839,34.401856509351276,56.67215815485997,95.57142857142857,44.56690354236998,276134.55,4838435,272807.95,8071.0,2.678032238584094
2017-05-02,3175,3196,3118,3142,230242,320928,3073.2,2998.7,3024.15,3349.133333333333,-60.202658873481596,-99.41416796171103,39.211509088229434,59.722222222222214,96.35714285714286,63.79016526845724,278996.95,4608193,278895.8,11479.0,3.7094965567831872
2017-05-03,3148,3150,3081,3112,321235,336154,3097.2,3021.8,3021.5,3344.633333333333,-50.461187806526596,-89.62357193067416,39.162384124147565,70.34764826175869,92.14285714285714,48.986432938798345,282643.4,4286958,284697.5,15226.0,4.744366337620898
2017-05-04,3088,3096,2891,2891,495592,341916,3071.4,3021.6,3007.55,3336.4,-59.883554488467325,-83.6755684422328,23.792013953765476,45.2914798206278,100.78571428571429,-30.340386824605005,294622.2,3791366,289191.65,5762.0,1.7140953253568236
2017-05-05,2904,2915,2845,2887,368772,338639,3036.2,3017.3,2993.85,3326.7,-66.90240525650097,-80.32093580508644,13.418530548585466,42.45723172628305,99.35714285714286,-70.25209816427986,296441.95,3422594,293097.15,-3277.0,-0.9584225365294352
2017-05-08,2905,2983,2881,2931,462176,344444,2992.6,3014.3,2986.5,3316.6666666666665,-68.12911277839021,-77.88257119974719,9.753458421356981,46.89349112426036,98.85714285714286,-35.94035896271309,303259.9,3884770,298019.0,5805.0,1.7142148423542558
2017-05-09,2925,2935,2861,2895,369371,355046,2943.2,3008.2,2977.85,3306.766666666667,-71.1856031413704,-76.54317758807184,5.357574446701449,51.12903225806451,96.14285714285714,-52.20030337158347,308257.6,3515399,303552.1,10602.0,3.0780039716180374
2017-05-10,2894,2952,2885,2930,426276,336209,2906.8,3002.0,2972.85,3295.266666666667,-69.97703458653905,-75.22994898776528,5.252914401226235,52.87713841368584,96.92857142857143,-32.726536032908605,317651.1,3941675,308006.45,-18837.0,-5.305509708601141
2017-05-11,2935,2969,2855,2952,555671,312566,2919.0,2995.2,2974.8,3282.3,-66.47770555256511,-73.47950030072525,7.001794748160137,51.751592356687894,94.42857142857143,-29.873560256728165,330041.1,4497346,309694.15,-23643.0,-7.032232926542714
2017-05-12,2952,2956,2839,2840,445986,339060,2909.6,2972.9,2969.1,3267.5,-71.912958240448,-73.1661918886698,1.2532336482217943,41.46685472496474,95.92857142857143,-55.37925347204536,337440.65,4051360,312277.9,26494.0,8.476289807592629
2017-05-15,2852,2956,2844,2916,394282,312848,2906.6,2949.6,2965.7,3254.8166666666666,-69.28914814416885,-72.39078313976961,3.1016349956007616,47.43589743589743,98.07142857142857,-35.862572719424136,341794.9,4445642,313804.75,-26212.0,-7.730785111779626
2017-05-16,2927,2932,2877,2916,280027,311155,2910.8,2927.0,2962.85,3242.5333333333333,-66.44383655142428,-71.20139382210054,4.7575572706762586,44.89247311827957,96.28571428571429,-31.57363530876764,343544.4,4445642,315469.2,-1693.0,-0.5411573671559311
2017-05-17,2916,3050,2915,3037,489212,323534,2932.2,2919.5,2970.65,3230.8,-53.804987451109355,-67.72211254790231,13.917125096792958,51.01553166069295,97.92857142857143,20.641367917664656,356647.0,4934854,317715.05,12379.0,3.9784030467130638
2017-05-18,3044,3065,2998,3048,320507,316112,2951.4,2935.2,2978.4,3218.9,-42.41210012235979,-62.66011006279381,20.248009940434024,49.06832298136646,98.28571428571429,38.22940540737988,362190.8,5255361,319311.35,-7422.0,-2.2940401936118016
2017-05-19,3018,3129,2991,3117,420832,311243,3006.8,2958.2,2987.75,3207.85,-27.49844651581998,-55.62777735339905,28.12933083757907,47.96954314720812,101.64285714285714,57.12467625730107,364562.05,5676193,320490.35,-4869.0,-1.5402768638963393
2017-05-22,3137,3229,3110,3170,426131,308469,3057.6,2982.1,2998.2,3199.366666666667,-11.272667234162782,-46.756755329551794,35.48408809538901,51.678657074340535,104.57142857142857,93.88072531266663,370054.4,6102324,321325.05,-2774.0,-0.8912650244342846
2017-05-23,3172,3187,3134,3153,257465,309966,3105.0,3007.9,3008.05,3191.7833333333333,0.21217598917792202,-37.36296906580585,37.57514505498377,52.49695493300852,103.42857142857143,77.00545503278478,369298.9,5844859,322047.95,1497.0,0.48529998152164744
2017-05-24,3152,3200,3075,3128,486406,318798,3123.2,3027.7,3014.85,3184.0666666666666,7.213552577388327,-28.447664737167017,35.661217314555344,68.96,96.57142857142857,58.943938619845326,378072.25,5358453,322483.85,8832.0,2.8493447668453964
2017-05-25,3156,3211,3118,3133,481194,334912,3140.2,3045.8,3020.5,3174.15,13.015616256728663,-20.155008538387882,33.170624795116545,69.6485623003195,98.21428571428571,62.48491777693334,387800.55,5839647,324141.3,16114.0,5.054611384011198
2017-05-26,3135,3152,3052,3116,428721,324306,3140.0,3073.4,3023.15,3166.9333333333334,16.05694117636267,-12.912618595437774,28.969559771800444,65.4424040066778,98.07142857142857,38.563335104899,398695.05,5410926,325287.7,-10606.0,-3.1668020256067297
2017-05-31,3135,3185,3033,3037,382921,331418,3113.4,3085.5,3017.55,3157.65,11.954766213951643,-7.939141633559891,19.893907847511535,61.059190031152646,103.64285714285714,29.888199343199933,402150.95,5028005,326386.15,7112.0,2.1929905706339126
2017-06-01,3040,3058,2981,3021,373000,331750,3087.0,3096.0,3011.5,3148.35,7.328221542958545,-4.885668998256205,12.213890541214749,57.30337078651685,104.35714285714286,3.1521720562196696,409288.85,4655005,326927.25,332.0,0.10017560904960199
2017-06-02,3026,3050,2982,3012,425118,332554,3063.8,3093.5,3006.5,3139.0,2.9019746179010326,-3.3281402750247575,6.230114892925791,54.91803278688524,101.07142857142857,3.0645745225337793,414483.0,4229887,326747.25,804.0,0.2423511680482271
2017-06-05,3003,3025,2925,2936,406231,321508,3024.4,3082.3,3008.75,3130.15,-6.661631658059832,-3.994838551631773,-2.6667931064280594,58.36236933797909,99.85714285714286,-22.978774392191923,410014.95,3823656,325726.85,-11046.0,-3.3215658208892385
2017-06-06,2930,2961,2906,2938,286074,302978,2988.8,3064.4,3011.3,3121.15,-13.919025388137015,-5.979675918932822,-7.939349469204194,52.199999999999996,95.5,-38.667322823145646,405880.05,4109730,323943.8,-18530.0,-5.763464672729757
2017-06-07,2944,2972,2932,2957,199186,304426,2972.8,3043.1,3012.6,3113.383333333333,-17.93072673918732,-8.369886082983722,-9.560840656203599,53.94990366088632,94.42857142857143,-30.00333063001834,392730.55,4308916,321942.9,1448.0,0.47792248942166715
2017-06-08,2958,3016,2921,2974,305637,297215,2963.4,3025.2,3016.55,3106.75,-19.51333347588843,-10.598575561564665,-8.914757914323765,42.40963855421686,91.57142857142857,-24.15152396401333,389543.85,4614553,319051.35,-7211.0,-2.368720148738934
2017-06-09,2976,3080,2969,3074,405370,304377,2975.8,3019.8,3023.75,3100.9333333333334,-12.553685380985826,-10.989597525448897,-1.564087855536929,52.579365079365076,94.71428571428571,10.370181225584629,388498.55,5019923,317459.75,7162.0,2.4097034133539585
2017-06-12,3076,3148,3062,3104,463997,300307,3009.4,3016.9,3031.35,3093.1666666666665,-4.564745302290248,-9.704627080817168,5.13988177852692,48.60215053763441,91.0,40.61453784352751,383914.85,5483920,316846.8,-4070.0,-1.3371575381845524
2017-06-13,3108,3119,3006,3006,362672,279339,3023.0,3005.9,3039.65,3084.3,-6.0712481431719425,-8.977951293288124,2.906703150116181,33.92156862745098,90.57142857142857,2.706464021252145,379749.15,5121248,313860.75,-20968.0,-6.982188227380648
2017-06-14,3001,3123,2972,3120,531911,288919,3055.6,3014.2,3049.85,3076.366666666667,1.9116484703040442,-6.80003134056969,8.711679810873735,47.28171334431631,97.57142857142857,15.61716098437095,386630.6,5653159,312664.3,9580.0,3.4295246993796047
2017-06-15,3123,3199,3067,3185,683225,318821,3097.8,3030.6,3063.3,3069.8166666666666,13.329454666386027,-2.774134139178547,16.103588805564574,54.404945904173104,98.07142857142857,61.8337305408423,406790.5,6336384,313047.6,29902.0,10.349613559509763
2017-06-16,3179,3238,3147,3164,595846,314814,3115.8,3045.8,3069.65,3063.516666666667,20.44791302894191,1.8702752944455443,18.577637734496367,52.33785822021116,97.92857142857143,74.29589821383071,412122.2,5740538,312611.6,-4007.0,-1.2568180891472047
2017-06-19,3169,3273,3158,3236,570747,314980,3142.2,3075.8,3079.05,3058.5666666666666,31.535617865371478,7.803343808630732,23.732274056740746,58.35654596100278,99.0,86.17444150970951,424634.2,6311285,312555.0,166.0,0.05272954824118159
2017-06-20,3239,3255,3204,3228,510643,348758,3186.6,3104.8,3084.6,3054.8166666666666,39.225009200291424,14.087676886962871,25.137332313328553,64.76043276661514,91.78571428571429,79.45801014961515,429124.75,5800642,314430.75,33778.0,10.723855482887812
2017-06-21,3219,3227,3164,3197,513807,332277,3202.0,3128.8,3085.95,3052.133333333333,42.32951797607984,19.736045104786264,22.593472871293578,63.29305135951661,90.85714285714286,59.49345979737457,433508.55,5286835,315621.15,-16481.0,-4.7256263655600765
2017-06-22,3205,3269,3185,3194,598354,334480,3203.8,3150.8,3088.0,3049.6,44.04012151293864,24.59686038641674,19.4432611265219,63.8719512195122,92.0,66.46967476350478,450553.0,4688481,316846.85,2203.0,0.6630010503284822
2017-06-23,3204,3242,3181,3238,541376,338449,3218.6,3167.2,3093.5,3047.6833333333334,48.38842774252407,29.35517385763821,19.033253884885863,74.19871794871796,89.21428571428571,63.80851410681357,453301.5,5229857,317829.4,3969.0,1.1866180339631605
2017-06-26,3240,3305,3217,3288,537121,365461,3229.0,3185.6,3101.25,3050.9,55.232389287156366,34.530616943541844,20.701772343614522,76.04166666666666,91.57142857142857,80.38878538375283,456097.85,5766978,319356.85,27012.0,7.981113845808374
2017-06-27,3288,3357,3271,3350,474222,375131,3253.4,3220.0,3112.95,3055.3,64.9109074285384,40.606675040541155,24.30423238799724,77.48251748251748,94.85714285714286,91.70500528206661,458372.9,6241200,321898.1,9670.0,2.645973168135596
2017-06-28,3355,3411,3351,3389,440875,385356,3291.8,3246.9,3130.55,3058.233333333333,74.86517768257227,47.458375568947375,27.40680211362489,78.15468113975577,92.42857142857143,97.72005756025693,461270.6,6682075,324595.0,10225.0,2.725714483740349
2017-06-29,3395,3429,3354,3377,632780,376729,3328.4,3266.1,3148.35,3061.3333333333335,80.85367799348114,54.13743605385413,26.71624193962701,73.34360554699538,89.85714285714286,85.64495009021181,474259.6,6049295,326843.95,-8627.0,-2.238709141676787
2017-06-30,3368,3398,3339,3383,508215,344639,3357.4,3288.0,3166.9,3064.9666666666667,85.10274600922503,60.33049804492831,24.772247964296717,72.32,87.92857142857143,71.8870974397473,478414.45,6557510,327448.2,-32090.0,-8.518059400789424
2017-07-03,3362,3468,3362,3460,545968,360495,3391.8,3310.4,3193.1,3069.8,93.60440618099892,66.98527967214244,26.619126508856482,87.58278145695364,87.42857142857143,81.15710780297938,485401.3,7103478,329397.55,15856.0,4.600756153540364
2017-07-04,3450,3477,3377,3391,467192,323010,3400.0,3326.7,3215.75,3073.633333333333,93.69426066109509,72.32707586993297,21.367184791162117,74.23971377459749,83.78571428571429,69.98047596859631,494457.2,6636286,330399.15,-37485.0,-10.398202471601547
2017-07-05,3395,3483,3393,3430,435685,327807,3408.2,3350.0,3239.4,3079.5,95.8080297191641,77.0232666397792,18.784763079384902,72.98311444652907,80.92857142857143,70.98056895137957,506282.15,7071971,331568.2,4797.0,1.4850933407634548
2017-07-06,3416,3424,3330,3414,554524,315526,3415.6,3372.0,3261.4,3085.266666666667,95.09593391315957,80.63780009445527,14.458133818704297,73.67424242424242,81.57142857142857,51.15143820352143,518726.5,6517447,332483.75,-12281.0,-3.7464117605786385
2017-07-07,3414,3455,3366,3444,464191,314028,3427.8,3392.6,3279.9,3092.1666666666665,95.84747214021354,83.67973450360694,12.167737636606603,71.39917695473251,79.71428571428571,58.42371082028103,521667.55,6981638,332966.3,-1498.0,-0.4747627770770091
2017-07-10,3439,3489,3423,3452,398380,315381,3426.2,3409.0,3297.3,3101.15,95.98218189485488,86.14022398185652,9.841957912998353,73.04526748971193,80.78571428571429,64.71553666452306,518386.7,7380018,333720.0,1353.0,0.4308532997057579
2017-07-11,3450,3605,3438,3569,403633,331201,3461.8,3430.9,3325.45,3111.4,104.32724302005909,89.77762778949703,14.549615230562054,82.51748251748252,88.14285714285714,89.49906834960905,520434.75,7783651,336313.1,15820.0,5.016155063240979
2017-07-12,3558,3627,3558,3590,331212,319923,3493.8,3451.0,3348.95,3121.5,111.35169554812455,94.09244134122254,17.259254206902014,83.5593220338983,87.07142857142857,100.3840527022804,510399.8,8114863,337863.3,-11278.0,-3.405182955365471
2017-07-13,3595,3684,3577,3680,388329,333222,3547.0,3481.3,3373.7,3133.2833333333333,122.7657059840949,99.82709426979702,22.938611714297878,84.74842767295597,90.35714285714286,105.00210013038203,495655.0,8503192,338583.35,13299.0,4.156937763149249
2017-07-14,3670,3676,3562,3598,465763,307450,3577.8,3502.8,3395.4,3145.233333333333,123.76795682727243,104.6152667812921,19.15269004598032,73.20359281437126,92.5,81.79709960668809,489150.85,8037429,338215.15,-25772.0,-7.734183217194546
2017-07-17,3591,3725,3589,3698,466397,333347,3627.0,3526.6,3418.5,3158.65,131.11994302261382,109.91620202955644,21.20374099305738,74.6458923512748,96.07142857142857,89.82222056287237,483933.35,8503826,339133.5,25897.0,8.423158237111728
2017-07-18,3691,3709,3643,3657,382033,321741,3644.6,3553.2,3439.95,3170.766666666667,132.115146531527,114.35599092995055,17.75915560157644,68.92655367231639,96.42857142857143,79.45456420449352,477502.85,8121793,337782.65,-11606.0,-3.481657252052661
2017-07-19,3678,3745,3663,3731,384073,331731,3672.8,3583.3,3466.65,3183.6,137.29241256806517,118.94327525757348,18.3491373104917,72.98701298701299,97.35714285714286,84.3599186777587,471016.15,8505866,337755.35,9990.0,3.1049819575372783
2017-07-20,3730,3732,3605,3617,622576,294438,3660.2,3603.6,3487.8,3194.616666666667,130.6900721400757,121.29263463407392,9.39743750600178,63.325740318906604,102.21428571428571,58.87086406284059,472227.25,7883290,335753.25,-37293.0,-11.241940005606955
2017-07-21,3627,3653,3566,3629,398461,286201,3666.4,3622.1,3507.35,3205.233333333333,124.9852177062944,122.03115124851803,2.9540664577763778,60.393603936039355,100.85714285714286,43.089243574883135,465081.5,8281751,333140.85,-8237.0,-2.7975329271357596
2017-07-24,3636,3650,3538,3586,401919,265675,3644.0,3635.5,3522.25,3214.6666666666665,115.6610700136589,120.75713500154622,-5.096064987887317,62.38881829733164,101.71428571428571,30.244553403988427,458321.4,7879832,328151.55,-20526.0,-7.171882697824261
2017-07-25,3593,3645,3572,3631,317673,249030,3638.8,3641.7,3536.3,3224.133333333333,110.62749481272022,118.73120696378102,-8.103712151060805,62.67339218158891,100.35714285714286,36.20735204452545,450493.95,8197505,321846.5,-16645.0,-6.265173614378472
2017-07-26,3637,3717,3618,3644,369021,235144,3621.4,3647.1,3549.05,3232.383333333333,106.4601353839198,116.27699264780878,-9.816857263888977,64.55696202531647,100.28571428571429,49.62815084364754,446901.25,8566526,314335.9,-13886.0,-5.576035015861547
2017-07-27,3634,3674,3580,3666,365581,221981,3631.2,3645.7,3563.5,3241.116666666667,103.73687502934445,113.76896912411593,-10.03209409477148,64.19437340153453,100.64285714285714,37.12440999404699,433541.3,8932107,306598.5,-13163.0,-5.597846426019803
2017-07-28,3668,3705,3626,3660,366622,222195,3637.4,3651.9,3577.35,3250.25,99.94244740078102,111.00366477944895,-11.061217378667934,63.333333333333336,101.57142857142857,43.69242728127253,426461.65,8565485,300476.3,214.0,0.09640464724458564
2017-07-31,3669,3815,3658,3802,477419,253990,3680.6,3662.3,3594.45,3265.4333333333334,107.15829529976145,110.23459088351146,-3.07629558375001,64.47204968944101,100.85714285714286,78.92167868951599,423034.2,9042904,295151.05,31795.0,14.309502914106975
2017-08-01,3796,3828,3758,3766,232965,246700,3707.6,3673.2,3613.2,3280.0833333333335,108.71876535964975,109.93142577873911,-1.2126604190893602,60.73170731707317,100.92857142857143,81.9072690420411,411322.85,8809939,291335.55,-7290.0,-2.870191739832273
2017-08-02,3777,3817,3744,3797,228454,248925,3738.2,3679.8,3631.55,3294.516666666667,111.17533004634652,110.18020663226059,0.9951234140859242,57.68725361366623,98.5,75.25459928389726,400961.3,9038393,287391.45,2225.0,0.901905147952986
2017-08-03,3791,3849,3775,3809,307506,237013,3766.8,3699.0,3651.3,3309.75,112.79029861801655,110.70222502941179,2.0880735886047574,65.26772793053546,95.35714285714286,82.62267962245635,388610.4,9345899,283465.8,-11912.0,-4.785377121622981
2017-08-04,3812,3912,3798,3897,249868,241333,3814.2,3725.8,3673.95,3325.866666666667,119.7901708765271,112.51981419883487,7.270356677692234,64.65390279823269,93.78571428571429,102.90085483451307,377894.25,9595767,279831.05,4320.0,1.822684831633703
2017-08-07,3893,4088,3882,4030,346756,228825,3859.8,3770.2,3702.85,3343.8333333333335,134.51895773574188,116.91964290621627,17.59931482952561,74.189364461738,103.78571428571429,137.80010999305156,375313.05,9942523,275503.25,-12508.0,-5.1828800868509495
2017-08-08,4028,4099,3972,4010,252037,205604,3908.6,3808.1,3724.9,3363.3333333333335,142.93018438913487,122.12175120279998,20.80843318633488,69.4560669456067,106.57142857142857,121.08137827755368,367733.25,9690486,269223.4,-23221.0,-10.14792964055501
2017-08-09,3942,4103,3906,4068,240579,215539,3962.8,3850.5,3748.8,3382.5333333333333,152.518123398042,128.2010256418484,24.31709775619362,84.11497730711044,111.57142857142857,101.31263350884377,363201.6,9931065,264004.2,9935.0,4.832104433765871
2017-08-10,4059,4114,3984,4028,291259,230783,4006.6,3886.7,3766.2,3401.0666666666666,155.10105996173843,133.5810325058264,21.520027455912015,78.95500725689405,114.64285714285714,91.47066246250309,358348.1,9639806,258882.25,15244.0,7.072501960202104
2017-08-11,4005,4075,3908,3937,397611,226819,4014.6,3914.4,3783.15,3416.0666666666666,148.09793550353197,136.48441310536754,11.613522398164434,73.81275440976933,118.57142857142857,62.15403633447309,354940.5,9242195,254850.7,-3964.0,-1.7176308480260638
2017-08-14,3945,3973,3857,3876,457062,241493,3983.8,3921.8,3792.05,3429.866666666667,136.05733445503938,136.39899737530192,-0.34166292026253586,66.26826029216468,121.64285714285714,35.68557039436278,354473.75,8785133,250258.0,14674.0,6.4694756612100335
2017-08-15,3863,3883,3775,3840,612540,243395,3949.8,3929.2,3801.2,3441.9166666666665,122.20150930929685,133.55949976210093,-11.357990452804074,62.628865979381445,122.28571428571429,11.176746534772471,365999.1,8172593,246340.7,1902.0,0.7876004687506377
2017-08-16,3833,3880,3816,3829,568496,262059,3902.0,3932.4,3806.1,3452.9,109.07570317734098,128.66274044514893,-19.587037267807943,60.653594771241835,120.14285714285714,12.089039130082517,375220.25,7604097,242857.1,18664.0,7.66819367694489
2017-08-17,3843,3993,3841,3942,925419,274147,3884.8,3945.7,3822.35,3466.05,106.56316899216381,124.24282615455192,-17.67965716238811,66.1697247706422,126.21428571428571,35.36921770422354,390362.4,8529516,241842.55,12088.0,4.612701719841716
2017-08-18,3933,4037,3916,4021,718927,291753,3901.6,3958.1,3841.95,3480.9333333333334,109.6822585166874,121.33071262697902,-11.648454110291624,63.53522867737948,123.64285714285714,52.053464394504125,406385.7,9248443,242120.15,17606.0,6.422102010964914
2017-08-21,4010,4109,3943,4068,786204,295090,3940.0,3961.9,3866.05,3496.516666666667,114.6253371069356,119.98963752297036,-5.364300416034752,68.41463414634146,130.5,63.15016041649722,425599.95,10034647,243590.9,3337.0,1.1437757280987615
2017-08-22,4051,4087,3993,4047,640157,286076,3981.4,3965.6,3886.85,3512.0333333333333,115.51663415505709,119.09503684938771,-3.57840269433062,65.4320987654321,132.0,59.23500592519096,441724.15,9394490,245443.2,-9014.0,-3.054661289775995
2017-08-23,4037,4037,3798,3865,1041888,302700,3988.6,3945.3,3897.9,3525.8333333333335,100.37999641036504,115.35202876158318,-14.972032351218147,52.857142857142854,144.5,2.868410969970842,475367.5,8352602,248821.0,16624.0,5.811043219284384
2017-08-24,3865,3979,3840,3962,913063,284744,3992.6,3938.7,3912.7,3541.516666666667,95.11476744902075,111.3045764990707,-16.18980905004996,53.28614762386249,146.28571428571428,8.93511300974573,502741.6,9265665,251959.15,-17956.0,-5.931945820944828
2017-08-25,3948,4144,3942,4050,663559,371730,3998.4,3950.0,3932.2,3558.8166666666666,96.92560210951797,108.42878162116017,-11.503179511642202,51.059322033898304,146.0,59.919144958375675,517588.45,9929224,259435.9,86986.0,30.548843873795416
2017-08-28,4050,4109,3936,4081,500958,349055,4001.0,3970.5,3946.15,3577.9,99.71271642062493,106.68556858105313,-6.972852160428204,53.717277486911,149.28571428571428,53.87611888452418,518765.4,10430182,264189.15,-22675.0,-6.099857423398703
2017-08-29,4086,4117,4004,4054,573608,422362,4002.4,3991.9,3960.55,3596.5,98.60617958265311,105.06969078137314,-6.4635111987200276,49.24242424242424,143.28571428571428,57.76275004220345,535797.55,9856574,272972.25,73307.0,21.001561358525155
2017-08-30,4060,4093,3985,4068,458306,414831,4043.0,4015.8,3974.1,3615.016666666667,97.7323267371462,103.60221797252777,-5.869891235381573,52.227171492204896,141.71428571428572,48.86686859252582,547290.15,10314880,281267.55,-7531.0,-1.783067605513755
2017-08-31,4050,4075,3941,4072,609689,428995,4065.0,4028.8,3987.25,3633.3166666666666,96.25301380420342,102.13237713886289,-5.879363334659473,58.32305795314427,139.35714285714286,33.79239928796208,562399.3,10924569,290866.65,14164.0,3.4144024916170634
2017-09-01,4058,4251,4046,4251,591376,474463,4105.2,4051.8,4004.95,3652.9333333333334,108.2763097820498,103.36116366750028,4.915146114549515,70.18299246501616,145.71428571428572,112.44213149751519,579474.7,11515945,302523.15,45468.0,10.598724926863955
2017-09-04,4255,4400,4245,4284,675219,503521,4145.8,4073.4,4017.65,3672.6,119.09483159053752,106.50789725210774,12.586934338429785,73.97408207343412,149.07142857142858,136.82556687325828,595897.85,12191164,316257.95,29058.0,6.124397476726329
2017-09-05,4280,4362,4273,4338,514546,530932,4202.6,4102.5,4034.05,3694.8,130.52136769017352,111.3105913397209,19.21077635045262,76.2641898864809,150.85714285714286,115.03357675381157,609023.3,12705710,332524.35,27411.0,5.4438643075462645
2017-09-06,4339,4386,4215,4222,629018,511013,4233.4,4138.2,4041.75,3713.1666666666665,128.73279776606796,114.79503262499031,13.937765141077648,64.40329218106996,151.35714285714286,83.7302710938043,628445.25,12076692,347298.05,-19919.0,-3.7517045497351798
2017-09-07,4230,4269,4193,4217,509622,487863,4262.4,4163.7,4051.2,3730.366666666667,125.46559571423495,116.92914524283924,8.53645047139571,60.91314031180401,148.14285714285714,60.90985230152436,639363.4,11567070,360152.05,-23150.0,-4.530217430867712
2017-09-08,4209,4296,4128,4151,643622,502491,4242.4,4173.8,4061.9,3746.8166666666666,116.21105740337816,116.78552767494703,-0.5744702715688703,54.525627044711015,148.28571428571428,44.80177137195306,651663.95,10923448,373935.65,14628.0,2.998382742696215
2017-09-11,4150,4180,4074,4161,430585,454549,4217.8,4181.8,4076.15,3762.233333333333,108.43372901278235,115.1151679425141,-6.681438929731755,56.29139072847683,149.14285714285714,23.727162795435515,650340.1,11354033,384588.45,-47942.0,-9.54086739862008
2017-09-12,4161,4198,4087,4177,481077,487343,4185.6,4194.1,4093.0,3778.05,102.381021823423,112.5683387186959,-10.1873168952729,71.08108108108108,139.28571428571428,25.296767004359673,643766.95,11835110,396785.85,32794.0,7.214623725934932
2017-09-13,4180,4220,4098,4119,452709,463292,4165.0,4199.2,4107.5,3793.4166666666665,91.84535639787464,108.42374225453165,-16.578385856657007,61.19828815977176,138.07142857142858,18.322275587320405,637977.6,11382401,406847.5,-24051.0,-4.935127825781837
2017-09-14,4125,4174,4051,4078,628831,519720,4137.2,4199.8,4114.3,3808.15,79.27359167531858,102.59371213868904,-23.320120463370458,52.14067278287462,132.42857142857142,-3.2232272152113217,623148.2,10753570,419126.15,56428.0,12.179791578529308
2017-09-15,4080,4109,4033,4065,463106,499788,4120.0,4181.2,4116.5,3821.9333333333334,67.4834786684687,95.57166544464498,-28.088186776176272,48.742138364779876,125.5,-18.857622936659713,610357.15,10290464,429527.9,-19932.0,-3.8351419995382163
2017-09-18,4074,4092,3986,4046,470539,497469,4097.0,4157.4,4115.4,3834.5666666666666,55.96149863554092,87.64963208282418,-31.688133447283263,49.36305732484077,125.0,-30.89197445360845,594573.9,9819925,439646.85,-2319.0,-0.4639967346154794
2017-09-19,4041,4079,3980,3982,349297,473329,4058.0,4121.8,4112.15,3845.1,41.19115532044907,78.35793673034917,-37.166781409900096,43.657817109144545,124.35714285714286,-41.87203512410501,580030.9,9470628,449009.5,-24140.0,-4.852563677334665
2017-09-20,3979,4028,3928,3993,401131,475421,4032.8,4098.9,4118.55,3855.1666666666665,30.02702702149736,68.6917547885788,-38.664727767081445,44.23357664233576,121.92857142857143,-60.26442625775421,547993.05,9871759,457645.55,2092.0,0.4419758772439497
2017-09-21,4003,4049,3885,3890,532791,498746,3995.2,4066.2,4114.95,3863.7166666666667,12.72149029700222,57.49770189026349,-44.77621159326127,20.361247947454842,119.0,-80.49312590623028,528979.45,9338968,468345.65,23325.0,4.906177892857078
2017-09-22,3899,3899,3740,3765,424523,472083,3935.2,4027.6,4100.7,3870.0833333333335,-10.953462866599239,43.80746893889095,-54.76093180549019,12.981455064194009,119.28571428571429,-117.50871186235311,517027.65,8914445,473363.3,-26663.0,-5.346007787531127
2017-09-25,3785,3838,3757,3820,378563,463982,3890.0,3993.5,4087.65,3876.0833333333335,-24.989925170086735,30.047990117095416,-55.03791528718215,13.105413105413092,118.71428571428571,-99.21097383946798,510907.9,9293008,479109.65,-8101.0,-1.7160118030092208
2017-09-26,3820,3870,3808,3846,310713,455576,3862.8,3960.4,4077.25,3883.6666666666665,-33.62829392444155,17.312733308788026,-50.941027233229576,19.281045751633982,110.92857142857143,-77.32617702809681,497763.15,9603721,480770.35,-8406.0,-1.8117082128185968
2017-09-27,3850,3930,3843,3919,429823,473886,3848.0,3940.4,4069.8,3891.8166666666666,-34.18965640805891,7.012255365418639,-41.20191177347755,28.088235294117638,111.71428571428571,-54.95754113275498,496339.0,10033544,483723.1,18310.0,4.019087923859033
2017-09-28,3927,3972,3822,3880,518875,467672,3846.0,3920.6,4060.2,3899.5833333333335,-37.35095571678494,-1.860386851022077,-35.49056886576286,29.249617151607964,110.42857142857143,-53.05583229165356,491798.3,9514669,485656.95,-6214.0,-1.3112858366780222
2017-09-29,3883,3978,3788,3978,476396,454934,3888.6,3911.9,4046.55,3908.483333333333,-31.58444143482575,-7.805197767782811,-23.779243667042937,37.65182186234818,116.42857142857143,-41.696129760033315,486049.3,9991065,484680.5,-12738.0,-2.7237037924015106
2017-10-09,4030,4100,3970,4007,331000,462779,3926.0,3908.0,4032.7,3917.733333333333,-24.3931901719252,-11.12279624861129,-13.270393923313907,38.726790450928384,117.78571428571429,-4.316162396260542,468838.35,10322065,482643.4,7845.0,1.7244259606888024
2017-10-10,4000,4016,3850,3850,531688,484586,3926.8,3894.8,4008.3,3922.4166666666665,-31.005250405585684,-15.099287080006171,-15.905963325579513,34.23212192262602,120.92857142857143,-39.693235200896105,469695.45,9790377,480326.1,21807.0,4.712184433606548
2017-10-11,3851,3900,3809,3814,412450,467706,3905.8,3876.9,3987.9,3926.15,-38.704098162378614,-19.82024929648066,-18.883848865897953,34.433962264150935,118.64285714285714,-58.127608487669576,458867.05,9377927,478160.75,-16880.0,-3.48338581799722
2017-10-12,3820,4028,3800,4002,678018,552603,3930.2,3888.1,3977.15,3931.516666666667,-29.297735599610405,-21.71574655710661,-7.581989042503796,46.9208211143695,129.5,-15.880056822018771,467286.85,10055945,481397.75,84897.0,18.151787661479645
2017-10-13,4000,4128,3973,4128,573164,553084,3960.2,3924.4,3976.0,3940.35,-11.542918941036078,-19.681181033892504,8.138262092856426,53.6283185840708,133.0,43.52917928420204,463763.95,10629109,483927.4,481.0,0.08704259658380842
2017-10-16,4148,4239,4126,4170,580344,577467,3992.8,3959.4,3976.45,3948.2166666666667,5.849520537231911,-14.575040719667623,20.424561256899533,58.48375451263538,134.0,84.71305884802476,471251.9,11209453,490073.3,24383.0,4.408552769561225
2017-10-17,4170,4180,4022,4049,659860,545000,4032.6,3979.7,3970.05,3954.75,9.756992828898092,-9.708634009954482,19.46562683885257,52.29885057471265,138.14285714285714,47.920338905667556,480191.05,10549593,492956.15,-32467.0,-5.622312616998027
2017-10-18,4050,4096,4010,4035,439805,517149,4076.8,3991.3,3965.85,3959.8166666666666,11.590402825743695,-5.448826642814847,17.039229468558542,56.42161204605846,132.57142857142858,35.76385208658252,479545.85,10109788,495649.0,-27851.0,-5.110275229357796
2017-10-19,4035,4038,3892,3916,600202,523811,4059.6,3994.9,3957.75,3964.8,3.401873303890625,-3.6786866534737523,7.080559957364377,56.723063223508454,131.64285714285714,-6.674961691769269,478114.4,9509586,495853.55,6662.0,1.2882167421768287
2017-10-20,3916,4114,3888,4113,584556,499761,4056.6,4008.4,3960.15,3972.866666666667,12.662690649402975,-0.4104111928984069,13.073101842301382,61.58102766798419,142.0,38.08014455474127,484186.9,10094142,495852.2,-24050.0,-4.59135069710258
2017-10-23,4109,4110,3951,4040,593528,492292,4030.6,4011.7,3959.85,3980.4333333333334,13.950650784497157,2.4618012025807063,11.488849581916451,57.39329268292683,149.14285714285714,36.08200869096027,490336.35,9500614,495593.35,-7469.0,-1.4945143778726244
2017-10-24,4030,4112,4000,4078,446759,484933,4036.4,4034.5,3964.65,3987.883333333333,17.832093616443217,5.535859685353209,12.296233931090008,56.2255285826155,150.92857142857142,48.551657842764186,495209.45,9947373,496173.55,-7359.0,-1.494844523169181
2017-10-25,4088,4148,4013,4053,505539,488199,4040.0,4058.4,3967.65,3994.7,18.675593343848504,8.163806417052268,10.511786926796237,56.848772763262076,149.85714285714286,48.98146848009904,500429.85,9441834,496812.45,3266.0,0.6734951013851465
2017-10-26,4033,4046,3932,3946,582120,497495,4046.0,4052.8,3970.45,3999.366666666667,10.58801514345214,8.648648162332243,1.9393669811198961,48.742138364779876,144.92857142857142,2.6359386932450737,502896.3,8859714,496749.9,9296.0,1.904141548835625
2017-10-27,3940,3955,3818,3834,599618,514788,3990.2,4023.4,3973.9,4002.266666666667,-4.803540599233202,5.958210410019155,-10.761751009252357,43.61623616236162,145.42857142857142,-51.0971335027105,511651.05,8260096,498885.15,17293.0,3.4760148343199404
2017-10-30,3837,3883,3810,3836,400207,472952,3949.4,3990.0,3974.7,4002.8333333333335,-16.648166430690708,1.4369350418771818,-18.08510147256789,49.416666666666664,138.78571428571428,-66.85383021656457,512733.25,8660303,499333.65,-41836.0,-8.126840563494097
2017-10-31,3836,3939,3824,3886,522124,475594,3911.0,3973.7,3976.7,4004.8333333333335,-21.749817250998603,-3.2004154166979752,-18.549401834300628,52.96540362438221,140.5,-48.83048878565177,523303.8,9182427,500334.55,2642.0,0.5586190564793148
2017-11-01,3884,3895,3783,3785,640887,465751,3857.4,3948.7,3970.0,4004.633333333333,-33.55595601618552,-9.271523536595485,-24.284432479590034,40.372670807453424,132.21428571428572,-75.50294799298678,533857.0,8541540,499927.8,-9843.0,-2.069622409029548
2017-11-02,3791,3882,3759,3831,618033,461439,3834.4,3940.2,3967.55,4005.0,-38.75386010838429,-15.167990850953245,-23.585869257431042,35.816618911174785,129.92857142857142,-69.61421620782001,538814.9,9159573,499616.15,-4312.0,-0.9258165843980981
2017-11-03,3830,3900,3809,3823,426804,425671,3832.2,3911.2,3959.8,4003.766666666667,-43.02282929619332,-20.738958540001263,-22.28387075619206,32.87265547877591,128.35714285714286,-56.65502185071107,536335.3,8732769,498153.0,-35768.0,-7.7514037608438
2017-11-06,3830,3980,3824,3970,431088,416262,3859.0,3904.2,3957.95,4002.766666666667,-34.15067889580223,-23.421302611161458,-10.729376284640772,46.19826756496631,128.28571428571428,-16.855342077595296,541339.7,9163857,495827.15,-9409.0,-2.2103925332005225
2017-11-07,3975,3993,3906,3924,290822,377483,3866.6,3888.8,3961.65,4001.3333333333335,-30.479898053378747,-24.83302169960492,-5.646876353773827,44.817927170868344,128.35714285714286,-10.110188976610036,529296.4,8873035,490472.0,-38779.0,-9.316007706684736
2017-11-08,3920,3954,3872,3930,324935,379483,3895.6,3876.5,3967.45,3999.0333333333333,-26.77794841269497,-25.22200704222293,-1.5559413704720377,50.73068893528183,123.78571428571429,-23.179764943570888,524920.65,9197970,486060.85,2000.0,0.5298251841804769
2017-11-09,3938,4012,3908,3942,387178,387402,3917.8,3876.1,3964.45,3997.6,-22.61513375503455,-24.700632384785255,2.085498629750706,38.9391979301423,115.07142857142857,-6.268804734425672,510378.65,9585148,477800.8,7919.0,2.086786496364801
2017-11-10,3945,4025,3918,4011,369752,385723,3955.4,3893.8,3958.6,3998.8333333333335,-13.591673453391195,-22.478840598506444,8.88716714511525,48.11443433029908,111.14285714285714,11.226557380053059,500208.05,9954900,469432.75,-1679.0,-0.43339993082121
2017-11-13,4014,4083,3991,4059,344350,397772,3973.2,3916.1,3953.05,4001.883333333333,-2.5380601292731626,-18.49068450465979,15.952624375386627,48.78048780487805,109.71428571428571,50.320141157705145,488408.35,10299250,460448.0,12049.0,3.1237442413338146
2017-11-14,4055,4103,4030,4079,227349,380239,4004.2,3935.4,3954.55,4005.866666666667,7.74654358767657,-13.243238886192518,20.989782473869088,51.67958656330749,105.28571428571429,66.33778333413447,466782.8,10526599,452209.95,-17533.0,-4.407801454099336
2017-11-15,4079,4110,3985,4036,287991,358685,4025.4,3960.5,3954.6,4009.3166666666666,12.285802413347938,-8.137430626284427,20.423233039632365,56.33802816901409,105.57142857142857,51.061479564328216,459192.1,10238608,444286.75,-21554.0,-5.668540049810778
2017-11-16,4047,4058,4004,4019,209708,338668,4040.8,3979.3,3959.75,4010.6,14.346067277753264,-3.640731045476889,17.986798323230154,65.04065040650406,99.64285714285714,38.58925548008847,439667.4,10028900,435029.6,-20017.0,-5.58066269846802
2017-11-17,4029,4038,3933,3934,278654,333129,4025.4,3990.4,3950.8,4009.15,9.016120179749123,-1.1093608004316868,10.12548098018081,57.02005730659026,101.92857142857143,7.587697885573873,424372.3,9750246,426698.0,-5539.0,-1.6355250569879631
2017-11-20,3930,3994,3926,3990,197037,299412,4011.6,3992.4,3948.3,4007.85,9.204724360175533,0.9534562316897572,8.251268128485776,57.38636363636363,98.57142857142857,10.621443762995128,404547.75,9947283,417054.0,-33717.0,-10.121304359572413
2017-11-21,3974,4042,3974,4017,166444,265098,3999.2,4001.7,3945.25,4007.35,11.401440178342455,3.0430530210202966,8.358387157322158,68.41269841269842,95.42857142857143,37.655392606284074,390532.0,10113727,406062.25,-34314.0,-11.46046250651277
2017-11-22,4023,4058,3996,4045,145190,257283,4001.0,4013.2,3944.85,4010.35,15.226201116469838,5.479682640110205,9.746518476359633,67.48366013071896,91.07142857142857,53.99148159963571,372514.55,10258917,394516.45,-7815.0,-2.947966412421066
2017-11-23,4053,4070,3970,3992,170239,231144,3995.6,4018.2,3947.15,4010.85,13.821370499715158,7.148020212031196,6.673350287683962,62.861491628614914,91.71428571428571,38.24645911125789,351920.5,10088678,381198.9,-26139.0,-10.159629668497338
2017-11-24,3996,3996,3941,3985,146600,198122,4005.8,4015.6,3954.7,4009.766666666667,12.00480667747388,8.119377505119733,3.885429172354147,51.45067698259187,84.42857142857143,12.45868082324114,329269.6,9942078,365365.6,-33022.0,-14.286332329630014
2017-11-27,3863,3929,3824,3840,460210,244115,3975.8,3993.7,3954.9,4005.75,-1.122185567044653,6.271064890686857,-7.39325045773151,43.18181818181818,89.71428571428571,-59.53177348766087,332269.75,9481868,353923.75,45993.0,23.214484004805126
2017-11-28,3841,3935,3838,3917,446410,258962,3955.8,3977.5,3956.45,4003.4666666666667,-5.251627518538498,3.966526408841786,-9.218153927380285,49.05385735080059,90.78571428571429,-39.2055662682805,328484.05,9928278,343092.15,14847.0,6.08196956352538
2017-11-29,3921,3989,3872,3973,481248,286300,3941.4,3971.2,3965.85,4001.883333333333,-3.9598612125182626,2.3812488845697763,-6.341110097088039,52.120383036935706,91.71428571428571,-12.86709200499559,320502.1,10409526,334119.6,27338.0,10.556761223654432
2017-11-30,3976,4046,3957,3968,497715,308784,3936.6,3966.1,3972.7,4000.15,-3.3015273691971743,1.2446936338163863,-4.54622100301356,46.77661169415292,90.42857142857143,15.976858893967268,314486.2,9911811,326486.85,22484.0,7.853300733496327
2017-12-01,3970,4012,3938,3989,422254,309928,3937.4,3971.6,3981.0,3995.7833333333333,-1.0729008267749123,0.7811747416981266,-1.8540755684730388,44.53125,89.14285714285714,1.9658014882447812,314258.7,10334065,320699.7,1144.0,0.37048551738432245
2017-12-04,3988,4108,3961,4074,495982,331799,3984.2,3980.0,3986.2,3992.2833333333333,7.466027670299354,2.118145327418372,5.3478823428809825,49.645390070921984,94.42857142857143,59.12666940350467,317503.4,10830047,316476.55,21871.0,7.0568002890994075
2017-12-05,4075,4102,4026,4050,342592,329385,4010.8,3983.3,3992.5,3987.483333333333,12.156458513644793,4.1258079646636565,8.030650548981136,51.020408163265316,90.92857142857143,62.667573291625736,320091.9,10487455,314071.65,-2414.0,-0.7275489076217778
2017-12-06,4048,4054,3913,3932,432815,311959,4002.6,3972.0,3992.6,3982.65,6.279656940612313,4.556577759853388,1.7230791807589245,44.47268106734434,97.14285714285714,-24.054227295593687,325485.9,10054640,310695.45,-17426.0,-5.290465564612834
2017-12-07,3931,3955,3764,3832,480934,296949,3975.4,3956.0,3987.1,3976.233333333333,-6.373445795417865,2.3705730487991374,-8.744018844217003,43.64089775561097,103.28571428571429,-110.68282469546459,330173.7,9573706,306172.8,-15010.0,-4.811529720251695
2017-12-08,3832,3942,3829,3923,379200,276431,3962.2,3949.8,3982.7,3972.4333333333334,-8.95495425475292,0.10546758808872592,-9.060421842841645,45.997610513739545,106.5,-65.21173636884984,330646.1,9952906,300708.2,-20518.0,-6.909604006075121
2017-12-11,3935,3984,3888,3921,427740,280768,3931.6,3957.9,3975.8,3968.4333333333334,-11.034997016285615,-2.1226253327861424,-8.912371683499472,44.08866995073892,108.5,-35.78035476747695,334815.6,9525166,294858.0,4337.0,1.5689267846225707
2017-12-12,3917,3990,3891,3914,363598,284446,3904.4,3957.6,3967.55,3964.05,-13.097309755192782,-4.31756221726747,-8.779747537925312,41.71934260429836,111.14285714285714,-31.43392112248521,341628.05,9161568,290068.35,3678.0,1.3099783451105518
2017-12-13,3919,3919,3842,3864,389233,277740,3890.8,3946.7,3958.95,3959.8,-18.55242874145688,-7.164535522105352,-11.387893219351527,41.878172588832484,109.5,-70.04895954567043,346690.15,8772335,286021.1,-6706.0,-2.3575652320651397
2017-12-14,3874,3915,3840,3863,393381,282224,3897.0,3936.2,3951.15,3956.2166666666667,-22.694730753584736,-10.27057456840123,-12.424156185183506,42.19948849104859,110.92857142857143,-64.62605816473834,355873.8,8378954,283198.9,4484.0,1.6144595665010364
2017-12-15,3860,3940,3853,3926,410186,287534,3897.6,3929.9,3950.75,3953.9,-20.655853631991704,-12.347630381119323,-8.30822325087238,56.142857142857146,105.64285714285714,-34.888644097321446,362450.4,8789140,280919.15,5310.0,1.8814842111230856
2017-12-18,3930,3996,3865,3942,543708,278862,3901.8,3916.7,3948.35,3952.1666666666665,-17.546695162002834,-13.387443337296025,-4.159251824706809,51.95618153364632,108.07142857142857,-11.445593292126722,379783.95,9332848,279891.65,-8672.0,-3.0159911523506833
2017-12-19,3938,3943,3821,3828,504173,310750,3884.6,3894.5,3938.9,3949.6,-24.004799549766176,-15.510914579790056,-8.49388496997612,39.59827833572453,108.42857142857143,-60.22175946521316,396670.4,8828675,282174.25,31888.0,11.435046725620568
2017-12-20,3830,3876,3806,3840,360918,305959,3879.8,3885.3,3928.65,3947.05,-27.833744018244488,-17.975480467480942,-9.858263550763546,40.90909090909091,107.07142857142857,-70.90492647671378,407456.8,9189593,284608.05,-4791.0,-1.5417538213998383
2017-12-21,3856,3924,3840,3881,451346,299940,3883.4,3890.2,3923.1,3946.9,-27.245780350890072,-19.829540444162767,-7.416239906727306,42.5414364640884,107.78571428571429,-35.04258096987711,421512.15,9640939,288047.85,-6019.0,-1.9672570507813125
2017-12-22,3880,3980,3870,3970,402551,312005,3892.2,3894.9,3922.35,3950.3166666666666,-19.37491673286695,-19.738615701903605,0.3636989690366548,42.857142857142854,105.14285714285714,13.222372413902816,434309.7,10043490,293742.0,12065.0,4.022471160898844
2017-12-25,3978,3979,3826,3829,376878,294204,3869.6,3885.7,3921.8,3950.4666666666667,-24.235352169083853,-20.637962995339656,-3.5973891737441974,36.92307692307693,110.64285714285714,-38.11513526392374,430143.1,9666612,296246.45,-17801.0,-5.705357285940926
2017-12-26,3825,3881,3819,3870,271416,303294,3878.0,3881.3,3919.45,3950.866666666667,-24.496544010346952,-21.409679198341117,-3.0868648120058353,45.96354166666667,105.0,-52.612170510458036,421393.4,9938028,298463.05,9090.0,3.089692866174487
2017-12-27,3868,3899,3844,3857,340824,306974,3881.4,3880.6,3913.65,3949.8333333333335,-25.459055635150435,-22.219554485702982,-3.2395011494474524,51.83553597650514,95.28571428571429,-40.85865850113932,414372.2,9597204,299496.75,3680.0,1.2133441479224683
2017-12-28,3850,3870,3816,3848,308713,312556,3874.8,3879.1,3907.65,3949.3,-26.640977214296527,-23.103839031421693,-3.537138182874834,43.73956594323873,91.07142857142857,-52.71983389563518,404922.1,9288491,299685.35,5582.0,1.8183950432284268
2017-12-29,3833,3898,3825,3846,386495,315483,3850.0,3871.1,3900.5,3947.1,-27.422927429134234,-23.967656710964203,-3.4552707181700306,43.73956594323873,89.42857142857143,-39.23055844721906,403134.15,8901996,299963.1,2927.0,0.9364721841846002
2018-01-02,3850,3940,3842,3927,285375,317617,3869.6,3869.6,3893.15,3945.766666666667,-21.261516031310293,-23.426428575033423,2.16491254372313,50.96582466567607,89.35714285714286,4.941764059562939,392603.8,9187371,299254.0,2134.0,0.6764231353195038
2018-01-03,3931,3934,3861,3864,250151,316082,3868.4,3873.2,3883.85,3946.0,-21.217543955735437,-22.984651651173827,1.7671076954383906,50.0,89.07142857142857,-3.9703283123731468,387981.75,8937220,298588.85,-1535.0,-0.4832864739607756
2018-01-04,3857,3897,3845,3877,284224,324026,3872.4,3876.9,3881.1,3947.05,-19.90426048962172,-22.368573418863406,2.464312929241686,51.0028653295129,87.42857142857143,-18.52932410532053,380552.2,9221444,299192.2,7944.0,2.513271872488776
2018-01-05,3878,3878,3791,3842,434935,355652,3871.2,3873.0,3881.6,3944.383333333333,-21.440528309736237,-22.182964397037974,0.742436087301737,43.73134328358209,87.42857142857143,-73.25188755377334,378252.25,8786509,302127.35,31626.0,9.760327874923625
2018-01-08,3839,3865,3770,3864,384831,357118,3874.8,3862.4,3878.65,3939.983333333333,-20.64483468378876,-21.87533845438813,1.2305037705993733,44.23076923076923,84.85714285714286,-70.58023491090572,378533.8,9171340,306161.7,1466.0,0.4122006905626918
2018-01-09,3860,3894,3852,3862,297900,340902,3861.8,3865.7,3875.7,3934.85,-19.94570338501171,-21.48941144051285,1.5437080555011384,53.01418439716313,79.14285714285714,-12.938647498222714,372041.8,8873440,309168.4,-16216.0,-4.540796039404338
2018-01-10,3860,3906,3830,3880,348134,339545,3865.0,3866.7,3874.0,3932.0333333333333,-17.734752043975277,-20.738479561205335,3.0037275172300575,53.50877192982456,79.57142857142857,-4.375737324477349,371268.6,9221574,311923.35,-1357.0,-0.3980616130148884
2018-01-11,3888,3908,3857,3874,258273,327767,3864.4,3868.4,3874.5,3929.35,-16.279052252064503,-19.84659409937717,3.5675418473126683,49.345794392523366,77.21428571428571,8.456948311836511,364720.6,8963301,314424.7,-11778.0,-3.4687596636675533
2018-01-12,3877,3886,3814,3831,253004,334140,3862.2,3866.7,3872.9,3927.9333333333334,-18.383229882309934,-19.553921255963726,1.170691373653792,35.787321063394685,74.5,-49.75682402437377,357701.75,8710297,317020.5,6373.0,1.9443690182355144
2018-01-15,3820,3848,3791,3837,214601,330327,3856.8,3865.8,3868.45,3923.3333333333335,-19.34367412387155,-19.511871829545292,0.16819770567374093,51.12994350282486,67.64285714285714,-71.86651050435233,347922.5,8924898,319160.15,-3813.0,-1.1411384449631856
2018-01-16,3836,3879,3820,3822,296015,331497,3848.8,3855.3,3862.45,3919.7,-21.072299394339097,-19.823957342504055,-1.248342051835042,42.6829268292683,67.42857142857143,-44.776583741449635,335537.85,8628883,321791.9,1170.0,0.35419448001525744
2018-01-17,3820,3865,3812,3843,314940,331077,3841.4,3853.2,3863.2,3915.7833333333333,-20.51128159320342,-19.96142219264393,-0.549859400559491,47.916666666666664,67.28571428571429,-42.3106478093384,326076.2,8943823,322808.25,-420.0,-0.12669797916723402
2018-01-18,3837,3873,3829,3861,268895,340140,3838.8,3851.6,3864.25,3912.5833333333335,-18.40209349723409,-19.649556453561964,1.2474629563278725,51.88405797101449,66.57142857142857,-17.869578882083104,321475.05,9212718,324517.3,9063.0,2.737429661377866
2018-01-19,3863,3928,3818,3923,466034,345527,3857.2,3859.7,3866.35,3912.2,-11.594016288172952,-18.038448420484162,6.44443213231121,59.50617283950618,69.21428571428571,45.819475694878435,322209.45,9678752,326796.65,5387.0,1.5837596283883038
2018-01-22,3923,3945,3883,3898,305275,354827,3869.4,3863.1,3862.75,3913.266666666667,-8.122229115396749,-16.05520455946668,7.932975444069932,45.845272206303726,66.64285714285714,96.98515174289591,317345.65,9373477,328937.75,9300.0,2.6915407479010334
2018-01-23,3901,3920,3871,3903,322484,342537,3885.6,3867.2,3866.45,3914.383333333333,-4.91074652572388,-13.826312952718123,8.915566426994243,56.70103092783505,64.92857142857143,69.12732340074932,314625.95,9695961,331354.4,-12290.0,-3.463659755317383
2018-01-24,3903,3943,3883,3939,254960,355947,3904.8,3873.1,3869.9,3915.266666666667,0.5331301075034389,-10.95442434067381,11.48755444817725,59.87261146496815,65.5,98.21049524374031,313803.15,9950921,333987.05,13410.0,3.9149055430508284
2018-01-25,3936,4009,3920,3973,351402,349278,3927.2,3883.0,3875.7,3918.4,7.504450773337339,-7.262649317871581,14.76710009120892,70.92651757188499,65.64285714285714,133.38791575420498,314332.05,10302323,336102.25,-6669.0,-1.8735935406113846
2018-01-26,3970,3987,3936,3962,223809,337911,3935.0,3896.1,3881.4,3920.5833333333335,12.003298009835817,-3.4094598523301016,15.412757862165918,66.2251655629139,62.5,103.96892857001002,310086.85,10078514,337370.0,-11367.0,-3.2544277051517745
2018-01-29,3961,3977,3940,3964,155755,337309,3948.2,3908.8,3887.3,3922.9333333333334,15.550790311823675,0.38259018050065396,15.168200131323022,66.88741721854305,62.142857142857146,87.95697223821253,298549.85,10234269,338461.3,-602.0,-0.17815341909556137
2018-01-30,3970,3970,3913,3939,216286,321183,3955.4,3920.5,3887.9,3922.4166666666665,16.15864564458525,3.537801273317573,12.620844371267676,59.54692556634304,60.785714285714285,61.04938611963049,295095.4,10017983,338639.6,-16126.0,-4.78077964121918
2018-01-31,3944,3994,3908,3934,212445,310088,3954.4,3929.6,3891.4,3922.5833333333335,16.051881068890452,6.040617232432149,10.011263836458303,59.74025974025973,63.285714285714285,60.3439487970945,293210.1,9805538,338339.9,-11095.0,-3.4544169523293533
2018-02-01,3940,4000,3935,3972,330360,326937,3954.2,3940.7,3896.15,3923.2833333333333,18.81664522105075,8.59582283015587,10.22082239089488,73.26732673267327,62.857142857142854,75.22956365572824,295516.9,10135898,338485.45,16849.0,5.433618843683075
2018-02-02,3964,4041,3956,4033,418333,376300,3968.4,3951.7,3905.7,3924.8,25.6344331440132,12.003544892927337,13.630888251085864,77.37430167597765,64.85714285714286,98.37748332202025,294686.8,10554231,339517.85,49363.0,15.098627564331956
2018-02-05,4033,4045,3992,4028,273233,359600,3981.2,3964.7,3913.9,3925.0833333333335,30.28501418742826,15.659838751827522,14.625175435600738,79.59770114942529,64.42857142857143,94.121925698269,289106.9,10280998,339641.95,-16700.0,-4.437948445389317
2018-02-06,4030,4050,3994,4010,268962,334158,3995.4,3975.4,3921.3,3924.266666666667,32.147606011330026,18.957392203728023,13.190213807602003,74.20289855072464,64.64285714285714,79.6236822457383,287660.0,10012036,339304.75,-25442.0,-7.075083426028916
2018-02-07,4017,4027,3982,4012,215649,321640,4011.0,3982.7,3927.9,3923.15,33.40009127494159,21.84593201797074,11.554159256970848,72.9483282674772,64.71428571428571,63.42590965783236,281035.75,10227685,338409.5,-12518.0,-3.7461320692606437
2018-02-08,4006,4040,4000,4027,230532,328421,4022.0,3988.1,3935.55,3923.0,35.197336523925514,24.516212919161696,10.681123604763819,68.43971631205673,59.714285714285715,67.13003207594397,279648.7,10458217,338442.2,6781.0,2.1082576793931107
2018-02-09,4031,4042,3949,3958,304787,310586,4007.0,3987.7,3941.9,3921.983333333333,30.700051901062125,25.75298071554178,4.947071185520343,59.20245398773006,61.92857142857143,33.88721711520979,282237.85,10153430,337264.5,-17835.0,-5.430529716431042
2018-02-12,3957,3985,3945,3973,161003,297439,3996.0,3988.6,3948.7,3922.633333333333,28.02326136290867,26.20703684501516,1.8162245178935095,60.416666666666664,61.285714285714285,18.081571889871782,279557.95,10314433,335620.1,-13147.0,-4.232966070589139
2018-02-13,3965,4008,3958,3985,147874,283123,3991.0,3993.2,3956.85,3922.55,26.563972350248605,26.27842394606185,0.28554840418675553,57.371794871794876,60.57142857142857,27.97063404294919,272150.9,10462307,333201.4,-14316.0,-4.813087725550447
2018-02-14,3976,4002,3968,3984,127130,272707,3985.4,3998.2,3963.9,3922.0,25.03815933633814,26.03037102411711,-0.9922116877789691,51.971326164874554,56.642857142857146,25.363543573729878,262760.4,10335177,330282.9,-10416.0,-3.678966385634508
2018-02-22,3978,4000,3906,3927,167946,277976,3965.4,3993.7,3967.2,3920.0333333333333,19.01037809368654,24.626372438030998,-5.6159943443444575,44.61538461538461,59.714285714285715,-25.939170967092466,257712.95,10167231,327174.7,5269.0,1.9321102868646634
2018-02-23,3918,3983,3888,3972,334716,286565,3968.2,3987.6,3969.65,3919.7,17.66085856632526,23.233269663689853,-5.5724110973645935,51.086956521739125,63.857142857142854,-28.061789481570457,251147.05,10501947,324226.6,8589.0,3.0898350936771513
2018-02-26,3982,4084,3970,4080,291942,295815,3989.6,3992.8,3978.75,3921.2833333333333,25.017663967209046,23.590148524393694,1.427515442815352,65.63192904656319,67.92857142857143,93.07411671166781,250480.4,10793889,321276.0,9250.0,3.2278889606197625
2018-02-27,4085,4102,4039,4099,224436,310132,4012.4,4001.7,3988.55,3925.6,32.01211077454309,25.274540974423573,6.737569800119516,67.74193548387098,66.28571428571429,120.49955058140534,245578.0,11018325,319655.75,14317.0,4.8398492300931295
2018-02-28,4089,4105,4071,4087,215735,312163,4033.0,4009.2,3995.95,3928.4333333333334,36.170015130436695,27.4536358056262,8.716379324810497,63.097949886104786,64.0,110.1200967372311,243616.75,10802590,317466.55,2031.0,0.6548824371557904
2018-03-01,4078,4124,4077,4094,213107,317629,4066.4,4015.9,4002.0,3930.45,39.57384315707213,29.87767727591539,9.696165881156745,57.922077922077925,61.285714285714285,101.77680697040765,236702.0,11015697,315884.1,5466.0,1.7510082873370747
2018-03-02,4082,4124,4065,4120,263450,329978,4096.0,4032.1,4009.9,3932.983333333333,43.863750093529234,32.67489183943816,11.188858254091073,61.330049261083744,61.714285714285715,91.1828772691597,238684.05,11279147,315487.45,12349.0,3.8878691807108234
2018-03-05,4114,4115,4037,4047,309073,288602,4089.4,4039.5,4014.05,3933.95,40.90155467230852,34.32022440601223,6.581330266296291,54.01301518438178,63.642857142857146,51.277374729118364,246349.95,10970074,313052.1,-41376.0,-12.539017752698667
2018-03-06,4046,4061,4016,4042,231433,274384,4078.0,4045.2,4019.2,3933.4166666666665,37.71577131183858,34.9993337871775,2.7164375246610817,53.23275862068966,63.642857142857146,22.838630250517856,247107.3,10738641,310712.15,-14218.0,-4.926507785808831
2018-03-07,4040,4049,3945,3946,320068,271452,4049.8,4041.4,4019.8,3931.6833333333334,27.131858179711344,33.42583866568427,-6.293980485972924,42.56880733944954,68.21428571428571,-38.39003102979243,252488.45,10418573,308780.35,-2932.0,-1.0685754271386072
2018-03-08,3946,3970,3880,3883,273190,252391,4007.6,4037.0,4015.35,3930.866666666667,13.504782555626207,29.441627443672658,-15.936844888046451,43.042671614100186,68.0,-96.46249824140754,249629.95,10145383,305053.05,-19061.0,-7.021867586166241
2018-03-09,3875,3896,3760,3803,410929,244368,3944.2,4020.1,4003.85,3930.383333333333,-3.7073682331083546,22.811828308316457,-26.51919654142481,35.9271523178808,74.85714285714286,-133.84704895878195,249259.75,9734454,298456.45,-8023.0,-3.1787979761560448
2018-03-12,3840,3851,3785,3821,278594,228233,3899.0,3994.2,3993.5,3928.6833333333334,-15.714524911084482,15.106557664436272,-30.821082575520755,36.557377049180324,76.0,-109.14374651152842,249527.8,10013048,291888.1,-16135.0,-6.602746677142668
2018-03-13,3825,3850,3792,3811,232982,231660,3852.8,3965.4,3983.55,3926.85,-25.74047928942946,6.937150273663127,-32.67762956309259,36.02584814216478,77.71428571428571,-93.40394066887049,247728.8,9780066,286763.2,3427.0,1.5015357113125516
2018-03-14,3820,3872,3772,3856,297994,226016,3834.8,3942.3,3975.75,3925.883333333333,-29.71248936603024,-0.39277765427554634,-29.319711711754692,44.15156507413509,78.14285714285714,-74.84264296568823,251846.05,10078060,281982.0,-5644.0,-2.436329102995771
2018-03-15,3864,3879,3833,3862,208073,219660,3830.6,3919.1,3967.5,3925.85,-32.00722672671782,-6.715667468764002,-25.291559257953814,40.316901408450704,74.64285714285714,-55.98856238486647,250723.1,10286133,276543.95,-6356.0,-2.8121902874132854
2018-03-16,3860,3902,3836,3877,285131,232255,3845.4,3894.8,3963.45,3926.0833333333335,-32.24376196114008,-11.821286367239217,-20.422475593900863,28.63157894736841,71.21428571428571,-45.20830252762748,249740.3,10571264,272627.4,12595.0,5.733861422197939
2018-03-19,3878,3888,3780,3815,376915,224582,3844.2,3871.6,3955.55,3924.233333333333,-37.007500256358526,-16.85852914506308,-20.148971111295445,22.5868725868726,74.42857142857143,-60.880904365401534,260535.9,10194349,268984.55,-7673.0,-3.3036963682159692
2018-03-20,3810,3847,3786,3816,319943,221325,3845.2,3849.0,3947.1,3922.133333333333,-40.23826387504596,-21.53447609105966,-18.7037877839863,23.274161735700204,76.35714285714286,-59.87892308507281,269139.35,10514292,265894.65,-3257.0,-1.4502497974013928
2018-03-21,3813,3849,3725,3735,446377,247062,3821.0,3827.9,3934.65,3920.5833333333335,-48.77247168028498,-26.982075208904725,-21.790396471380255,19.10499139414803,81.85714285714286,-71.98749989437486,285101.7,10067915,264612.4,25737.0,11.628600474415451
2018-03-22,3737,3768,3706,3747,346210,230488,3798.0,3814.3,3925.65,3919.0333333333333,-53.94574022649522,-32.37480821242282,-21.570932014072397,17.10758377425043,82.07142857142857,-75.06247915836062,294014.9,10414125,262238.0,-16574.0,-6.708437558183777
2018-03-23,3743,3743,3513,3536,568915,204963,3729.8,3787.6,3903.85,3913.2833333333333,-74.21601341538963,-40.74304925301618,-33.472964162373444,13.758865248226954,92.85714285714286,-108.20191427537065,305724.85,9845210,258157.9,-25525.0,-11.074329249245086
2018-03-26,3536,3590,3491,3513,365480,194557,3669.4,3756.8,3875.5,3905.6666666666665,-91.08627288343587,-50.81169397910012,-40.27457890433575,13.416320885200548,96.71428571428571,-107.93441870708989,309401.75,9479730,253095.0,-10406.0,-5.077013900069771
2018-03-27,3520,3626,3507,3587,366989,194977,3623.6,3734.4,3849.9,3901.633333333333,-97.3625585306695,-60.121866889414,-37.2406916412555,24.393723252496443,97.78571428571429,-83.67346470509354,316529.4,9846719,247337.25,420.0,0.21587503919160422
2018-03-28,3593,3628,3539,3579,387856,190232,3592.4,3706.7,3824.5,3896.7833333333333,-101.80850815706981,-68.45919514294516,-33.34931301412465,26.470588235294116,97.71428571428571,-72.98942629603029,325135.45,9458863,241240.7,-4745.0,-2.4336203757366226
2018-03-29,3582,3639,3562,3631,284737,183739,3569.2,3683.6,3801.35,3893.016666666667,-99.9834429565908,-74.7640447056743,-25.219398250916512,36.084142394822,93.5,-59.32547568187362,328716.95,9743600,234546.2,-6493.0,-3.413200723327303
2018-03-30,3633,3729,3611,3726,281387,175338,3607.2,3668.5,3781.65,3890.983333333333,-89.83578853505787,-77.77839347155101,-12.05739506350686,43.16546762589928,97.21428571428571,-32.29048137955829,329613.8,10024987,226814.2,-8401.0,-4.572246501831401
2018-04-02,3711,3795,3682,3712,233068,155755,3647.0,3658.2,3764.9,3888.75,-81.97838648359993,-78.61839207396079,-3.3599944096391425,42.918454935622314,101.14285714285714,-14.822275726731398,325813.55,9791919,220171.85,-19583.0,-11.168714140688273
2018-04-03,3718,3755,3671,3698,234911,140380,3669.2,3646.4,3747.7,3884.9333333333334,-76.004884745465,-78.09569060826163,2.0908058627966284,38.17365269461078,100.0,-18.632326838462046,325987.45,9557008,213471.65,-15375.0,-9.871272190298864
2018-04-04,3705,3743,3688,3713,182835,124174,3696.0,3644.2,3736.05,3882.4166666666665,-69.2620570617928,-76.32896389896787,7.066906837175068,38.99556868537666,100.64285714285714,-11.7156970534318,319125.8,9739843,206107.75,-16206.0,-11.544379541245187
2018-04-09,3707,3785,3707,3782,155965,118952,3726.2,3647.7,3731.0,3880.8333333333335,-57.685630163624865,-72.60029715189927,14.914666988274405,43.50205198358413,101.5,11.717968172167014,313264.55,9895808,199435.8,-5222.0,-4.205389211912314
2018-04-10,3516,3552,3496,3531,243185,174667,3687.2,3647.2,3717.4,3875.65,-67.98118595379356,-71.67647491227812,3.695288958484568,34.565217391304344,114.21428571428571,-85.34180800533274,304877.35,9652623,195950.75,55715.0,46.83822045867241
2018-04-11,3540,3554,3466,3479,318604,192107,3640.6,3643.8,3700.3,3869.233333333333,-79.42093837111861,-73.22536760404623,-6.1955707670723825,32.646755921730175,116.14285714285714,-84.5262713209184,306877.85,9334019,194144.45,17440.0,9.984713769630215
2018-04-12,3482,3529,3460,3510,321576,195804,3603.0,3636.1,3685.25,3863.366666666667,-85.00569096735808,-75.5814322767086,-9.42425869064948,37.78501628664495,112.21428571428571,-74.83616895601881,311307.55,9655595,192351.65,3697.0,1.9244483543025437
2018-04-13,3500,3562,3474,3549,325802,191713,3570.2,3633.1,3669.9,3857.85,-85.30137244911384,-77.52542031118965,-7.775952137924193,39.55696202531645,114.07142857142857,-57.37187773223927,312697.95,9981397,190636.5,-4091.0,-2.0893342321913755
2018-04-16,3545,3566,3445,3459,317323,205603,3505.6,3615.9,3649.75,3850.9333333333334,-91.74042349665342,-80.3684209482824,-11.372002548371015,45.34461910519951,106.0,-66.32219666716351,318160.45,9664074,189933.65,13890.0,7.245205072165173
2018-04-17,3464,3548,3452,3501,336404,189779,3499.6,3593.4,3630.95,3845.4333333333334,-92.38936179889515,-82.77260911840496,-9.616752680490194,49.290780141843975,105.78571428571429,-57.810520406130365,320724.1,10000478,187809.85,-15824.0,-7.696385753126167
2018-04-18,3537,3617,3508,3577,393631,196764,3519.2,3579.9,3619.05,3841.1,-85.78224096106305,-83.37453548693658,-2.407705474126473,49.41037735849057,105.57142857142857,-25.203043972800618,321559.9,10394109,186418.95,6985.0,3.6805969048208764
2018-04-19,3597,3642,3580,3620,356183,206758,3541.2,3572.1,3609.25,3837.733333333333,-76.1979469603566,-81.93921778162058,5.741270821263981,52.321630804077,103.85714285714286,1.3007755020947198,323371.9,10750292,185690.6,9994.0,5.079181151023571
2018-04-20,3610,3624,3573,3587,286784,219036,3548.8,3559.5,3601.85,3833.4666666666667,-70.45301066965612,-79.6419763592277,9.188965689571575,47.4537037037037,102.0,-4.472366637665423,315392.25,10463508,184289.3,12278.0,5.938343377281652
2018-04-23,3590,3690,3589,3680,335319,236646,3593.0,3549.3,3598.5,3830.45,-57.730305477003185,-75.2596421827828,17.529336705779613,47.33178654292343,100.92857142857143,32.167713222164096,314847.7,10798827,184597.2,17610.0,8.03977428367939
2018-04-24,3660,3708,3660,3675,310199,249372,3627.8,3563.7,3605.45,3826.3166666666666,-47.50333923800736,-69.70838159382771,22.205042355820353,47.83118405627198,96.28571428571429,45.13224283223296,301911.9,10488628,186817.65,12726.0,5.377652696432644
2018-04-25,3684,3702,3651,3677,265837,246801,3647.8,3583.5,3613.65,3822.633333333333,-38.78986609648064,-63.5246784943583,24.73481239787766,48.75148632580262,93.92857142857143,38.54481377227055,296929.75,10754465,189429.85,-2571.0,-1.03098984649439
2018-04-26,3690,3720,3642,3671,290170,252862,3658.0,3599.6,3617.85,3818.766666666667,-31.99965362267494,-57.21967352002163,25.22001989734669,47.47596153846154,95.57142857142857,35.77393904771456,293088.8,10464295,192324.1,6061.0,2.4558247332871375
2018-04-27,3670,3708,3657,3698,271619,244074,3680.2,3614.5,3623.8,3814.75,-24.16117201359475,-50.60797321873626,26.44680120514151,44.68354430379747,93.64285714285714,37.99678065694819,287276.95,10735914,195016.2,-8788.0,-3.4754134666339698
2018-05-02,3720,3806,3720,3801,263451,269225,3704.4,3648.7,3632.3,3811.883333333333,-9.52804628552758,-42.39198783209453,32.86394154656695,71.02803738317756,80.92857142857143,77.31264876439526,286212.65,10999365,199290.5,25151.0,10.304661700959539
2018-05-03,3804,3807,3724,3737,296404,291001,3716.8,3672.3,3632.85,3808.133333333333,-3.0601780223919377,-34.52562587015401,31.46544784776207,69.72477064220183,80.57142857142857,62.97703154076109,286963.5,10702961,205073.65,21776.0,8.088401894326314
2018-05-04,3737,3755,3714,3737,228113,291416,3728.8,3688.3,3634.1,3804.35,2.042113956103549,-27.2120779049025,29.25419186100605,68.2182985553772,78.57142857142857,52.18328328049116,286715.75,10702961,211856.7,415.0,0.14261119377596554
2018-05-07,3730,3775,3707,3745,315740,291347,3743.6,3700.8,3636.45,3801.116666666667,6.654540845738211,-20.43875415477436,27.093295000512573,66.55405405405405,77.14285714285714,53.94477787197934,290757.2,11018701,219405.05,-69.0,-0.02367749197024205
2018-05-08,3748,3764,3726,3734,193704,288201,3750.8,3715.5,3637.5,3797.7833333333333,9.314937516013288,-14.488015820616834,23.80295333663012,76.80311890838206,71.21428571428571,52.11150761028084,291300.65,10824997,227606.4,-3146.0,-1.0798120454303617
2018-05-09,3726,3730,3666,3676,305364,296777,3725.8,3715.1,3632.2,3792.85,6.6663601207465035,-10.257140632344168,16.92350075309067,66.54064272211721,69.21428571428571,29.816836844640168,298770.6,10519633,236497.65,8576.0,2.9757009864643136
2018-05-10,3677,3718,3669,3716,287813,283241,3721.6,3719.2,3641.45,3787.5666666666666,7.706177145871607,-6.664477076701013,14.37065422257262,64.0973630831643,64.42857142857143,31.30455845194321,301002.0,10807446,241926.35,-13536.0,-4.561000347061938
2018-05-11,3722,3783,3721,3767,274870,283471,3727.6,3728.2,3655.85,3783.2166666666667,12.50140499010513,-2.8313006633397855,15.332705653444915,64.67065868263472,64.57142857142857,55.191388555531766,298815.3,11082316,246494.55,230.0,0.08120293319116012
2018-05-14,3777,3786,3746,3769,199074,266786,3732.4,3738.0,3668.8,3779.2,16.275427888121612,0.9900450469524942,15.285382841169119,69.36170212765957,63.785714285714285,55.84771637174706,292690.2,11281390,250043.65,-16685.0,-5.88596364354731
2018-05-15,3775,3818,3745,3796,355184,262601,3744.8,3747.8,3681.15,3775.6,21.200654627158656,5.032166962993727,16.168487664164928,64.35643564356435,61.642857142857146,61.105952954978896,294159.3,11636574,253588.05,-4185.0,-1.5686730188240738
2018-05-16,3791,3850,3776,3810,367765,271963,3771.6,3748.7,3698.7,3771.983333333333,25.93465672039656,9.212664914474294,16.721991805922265,66.34382566585957,63.5,72.82974596964502,296681.4,12004339,256906.05,9362.0,3.5651044740880655
2018-05-17,3812,3854,3792,3847,299575,302201,3797.8,3759.7,3716.0,3770.133333333333,32.29964802740187,13.83006153705981,18.46958649034206,68.97321428571428,64.28571428571429,83.7052296142166,294839.95,12303914,262527.15,30238.0,11.118424197409205
2018-05-18,3857,3870,3791,3800,321066,286505,3804.4,3766.0,3727.15,3767.25,33.169089672179325,17.697867164083714,15.471222508095611,63.190184049079754,64.35714285714286,72.18205758911182,291211.7,11982848,267014.2,-15696.0,-5.193894130065746
2018-05-21,3802,3836,3743,3755,352479,287692,3801.6,3767.0,3733.9,3763.4166666666665,29.882537232364484,20.13480117773987,9.747736054624614,55.62130177514792,67.35714285714286,36.37852814840477,291026.5,11630369,271060.9,1187.0,0.4143034152981562
2018-05-22,3760,3796,3744,3762,258668,293156,3794.8,3769.8,3742.65,3759.7166666666667,27.525465808209447,21.612934103833787,5.91253170437566,45.25547445255474,63.357142857142854,24.246303092665272,289620.7,11889037,274766.9,5464.0,1.8992533681854162
2018-05-23,3760,3764,3679,3709,321083,295464,3774.6,3773.1,3744.1,3756.0833333333335,21.137156677509665,21.517778618568965,-0.3806219410592995,46.5,63.5,-28.54229599032009,288908.9,11567954,277707.8,2308.0,0.7872941369100328
2018-05-24,3701,3773,3695,3773,292327,315821,3759.8,3778.8,3749.0,3752.766666666667,20.99660500328673,21.413543895512518,-0.4169388922257866,53.879310344827594,66.14285714285714,-1.4966644164900362,288015.3,11860281,281030.25,20357.0,6.889841063547508
2018-05-25,3788,3829,3743,3764,449865,316349,3752.6,3778.5,3753.35,3747.5,19.929259902362446,21.116687096882504,-1.1874271945200583,52.043010752688176,67.42857142857143,28.994959580973912,297216.7,11410416,284507.65,528.0,0.1671833095329367
2018-05-28,3752,3830,3749,3786,342379,323561,3758.8,3780.2,3759.1,3742.2833333333333,20.62089254520106,21.01752818654622,-0.39663564134515994,55.46218487394958,70.5,36.47446530085326,299827.15,11752795,288042.6,7212.0,2.2797606440987606
2018-05-29,3786,3870,3776,3851,359978,351357,3776.6,3785.7,3766.75,3738.35,26.11295923067064,22.036614395371107,4.076344835299533,68.1159420289855,72.35714285714286,83.2579856789006,304245.1,12112773,293406.75,27796.0,8.590652149053813
2018-05-30,3852,3893,3832,3867,343323,371032,3808.2,3791.4,3770.05,3734.5666666666666,31.39463017534672,23.908217551366228,7.486412623980492,66.44880174291939,73.21428571428571,103.00245264389639,308238.7,12456096,298497.1,19675.0,5.599717666077519
2018-05-31,3861,3920,3851,3901,316096,374437,3833.8,3796.8,3778.25,3730.9166666666665,37.88716860578734,26.704007762250452,11.183160843536886,65.15837104072398,73.35714285714286,107.96577821261374,309223.3,12772192,302668.9,3405.0,0.9177106017809855
2018-06-01,3892,3964,3887,3901,345058,366374,3861.2,3806.9,3786.45,3728.483333333333,42.5421526341288,29.871636736626122,12.670515897502675,65.0,76.0,109.00042486544874,315070.55,12772192,306416.8,-8063.0,-2.153366253869138
2018-06-04,3902,3928,3851,3867,334708,363946,3877.4,3818.1,3792.55,3725.5666666666666,42.992158324320826,32.495741054165066,10.49641727015576,57.94183445190156,76.28571428571429,70.61864074304596,316018.95,12437484,310046.75,-2428.0,-0.6627107818786282
2018-06-05,3856,3910,3836,3909,332265,356126,3889.0,3832.8,3801.3,3724.95,46.20521510923663,35.23763586517938,10.967579244057255,60.421052631578945,76.28571428571429,65.28904963721433,322947.0,12769749,313443.0,-7820.0,-2.148670407148312
2018-06-06,3920,3940,3885,3918,321021,344195,3899.2,3853.7,3813.4,3725.5333333333333,48.91396085115957,37.97290086237542,10.941059988784154,57.94183445190156,75.78571428571429,80.19556804500387,323729.85,13090770,315813.9,-11931.0,-3.3502187428045116
2018-06-07,3920,3999,3913,3943,372511,339890,3907.6,3870.7,3824.75,3727.866666666667,52.473075482567765,40.87293578641389,11.600139696153875,66.8235294117647,76.28571428571429,97.05840360305882,327964.75,13463281,318646.35,-4305.0,-1.2507444907683185
2018-06-08,3946,3958,3915,3936,231542,335167,3914.6,3887.9,3833.2,3729.7833333333333,54.10516728230232,43.51938208559157,10.585785196710745,73.38501291989664,72.71428571428571,75.62903050719503,325798.35,13231739,321231.15,-4723.0,-1.3895672129218273
2018-06-11,3941,3958,3894,3936,262544,344017,3928.4,3902.9,3841.55,3731.866666666667,54.767288580871536,45.76896338464756,8.998325196223973,72.89473684210526,73.57142857142857,63.2849529997934,328971.85,13231739,325092.7,8850.0,2.640474748409005
2018-06-12,3937,3976,3904,3976,302911,339653,3941.8,3915.4,3850.55,3733.866666666667,57.85279913011118,48.18573053374028,9.667068596370896,86.37602179836512,72.64285714285714,70.6928903945306,326358.2,13534650,328945.3,-4364.0,-1.2685419615891091
2018-06-13,3985,4008,3950,3963,288637,337235,3950.8,3925.0,3858.2,3735.55,58.573893729884276,50.263363172969086,8.31053055691519,80.0632911392405,71.21428571428571,75.43589128024729,322401.8,13246013,332208.9,-2418.0,-0.7119030304457818
2018-06-14,3966,3985,3951,3979,279753,352896,3958.0,3932.8,3864.8,3737.25,59.74769840230056,52.16023021883539,7.58746818346517,83.28173374613003,67.5,66.30298034411084,321410.7,13525766,334743.65,15661.0,4.64394265126693
2018-06-15,3972,3993,3940,3968,255454,361475,3964.4,3939.5,3873.2,3739.8,59.10896760829837,53.54997769672799,5.558989911570379,79.16666666666666,65.5,57.1681605377175,318130.1,13270312,338492.15,8579.0,2.431027838229971
2018-06-19,3930,3938,3822,3847,369204,344837,3946.6,3937.5,3877.8,3740.3166666666666,48.28250937814528,52.49648403301145,-4.2139746548661705,49.45652173913044,69.21428571428571,-4.848932784929455,318966.35,12901108,341349.4,-16638.0,-4.6028079396915444
2018-06-20,3843,3914,3834,3909,261829,342917,3933.2,3937.5,3885.15,3743.2166666666667,44.195882452776004,50.836363716964364,-6.6404812641883595,55.07246376811594,70.57142857142857,1.9827059401653864,319124.4,13162937,343837.45,-1920.0,-0.5567847997749675
2018-06-21,3902,3932,3868,3872,301045,338263,3915.0,3932.9,3893.3,3745.3,37.5388854889934,48.17686807137017,-10.637982582376772,46.52278177458034,70.21428571428571,-0.5137839498869468,318122.5,12861892,345977.4,-4654.0,-1.3571797257062257
2018-06-22,3872,3885,3850,3870,241941,335054,3893.2,3925.6,3898.15,3750.866666666667,31.735951850827405,44.88868482726163,-13.152732976434223,46.30071599045346,67.21428571428571,-26.094880310390856,315603.2,12619951,346939.05,-3209.0,-0.948670117630368
2018-06-25,3890,3890,3834,3849,276217,327489,3869.4,3916.9,3902.4,3756.4666666666667,25.152616928038697,40.94147124741704,-15.788854319378345,47.78325123152709,65.71428571428571,-44.33970250683012,306920.8,12343734,347496.05,-7565.0,-2.2578450040888987
2018-06-26,3847,3849,3783,3805,303863,313418,3861.0,3903.8,3903.35,3760.1,16.198122422400047,35.99280148241365,-19.7946790600136,37.254901960784316,65.14285714285714,-96.83789025826682,304995.0,12039871,346988.9,-14071.0,-4.29663286400459
2018-06-27,3801,3858,3796,3831,272892,327176,3845.4,3889.3,3902.35,3764.3,11.071972910319346,31.008635767994786,-19.93666285767544,39.76470588235294,65.64285714285714,-78.8987863405117,300640.7,12312763,345779.85,13758.0,4.389664920330039
2018-06-28,3835,3890,3835,3875,285471,309675,3846.0,3880.5,3902.75,3768.366666666667,10.439554085637155,26.89481943152326,-16.455265345886104,42.34234234234234,63.714285714285715,-38.26976155183664,297748.1,12598234,342712.0,-17501.0,-5.349108736582142
2018-06-29,3869,3930,3869,3926,232547,296448,3857.2,3875.2,3904.0,3771.7,13.893476042531802,24.29455075372497,-10.401074711193168,48.97540983606558,65.0,5.314570009032167,293570.65,12830781,338812.55,-13227.0,-4.271252119157176
2018-07-02,3922,3925,3850,3861,281430,289341,3859.6,3864.5,3902.0,3774.1833333333334,11.25602485727768,21.686845574435512,-10.430820717157832,43.21880650994576,65.85714285714286,-24.262119667155012,290389.25,12549351,334960.9,-7107.0,-2.3973850388601003
2018-07-03,3865,3880,3832,3869,206602,280881,3872.4,3866.7,3902.1,3777.0333333333333,9.699548574161327,19.289386174380674,-9.589837600219347,39.73128598848369,64.14285714285714,-42.00332013830605,283983.95,12755953,330807.65,-8460.0,-2.923885657407699
2018-07-04,3869,3920,3861,3890,221419,285336,3884.2,3864.8,3901.15,3779.983333333333,10.04476460791102,17.440461861086742,-7.395697253175722,43.10018903591683,64.21428571428571,-10.811010555015939,278441.65,12977372,327268.15,4455.0,1.5860809381909036
2018-07-05,3899,3908,3831,3852,352234,286273,3879.6,3862.8,3897.85,3781.15,7.169423727140838,15.386254234297562,-8.216830507156724,38.475499092558984,67.28571428571429,-35.74913328509866,280002.3,12625138,324372.05,937.0,0.3283847814506302
2018-07-06,3851,3893,3803,3851,368950,286109,3864.6,3860.9,3893.25,3786.483333333333,4.755188863549847,13.26004116014802,-8.504852296598173,39.186691312384475,69.92857142857143,-46.1731417800417,279824.25,12256188,321683.0,-164.0,-0.05728797336808089
2018-07-09,3855,3900,3823,3898,252825,281156,3872.0,3865.8,3891.35,3793.4666666666667,6.558791875111638,11.919791303140745,-5.360999428029107,55.46038543897216,65.0,-17.313687595289192,280888.4,12509013,318982.45,-4953.0,-1.7311584046639572
2018-07-10,3907,3950,3907,3938,255795,282518,3885.8,3879.1,3891.45,3800.6,11.08801028160542,11.75343509883368,-0.66542481722826,53.25842696629213,63.0,44.638163679283835,280550.95,12764808,315907.5,1362.0,0.4844285734610043
2018-07-11,3940,3970,3900,3952,270424,278487,3898.2,3891.2,3890.25,3807.3166666666666,15.62699324644609,12.528146728356162,3.0988465180899283,59.47867298578199,63.42857142857143,55.73993843731042,278926.6,13035232,312849.2,-4031.0,-1.4268117429685923
2018-07-12,3959,4034,3948,4023,331037,301591,3932.4,3906.0,3893.25,3816.7166666666667,24.66890875170384,14.956299133025698,9.71260961867814,65.58044806517312,67.07142857142857,113.06318131227755,281046.6,13366269,311067.0,23104.0,8.296257994089483
2018-07-13,4015,4050,4008,4025,262403,301417,3967.2,3915.9,3895.55,3825.45,31.631447580589793,18.291328822538517,13.340118758051275,68.64406779661017,66.07142857142857,121.62922655315076,280179.1,13628672,308493.05,-174.0,-0.05769402933111234
2018-07-16,4015,4079,3999,4056,283875,319037,3998.8,3935.4,3899.95,3833.4333333333334,39.19889028036596,22.472841114104007,16.72604916626195,77.34204793028323,67.07142857142857,117.25455208121392,281600.15,13912547,306371.15,17620.0,5.845722039566459
2018-07-17,4051,4054,4001,4046,327204,320295,4020.4,3953.1,3909.9,3840.5333333333333,43.88336658041408,26.754946207366025,17.12842037304805,74.26636568848758,66.57142857142857,92.33022126644886,279500.15,13585343,305144.05,1258.0,0.3943116315662465
2018-07-18,4042,4048,4020,4035,210311,318642,4037.0,3967.6,3916.2,3848.0,46.175952096630226,30.639147385218866,15.53680471141136,69.51219512195122,64.35714285714286,81.02486700887546,276924.25,13375032,303930.3,-1653.0,-0.5160867325434415
2018-07-19,4042,4099,4017,4019,367648,316220,4036.2,3984.3,3923.55,3853.65,46.1695623774649,33.74523038366807,12.424331993796827,62.400000000000006,65.85714285714286,77.4736319096465,280254.4,13007384,302828.15,-2422.0,-0.7601006772490759
2018-07-20,4019,4076,4011,4061,296121,317046,4043.4,4005.3,3933.1,3860.0833333333335,48.98883467866017,36.793951242666495,12.194883435993674,78.4090909090909,65.07142857142857,71.08420907347545,282963.4,13303505,301927.75,826.0,0.26121054961736334
2018-07-23,4057,4092,4040,4080,196431,309244,4048.2,4023.5,3944.65,3866.8,52.15505845106463,39.866172684346125,12.288885766718508,79.0633608815427,65.35714285714286,74.10874392916143,278974.1,13499936,301015.5,-7802.0,-2.460841644430145
2018-07-24,4080,4095,4048,4051,197534,296823,4049.2,4034.8,3956.95,3873.133333333333,51.72796814795083,42.23853177706707,9.489436370883766,71.69811320754717,64.5,64.43969871503856,273657.65,13302402,300185.75,-12421.0,-4.016569440312501
2018-07-25,4051,4110,4051,4101,211454,300909,4062.4,4049.7,3970.45,3879.85,54.792464712200854,44.74931836409383,10.043146348107022,82.50652741514361,63.214285714285715,70.28410203213241,270585.75,13513856,298872.4,4086.0,1.3765779606027762
2018-07-26,4095,4099,4061,4094,219330,299441,4077.4,4056.8,3981.4,3884.733333333333,56.01060344815551,47.00157538090617,9.00902806724934,81.23393316195373,59.642857142857146,62.02630147326132,267278.7,13294526,298360.7,-1468.0,-0.487855132282522
2018-07-27,4084,4210,4084,4199,275713,301026,4105.0,4074.2,3995.05,3892.4333333333334,64.70275654956549,50.541811614638036,14.160944934927457,83.668903803132,63.142857142857146,92.19679258275742,269437.0,13570239,298589.6,1585.0,0.5293196322480931
2018-07-30,4195,4200,4160,4172,213568,287849,4123.4,4085.8,4010.6,3899.6833333333334,68.62164850594581,54.157778992899594,14.46386951304622,76.95852534562212,62.285714285714285,86.62402262765693,266043.9,13356671,298515.0,-13177.0,-4.377362752719039
2018-07-31,4177,4229,4170,4211,203717,291005,4155.4,4102.3,4027.7,3907.45,74.02110347455164,58.13044388923001,15.890659585321629,78.21350762527233,61.5,88.14411683336779,265899.65,13560388,299021.2,3156.0,1.0964081862365305
2018-08-01,4211,4266,4175,4179,277441,272340,4171.0,4116.7,4042.15,3914.866666666667,74.8551937949751,61.47539387037903,13.379799924596064,68.57142857142857,61.857142857142854,79.76825649961137,268700.75,13282947,298371.4,-18665.0,-6.413979141251868
2018-08-02,4170,4180,4125,4169,245118,258488,4186.0,4131.7,4058.0,3923.0833333333335,73.85791192299894,63.951897480903014,9.906014442095923,66.82242990654206,62.785714285714285,52.3826908831387,263344.95,13037829,296982.15,-13852.0,-5.086289197326865
2018-08-03,4159,4224,4159,4221,210738,248751,4190.4,4147.7,4076.5,3931.5,76.38302826919471,66.43812363856136,9.944904630633346,68.37416481069042,61.714285714285715,69.9059736235807,255434.35,13248567,295114.25,-9737.0,-3.766906007242121
2018-08-06,4222,4244,4155,4238,294207,240124,4203.6,4163.5,4093.5,3939.35,78.84705927240566,68.91991076533023,9.92714850707543,71.05263157894737,64.14285714285714,72.12181579597434,257503.45,13542774,293062.65,-8627.0,-3.4681267612994504
2018-08-07,4244,4287,4229,4249,209568,232171,4211.2,4183.3,4109.05,3947.35,80.75651878463759,71.28723236919171,9.469286415445879,73.46491228070175,66.28571428571429,87.7067718231658,255192.1,13752342,290545.3,-7953.0,-3.3120387799636886
2018-08-08,4250,4261,4197,4209,207491,232841,4217.2,4194.1,4121.9,3954.233333333333,78.14134867274379,72.65805562990212,5.483293042841666,69.79166666666667,65.0,64.474058007997,252045.45,13544851,288263.0,670.0,0.28858039979153816
2018-08-09,4200,4243,4159,4220,235473,229922,4227.4,4206.7,4131.75,3961.0666666666666,76.07941939792363,73.34232838350643,2.737091014417203,67.70601336302896,66.35714285714286,50.45608612884714,247267.25,13780324,284679.55,-2919.0,-1.2536451913537583
2018-08-10,4226,4234,4168,4171,194087,219657,4217.4,4203.9,4139.05,3966.4666666666667,69.68811390456995,72.61148548771914,-2.9233715831491907,59.49895615866389,67.35714285714286,36.092055948716535,243851.45,13586237,280591.55,-10265.0,-4.464557545602421
2018-08-13,4172,4278,4160,4273,210314,216138,4224.4,4214.0,4149.9,3974.35,72.02326642226126,72.49384167462756,-0.47057525236630227,70.1086956521739,72.42857142857143,59.78677472932815,240173.4,13796551,275446.6,-3519.0,-1.6020431855119588
2018-08-14,4277,4279,4212,4227,139601,205362,4220.0,4215.6,4158.95,3982.2166666666667,69.36250823615228,71.86757498693251,-2.5050667507802302,61.496350364963504,73.0,56.059589921919404,230793.25,13656950,269699.95,-10776.0,-4.98570357826944
2018-08-15,4227,4256,4209,4238,131288,199514,4225.8,4221.5,4169.1,3990.15,67.36490557482921,70.96704110451185,-3.6021355296826414,63.04347826086957,73.5,48.48195147187806,226842.1,13788238,263743.55,-5848.0,-2.847654385913656
2018-08-16,4229,4246,4168,4187,197777,188342,4219.2,4223.3,4177.5,3998.116666666667,60.963764964678376,68.96638587654516,-8.002620911866785,48.795180722891565,70.07142857142857,20.672387022891137,218348.55,13590461,257349.65,-11172.0,-5.599607045119637
2018-08-17,4197,4294,4188,4261,199977,177347,4237.2,4227.3,4187.5,4006.25,61.157016452852986,67.40451199180673,-6.247495538953743,58.1651376146789,74.85714285714286,53.36491655791416,213541.35,13790438,250364.7,-10995.0,-5.8377844559365455
2018-08-20,4196,4337,4142,4324,387908,212238,4247.4,4235.9,4199.7,4015.5833333333335,65.63711928315661,67.0510334500767,-1.4139141669200939,59.92970123022847,84.57142857142857,65.41399585455342,223115.2,14178346,245514.4,34891.0,19.673859721337262
2018-08-21,4310,4369,4257,4282,332525,224395,4258.4,4239.2,4211.25,4023.85,65.04874264840237,66.65057528974184,-1.6018326413394703,58.89464594127807,86.07142857142857,91.26297201501293,229864.75,13845821,241893.0,12157.0,5.728003467805021
2018-08-22,4278,4346,4258,4263,252106,227687,4263.4,4244.6,4219.35,4030.7166666666667,62.33079807532249,65.78661984685797,-3.455821771535483,57.99319727891156,88.42857142857143,75.46002984653072,231897.35,13593715,238231.9,3292.0,1.4670558613159912
2018-08-23,4280,4297,4216,4226,268261,226432,4271.2,4245.2,4225.95,4036.7,56.53946488472866,63.937188854432115,-7.397723969703456,50.43630017452007,89.57142857142857,30.04640613728052,234343.9,13325454,234581.45,-1255.0,-0.5511952812413567
2018-08-24,4226,4307,4211,4304,218476,237307,4279.8,4258.5,4231.2,4043.4166666666665,57.579993411931355,62.66574976593196,-5.085756354000608,55.20504731861199,90.07142857142857,60.42067808203711,231482.05,13543930,231395.5,10875.0,4.802766393442615
2018-08-27,4303,4303,4180,4197,277388,220766,4254.4,4250.9,4232.45,4048.35,49.20342751829321,59.973285316404215,-10.769857798111005,46.438356164383556,94.78571428571429,-6.25930712986862,234673.05,13266542,228041.35,-16541.0,-6.9702958614790145
2018-08-28,4197,4271,4190,4265,222839,226879,4251.0,4254.7,4235.15,4054.983333333333,47.504369595718344,57.47950217226705,-9.975132576548702,53.693931398416886,96.0,12.78432439597814,235629.15,13489381,224835.05,6113.0,2.7689952257140993
2018-08-29,4270,4278,4176,4184,312467,224455,4235.2,4249.3,4235.4,4059.5666666666666,39.17030005984634,53.817661749782914,-14.647361689936574,47.826086956521735,97.28571428571429,-29.725248976480977,237380.45,13176914,222440.8,-2424.0,-1.0684109150692622
2018-08-30,4178,4187,4107,4146,359154,216069,4219.2,4245.2,4234.25,4063.366666666667,29.163034183481614,48.88673623652266,-19.723702053041045,48.47001223990208,98.28571428571429,-119.11501240415456,243082.25,12817760,220319.85,-8386.0,-3.7361609231248982
2018-08-31,4145,4153,4040,4064,325723,230002,4171.2,4225.5,4226.4,4065.383333333333,14.448930899337938,41.99917516908572,-27.55024426974778,36.88833124215809,97.92857142857143,-145.5090266993126,248831.5,12492037,219382.4,13933.0,6.44840305643104
2018-09-03,4064,4119,4051,4108,302720,214248,4153.4,4203.9,4219.9,4068.25,6.266098629433145,34.85255986115521,-28.586461231722062,42.51572327044025,98.0,-112.40921043524277,249257.15,12794757,218088.6,-15754.0,-6.849505656472554
2018-09-04,4110,4150,4074,4136,253841,226186,4127.6,4189.3,4214.25,4071.5833333333335,2.01725740794609,28.285499370513385,-26.268241962567295,43.71921182266009,100.07142857142857,-77.61630175854785,251470.8,13048598,217789.35,11938.0,5.572047346999742
2018-09-05,4139,4140,4068,4094,250183,228137,4109.6,4172.4,4208.5,4073.55,-4.6850228357589,21.691394929258927,-26.376417765017827,44.20921544209216,99.64285714285714,-81.74827437822631,253605.4,12798415,217554.15,1951.0,0.862564438117297
2018-09-06,4101,4143,4093,4140,223648,224013,4108.4,4163.8,4204.5,4076.5,-6.213190857628433,16.110477771881456,-22.32366862950989,42.193548387096776,95.57142857142857,-57.63073029403757,253014.15,13022063,217258.7,-4124.0,-1.8076857326957074
2018-09-07,4150,4234,4101,4114,408625,242473,4118.4,4144.8,4201.65,4078.75,-9.413741976099118,11.005633822285342,-20.419375798384458,35.772357723577244,91.14285714285714,-37.73962093030832,263741.05,12613438,218399.5,18460.0,8.2405931798601
2018-09-10,4114,4199,4110,4164,321982,244788,4129.6,4141.5,4196.2,4082.016666666667,-7.825413171755827,7.239424423477107,-15.064837595232934,42.091152815013395,89.5,-29.044744957483744,269324.45,12935420,219832.0,2315.0,0.9547454768159769
2018-09-11,4154,4154,3957,3969,531929,279851,4096.2,4111.9,4183.3,4084.05,-22.04737307522646,1.3820649237363938,-23.429437998962854,34.05639913232105,98.0,-102.32335012755588,288940.85,12403491,223556.45,35063.0,14.323823063222063
2018-09-12,3988,4022,3913,3980,423576,272195,4073.4,4091.5,4170.4,4085.233333333333,-32.06118926085037,-5.306585913180959,-26.75460334766941,36.27232142857143,100.0,-111.04933760534558,303555.25,12827067,227190.5,-7656.0,-2.735741519594359
2018-09-13,3971,4030,3958,4013,341823,262462,4048.0,4078.2,4161.7,4087.5833333333335,-36.90892343179894,-11.627053416904555,-25.281870014894384,32.902467685076374,98.28571428571429,-82.91661206831303,310757.55,13168890,230896.5,-9733.0,-3.575745329635005
2018-09-14,4010,4024,3971,3992,304833,266912,4023.6,4071.0,4148.25,4089.616666666667,-41.96160492263516,-17.693963718050675,-24.267641204584486,36.60130718954248,93.21428571428571,-75.28164857362557,316000.35,12864057,235374.75,4450.0,1.695483536664355
2018-09-17,3993,4038,3951,3969,364206,301274,3984.6,4057.1,4130.5,4091.616666666667,-47.276821419186945,-23.610535258277928,-23.666286160909017,29.444444444444443,93.64285714285714,-71.41569472572115,314815.25,12499851,239826.55,34362.0,12.873906006474044
2018-09-18,3974,4035,3947,4021,446294,306233,3995.0,4045.6,4117.45,4095.2166666666667,-46.75424948435739,-28.239278103493824,-18.514971380863564,38.205499276411,92.64285714285714,-59.08603999870198,320503.7,12946145,243918.45,4959.0,1.6460099444359555
2018-09-19,4057,4060,3969,3982,418490,320606,3995.4,4034.4,4103.4,4097.733333333334,-48.92312617946982,-32.37604771868902,-16.547078460780796,38.15028901734104,93.42857142857143,-53.24675172630246,328822.9,12527655,248564.4,14373.0,4.69348502610758
2018-09-20,3990,4026,3952,3978,382098,325932,3988.4,4018.2,4091.0,4099.45,-50.38394836305406,-35.97762784756203,-14.406320515492027,42.99674267100978,90.64285714285714,-57.095761046881535,334514.75,12145557,253539.4,5326.0,1.6612290474913083
2018-09-21,3977,4018,3957,4013,297963,299773,3992.6,4008.1,4076.45,4100.9,-48.1622683261121,-38.41455594327205,-9.74771238284005,42.14876033057851,90.14285714285714,-48.01899647306611,338489.1,12443520,256662.7,-26159.0,-8.0259072444559
2018-09-25,4020,4023,3931,3952,261752,299491,3989.2,3986.9,4064.2,4102.416666666667,-50.73887492593121,-40.879419739803886,-9.859455186127327,35.579937304075244,91.28571428571429,-58.48817603296587,337707.3,12181768,260598.95,-282.0,-0.09407118052660035
2018-09-26,3950,3965,3885,3929,415708,313422,3970.8,3982.9,4047.4,4103.416666666667,-54.014120838314284,-43.506359959505964,-10.50776087880832,36.67205169628433,91.85714285714286,-78.41994828051241,347350.75,11766060,264926.1,13931.0,4.651558811450096
2018-09-27,3934,3969,3880,3886,339665,305532,3951.6,3973.5,4032.5,4103.35,-59.39485058917535,-46.684058085439844,-12.710792503735505,29.38311688311687,94.64285714285714,-81.66351812338944,348710.65,11426395,268979.95,-7890.0,-2.517372743457702
2018-09-28,3882,3886,3803,3869,376828,271086,3929.8,3959.1,4018.65,4103.633333333333,-64.28978300834933,-50.205203070021746,-14.084579938327586,29.818780889621095,91.07142857142857,-102.54144574824987,349594.35,11049567,271730.8,-34446.0,-11.274105494678132
2018-10-08,3880,3898,3834,3891,224834,279296,3905.4,3949.0,4010.0,4104.3,-65.63721116572651,-53.2916046891627,-12.345606476563809,26.424870466321238,89.28571428571429,-78.49389866841679,344549.9,11274401,274195.5,8210.0,3.028559202614667
2018-10-09,3891,3953,3881,3947,248259,280761,3904.4,3946.8,4001.95,4105.116666666667,-61.47764962332212,-54.92881367599459,-6.548835947327532,47.5,79.64285714285714,-43.900476313570316,341826.85,11522660,277521.15,1465.0,0.5245331118240104
2018-10-10,3949,3982,3920,3939,278145,291627,3906.4,3938.6,3992.1,4105.133333333333,-58.15631052743993,-55.574313046283656,-2.5819974811562716,45.30892448512586,76.28571428571429,-28.743554095933607,343042.05,11244515,280793.2,10866.0,3.870195646831287
2018-10-11,3930,3932,3831,3909,447170,309376,3911.0,3931.3,3982.85,4104.416666666667,-57.28453419274638,-55.9163572755762,-1.3681769171701745,38.01843317972351,78.85714285714286,-56.47310992925276,352891.4,10797345,284855.15,17749.0,6.0861991516560465
2018-10-12,3911,3959,3875,3931,324473,322697,3923.4,3926.6,3972.4,4102.883333333333,-54.19371758644502,-55.57182933774997,1.3781117513049495,42.98850574712643,81.07142857142857,-34.169250507323696,357932.65,11121818,289789.35,13321.0,4.305763860157219
2018-10-15,3926,3986,3901,3968,349637,333794,3938.8,3922.1,3965.1,4101.933333333333,-48.2029784494689,-54.098059160093754,5.895080710624853,49.88864142538975,80.92857142857143,-9.964635409753,354983.25,11471455,294355.4,11097.0,3.4388296141581787
2018-10-16,3973,3977,3920,3947,325351,327740,3938.8,3921.6,3954.25,4100.116666666667,-44.63527139401003,-52.20550160687701,7.570230212866974,41.14832535885168,78.71428571428571,-6.607398526568263,355151.7,11146104,298503.0,-6054.0,-1.8136934756166956
2018-10-17,3945,3985,3910,3975,326872,339899,3946.0,3926.2,3954.55,4098.933333333333,-39.09777701843359,-49.58395668918833,10.486179670754737,49.140049140049136,77.57142857142857,6.584588439001731,344898.85,11472976,301505.4,12159.0,3.70995301153354
2018-10-18,3980,3988,3852,3854,482023,378758,3935.0,3923.0,3948.25,4095.9166666666665,-43.96614721399692,-48.46039479415005,4.494247580153129,38.16793893129771,82.0,-53.66615923461467,347821.2,10990953,306833.55,38859.0,11.432513776151154
2018-10-19,3850,3895,3833,3860,405531,369999,3920.8,3922.1,3940.6,4093.266666666667,-46.80072617389396,-48.12846107009883,1.3277348962048663,34.54545454545455,82.07142857142857,-81.39200578223631,351006.6,11396484,312210.4,-8759.0,-2.312558414607746
2018-10-22,3866,3930,3859,3901,364471,378218,3907.4,3923.1,3936.05,4090.6,-45.21755326584889,-47.54627950924885,2.328726243399956,44.631578947368425,80.57142857142857,-41.32639184009633,353988.5,11760955,317775.7,8219.0,2.2213573550198706
2018-10-23,3905,3910,3862,3873,308804,388496,3892.6,3915.7,3931.25,4087.15,-45.69549411264097,-47.176122429927275,1.4806283172863033,44.166666666666664,78.28571428571429,-51.947809809332725,351218.4,11452151,322136.8,10278.0,2.7174803949045367
2018-10-24,3860,3925,3854,3923,270818,372767,3882.2,3914.1,3926.35,4085.016666666667,-41.56059883177886,-46.053017710297595,4.492418878518734,53.79876796714579,77.0,-27.791965774648663,342444.6,11722969,325463.5,-15729.0,-4.048690334006011
2018-10-25,3925,3956,3883,3948,428466,368897,3901.0,3918.0,3924.65,4082.4666666666667,-35.85308145980116,-44.01303046019831,8.159949000397148,57.979797979797986,76.28571428571429,9.648829749755548,342943.4,12151435,327878.05,-3870.0,-1.0381820279155574
2018-10-26,3950,3968,3909,3927,280156,370366,3914.4,3917.6,3922.1,4079.6833333333334,-32.64801136540473,-41.740026641239595,9.092015275834868,53.64372469635627,75.92857142857143,21.439271629864685,337846.3,11871279,330099.75,1469.0,0.3982141356530411
2018-10-29,3930,3940,3813,3835,464965,374968,3901.2,3904.3,3913.2,4073.616666666667,-37.10389079155675,-40.81279947130303,3.70890867974628,39.43396226415094,79.85714285714286,-72.05970147268384,346196.4,11406314,333859.5,4602.0,1.2425546621450234
2018-10-30,3838,3892,3836,3844,311125,358496,3895.4,3894.0,3907.8,4068.15,-39.45417933578892,-40.54107544420021,1.0868961084112883,41.05461393596987,79.5,-73.06549947979566,348665.05,11717439,336809.75,-16472.0,-4.392908194832623
2018-10-31,3835,3855,3751,3802,535962,387905,3871.2,3876.7,3901.45,4061.3333333333335,-44.196380567471806,-41.272136468854534,-2.9242440986172724,40.14732965009208,79.21428571428571,-120.57235969624837,354677.75,11181477,340533.9,29409.0,8.20343881103276
2018-11-01,3804,3819,3655,3667,572390,440747,3815.0,3858.0,3890.5,4052.8,-58.17734870548611,-44.653178916180856,-13.524169789305255,29.878048780487802,84.92857142857143,-152.36495887565997,366314.0,10609087,347294.65,52842.0,13.622407548239913
2018-11-02,3680,3754,3661,3744,581089,403663,3778.4,3846.4,3884.25,4045.7166666666667,-62.32565879987942,-48.18767489292057,-14.137983906958851,33.9080459770115,85.5,-118.71503459927672,376527.05,11190176,353923.5,-37084.0,-8.413897315239804
2018-11-05,3732,3775,3717,3773,412695,394051,3766.0,3833.6,3878.35,4038.25,-62.552105069846675,-51.06056092830579,-11.491544141540885,37.64204545454545,85.57142857142857,-82.00245464524401,385920.1,11602871,359661.25,-9612.0,-2.381194213985427
2018-11-06,3770,3786,3704,3719,379189,379171,3741.0,3818.2,3866.95,4029.6,-66.32436804409645,-54.11332235146392,-12.211045692632524,32.465753424657535,86.07142857142857,-82.21900970402874,392466.6,11223682,364581.75,-14880.0,-3.776160953785168
2018-11-07,3718,3750,3681,3713,384769,370465,3723.2,3797.2,3855.65,4020.6666666666665,-69.00264395789236,-57.091186672749615,-11.911457285142745,38.53658536585366,81.28571428571429,-83.5962348139558,397797.8,10838913,368523.65,-8706.0,-2.2960616713830984
2018-11-08,3713,3740,3650,3720,518537,358681,3733.8,3774.4,3846.2,4012.516666666667,-69.75624880251416,-59.624199098702526,-10.132049703811639,38.63636363636364,83.28571428571429,-79.02202746150577,401366.15,11357450,370988.9,-11784.0,-3.180867288407807
2018-11-09,3717,3726,3630,3635,388859,370308,3712.0,3745.2,3831.4,4002.766666666667,-76.33236372291503,-62.965832023545026,-13.366531699370007,29.848484848484844,85.07142857142857,-87.09323660140099,404585.45,10968591,373369.45,11627.0,3.2415990810776174
2018-11-12,3630,3651,3561,3605,438889,355785,3678.4,3722.2,3813.25,3993.3333333333335,-83.00786841869467,-66.97423930257496,-16.033629116119712,29.75830815709969,88.07142857142857,-99.34591446717329,409048.05,10529702,374469.0,-14523.0,-3.9218704429826
2018-11-13,3601,3630,3585,3611,239170,353559,3656.8,3698.9,3796.45,3982.3,-86.81337359722647,-70.94206616150527,-15.871307435721207,24.75728155339806,86.21428571428571,-85.95096223624637,404739.0,10768872,375759.95,-2226.0,-0.6256587545849346
2018-11-14,3592,3628,3560,3617,337786,344096,3637.6,3680.4,3778.55,3972.133333333333,-88.32693607502551,-74.41904014420932,-13.907895930816196,22.370617696160267,85.85714285714286,-79.68444414264421,405284.7,11106658,375969.8,-9463.0,-2.676498123368376
2018-11-15,3616,3639,3553,3622,450323,338238,3618.0,3675.9,3766.95,3961.866666666667,-88.10734045421214,-77.15670020620988,-10.950640248002259,23.84219554030875,87.78571428571429,-69.9302772240782,403699.7,11556981,373943.8,-5858.0,-1.7024318794754967
2018-11-16,3617,3658,3596,3624,345930,319138,3615.8,3663.9,3755.15,3952.483333333333,-86.771676187715,-79.07969540251091,-7.691980785204095,28.600405679513187,83.14285714285714,-54.83617382382086,400719.65,11902911,371400.75,-19100.0,-5.646911346448357
2018-11-19,3614,3653,3586,3615,314043,311942,3617.8,3648.1,3740.85,3941.7166666666667,-85.4543132873232,-80.35461897947337,-5.0996943078498305,26.774847870182555,83.85714285714286,-52.79644646829092,398198.25,11588868,368086.95,-7196.0,-2.254823931966732
2018-11-20,3610,3626,3563,3571,297376,285790,3609.8,3633.3,3725.75,3929.1666666666665,-86.958324538728,-81.67536009132431,-5.282964447403685,26.66666666666667,80.92857142857143,-59.82845943598455,397626.85,11291492,362951.65,-26152.0,-8.383609773611767
2018-11-21,3548,3620,3492,3616,463081,252554,3609.6,3623.6,3710.4,3918.0666666666666,-83.55595928511366,-82.0514799300822,-1.5044793550314637,43.7037037037037,78.35714285714286,-58.87717363695185,407240.0,11754573,356941.0,-33236.0,-11.629518177682918
2018-11-22,3620,3638,3586,3591,290666,238100,3603.4,3610.7,3692.55,3906.866666666667,-81.93238583245102,-82.02766111055597,0.09527527810494973,28.328611898016987,75.42857142857143,-42.89354664273994,400350.0,11463907,350401.15,-14454.0,-5.723132478598636
2018-11-23,3580,3592,3476,3477,350368,236986,3574.0,3594.9,3670.05,3894.383333333333,-88.82067004096461,-83.3862628966377,-5.4344071443269115,16.210045662100455,79.57142857142857,-82.93678730493498,403860.6,11113539,343732.15,-1114.0,-0.4678706425871537
2018-11-26,3457,3503,3350,3392,396363,222629,3529.4,3573.6,3647.9,3879.1833333333334,-99.9858993206717,-86.7061901814445,-13.279709139227208,15.13859275053305,84.64285714285714,-116.54826189785102,400430.5,10717176,336115.2,-14357.0,-6.058163773387459
2018-11-27,3401,3489,3370,3389,305279,200238,3493.0,3551.4,3625.15,3865.7166666666667,-107.83346186949484,-90.93164451905457,-16.90181735044027,15.236051502145926,88.21428571428571,-104.30223459003999,400138.2,10411897,328202.3,-22391.0,-10.057539673627424
2018-11-28,3151,3225,3141,3201,164619,220378,3410.0,3509.8,3595.1,3847.983333333333,-127.75011672262372,-98.2953389597684,-29.454777762855315,9.891808346213281,99.5,-152.27210241160785,381571.05,10247278,319825.95,20140.0,10.05803094317761
2018-11-29,3201,3245,3184,3209,136265,230246,3333.6,3468.5,3572.2,3831.733333333333,-141.26031506370646,-106.88833418055601,-34.37198088315044,12.631578947368425,97.0,-115.11234317687843,359764.8,10383543,309300.9,9868.0,4.4777609380246775
2018-11-30,3210,3225,3123,3173,209598,239190,3272.8,3423.4,3543.65,3815.516666666667,-153.10721900542376,-116.13211114552956,-36.975107859894194,12.5,97.85714285714286,-105.66762948761816,341190.25,10173945,301077.25,8944.0,3.88454088236061
2018-12-03,3180,3376,3120,3235,405431,235519,3241.4,3385.4,3516.75,3801.7,-155.69830079445683,-124.04534907531502,-31.65295171914181,20.25316455696202,112.92857142857143,-76.3419738199061,340827.05,10579376,293150.65,-3671.0,-1.534763158994945
2018-12-04,3230,3292,3200,3276,307472,231264,3218.8,3355.9,3494.6,3787.8333333333335,-152.683355748321,-129.77295040991623,-22.910405338404757,24.437781109445268,114.64285714285714,-65.69554218742195,337241.2,10886848,285755.3,-4255.0,-1.8066482958912
2018-12-05,3300,3373,3278,3373,370705,240451,3253.2,3331.6,3477.6,3775.116666666667,-140.84334631618276,-131.98702959116955,-8.856316725013215,33.59683794466403,115.42857142857143,-38.23535337281055,336538.0,11257553,279254.6,9187.0,3.972516258475167
2018-12-06,3392,3392,3298,3309,307198,251959,3273.2,3303.4,3457.05,3762.0333333333333,-135.06734637571844,-132.60309294807934,-2.4642534276391075,30.816077953714995,117.71428571428571,-36.502893917661794,325971.05,10950355,273918.5,11508.0,4.786006296501166
2018-12-07,3292,3365,3265,3345,359689,251793,3307.6,3290.2,3442.55,3748.7833333333333,-126.13096640668573,-131.3086676398006,5.177701233114874,34.08018867924528,120.07142857142857,-34.831261724462266,324512.55,11310044,267992.75,-166.0,-0.06588373505213019
2018-12-10,3345,3352,3274,3281,322012,261462,3316.8,3279.1,3426.35,3734.9,-122.79755228386284,-129.60644456861306,6.808892284750215,33.29493087557604,121.14285714285714,-37.45150297514295,318668.7,10988032,263276.6,9669.0,3.840059096162318
2018-12-11,3276,3312,3247,3309,301160,271889,3323.4,3271.1,3411.25,3720.65,-116.55288250348804,-126.99573215558806,10.442849652100023,31.962397179788482,116.64285714285714,-37.231378663815754,321768.2,11289192,259193.1,10427.0,3.9879600094851364
2018-12-12,3330,3350,3309,3316,294663,280561,3312.0,3282.6,3396.2,3709.766666666667,-109.77369241910901,-123.55132420829226,13.777631789183246,33.49339735894358,115.85714285714286,-22.885092529012766,319612.05,11583855,256016.35,8672.0,3.1895369066052615
2018-12-13,3313,3485,3312,3470,583194,295841,3344.2,3308.7,3388.6,3701.266666666667,-90.92647862172771,-117.02635509097937,26.099876469251654,49.59908361970218,119.92857142857143,11.163450013915677,326255.6,12167049,253896.5,15280.0,5.446230944429198
2018-12-14,3464,3467,3427,3444,397266,286751,3364.0,3335.8,3379.6,3691.7833333333333,-77.19801791299051,-109.0606876553816,31.86266974239109,53.19410319410319,112.07142857142857,23.48403013014053,328822.4,11769783,252277.15,-9090.0,-3.072596428486929
2018-12-17,3437,3471,3415,3439,378194,283476,3395.6,3356.2,3370.8,3682.5666666666666,-65.96121231027064,-100.44079258635941,34.47958027608877,53.06372549019608,107.57142857142857,27.08638338032083,332029.95,11391589,250853.85,-3275.0,-1.142105868854859
2018-12-18,3432,3454,3406,3433,333049,291262,3420.4,3371.9,3363.9,3673.633333333333,-56.88438498836422,-91.72951106676038,34.84512607839616,68.29652996845425,93.28571428571429,27.95102939525185,333813.6,11058540,251127.45,7786.0,2.7466169975588706
2018-12-19,3430,3476,3423,3448,450839,321321,3446.8,3379.4,3355.5,3664.0833333333335,-47.92807429469576,-82.96922371234746,35.041149417651695,68.64274570982839,92.71428571428571,40.87265742591608,333201.5,11509379,254565.8,30059.0,10.320261482788684
2018-12-20,3451,3484,3435,3459,398177,308473,3444.6,3394.4,3348.9,3655.366666666667,-39.48733999857723,-74.27284696959342,34.78550697101619,73.21428571428572,88.92857142857143,54.929225559231526,338577.05,11907556,258084.45,-12848.0,-3.9984937181198887
2018-12-21,3488,3509,3440,3467,402658,315306,3449.2,3406.6,3348.4,3646.85,-31.786054268016414,-65.77548842927801,33.9894341612616,70.64056939501779,75.57142857142857,64.47624594793129,341191.55,12310214,262000.45,6833.0,2.215104725535144
2018-12-24,3477,3480,3413,3425,312316,315387,3446.4,3421.0,3350.05,3637.05,-28.74047651024921,-58.36848604547225,29.628009535223043,63.23268206039076,73.78571428571429,46.474023430902584,336989.2,11997898,266638.35,81.0,0.02568933036479759
2018-12-25,3418,3423,3343,3375,364072,303335,3434.8,3427.6,3349.35,3627.4333333333334,-30.015417281112605,-52.69787229260032,22.68245501148772,50.1937984496124,72.71428571428571,17.411054965133467,339928.85,11633826,271793.2,-12052.0,-3.8213369606229786
2018-12-26,3375,3385,3356,3368,245504,304936,3418.8,3432.8,3357.7,3618.0833333333335,-31.230651021462563,-48.40442803837277,17.173777016910208,56.42701525054466,68.07142857142857,7.835427460439427,343973.1,11388322,276021.1,1601.0,0.5277992978060642
2018-12-27,3378,3407,3316,3335,558580,325510,3394.0,3419.3,3364.0,3608.9,-34.459331005822605,-45.615408631862735,11.15607762604013,48.90350877192982,67.42857142857143,-6.002526342164962,365088.85,10829742,280784.3,20574.0,6.746989532229719
2018-12-28,3326,3360,3325,3345,280257,300968,3369.6,3409.4,3372.6,3600.1666666666665,-35.798503859599805,-43.652027677410146,7.853523817810341,57.960199004975124,64.35714285714286,-19.731047096171785,368621.8,11109999,283873.2,-24542.0,-7.539553316334368
2019-01-02,3330,3360,3282,3294,249477,318440,3343.4,3394.9,3375.55,3590.2166666666667,-40.508129270854624,-43.023247996099045,2.5151187252444203,48.23529411764706,65.28571428571429,-47.82822809533755,360824.1,10860522,288019.25,17472.0,5.805268334175051
2019-01-03,3286,3359,3285,3350,329954,311217,3338.4,3386.6,3379.25,3580.266666666667,-39.26913915977684,-42.27242622883461,3.0032870690577695,53.586497890295355,67.64285714285714,-39.04456899444126,361948.2,11190476,292016.9,-7223.0,-2.268245195327223
2019-01-04,3347,3378,3324,3363,323087,307792,3337.4,3378.1,3378.75,3570.6666666666665,-36.813871817367726,-41.18071534654124,4.366843529173515,33.93393393393393,59.142857142857146,-20.059875372825783,359567.3,11513563,295383.95,-3425.0,-1.1005182878827346
2019-01-07,3374,3415,3353,3411,283120,315862,3352.6,3373.3,3383.85,3562.366666666667,-30.641638180809423,-39.07289991339488,8.431261732585455,45.352112676056336,60.5,9.360185423633833,358363.4,11796683,298579.1,8070.0,2.6219005042366295
2019-01-08,3405,3413,3388,3403,265891,324871,3364.2,3366.9,3386.75,3553.5666666666666,-26.094826776887203,-36.47728528609334,10.382458509206138,44.97206703910614,58.285714285714285,13.526951139044877,353673.5,11530792,302233.0,9009.0,2.852194945894082
2019-01-09,3410,3453,3394,3421,352246,327274,3389.6,3366.5,3393.75,3544.45,-20.79923577065847,-33.34167538300637,12.542439612347899,48.378378378378386,59.07142857142857,28.335513298386154,355185.2,11883038,305523.6,2403.0,0.7396782107359501
2019-01-10,3422,3440,3410,3421,231949,327055,3403.8,3371.1,3399.35,3535.6833333333334,-16.4132401302154,-29.955988332448175,13.542748202232776,46.19718309859155,57.42857142857143,25.56383540264132,351724.65,11883038,308281.9,-219.0,-0.06691640643620156
2019-01-11,3420,3440,3400,3438,258701,325546,3418.8,3378.1,3405.45,3526.733333333333,-11.433747931803282,-26.2515402523192,14.817792320515917,47.09141274238227,56.785714285714285,24.201898967683178,349926.55,12141739,310531.15,-1509.0,-0.46139028603752186
2019-01-14,3438,3463,3419,3459,227645,336520,3428.4,3390.5,3404.9,3520.15,-5.7269235833969105,-22.14661691853474,16.41969333513783,48.93048128342246,55.0,44.72541563370357,332149.1,12369384,312565.1,10974.0,3.3709521849446755
2019-01-15,3454,3458,3402,3416,240931,335680,3431.0,3397.6,3403.5,3512.75,-4.620700249649417,-18.641433584757674,14.020733335108257,48.8,54.285714285714285,23.207476479754252,324332.35,12128453,315011.55,-840.0,-0.2496136930940196
2019-01-16,3422,3442,3408,3435,192464,337691,3433.8,3411.7,3403.3,3504.983333333333,-2.1856739881704925,-15.350281665440239,13.164607677269746,58.720930232558146,50.857142857142854,27.43944610004078,315045.85,12320917,317722.3,2011.0,0.599082459485234
2019-01-17,3436,3470,3433,3458,223715,345646,3441.2,3422.5,3404.55,3498.0666666666666,1.5817759202604975,-11.963870148300092,13.54564606856059,62.50000000000001,51.42857142857143,52.63542523588729,309579.15,12544632,320441.5,7955.0,2.3557038831357735
2019-01-18,3450,3525,3441,3518,290355,353137,3457.2,3438.0,3408.05,3491.3166666666666,9.30178053888585,-7.710740010862905,17.012520549748757,73.64341085271317,50.92857142857143,87.73112310920473,301554.95,12834987,322032.3,7491.0,2.167246257731903
2019-01-21,3519,3539,3501,3515,267724,343124,3468.4,3448.4,3410.85,3484.1,15.004897769559648,-3.1676124547783946,18.17251022433804,72.36842105263158,51.142857142857146,98.9555067495634,295032.3,12567263,323764.85,-10013.0,-2.8354434681157725
2019-01-22,3535,3615,3512,3546,477635,325179,3494.4,3462.7,3414.8,3477.75,21.775090497072597,1.8209281355918039,19.954162361480794,85.0,52.92857142857143,114.3992395140505,298781.15,13044898,324258.5,-17945.0,-5.229887737377736
2019-01-23,3555,3571,3537,3559,219085,330033,3519.2,3476.5,3421.5,3473.15,27.868260406125955,7.030394589698634,20.83786581642732,82.96529968454259,50.07142857142857,96.75539004313973,294119.6,13263983,324990.8,4854.0,1.4927163193195092
2019-01-24,3560,3596,3555,3590,237042,333997,3545.6,3493.4,3432.25,3468.9166666666665,34.797458934232054,12.583807458605317,22.213651475626737,83.88059701492537,49.142857142857146,96.35735444119351,287768.1,13501025,326523.9,3964.0,1.2010920120109292
2019-01-25,3590,3650,3586,3608,287188,333929,3563.6,3510.4,3444.25,3465.6833333333334,41.265663377229885,18.320178642330234,22.94548473489965,82.29508196721312,49.285714285714285,99.28954249036964,289852.3,13788213,327973.55,-68.0,-0.02035946430656299
2019-01-28,3610,3650,3583,3588,275852,319532,3578.2,3523.3,3456.9,3464.366666666667,44.26763935533654,23.509670784931494,20.757968570405048,79.17981072555204,52.285714285714285,83.05859972525275,275715.9,13512361,327674.65,-14397.0,-4.311395536176854
2019-01-29,3588,3600,3561,3589,192886,311984,3586.8,3540.6,3469.1,3461.7833333333333,46.19491239396348,28.046719106737893,18.148193287225585,78.0,50.857142857142854,63.36254863986005,271347.35,13705247,328225.45,-7548.0,-2.3622047244094446
2019-01-30,3596,3660,3573,3582,333566,285707,3591.4,3555.3,3483.5,3458.6,46.620041841388684,31.761383653668055,14.858658187720629,76.2214983713355,54.92857142857143,69.12719650662018,275551.8,13371681,326588.8,-26277.0,-8.422547310118468
2019-01-31,3587,3612,3576,3610,210904,272454,3595.4,3570.5,3496.5,3456.7833333333333,48.65545617380121,35.140198157694684,13.515258016106529,77.04402515723271,54.642857142857146,60.950412444766904,269599.3,13582585,324650.65,-13253.0,-4.638668286041292
2019-02-01,3609,3650,3600,3648,174201,260068,3603.4,3583.5,3510.75,3455.7,52.72701491088992,38.657561508333735,14.069453402556185,78.2089552238806,55.07142857142857,73.39828563910422,262155.0,13756786,322264.45,-12386.0,-4.546088514024382
2019-02-11,3756,3840,3707,3709,225688,276163,3627.6,3602.9,3525.65,3455.516666666667,60.182201785692996,42.96248956380559,17.219712221887406,91.5014164305949,64.71428571428571,117.35283542753348,259283.4,13982474,320279.5,16095.0,6.188766015042213
2019-02-12,3696,3718,3660,3674,205310,286092,3644.6,3615.7,3539.2,3456.1666666666665,62.545300313977805,46.879051713840035,15.66624860013777,82.38482384823848,66.42857142857143,73.54434877898942,256254.35,13777164,318340.55,9929.0,3.5953404330051564
2019-02-13,3670,3697,3601,3608,297640,298338,3649.8,3620.6,3548.55,3456.2166666666667,58.419006564753545,49.18704268402274,9.231963880730802,68.20388349514563,70.64285714285714,44.02245196138351,253524.05,13479524,316893.75,12246.0,4.280441256658696
2019-02-14,3610,3626,3574,3606,239347,287624,3649.0,3622.2,3557.8,3456.133333333333,54.36086751262974,50.22180764974414,4.1390598628855955,62.42937853107345,68.35714285714286,22.948769505395035,253893.95,13240177,314922.2,-10714.0,-3.5912287405560184
2019-02-15,3604,3615,3531,3535,298229,296038,3626.4,3614.9,3562.65,3454.766666666667,44.89809910982467,49.15706594176025,-4.258966831935581,52.3696682464455,71.64285714285714,-3.7952413701586973,255870.35,12941948,313446.8,8414.0,2.9253469807804633
2019-02-18,3546,3632,3546,3624,330403,281176,3609.4,3618.5,3570.9,3454.8,44.07230507218719,48.14011376784565,-4.0678086956584565,58.12499999999999,71.21428571428571,16.124264858375575,261008.25,13272351,310679.6,-14862.0,-5.020301447787112
2019-02-19,3635,3686,3624,3638,359532,269324,3602.2,3623.4,3582.0,3455.0333333333333,44.039876067517525,47.320066227780025,-3.2801901602624994,58.21205821205821,73.21428571428571,42.63286794488907,266938.3,13631883,307361.8,-11852.0,-4.215153498164847
2019-02-20,3638,3668,3580,3657,351243,280855,3612.0,3630.9,3593.1,3455.733333333333,45.02825931380221,46.861704844984466,-1.8334455311822566,57.14285714285714,76.57142857142857,29.773928109861664,274877.25,13983126,304520.0,11531.0,4.281460248622482
2019-02-21,3656,3693,3642,3671,344307,289736,3625.0,3637.0,3603.75,3457.4,46.40630021258585,46.77062391850474,-0.36432370591889196,56.7741935483871,75.64285714285714,53.307170085280724,280906.85,14327433,301724.5,8881.0,3.162129924694246
2019-02-22,3666,3713,3658,3706,268541,287084,3659.2,3642.8,3613.15,3458.9,49.74913795137536,47.36632672507886,2.3828112262964964,62.29166666666667,74.78571428571429,69.20013419712474,279816.15,14595974,298421.85,-2652.0,-0.9153160118176573
2019-02-25,3725,3745,3676,3678,279367,290732,3670.0,3639.7,3621.3,3460.35,49.5676103911519,47.806583458293474,1.761026932858428,58.77712031558185,76.92857142857143,70.4184180488255,280398.3,14316607,295802.25,3648.0,1.2707082247704449
2019-02-26,3672,3767,3663,3744,394421,317231,3691.2,3646.7,3631.2,3464.8,54.125472155749776,49.070361197784734,5.0551109579650415,64.31095406360424,78.14285714285714,83.34263374585643,276237.6,14711028,295404.85,26499.0,9.114579750423069
2019-02-27,3749,3762,3708,3734,260454,331199,3706.6,3659.3,3639.95,3470.5,56.281911177520215,50.51267119373183,5.769239983788381,61.31386861313869,79.42857142857143,82.58946993203871,278306.05,14450574,295463.15,13968.0,4.403100579703745
2019-02-28,3750,3780,3718,3778,303651,346141,3728.0,3676.5,3649.35,3476.983333333333,60.84001113842305,52.57813918267008,8.261871955752973,61.73285198555956,80.28571428571429,90.3173680965068,281636.5,14754225,296070.35,14942.0,4.511487051591345
2019-03-01,3778,3825,3768,3825,259784,347259,3751.8,3705.5,3660.2,3487.383333333333,67.46712636547318,55.5559366192307,11.911189746242478,60.74074074074074,70.64285714285714,106.87005672759284,280266.3,15014009,296736.85,1118.0,0.32298976428681847
2019-03-04,3830,3835,3772,3791,331815,327144,3774.4,3722.2,3670.35,3497.0833333333335,69.17820380700232,58.28039005678502,10.897813750217296,60.85343228200371,71.0,87.92116434984952,283064.45,14682194,297117.45,-20115.0,-5.792506457715996
2019-03-05,3796,3800,3750,3777,293146,324380,3781.0,3736.1,3679.75,3507.15,68.61362683034349,60.34703741149672,8.26658941884677,67.3511293634497,67.71428571428571,64.657307190616,288077.45,14389048,297737.25,-2764.0,-0.8448878781209479
2019-03-06,3781,3810,3706,3708,344948,318044,3775.8,3741.2,3686.05,3515.0333333333333,61.88509926366942,60.65464978193127,1.2304494817381482,59.2057761732852,71.42857142857143,37.17019442019133,288646.55,14044100,299354.1,-6336.0,-1.953264689561629
2019-03-07,3715,3772,3707,3752,284477,308024,3770.6,3749.3,3693.15,3522.9666666666667,59.41818907024981,60.40735763959498,-0.9891685693451677,70.58823529411765,70.07142857142857,34.803749579615356,292325.2,14328577,301132.6,-10020.0,-3.1505074769528796
2019-03-08,3754,3755,3690,3712,283828,295927,3748.0,3749.9,3696.35,3528.616666666667,53.61741112303844,59.04936833628367,-5.431957213245234,59.20502092050209,67.78571428571429,14.44541906324291,297806.55,14044749,302925.55,-12097.0,-3.9272913798924725
2019-03-11,3687,3717,3660,3692,262984,282021,3728.2,3751.3,3695.5,3535.0,46.86617585245358,56.612729839517655,-9.746553987064075,55.578512396694215,67.42857142857143,-4.677243919770013,299671.35,13781765,303218.45,-13906.0,-4.6991318804975535
2019-03-12,3700,3780,3699,3776,310905,289993,3728.0,3754.5,3700.6,3542.1833333333334,47.743513736155364,54.8388866188452,-7.095372882689837,60.837887067395265,67.42857142857143,38.02145851233725,304951.1,14092670,303413.5,7972.0,2.826739852706006
2019-03-13,3780,3793,3727,3731,260609,274605,3732.6,3754.2,3706.75,3549.6833333333334,44.29705750559515,52.730520796195194,-8.433463290600045,55.17241379310345,68.5,33.27431006091912,303099.55,13832061,302226.85,-15388.0,-5.3063349804995275
2019-03-14,3719,3768,3702,3713,295202,280335,3724.8,3747.7,3712.1,3556.4166666666665,39.656135302100665,50.11564369737629,-10.459508395275627,50.621669626998234,69.28571428571429,12.785349917015719,305892.3,13536859,301862.4,5730.0,2.0866335281586323
2019-03-15,3713,3725,3654,3673,372294,300702,3717.0,3732.5,3719.0,3562.366666666667,32.37728018196003,46.56797099429305,-14.190690812333017,49.56521739130435,69.42857142857143,-31.544351511948637,309595.55,13164565,302095.6,20367.0,7.265236235218575
2019-03-18,3678,3730,3670,3697,324587,263679,3718.0,3723.1,3722.65,3566.15,28.22003152450634,42.89838310033571,-14.678351575829367,45.590994371482175,66.28571428571429,-25.600574554004588,309304.75,13489152,301220.75,-37023.0,-12.312189476624702
2019-03-19,3698,3734,3681,3699,231349,266694,3702.6,3715.3,3725.7,3570.4,24.800876234198313,39.27888172710823,-14.478005492909915,46.666666666666664,66.21428571428571,-24.0550404100485,302895.6,13720501,301089.25,3015.0,1.14343576849123
2019-03-20,3711,3741,3676,3688,302642,254591,3694.0,3713.3,3727.25,3574.55,20.961926918610516,35.61549076540869,-14.653563846798171,40.85365853658537,66.42857142857143,-35.69559403303578,300465.55,13417859,299776.05,-12103.0,-4.53815983861654
2019-03-21,3689,3733,3689,3692,220709,253596,3689.8,3707.3,3728.3,3578.866666666667,18.034409056897857,32.099274423706525,-14.064865366808668,35.18930957683742,65.57142857142857,-36.232902999522814,294285.65,13638568,297969.05,-995.0,-0.39082292775470817
2019-03-22,3685,3719,3670,3712,226867,243084,3697.6,3707.3,3728.6,3583.266666666667,17.130690970861906,29.1055577331376,-11.974866762275695,40.91954022988506,64.57142857142857,-43.392128236934795,292201.95,13865435,295769.05,-10512.0,-4.145175791416267
2019-03-25,3702,3715,3654,3659,253752,250504,3690.0,3704.0,3727.65,3586.6,11.999507957918013,25.684347778093684,-13.684839820175672,37.552742616033754,65.35714285714286,-73.2738932046164,290921.2,13611683,293757.65,7420.0,3.0524427769824447
2019-03-26,3668,3678,3641,3662,179059,243549,3682.6,3692.6,3723.55,3589.85,8.081920036575411,22.163862229790034,-14.081942193214623,44.36274509803921,60.57142857142857,-83.12598757069159,280153.1,13790742,290073.55,-6955.0,-2.7764027720116213
2019-03-27,3664,3682,3651,3675,169880,234548,3680.0,3687.0,3720.6,3594.016666666667,5.957520154764552,18.92259381478494,-12.965073660020387,39.78779840848806,58.142857142857146,-64.56978382945564,275624.4,13960622,285241.0,-9001.0,-3.6957655338350826
2019-03-28,3673,3714,3655,3675,282061,223769,3676.6,3683.2,3715.45,3599.016666666667,4.225212325371558,15.983117516902263,-11.757905191530705,44.510385756676556,57.714285714285715,-45.40351285282519,274544.9,13960622,279122.4,-10779.0,-4.595647799171177
2019-03-29,3670,3750,3661,3741,253775,207209,3682.4,3690.0,3711.25,3605.233333333333,8.084797788663309,14.403453571254472,-6.318655782591163,56.39686684073107,60.0,3.4043214477219372,274244.45,14214397,272119.9,-16560.0,-7.40048889703221
2019-04-01,3749,3785,3728,3778,177418,196087,3706.2,3698.1,3710.6,3612.616666666667,13.968122037240846,14.316387264451746,-0.34826522721090036,50.297619047619044,57.785714285714285,77.10260239571542,266524.6,14391815,265567.05,-11122.0,-5.367527472262301
2019-04-02,3770,3788,3747,3771,159615,194485,3728.0,3705.3,3710.3,3619.7166666666667,17.85997867601509,15.025105546764415,2.834873129250674,56.711409395973156,56.0,87.03835079830235,259848.05,14232200,259072.3,-1602.0,-0.816984297786183
2019-04-03,3770,3830,3758,3825,169837,179175,3758.0,3719.0,3716.15,3628.5666666666666,25.013313892422048,17.022747215895944,7.990566676526104,66.76646706586826,56.42857142857143,117.33071147754544,251092.5,14402037,252128.85,-15310.0,-7.872072396328766
2019-04-04,3820,3849,3806,3846,113581,173092,3792.2,3734.4,3720.85,3636.8333333333335,32.00794047060526,20.019785866837807,11.988154603767455,77.46031746031746,54.42857142857143,123.92660910631221,242547.7,14515618,245382.25,-6083.0,-3.3950048834937907
2019-04-08,3860,3962,3855,3944,160297,160744,3832.8,3757.6,3732.45,3646.516666666667,44.940961972365585,25.004021087943364,19.93694088442222,81.74807197943446,58.42857142857143,148.5148590941538,236371.15,14675915,238623.1,-12348.0,-7.133778568622462
2019-04-09,3670,3720,3655,3681,213680,193853,3813.4,3759.8,3731.9,3651.016666666667,33.581466431325225,26.719510156619737,6.861956274705488,48.61538461538462,75.28571428571429,-35.018275107086865,233905.95,14462235,234214.7,33109.0,20.597347334892756
2019-04-10,3670,3698,3648,3690,195110,213885,3797.2,3762.6,3727.6,3655.8,25.016830706220844,26.37897426653996,-1.3621435603191152,50.15432098765432,74.21428571428571,-36.91793633087846,228116.2,14657345,230409.3,20032.0,10.333603297343874
2019-04-11,3690,3707,3656,3703,188295,216090,3772.8,3765.4,3726.2,3660.5,19.05859097052644,24.91489760733726,-5.856306636810821,50.83713850837138,74.64285714285714,-26.720617052506196,224500.5,14845640,227483.55,2205.0,1.0309278350515427
2019-04-12,3705,3739,3645,3693,261648,219230,3742.2,3767.2,3725.2,3665.0333333333333,13.375541707854609,22.607026427440733,-9.231484719586124,48.53168469860896,77.85714285714286,-22.427246792839703,222822.8,14583992,224428.3,3140.0,1.4530982461011588
2019-04-15,3714,3763,3705,3752,281966,234244,3703.8,3768.3,3729.15,3670.266666666667,13.477135115072997,20.781048164967185,-7.303913049894188,57.12098009188362,78.5,11.909152457159882,218306.4,14865958,221105.4,15014.0,6.848515257948273
2019-04-16,3760,3760,3688,3695,231334,229182,3706.6,3760.0,3729.05,3674.2,8.856136957024773,18.396065923378703,-9.53992896635393,52.33380480905233,81.0,-8.451777586675806,213643.75,14634624,219380.55,-5062.0,-2.16099451853623
2019-04-17,3694,3722,3674,3719,231920,225431,3712.4,3754.8,3730.05,3679.25,7.04930208155065,16.126713155013093,-9.077411073462443,53.06406685236769,82.21428571428571,-15.669932559764412,213672.3,14866544,217317.4,-3751.0,-1.6366904905271817
2019-04-18,3715,3715,3637,3646,222072,232448,3701.0,3736.9,3727.95,3682.766666666667,-0.27000503834051415,12.847369516342372,-13.117374554682886,48.16687737041719,83.85714285714286,-43.61344778606221,209643.8,14644472,216210.25,7017.0,3.1127041090178276
2019-04-19,3659,3694,3633,3686,200831,231996,3699.6,3720.9,3727.65,3686.5666666666666,-2.810544747219865,9.715786663629926,-12.52633141084979,46.40522875816993,81.85714285714286,-38.00972029060089,208649.9,14845303,215130.25,-452.0,-0.19445209251101048
2019-04-22,3692,3756,3690,3708,272548,229843,3690.8,3697.3,3727.45,3689.733333333333,-3.0139813311311627,7.169833064677708,-10.18381439580887,45.33333333333333,82.78571428571429,-3.5364565502655125,210933.95,15117851,214468.2,-2153.0,-0.9280332419524528
2019-04-23,3710,3730,3691,3692,149397,233551,3690.2,3698.4,3729.1,3692.6833333333334,-4.415374878854891,4.8527914759711885,-9.268166354826079,44.79578392621871,82.64285714285714,-15.014007158690061,205716.2,14968454,213620.55,3708.0,1.6132751486884533
2019-04-24,3687,3694,3662,3679,173487,238056,3682.2,3697.3,3729.95,3694.9,-6.500052161215535,2.5822227485338436,-9.08227490974938,39.83286908077994,79.78571428571429,-35.84598780359179,205437.6,14794967,213345.9,4505.0,1.9289148836870718
2019-04-25,3677,3718,3644,3648,250540,235584,3682.6,3691.8,3728.6,3696.383333333333,-10.532206132738338,-0.04066302772059238,-10.491543105017746,36.4010989010989,82.0,-42.28744514701037,209470.6,14544427,213397.7,-2472.0,-1.0384111301542487
2019-04-26,3646,3690,3646,3679,214801,240196,3681.2,3690.4,3728.8,3697.866666666667,-11.098341510623868,-2.2521987243012473,-8.84614278632262,29.95461422087746,76.85714285714286,-40.40274633082361,206107.6,14759228,214219.05,4612.0,1.9576881282260317
2019-04-29,3690,3715,3672,3714,186667,244936,3682.4,3686.6,3727.45,3699.633333333333,-8.623395251011061,-3.5264380296432103,-5.096957221367851,53.81062355658199,59.285714285714285,-17.80943274254677,202752.2,14945895,216105.4,4740.0,1.9733883994737633
2019-04-30,3719,3798,3718,3789,363631,270118,3701.8,3696.0,3728.0,3702.983333333333,-0.6031564977415655,-2.941781723262882,2.3386252255213162,59.91983967935872,61.714285714285715,33.68618046698042,212062.85,15309526,219806.95,25182.0,10.281053009765806
2019-05-06,3725,3748,3688,3714,272004,255233,3708.8,3695.5,3725.15,3705.0666666666666,-0.29552606144443416,-2.412530590899192,2.117004529454758,50.98039215686275,65.28571428571429,-3.6144722010787707,217682.3,15037522,222844.35,-14885.0,-5.510554646487831
2019-05-07,3712,3777,3707,3732,284737,272960,3725.6,3704.1,3720.5,3707.5666666666666,1.3847601899151414,-1.6530724347363255,3.037832624651467,53.427065026362044,63.57142857142857,16.54521122307194,223427.3,15322259,227533.6,17727.0,6.945418499958866
2019-05-08,3726,3726,3675,3687,257620,272184,3727.2,3704.2,3712.55,3708.85,-0.904300555485861,-1.5033180588862327,0.5990175034003717,44.14414414414414,62.642857142857146,-13.5586560920598,230629.25,15064639,232488.2,-776.0,-0.28429073856975906
2019-05-09,3667,3687,3633,3669,305953,261027,3718.2,3700.3,3698.8,3709.2,-4.123316232874458,-2.027317693683878,-2.0959985391905804,47.48062015503876,61.357142857142854,-62.9353612176513,237912.05,14758686,237502.35,-11157.0,-4.099065338153607
2019-05-10,3660,3690,3654,3682,231675,258739,3696.8,3699.3,3698.85,3708.75,-5.561310666921145,-2.7341162883313315,-2.8271943785898133,46.33663366336634,60.5,-39.60991337364435,238811.8,14990361,240746.65,-2288.0,-0.87653767617909
2019-05-13,3682,3693,3611,3611,278578,270984,3676.2,3692.5,3694.9,3707.7,-12.288385386850223,-4.6449701080351105,-7.643415278815112,46.52087475149105,60.5,-92.31316687492212,242985.2,14711783,243601.6,12245.0,4.732568341069565
2019-05-14,3605,3629,3580,3595,278470,273714,3648.8,3687.2,3689.5,3707.483333333333,-18.69520021999233,-7.455016130426555,-11.240184089565775,40.50104384133611,59.642857142857146,-119.72125802377572,247493.95,14433313,246482.8,2730.0,1.0074395536267877
2019-05-15,3591,3645,3580,3637,193097,267570,3638.8,3683.0,3686.7,3708.0,-20.15130642578788,-9.994274189498821,-10.157032236289059,42.88577154308618,59.285714285714285,-82.30418378677952,244066.4,14626410,248899.8,-6144.0,-2.244678752274276
2019-05-16,3637,3663,3617,3652,263710,279651,3635.4,3676.8,3681.7,3709.95,-19.86590466194366,-11.96860028398779,-7.897304377955869,45.98393574297189,59.785714285714285,-48.824304527127424,243153.6,14890120,251170.15,12081.0,4.51508016593789
2019-05-17,3654,3705,3654,3682,288801,264405,3635.4,3666.1,3681.05,3710.9166666666665,-17.02274482232815,-12.979429191655864,-4.043315630672286,50.29126213592233,61.285714285714285,-1.3138230507233302,246026.95,15178921,252931.3,-15246.0,-5.451795273394334
2019-05-20,3680,3695,3612,3646,365346,300648,3642.4,3659.3,3677.4,3711.05,-17.473001417246905,-13.878143636774073,-3.5948577804728323,49.80769230769231,61.92857142857143,-35.0469021406094,252698.25,14813575,256692.15,36243.0,13.70738072275486
2019-05-21,3642,3775,3637,3765,480807,308757,3676.4,3662.6,3683.35,3712.85,-8.133766539564476,-12.729268217332155,4.595501677767679,57.07236842105264,68.64285714285714,54.07594561444034,265635.0,15294382,260507.6,8109.0,2.697174103935507
2019-05-22,3764,3809,3722,3757,382124,309253,3700.4,3669.6,3686.9,3714.2833333333333,-1.3621863187076997,-10.455851837607266,9.093665518899567,53.700516351118765,71.78571428571429,86.02081404979299,274699.65,14912258,264370.45,496.0,0.16064413114520448
2019-05-23,3757,3759,3715,3725,267284,312252,3715.0,3675.2,3687.75,3714.6,1.4059997383023983,-8.083481522425334,9.489481260727732,44.05204460966542,68.92857142857143,51.0015080122793,274436.45,14644974,268490.9,2999.0,0.9697561543461131
2019-05-24,3710,3735,3648,3726,389463,314337,3723.8,3679.6,3689.45,3715.4,3.6385557688563495,-5.739074064168998,9.377629833025347,51.293103448275865,67.92857142857143,17.835874167608004,286439.75,15034437,272530.2,2085.0,0.6677299104569379
2019-05-27,3735,3759,3665,3666,465490,316227,3727.8,3685.1,3688.8,3714.1,0.5599195447161947,-4.479275342391959,5.039194887108153,43.47826086956522,69.64285714285714,9.795287549663968,301039.9,14568947,276438.75,1890.0,0.6012655207627393
2019-05-28,3662,3695,3641,3669,288937,327914,3708.6,3692.5,3689.85,3713.016666666667,-1.6191819932250837,-3.907256672558584,2.2880746793335005,48.0603448275862,69.42857142857143,-21.513869463978185,302959.75,14857884,281055.25,11687.0,3.6957628538992537
2019-05-29,3665,3686,3640,3670,297904,327268,3691.2,3695.8,3689.4,3711.2166666666667,-3.2282309817169335,-3.771451534390254,0.5432205526733207,50.11185682326622,68.85714285714286,-24.410862152951623,307114.9,15155788,285408.85,-646.0,-0.19700287270443262
2019-05-30,3660,3689,3630,3640,343572,340132,3674.2,3694.6,3685.7,3708.133333333333,-6.845255334732883,-4.3862122944587805,-2.4590430402741026,45.474137931034484,70.5,-35.014074621160404,314960.15,14812216,290168.65,12864.0,3.9307234437830685
2019-05-31,3637,3657,3617,3625,240225,347453,3654.0,3688.9,3677.5,3705.366666666667,-10.797678912341325,-5.66850561803529,-5.129173294306035,51.71568627450981,67.5,-52.999365982292126,308789.85,14571991,294035.4,7321.0,2.1523996566038983
2019-06-03,3616,3651,3569,3577,398811,357165,3636.2,3682.0,3670.65,3702.0333333333333,-17.60031642856029,-8.05486778014029,-9.54544864842,47.95454545454545,69.85714285714286,-81.20476993796493,315130.2,14173180,299132.0,9712.0,2.795198199468696
2019-06-04,3582,3618,3557,3609,271095,356394,3624.2,3666.4,3664.5,3700.383333333333,-20.176738226982252,-10.479241869508684,-9.697496357473568,46.74418604651163,69.57142857142857,-77.41909993515621,314448.1,14444275,303303.7,-771.0,-0.21586661626978865
2019-06-05,3610,3622,3578,3607,245253,358265,3611.6,3651.4,3660.5,3697.9666666666667,-22.124912134839633,-12.808375922574875,-9.316536212264758,44.60431654676259,69.42857142857143,-61.883954377304335,313829.75,14199022,307607.75,1871.0,0.5249807796988692
2019-06-06,3600,3611,3535,3597,469696,357694,3603.0,3638.6,3656.9,3696.05,-24.196844260542093,-15.086069590168318,-9.110774670373775,39.29471032745592,71.07142857142857,-75.04235863744582,322016.9,13729326,312441.1,-571.0,-0.15937923045790114
2019-06-10,3570,3597,3529,3576,250808,373506,3593.2,3623.6,3651.6,3694.116666666667,-27.21961906830802,-17.51277948579626,-9.706839582511762,40.83769633507853,70.0,-77.78790292040766,322973.55,13478518,318179.45,15812.0,4.420538225410553
2019-06-11,3568,3668,3560,3655,392407,367008,3608.8,3622.5,3653.8,3692.1,-22.975700538002002,-18.605363696237408,-4.370336841764594,33.91812865497076,67.85714285714286,-21.14776523392017,328665.0,13870925,322980.65,-6498.0,-1.7397310886572148
2019-06-12,3660,3679,3615,3620,259643,364409,3611.0,3617.6,3655.05,3690.25,-22.180884589323796,-19.320467874854685,-2.8604167144691104,31.436314363143637,66.21428571428571,-13.563457604813282,327723.65,13611282,327515.4,-2599.0,-0.7081589502136221
2019-06-13,3619,3649,3602,3637,263223,359851,3617.0,3614.3,3655.05,3688.983333333333,-19.949266571534736,-19.446227614190697,-0.5030389573440388,37.570621468926554,66.42857142857143,-22.275167281795806,331229.95,13874505,332129.45,-4558.0,-1.250792378892951
2019-06-14,3650,3664,3623,3628,263299,356878,3623.2,3613.1,3653.85,3688.233333333333,-18.691454545386023,-19.295273000429763,0.60381845504374,36.46408839779006,63.142857142857146,-13.434068998293707,331209.4,13611206,335990.8,-2973.0,-0.8261752781012155
2019-06-17,3627,3634,3570,3585,229401,365181,3625.0,3609.1,3649.0,3686.366666666667,-20.923180683926603,-19.620854537129134,-1.3023261467974692,38.26086956521739,61.0,-48.40064323007809,328239.4,13381805,341029.6,8303.0,2.3265653808864695
2019-06-18,3580,3604,3558,3601,202593,365589,3614.2,3611.5,3646.75,3684.733333333333,-21.156889986954866,-19.92806162709428,-1.2288283598605858,40.502793296089386,60.42857142857143,-51.90608052165646,320101.75,13584398,344276.65,408.0,0.11172541835418048
2019-06-19,3606,3669,3588,3653,361117,357397,3620.8,3615.9,3641.15,3684.15,-16.950743258707007,-19.332597953416826,2.381854694709819,47.92176039119804,62.92857142857143,-3.846170482454867,314117.25,13945515,346708.65,-8192.0,-2.240767637975982
2019-06-20,3630,3720,3621,3711,360900,362428,3635.6,3626.3,3638.85,3684.4666666666667,-8.83537766525069,-17.2331538957836,8.397776230532912,58.12356979405035,65.78571428571429,52.80413054998717,313056.05,14306415,349367.4,5031.0,1.4076782961244705
2019-06-21,3703,3761,3672,3760,372364,372061,3662.0,3642.6,3640.6,3685.266666666667,1.5323347246676349,-13.480056171693354,15.012390896360989,64.3312101910828,69.28571428571429,105.95410431333569,318310.05,14678779,352357.85,9633.0,2.6579072257110425
2019-06-24,3755,3928,3740,3846,694517,418551,3714.2,3669.6,3646.6,3688.383333333333,16.498122668625,-7.484420403629684,23.982543072254686,76.42436149312377,76.85714285714286,157.08298031779847,333562.75,15373296,357568.55,46490.0,12.495262873561064
2019-06-25,3866,3935,3866,3913,503223,435829,3776.6,3695.4,3658.95,3692.5666666666666,33.3801716541343,0.6884980079231129,32.691673646211186,77.94117647058823,78.85714285714286,148.17162466446132,335449.4,15876519,363548.65,17278.0,4.128051300797275
2019-06-26,3923,3944,3896,3916,377833,446034,3829.2,3725.0,3671.3,3696.5833333333335,46.465763632477774,9.843951132834045,36.62181249964373,78.34862385321101,79.14285714285714,122.07727942846086,339894.2,16254352,369454.65,10205.0,2.341514676627754
2019-06-27,3916,3998,3889,3897,528875,426344,3866.4,3751.0,3682.65,3700.2833333333333,54.6728141724052,18.809723740748275,35.86309043165692,77.07581227436823,81.5,104.63958091420744,351442.75,15725477,374408.45,-19690.0,-4.414461677809312
2019-06-28,3900,3958,3898,3953,325615,426058,3905.0,3783.5,3698.3,3703.8166666666666,64.94702397807578,28.037183788213778,36.909840189861995,82.00339558573853,81.0,92.18682161024444,350544.9,16051092,378704.75,-286.0,-0.06708198074794058
2019-07-01,3969,4049,3947,3983,360917,415818,3932.4,3823.3,3716.2,3707.233333333333,74.6496439229395,37.35967581515892,37.28996810778058,80.37037037037037,80.57142857142857,95.92074662934517,356579.5,16412009,382123.0,-10240.0,-2.403428641170924
2019-07-02,3980,3981,3882,3918,382007,382638,3933.4,3855.0,3733.25,3709.6833333333334,76.21551830797034,45.13084431372121,31.08467399424913,76.14035087719299,83.21428571428571,65.59750013900879,355739.3,16030002,383396.65,-33180.0,-7.979452548951704
2019-07-03,3914,3960,3867,3910,337206,360851,3932.2,3880.7,3748.3,3711.1,75.93561341523946,51.29179813402486,24.6438152812146,74.33155080213903,86.5,54.831915915264844,359044.85,15692796,383619.5,-21787.0,-5.6938934449793255
2019-07-04,3910,3932,3864,3892,331129,351445,3931.2,3898.8,3762.55,3711.866666666667,73.4150541583681,55.71644933889351,17.698604819474582,73.15789473684211,88.42857142857143,44.79616713761251,363338.65,15361667,383278.5,-9406.0,-2.606616027113684
2019-07-05,3887,3929,3835,3858,312229,336009,3912.2,3908.6,3775.6,3710.4333333333334,67.89136751371507,58.15143297385783,9.739934539857238,74.33155080213903,90.57142857142857,33.70922692483167,355465.3,15049438,382194.25,-15436.0,-4.3921523993797
2019-07-08,3860,3884,3846,3871,204856,329270,3889.8,3911.1,3790.35,3713.6,63.82703903128095,59.28655418534246,4.540484845938487,74.19354838709677,90.0,27.624352400535297,353167.7,15254294,379982.45,-6739.0,-2.0056010404483238
2019-07-09,3870,3965,3868,3910,294925,329126,3888.2,3910.8,3803.1,3717.266666666667,63.02647353613975,60.03453805550192,2.991935480637828,73.57798165137615,91.14285714285714,39.92102769123902,348293.6,15549219,378088.35,-144.0,-0.04373310656907714
2019-07-10,3908,3920,3868,3884,205092,325710,3883.0,3907.6,3816.3,3720.2833333333333,59.60692537286832,59.9490155189752,-0.3420901461068837,66.8615984405458,87.78571428571429,27.811974154736344,345566.05,15344127,376153.4,-3416.0,-1.0379003785784158
2019-07-11,3880,3899,3845,3874,258198,319668,3879.4,3905.3,3828.15,3723.3,55.450790197964125,59.04937045477298,-3.5985802568088587,62.0253164556962,85.28571428571429,17.580022823032063,345314.8,15085929,374144.25,-6042.0,-1.8550244082158995
2019-07-12,3880,3881,3828,3837,212995,318303,3875.2,3893.7,3838.6,3724.7166666666667,48.61107414699427,56.96171119321724,-8.350637046222971,48.94117647058824,75.64285714285714,4.468092893455184,342799.6,14872934,372215.5,-1365.0,-0.4270055182251542
2019-07-15,3842,3898,3802,3898,250780,311367,3880.6,3885.2,3854.25,3728.1,47.564446766354195,55.08225830784464,-7.517811541490445,48.21002386634845,76.14285714285714,6.858725604348657,343868.55,15123714,369524.8,-6936.0,-2.1790558053175757
2019-07-16,3895,3919,3883,3898,219153,320781,3878.2,3883.2,3869.1,3731.0833333333335,46.20239458190554,53.306285562656825,-7.103890980751288,47.83653846153846,75.28571428571429,18.904771344982077,344696.55,15123714,367284.4,9414.0,3.0234417905558475
2019-07-17,3896,3934,3874,3921,242021,310917,3885.6,3884.3,3882.5,3735.6666666666665,46.44349449913943,51.93372734995335,-5.490232850813918,52.857142857142854,71.78571428571429,21.087939644204432,338741.75,15365735,364960.4,-9864.0,-3.0749950901082013
2019-07-18,3915,3929,3860,3861,172971,296171,3883.0,3881.2,3890.0,3738.5833333333335,41.31679506678256,49.8103408933192,-8.49354582653664,39.15094339622642,72.35714285714286,-7.077647048642032,329345.3,15192764,361647.55,-14746.0,-4.742744848303571
2019-07-19,3860,3908,3845,3904,193195,285463,3896.4,3885.8,3897.2,3741.85,40.25950297514373,47.900173309684114,-7.640670334540381,40.96109839816934,69.57142857142857,-18.16345061799862,320386.85,15385959,357317.65,-10708.0,-3.6154788956379913
2019-07-22,3910,3915,3848,3863,238702,273831,3889.4,3885.0,3898.05,3744.7,35.701687199926255,45.460476087732545,-9.75878888780629,43.34140435835351,67.14285714285714,-38.46278240329481,297596.1,15147257,350081.65,-11632.0,-4.074783772327761
2019-07-23,3867,3919,3861,3866,222975,285469,3883.0,3880.6,3895.7,3747.8166666666666,31.963208319628393,42.76102253411172,-10.797814214483324,44.6078431372549,64.64285714285714,-26.19461222614981,283583.7,15370232,342563.65,11638.0,4.250066646946471
2019-07-24,3860,3861,3791,3827,272252,281346,3864.2,3874.9,3891.25,3750.8,25.558836452505147,39.3205853177904,-13.761748865285256,42.42424242424243,65.14285714285714,-94.68636264666499,278304.65,15097980,334329.25,-4123.0,-1.4442899228988115
2019-07-25,3821,3875,3815,3866,189511,276939,3865.2,3874.1,3889.7,3753.9166666666665,23.361008505869904,36.1286699554063,-12.767661449536398,50.92165898617512,62.714285714285715,-53.29237710416497,261336.45,15287491,326859.0,-4407.0,-1.566398669254232
2019-07-26,3875,3888,3834,3846,197770,276064,3853.6,3875.0,3884.35,3756.116666666667,19.77739961883799,32.85841588809264,-13.081016269254647,47.1655328798186,63.857142857142854,-43.296289650112726,254944.2,15089721,319359.3,-875.0,-0.3159540548640649
2019-07-29,3844,3854,3795,3797,197882,291748,3840.4,3864.9,3875.05,3756.25,12.83551345812839,28.85383540209979,-16.0183219439714,37.472283813747225,61.142857142857146,-107.80304410488019,246792.45,14891839,313155.8,15684.0,5.681291294772217
2019-07-30,3794,3819,3777,3785,231665,298652,3824.2,3853.6,3868.4,3757.4333333333334,6.293175144659472,24.341703350611727,-18.048528205952255,38.672768878718536,60.42857142857143,-120.30408199305036,239275.35,14660174,308956.5,6904.0,2.3664258195428944
2019-07-31,3771,3840,3765,3806,242139,282097,3820.0,3842.1,3863.2,3758.6666666666665,2.7709080882978014,20.027544298148943,-17.25663620985114,42.410714285714285,61.92857142857143,-91.2386126866325,234522.0,14902313,305018.8,-16555.0,-5.543240962725848
2019-08-01,3800,3822,3781,3781,171830,274964,3803.0,3834.1,3857.65,3760.233333333333,-2.0145821477490244,15.61911900896935,-17.633701156718374,43.57798165137614,61.07142857142857,-89.92611327968294,226557.05,14730483,301194.75,-7133.0,-2.528562870218398
2019-08-02,3783,3785,3677,3746,267466,267173,3783.0,3818.3,3852.05,3761.516666666667,-8.532962450660307,10.788702717043419,-19.321665167703728,31.463414634146346,61.92857142857143,-128.4058435092383,224318.9,14463017,297752.95,-7791.0,-2.8334618350038587
2019-08-05,3740,3760,3675,3688,218314,256960,3761.2,3800.8,3842.9,3761.616666666667,-18.169494454928554,4.997063282649025,-23.166557737577577,27.564102564102555,65.42857142857143,-123.06897322949585,224991.8,14244703,294137.45,-10213.0,-3.822616806338963
2019-08-06,3686,3705,3655,3658,191534,255597,3735.8,3780.0,3830.3,3762.4,-27.90558654425604,-1.5834666827319883,-26.32211986152405,22.315789473684205,64.71428571428571,-122.45521355339224,219822.25,14053169,290461.0,-1363.0,-0.5304327521793328
2019-08-07,3654,3685,3633,3657,205228,251575,3706.0,3763.0,3818.95,3763.4333333333334,-35.295338619434915,-8.325841070072574,-26.96949754936234,25.480769230769226,63.5,-109.13631673753778,219829.05,13847941,286754.25,-4022.0,-1.5735708948070637
2019-08-08,3657,3699,3621,3643,174940,246868,3678.4,3740.7,3807.4,3763.5333333333333,-41.7996134519035,-15.02059554643876,-26.779017905464737,16.279069767441854,64.57142857142857,-94.75593962251668,215666.15,13673001,283114.25,-4707.0,-1.8710126204909083
2019-08-09,3650,3663,3548,3598,266663,239752,3648.8,3715.9,3795.45,3762.633333333333,-50.008949990711244,-22.018266435293256,-27.990683555417988,16.112531969309472,68.0,-103.85143393846485,218349.55,13406338,279186.7,-7116.0,-2.8825121117358243
2019-08-12,3598,3688,3581,3686,276186,218776,3648.4,3704.8,3784.85,3762.7,-48.85092078332946,-27.3847973049005,-21.46612347842896,31.09243697478992,71.5,-69.36964827419159,219619.85,13682524,274557.15,-20976.0,-8.749040675364538
2019-08-13,3690,3710,3649,3660,175799,210748,3648.8,3692.3,3772.95,3762.9333333333334,-49.46100136691075,-31.800038117302552,-17.660963249608198,31.96544276457884,70.5,-53.01763790102629,217452.15,13506725,269055.5,-8028.0,-3.6695067100596
2019-08-14,3663,3732,3659,3695,159872,208316,3656.4,3681.2,3761.65,3761.766666666667,-46.58330380285679,-34.756691254413404,-11.826612548443386,31.372549019607845,71.42857142857143,-37.527429843865406,213344.7,13666597,263925.45,-2432.0,-1.1539848539487974
2019-08-15,3697,3733,3691,3722,190387,208293,3672.2,3675.3,3754.7,3761.1833333333334,-41.64398743440552,-36.13415049041183,-5.50983694399369,36.69527896995708,70.57142857142857,-23.336288171312805,214215.5,13856984,259531.55,-23.0,-0.01104091860443246
2019-08-16,3716,3747,3700,3730,126259,201825,3698.6,3673.7,3746.0,3761.266666666667,-36.66140067924471,-36.23960052817841,-0.4218001510663001,42.11764705882353,69.71428571428571,-13.982771792666401,210868.7,13983243,255349.65,-6468.0,-3.10524117469142
2019-08-19,3730,3745,3708,3745,155528,183889,3710.4,3679.4,3740.1,3761.5833333333335,-31.143289680992893,-35.22033835874131,4.077048677748415,45.32710280373831,69.35714285714286,-6.099475072057414,206710.0,14138771,250852.55,-17936.0,-8.886906973863496
2019-08-20,3750,3769,3696,3709,160148,183332,3720.2,3684.5,3732.25,3762.3,-29.336868931012305,-34.04364447319551,4.706775542183209,39.051918735891654,69.21428571428571,-6.771014855455408,203568.65,13978623,245745.7,-557.0,-0.3029001190935854
2019-08-21,3705,3720,3660,3720,169799,174602,3725.2,3690.8,3726.9,3763.15,-26.7097658484804,-32.576868748252494,5.867102899772092,42.89044289044289,70.57142857142857,-20.08262870109051,198446.0,14148422,240408.5,-8730.0,-4.761852813475009
2019-08-22,3715,3727,3684,3714,131878,169246,3723.6,3697.9,3719.3,3763.883333333333,-24.82574188525996,-31.02664337565399,6.200901490394031,46.0,65.92857142857143,-9.945259393533727,195564.35,14016544,235023.85,-5356.0,-3.0675479089586566
2019-08-23,3712,3737,3709,3724,109119,159139,3722.4,3710.5,3713.2,3765.2833333333333,-22.269019499429305,-29.275118600409055,7.00609910097975,55.11363636363636,61.857142857142854,7.942250158244758,191131.8,14125663,229177.6,-10107.0,-5.971780721553244
2019-08-26,3715,3731,3645,3660,152625,150349,3705.4,3707.9,3706.35,3765.866666666667,-25.117524530480296,-28.443599786423306,3.3260752559430102,50.25906735751296,64.42857142857143,-28.41150982127775,188868.95,13973038,222107.65,-8790.0,-5.523473190104244
2019-08-27,3657,3657,3560,3561,161599,140962,3675.8,3698.0,3695.15,3765.6,-34.960455543064654,-29.746970937751577,-5.213484605313077,40.082644628099175,67.85714285714286,-99.16492143978512,185365.65,13811439,214223.15,-9387.0,-6.243473518280796
2019-08-28,3566,3596,3515,3588,129754,133425,3649.4,3687.3,3684.25,3765.25,-40.119897726222916,-31.821556295445845,-8.298341430777072,44.46680080482897,68.07142857142857,-109.63118317175295,179746.4,13941193,206789.55,-7537.0,-5.346831060853274
2019-08-29,3598,3620,3558,3563,76385,126125,3619.2,3671.4,3673.35,3764.516666666667,-45.699290915577876,-34.59710321947225,-11.102187696105624,46.331236897274636,64.28571428571429,-89.39690254939894,174974.15,13864808,199347.6,-7300.0,-5.471238523515087
2019-08-30,3359,3410,3357,3407,153799,221378,3555.8,3639.1,3656.4,3761.35,-61.994265170308154,-40.076535609639436,-21.917729560668718,24.403669724770637,71.35714285714286,-164.85418945982786,169290.8,13711009,197057.85,95253.0,75.52269573835481
2019-09-02,3403,3464,3367,3460,184841,227694,3515.8,3610.6,3645.0,3759.4166666666665,-69.82657531096174,-46.026543549903906,-23.800031761057838,32.51748251748252,73.92857142857143,-113.06936053988474,167617.15,13895850,195594.55,6316.0,2.853038693998511
2019-09-03,3450,3469,3425,3454,123735,226642,3494.4,3585.1,3634.8,3756.0666666666666,-75.64588866548047,-51.95041257301922,-23.69547609246125,27.80847145488029,71.85714285714286,-88.49834892585041,164227.2,13772115,194146.8,-1052.0,-0.462023593067884
2019-09-04,3450,3481,3426,3465,140898,228371,3469.8,3559.6,3625.2,3753.483333333333,-78.46562546841687,-57.25345515209876,-21.212170316318115,25.616698292220107,72.78571428571429,-74.80431346599381,161010.7,13913013,192986.6,1729.0,0.7628771366295695
2019-09-05,3465,3497,3442,3442,227931,248678,3445.6,3532.4,3615.15,3750.233333333333,-81.6153836420176,-62.12584085008253,-19.489542791935072,23.43173431734317,73.35714285714286,-65.81081556358711,163660.25,13685082,193077.1,20307.0,8.892109768753475
2019-09-06,3441,3453,3390,3394,179887,256464,3443.0,3499.4,3604.95,3746.3333333333335,-86.98211288182438,-67.0970952564309,-19.885017625393473,19.47826086956522,75.21428571428571,-76.83222219052931,159321.45,13505195,193912.7,7786.0,3.1309564979612237
2019-09-09,3423,3537,3420,3528,432318,252471,3456.6,3486.2,3597.05,3745.383333333333,-79.50610743857487,-69.5788976928597,-9.927209745715174,36.55274888558693,80.21428571428571,-39.89629244493935,167128.05,13937513,195597.45,-3993.0,-1.5569436646079016
2019-09-10,3533,3552,3505,3522,225985,261094,3470.2,3482.3,3590.15,3744.0666666666666,-73.22141818886575,-70.30740179206092,-2.91401639680484,35.17964071856288,79.28571428571429,-24.656816907400493,169637.35,13711528,198114.75,8623.0,3.41544177351063
2019-09-11,3522,3537,3500,3515,153031,263472,3480.2,3475.0,3581.15,3741.766666666667,-68.02148879734023,-69.85021919311677,1.828730395776546,35.12705530642751,78.85714285714286,-25.03324379646704,169295.3,13558497,200872.55,2378.0,0.9107830896152302
2019-09-12,3520,3568,3494,3568,220640,252411,3505.4,3475.5,3573.45,3739.383333333333,-58.94437615386778,-67.66905058526697,8.724674431399194,39.04494382022472,82.14285714285714,-11.446357456946785,170807.95,13779137,203078.45,-11061.0,-4.198169065403534
2019-09-16,3581,3581,3540,3564,145442,254981,3539.4,3491.2,3565.15,3736.116666666667,-51.48003575053326,-64.43124761832024,12.95121186778698,42.638036809815944,78.92857142857143,-0.4012333619745003,171767.1,13633695,205736.25,2570.0,1.0181806656603731
2019-09-17,3560,3570,3516,3529,154582,249811,3539.6,3498.1,3554.35,3730.8333333333335,-47.83726152284362,-61.11245039922492,13.2751888763813,47.27891156462586,75.64285714285714,-6.788677447963332,171719.8,13479113,209032.35,-5170.0,-2.027602056623823
2019-09-18,3532,3551,3508,3510,174346,252072,3537.2,3503.7,3544.4,3724.116666666667,-45.9537516689802,-58.08071065317598,12.126958984195774,43.275862068965516,72.92857142857143,-9.96960435353662,172429.7,13304767,212469.35,2261.0,0.9050842436882256
2019-09-19,3500,3506,3414,3428,274403,245958,3519.8,3500.0,3529.8,3715.983333333333,-50.49568837414199,-56.563706197369186,6.068017823227194,39.40345368916797,75.35714285714286,-43.036796244729544,177659.9,13030364,216037.15,-6114.0,-2.4254974769113535
2019-09-20,3411,3431,3384,3400,209187,256279,3486.2,3495.8,3514.1,3707.7,-55.71235458617275,-56.393435875129896,0.6810812889571451,49.312377210216106,64.0,-62.51497755525041,181525.35,12821177,220388.8,10321.0,4.196244887338496
2019-09-23,3400,3516,3395,3509,270480,253057,3475.2,3507.3,3503.35,3700.3,-50.46943091085632,-55.20863488227518,4.73920397141886,54.33628318584071,65.71428571428571,-19.908079744608088,189593.4,13091657,225084.7,-3222.0,-1.2572235727468906
2019-09-24,3510,3547,3494,3501,260461,259507,3469.6,3504.6,3495.4,3692.266666666667,-46.424753605000205,-53.45185862682019,7.027105021819985,54.144620811287474,66.35714285714286,16.151320462293093,194985.2,12831196,230542.6,6450.0,2.548832871645512
2019-09-25,3510,3534,3505,3511,179485,268437,3469.8,3503.5,3492.9,3685.483333333333,-41.92906906502685,-51.14730071446152,9.21823164943467,54.06360424028269,64.78571428571429,23.074466177313795,195879.5,13010681,236916.35,8930.0,3.4411403160608423
2019-09-26,3512,3528,3448,3460,277549,268147,3476.2,3498.0,3486.5,3677.983333333333,-41.99736101729832,-49.31731277502889,7.319951757730571,51.515151515151516,66.57142857142857,-6.9785008460561375,203269.25,12733132,243652.45,-290.0,-0.10803279726714354
2019-09-27,3468,3476,3433,3443,156429,257310,3484.8,3485.5,3480.5,3670.5,-42.92838905947929,-48.03952803191897,5.111138972439683,54.35168738898757,65.14285714285714,-29.353294859817936,207271.45,12576703,250211.7,-10837.0,-4.041439956441806
2019-09-30,3445,3527,3441,3463,225508,245692,3475.6,3475.4,3483.3,3663.9166666666665,-41.5731729778895,-46.74625702111308,5.173084043223582,42.761692650334076,61.07142857142857,-7.76334119018684,210856.9,12802211,251427.4,-11618.0,-4.5151762465508565
2019-10-08,3455,3462,3410,3416,132531,243503,3458.6,3464.1,3481.1,3656.3333333333335,-43.78691339284978,-46.15438829546042,2.3674749026106383,39.183673469387756,61.5,-60.73936295734131,208241.4,12669680,252217.85,-2189.0,-0.8909529003793382
2019-10-09,3421,3441,3377,3428,254314,255847,3442.0,3455.9,3479.8,3648.3,-44.06506427758768,-45.736523491885876,1.6714592142981957,41.21212121212122,63.42857142857143,-71.2898622364668,214770.35,12923994,253678.1,12344.0,5.06934206149412
2019-10-10,3445,3445,3380,3399,229157,262754,3429.8,3453.0,3476.5,3640.2166666666667,-46.09421309864865,-45.808061413238434,-0.28615168541021774,32.05944798301486,62.785714285714285,-72.45771556611577,219183.3,12694837,255397.25,6907.0,2.699660343877386
2019-10-11,3401,3403,3345,3372,274324,294155,3415.6,3450.2,3473.0,3631.85,-49.31255803710201,-46.50896073801115,-2.8035972990908604,30.566801619433193,64.0,-93.0548471749979,221502.95,12420513,257671.1,31401.0,11.950721968076605
2019-10-14,3375,3402,3343,3344,252395,301306,3391.8,3433.7,3470.5,3623.633333333333,-53.50570511951264,-47.90830961431145,-5.597395505201192,31.00616016427105,64.35714285714286,-93.48855643056544,225128.35,12168118,259913.2,7151.0,2.431031259030103
2019-10-15,3341,3347,3294,3331,252508,313457,3374.8,3416.7,3460.65,3614.1833333333334,-57.21821972687712,-49.77029163682459,-7.447928090052535,31.392931392931388,65.07142857142857,-104.38405470338397,216137.85,11915610,262962.5,12151.0,4.0327773094462005
2019-10-16,3341,3342,3276,3287,224958,331570,3346.6,3394.3,3448.9,3604.0,-62.984797043451636,-52.41319271815,-10.571604325301635,34.08577878103837,62.92857142857143,-101.39162118622274,216086.5,11690652,266486.3,18113.0,5.778464031749175
2019-10-17,3297,3320,3277,3312,180073,326951,3329.2,3379.5,3438.75,3593.85,-64.79069326534454,-54.88869282758891,-9.902000437755632,39.99999999999999,62.642857142857146,-86.94719553760632,217438.6,11870725,269660.25,-4619.0,-1.3930693367916303
2019-10-18,3315,3318,3254,3300,209043,327165,3314.8,3365.2,3425.35,3584.5,-66.42447870112528,-57.19585000229618,-9.228628698829098,19.533527696793,58.57142857142857,-83.52049351827918,216858.75,11661682,273397.95,214.0,0.06545323305326978
2019-10-21,3300,3311,3280,3285,150056,327475,3303.0,3347.4,3411.4,3574.1833333333334,-68.14411710578452,-59.38550342299385,-8.758613682790667,19.14285714285714,57.0,-75.20926707104515,217089.45,11511626,277022.65,310.0,0.09475341188696085
2019-10-22,3290,3318,3280,3313,163010,331867,3299.4,3337.1,3400.6,3565.016666666667,-66.48122278344272,-60.804647295083626,-5.6765754883590915,23.097826086956516,57.357142857142854,-62.251785342091544,217510.85,11674636,281125.45,4392.0,1.3411710817619715
2019-10-23,3318,3340,3297,3315,178767,327332,3305.0,3325.8,3390.85,3555.8333333333335,-64.26122041940334,-61.495961919947575,-2.7652584994557685,27.272727272727266,54.714285714285715,-49.18716409229455,217731.9,11853403,284888.45,-4535.0,-1.3665112831345083
2019-10-24,3320,3363,3310,3356,271514,336099,3313.8,3321.5,3387.25,3547.983333333333,-58.518925457043224,-60.90055462736671,2.3816291703234853,37.31778425655977,55.42857142857143,-29.50894858528035,217587.45,12124917,289395.5,8767.0,2.6783204819571527
2019-10-25,3353,3366,3321,3360,180796,326512,3325.8,3320.3,3385.25,3539.55,-53.034005751979294,-59.32724485228923,6.29323910030994,34.25076452599389,52.5,-23.740039549942907,216167.9,12305713,292907.15,-9587.0,-2.8524333604086904
2019-10-28,3361,3378,3333,3341,166443,319253,3337.0,3320.0,3376.85,3531.133333333333,-49.647997370496796,-57.391395355930754,7.743397985433958,37.45819397993311,51.92857142857143,-19.357866866076353,210966.05,12139270,296216.95,-7259.0,-2.2231954721419145
2019-10-29,3336,3364,3324,3359,161161,322304,3346.2,3322.8,3369.75,3523.8333333333335,-44.99345522123804,-54.91180732899221,9.918352107754174,38.68852459016393,50.214285714285715,-16.463382685453286,206001.05,12300431,299356.8,3051.0,0.9556683883941597
2019-10-30,3355,3368,3328,3365,184940,318587,3356.2,3330.6,3362.45,3516.8333333333335,-40.355355757047164,-52.000517014603204,11.64516125755604,43.97163120567376,48.42857142857143,-8.276273646493724,206273.8,12485371,301864.3,-3717.0,-1.153259034948373
2019-10-31,3370,3389,3344,3351,228015,317190,3355.2,3334.5,3357.0,3509.25,-37.378436168213284,-49.07610084532523,11.697664677111945,46.09665427509294,47.5,3.292997432725343,203797.1,12257356,304316.45,-1397.0,-0.4384987460254175
2019-11-01,3350,3358,3321,3358,187013,324406,3354.8,3340.3,3352.75,3502.2,-34.06172211806506,-46.0732250998732,12.011502981808135,52.82258064516129,45.92857142857143,-6.964726297726324,205326.3,12444369,307671.25,7216.0,2.2749771430373045
2019-11-04,3357,3364,3331,3347,162436,330403,3356.0,3346.5,3346.95,3495.55,-31.952482083127506,-43.24907649652406,11.296594413396555,53.25203252032521,44.5,1.61843659256235,202172.7,12281933,311906.8,5997.0,1.8486094585180357
2019-11-05,3347,3388,3333,3385,205516,323386,3361.2,3353.7,3345.4,3490.5,-26.90447371292703,-39.98015593980465,13.075682226877625,70.41666666666667,43.714285714285715,36.65651346146173,205821.95,12487449,315900.95,-7017.0,-2.1237700626205003
2019-11-06,3391,3412,3385,3393,199973,326224,3366.8,3361.5,3343.65,3486.0833333333335,-22.00470107287947,-36.38506496641962,14.38036389354015,68.16143497757848,42.57142857142857,82.30940790775385,203104.9,12687422,319419.8,2838.0,0.87758901127446
2019-11-07,3398,3402,3358,3364,152641,332666,3369.4,3362.3,3341.9,3481.2,-20.228472354062887,-33.15374644394828,12.925274089885392,63.333333333333336,41.142857142857146,56.346787926232935,199279.1,12534781,322915.4,6442.0,1.974716759036732
2019-11-08,3370,3370,3341,3354,153128,334700,3368.6,3361.7,3341.0,3476.383333333333,-19.40403706320558,-30.40380456779974,10.99976750459416,64.68085106382978,41.0,26.17041405005268,193219.3,12381653,324942.65,2034.0,0.6114240709901297
2019-11-11,3345,3348,3303,3321,206826,337193,3363.4,3359.7,3339.85,3471.766666666667,-21.169461982753546,-28.556936050790505,7.387474068036958,51.66666666666666,41.92857142857143,-23.149156109038593,190940.85,12174827,326737.0,2493.0,0.7448461308634524
2019-11-12,3321,3380,3313,3380,210590,330699,3362.4,3361.8,3342.3,3466.6666666666665,-17.60482951820859,-26.36651474427412,8.76168522606553,60.94276094276094,43.642857142857146,31.334090487373253,188844.95,12385417,327599.1,-6494.0,-1.925900003855363
2019-11-13,3380,3392,3361,3377,122026,331811,3359.2,3363.0,3346.8,3461.95,-14.850717706748128,-24.06335533676892,9.212637630020794,54.054054054054056,42.07142857142857,57.77102102038846,183698.35,12263391,327611.15,1112.0,0.33625744256862156
2019-11-14,3382,3476,3368,3467,317652,329534,3379.8,3374.6,3354.55,3458.15,-5.344211669771994,-20.31952660336954,14.975314933597545,65.5072463768116,46.57142857142857,126.89607990196635,190577.3,12581043,327740.3,-2277.0,-0.6862340308187442
2019-11-15,3471,3495,3463,3484,199676,313935,3405.8,3387.2,3363.75,3454.1833333333334,3.5209336488819645,-15.55143455291924,19.072368201801204,70.84548104956268,45.642857142857146,142.8383045133182,190108.95,12780719,327078.8,-15599.0,-4.733654190462899
2019-11-18,3489,3492,3446,3471,212406,303152,3435.8,3399.6,3373.05,3449.866666666667,9.389398686017103,-10.563267905131973,19.952666591149075,66.5680473372781,46.07142857142857,110.06653900680988,193226.45,12568313,325862.65,-10783.0,-3.434787456002042
2019-11-19,3463,3508,3463,3501,229792,304322,3460.0,3411.2,3382.45,3445.8,16.27335962752113,-5.1959423986013515,21.469302026122485,68.78453038674033,46.42857142857143,110.81724076565864,196565.55,12798105,324485.4,1170.0,0.38594500448618785
2019-11-20,3503,3567,3502,3529,239804,302624,3490.4,3424.8,3393.15,3442.8,23.71494316143435,0.5862347134057879,23.12870844802856,73.67021276595744,47.92857142857143,120.9499256783081,199617.4,13037909,323250.0,-1698.0,-0.5579616327442638
2019-11-21,3540,3548,3485,3496,232818,295674,3496.2,3438.0,3400.15,3439.0666666666666,26.642509255965706,5.797489621917772,20.845019634047933,67.16417910447761,49.785714285714285,87.67681624180247,197682.6,12805091,321228.75,-6950.0,-2.296579253463038
2019-11-22,3501,3549,3493,3531,185866,295921,3505.6,3455.7,3408.7,3436.016666666667,31.42459084847951,10.922909867230121,20.50168098124939,71.59624413145539,51.42857142857143,85.7045805081812,197936.1,12990957,319699.2,247.0,0.08353795058071434
2019-11-25,3550,3596,3522,3582,236297,282179,3527.8,3481.8,3420.75,3433.65,38.88149704377065,16.51462730253823,22.36686974123242,72.4373576309795,52.785714285714285,97.89864363573865,201428.8,13227254,317845.5,-13742.0,-4.643806961993235
2019-11-26,3573,3578,3507,3533,189819,273709,3534.2,3497.1,3429.45,3431.5333333333333,40.37187657519553,21.28607715706969,19.085799418125838,64.58333333333333,56.214285714285715,71.18281422674143,202861.7,13037435,315415.75,-8470.0,-3.001640802469352
2019-11-27,3529,3545,3510,3522,158777,266448,3532.8,3511.6,3437.3,3430.883333333333,40.201981603232525,25.06925804630226,15.132723556930266,67.0995670995671,55.57142857142857,56.46971927826532,201553.55,12878658,312808.8,-7261.0,-2.65281740826937
2019-11-28,3522,3565,3506,3555,183435,264803,3544.6,3520.4,3447.5,3430.3333333333335,42.24320939895142,28.504048316832097,13.739161082119324,70.72164948453609,57.714285714285715,59.86307497798975,199324.55,13062093,310189.45,-1645.0,-0.6173812526271583
2019-11-29,3549,3578,3527,3556,183039,257895,3549.6,3527.6,3457.4,3430.2166666666667,43.44082992951235,31.49140463936815,11.949425290144198,75.93818984547462,57.714285714285715,60.51087300971536,199125.85,13245132,306863.9,-6908.0,-2.6087317741868454
2019-12-02,3551,3622,3522,3609,257419,256445,3555.0,3541.4,3470.5,3433.5833333333335,48.11200464799094,34.81552464109271,13.296480006898236,75.6152125279642,60.07142857142857,71.08346405304906,203875.0,13502551,303166.0,-1450.0,-0.5622443242404906
2019-12-03,3615,3618,3576,3578,122820,251151,3564.0,3549.1,3480.15,3435.55,48.75053749411609,37.602527211697385,11.148010282418703,71.15789473684211,60.857142857142854,67.26852586085994,199740.2,13379731,299554.25,-5294.0,-2.0643802764725327
2019-12-04,3574,3619,3557,3600,165067,246032,3579.6,3556.2,3490.5,3437.983333333333,50.45023659014987,40.17206908738788,10.278167502761988,66.33906633906633,57.57142857142857,61.180539963186526,197994.9,13544798,295544.65,-5119.0,-2.0382160532906535
2019-12-05,3603,3647,3603,3619,163968,237342,3592.4,3568.5,3503.25,3440.55,52.72264771564505,42.682184813039314,10.04046290260574,66.50366748166259,58.642857142857146,71.16327975448402,198561.25,13708766,290778.45,-8690.0,-3.5320608701307155
2019-12-06,3618,3638,3600,3621,121247,235680,3605.4,3577.5,3516.6,3443.5333333333333,54.061743067919906,44.95809646401544,9.103646603904465,68.84422110552764,58.07142857142857,63.81544578642264,196967.2,13830013,285827.45,-1662.0,-0.700255327754884
2019-12-09,3620,3700,3609,3677,212073,220841,3619.0,3587.0,3534.4,3448.25,58.96204007533834,47.758885186280025,11.203154889058311,70.75471698113208,61.357142857142854,84.93328015071754,197229.55,14042086,280009.85,-14839.0,-6.29624915139172
2019-12-10,3677,3694,3660,3685,97875,217748,3640.4,3602.2,3549.65,3450.866666666667,62.76754867003592,50.76061788303121,12.006930787004713,69.3069306930693,59.07142857142857,90.62848429992603,191593.8,14139961,274362.3,-3093.0,-1.4005551505381741
2019-12-11,3693,3747,3676,3735,151590,209156,3667.4,3623.5,3567.55,3454.4166666666665,69.02237678645088,54.412969663715145,14.609407122735732,78.38479809976248,59.642857142857146,107.7713445975784,193072.0,14291551,268229.55,-8592.0,-3.9458456564469
2019-12-12,3740,3786,3728,3784,196936,217228,3700.4,3646.4,3583.4,3458.9,77.04513526185883,58.93940278334389,18.105732478514945,79.08045977011494,59.785714285714285,117.15748479642242,187036.2,14488487,262614.25,8072.0,3.859320315936432
2019-12-13,3779,3784,3727,3732,135237,197233,3722.6,3664.0,3595.8,3461.633333333333,78.30461685641649,62.81244559795841,15.492171258458079,67.20183486238531,58.57142857142857,91.70266959031835,183814.25,14353250,256779.15,-19995.0,-9.204614506417219
2019-12-16,3563,3599,3513,3523,236339,246486,3691.8,3655.4,3598.4,3460.95,61.72666520706525,62.595289519779776,-0.8686243127145232,49.16107382550335,68.85714285714286,-31.38427300031559,185010.9,14116911,253945.85,49253.0,24.971987446319833
2019-12-17,3528,3544,3504,3540,151010,261087,3662.8,3651.6,3600.35,3461.133333333333,49.39092912615433,59.95441744105469,-10.563488314900354,51.49501661129568,69.21428571428571,-43.470502686412644,181071.8,14267921,251784.1,14601.0,5.923663007229618
2019-12-18,3535,3560,3527,3538,156822,278203,3623.4,3645.4,3600.8,3461.6,39.00377488468666,55.76428892978109,-16.760514045094425,48.51138353765324,67.35714285714286,-36.075630569817925,176922.7,14111099,250563.05,17116.0,6.555669183069246
2019-12-19,3558,3582,3524,3544,208807,286618,3575.4,3637.9,3603.2,3463.5333333333333,30.89983609282808,50.79139836239049,-19.891562269562407,48.958333333333336,67.85714285714286,-32.835759569114956,175722.15,14319906,250110.25,8415.0,3.0247696825699277
2019-12-20,3545,3565,3518,3526,188248,278435,3534.2,3628.4,3602.95,3465.633333333333,22.76256397849056,45.18563148561051,-22.423067507119946,42.32902033271719,64.07142857142857,-42.510666723562835,175841.25,14131658,249235.95,-8183.0,-2.8550195730903116
2019-12-23,3526,3586,3524,3572,201998,291085,3544.0,3617.9,3602.45,3466.6833333333334,19.797321564368303,40.10796950136207,-20.310647936993767,49.460431654676256,65.5,-26.18853010451591,174126.3,14333656,249681.25,12650.0,4.543250668917342
2019-12-24,3570,3577,3534,3553,223590,289558,3546.6,3604.7,3603.45,3467.55,15.732845922941124,35.23294478567788,-19.500098862736756,45.75045207956601,64.14285714285714,-30.882297668472372,175814.85,14110066,250473.7,-1527.0,-0.5245890375663476
2019-12-25,3555,3565,3521,3521,157026,294549,3543.2,3583.3,3603.4,3467.7166666666667,9.816429441219498,30.149641716786203,-20.333212275566705,41.34275618374558,63.92857142857143,-44.123777530424256,175727.3,13953040,251878.75,4991.0,1.7236615807541211
2019-12-26,3519,3559,3505,3557,169066,289795,3545.8,3560.6,3603.5,3469.3333333333335,7.940987132848022,25.70791079999857,-17.766923667150547,44.666666666666664,65.07142857142857,-40.9094334592014,175008.85,14122106,253128.35,-4754.0,-1.6139929179864843
2019-12-27,3554,3577,3547,3564,118122,287142,3553.4,3543.8,3603.9,3471.35,6.939532479476384,21.954235135894134,-15.01470265641775,39.745916515426494,60.714285714285715,-26.390886490402774,171763.0,14240228,254590.7,-2653.0,-0.9154747321382328
2019-12-30,3559,3579,3553,3566,122225,284380,3552.2,3548.1,3601.75,3473.0666666666666,6.235378178635983,18.810463744442504,-12.575085565806521,39.08256880733945,60.142857142857146,-23.43463917894945,165003.3,14362453,255987.45,-2762.0,-0.9618934185873229
2019-12-31,3559,3614,3551,3592,238286,299108,3560.0,3553.3,3602.45,3476.0,7.686705969389095,16.585712189431824,-8.899006220042729,36.27639155470249,59.57142857142857,-10.137424435051484,170776.6,14600739,258385.3,14728.0,5.17898586398482
2020-01-02,3601,3620,3566,3571,144276,281190,3570.0,3556.6,3601.0,3478.383333333333,7.060974683290624,14.680764688203585,-7.619790004912961,28.39756592292089,59.285714285714285,-9.919244704318134,169737.05,14456463,260143.2,-17918.0,-5.990478355644113
2020-01-03,3572,3589,3557,3560,105504,275169,3570.6,3558.2,3598.05,3481.0666666666666,5.612769548218694,12.867165660206606,-7.254396111987912,30.973451327433622,57.5,-19.405526151504276,166813.85,14350959,262034.55,-6021.0,-2.1412568014509747
2020-01-06,3561,3583,3551,3579,111958,278891,3573.6,3563.5,3595.95,3484.516666666667,5.929842225319135,11.479700973229113,-5.549858747909978,60.68702290076336,44.142857142857146,-16.22466803467246,166349.4,14462917,264195.1,3722.0,1.3526232969556906
2020-01-07,3579,3598,3576,3588,90990,279738,3578.0,3565.1,3591.5,3488.5833333333335,6.82863315780196,10.549487410143682,-3.720854252341722,59.4488188976378,42.857142857142854,-2.9458800900782407,160295.25,14553907,267139.95,847.0,0.30370288033676474
2020-01-08,3593,3651,3589,3643,179081,298538,3588.2,3574.1,3589.4,3493.7833333333333,11.842459293988668,10.80808178691268,1.0343775070759875,67.10097719869707,45.0,27.12403514372763,164355.55,14732988,271179.45,18800.0,6.720574251621159
2020-01-09,3648,3648,3585,3585,161784,294455,3591.0,3580.5,3581.9,3498.75,11.008933226396948,10.848252074809533,0.16068115158741492,55.710306406685234,45.357142857142854,17.538589919186833,164865.25,14571204,275444.4,-4083.0,-1.3676650878615138
2020-01-10,3586,3612,3586,3600,95300,294036,3599.0,3584.8,3572.7,3503.55,11.427009005618402,10.964003460971309,0.46300554464709265,60.39325842696629,43.92857142857143,25.101242843953152,159783.45,14666504,279284.8,-419.0,-0.14229678558693726
2020-01-13,3600,3600,3561,3564,113831,280242,3596.0,3584.8,3564.3,3507.95,8.752544057650994,10.521711580307247,-1.7691675226562538,48.84393063583815,42.285714285714285,16.304837500404123,158713.15,14552673,283435.25,-13794.0,-4.691262294412935
2020-01-14,3582,3598,3550,3596,105846,281628,3597.6,3587.8,3567.95,3513.133333333333,9.1101279980453,10.239394863854859,-1.1292668658095586,55.98885793871866,42.642857142857146,25.19452562332893,152188.5,14658519,285192.35,1386.0,0.4945725480120844
2020-01-15,3598,3616,3574,3575,126453,286868,3584.0,3586.1,3569.7,3517.5,7.61125355820559,9.713766602725006,-2.102513044519416,57.758620689655174,42.5,34.78480368763691,150960.65,14532066,286481.4,5240.0,1.860610450665412
2020-01-16,3570,3616,3570,3591,132224,282668,3585.2,3588.1,3572.35,3522.1,7.626537076186196,9.296320697417244,-1.6697836212310477,55.18292682926829,41.92857142857143,38.70420887449826,149730.75,14664290,286704.65,-4200.0,-1.4640880126051026
2020-01-17,3599,3646,3586,3635,139213,303594,3592.2,3595.6,3576.9,3526.75,11.061570748949634,9.649370707723723,1.412200041225912,59.726027397260275,44.07142857142857,87.66413674171585,146251.05,14803503,287553.45,20926.0,7.403031117777736
2020-01-20,3644,3655,3623,3634,119397,304210,3606.2,3601.1,3582.3,3531.3166666666666,13.547006580898142,10.428897882358607,3.118108698539535,59.34065934065934,44.5,101.50301787405887,142808.5,14684106,288842.2,616.0,0.20290256065667034
2020-01-21,3645,3645,3572,3593,154504,275259,3605.6,3601.6,3583.35,3535.516666666667,12.069248254580543,10.756967956802995,1.3122802977775478,50.13192612137204,45.214285714285715,34.894993062814464,140433.8,14529602,288050.9,-28951.0,-9.516781170901679
2020-01-22,3584,3588,3519,3569,177199,258603,3604.4,3594.2,3584.15,3539.016666666667,8.859389186900444,10.377452202822486,-1.518063015922042,49.73821989528796,46.642857142857146,-48.780179407509024,138114.25,14352403,286503.15,-16656.0,-6.051028304251627
2020-01-23,3544,3559,3507,3521,135688,248057,3590.4,3587.8,3584.15,3541.616666666667,2.4145208098070725,8.784865924219403,-6.370345114412331,45.346062052505964,48.785714285714285,-101.11015506442233,137047.35,14216715,284178.55,-10546.0,-4.0780656063541425
2020-02-03,3246,3300,3246,3246,172215,229466,3512.6,3552.4,3568.6,3539.866666666667,-24.599715335320525,2.1079496723114177,-26.70766500763194,25.33333333333333,66.14285714285714,-200.41400992412755,137204.8,14044500,281162.1,-18591.0,-7.494648407422488
2020-02-04,3231,3340,3226,3312,178497,215601,3448.2,3527.2,3556.0,3539.1,-40.21941926286718,-6.357524114724301,-33.86189514814288,31.14754098360656,72.71428571428571,-134.0967194336288,140223.55,14222997,277585.05,-13865.0,-6.042289489510432
2020-02-05,3310,3328,3287,3309,119624,220283,3391.4,3498.5,3543.15,3538.4666666666667,-52.23805431421715,-15.533630154622873,-36.70442415959428,25.441176470588232,71.14285714285714,-104.35327004036934,140093.5,14103373,274380.2,4682.0,2.1716040278106252
2020-02-06,3307,3316,3283,3307,125426,231777,3339.0,3471.7,3528.9,3537.1666666666665,-61.218602524656944,-24.67062462862969,-36.547977896027255,27.724358974358978,69.0,-91.29926797296164,134450.5,13977947,271013.65,11494.0,5.217833423369034
2020-02-07,3311,3335,3292,3320,84708,234966,3298.8,3444.6,3516.35,3535.95,-66.51995964081743,-33.04049163106724,-33.47946800975019,27.491961414790993,70.14285714285714,-75.57619640465674,131472.1,14062655,268702.45,3189.0,1.375891481898539
2020-02-10,3300,3324,3281,3311,109141,241958,3311.8,3412.2,3503.9,3535.0666666666666,-70.63333106070559,-40.55905951699491,-30.07427154371068,28.739495798319325,70.42857142857143,-70.57913632678975,131653.95,13953514,267041.9,6992.0,2.97574968293286
2020-02-11,3306,3464,3305,3378,267608,240465,3325.0,3386.6,3493.85,3535.4666666666667,-67.70639036619423,-45.98852568683478,-21.71786467935945,32.698412698412696,78.35714285714286,-39.33571494274624,139436.45,14221122,265120.6,-1493.0,-0.6170492399507399
2020-02-12,3389,3408,3368,3401,125466,241954,3343.4,3367.4,3484.5,3536.8,-62.80686258142077,-49.352193065751976,-13.454669515668797,36.23417721518988,78.21428571428571,-32.38570369362372,141160.25,14346588,263231.4,1489.0,0.6192169338573139
2020-02-13,3396,3417,3383,3396,133279,240810,3361.2,3350.1,3472.15,3537.0666666666666,-58.65131388871896,-51.21201723034538,-7.4392966583735785,34.29951690821255,77.35714285714286,-26.674908611900708,138870.15,14213309,260345.0,-1144.0,-0.47281714706101097
2020-02-14,3390,3414,3374,3410,108819,244747,3379.2,3339.0,3463.4,3537.616666666667,-53.61034196265655,-51.69168217680762,-1.9186597858489307,30.964467005076145,75.92857142857143,-23.176086837078156,136221.9,14322128,257859.6,3937.0,1.6348988829367528
2020-02-17,3395,3439,3392,3430,121881,242469,3403.0,3357.4,3454.9,3537.0,-47.45447687001342,-50.84424111544878,3.3897642454353587,33.278688524590166,77.0,-12.49932226605168,137550.95,14444009,255281.25,-2278.0,-0.9307570675023635
2020-02-18,3430,3439,3406,3414,132002,239460,3410.2,3367.6,3447.4,3535.8333333333335,-43.36706716073377,-49.34880632450578,5.981739163772012,34.700854700854705,74.14285714285714,-10.043503909759218,138459.5,14312007,253242.15,-3009.0,-1.2409833834428285
2020-02-19,3414,3420,3390,3405,97798,242459,3411.0,3377.2,3437.85,3534.733333333333,-40.3884177627433,-47.55672861215329,7.168310849409991,35.6140350877193,71.0,-12.675206326437529,138057.1,14214209,251283.7,2999.0,1.2524012361145864
2020-02-20,3402,3475,3401,3455,187528,240725,3422.8,3392.0,3431.85,3533.9666666666667,-33.60584723425836,-44.766552336574314,11.160705102315951,44.23076923076923,71.85714285714286,5.839253397361307,141110.85,14401737,248976.55,-1734.0,-0.7151724621482392
2020-02-21,3455,3488,3451,3484,140705,237494,3437.6,3408.4,3426.5,3533.2166666666667,-25.595504544029154,-40.93234277806528,15.33683823403613,86.50306748466258,54.857142857142854,22.049626986603183,141534.9,14542442,246717.85,-3231.0,-1.3421954512410461
2020-02-24,3499,3512,3462,3490,185255,252610,3449.6,3426.3,3419.25,3533.116666666667,-18.549275888789452,-36.45572940021012,17.906453511420665,83.45864661654136,50.285714285714285,33.43834424886473,143837.0,14727697,244168.65,15116.0,6.364792373702066
2020-02-25,3451,3499,3441,3490,184809,251385,3464.8,3437.5,3412.05,3532.4333333333334,-12.817338613159336,-31.72805124279996,18.910712629640624,84.4106463878327,51.5,36.010370173226576,147107.6,14727697,241527.4,-1225.0,-0.4849372550572051
2020-02-26,3480,3487,3445,3461,149617,243871,3476.0,3443.5,3405.45,3530.4166666666665,-10.49382834178914,-27.4812066625978,16.98737832080866,76.55172413793105,52.357142857142854,37.35174911475449,146863.25,14578080,239958.0,-7514.0,-2.989040714441993
2020-02-27,3466,3470,3424,3437,146456,248802,3472.4,3447.6,3398.85,3528.8166666666666,-10.468356438672345,-24.07863661781271,13.610280179140364,69.43521594684385,52.57142857142857,31.327915725621363,145326.1,14431624,239467.95,4931.0,2.021970632014458
2020-02-28,3420,3420,3353,3377,237174,240195,3451.0,3444.3,3391.65,3526.4,-15.115427096473923,-22.28599471354495,7.170567617071029,59.375,55.5,-4.0857335060207465,150400.4,14194450,239074.85,-8607.0,-3.4593773361950464
2020-03-02,3410,3486,3360,3469,224152,245960,3446.8,3448.2,3402.8,3524.9666666666667,-11.245007502483986,-20.07779727133276,8.832789768848773,62.06896551724138,53.142857142857146,32.22152965035243,152997.25,14418602,239899.55,5765.0,2.4001332250879415
2020-03-03,3485,3500,3447,3457,153694,248098,3440.2,3452.5,3410.05,3523.3166666666666,-9.041744202320842,-17.870586657530378,8.828842455209536,57.650273224043715,54.07142857142857,51.45026736867313,151757.1,14264908,241524.4,2138.0,0.8692470320377232
2020-03-04,3455,3495,3443,3491,137448,253619,3446.2,3461.1,3419.15,3521.35,-4.500250229802077,-15.196519371984719,10.696269142182642,62.025316455696206,55.357142857142854,53.90833912447415,152648.3,14402356,243191.2,5521.0,2.2253303130214563
2020-03-05,3491,3518,3476,3483,136386,259941,3455.4,3463.9,3427.95,3519.766666666667,-1.5289914168051837,-12.463013780948813,10.93402236414363,59.383033419023135,55.5,64.2041302457551,153196.3,14265970,244599.4,6322.0,2.492715451129457
2020-03-06,3471,3488,3457,3461,113190,261648,3472.2,3461.6,3435.0,3517.45,-0.9386434417588134,-10.158139713110815,9.219496271352002,53.96419437340153,54.357142857142854,38.8770184706247,154620.4,14152780,245933.5,1707.0,0.6566874790817856
2020-03-09,3425,3469,3380,3466,222435,241333,3471.6,3459.2,3442.75,3514.9,-0.06656290926639485,-8.139824352341932,8.073261443075538,56.8421052631579,58.357142857142854,-0.47978260332596046,160285.1,14375215,245902.25,-20315.0,-7.764248150186514
2020-03-10,3446,3499,3446,3480,175526,240726,3476.2,3458.2,3447.85,3512.55,1.7342587376633674,-6.165007734340874,7.899266472004241,59.74025974025973,60.0,45.53950430002905,155681.0,14550741,245915.3,-607.0,-0.2515196844194545
2020-03-11,3492,3527,3478,3484,169106,251246,3474.8,3460.5,3452.0,3509.3333333333335,3.44448357514284,-4.2431094724441305,7.6875930475869705,54.27728613569322,58.214285714285715,69.22605542718631,157863.0,14719847,246379.9,10520.0,4.37011373927203
2020-03-12,3489,3504,3452,3503,184770,245894,3478.8,3467.1,3457.35,3506.3,6.260819461200299,-2.142323685715245,8.403143146915543,52.88753799392097,59.285714285714285,50.016947615845844,160437.55,14904617,246634.1,-5352.0,-2.130183167095201
2020-03-13,3483,3537,3452,3535,265082,242977,3493.6,3482.9,3463.6,3502.9666666666667,10.948708608838388,0.4758827731954818,10.472825835642906,56.33802816901409,61.785714285714285,75.05549110466873,168250.7,15169699,246545.6,-2917.0,-1.1862835205413758
2020-03-16,3548,3551,3492,3506,161336,242199,3501.6,3486.6,3467.4,3498.3333333333335,12.183394310163749,2.817385080589135,9.366009229574614,52.08333333333334,61.857142857142854,77.71517497587102,170223.45,15008363,246532.1,-778.0,-0.3201949155681394
2020-03-17,3490,3503,3470,3498,170351,232397,3505.2,3490.7,3471.6,3494.4333333333334,12.373721918778756,4.728652448227059,7.645069470551697,55.09641873278237,61.214285714285715,35.71322418883748,172140.9,14838012,246178.95,-9802.0,-4.047085248081128
2020-03-18,3510,3537,3444,3466,253001,229089,3501.6,3488.2,3474.65,3493.483333333333,9.829121362351088,5.748746231051865,4.080375131299223,53.90835579514825,64.57142857142857,19.722439955212085,179901.05,14585011,245510.45,-3308.0,-1.4234262920777785
2020-03-19,3430,3466,3280,3429,507125,231418,3486.8,3482.8,3473.35,3491.633333333333,4.771908717146289,5.553378728270751,-0.7814700111244619,57.4712643678161,71.85714285714286,-111.14347158937139,195880.9,14077886,245045.1,2329.0,1.016635456089121
2020-03-20,3443,3453,3332,3368,301629,219180,3453.4,3473.5,3467.55,3488.8,-4.110772514477048,3.6205484797211915,-7.73132099419824,34.06940063091483,71.5,-101.39209181306205,203927.1,13776257,244129.4,-12238.0,-5.288266254137531
2020-03-23,3278,3326,3233,3257,342994,226697,3403.6,3452.6,3455.9,3484.016666666667,-19.877992596068907,-1.079159735436828,-18.79883286063208,25.961538461538467,77.35714285714286,-157.32183998205625,211814.05,13433263,242833.75,7517.0,3.429601240989144
2020-03-24,3269,3334,3246,3329,278425,219751,3369.8,3437.5,3447.85,3480.733333333333,-26.261108128984688,-6.1155494141464,-20.145558714838288,32.15859030837004,79.92857142857143,-106.67705594390051,216494.85,13711688,241252.05,-6946.0,-3.0640017291803545
2020-03-25,3360,3367,3295,3314,205187,220852,3339.4,3420.5,3440.5,3476.4333333333334,-32.15943388122332,-11.324326307561785,-20.83510757366154,31.67028199566161,82.07142857142857,-78.70686997226112,219273.35,13506501,240101.1,1101.0,0.5010216108231491
2020-03-26,3310,3318,3265,3294,217994,231498,3312.4,3399.6,3433.35,3472.116666666667,-38.00958159159609,-16.661377364368647,-21.34820422722744,31.808278867102402,83.64285714285714,-87.97767690261999,222850.25,13288507,239235.9,10646.0,4.820422726531803
2020-03-27,3292,3315,3276,3306,145031,226142,3300.0,3376.7,3429.8,3468.5333333333333,-41.20260807018849,-21.56962350553262,-19.63298456465587,32.832618025751074,80.07142857142857,-76.3284291501018,218243.1,13433538,238533.25,-5356.0,-2.3136268995844422
2020-03-30,3140,3146,3055,3079,381836,387657,3264.4,3334.0,3410.3,3460.5666666666666,-61.34298370931219,-29.524295546288535,-31.81868816302366,20.471281296023577,94.21428571428571,-141.78492262171702,226127.3,13051702,245618.1,161515.0,71.42193842806732
2020-03-31,3094,3116,3067,3071,240447,408447,3212.8,3291.3,3391.0,3452.35,-77.06159158943092,-39.03175475491701,-38.02983683451391,19.765739385065885,94.21428571428571,-115.8295604713506,230464.95,12811255,253635.55,20790.0,5.362988415016368
2020-04-01,3079,3083,2973,2999,464020,486520,3149.8,3244.6,3366.4,3442.9,-94.24213518109764,-50.073830840153136,-44.1683043409445,15.76086956521739,98.35714285714286,-113.35437942849067,246793.55,12347235,265280.6,78073.0,19.11459748755653
2020-04-02,2985,3087,2933,3078,526814,444628,3106.6,3209.5,3346.15,3434.3333333333335,-100.326696283616,-60.12440392884571,-40.20229235477029,20.817369093231164,103.28571428571429,-92.7862128086657,266314.95,12874049,274514.95,-41892.0,-8.610540162788782
2020-04-03,3083,3093,3003,3035,359056,475178,3052.4,3176.2,3324.85,3425.4,-107.38067781654445,-69.57565870638545,-37.805019110158995,20.451693851944796,105.5,-78.49656736144625,278608.25,12514993,285191.45,30550.0,6.870912313214639
2020-04-07,3060,3081,3035,3063,276706,483977,3049.2,3156.8,3304.7,3417.116666666667,-109.44997186295222,-77.55052133769881,-31.899450525253414,23.378212974296204,106.21428571428571,-66.03153629645985,281321.8,12791699,297323.65,8799.0,1.8517271422498593
2020-04-08,3050,3128,3038,3103,356645,464496,3055.6,3134.2,3285.85,3409.1833333333334,-106.63303731967699,-83.36702453409445,-23.266012785582532,28.0,106.0,-52.31163429034131,290377.75,13148344,308512.15,-19481.0,-4.025191279750895
2020-04-09,3118,3158,3108,3149,346386,464513,3085.6,3117.7,3269.1,3401.866666666667,-99.54133034338201,-86.60188569595198,-12.939444647430037,33.21342925659472,96.64285714285714,-35.18070042222207,299241.75,13494730,319175.5,17.0,0.0036598808170529296
2020-04-10,3149,3210,3135,3209,344432,440907,3111.8,3109.2,3254.4,3394.633333333333,-88.0644507426573,-86.89439870529304,-1.1700520373642576,40.4561824729892,93.35714285714286,-18.924494034074847,307224.85,13839162,328926.15,-23606.0,-5.081881454340353
2020-04-13,3208,3253,3184,3220,327874,438462,3148.8,3100.6,3238.65,3388.55,-77.19151714388272,-84.95382239301098,7.762305249128261,47.47612551159617,88.64285714285714,-5.223786118998781,310364.45,14167036,338700.4,-2445.0,-0.5545387122454448
2020-04-14,3210,3249,3191,3200,260668,460396,3176.2,3112.7,3223.35,3381.883333333333,-69.38860316029695,-81.84077854646819,12.452175386171234,40.528634361233486,86.5,-2.5318364878254442,315331.05,13906368,349610.25,21934.0,5.002485962295489
2020-04-15,3200,3233,3182,3196,281646,450928,3194.8,3125.2,3208.25,3375.75,-62.80354402033345,-78.03333164124125,15.2297876209078,41.194029850746276,85.0,-1.0683614629980798,320895.8,13624722,360536.8,-9468.0,-2.0564904994830546
2020-04-16,3205,3240,3176,3234,329324,440613,3211.8,3148.7,3196.65,3369.7166666666667,-53.89726071671157,-73.20611745633532,19.30885673962375,45.63953488372093,85.78571428571429,9.879141319046553,324711.95,13954046,371113.0,-10315.0,-2.287504878827662
2020-04-17,3249,3277,3215,3235,271616,431447,3217.0,3164.4,3186.95,3364.05,-46.225417550435395,-67.80997747515534,21.58455992471994,44.75627769571639,87.42857142857143,25.77987871683595,312936.5,14225662,381114.45,-9166.0,-2.0802836048868234
2020-04-20,3235,3249,3211,3218,189468,429641,3216.6,3182.7,3179.45,3357.8333333333335,-41.044054185969344,-62.456792817318146,21.4127386313488,64.88222698072805,72.21428571428571,24.098272676443763,307328.45,14036194,391637.5,-1806.0,-0.41859139129487577
2020-04-21,3218,3218,3159,3185,240887,426883,3213.6,3194.9,3175.85,3350.3333333333335,-39.149321587758095,-57.795298571406136,18.64597698364804,61.58536585365853,72.92857142857143,7.024391544460251,302223.1,13795307,401646.8,-2758.0,-0.6419312868185312
2020-04-22,3185,3212,3149,3211,246994,430648,3216.6,3205.7,3169.95,3343.2833333333333,-35.14462429186278,-53.265163715497465,18.120539423634682,73.76681614349775,69.57142857142857,12.211640603478642,300651.55,14042301,412191.65,3765.0,0.8819746862723576
2020-04-23,3216,3225,3162,3173,231385,443597,3204.4,3208.1,3162.9,3336.2833333333333,-34.63787143277841,-49.53970525895366,14.901833826175249,61.7283950617284,63.07142857142857,15.00981226679397,301961.45,13810916,423328.9,12949.0,3.0068640746038433
2020-04-24,3161,3198,3161,3187,190956,436909,3194.8,3205.9,3157.55,3329.9166666666665,-32.729300145087564,-46.17762423618044,13.448324091092879,70.2127659574468,59.285714285714285,16.591160392032766,300609.55,14001872,433599.45,-6688.0,-1.5076747588464334
2020-04-27,3199,3199,3162,3171,176986,439734,3185.4,3201.0,3150.8,3324.0833333333335,-32.13735055906136,-43.369569500756626,11.232218941695265,64.83516483516483,58.642857142857146,19.22283705226516,302207.3,13824886,444279.05,2825.0,0.6465877333724057
2020-04-28,3168,3183,3125,3149,281623,442586,3178.2,3195.9,3154.3,3322.4666666666667,-33.06232053514805,-41.30811970763491,8.245799172486862,56.64739884393064,56.357142857142854,-0.08195274595389218,297196.65,13543263,447025.5,2852.0,0.6485739105914101
2020-04-29,3145,3170,3145,3159,150062,432938,3167.8,3192.2,3158.7,3319.9166666666665,-32.61251273253629,-39.56899831261519,6.956485580078905,51.612903225806456,54.214285714285715,1.3574643639079567,292677.4,13693325,448250.05,-9648.0,-2.1799153158934104
2020-04-30,3173,3225,3170,3211,275870,424718,3175.4,3189.9,3169.3,3318.2833333333333,-27.740298497070853,-37.20325834950633,9.462959852435475,50.331125827814574,53.57142857142857,29.631509892535494,283269.9,13969195,445159.95,-8220.0,-1.8986552346987318
2020-05-06,3230,3264,3223,3248,184733,429865,3187.6,3191.2,3177.8,3317.3,-20.655340922309733,-33.89367486406701,13.238333941757276,54.26829268292683,52.42857142857143,61.792049865460704,266165.85,14153928,444421.8,5147.0,1.211862930226637
2020-05-07,3248,3306,3241,3305,257882,452396,3214.4,3199.9,3191.3,3317.05,-10.322051187983107,-29.17935012885023,18.857298940867125,64.3835616438356,52.92857142857143,93.00848122724535,261107.15,14411810,443282.7,22531.0,5.2414130017563565
2020-05-08,3306,3352,3303,3327,251483,448310,3250.0,3214.1,3204.5,3317.3166666666666,-0.3535529495452465,-23.414190692989234,23.060637743443987,67.1018276762402,52.785714285714285,122.736567749843,259846.0,14663293,441499.35,-4086.0,-0.9031910096464202
2020-05-11,3327,3340,3309,3329,186577,462647,3284.0,3225.9,3215.8,3316.5,7.620097270877977,-17.207333100215795,24.827430371093772,63.68876080691643,50.42857142857143,109.61457432620347,251342.6,14849870,441406.9,14337.0,3.198010305369059
2020-05-12,3317,3335,3315,3333,154161,461875,3308.4,3241.9,3225.0,3315.366666666667,14.099508728237197,-10.945964734525198,25.045473462762395,64.0,47.42857142857143,96.68652282285183,241731.35,15004031,441275.0,-772.0,-0.16686588262757596
2020-05-13,3329,3361,3305,3337,238954,462434,3326.2,3256.9,3231.4,3314.383333333333,19.334380853195853,-4.889895616980987,24.22427647017684,67.65578635014836,48.714285714285715,88.4295929101455,236457.45,15242985,442351.35,559.0,0.12102841677943399
2020-05-14,3340,3364,3321,3344,251011,470417,3334.0,3274.2,3237.6,3313.2833333333333,23.773846126560784,0.8428527317273669,22.93099339483342,75.56270096463022,47.57142857142857,83.34523692407024,232614.3,15493996,443949.1,7983.0,1.7263004017870731
2020-05-15,3363,3382,3332,3365,251803,474283,3341.6,3295.8,3245.85,3312.2,28.656346313652193,6.405551448112333,22.25079486553986,75.16339869281045,46.642857142857146,83.6261053652233,232171.05,15745799,444643.45,3866.0,0.821824041222996
2020-05-18,3365,3555,3358,3440,342040,472107,3363.8,3323.9,3258.05,3312.633333333333,38.13800490680205,12.752042139850278,25.385962766951774,88.92128279883381,56.214285714285715,117.9544337841781,235190.75,16087839,445702.4,-2176.0,-0.4587978063729903
2020-05-19,3437,3492,3430,3469,236149,478821,3391.0,3349.7,3269.8,3313.7,47.445423976570964,19.69071850719442,27.754705469376546,89.3854748603352,58.0,103.7482383027508,230532.0,16323988,447612.8,6714.0,1.4221352362917772
2020-05-20,3460,3467,3431,3446,199099,480220,3412.8,3369.5,3280.35,3313.55,52.36211499731235,26.224997805218006,26.13711719209434,87.67123287671232,58.07142857142857,82.99166645900728,226906.15,16124889,450051.45,1399.0,0.2921759906102661
2020-05-21,3446,3477,3441,3469,203754,481984,3437.8,3385.9,3292.9,3313.3,57.452261922424896,32.470450628659385,24.98181129376551,93.71584699453553,56.5,78.79768619872198,227620.45,16328643,452668.6,1764.0,0.36733163966515825
2020-05-22,3466,3498,3411,3415,317980,477783,3447.8,3394.7,3304.4,3312.05,56.477849833297114,37.271930469586934,19.20591936371018,81.21951219512195,60.92857142857143,62.13699339304671,231475.1,16010663,455213.6,-4201.0,-0.8716056964546581
2020-05-25,3416,3441,3393,3405,242652,458348,3440.8,3402.3,3314.1,3310.633333333333,54.273078540296865,40.672160083728926,13.600918456567939,76.3586956521739,59.642857142857146,44.69196115081245,231258.0,15768011,456598.6,-19435.0,-4.067746236262071
2020-05-26,3415,3430,3395,3407,190465,455352,3428.4,3409.7,3325.8,3309.733333333333,52.08674116213069,42.955076299409285,9.131664862721408,73.87387387387388,58.357142857142854,39.38140885248938,229212.0,15958476,457186.35,-2996.0,-0.6536518104147904
2020-05-27,3409,3436,3384,3419,204039,453344,3423.0,3417.9,3337.4,3309.4333333333334,50.737482633229774,44.51155756617338,6.225925067056394,69.79166666666667,57.42857142857143,36.42061583323215,229866.15,16162515,458008.1,-2008.0,-0.4409775294717089
2020-05-28,3420,3452,3414,3447,292319,463235,3418.6,3428.2,3351.2,3310.6,51.33578455351244,45.8764029636412,5.459381589871242,70.40816326530611,56.642857142857146,44.04396013611678,235632.8,16454834,459183.15,9891.0,2.181786899131777
2020-05-29,3470,3545,3447,3542,431396,498143,3444.0,3445.9,3370.85,3311.8166666666666,58.797864011814,48.46069517327577,10.337168838538233,77.51937984496124,61.42857142857143,76.08319038129214,243121.45,16886230,461961.0,34908.0,7.53570002266668
2020-06-01,3535,3577,3525,3549,493203,508111,3472.8,3456.8,3390.35,3313.35,64.53256599182987,51.675069336986596,12.857496654843274,77.6923076923077,63.714285714285715,91.5366357101119,260278.5,17379433,465719.65,9968.0,2.0010318322248866
2020-06-02,3550,3597,3538,3575,295583,508517,3506.4,3467.4,3408.55,3314.75,70.36422633524035,55.412900736637354,14.951325598602992,78.88349514563106,63.92857142857143,94.7833642862469,261264.15,17675016,469909.6,406.0,0.07990380054752055
2020-06-03,3568,3582,3510,3525,415245,493128,3527.6,3475.3,3422.4,3315.45,70.14271547796716,58.35886368490332,11.783851793063839,69.8901098901099,66.0,71.60359212001438,272789.75,17259771,473072.75,-15389.0,-3.0262508431379898
2020-06-04,3520,3568,3486,3487,355206,474361,3535.6,3477.1,3431.5,3315.883333333333,66.13848086924327,59.91478712177131,6.223693747471955,62.92372881355933,68.28571428571429,51.92577539869907,277655.95,16904565,474171.0,-18767.0,-3.805705618013988
2020-06-05,3490,3527,3478,3515,231661,465886,3530.2,3487.1,3440.9,3316.7,64.48116337387,60.828062372191056,3.653101001678948,58.82352941176471,57.714285714285715,43.07060064760629,276664.85,17136226,475049.8,-8475.0,-1.7866139922970037
2020-06-08,3525,3573,3501,3542,317335,469661,3528.8,3500.8,3451.55,3317.733333333333,64.60171333192375,61.5827925641376,3.018920767786149,58.628841607565015,58.42857142857143,58.73306788348953,283202.75,17453561,475400.5,3775.0,0.8102840609075956
2020-06-09,3530,3563,3502,3545,267611,472638,3522.8,3514.6,3462.15,3318.75,64.19927568274124,62.10608918785833,2.0931864948829144,62.282878411910666,60.07142857142857,53.03283353643188,288875.25,17721172,475938.65,2977.0,0.633861444744177
2020-06-10,3545,3560,3510,3516,301146,456759,3521.0,3524.3,3471.1,3318.9666666666667,60.83896953956173,61.85266525819902,-1.0136957186372868,55.74572127139364,61.07142857142857,43.77425881861788,291984.85,17420026,475654.9,-15879.0,-3.359653688446551
2020-06-11,3516,3570,3507,3538,369311,462378,3531.2,3533.4,3480.8,3319.016666666667,59.26791521610721,61.335715249780655,-2.067800033673443,66.3129973474801,59.357142857142854,48.16204681176804,297899.85,17789337,475252.95,5619.0,1.2301892245144552
2020-06-12,3538,3585,3504,3583,407278,502344,3544.8,3537.5,3491.7,3320.3,60.9513579516788,61.25884379016029,-0.30748583848149025,71.60194174757282,61.714285714285715,61.34225835898355,305673.6,18196615,476656.0,39966.0,8.643577332831587
2020-06-15,3595,3600,3525,3533,375487,473988,3543.0,3535.9,3496.35,3320.883333333333,57.58708820944321,60.52449267401688,-2.9374044645736674,63.69565217391304,64.57142857142857,51.512461860259066,307345.95,17821128,476750.05,-28356.0,-5.644737470737182
2020-06-16,3533,3569,3533,3565,186237,481060,3547.0,3534.9,3501.15,3322.5333333333333,56.847707776530115,59.78913569451952,-2.941427917989408,65.20833333333334,63.42857142857143,49.18522816119325,304850.35,18007365,476862.0,7072.0,1.4920208950437663
2020-06-17,3565,3595,3534,3552,278873,492223,3554.2,3537.6,3506.45,3324.5833333333335,54.583546949871106,58.748017945589844,-4.164470995718737,61.29032258064516,65.07142857142857,48.31644613513327,308839.05,17728492,477462.15,11163.0,2.320500561260541
2020-06-18,3557,3621,3550,3620,594422,573779,3570.6,3550.9,3514.0,3328.7833333333333,57.61209847371538,58.520834051214955,-0.9087355774995771,58.90410958904109,63.142857142857146,72.18845879527461,328372.45,18322914,482051.9,81556.0,16.568912870792296
2020-06-19,3625,3672,3620,3659,437642,609498,3585.8,3565.3,3526.2,3335.483333333333,62.439458232012385,59.30455888737444,3.134899344637944,61.70212765957447,63.142857142857146,100.70771134638461,334355.55,18760556,488637.65,35719.0,6.225219117465097
2020-06-22,3663,3667,3613,3631,334685,582681,3605.4,3574.2,3537.5,3340.516666666667,63.27639868957249,60.098926847814056,3.1774718417584324,55.932203389830505,62.785714285714285,82.29884132939478,338957.2,18425871,494854.3,-26817.0,-4.399850368664049
2020-06-23,3630,3634,3603,3603,248357,550625,3613.0,3580.0,3547.3,3345.3333333333335,60.97740447609931,60.274622373471104,0.7027821026282055,58.66666666666666,59.857142857142854,59.898174572868186,341851.8,18177514,499617.95,-32056.0,-5.501466497105623
2020-06-24,3603,3619,3590,3604,246916,517892,3623.4,3588.8,3556.55,3350.5,58.561071066955265,59.931912112167936,-1.3708410452126714,64.16464891041161,56.07142857142857,50.59728559289045,343995.65,18424430,502845.35,-32733.0,-5.944699205448356
2020-06-29,3602,3602,3555,3560,318230,507936,3611.4,3591.0,3562.2,3354.733333333333,52.490598212874374,58.44364933230923,-5.953051119434853,55.24475524475525,56.07142857142857,13.206896555982434,345291.2,18106200,505080.4,-9956.0,-1.9224085330532215
2020-06-30,3570,3606,3562,3578,235948,506730,3595.2,3590.5,3564.0,3363.05,48.572243717934725,56.469368209434336,-7.897124491499611,54.285714285714285,54.214285714285715,21.66108749565804,335518.8,18342148,505509.75,-1206.0,-0.23743148743148312
2020-07-01,3580,3592,3545,3567,252617,502046,3582.4,3593.9,3564.9,3371.3166666666666,44.071285139643805,53.989751595476235,-9.91846645583243,52.570093457943926,53.214285714285715,2.4621207531669467,323489.5,18089531,505206.5,-4684.0,-0.9243581394430933
2020-07-02,3570,3576,3551,3563,159135,502500,3574.4,3593.7,3564.3,3380.7166666666667,39.72356790434878,51.13651485725075,-11.412946952901969,55.831265508684865,51.42857142857143,-3.153787495494756,316667.1,17930396,504905.65,454.0,0.09042996060122377
2020-07-03,3563,3614,3562,3606,277693,485847,3574.8,3599.1,3568.35,3389.516666666667,39.294745934766524,48.768161072753905,-9.47341513798738,58.01886792452831,50.642857142857146,33.06966272763952,309789.5,18208089,504541.6,-16653.0,-3.3140298507462695
2020-07-06,3605,3624,3586,3605,207306,464320,3583.8,3597.6,3574.25,3399.016666666667,38.431198853928436,46.70076862898882,-8.269569775060383,52.89473684210527,47.57142857142857,43.04734225011109,302394.5,18000783,504039.55,-21527.0,-4.430818755698807
2020-07-07,3617,3642,3604,3629,200238,482355,3594.0,3594.6,3579.95,3408.45,39.23119816262806,45.20685453571667,-5.975656373088611,63.55932203389831,44.92857142857143,65.12821153754953,300823.35,18201021,504863.0,18035.0,3.884174707098542
2020-07-08,3631,3698,3627,3696,304992,499440,3619.8,3601.1,3587.65,3418.3333333333335,44.75562841118062,45.116609310809466,-0.36098089962884217,66.83804627249359,47.42857142857143,110.40632117828851,300206.2,18506013,506351.95,17085.0,3.541997076841752
2020-07-09,3700,3738,3696,3718,214664,486694,3650.8,3612.6,3596.3,3427.8166666666666,50.32883583199873,46.15905461504732,4.169781216951414,70.85427135678393,46.07142857142857,128.2191095619331,297558.85,18720677,507054.75,-12746.0,-2.5520583053019408
2020-07-10,3719,3728,3684,3697,218584,480855,3669.0,3621.9,3605.35,3435.95,52.44654722059431,47.41655313615672,5.02999408443759,60.96866096866097,44.142857142857146,97.75363304643359,293430.75,18502093,508259.55,-5839.0,-1.1997271386127606
2020-07-13,3700,3776,3699,3743,252873,470803,3696.6,3640.2,3615.6,3444.6666666666665,57.177557029658146,49.36875391485701,7.808803114801137,61.73184357541899,46.07142857142857,110.63661088116743,287608.85,18754966,508680.8,-10052.0,-2.0904430649572148
2020-07-14,3740,3769,3717,3756,192121,474133,3722.0,3658.0,3624.25,3453.9333333333334,61.26962959197681,51.74892905028097,9.520700541695838,68.22157434402332,45.92857142857143,99.35293440747382,276851.0,18947087,507270.25,3330.0,0.7073022049562061
2020-07-15,3761,3788,3742,3773,192973,475159,3737.4,3678.6,3636.25,3463.55,65.1335653078454,54.425856301793864,10.707709006051537,75.60240963855422,47.0,98.36317550907937,267725.3,19140060,507328.8,1026.0,0.21639497778049854
2020-07-16,3770,3775,3727,3735,259574,454493,3740.8,3695.8,3644.75,3471.9,64.38726348628552,56.4181377386922,7.969125747593317,67.75067750677508,48.357142857142854,73.32323510018952,271392.15,18880486,506000.45,-20666.0,-4.3492809775254155
2020-07-17,3745,3763,3722,3752,160888,448463,3751.8,3710.4,3654.75,3480.516666666667,64.4249214496067,58.0194944808751,6.405426968731597,78.0701754385965,47.785714285714285,66.01945779593073,265492.9,19041374,503812.45,-6030.0,-1.326753107308587
2020-07-20,3742,3782,3726,3737,212143,444171,3750.6,3723.6,3660.6,3489.1666666666665,62.52365721631577,58.92032702796324,3.6033301883525297,73.45132743362832,48.5,60.97122438759909,246378.95,18829231,497332.05,-4292.0,-0.9570466236902497
2020-07-21,3744,3792,3733,3787,190192,443074,3756.8,3739.4,3667.0,3499.2,64.31014640999047,59.99829090436869,4.311855505621779,79.1005291005291,49.357142857142854,68.4336449111951,234006.45,19019423,489010.85,-1097.0,-0.24697695257006602
2020-07-22,3787,3831,3787,3802,214036,436637,3762.6,3750.0,3675.55,3509.05,66.17351946588997,61.23333661667294,4.940182849217024,80.719794344473,50.714285714285715,80.35223861005773,227974.0,19233459,481708.65,-6437.0,-1.452804723364498
2020-07-23,3802,3844,3787,3840,177156,457803,3783.6,3762.2,3687.4,3520.1666666666665,69.91065198016031,62.96879968937042,6.941852290789889,80.46875,51.07142857142857,79.41906560490816,224413.95,19410615,477067.55,21166.0,4.847504906821909
2020-07-24,3824,3839,3744,3767,318886,424296,3786.6,3769.2,3695.55,3529.8333333333335,66.21854039470009,63.618747830436355,2.59979256426373,67.76315789473685,55.214285714285715,50.897618285133134,228012.45,19091729,472387.75,-33507.0,-7.3190870308844636
2020-07-27,3780,3798,3740,3747,175460,415420,3788.6,3769.6,3704.9,3539.4333333333334,60.97579154119467,63.090156572588015,-2.1143650313933477,63.05309734513274,56.642857142857146,34.59858893894055,220873.95,18916269,467761.95,-8876.0,-2.091935818390933
2020-07-28,3755,3791,3742,3749,165256,413472,3781.0,3768.9,3713.45,3549.4333333333334,56.332888119887684,61.73870288204795,-5.405814762160269,56.84754521963825,55.07142857142857,30.199726806301722,217339.35,19081525,463099.05,-1948.0,-0.46892301766886524
2020-07-29,3745,3808,3731,3788,214347,428456,3778.2,3770.4,3724.5,3559.9166666666665,55.16442660040366,60.4238476257191,-5.25942102531544,58.663366336633665,57.57142857142857,36.057977209497075,215425.85,19295872,459419.55,14984.0,3.6239455150530064
2020-07-30,3790,3840,3784,3819,223249,450326,3774.0,3778.8,3737.3,3570.05,56.09324533470635,59.557727167516546,-3.4644818328101934,64.73429951690821,58.42857142857143,60.218934813484125,218631.55,19519121,456810.85,21870.0,5.104374778273613
2020-07-31,3819,3855,3766,3848,362711,445781,3790.2,3788.4,3749.4,3580.05,58.49510337058791,59.345202408130824,-0.8500990375429112,63.22418136020151,59.142857142857146,64.28948939467908,222882.45,19881832,454807.55,-4545.0,-1.0092688407953299
2020-08-03,3847,3924,3829,3911,308628,452709,3823.0,3805.8,3764.7,3590.15,64.73593113806692,60.423348154118045,4.312582983948872,67.33780760626398,62.214285714285715,110.80840759632692,227948.55,20190460,454227.0,6928.0,1.5541263535233663
2020-08-04,3925,3928,3900,3920,163909,446551,3857.2,3819.1,3779.25,3600.0333333333333,69.60568587169746,62.25981569763393,7.345870174063528,66.74259681093395,60.92857142857143,121.31235197494873,226132.1,20354369,452436.8,-6158.0,-1.3602557050997444
2020-08-05,3915,3939,3895,3911,202128,442874,3881.8,3830.0,3790.0,3609.733333333333,71.9098448695936,64.18982153202587,7.720023337567724,71.46341463414635,60.642857142857146,105.07296990097171,220988.9,20152241,449608.5,-3677.0,-0.8234221847000733
2020-08-06,3915,3949,3900,3910,225040,433852,3900.0,3837.0,3799.6,3619.35,72.81584015433191,65.91502525648708,6.900814897844825,70.0507614213198,61.214285714285715,93.80512501902739,221507.7,19927201,446966.4,-9022.0,-2.0371482633886884
2020-08-07,3907,3929,3878,3904,243535,428372,3911.2,3850.7,3809.95,3628.8,72.21722289702666,67.17546478459501,5.041758112431651,71.6883116883117,60.857142857142854,73.67052393352743,222755.25,19683666,444342.25,-5480.0,-1.2631035468316343
2020-08-10,3917,3920,3870,3894,184353,419023,3907.8,3865.4,3817.5,3637.9666666666667,70.12751167951365,67.76587416357873,2.361637515934916,65.5072463768116,60.214285714285715,60.17120140350177,219329.25,19499313,441753.25,-9349.0,-2.18244889955459
2020-08-11,3902,3938,3863,3872,224965,401925,3898.2,3877.7,3823.3,3646.4166666666665,65.9361138688746,67.39992210463791,-1.4638082357633095,59.94318181818182,62.42857142857143,51.91687232903478,220971.45,19274348,438142.85,-17098.0,-4.0804442715554945
2020-08-12,3872,3906,3867,3900,165657,398391,3896.0,3888.9,3829.65,3654.0833333333335,64.13446471388579,66.7468306264875,-2.612365912601703,58.771929824561404,61.142857142857146,46.97957192730187,219605.65,19440005,434304.45,-3534.0,-0.8792685202463124
2020-08-13,3902,3952,3892,3916,231786,417889,3897.2,3898.6,3838.7,3661.5333333333333,63.26839241622929,66.05114298443586,-2.7827505682065663,76.14035087719299,58.57142857142857,62.38626897875412,218216.25,19671791,432474.25,19498.0,4.89418686667118
2020-08-14,3918,3940,3908,3926,167757,416233,3901.6,3906.4,3847.4,3669.5333333333333,62.66655922101427,65.37422623175154,-2.707667010737268,82.54545454545455,56.714285714285715,60.050026255262985,218559.7,19839548,430862.75,-1656.0,-0.3962774803835445
2020-08-17,3911,3963,3911,3950,182818,422169,3912.8,3910.3,3858.05,3677.55,63.39541857836957,64.97846470107514,-1.5830461227055679,83.83838383838383,56.92857142857143,66.50544804425962,217093.45,20022366,429762.65,5936.0,1.426124310182031
2020-08-18,3949,3987,3949,3984,167067,423500,3935.2,3916.7,3867.9,3687.0333333333333,65.95625803409348,65.17402336767881,0.7822346664146664,83.56164383561644,54.142857142857146,81.35656401322069,215937.2,20189433,428783.95,1331.0,0.31527658354828514
2020-08-19,3982,3990,3961,3966,183791,401918,3948.4,3922.2,3876.1,3696.383333333333,65.7750780289307,65.2942342999292,0.4808437290014922,76.34408602150538,52.214285714285715,71.60288361952416,214424.95,20005642,427048.0,-21582.0,-5.096103896103898
2020-08-20,3966,3985,3944,3967,189860,374309,3958.6,3927.9,3882.45,3705.7166666666667,64.96332642341667,65.2280527246267,-0.2647263012100325,73.70517928286853,48.785714285714285,59.738345599170735,215060.15,20195502,422873.3,-27609.0,-6.869311650635201
2020-08-21,3940,3980,3940,3960,158988,363734,3965.4,3933.5,3892.1,3714.733333333333,63.028611331650154,64.7881644460314,-1.759553114381248,62.564102564102555,44.857142857142854,51.038942005732146,207065.25,20036514,419845.2,-10575.0,-2.825205912761919
2020-08-24,3960,3970,3929,3937,138287,340709,3962.8,3937.8,3901.6,3722.9,58.95977630155767,63.622486817136654,-4.662710515578986,54.06698564593301,45.785714285714285,36.869680229211774,205206.6,19898227,416109.65,-23025.0,-6.330175347919087
2020-08-25,3950,3981,3925,3938,182515,330878,3953.6,3944.4,3911.05,3729.5,55.17980838565518,61.93395113084036,-6.7541427451851845,56.71641791044776,46.642857142857146,36.52420950655159,206069.55,20080742,411979.95,-9831.0,-2.8854535688813576
2020-08-26,3940,3947,3906,3928,159976,310728,3946.0,3947.2,3918.05,3735.8166666666666,50.791744538316834,59.70550981233566,-8.913765274018829,54.285714285714285,46.07142857142857,11.984342729810168,203351.0,19920766,406093.55,-20150.0,-6.0898578932416125
2020-08-27,3943,3970,3930,3946,135663,313435,3941.8,3950.2,3924.4,3742.0,48.210876913897664,57.40658323264807,-9.195706318750403,59.45945945945946,45.42857142857143,34.93599515880282,198971.7,20056429,399249.0,2707.0,0.8711799387245422
2020-08-28,3940,3966,3928,3965,129831,294279,3942.8,3954.1,3930.25,3749.3333333333335,47.1550874427553,55.35628407466952,-8.201196631914215,65.36796536796537,44.57142857142857,41.38881915526863,187327.7,20186260,391673.9,-19156.0,-6.11163399109863
2020-08-31,3953,4024,3945,4011,207146,274530,3957.6,3960.2,3935.25,3758.0666666666666,49.46003771530468,54.17703480279655,-4.716997087491869,77.25490196078431,44.857142857142854,98.66243483247816,182253.6,20393406,382764.95,-19749.0,-6.7109783572732
2020-09-01,4011,4049,4011,4037,111358,268419,3977.4,3965.5,3941.1,3766.766666666667,52.77633735658628,53.8968953135545,-1.12055795696822,77.07509881422925,44.785714285714285,126.15216103795272,179626.05,20504764,373858.35,-6111.0,-2.2259862310129996
2020-09-02,4030,4064,4030,4033,128504,232179,3998.4,3972.2,3947.2,3774.95,54.454049755236156,54.00832620189084,0.4457235533453172,74.27385892116183,42.92857142857143,112.77800458696053,175944.85,20376260,363323.6,-36240.0,-13.501279715668414
2020-09-03,3934,3960,3934,3942,228774,329365,3997.6,3969.7,3948.8,3781.5666666666666,47.88867856038678,52.78439667359003,-4.895718113203252,52.48447204968943,47.714285714285715,-3.965314243788711,176131.55,20147486,358099.25,97186.0,41.85822145844371
2020-09-04,3949,3953,3873,3910,251054,334118,3986.6,3964.7,3949.1,3788.133333333333,39.64642274037169,50.15680188694637,-10.510379146574678,43.93939393939394,49.714285714285715,-44.989459962251665,176507.5,19896432,353386.55,4753.0,1.443079865802388
2020-09-07,3950,3950,3847,3864,318499,314757,3957.2,3957.4,3947.6,3793.5666666666666,29.06748814930188,45.93893913941748,-16.871450990115598,32.45614035087719,54.357142857142854,-73.86811928556986,183214.8,19577933,348173.25,-19361.0,-5.794659371838695
2020-09-08,3864,3900,3839,3842,258081,324656,3918.2,3947.8,3946.1,3797.883333333333,18.69290990103582,40.489733291741146,-21.796823390705327,32.08092485549133,56.642857142857146,-97.64551611815939,184870.6,19319852,344309.8,9899.0,3.1449657990131996
2020-09-09,3831,3838,3745,3752,406780,324567,3862.0,3930.2,3938.7,3801.5333333333333,3.172167285999876,33.02622009059289,-29.854052804593017,25.28735632183907,60.642857142857146,-142.53978158070922,196926.75,18913072,340618.6,-89.0,-0.027413631659356508
2020-09-10,3764,3783,3720,3732,274293,322322,3820.0,3908.8,3929.5,3804.3166666666666,-10.619550344423715,24.297066003589574,-34.91661634801329,24.55357142857143,62.285714285714285,-130.14112480133352,199052.1,18638779,335840.25,-2245.0,-0.6916907757104074
2020-09-11,3732,3785,3729,3779,273120,331611,3793.8,3890.2,3922.15,3808.1,-17.554718854362818,15.926709031999097,-33.481427886361914,33.26271186440678,63.357142857142854,-98.53318897156473,204320.25,18911899,331609.15,9289.0,2.8819007079876613
2020-09-14,3790,3809,3768,3786,218640,332860,3778.2,3867.7,3913.95,3810.866666666667,-22.22979710170148,8.295407805258982,-30.52520490696046,34.10041841004184,62.285714285714285,-74.51529955419213,206111.35,19130539,327143.7,1249.0,0.37664613055659046
2020-09-15,3786,3806,3726,3730,224692,338279,3755.8,3837.0,3901.25,3812.05,-30.10651314048073,0.6150236161110403,-30.721536756591767,31.106870229007626,65.07142857142857,-81.79347746443563,208992.6,18905847,322882.65,5419.0,1.6280117767229374
2020-09-16,3730,3743,3674,3689,322584,343519,3743.2,3802.6,3887.4,3813.016666666667,-39.20529051399171,-7.3490392099095105,-31.856251304082203,26.50822669104204,67.0,-93.37997224993804,215932.25,18583263,319962.7,5240.0,1.549017231338623
2020-09-17,3681,3708,3671,3687,231863,347706,3734.2,3777.1,3873.4,3814.4166666666665,-46.046722467437576,-15.088575861415125,-30.958146606022453,23.773584905660385,66.92857142857143,-86.32310266048614,218032.4,18351400,318632.55,4187.0,1.2188554344883418
2020-09-18,3695,3736,3682,3723,207284,341184,3723.0,3758.4,3861.55,3816.4,-48.01027488147702,-21.672915665427503,-26.337359216049514,22.307692307692307,65.14285714285714,-66.86546260786348,220447.2,18558684,317505.05,-6522.0,-1.8757225932253152
2020-09-21,3720,3723,3651,3661,256235,342347,3698.0,3738.1,3847.75,3818.0833333333335,-53.94741395365645,-28.127815323073296,-25.819598630583155,16.187050359712245,67.57142857142857,-72.8229589627076,226344.6,18302449,317586.95,1163.0,0.34087178765709325
2020-09-22,3659,3670,3616,3652,234418,336900,3682.4,3719.1,3833.45,3819.3166666666666,-58.70218201358466,-34.24268866117557,-24.45949335240909,16.042780748663105,69.0,-76.03504958191827,228939.75,18068031,317888.05,-5447.0,-1.5910757214171567
2020-09-23,3659,3678,3628,3666,236383,328566,3677.8,3710.5,3820.35,3820.9666666666667,-60.641647792575895,-39.52248048745564,-21.119167305120257,21.487603305785115,65.5,-64.01603383890661,232760.1,18304414,318779.95,-8334.0,-2.473731077471064
2020-09-24,3670,3691,3649,3674,214069,327940,3675.2,3704.7,3806.75,3822.8166666666666,-60.831922715801284,-43.78436893312477,-17.047553782676516,24.34782608695653,62.785714285714285,-53.00190604029114,236680.4,18518483,319505.2,-626.0,-0.19052488693291902
2020-09-25,3675,3688,3651,3660,185460,315563,3662.6,3692.8,3791.5,3823.7166666666667,-61.40456634265047,-47.30840841502991,-14.09615792762056,26.16822429906543,58.07142857142857,-49.72112867270767,239461.85,18333023,320569.4,-12377.0,-3.774166005976698
2020-09-28,3671,3689,3645,3669,219887,311622,3664.2,3681.1,3774.4,3824.7833333333333,-60.43550290109124,-49.93382731224218,-10.50167558884906,29.156626506024097,56.857142857142854,-44.93349309715382,240098.9,18552910,322424.0,-3941.0,-1.2488789877140194
2020-09-29,3658,3677,3636,3674,215478,305039,3668.6,3675.5,3756.25,3825.5333333333333,-58.588681083333086,-51.664798066460364,-6.923883016872722,38.18181818181818,52.857142857142854,-44.09861133017815,245304.9,18768388,324255.0,-6583.0,-2.1124952667013197
2020-09-30,3674,3707,3662,3692,213120,285868,3673.8,3675.8,3739.2,3825.4666666666667,-55.03816619952431,-52.33947169307316,-2.6986945064511545,43.90243902439024,51.57142857142857,-30.85684505590915,249535.7,18981508,326939.45,-19171.0,-6.284770144145502
2020-10-09,3727,3779,3713,3772,178667,281005,3693.4,3684.3,3730.7,3826.366666666667,-45.24744181819824,-50.92106571809818,5.673623899899937,49.03047091412742,53.785714285714285,12.972674015671968,247030.35,19160175,324521.45,-4863.0,-1.7011347894832607
2020-10-12,3773,3804,3773,3795,166510,297172,3720.4,3691.5,3724.95,3828.0,-35.22624816538473,-47.782102207555496,12.555854042170765,51.193633952254636,53.142857142857146,45.66600112635422,242803.15,19326685,322674.15,16167.0,5.753278411416174
2020-10-13,3805,3805,3769,3784,156372,304172,3743.4,3703.8,3720.95,3828.6833333333334,-27.85093976884582,-43.79586971981356,15.94492995096774,58.13253012048193,50.0,53.10655099682469,234696.8,19170313,322144.9,7000.0,2.3555382068297215
2020-10-14,3784,3794,3752,3757,167774,314796,3760.0,3714.3,3716.7,3828.7,-23.909020771342057,-39.818499930119266,15.90947915877721,60.69182389937107,48.07142857142857,48.26555068251902,230181.45,19002539,321651.9,10624.0,3.4927606748813123
2020-10-15,3748,3758,3700,3725,261939,315110,3766.6,3720.2,3715.35,3827.9,-23.100861775904832,-36.47497229927638,13.374110523371549,55.45977011494253,49.57142857142857,11.971167922287114,222939.4,18740600,321179.05,314.0,0.09974713782894273
2020-10-16,3722,3743,3704,3740,171807,313262,3760.2,3726.8,3715.75,3827.983333333333,-21.00784989314343,-33.38154781804979,12.37369792490636,52.599388379204896,48.5,14.252116128744353,217815.1,18912407,320726.05,-1848.0,-0.5864618704579327
2020-10-19,3740,3762,3716,3740,256798,313143,3749.2,3734.8,3713.8,3827.7833333333333,-19.128620071684963,-30.530962268776825,11.402342197091862,64.90566037735849,46.642857142857146,26.702024962804252,216999.0,18912407,319802.65,-119.0,-0.03798737159310672
2020-10-20,3747,3757,3732,3745,136028,307665,3741.4,3742.4,3711.75,3827.9166666666665,-17.039438643799713,-27.832657543781405,10.793218899981692,67.816091954023,44.57142857142857,36.54407618227215,212868.4,19048435,318542.9,-5478.0,-1.7493605158026893
2020-10-21,3748,3793,3741,3788,213102,323581,3747.6,3753.8,3714.65,3827.9333333333334,-11.778234520598744,-24.621772939144872,12.843538418546128,71.03448275862068,44.714285714285715,66.21525542798953,212288.9,19261537,317808.0,15916.0,5.173159117871706
2020-10-22,3792,3829,3788,3810,275396,341251,3764.6,3765.6,3720.7,3828.0666666666666,-5.766997848339997,-20.8508179209839,15.083820072643903,72.36842105263158,44.642857142857146,89.28430227889409,209929.5,19536933,317694.6,17670.0,5.460765619736629
2020-10-23,3812,3840,3782,3785,282014,340267,3773.6,3766.9,3725.6,3827.15,-2.985920707985315,-17.277838478384183,14.291917770398868,69.84126984126985,46.142857142857146,73.12134685591072,212437.05,19254919,317322.65,-984.0,-0.28835080336760965
2020-10-26,3789,3809,3771,3795,192791,339710,3784.6,3766.9,3729.2,3827.616666666667,0.024734267597523285,-13.817323929187843,13.842058196785366,69.9367088607595,45.714285714285715,57.40680020799122,211712.4,19447710,317248.95,-557.0,-0.16369498070633037
2020-10-27,3794,3818,3786,3812,148267,335346,3798.0,3769.7,3736.75,3828.7,3.7393530174967964,-10.305988539850915,14.045341557347712,71.03658536585365,45.07142857142857,62.505688723107625,206314.0,19595977,316898.9,-4364.0,-1.2846251214270965
2020-10-28,3820,3855,3806,3854,222137,353441,3811.2,3779.4,3746.85,3830.45,9.957480493715138,-6.253294733137706,16.210775226852846,73.01136363636364,45.357142857142854,82.14207933282228,205699.95,19818114,317725.95,18095.0,5.395919438430763
2020-10-29,3848,3859,3818,3842,190670,349987,3817.6,3791.1,3755.65,3831.35,13.75849227145045,-2.250937332220075,16.009429603670526,62.32394366197183,42.07142857142857,75.32142177770382,203414.3,19627444,318797.0,-3454.0,-0.9772493853288156
2020-10-30,3842,3878,3823,3864,202740,351760,3833.4,3803.5,3765.15,3832.1,18.334686772280293,1.8661874886799985,16.468499283600295,62.19081272084806,43.714285714285715,79.31623283003222,202847.85,19830184,319988.0,1773.0,0.5065902447805248
2020-11-02,3865,3883,3851,3875,159445,349481,3849.4,3817.0,3775.9,3832.55,22.588574922249336,6.010664975393866,16.57790994685547,66.07773851590106,43.42857142857143,82.89343706352935,201547.1,19989629,321683.9,-2279.0,-0.6478849215374116
2020-11-03,3875,3889,3854,3862,126767,344404,3859.4,3828.7,3785.55,3831.733333333333,24.626936579094036,9.733919296133902,14.893017282960134,69.51672862453532,42.92857142857143,75.35816427389527,196891.1,19862862,323323.0,-5077.0,-1.4527256131234623
2020-11-04,3858,3899,3858,3887,185249,348349,3866.0,3838.6,3796.2,3831.1833333333334,27.93759671959515,13.374654780826152,14.562941938768997,80.91603053435114,41.714285714285715,81.82533614189965,195379.65,20048111,325488.5,3945.0,1.1454570794764196
2020-11-05,3891,3934,3886,3903,198546,343326,3878.2,3847.9,3806.75,3831.05,31.489394872756293,16.99760279921218,14.491792073544111,80.98859315589354,42.357142857142854,96.49154529192111,194650.95,20246657,328361.4,-5023.0,-1.4419447163620425
2020-11-06,3905,3934,3901,3920,121686,347505,3889.4,3861.4,3814.15,3831.2166666666667,35.26941456685381,20.65196515274051,14.617449414113302,82.14285714285714,41.42857142857143,91.37139691577921,191801.9,20368343,331686.4,4179.0,1.2172104646895443
2020-11-09,3924,3996,3922,3983,215927,353070,3911.0,3880.2,3823.55,3832.5333333333333,42.854678833547496,25.092507888901906,17.76217094464559,85.20710059171597,45.07142857142857,108.49225039786887,194272.75,20584270,334481.3,5565.0,1.6014158069667994
2020-11-10,3995,4010,3924,3933,181077,339785,3925.2,3892.3,3831.0,3833.1833333333334,44.3205733008017,28.938120971281865,15.382452329519833,71.01449275362319,47.5,86.320718914214,195508.0,20403193,336261.95,-13285.0,-3.7627099442037015
2020-11-11,3943,3973,3939,3948,129768,340711,3937.4,3901.7,3840.55,3834.45,46.1605695551948,32.38261068806445,13.777958867130344,70.41420118343196,47.42857142857143,74.84727985546033,193607.7,20532961,337557.7,926.0,0.27252527333461174
2020-11-12,3948,3966,3922,3924,179880,330239,3941.6,3909.9,3850.5,3834.85,45.161585770970305,34.938405704645625,10.22318006632468,70.62314540059347,46.42857142857143,58.83375798689967,189504.75,20353081,338314.15,-10472.0,-3.0735726172621325
2020-11-13,3928,3973,3924,3970,167940,330771,3951.6,3920.5,3862.0,3835.75,47.53375989135384,37.45747654198727,10.07628334936657,73.45844504021449,47.214285714285715,65.30659661864932,189311.4,20521021,339189.6,532.0,0.161095449053561
2020-11-16,3960,4000,3946,3998,229282,340346,3954.6,3932.8,3874.9,3836.95,51.084223833063334,40.18282600020248,10.901397832860852,74.21875,48.785714285714285,75.81220592356823,187935.6,20750303,340549.75,9575.0,2.8947519583034875
2020-11-17,3998,4057,3996,4053,234369,355412,3978.6,3951.9,3890.3,3838.6666666666665,57.67123434200266,43.68050766856253,13.990726673440136,75.06297229219143,49.642857142857146,100.43620846483023,192852.65,20984672,342937.1,15066.0,4.426671681171523
2020-11-18,4049,4063,4034,4047,128527,352771,3998.4,3967.9,3903.25,3839.7166666666667,61.696143038841456,47.28363474261831,14.412508296223145,76.21483375959079,48.785714285714285,95.5544368851408,188623.9,20856145,344396.6,-2641.0,-0.7430812690623845
2020-11-19,4048,4092,4048,4078,177578,350262,4029.2,3985.4,3916.65,3841.5833333333335,66.61940605728932,51.15078900555252,15.468617051736807,76.75,48.07142857142857,95.82132527949288,183733.0,21033723,344847.15,-2509.0,-0.7112262629297761
2020-11-20,4073,4090,4056,4084,121736,345564,4052.0,4001.8,3931.6,3843.5333333333333,70.19610037593338,54.959851279628694,15.23624909630469,76.45569620253164,48.214285714285715,86.63525465689354,175719.1,21155459,345112.0,-4698.0,-1.341281669150518
2020-11-23,4080,4119,4010,4011,261363,326881,4054.6,4004.6,3942.4,3844.383333333333,66.3750363762847,57.2428882989599,9.1321480773248,66.37362637362637,53.5,63.51079988233818,179147.7,20894096,344470.55,-18683.0,-5.406523827713539
2020-11-24,4011,4048,4005,4042,135632,331285,4052.4,4015.5,3953.9,3846.133333333333,65.09784906742834,58.813880452653585,6.283968614774757,66.81127982646422,53.642857142857146,50.19161333397876,178515.95,21029728,344267.5,4404.0,1.347279285122105
2020-11-25,4044,4055,4015,4032,178683,322038,4049.4,4023.9,3962.8,3847.7,62.557627112428236,59.56262978460852,2.9949973278197177,64.17582417582418,53.07142857142857,47.12172613525304,176343.25,20851045,342697.35,-9247.0,-2.7912522450458055
2020-11-26,4046,4094,4028,4082,188526,323103,4050.2,4039.7,3974.8,3850.266666666667,63.84312128315514,60.41872808431785,3.4243931988372935,66.59836065573771,55.42857142857143,63.656001073653854,176236.05,21039571,341353.15,1065.0,0.3307063141616773
2020-11-27,4082,4157,4082,4151,227057,336563,4063.6,4057.8,3989.15,3853.6833333333334,69.62699140229279,62.26038074791284,7.366610654379947,67.00404858299595,55.357142857142854,93.07482831874378,177451.9,21266628,340593.3,13460.0,4.165854232241739
2020-11-30,4150,4190,4139,4175,299206,307611,4096.4,4075.5,4004.15,3857.1833333333334,75.27957350244606,64.86421929881948,10.415354203626578,75.85470085470085,52.857142857142854,101.6870508701195,184439.95,21565834,338499.8,-28952.0,-8.602252772883535
2020-12-01,4174,4195,4149,4178,178616,297218,4123.6,4088.0,4019.95,3859.9666666666667,79.08966405382034,67.70930824981966,11.380355804000686,75.21929824561403,53.285714285714285,93.41270962678868,187032.4,21744450,336140.5,-10393.0,-3.3786177997535805
2020-12-02,4191,4274,4180,4267,235874,301072,4170.6,4110.0,4038.95,3863.8,88.2731861205225,71.82208382396023,16.45110229656227,82.91746641074856,57.0,112.22555152496481,189563.65,21980324,333776.65,3854.0,1.2966913174841332
2020-12-03,4267,4269,4208,4229,203392,281076,4200.0,4125.1,4055.25,3867.0666666666666,91.430952000469,75.74385745926199,15.687094541207017,75.24366471734893,57.857142857142854,95.14767700789692,189805.95,21776932,330664.15,-19996.0,-6.6416006802359595
2020-12-04,4227,4288,4193,4284,223819,268681,4226.6,4145.1,4073.45,3872.766666666667,97.25050131381158,80.04518623017191,17.205315083639675,76.48148148148148,60.785714285714285,92.04788287109793,194912.6,22000751,326722.95,-12395.0,-4.409839331710996
2020-12-07,4285,4388,4258,4335,349332,236113,4258.6,4177.5,4091.05,3879.85,104.77008551869494,84.99016608787652,19.779919430818424,76.30597014925372,65.71428571428571,105.85488258493687,201582.85,22350083,320875.1,-32568.0,-12.121437690048797
2020-12-08,4330,4365,4313,4313,199288,207506,4285.6,4204.6,4110.05,3887.3333333333335,107.71255080151013,89.53464303060325,18.177907770906884,74.09420289855072,67.35714285714286,92.61980390868197,202493.4,22150795,314261.15,-28607.0,-12.115808955881292
2020-12-09,4190,4288,4162,4275,409430,338947,4287.2,4228.9,4126.4,3894.55,105.75906860654777,92.77952814579216,12.979540460755615,67.62075134168157,74.92857142857143,51.020209259731296,216476.5,21741365,314172.95,131441.0,63.34322862953361
2020-12-10,4279,4386,4279,4348,582034,410631,4311.0,4255.5,4147.6,3904.483333333333,108.84669288563327,95.99296109376039,12.853731791872889,71.08626198083067,80.42857142857143,81.7797007143161,236584.2,22323399,318192.55,71684.0,21.14902919925534
2020-12-11,4355,4525,4275,4325,891106,391575,4319.2,4272.9,4165.35,3914.366666666667,108.19059574946823,98.43248802490197,9.758107724566258,77.25694444444444,90.5,86.55420924265688,272742.5,21432293,321232.75,-19056.0,-4.6406627848360245
2020-12-14,4343,4394,4302,4317,547773,437629,4315.6,4287.1,4181.3,3923.3333333333335,105.8054416313962,99.90707874620082,5.898362885195382,74.86437613019892,94.0,65.09399572660864,288667.05,20884520,326096.9,46054.0,11.76122071123029
2020-12-15,4310,4387,4260,4374,505360,456177,4327.8,4306.7,4197.35,3933.133333333333,107.27797966844628,101.38125893064992,5.8967207377963575,78.5,100.21428571428571,59.830584336057136,302216.6,21389880,331135.15,18548.0,4.238293166129292
2020-12-16,4388,4425,4365,4418,465541,462892,4356.4,4321.8,4215.9,3944.6,110.71910799185025,103.24882874289,7.470279248960253,78.28282828282829,99.78571428571429,75.87348863972633,319067.3,21855421,336641.2,6715.0,1.4720163445329337
2020-12-17,4437,4455,4402,4446,435902,465858,4376.0,4343.5,4234.3,3957.2166666666667,114.38701071825744,105.4764651379635,8.910545580293942,76.67269439421338,98.21428571428571,78.2085926027072,331983.5,22291323,342421.0,2966.0,0.6407542148060497
2020-12-18,4446,4610,4444,4609,555155,469977,4432.8,4376.0,4260.55,3972.5833333333335,128.96001700568922,110.17317551150866,18.786841494180564,81.35838150289018,106.42857142857143,104.11831134139595,353654.45,22846478,348641.65,4119.0,0.8841750061177489
2020-12-21,4609,4742,4580,4742,511011,504127,4517.8,4416.7,4297.1,3989.5666666666666,149.51767131059296,118.04207467132554,31.475596639267422,84.30656934306569,114.71428571428571,121.35149292825638,366136.85,23357489,357503.95,34150.0,7.266313032339888
2020-12-22,4805,4939,4653,4698,1562123,483343,4582.6,4455.2,4329.9,4006.85,160.41021902741886,126.5157035425442,33.89451548487466,77.73487773487774,128.28571428571428,118.38074280612219,437461.4,21795366,365106.85,-20784.0,-4.12277065104626
2020-12-23,4716,4729,4548,4609,1220321,496747,4620.8,4488.6,4358.75,4022.8,160.01651460011908,133.2158657540592,26.800648846059886,72.94685990338164,136.85714285714286,74.66067574593431,489543.3,20575045,373842.3,13404.0,2.7731859155920358
2020-12-24,4601,4673,4580,4584,780563,504034,4648.4,4512.2,4383.85,4038.1,155.8902046972471,137.7507335426968,18.139471154550307,68.796992481203,136.71428571428572,64.27863616824723,519145.15,19794482,382888.85,7287.0,1.4669439372557935
2020-12-25,4570,4593,4473,4589,1152680,496409,4644.4,4538.6,4405.75,4053.35,151.27967466283462,140.45652176672436,10.823152896110258,66.88829787234043,136.0,43.21090114074156,565426.3,20947162,390881.15,-7625.0,-1.5127947717812673
2020-12-28,4589,4630,4411,4418,962267,500151,4579.6,4548.7,4417.9,4065.983333333333,132.30242549441664,138.82570251226284,-6.523277017846198,55.826859045504996,147.92857142857142,21.02229951239331,598579.35,19984895,400508.15,3742.0,0.7538138913677939
2020-12-29,4405,4482,4389,4401,955406,499093,4520.2,4551.4,4429.05,4078.1833333333334,114.57036502919618,133.9746350156495,-19.40426998645333,57.159090909090914,143.78571428571428,-1.362378230898157,637418.85,19029489,410601.9,-1058.0,-0.21153611609293632
2020-12-30,4410,4476,4341,4436,1122283,501431,4485.6,4553.2,4437.5,4090.883333333333,102.16410267007177,127.61252854653397,-25.448425876462196,55.225653206650826,145.5,-6.433386647977962,681739.3,20151772,420619.85,2338.0,0.4684497678789423
2020-12-31,4435,4569,4435,4554,871154,523892,4479.6,4564.0,4453.75,4105.25,100.69293868306522,122.22861057384023,-21.535671890775006,62.219850586979724,137.21428571428572,23.468950067582316,715127.4,21022926,432760.65,22461.0,4.479380014398782
2021-01-04,4505,4534,4423,4492,656420,501210,4460.2,4552.3,4464.15,4117.25,93.44695050312475,116.47227855969713,-23.025328056572377,58.82946518668012,140.0,7.367802332490376,736757.45,20366506,444387.1,-22682.0,-4.3295182976644035
2021-01-05,4496,4534,4465,4494,493387,504718,4475.4,4527.5,4472.1,4128.9,86.864515883477,110.55072602445311,-23.686210140976115,56.41025641025641,135.85714285714286,9.861644159699738,743960.2,20859893,457817.35,3508.0,0.6999062269308354
2021-01-06,4500,4588,4460,4518,815660,511840,4498.8,4509.5,4482.35,4141.133333333333,82.63195866428396,104.96697255241929,-22.335013888135336,55.45851528384279,140.71428571428572,15.831037311886579,774778.8,21675553,473034.05,7122.0,1.4110850019218635
2021-01-07,4523,4685,4521,4657,849422,574170,4543.0,4514.3,4501.45,4156.133333333333,89.46249692657602,101.86607742725064,-12.403580500674622,60.27263875365142,148.85714285714286,50.293229455583734,796778.4,22524975,484795.2,62330.0,12.177633635511098
2021-01-08,4645,4699,4609,4646,672941,572759,4561.4,4520.5,4516.35,4171.483333333334,92.9170497312034,100.0762718880412,-7.159222156837799,52.114285714285714,143.42857142857142,57.24077509296531,801323.75,21852034,492901.6,-1411.0,-0.24574603340473677
2021-01-11,4651,4658,4443,4458,1017696,519842,4554.6,4507.4,4523.0,4183.45,79.56757344159541,95.97453219875206,-16.406958757156644,34.73118279569893,147.21428571428572,-1.3606186027349052,807653.25,20834338,499314.95,-52917.0,-9.238964381179516
2021-01-12,4460,4470,4396,4462,665112,513446,4548.2,4511.8,4530.25,4195.483333333334,68.52091739199841,90.48380923740133,-21.962891845402922,36.741573033707866,132.07142857142858,-39.82427181338192,813520.2,21499450,503105.8,-6396.0,-1.2303738443603995
2021-01-13,4460,4468,4402,4438,484655,511072,4532.2,4515.5,4533.45,4207.033333333334,57.17073481875832,83.82119435367272,-26.650459534914404,39.63636363636364,123.85714285714286,-48.278260762905475,812484.95,21014795,505850.55,-2374.0,-0.4623660521262174
2021-01-14,4450,4457,4408,4429,441437,514856,4486.6,4514.8,4534.0,4217.716666666666,46.908674571134725,76.43869039716512,-29.530015826030393,40.42027194066748,120.71428571428571,-52.24251776005854,811279.75,20573358,508448.75,3784.0,0.7404044831256673
2021-01-15,4435,4528,4435,4489,633237,528323,4455.2,4508.3,4536.15,4229.033333333334,43.12035187489164,69.77502269271042,-26.654670817818783,44.212962962962955,119.21428571428571,-27.332382441682597,821146.5,21206595,511572.0,13467.0,2.615682831704391
2021-01-18,4489,4543,4460,4503,449539,527855,4464.2,4509.4,4530.85,4241.0,40.77770187783699,63.975558529735736,-23.197856651898746,56.01131541725601,109.5,-16.60753232484282,815865.7,21656134,514465.9,-468.0,-0.08858217416239933
2021-01-19,4503,4503,4371,4384,633022,548048,4448.6,4498.4,4512.95,4250.816666666667,28.98471168780452,56.9773891613495,-27.99267747354498,48.949320148331275,112.28571428571429,-54.64627197721651,821966.25,21023112,516661.95,20193.0,3.82548237678908
2021-01-20,4385,4434,4364,4413,503209,538504,4443.6,4487.9,4498.7,4260.833333333333,21.728269667832137,49.92756526264603,-28.19929559481389,48.567870485678704,107.64285714285714,-64.57888355068172,769020.55,21526321,519420.0,-9544.0,-1.7414533033602853
2021-01-21,4410,4463,4344,4430,840269,568644,4443.8,4465.2,4489.75,4270.433333333333,17.151532818364103,43.37235877378965,-26.220825955425546,41.168091168091166,106.57142857142857,-54.37604655850689,750017.95,22366590,523014.85,30140.0,5.5969872090086525
2021-01-22,4420,4453,4350,4362,526256,583733,4418.4,4436.8,4478.65,4279.1,7.945809841505252,36.28704898733277,-28.341239145827515,40.81920903954802,104.57142857142857,-65.18067761387601,737302.6,21840334,526999.8,15089.0,2.6535055324596657
2021-01-25,4351,4444,4292,4426,863360,557646,4403.0,4433.6,4470.5,4288.466666666666,5.748211385657669,30.17928146699775,-24.43107008134008,45.58441558441559,110.5,-59.36812344749583,722836.6,22703694,530061.65,-26087.0,-4.4689952426880115
2021-01-26,4421,4477,4414,4428,628900,550414,4411.8,4430.2,4471.0,4297.683333333333,4.120483690784567,24.967521911755117,-20.84703822097055,43.983957219251344,105.85714285714286,-21.155016594768647,706168.25,23332594,532574.8,-7232.0,-1.2968800995613705
2021-01-27,4440,4534,4424,4521,708898,592235,4433.4,4438.5,4477.0,4308.666666666667,10.21704479946493,22.01742648929708,-11.80038168983215,40.31339031339031,101.78571428571429,13.62932784211523,693842.85,24041492,537231.9,41821.0,7.598098885566129
2021-01-28,4519,4550,4421,4423,774763,537976,4432.0,4437.9,4476.35,4317.6,7.059455413964315,19.025832274230527,-11.966376860266212,35.868187579214194,104.57142857142857,-8.022227189423504,676466.85,23266729,539059.15,-54259.0,-9.16173478433392
2021-01-29,4421,4454,4360,4390,625079,523320,4437.6,4428.0,4468.15,4325.716666666666,1.8726323294376925,15.59519228527196,-13.722559955834267,44.63722397476341,95.92857142857143,-48.21380735076883,664163.1,22641650,539030.55,-14656.0,-2.7242850982199918
2021-02-01,4402,4441,4340,4342,520967,520097,4420.8,4411.9,4460.65,4332.75,-6.041518318887938,11.26785016443998,-17.30936848332792,41.150442477876105,97.85714285714286,-60.761970613708264,657390.45,22120683,539974.9,-3223.0,-0.6158755637086344
2021-02-02,4342,4375,4286,4307,548182,497943,4396.6,4404.2,4451.3,4338.15,-14.965237279042412,6.0212326757435015,-20.986469954785914,40.49346879535558,99.5,-82.98871578641776,660130.2,21572501,539636.15,-22154.0,-4.25959003801214
2021-02-03,4313,4363,4295,4335,473004,485723,4359.4,4396.4,4442.15,4344.85,-19.552592734672544,0.9064675936602926,-20.459060328332836,43.36158192090395,100.85714285714286,-69.23759285026175,642997.4,22045505,538330.3,-12220.0,-2.454096151567553
2021-02-04,4349,4403,4336,4387,456039,465188,4352.2,4392.1,4428.65,4352.166666666667,-18.775704926580147,-3.0299669103877953,-15.745738016192352,42.714285714285715,98.64285714285714,-39.805773578280615,623328.25,22501544,532881.2,-20535.0,-4.227718267407554
2021-02-05,4397,4461,4373,4450,450961,457412,4364.2,4400.9,4418.85,4360.933333333333,-12.92742296951019,-5.0094581222122745,-7.917964847297915,46.461949265687586,99.0,4.868986176735084,612229.25,22952505,527113.85,-7776.0,-1.6715822420182769
2021-02-08,4444,4561,4432,4546,522862,478170,4405.0,4412.9,4423.25,4370.533333333334,-0.53999496360575,-4.11556549049097,3.57557052688522,61.15702479338843,98.78571428571429,86.29928433169793,587487.55,23475367,525030.25,20758.0,4.538140669680724
2021-02-09,4540,4622,4530,4616,434760,503867,4466.8,4431.7,4430.95,4380.833333333333,14.75545427137422,-0.341361538117932,15.096815809492151,63.233376792698834,100.35714285714286,124.0022829913138,575969.95,23910127,524551.3,25697.0,5.374030156638843
2021-02-10,4615,4616,4564,4608,302508,485768,4521.4,4440.4,4439.45,4390.083333333333,25.932738381158742,4.913458445737403,21.019279935421338,61.74142480211082,95.57142857142857,106.44196834226082,566862.6,23607619,523286.1,-18099.0,-3.5920193225593255
2021-02-18,4685,4748,4671,4708,315092,504628,4585.6,4468.9,4453.4,4401.1,42.37154800128974,12.405076356847871,29.966471644441867,71.89873417721519,98.21428571428571,134.22752642551342,560545.35,23922711,522774.7,18860.0,3.882511816340317
2021-02-19,4708,4755,4643,4690,428510,517723,4633.6,4498.9,4463.45,4411.3,53.33219316804389,20.590499719087077,32.74169344895681,67.74193548387098,95.35714285714286,105.98935982420167,550309.0,23494201,522244.7,13095.0,2.59498085718588
2021-02-22,4692,4905,4665,4822,635053,521129,4688.8,4546.9,4479.4,4423.6,71.84173347626438,30.84074647052254,41.00098700574184,72.5400457665904,108.0,120.1964798489896,559584.7,24129254,521908.4,3406.0,0.6578807586296254
2021-02-23,4813,4876,4771,4799,462199,528202,4725.4,4596.1,4500.15,4436.733333333334,83.69004302286066,41.41060578099017,42.2794372418705,67.28855721393035,107.64285714285714,104.57930384628523,551043.55,23667055,520916.1,7073.0,1.3572455188638477
2021-02-24,4795,4838,4750,4816,422367,530856,4767.0,4644.2,4520.3,4449.633333333333,93.37529929984794,51.80354448476173,41.57175481508621,77.17842323651452,104.71428571428571,86.29437476470291,547001.45,24089422,520533.7,2654.0,0.5024592864093735
2021-02-25,4818,4954,4799,4908,660729,524088,4807.0,4696.3,4544.2,4464.233333333334,107.2383884137289,62.89051327055516,44.34787514317374,83.12020460358056,109.07142857142857,95.03566880777362,538024.45,24750151,518305.9,-6768.0,-1.2749220127492245
2021-02-26,4892,4927,4836,4887,532753,504771,4846.4,4740.0,4570.45,4477.65,115.2024794469553,73.3529065058352,41.8495729411201,86.09271523178808,108.35714285714286,82.06767702432536,538349.3,24217398,514357.8,-19317.0,-3.6858313870952952
2021-03-01,4871,4920,4805,4841,621379,489652,4850.2,4769.5,4591.2,4489.15,116.45978747074332,81.97428269881682,34.4855047719265,84.85639686684073,110.21428571428571,66.88663194823725,526250.25,23596019,510958.1,-15119.0,-2.9952196144390264
2021-03-02,4841,4915,4816,4907,522920,496022,4871.8,4798.6,4615.15,4501.35,121.38263805951374,89.8559537709562,31.526684288557533,85.57213930348259,112.42857142857143,65.15966778636775,520951.25,24118939,508238.5,6370.0,1.3009239214789359
2021-03-03,4951,5088,4951,5026,772751,512744,4913.8,4840.4,4640.4,4515.483333333334,133.34917184775804,98.55459738631657,34.79457446144147,86.68197474167623,120.5,86.05010901218058,524143.9,24891690,504263.95,16722.0,3.371221437758809
2021-03-04,5031,5054,4993,5016,479691,501141,4935.4,4871.2,4670.05,4527.966666666666,140.40729180324615,106.9251362697025,33.48215553354365,84.59657701711491,118.57142857142857,75.70429457355449,509390.3,24411999,502422.2,-11603.0,-2.2629226280561077
2021-03-05,4990,4990,4784,4878,802109,430645,4933.6,4890.0,4694.45,4538.783333333334,133.32852775921856,112.20581456760573,21.12271319161283,69.30232558139535,125.92857142857143,42.1184954300713,518241.8,23609890,497788.45,-70496.0,-14.067098880355033
2021-03-08,4903,5038,4882,4964,519103,436414,4958.2,4904.2,4725.55,4550.116666666667,133.12347299242538,116.38934625256967,16.73412673985571,69.86301369863014,130.78571428571428,53.603466185711795,518148.6,24128993,493604.3,5769.0,1.3396184792578536
2021-03-09,4964,5020,4808,4820,721339,412892,4940.8,4906.3,4751.2,4558.2,119.95856144587833,117.1031892912314,2.855372154646929,60.47430830039526,142.21428571428572,32.594151024148886,526806.45,23407654,489351.75,-23522.0,-5.389836256398739
2021-03-10,4870,4872,4771,4818,543501,387215,4899.2,4906.5,4775.35,4566.616666666667,108.11757876472802,115.30606718593073,-7.188488421202706,56.01750547045952,139.42857142857142,13.36480916595606,530331.3,22864153,484426.35,-25677.0,-6.2188175116010935
2021-03-11,4835,4948,4760,4925,666305,402513,4881.0,4908.2,4802.25,4577.45,106.14395895739017,113.47364554022262,-7.329686582832451,61.71485543369891,144.85714285714286,25.339973533800165,540844.6,23530458,481292.6,15298.0,3.9507767002827876
2021-03-12,4951,5085,4950,4995,778119,454616,4904.4,4919.0,4829.5,4588.233333333334,108.97210345070198,112.5733371223185,-3.6012336716165265,59.192348565356006,139.14285714285714,64.75662142046869,557202.5,24308577,481152.8,52103.0,12.944426639636486
2021-03-15,4995,5075,4938,5068,754219,514012,4925.2,4941.7,4855.6,4600.616666666667,115.76940066397401,113.2125498306496,2.556850833324404,63.57214934409687,141.42857142857142,68.15397487698809,568770.35,25062796,482944.9,59396.0,13.065092297675406
2021-03-16,5058,5060,4875,4931,880094,440479,4947.4,4944.1,4871.35,4610.85,108.84683408560886,112.33940668164146,-3.492572596032602,55.17551755175518,148.92857142857142,37.344613317191474,591037.05,24182702,479775.5,-73533.0,-14.305697143257357
2021-03-17,4922,5000,4902,4984,496232,438864,4980.6,4939.9,4890.15,4621.016666666666,106.41067127822043,111.15365960095727,-4.742988322736835,53.54477611940299,144.85714285714286,38.24679632333018,600723.25,24678934,477430.3,-1615.0,-0.36664631003975323
2021-03-18,4981,5027,4961,5005,597377,450346,4996.6,4938.8,4905.0,4630.8,104.96455316669744,109.91583831410532,-4.951285147407873,55.50373134328358,143.07142857142858,52.71540705710478,614837.5,25276311,474716.2,11482.0,2.61630026614168
2021-03-19,5005,5080,4986,5026,998746,507580,5002.8,4953.6,4921.8,4640.466666666666,104.31059107742294,108.79478886676884,-4.484197789345899,58.83476599808978,141.57142857142858,68.91084133456594,643349.3,26275057,474209.05,57234.0,12.708894938558357
2021-03-22,5026,5215,5016,5097,1186457,558972,5008.6,4966.9,4935.55,4648.6,108.27332059633864,108.6904952126828,-0.41717461634416964,59.03041825095056,148.71428571428572,101.10147375742288,670919.5,27461514,476101.2,51392.0,10.124906418692614
2021-03-23,5097,5150,5047,5128,850028,562071,5048.0,4997.7,4952.0,4655.033333333334,112.61707368840871,109.47581090782799,3.1412627805807176,55.29045643153526,143.14285714285714,88.44194735815012,690310.95,28311542,477794.65,3099.0,0.5544105965951784
2021-03-24,5113,5169,5086,5161,807854,587021,5083.4,5032.0,4969.25,4662.75,117.36939222278397,111.0545271708192,6.314865051964773,57.34549138804458,144.71428571428572,93.33497112049295,709585.3,29119396,480602.9,24950.0,4.438940987882312
2021-03-25,5161,5209,5108,5130,847007,546165,5108.4,5052.5,4980.35,4671.433333333333,117.28224130558192,112.30006999777174,4.982171307810177,64.31818181818181,135.35714285714286,85.75342115553757,718899.2,28272389,481706.75,-40856.0,-6.959887295343781
2021-03-26,5107,5200,5091,5195,752485,522715,5142.2,5072.5,4995.75,4681.616666666667,121.06259609916378,114.05257521805015,7.010020881113633,63.445867287543656,131.71428571428572,80.9466152528122,729885.8,29024874,482603.95,-23450.0,-4.293574286158941
2021-03-29,5195,5374,5195,5327,971699,559315,5188.2,5098.4,5020.05,4693.916666666667,133.1746963380192,117.87699944204397,15.297696895975236,79.92916174734357,129.35714285714286,118.43429927012448,747401.8,29996573,486087.1,36600.0,7.001903522952269
2021-03-30,5330,5408,5305,5372,748709,573408,5237.0,5142.5,5043.3,4709.816666666667,144.73631679480877,123.24886291259693,21.487453882211838,81.12359550561797,129.5,116.72037294017177,758691.25,30745282,489956.4,14093.0,2.5196892627589174
2021-03-31,5383,5436,5337,5383,1075575,545903,5281.4,5182.4,5061.15,4726.183333333333,153.0226426023246,129.20361885054248,23.81902375178211,78.84130982367759,123.14285714285714,103.65683437560212,773832.45,31820857,491614.35,-27505.0,-4.796759026731401
2021-04-01,5383,5483,5354,5467,764731,572989,5348.8,5228.6,5083.7,4743.366666666667,164.471785128414,136.2572521061168,28.214533022297218,79.20792079207921,120.92857142857143,99.67264098294689,788084.45,32585588,495206.75,27086.0,4.961687332731279
2021-04-02,5480,5559,5440,5556,1062612,500198,5421.0,5281.6,5117.6,4760.066666666667,178.6673038012368,144.7392624451408,33.928041356096,79.6116504854369,119.64285714285714,103.20814932082067,801109.6,33648200,498684.4,-72791.0,-12.70373427762138
2021-04-06,5589,5589,5532,5566,423919,465492,5468.8,5328.5,5147.7,4777.966666666666,188.55077508277918,153.5015649726685,35.04921011011069,95.55236728837876,109.92857142857143,96.5728306340375,796350.4,34072119,500138.3,-34706.0,-6.938452372860349
2021-04-07,5576,5674,5491,5527,944857,415899,5499.8,5368.4,5183.05,4795.183333333333,191.0343975958649,161.00813149730777,30.02626609855713,89.7510980966325,116.0,85.02626949885192,807526.3,33127262,500288.65,-49593.0,-10.653888788636534
2021-04-08,5507,5553,5435,5490,796423,360703,5521.2,5401.3,5216.65,4811.383333333333,187.85165856656295,166.37683691115882,21.474821655404128,84.69241773962804,119.71428571428571,63.63412758318074,820172.4,32330839,498963.05,-55196.0,-13.271491395747525
2021-04-09,5501,5524,5439,5460,480407,318893,5519.8,5434.3,5243.4,4824.766666666666,180.8241375770358,169.2662970443342,11.55784053270159,80.64971751412429,119.07142857142857,54.489477776906114,810877.5,31850432,494782.05,-41810.0,-11.591253746156816
2021-04-12,5355,5400,5211,5265,1047375,563305,5461.6,5441.3,5256.9,4835.083333333333,157.7020155758155,166.95344075063048,-9.251425174814983,60.09615384615385,122.64285714285714,9.657225767515111,824340.3,30803057,500216.5,244412.0,76.64388995681936
2021-04-13,5268,5413,5268,5403,761216,604989,5429.0,5448.9,5273.65,4850.833333333333,148.79776596715783,163.32230579393595,-14.524539826778124,64.64323748668797,125.85714285714286,22.704641428308886,824690.15,31564273,504765.35,41684.0,7.399898811478689
2021-04-14,5418,5455,5385,5418,625760,622695,5407.2,5453.5,5298.0,4866.766666666666,141.3223821886695,158.92232107288265,-17.599938884213145,63.952225841476654,124.92857142857143,32.96552153975741,811973.45,32190033,513876.15,17706.0,2.9266647823348757
2021-04-15,5434,5453,5365,5393,722682,645246,5387.8,5454.5,5318.45,4882.683333333333,131.8607865538006,153.51001416906624,-21.64922761526563,64.37158469945355,124.0,25.17966965891927,823295.95,31467351,524195.25,22551.0,3.6215161515669836
2021-04-16,5390,5464,5352,5413,1086744,632362,5378.4,5449.1,5338.85,4899.083333333333,124.54061007002838,147.71613334925868,-23.175523279230305,62.52873563218391,124.21428571428571,23.053764346496372,847764.3,32554095,533296.05,-12884.0,-1.9967578256974816
2021-04-19,5415,5455,5370,5370,808191,631918,5399.4,5430.5,5356.05,4913.766666666666,113.95596342239969,140.96409936388687,-27.008135941487183,52.752880921895006,117.5,15.521392955191034,838236.55,31745904,539512.95,-444.0,-0.07021294764707475
2021-04-20,5370,5430,5360,5429,655818,629991,5404.6,5416.8,5372.65,4929.2,109.07105834608228,134.58549116032597,-25.51443281424369,53.58490566037735,115.14285714285714,14.285826061118108,811704.6,32401722,543063.9,-1927.0,-0.30494462889172347
2021-04-21,5435,5488,5380,5484,731418,668387,5417.8,5412.5,5390.45,4947.533333333334,108.38834287778627,129.34606150381805,-20.957718626031777,56.01907032181168,115.78571428571429,26.750837884265398,805774.1,33133140,548379.7,38396.0,6.094690241606626
2021-04-22,5495,5579,5475,5552,1050155,722448,5449.6,5418.7,5410.0,4966.516666666666,112.04275847524332,125.88540089810311,-13.842642422859797,55.1640340218712,114.0,57.43698959882842,817889.15,34183295,555151.05,54061.0,8.088278198109776
2021-04-23,5559,5597,5535,5590,606046,712279,5485.0,5431.7,5433.0,4985.85,116.66040307752246,124.04040133398699,-7.379998256464532,52.2020725388601,109.92857142857143,71.91462066410972,805841.1,34789341,563456.75,-10169.0,-1.4075753549044334
2021-04-26,5590,5795,5578,5737,1128876,748793,5558.4,5478.9,5460.1,5008.766666666666,130.67524824366774,125.36737071592316,5.30787752774458,59.4059405940594,121.35714285714286,123.37162849569367,824660.65,35918217,574760.65,36514.0,5.126362001406748
2021-04-27,5757,5772,5728,5752,597341,748798,5623.0,5513.8,5481.35,5030.866666666667,141.3629446189243,128.5664854965234,12.796459122400904,62.71186440677966,111.42857142857143,119.75715872816077,805942.75,36515558,584234.8,5.0,0.0006677412849764863
2021-04-28,5751,5758,5635,5691,856419,729809,5664.4,5541.1,5497.3,5051.916666666667,143.25942531613236,131.5050734604452,11.754351855687162,61.05610561056106,111.78571428571429,83.39154024015119,811328.25,35659139,592054.85,-18989.0,-2.5359309186189116
2021-04-29,5650,5801,5643,5787,1004581,773311,5711.4,5580.5,5517.5,5073.016666666666,150.77080563085383,135.35821989452694,15.41258573632689,66.76923076923077,117.0,89.17058763134871,807778.55,36663720,603425.25,43502.0,5.960737672459504
2021-04-30,5789,5799,5662,5688,802857,723595,5731.0,5608.0,5528.55,5094.1,147.04016849132404,137.69460961388637,9.345558877437668,74.06143344709898,109.0,69.94027865795131,809684.85,35860863,610955.55,-49716.0,-6.428978767921311
2021-05-06,5802,5957,5795,5935,625936,710043,5770.6,5664.5,5547.5,5119.85,162.14533690347162,142.58475507180344,19.560581831668173,76.92307692307693,117.64285714285714,109.73638113298696,787851.05,36486799,621447.8,-13552.0,-1.8728708739004563
2021-05-07,5950,6024,5938,5999,630980,722422,5820.0,5721.5,5569.15,5147.466666666666,177.23747355796422,149.5152987690356,27.722174788928612,78.01350048216008,119.0,111.8525307754138,798204.1,37117779,634294.3,12379.0,1.7434155396222506
2021-05-10,6031,6335,5991,6335,604780,704714,5948.8,5806.6,5609.55,5181.266666666666,213.8454156826192,162.38132215175233,51.464093530866876,84.9406528189911,137.28571428571428,130.22521563264914,781200.25,37722559,648735.05,-17708.0,-2.4511988837549237
2021-05-11,6460,6591,6315,6540,1720148,690412,6099.4,5905.4,5662.05,5218.016666666666,256.44314337934065,181.19368639727,75.24945698207065,86.7579908675799,149.0,135.26839599944577,827386.5,39442707,665220.5,-14302.0,-2.0294757873406843
2021-05-12,6550,6727,6473,6683,1271841,751872,6298.4,6014.7,5723.2,5256.283333333334,298.30240988384594,204.61543109458518,93.68697878926076,90.20208205756276,161.07142857142858,122.9657272918152,866958.2,40714548,686869.45,61460.0,8.901931020897669
2021-05-13,6600,6696,6296,6438,1714547,734378,6399.0,6084.8,5781.85,5289.416666666667,308.154514297531,225.32324773517433,82.83126656235669,77.7350192413414,184.64285714285714,89.22185410055101,900316.8,39000001,695423.1,-17494.0,-2.32672582567246
2021-05-14,6420,6426,6135,6135,1289899,699403,6426.2,6123.1,5818.45,5315.9,288.19072699432127,237.89674358700373,50.29398340731754,65.74746008708273,198.57142857142858,53.01692879001575,926750.95,37710102,700143.8,-34975.0,-4.762533736032393
2021-05-17,6150,6185,5855,5949,1578307,668247,6349.0,6148.9,5845.0,5338.116666666667,254.42775144913594,241.2029451594302,13.224806289705754,59.08466819221968,214.71428571428572,20.510099590960735,974378.3,36131795,702421.4,-31156.0,-4.4546563283257345
2021-05-18,5943,6064,5910,5980,863874,692948,6237.0,6168.2,5874.35,5360.983333333334,227.54875064935732,238.47210625741562,-10.923355608058301,58.95316804407713,221.28571428571428,15.822571647766512,981437.9,36995669,704806.5,24701.0,3.6963877129265077
2021-05-19,5965,6013,5641,5678,1227874,661735,6036.0,6167.2,5887.6,5377.15,179.80538819198864,226.73876264433025,-46.93337445234161,48.73553364766395,232.35714285714286,-14.38935561186219,988494.4,35767795,706275.15,-31213.0,-4.504378394915632
2021-05-20,5582,5655,5349,5555,1515242,606824,5859.4,6129.2,5896.85,5391.566666666667,130.5385898200666,207.49872807947753,-76.96013825941094,45.96476853748464,252.71428571428572,-51.48141224590769,1023846.95,34252553,705020.45,-54911.0,-8.2980347117804
2021-05-21,5555,5635,5444,5493,953910,594361,5731.0,6078.6,5900.05,5402.75,85.50575816320452,183.10013409622292,-97.5943759330184,45.945945945945944,257.57142857142856,-52.79442332542934,1038751.55,33298643,703238.95,-12463.0,-2.0538080234137057
2021-05-24,5526,5526,5139,5316,1416940,583485,5604.4,5976.7,5891.65,5411.366666666667,35.12954238460043,153.50601575389842,-118.376473369298,40.66587395957194,273.92857142857144,-77.93444047530537,1073027.65,31881703,698993.85,-10876.0,-1.82986434170479
2021-05-25,5300,5368,5233,5281,778332,579703,5464.6,5850.8,5878.1,5419.116666666667,-7.531362198461466,121.29854016342645,-128.82990236188792,41.724278161854414,273.7857142857143,-77.374775589836,1059436.5,31103371,691856.6,-3782.0,-0.6481743318165867
2021-05-26,5260,5270,5011,5017,1082753,606345,5332.4,5684.2,5849.45,5420.933333333333,-61.92914941084837,84.6530022485715,-146.58215165941988,31.462035541195476,273.85714285714283,-91.89461776179031,1083271.85,30020618,686559.9,26642.0,4.5958016432552595
2021-05-27,4988,5214,4951,5186,1076261,590740,5258.6,5559.0,5821.9,5425.916666666667,-90.36127159250918,49.65014748035537,-140.01141907286456,34.25029058504455,286.2857142857143,-80.0980346577876,1080641.1,31096879,678657.25,-15605.0,-2.5736173300678677
2021-05-28,5209,5385,5200,5328,1117270,579908,5225.6,5478.3,5800.7,5434.033333333334,-100.27975738620444,19.66416650704341,-119.94392389324784,28.90657729367406,275.92857142857144,-54.479837404139325,1106637.55,32214149,670212.75,-10832.0,-1.8336323932694576
2021-05-31,5328,5535,5271,5354,1218247,578276,5233.2,5418.8,5783.85,5441.483333333334,-104.83378748227551,-5.235424290820372,-99.59836319145514,23.143115942028984,275.07142857142856,-42.9212092353188,1124728.95,33432396,662636.1,-1632.0,-0.28142395000586573
2021-06-01,5231,5450,5106,5437,1599575,583583,5264.4,5364.5,5766.35,5448.333333333333,-100.58599012185095,-24.305537457026492,-76.28045266482447,20.99627560521415,281.5,-45.61186990351433,1154478.65,35031971,653149.7,5307.0,0.9177278669701083
2021-06-02,5415,5469,5300,5305,887309,559690,5322.0,5327.2,5747.2,5453.15,-106.64157919705212,-40.77274580503162,-65.8688333920205,22.16216216216216,265.0,-40.16479500833349,1158701.25,34144662,644954.45,-23893.0,-4.094190543590203
2021-06-03,5300,5522,5285,5490,923287,572422,5382.8,5320.7,5724.95,5463.35,-95.41286318250059,-51.700769280525414,-43.71209390197517,33.17683881064163,260.2857142857143,-29.87750978652748,1173568.8,35067949,638073.4,12732.0,2.274830709857234
2021-06-04,5500,5584,5386,5434,1043166,549952,5404.0,5314.8,5696.7,5471.183333333333,-89.99534649665475,-59.359684723751286,-30.63566177290346,35.59037493005036,250.85714285714286,-23.607824064008078,1194178.1,34024783,629449.9,-22470.0,-3.9254256475118043
2021-06-07,5470,5508,5250,5252,802496,547790,5383.6,5308.4,5642.55,5478.383333333333,-99.24378389097365,-67.33650455719577,-31.90727933377788,31.217750257997935,258.2857142857143,-33.23251532519103,1204063.9,33222287,621603.7,-2162.0,-0.39312521820086266
2021-06-08,5250,5307,5197,5288,601122,547687,5353.8,5309.1,5579.95,5486.216666666666,-102.48693246041421,-74.36659013783945,-28.120342322574757,38.337320574162675,239.57142857142858,-37.18030724937464,1148112.6,33823409,614467.45,-103.0,-0.018802825900432474
2021-06-09,5292,5400,5261,5366,552978,536056,5366.0,5344.0,5514.1,5493.566666666667,-97.63769635430162,-79.02081138113189,-18.616884973169732,44.19176398279041,226.0,-25.052868161780072,1112169.45,34376387,603676.65,-11631.0,-2.123658220845115
2021-06-10,5360,5516,5358,5448,656849,538191,5357.6,5370.2,5464.6,5501.116666666667,-86.18444645516138,-80.45353839593778,-5.730908059223594,48.63387978142076,223.64285714285714,-6.070236279548827,1059284.55,35033236,593867.3,2135.0,0.3982792842538885
2021-06-11,5455,5610,5455,5610,579779,529575,5392.8,5398.4,5438.35,5510.15,-63.305866660050015,-77.02400404876023,13.718137388710218,59.00735294117647,207.57142857142858,24.019897942747733,1023778.55,35613015,585375.9,-8616.0,-1.6009186329760228
2021-06-15,5515,5534,5195,5436,565725,507043,5429.6,5406.6,5412.7,5518.566666666667,-58.53996093271144,-73.32719542555047,14.787234492839033,54.37605872388482,227.57142857142858,-6.040139468808799,973149.45,35047290,577315.7,-22532.0,-4.25473256856913
2021-06-16,5420,5461,5258,5280,546776,506116,5428.0,5390.9,5377.7,5523.5,-66.58331159154659,-71.97841865874969,5.395107067203099,57.90739627179796,222.78571428571428,-15.655822778535265,957294.55,34500514,567974.1,-927.0,-0.18282473084136885
2021-06-17,5253,5388,5224,5371,601736,490366,5429.0,5397.5,5362.35,5529.6,-64.86703861380738,-70.55614264976123,5.6891040359538465,55.83596214511041,215.71428571428572,-12.685765123046398,925987.65,35102250,559405.65,-15750.0,-3.1119348133629487
2021-06-18,5350,5470,5330,5347,711312,475364,5408.8,5383.2,5351.95,5534.95,-64.6976847011756,-69.38445106004411,4.6867663588685105,50.64758009543286,211.5,14.104655441663965,885791.15,34390938,552832.65,-15002.0,-3.059347507779908
2021-06-21,5375,5389,5166,5170,619006,488594,5320.8,5356.8,5335.8,5536.166666666667,-77.9473625792998,-71.09703336389526,-6.8503292154045425,44.31396786155747,208.57142857142858,-44.52707177798639,869045.95,33771932,547544.3,13230.0,2.7831304011241897
2021-06-22,5115,5176,5070,5153,653246,521785,5264.2,5346.9,5327.65,5536.583333333333,-88.79600065954855,-74.63682682302593,-14.159173836522626,40.850515463917525,191.57142857142858,-83.60919379048993,830861.25,33118686,544459.3,33191.0,6.79316569585382
2021-06-23,5145,5219,5088,5153,640014,537932,5238.8,5333.4,5321.25,5536.45,-96.28372564367965,-78.96620658715668,-17.31751905652297,44.64788732394366,188.85714285714286,-68.16560054011711,823945.35,33118686,542370.75,16147.0,3.094569602422448
2021-06-24,5153,5250,5122,5160,613769,507155,5196.6,5312.8,5328.4,5536.95,-100.49452184898291,-83.27186963952192,-17.22265220946099,36.71497584541063,181.07142857142858,-63.21519651757215,800496.15,33732455,537411.25,-30777.0,-5.721355115516458
2021-06-25,5183,5330,5176,5288,596971,485280,5184.8,5296.8,5333.5,5538.5,-92.437515777935,-85.10499886720454,-7.332516910730462,44.444444444444436,179.07142857142858,-31.29167529610685,776531.65,34329426,532138.25,-21875.0,-4.313277006043514
2021-06-28,5286,5364,5234,5325,553818,477483,5215.8,5268.3,5333.35,5538.466666666666,-82.1200606991606,-84.50801123359577,2.387950534435163,53.12232677502139,169.92857142857142,-11.145810361786458,748359.05,34883244,527017.0,-7797.0,-1.606701285855594
2021-06-29,5335,5440,5297,5315,544239,476843,5248.2,5256.2,5331.4,5537.516666666666,-73.89846414799285,-82.38610181647519,8.487637668482336,51.181102362204726,172.28571428571428,10.002262075177539,714658.65,34339005,521945.35,-640.0,-0.13403618558147645
2021-06-30,5330,5449,5325,5428,512025,502771,5303.2,5271.0,5330.95,5538.266666666666,-57.600649594822244,-77.4290113721446,19.828361777322357,52.631578947368425,171.92857142857142,31.677623510916195,660281.15,34851030,517904.75,25928.0,5.437429090916712
2021-07-01,5430,5494,5404,5428,410332,509575,5356.8,5276.7,5337.1,5537.616666666667,-44.17528890963331,-70.77826687964235,26.602977970009036,49.087591240875916,167.07142857142858,47.87978453645389,636432.3,34851030,515399.0,6804.0,1.3533000113371774
2021-07-02,5429,5469,5361,5418,456028,521613,5382.8,5283.8,5333.5,5535.316666666667,-33.95114263024425,-63.41284202976273,29.46169939951848,39.83050847457627,163.21428571428572,36.60097528633922,613069.35,34395002,512858.55,12038.0,2.3623607908551225
2021-07-05,5410,5508,5345,5494,475968,514410,5416.6,5316.2,5336.5,5534.116666666667,-19.491185942628363,-54.628510812335854,35.13732486970749,53.427895981087474,145.21428571428572,52.76483017273388,584709.45,34870970,511081.45,-7203.0,-1.3809088347107923
2021-07-06,5494,5605,5494,5604,473123,535552,5474.4,5361.3,5354.1,5535.4,0.8348905042785191,-43.535830549012985,44.370721053291504,70.25,138.64285714285714,92.35012413224844,568240.8,35344093,510469.55,21142.0,4.109951206236273
2021-07-07,5608,5773,5580,5768,724834,640153,5542.4,5422.8,5378.1,5540.033333333334,29.832985834427745,-28.862067272324843,58.69505310675259,72.73768613974799,140.71428571428572,118.81153926692949,574426.4,36068927,515092.85,104601.0,19.531436723231366
2021-07-08,5808,5820,5727,5750,744149,675318,5606.8,5481.8,5397.3,5544.866666666667,50.776416810078445,-12.934370455844187,63.71078726592263,73.24106113033449,137.35714285714286,112.19700350527583,583984.95,35324778,522055.95,35165.0,5.493218027565283
2021-07-09,5748,5832,5655,5795,768752,704346,5682.2,5532.5,5414.65,5553.7,70.19618276752499,3.691740188829648,66.50444257869535,92.51700680272108,134.07142857142858,94.98068757301851,589580.1,36093530,530363.7,29028.0,4.298419411299559
2021-07-12,5855,5948,5812,5828,654836,706797,5749.0,5582.8,5425.55,5560.783333333334,87.243621249655,20.40211640099472,66.84150484866029,94.94007989347537,137.42857142857142,104.79823937578357,593332.95,36748366,539224.8,2451.0,0.3479823836580298
2021-07-13,5810,5887,5801,5867,491174,709631,5801.6,5638.0,5447.1,5568.266666666666,102.71675827981835,36.86504477675945,65.8517135030589,95.18987341772151,134.21428571428572,88.04627311573195,589605.4,37239540,549354.2,2834.0,0.40096378450955594
2021-07-14,5860,5999,5851,5999,589507,739085,5847.8,5695.1,5483.05,5578.366666666667,124.1989396193494,54.33182374527744,69.86711587407197,95.84699453551913,135.64285714285714,92.8610388522793,591741.95,37829047,561002.65,29454.0,4.150607851122623
2021-07-15,5956,6015,5911,5962,518387,724308,5890.2,5748.5,5512.6,5587.516666666666,136.66276899226614,70.79801279467519,65.86475619759095,90.89805825242719,130.92857142857142,82.8922270574929,587574.5,37310660,572699.75,-14777.0,-1.999364078556598
2021-07-16,5962,6004,5827,5952,640252,728712,5921.6,5801.9,5542.85,5597.216666666666,144.07274620475346,85.45295947669085,58.61978672806261,89.33500627352572,134.28571428571428,68.16535444501433,584021.5,36670408,585367.15,4404.0,0.6080286287049264
2021-07-19,5950,6060,5918,5926,589138,719545,5941.2,5845.1,5580.65,5605.5,146.16235517516634,97.59483861638596,48.56751655878038,87.57687576875769,134.21428571428572,67.26901495699666,582528.1,36081270,596914.7,-9167.0,-1.2579729714894183
2021-07-20,5900,5991,5822,5968,631476,705078,5961.4,5881.5,5621.4,5613.566666666667,149.48427268560226,107.97272543022922,41.511547255373046,86.38814016172506,136.71428571428572,55.23203261617836,581439.6,36712746,606079.35,-14467.0,-2.0105761279697543
2021-07-21,5968,6024,5901,5918,414892,676941,5945.2,5896.5,5659.65,5619.666666666667,146.39478614607924,115.65713757339923,30.737648572680015,80.93434343434343,139.07142857142858,54.159707687597454,570183.5,36297854,613029.8,-28137.0,-3.990622314126946
2021-07-22,5910,5967,5802,5947,703398,657002,5942.2,5916.2,5699.0,5625.616666666667,144.61932192114182,121.44957444294775,23.16974747819407,82.61405672009865,143.14285714285714,42.67435018833488,574664.95,37001252,620522.15,-19939.0,-2.945456103264543
2021-07-23,5950,5999,5940,5968,365667,633254,5945.4,5933.5,5733.0,5629.466666666666,143.25541893099125,125.81074334055646,17.444675590434798,81.34920634920636,135.71428571428572,50.80321832480499,563099.75,37366919,627920.85,-23748.0,-3.614600868794915
2021-07-26,5976,6068,5900,5990,564905,634850,5958.2,5949.7,5766.25,5633.433333333333,142.3092793355072,129.1104505395466,13.198828795960594,78.89221556886227,139.78571428571428,50.196431453830186,563654.1,37931824,635789.2,1596.0,0.2520315702703835
2021-07-27,6000,6046,5868,5896,479613,586484,5943.8,5952.6,5795.3,5636.85,132.44766820701534,129.77789407304036,2.6697741339749825,60.702341137123746,138.71428571428572,35.820261272313196,560422.8,37452211,641271.25,-48366.0,-7.618492557296996
2021-07-28,5895,5980,5860,5879,501707,592277,5936.0,5940.6,5817.85,5638.383333333333,121.85583420939929,128.19348210031217,-6.337647890912876,60.80402010050251,140.64285714285714,24.911884742749507,559906.9,36950504,645746.55,5793.0,0.9877507314777656
2021-07-29,5898,6113,5870,6104,667598,653684,5967.4,5954.8,5851.65,5645.316666666667,130.1174362430702,128.57827292886378,1.5391633142064052,69.88416988416988,145.35714285714286,53.28931386435092,572770.2,37618102,652952.0,61407.0,10.367952832880567
2021-07-30,6106,6185,6054,6169,734634,688621,6007.6,5976.5,5889.2,5649.216666666666,140.29256676810473,130.92113169671197,9.371435071392767,71.07540173053152,143.78571428571428,81.75851065110622,586700.5,38352736,661302.4,34937.0,5.344631350927975
2021-08-02,6080,6088,5735,5780,1191219,583782,5965.6,5961.9,5903.5,5645.566666666667,115.63442040717109,127.86378943880379,-12.2293690316327,46.24676445211389,168.64285714285714,-11.742036382729014,622463.05,37161517,664771.0,-104839.0,-15.224484876296252
2021-08-03,5800,5814,5603,5608,688318,519488,5908.0,5925.9,5903.7,5633.45,81.27679097444798,118.54638974593263,-37.26959877148465,33.69474562135112,173.14285714285714,-103.02975596637565,633222.8,36473199,663967.8,-64294.0,-11.01335772600046
2021-08-04,5608,5860,5560,5853,662578,514194,5902.8,5919.4,5907.95,5622.0,72.976348644258,109.43238152559772,-36.45603288133972,46.12651030561478,187.14285714285714,-69.32399571333426,630110.0,37135777,657669.85,-5294.0,-1.0190803252433156
2021-08-05,5810,5900,5730,5733,584020,480889,5828.6,5898.0,5907.1,5606.166666666667,56.06886421297804,98.75967806307378,-42.690813850095736,42.78180619644034,186.64285714285714,-56.441481542844514,622103.55,36551757,647948.4,-33305.0,-6.477127309925823
2021-08-06,5736,5845,5691,5772,423409,467115,5749.2,5878.4,5905.95,5595.066666666667,45.29440929715474,88.06662430988999,-42.772215012735245,44.96732026143791,187.5,-65.80338058483659,604836.4,36975166,636086.85,-13774.0,-2.8642784509522956
2021-08-09,5772,5795,5651,5746,497366,458193,5742.4,5854.0,5901.85,5588.583333333333,34.26263511185607,77.30582647028321,-43.04319135842714,42.66842800528402,185.71428571428572,-76.1931466981416,596962.9,36477800,623656.65,-8922.0,-1.9100221572846077
2021-08-10,5777,5863,5738,5856,553499,452799,5792.0,5850.0,5901.3,5587.033333333334,34.003978583638855,68.64545689295434,-34.64147830931549,48.03049555273189,185.85714285714286,-35.28813930228345,600079.15,37031299,610815.05,-5394.0,-1.1772331746665698
2021-08-11,5813,5947,5810,5901,371816,426685,5801.6,5852.2,5896.4,5585.716666666666,37.00356131983699,62.31707777833088,-25.313516458493886,48.55345911949686,183.85714285714286,-3.9212376730043683,589194.6,37403115,595195.05,-26114.0,-5.767238885244885
2021-08-12,5870,5908,5776,5777,377489,405159,5810.4,5819.5,5887.15,5587.366666666667,29.04023085594781,55.66170839385427,-26.621477537906458,44.35912581216775,189.07142857142858,-30.266530061590235,582149.7,37025626,579237.6,-21526.0,-5.0449394752569265
2021-08-13,5777,5790,5710,5765,343986,376057,5809.0,5779.1,5877.8,5590.866666666667,21.512946522633683,48.83195601961015,-27.31900949697647,43.31550802139037,182.78571428571428,-54.13242999476873,567336.4,36681640,561604.85,-29102.0,-7.182859075079162
2021-08-16,5775,5820,5675,5703,357019,341143,5800.4,5771.4,5866.65,5594.366666666667,10.4244708025426,41.150458976196646,-30.725988173654045,44.15505754088431,180.42857142857142,-57.52328602567082,555730.45,36324621,542684.75,-34914.0,-9.284230847983155
2021-08-17,5731,5765,5683,5726,202943,310073,5774.4,5783.2,5854.55,5601.2,3.452879046887574,33.610942990334834,-30.15806394344726,45.383222691611344,177.71428571428572,-55.082199263657245,534303.8,36527564,522934.5,-31070.0,-9.107617626625785
2021-08-18,5685,5685,5453,5482,662665,365425,5690.6,5746.1,5832.75,5604.55,-21.512930779303133,22.586168236407243,-44.09909901571038,31.443914081145593,179.85714285714286,-107.99362385542182,546692.45,35864899,507358.7,55352.0,17.85128018240867
2021-08-19,5442,5483,5301,5389,779303,400872,5613.0,5711.7,5804.85,5610.75,-48.24668000746624,8.419598587632548,-56.66627859509879,27.11267605633803,183.5,-124.64793378323824,550487.7,35085596,494552.2,35447.0,9.700212081822546
2021-08-20,5350,5488,5272,5458,559567,405947,5551.6,5680.3,5779.35,5615.283333333334,-63.137831909788474,-5.891887511851657,-57.24594439793682,38.36705202312139,167.92857142857142,-100.90731733404157,560182.7,35645163,483186.85,5075.0,1.2659901414915575
2021-08-23,5418,5535,5408,5464,545427,387350,5503.8,5652.1,5753.05,5617.55,-73.60653688272123,-19.43481738602557,-54.17171949669566,44.08866995073891,161.92857142857142,-74.68310968397756,559208.8,36190590,470811.85,-18597.0,-4.5811399024995865
2021-08-24,5500,5610,5474,5604,559719,383072,5479.4,5626.9,5738.45,5621.716666666666,-69.80160161213917,-29.50817423124829,-40.293427380890876,38.81401617250674,150.92857142857142,-45.59202473097294,563214.1,36750309,460641.25,-4278.0,-1.1044275203304532
2021-08-25,5605,5630,5555,5569,415173,396624,5496.8,5593.7,5722.95,5623.916666666667,-68.81708991453615,-37.36995736790587,-31.447132546630286,42.023346303501945,144.14285714285714,-35.95645399873276,558887.4,36335136,450858.6,13552.0,3.537716147356118
2021-08-26,5580,5598,5400,5402,643744,414541,5499.4,5556.2,5687.85,5625.533333333334,-80.58344582194695,-46.01265505871409,-34.570790763232864,33.99653979238755,147.28571428571428,-61.46213272167436,557694.7,35691392,438901.45,17917.0,4.5173766590019815
2021-08-27,5390,5543,5340,5495,625859,422243,5506.8,5529.2,5654.15,5625.616666666667,-81.46496744944034,-53.103117536859344,-28.361849912580993,39.73834832379394,151.5,-62.73250093481781,552255.95,36317251,425582.55,7702.0,1.857958561396833
2021-08-30,5495,5654,5471,5637,567814,418754,5541.4,5522.6,5647.0,5629.0,-69.89960727212656,-56.46241548391279,-13.437191788213767,41.27490039840637,155.64285714285714,-19.230389907092068,521085.7,36885065,417331.15,-3489.0,-0.8263014425342718
2021-08-31,5644,5672,5555,5564,482411,425954,5533.4,5506.4,5644.8,5634.2,-65.8652127483374,-58.34297493679772,-7.522237811539682,36.86671862821512,154.21428571428572,-14.779565162656123,510790.35,36402654,412654.45,7200.0,1.7193865610835912
2021-09-01,5564,5588,5457,5492,592083,415596,5518.0,5507.4,5626.75,5637.6,-67.69735136647068,-60.21385022273231,-7.483501143738373,38.42404549147035,154.14285714285714,-38.358139333666195,507265.6,35810571,407724.55,-10358.0,-2.431717978936687
2021-09-02,5510,5618,5480,5571,711012,402219,5551.8,5525.6,5618.65,5641.016666666666,-62.05931351610252,-60.58294288140636,-1.4763706346961598,42.526964560862865,158.28571428571428,-20.773136282080447,513615.2,36521583,403791.05,-13377.0,-3.218750902318601
2021-09-03,5582,5820,5542,5784,932889,486771,5609.6,5558.2,5619.25,5646.616666666667,-39.94336575850775,-56.45502745682664,16.51166169831889,52.795031055900616,167.78571428571428,33.80073977992987,539089.2,37454472,404773.85,84552.0,21.021383872964726
2021-09-06,5800,5848,5732,5822,687434,509797,5646.6,5594.0,5623.05,5650.15,-19.129522179098785,-48.989926401281075,29.86040422218229,53.278688524590166,170.21428571428572,60.09650365839009,548592.6,38141906,407354.05,23026.0,4.7303557524996265
2021-09-07,5822,5889,5773,5821,496436,500844,5698.0,5615.7,5621.3,5656.566666666667,-2.684151600597943,-39.72877144114445,37.04461984054651,63.88206388206388,159.0,68.61985845318607,545739.45,37645470,409756.3,-8953.0,-1.75618922826144
2021-09-08,5800,5811,5674,5776,716525,473854,5754.8,5636.4,5615.05,5664.833333333333,6.641243030428086,-30.454768546829946,37.09601157725803,66.49616368286445,156.5,49.54086741651059,562974.9,36928945,412114.75,-26990.0,-5.388903530839939
2021-09-09,5790,5940,5739,5893,735629,490946,5819.2,5685.5,5620.85,5673.533333333334,23.2051135472675,-19.722792128010457,42.927905675277955,67.81326781326781,155.42857142857142,83.62910486398329,580881.9,37664574,416404.1,17092.0,3.607018195477929
2021-09-10,5915,5968,5834,5858,620500,495529,5834.0,5721.8,5625.5,5682.05,33.12603644738556,-9.153026412931254,42.27906286031681,65.76,155.92857142857142,85.9152791676857,594707.6,37044074,422377.7,4583.0,0.9335038884113578
2021-09-13,5868,5954,5773,5805,634444,487112,5830.6,5738.6,5630.6,5692.633333333333,36.29341437257881,-0.0637382558292412,36.35715262840805,58.64144453998281,158.42857142857142,67.60822898239508,608578.85,36409630,429676.15,-8417.0,-1.6985887808786182
2021-09-14,5810,5838,5686,5689,700672,449505,5804.2,5751.1,5628.75,5701.566666666667,29.107816856732825,5.7705727666831725,23.33724409004965,54.82315112540192,163.92857142857142,34.16460034928931,633465.3,35708958,436647.75,-37607.0,-7.720401057662308
2021-09-15,5685,5761,5634,5694,664120,427074,5787.8,5771.3,5639.35,5710.583333333333,23.545222599511362,9.325502733248811,14.219719866262551,63.49353049907578,158.85714285714286,18.967013522876208,633538.05,36373078,439730.2,-22431.0,-4.990155838088562
2021-09-16,5702,5842,5702,5743,660379,413609,5757.8,5788.5,5657.05,5720.3,22.827574989442837,12.025917184487618,10.80165780495522,61.946050096339114,154.92857142857142,35.68164843248506,627591.85,37033457,440367.05,-13465.0,-3.152849389098844
2021-09-17,5746,5786,5640,5677,630236,401373,5721.6,5777.8,5668.0,5726.783333333334,16.740214896205543,12.968776726831203,3.77143816937434,52.07900207900209,152.28571428571428,11.456501315242095,631125.3,36403221,440138.35,-12236.0,-2.9583495523549996
2021-09-22,5650,5766,5591,5761,541452,424335,5712.8,5771.7,5682.85,5734.05,18.480998698982148,14.071221121261393,4.409777577720755,60.123329907502566,156.42857142857142,9.55778205439974,630926.55,36944673,441987.6,22962.0,5.720863137281285
2021-09-23,5761,5795,5585,5612,798462,464755,5697.4,5750.8,5683.25,5739.0,7.748211094902217,12.806619115989559,-5.058408021087342,55.71428571428571,162.07142857142858,-8.44062085748288,642863.7,36146211,446071.75,40420.0,9.525492829957471
2021-09-24,5605,5640,5502,5511,828199,475534,5660.8,5724.3,5680.35,5740.383333333333,-8.80594684099924,8.484105924591798,-17.29005276559104,47.201492537313435,162.07142857142858,-50.87934548790762,663515.0,35318012,450017.25,10779.0,2.319286505793383
2021-09-27,5500,5670,5421,5592,862149,467940,5630.6,5694.2,5689.85,5743.116666666667,-15.213837567520386,3.744517226169361,-18.958354793689747,39.787234042553195,160.0,-51.50780344384062,674435.25,36180161,452687.2,-7594.0,-1.5969415436120182
2021-09-28,5592,5678,5575,5671,542479,439471,5629.4,5675.5,5698.65,5747.333333333333,-13.758893406617972,0.24383509961189453,-14.002728506229866,42.303771661569826,159.07142857142858,-25.15745482621587,670266.25,36722640,453548.6,-28469.0,-6.083899645253665
2021-09-29,5680,5750,5612,5697,545520,403724,5616.6,5664.7,5701.65,5750.716666666666,-10.38810931010903,-1.8825537823322904,-8.505555527776739,43.836978131212724,160.64285714285714,-7.561897588882499,669151.55,37268160,452797.1,-35747.0,-8.134097585506206
2021-09-30,5697,5750,5661,5713,506991,366862,5636.8,5667.1,5709.1,5752.533333333334,-6.352445310734765,-2.7765320880127855,-3.57591322272198,46.77584442169908,156.5,-0.21093736176749486,670380.55,37775151,449842.5,-36862.0,-9.130495090705526
2021-10-08,5800,5893,5740,5813,405249,388194,5697.2,5679.0,5725.15,5753.283333333334,4.859000219381414,-1.2494256265339456,6.1084258459153595,45.83333333333333,155.0,46.53900131469466,661038.85,38180400,448472.4,21332.0,5.814720521613026
2021-10-11,5820,5895,5770,5833,626179,419102,5745.4,5688.0,5738.25,5754.666666666667,15.18296466355332,2.0370524314835077,13.145912232069813,48.67724867724867,154.35714285714286,51.1601533400679,656797.2,38806579,449316.55,30908.0,7.961998382252178
2021-10-12,5830,5832,5620,5624,749603,397905,5736.0,5682.7,5730.25,5751.816666666667,6.426150884331946,2.914872122053196,3.5112787622787502,41.78019981834696,156.64285714285714,-23.656385072174476,647632.9,38056976,444873.25,-21197.0,-5.057718646057518
2021-10-13,5620,5798,5482,5619,979241,377036,5720.4,5668.5,5720.1,5748.333333333333,-0.9066935396667759,2.1505589897092015,-3.0572525293759774,46.464646464646464,168.35714285714286,-49.95495280643687,662223.25,37077735,438235.2,-20869.0,-5.244719216898508
2021-10-14,5620,5729,5560,5666,591732,366749,5711.0,5673.9,5712.35,5744.983333333334,-2.892179130666591,1.142011365634043,-4.034190496300634,48.64341085271318,171.35714285714286,-36.09743643320942,666988.05,37669467,431530.45,-10287.0,-2.7283866792560896
2021-10-15,5670,5770,5624,5740,501864,374391,5696.4,5696.8,5710.55,5740.666666666667,1.4883341998111064,1.2112759324694558,0.2770582673416506,49.85808893093662,171.21428571428572,-3.0193258620929537,656255.0,38171331,426557.3,7642.0,2.083713929690334
2021-10-18,5740,5760,5580,5678,840908,368558,5665.4,5705.4,5699.8,5735.933333333333,-0.04246970593703736,0.9605268047881572,-1.0029965107251946,50.04748338081672,173.64285714285714,-20.066343487215157,661518.95,37330423,420437.9,-5833.0,-1.5579968535568423
2021-10-19,5660,5775,5611,5736,693503,401277,5687.8,5711.9,5693.7,5732.333333333333,3.385447116692376,1.4455108671690011,1.9399362495233747,48.78286270691334,172.85714285714286,5.607554015551392,665169.1,38023926,415725.3,32719.0,8.877571508419301
2021-10-20,5720,5738,5550,5550,883981,394928,5674.0,5697.2,5680.95,5726.066666666667,-8.80505049653675,-0.6046014055721494,-8.200449090964602,47.08646616541353,171.28571428571428,-52.71131296388872,677645.95,37139945,411116.1,-6349.0,-1.5821988302344714
2021-10-21,5540,5657,5200,5268,1114158,459656,5594.4,5652.7,5659.9,5714.4,-40.751394204948156,-8.633959965447351,-32.1174342395008,40.24096385542168,194.07142857142858,-149.70377727708583,698320.25,36025787,411623.65,64728.0,16.3898229550703
2021-10-22,5268,5368,5151,5308,1245994,482782,5508.0,5602.2,5640.6,5704.233333333334,-62.12529432743577,-19.332226837845035,-42.79306748959073,38.20598006644518,191.78571428571428,-141.60672622567813,727413.95,37271781,414409.05,23126.0,5.031153732356364
2021-10-25,5308,5393,5171,5180,954227,550000,5408.4,5536.9,5612.45,5691.45,-88.37407312052437,-33.1405960943809,-55.23347702614347,30.407023144453305,200.28571428571428,-119.99996389060443,742106.35,36317554,421228.6,67218.0,13.923054297799009
2021-10-26,5175,5280,5135,5236,835987,553724,5308.4,5498.1,5590.4,5679.25,-103.46500723909321,-47.20547832332337,-56.25952891576984,32.03429462197974,200.78571428571428,-106.47701091754406,752393.9,37153541,428846.15,3724.0,0.6770909090909161
2021-10-27,5258,5320,5015,5032,1018880,561453,5204.8,5439.4,5553.95,5663.283333333334,-130.38280454294,-63.8409435672467,-66.5418609756933,26.852481305234534,216.21428571428572,-108.40120041196803,776265.3,36134661,435702.05,7729.0,1.395821745129333
2021-10-28,5019,5239,4786,5063,1373544,519555,5163.8,5379.1,5526.5,5649.4,-147.5134684756631,-80.57544854892998,-66.93801992673312,23.25249643366618,235.71428571428572,-107.0944305025716,805019.4,37508205,438442.05,-41898.0,-7.4624233907379605
2021-10-29,5063,5145,4920,5003,962021,505335,5102.8,5305.4,5501.1,5634.8,-164.04018844032453,-97.26839652720889,-66.77179191311563,21.220527045769757,242.85714285714286,-92.63568651890644,811710.5,36546184,439932.1,-14220.0,-2.736957588705724
2021-11-01,4960,5036,4804,4826,819217,529850,5032.0,5220.2,5462.8,5613.5,-189.2387275757119,-115.6624627369095,-73.57626483880239,21.702127659574472,244.21428571428572,-98.93445669566233,809563.9,35726967,443027.6,24515.0,4.851237298030009
2021-11-02,4826,4887,4531,4601,1114355,536025,4905.0,5106.7,5409.3,5587.366666666667,-224.77332401995227,-137.48463499351806,-87.28868902643421,18.77300613496932,247.07142857142858,-109.72197947772517,838157.7,34612612,447855.3,6175.0,1.1654241766537732
2021-11-03,4621,4820,4621,4782,919084,508369,4855.0,5029.9,5363.55,5570.733333333334,-235.61355400880257,-157.11041879657498,-78.50313521222759,24.943310657596385,250.64285714285714,-86.313215339934,856835.9,35531696,453087.55,-27656.0,-5.159460846042629
2021-11-04,4788,4800,4534,4614,827161,518417,4765.2,4964.5,5308.6,5554.166666666667,-254.82326634754372,-176.65298830676875,-78.17027804077497,19.698600645855763,259.2142857142857,-85.6252516114724,872844.4,34704535,460665.3,10048.0,1.9765170574917112
2021-11-05,4651,4653,4470,4569,824258,524218,4678.4,4890.6,5246.4,5532.766666666666,-270.55938551496183,-195.43426774840736,-75.12511776655447,19.88049972840848,259.42857142857144,-84.75982799949948,893794.85,33880277,467466.5,5801.0,1.1189833666719995
2021-11-08,4590,4699,4463,4564,927768,534501,4626.0,4829.0,5182.95,5513.283333333334,-280.2038163667585,-212.38817747207761,-67.81563889468086,17.22595078299777,264.57142857142856,-74.92273903098523,908874.3,32952509,473236.45,10283.0,1.9615884994410804
2021-11-09,4558,4618,4472,4502,792399,547614,4606.2,4755.6,5126.85,5492.116666666667,-289.51265744589455,-227.813073466841,-61.69958397905356,18.509615384615387,261.57142857142856,-71.77222867424473,911014.1,32160110,480721.9,13113.0,2.4533162706898537
2021-11-10,4465,4479,4233,4463,1200437,519684,4542.4,4698.7,5069.05,5470.733333333334,-296.6177305711908,-241.57400488771097,-55.043725683479835,21.674876847290633,248.14285714285714,-77.98167112880712,922073.9,30959673,487854.3,-27930.0,-5.100307881098731
2021-11-11,4480,4696,4421,4696,1155323,480077,4558.8,4662.0,5020.55,5451.4,-280.21722967994265,-249.30264984615732,-30.914579833785325,31.04089219330855,252.28571428571428,-49.07533832350053,950253.45,32114996,493520.7,-39607.0,-7.62136221242139
2021-11-12,4696,4718,4532,4547,1067995,478176,4554.4,4616.4,4960.9,5428.833333333333,-276.06051553802445,-254.65422298453075,-21.4062925534937,30.64220183486239,249.71428571428572,-45.49127117378573,978560.0,31047001,498709.95,-1901.0,-0.3959781451725486
2021-11-15,4465,4539,4400,4433,1010813,481857,4528.2,4577.1,4898.65,5406.433333333333,-278.7518589819574,-259.4737501840161,-19.278108797941286,26.284701712935615,249.85714285714286,-57.95492870774755,987055.25,30036188,504374.9,3681.0,0.7698002409154858
2021-11-16,4419,4527,4369,4371,789667,484041,4502.0,4554.1,4830.4,5383.2,-282.62967097954606,-264.1049343431221,-18.52473663642394,28.69116698903933,239.35714285714286,-59.153747344374864,991863.45,29246521,508513.1,2184.0,0.4532465025930854
2021-11-17,4389,4473,4360,4450,791222,469887,4499.4,4520.9,4775.4,5362.316666666667,-276.14499751920084,-266.5129469783379,-9.632050540862963,30.831769856160108,215.07142857142858,-55.82683921105141,987225.5,30037743,512261.05,-14154.0,-2.9241324598536123
2021-11-18,4463,4488,4316,4333,881398,507727,4426.8,4492.8,4728.65,5339.1,-277.25079469392495,-268.6605165214553,-8.590278172469652,29.770531400966192,211.28571428571428,-58.9999718036674,975587.5,29156345,514664.6,37840.0,8.052999976590126
2021-11-19,4326,4506,4254,4463,1103847,482701,4410.0,4482.2,4686.4,5322.116666666667,-264.58723641550114,-267.84586050026445,3.258624084763312,38.71970167806091,212.71428571428572,-50.339858243562034,968480.15,30260192,514660.55,-25026.0,-4.929026819530968
2021-11-22,4382,4570,4365,4405,1062055,501117,4404.4,4466.3,4647.65,5305.716666666666,-256.2771866370731,-265.5321257276262,9.25493909055308,43.20388349514563,201.92857142857142,-40.25179307308064,973871.55,29198137,512216.4,18416.0,3.8151982283028296
2021-11-23,4405,4549,4370,4423,1033780,511405,4414.8,4458.4,4607.0,5288.466666666666,-245.41002870084503,-261.50770632226994,16.097677621424907,35.96559812353401,199.07142857142858,-37.33226413538767,983761.2,30231917,510100.45,10288.0,2.0530135676897876
2021-11-24,4421,4616,4421,4599,860937,488050,4444.6,4472.0,4585.35,5274.05,-220.05929209894748,-253.21802347760544,33.15873137865796,49.417249417249415,194.0,-11.350839502973226,975864.05,31092854,506430.3,-23355.0,-4.566830594147497
2021-11-25,4600,4660,4550,4605,680800,486653,4499.0,4462.9,4562.45,5257.4,-197.2111731988971,-242.0166534218638,44.80548022296671,51.44230769230769,188.78571428571428,10.729690881651933,941226.85,31773654,504785.2,-1397.0,-0.28624116381518183
2021-11-26,4595,4625,4529,4542,673015,524402,4514.8,4462.4,4539.4,5240.283333333334,-182.08844559117733,-230.03101185572652,47.942566264549185,49.15773353751914,178.78571428571428,7.420271261429356,926776.55,31100639,505738.55,37749.0,7.756861665293346
2021-11-29,4498,4601,4488,4533,601897,492528,4540.4,4472.4,4524.75,5225.8,-168.88302144733825,-217.80141377404888,48.91839232671063,51.237031125299275,176.42857142857142,5.8950725501976935,915910.55,30498742,503872.45,-31874.0,-6.0781614105209325
2021-11-30,4534,4606,4520,4588,552091,470864,4573.4,4494.1,4524.1,5210.683333333333,-152.22483419564287,-204.68609785836767,52.461263662724804,54.925137903861305,163.35714285714286,24.65731395457236,887797.35,31050833,500614.4,-21664.0,-4.39853165708346
2021-12-01,4588,4745,4578,4720,591019,424459,4597.6,4521.1,4521.0,5195.4,-126.90887741217102,-189.13065376912834,62.22177635695732,51.02739726027398,155.64285714285714,88.61940064729632,871394.1,31641852,496418.9,-46405.0,-9.855287301641235
2021-12-02,4715,4765,4649,4703,410183,390742,4617.2,4558.1,4525.45,5181.05,-106.98430867968182,-172.70138475123906,65.71707607155724,57.52895752895753,150.64285714285714,95.45901189008211,850545.2,31231669,490035.15,-33717.0,-7.943523402731478
2021-12-03,4506,4605,4496,4596,602045,549253,4628.0,4571.4,4526.8,5166.116666666667,-98.69030971628217,-157.8991697442477,59.20886002796553,57.920310981535465,154.92857142857142,22.097400553256968,839434.55,30629624,491286.9,158511.0,40.56666547235772
2021-12-06,4650,4650,4521,4546,454190,543515,4630.6,4585.5,4525.9,5149.033333333334,-95.05609047468715,-145.33055389033558,50.27446341564843,58.603736479842674,152.85714285714286,25.687875655253666,815755.65,30175434,491737.6,-5738.0,-1.044691608420889
2021-12-07,4553,4678,4553,4634,502957,569121,4639.8,4606.6,4532.5,5129.866666666667,-84.10556439680204,-133.08555599162887,48.97999159482683,58.96686159844054,154.21428571428572,47.891768400359936,801283.55,30678391,492812.95,25606.0,4.711185523858585
2021-12-08,4634,4659,4525,4528,553269,589125,4601.4,4599.5,4535.75,5108.3,-83.02346488396597,-123.07313777009628,40.04967288613031,59.60591133004926,151.5,18.22834511467088,768925.15,30125122,496285.0,20004.0,3.514894020779402
2021-12-09,4520,4565,4410,4443,646169,643586,4549.4,4583.3,4523.1,5085.333333333333,-88.0101565490213,-116.06054152588129,28.050384976859988,48.96907216494846,144.57142857142858,-31.100543897973086,743467.45,29478953,504460.45,54461.0,9.244387863356662
2021-12-10,4430,4486,4387,4443,571265,662596,4518.8,4573.4,4517.9,5063.116666666667,-90.91414396125492,-111.03126201295602,20.117118051701098,52.08333333333333,137.0,-44.81752386588693,718630.95,29478953,513681.45,19010.0,2.9537622011665876
2021-12-13,4445,4540,4407,4535,615457,690495,4516.6,4573.6,4523.0,5040.483333333334,-84.8142578145862,-105.78786117328205,20.973603358695854,55.67951318458418,133.71428571428572,-16.286193563565405,698863.15,30094410,524113.35,27899.0,4.210559677390147
2021-12-14,4530,4585,4497,4550,462380,670033,4499.8,4569.8,4531.95,5018.683333333333,-77.87201929153161,-100.20469279693198,22.332673505400365,47.03030303030303,126.07142857142857,7.7905788936282985,682498.8,30556790,533412.95,-20462.0,-2.9633813423703304
2021-12-15,4558,4650,4544,4609,522638,692728,4516.0,4558.7,4539.9,4998.75,-66.83896039977662,-93.53154631750091,26.692585917724287,50.22779043280182,125.78571428571429,35.74875747006628,669069.6,31079428,544555.0,22695.0,3.3871466032270092
2021-12-16,4609,4727,4601,4719,503368,702308,4571.2,4560.3,4559.2,4982.583333333333,-48.65819961108173,-84.55687697621708,35.898677365135356,59.567567567567565,127.92857142857143,76.3371881705574,650168.1,31582796,554284.05,9580.0,1.3829381806423235
2021-12-17,4715,4746,4659,4680,446120,696900,4618.6,4568.7,4570.05,4965.683333333333,-36.970615521807304,-75.03962468533513,38.069009163527824,57.69633507853403,126.07142857142857,76.95657263017027,617281.75,31136676,564994.0,-5408.0,-0.7700325213439108
2021-12-20,4689,4786,4611,4626,641638,720967,4636.8,4576.7,4581.1,4947.066666666667,-31.700051172411804,-66.37170998275046,34.671658810338656,51.9916142557652,132.42857142857142,58.911872364572126,596260.9,30495038,575986.5,24067.0,3.453436648012631
2021-12-21,4616,4675,4572,4599,636718,746320,4646.6,4573.2,4589.9,4929.1,-29.36328364884048,-58.970024715968464,29.606741067127984,42.87396937573616,127.85714285714286,18.325202253028685,576407.8,29858320,587732.25,25353.0,3.5165271087303607
2021-12-22,4590,4636,4530,4558,487705,760786,4636.4,4576.2,4587.85,4909.05,-30.46851383807916,-53.2697225403906,22.801208702311442,41.69530355097366,127.14285714285714,-10.107975704715152,557746.2,29370615,601369.05,14466.0,1.9383106442276699
2021-12-23,4558,4593,4510,4584,492296,795717,4609.4,4590.3,4586.8,4891.916666666667,-28.913141321521834,-48.398406296616855,19.48526497509502,49.24242424242424,118.28571428571429,-16.993609989257568,548321.0,29862911,616822.25,34931.0,4.591435699395108
2021-12-24,4584,4663,4580,4616,469928,823902,4596.6,4607.6,4590.5,4877.0,-24.812343579814296,-43.68119375325635,18.868850173442056,54.521963824289415,115.0,19.945110717722017,538166.65,30332839,631797.25,28185.0,3.5420884560716903
2021-12-27,4610,4623,4392,4413,743503,882865,4554.0,4595.4,4584.5,4857.35,-37.5104382997888,-42.44704266256284,4.936604362774041,37.570303712036,122.07142857142857,-71.47057568459593,545246.95,29589336,651314.1,58963.0,7.15655502717556
2021-12-28,4427,4477,4403,4442,504911,826354,4522.6,4584.6,4577.2,4836.866666666667,-44.71822831344707,-42.901279792739686,-1.8169485207073848,44.70443349753694,117.78571428571429,-82.96987554486803,542887.95,30094247,669088.6,-56511.0,-6.400865364466823
2021-12-29,4440,4483,4402,4456,535625,805491,4502.2,4569.3,4564.0,4816.183333333333,-48.738938685248286,-44.068811571241405,-4.670127114006881,50.87719298245614,112.5,-70.97379805729011,540118.25,30629872,688140.2,-20863.0,-2.5247049085500906
2021-12-30,4460,4515,4389,4411,632004,815073,4467.6,4538.5,4549.4,4794.483333333334,-54.92338198298148,-46.239725653589424,-8.683656329392058,47.96437659033079,114.42857142857143,-69.57763002538142,551209.3,29997868,709356.75,9582.0,1.1895849860519947
2021-12-31,4425,4450,4381,4411,499179,809214,4426.6,4511.6,4540.15,4771.116666666667,-59.14283605404853,-48.82034773368125,-10.322488320367277,41.06628242074928,109.85714285714286,-74.5168430491509,546066.0,29997868,722354.8,-5859.0,-0.7188313194032903
2022-01-04,4400,4500,4400,4499,368019,798372,4443.8,4498.9,4537.8,4748.883333333333,-54.754740684610624,-50.00722632386713,-4.747514360743494,46.67535853976532,110.71428571428571,-41.666423428997774,541757.45,30365887,735097.65,-10842.0,-1.339818638827306
2022-01-05,4502,4576,4483,4568,454474,788268,4469.0,4495.8,4534.5,4731.283333333334,-45.188515073973576,-49.04348407388842,3.8549689999148455,47.36164736164736,109.78571428571429,2.162551610226815,539333.3,30820361,746055.0,-10104.0,-1.265575446032674
2022-01-06,4568,4647,4555,4638,446801,776207,4505.4,4503.8,4540.0,4714.933333333333,-31.594594551975206,-45.55370616950578,13.959111617530574,44.50474898236092,107.35714285714286,40.09162872172412,534009.9,31267162,755409.1,-12061.0,-1.5300633794597784
2022-01-07,4650,4684,4608,4677,436516,761293,4558.6,4513.1,4551.7,4698.45,-17.472923549817097,-39.93754964556805,22.46462609575095,49.796472184531886,106.57142857142857,57.44325110057001,523527.25,31703678,761294.45,-14914.0,-1.921394679512034
2022-01-10,4670,4683,4610,4632,367550,749597,4602.8,4514.7,4561.15,4679.983333333334,-9.799558251263079,-33.909951366707055,24.110393115443976,50.41208791208792,99.28571428571429,44.89092592672291,513341.5,31336128,765644.5,-11696.0,-1.5363335798437627
2022-01-11,4640,4729,4623,4719,447597,772597,4646.8,4545.3,4570.35,4664.0,3.2641844555955686,-26.47512420224653,29.7393086578421,57.61421319796954,99.5,64.08144835616017,504948.5,31783725,769749.6,23000.0,3.068315374794728
2022-01-12,4715,4755,4696,4751,330163,770143,4683.4,4576.2,4580.4,4647.583333333333,16.014818377429037,-17.977135686311417,33.99195406374045,62.387676508344036,96.14285714285714,76.83076084918733,498337.65,32113888,774755.1,-2454.0,-0.3176300192726633
2022-01-13,4756,4827,4730,4739,532265,806372,4703.6,4604.5,4586.9,4634.066666666667,24.864861269151334,-9.408736295218867,34.2735975643702,60.130718954248366,97.14285714285714,81.63253901326387,498819.0,31581623,780437.3,36229.0,4.704191299537874
2022-01-14,4739,4799,4709,4772,368677,797069,4722.6,4640.6,4589.55,4625.8,34.14777394763314,-0.6974342466484655,34.845208194281604,60.18276762402088,97.64285714285714,74.1123884190786,492084.45,31950300,785175.35,-9303.0,-1.1536858918712478
2022-01-17,4770,4790,4630,4665,473374,773498,4729.2,4666.0,4588.8,4615.083333333333,32.495950274676034,5.941242657616435,26.5547076170596,68.80597014925374,92.57142857142857,45.54846759346271,493447.15,31476926,789005.25,-23571.0,-2.957209476218492
2022-01-18,4665,4728,4647,4709,309719,759828,4727.2,4687.0,4592.95,4607.233333333334,34.34143371865957,11.621280869825064,22.72015284883451,69.48905109489051,93.07142857142857,44.61484312563693,476851.2,31786645,790948.3,-13670.0,-1.767296101605953
2022-01-19,4740,4860,4740,4815,512070,814166,4740.0,4711.7,4603.75,4600.216666666666,43.85181039165309,18.06738677419067,25.78442361746242,73.1016731016731,98.07142857142857,81.84787860735275,470618.8,32298715,794340.6,54338.0,7.151355306727303
2022-01-20,4815,4844,4781,4815,316630,784949,4755.2,4729.4,4616.6,4596.6,50.8032244757178,24.614554314496097,26.1886701612217,77.59562841530055,93.57142857142857,75.27987615643049,462065.05,32298715,795548.75,-29217.0,-3.5885802158282187
2022-01-21,4830,4858,4785,4822,366316,801244,4765.2,4743.9,4628.5,4592.583333333333,56.22893950482012,30.937431352560903,25.291508152259215,77.80784844384303,93.85714285714286,69.7471814373354,455766.05,32665031,795825.1,16295.0,2.0759310477495907
2022-01-24,4790,4885,4763,4773,467210,794958,4786.8,4758.0,4636.35,4588.75,55.930238293947696,35.935992740838266,19.99424555310943,69.57142857142857,95.42857142857143,58.76517991893139,455630.15,32197821,794377.9,-6286.0,-0.7845300557632884
2022-01-25,4780,4846,4744,4844,345879,777789,4813.8,4770.5,4657.9,4589.05,60.72264915957294,40.893324024585205,19.829325134987734,69.65811965811966,96.07142857142857,54.527422617714585,435748.95,32543700,789124.1,-17169.0,-2.1597367408089485
2022-01-26,4844,4860,4751,4805,372295,773005,4811.8,4775.9,4676.05,4592.45,60.674279904326795,44.849515200533524,15.82476470379327,62.44411326378539,97.28571428571429,47.91832394657455,429118.15,32171405,786456.65,-4784.0,-0.6150768396055994
2022-01-27,4805,4875,4764,4795,438234,753528,4807.8,4781.5,4693.0,4592.666666666667,59.14721818122143,47.70905579667111,11.438162384550324,59.190031152647975,99.78571428571429,45.908643827801654,424248.6,31733171,783858.5,-19477.0,-2.5196473502758665
2022-01-28,4809,4945,4797,4945,410285,768040,4832.4,4798.8,4719.7,4598.183333333333,69.24257189467062,52.01575901627101,17.226812878399606,70.95046854082999,105.28571428571429,72.45461516301931,413162.65,32143456,781506.85,14512.0,1.9258740219341597
2022-02-07,4997,4999,4920,4980,252778,758362,4873.8,4830.3,4748.15,4605.033333333334,79.1549707084032,57.443601354697456,21.71136935370574,68.77697841726618,103.35714285714286,95.90680826340629,400842.6,32396234,778964.25,-9678.0,-1.2600906202801965
2022-02-08,4980,5099,4972,5061,433441,776556,4917.2,4865.5,4776.25,4613.316666666667,92.48058264841166,64.45099761344031,28.029585034971348,70.83333333333334,108.21428571428571,116.33145487991612,404113.7,32829675,777873.45,18194.0,2.3991180992718464
2022-02-09,5061,5090,4958,4980,446232,749499,4952.2,4882.0,4796.85,4621.283333333334,95.40542866809392,70.64188382437104,24.763544843722883,64.82164821648217,110.71428571428571,92.55670532342035,403701.6,32383443,775935.0,-27057.0,-3.484230371022823
2022-02-10,4980,5089,4963,5069,384936,747378,5007.0,4907.4,4818.4,4631.383333333333,103.70944844228325,77.25539674795348,26.454051694329763,67.08860759493672,113.28571428571429,93.07641520421369,400608.35,32768379,774493.55,-2121.0,-0.28298903667649533
2022-02-11,5118,5166,5030,5033,416401,750590,5024.6,4928.5,4836.2,4637.0,106.16177791274731,83.03667298091226,23.125104931835054,73.05764411027569,111.57142857142857,93.50240749365429,399602.6,32351978,773958.4,3212.0,0.4297691395786396
2022-02-14,5020,5026,4910,4928,536156,717993,5014.2,4944.0,4851.0,4643.35,98.49722945897611,86.12878427652502,12.368445182451083,62.74738067520373,114.57142857142857,42.30854236115451,408032.9,31815822,772378.2,-32597.0,-4.342850291104328
2022-02-15,4929,4937,4790,4843,569504,702014,4970.6,4943.9,4857.2,4650.183333333333,84.58913902415316,85.82085522605065,-1.2317162018974983,51.67064439140811,114.28571428571429,-0.7216720470261896,414128.25,31246318,768849.05,-15979.0,-2.225509162345596
2022-02-16,4855,4948,4845,4939,381735,692308,4962.4,4957.3,4866.6,4659.65,80.38662783990003,84.73400974882054,-4.347381908920511,56.638115631691655,117.28571428571429,18.97374902591603,416706.85,31628053,764957.3,-9706.0,-1.3825935095311492
2022-02-17,4916,4950,4816,4823,485887,688002,4913.2,4960.1,4870.8,4665.866666666667,66.92441391673947,81.17209058240432,-14.247676665664855,50.04793863854266,121.64285714285714,-4.054080861685895,414387.95,31142166,759038.8,-4306.0,-0.6219775013433293
2022-02-18,4815,4925,4788,4907,399129,654262,4888.0,4956.3,4877.55,4675.433333333333,62.31527863316023,77.4007281925555,-15.085449559395272,56.2152133580705,122.71428571428571,-2.0282019578633004,415910.55,31541295,751898.45,-33740.0,-4.904055511466532
2022-02-21,4908,4960,4875,4959,402952,673020,4894.2,4954.2,4892.25,4683.7,62.14213527841275,74.34900960972696,-12.20687433131421,55.42965061378659,121.5,20.778140223006094,412389.45,31944247,746874.55,18758.0,2.867047146250279
2022-02-22,4940,4997,4846,4850,432152,673760,4895.6,4933.1,4899.3,4691.116666666667,52.60315247593553,69.99983818296869,-17.396685707033157,51.99291408325952,124.5,-1.1461815201514098,418511.1,31512095,742571.15,740.0,0.10995215595375196
2022-02-23,4855,4943,4850,4917,364465,678202,4891.2,4926.8,4904.4,4699.35,49.874853670849916,65.97484128054494,-16.09998760969502,55.143338954468796,123.21428571428571,-0.7505390226087492,411130.85,31876560,735772.95,4442.0,0.6592852054143838
2022-02-24,4917,4935,4784,4804,532849,677831,4887.4,4900.3,4903.85,4702.766666666666,38.154678211926694,60.41080866682129,-22.256130454894596,43.86422976501305,123.28571428571429,-38.11945206482561,421941.8,31343711,730417.05,-371.0,-0.05470346592902908
2022-02-25,4810,4841,4721,4796,565042,670604,4865.2,4876.6,4902.55,4705.95,27.89921677588336,53.90849028863371,-26.009273512750347,41.800356506238856,126.21428571428571,-67.57626965345426,431878.1,30778669,723885.05,-7227.0,-1.0661949660018544
2022-02-28,4800,4952,4782,4952,529349,679017,4863.8,4879.0,4911.5,4712.783333333334,31.99081574450065,49.5249553798071,-17.534139635306452,45.446950710108595,129.28571428571428,-7.880355028544567,434985.05,31308018,718088.0,8413.0,1.2545406827278116
2022-03-01,4952,5090,4949,5079,745514,820325,4909.6,4902.6,4923.25,4721.883333333333,44.9629708823677,48.61255848031922,-3.6495875979515233,53.982300884955755,129.92857142857142,69.31968954943405,454966.8,32053532,720214.8,141308.0,20.81067189775809
2022-03-02,5093,5158,5069,5138,615190,835268,4953.8,4922.5,4939.9,4731.05,59.32049447035661,50.75414567832671,8.566348792029899,52.844187963726306,127.28571428571429,100.25764324095186,467111.55,32668722,723327.95,14943.0,1.821595099503237
2022-03-03,5148,5268,5131,5249,849247,930459,5042.8,4965.1,4962.6,4739.866666666667,78.74795033592818,56.352906609847004,22.395043726081177,58.38509316770186,127.35714285714286,121.34169381202594,487662.2,33517969,732174.5,95191.0,11.396461973881443
2022-03-04,5255,5330,5142,5210,948975,921949,5125.6,4995.4,4975.85,4748.316666666667,89.96036789059599,63.07439886599681,26.885969024599177,61.53846153846154,132.0,104.45091093789493,514596.7,32568994,739869.95,-8510.0,-0.914602362919803
2022-03-07,5210,5405,5196,5380,747862,886635,5211.2,5037.5,4995.85,4761.383333333333,111.28108970248013,72.71573703329348,38.56535266918665,70.54322876817139,136.42857142857142,115.69210087446255,539350.9,33316856,746283.6,-35314.0,-3.8303637186004824
2022-03-08,5380,5382,5084,5220,965328,792997,5239.4,5074.5,5003.8,4772.616666666667,113.95366559837112,80.96332274630902,32.9903428520621,60.24799416484318,150.21428571428572,74.02920501484908,565945.25,32351528,747105.65,-93638.0,-10.561053872224758
2022-03-09,5160,5218,5105,5121,587552,724996,5236.0,5094.9,5010.85,4780.733333333334,106.85151092309206,86.14096038166562,20.710550541426443,61.00443131462334,148.85714285714286,44.659293890886445,573011.25,31763976,745880.5,-68001.0,-8.575190070075923
2022-03-10,5080,5153,5022,5107,659522,688354,5207.6,5125.2,5012.75,4790.383333333333,98.95265457154073,88.70329921964066,10.249355351900078,57.78816199376947,148.42857142857142,26.54422509298052,586740.55,31104454,742929.3,-36642.0,-5.054096850189516
2022-03-11,5122,5184,5075,5137,450948,673167,5193.0,5159.3,5017.95,4801.95,94.02958871694682,89.7685571191019,4.261031597844919,57.05229793977813,150.14285714285714,37.21602779328539,588467.9,31555402,739058.15,-15187.0,-2.206277583917582
2022-03-14,5100,5144,4945,4950,621201,614022,5107.0,5159.1,5019.05,4810.4,74.18354465745597,86.65155462677271,-12.46800996931674,53.731343283582085,153.57142857142858,-0.7075500891828941,592720.15,30934201,733859.6,-59145.0,-8.78608131414641
2022-03-15,4950,5019,4896,4932,511172,555221,5049.4,5144.4,5023.5,4817.016666666666,56.35335578284139,80.59191485798645,-24.238559075145062,50.58094500387297,155.71428571428572,-22.62369734364402,589803.55,30423029,726519.95,-58801.0,-9.576366970564576
2022-03-16,4930,5080,4904,5080,400059,548338,5041.2,5138.6,5030.55,4825.85,53.54789890634402,75.18311166765797,-21.63521276131395,60.40723981900452,157.5,-1.3211536625341023,590719.75,30823088,719321.45,-6883.0,-1.2396865392339307
2022-03-17,5090,5110,5030,5054,334502,529379,5030.6,5119.1,5042.1,4833.266666666666,48.6655848417804,69.87960630248246,-21.214021460702057,59.598214285714285,154.64285714285714,9.72930399034104,583150.5,30488586,711390.3,-18959.0,-3.457538963194229
2022-03-18,5055,5138,5051,5129,277143,524386,5029.0,5111.0,5053.2,4840.1,50.26872242832633,65.95742952765123,-15.688707099324901,57.00712589073635,148.71428571428572,20.213806823366497,577051.2,30765729,704896.5,-4993.0,-0.9431805946212402
2022-03-21,5110,5197,5089,5132,399265,521096,5065.4,5086.2,5061.85,4847.633333333333,51.191195210625665,63.004182664246116,-11.812987453620451,52.32660228270414,146.35714285714286,28.338567473901378,576866.85,31164994,697300.3,-3290.0,-0.6274004264034461
2022-03-22,5132,5197,5120,5163,343933,544673,5111.6,5080.5,5077.5,4856.583333333333,53.80348932541165,61.16404399647922,-7.360554671067575,51.125112511251125,145.5,31.703977996299642,572455.9,31508927,690845.95,23577.0,4.5245022030489634
2022-03-23,5173,5190,5102,5189,362963,537418,5133.4,5087.3,5091.1,4866.416666666667,57.31108740023865,60.39345267723111,-3.082365276992462,47.07602339181287,142.0,28.143856208696377,572380.8,31871890,683806.75,-7255.0,-1.331991855663861
2022-03-24,5188,5232,5153,5173,299177,513422,5157.2,5093.9,5109.55,4876.666666666667,58.12973446854812,59.940709035494514,-1.810974566946392,48.155533399800596,134.21428571428572,33.93510687565458,560697.2,31572713,675586.3,-23996.0,-4.465053273243546
2022-03-25,5178,5298,5174,5282,345510,538061,5187.8,5108.4,5133.85,4888.3,66.80383420048838,61.31333406849329,5.490500131995091,44.79830148619957,128.21428571428572,60.18710374886604,549720.6,31918223,668959.15,24639.0,4.798976280720346
2022-03-28,5280,5335,5253,5304,345837,497998,5222.2,5143.8,5151.45,4899.766666666666,74.59346978305621,63.969361211405875,10.624108571650332,55.223880597014926,112.78571428571429,78.22869905749299,540545.0,32264060,659908.2,-40063.0,-7.4458100475596645
2022-03-29,5300,5321,5252,5255,252197,441182,5240.6,5176.1,5160.25,4913.8,75.93756068355196,66.3630011058351,9.574559577716869,58.88594164456234,109.5,60.695782526629,515879.15,32011863,640951.05,-56816.0,-11.408881160165308
2022-03-30,5200,5277,5173,5264,275456,400650,5255.6,5194.5,5166.55,4927.5,76.84318676589464,68.45903823784701,8.384148528047632,60.480640854472625,107.57142857142857,38.04626611132166,498892.45,32287319,619220.15,-40532.0,-9.18713818786805
2022-03-31,5230,5290,5165,5218,448953,508455,5264.6,5210.9,5165.0,4940.2,73.00750136868828,69.36873086401528,3.638770504673005,55.294117647058826,108.71428571428571,30.939031785712313,478877.75,31838366,598119.95,107805.0,26.90752527143392
2022-04-01,5219,5327,5202,5319,470672,571933,5272.0,5229.9,5170.45,4955.333333333333,77.22732048633316,70.94044878847886,6.286871697854295,77.17231222385861,103.42857142857143,57.11267258361526,454962.6,32309038,580619.15,63478.0,12.48448731942846
2022-04-06,5346,5346,5230,5268,332448,591962,5264.8,5243.5,5164.85,4969.616666666667,75.58498708293428,71.86935644736994,3.715630635564338,73.59550561797752,102.92857142857143,59.494359981709025,434191.9,31976590,565885.5,20029.0,3.501983623955951
2022-04-07,5275,5294,5183,5228,493357,582820,5259.4,5250.0,5165.25,4981.766666666666,70.24600806793114,71.54468677148219,-1.2986787035510474,62.25165562913907,98.28571428571429,36.022840714483024,410593.35,31483233,555376.65,-9142.0,-1.5443558877090036
2022-04-08,5205,5267,5132,5195,452986,584728,5245.6,5250.6,5168.95,4992.216666666666,62.63004436024585,69.76175828923493,-7.131713928989086,61.53846153846154,102.21428571428571,16.22745959387656,403865.05,31030247,548363.25,1908.0,0.3273738032325557
2022-04-11,5195,5217,5021,5038,514700,577591,5209.6,5237.1,5165.5,4998.883333333333,43.42517200396469,64.49444103218089,-21.069269028216198,43.43434343434343,110.0,-36.59420601481501,396623.95,30515547,542825.1,-7137.0,-1.2205675117319514
2022-04-12,5027,5180,5026,5180,472252,602759,5181.8,5226.9,5167.65,5007.266666666666,39.21138116067959,59.437829057880634,-20.22644789720104,52.88461538461538,113.28571428571429,-18.215346284800425,397689.15,30987799,539304.7,25168.0,4.357408616131475
2022-04-13,5150,5178,5081,5086,400208,594464,5145.4,5205.1,5174.45,5014.833333333333,27.96454923319652,53.14317309294381,-25.17862385974729,45.69832402234636,114.85714285714286,-29.233351058008612,386639.5,30587591,538326.8,-8295.0,-1.376171902866652
2022-04-14,5109,5193,5104,5160,434814,607125,5131.8,5195.6,5185.85,5022.183333333333,24.737378358579917,47.462014146071034,-22.724635787491117,48.462354188759285,116.21428571428571,-17.758576070228404,382821.6,31022405,540922.0,12661.0,2.1298177854335965
2022-04-15,5160,5225,5150,5198,383264,614756,5132.4,5189.0,5191.75,5029.633333333333,24.95839971483656,42.96129125982414,-18.002891544987577,51.29533678756477,115.92857142857143,1.4555444101806934,381981.85,31405669,544242.9,7631.0,1.2569075561045917
2022-04-18,5180,5208,5111,5186,466427,635408,5162.0,5185.8,5198.35,5037.083333333333,23.889873430254738,39.147007693910254,-15.257134263655516,44.47004608294931,113.92857142857143,-20.25932630756414,388578.1,30939242,549544.35,20652.0,3.3593816083128836
2022-04-19,5200,5248,5143,5164,578474,639333,5158.8,5170.3,5200.1,5043.616666666667,21.025473937429524,35.52270094261411,-14.497227005184584,41.935483870967744,115.57142857142857,-10.85848900852598,403644.65,30360768,555291.7,3925.0,0.6177133432377246
2022-04-20,5160,5263,5158,5223,463586,684135,5186.2,5165.8,5204.65,5052.916666666667,23.248232466557056,33.0678072474027,-9.819574780845642,48.17767653758542,118.14285714285714,10.88595060105314,406860.7,30824354,563443.65,44802.0,7.007615749538965
2022-04-21,5235,5240,5130,5152,516082,677641,5184.6,5158.2,5204.1,5060.3,19.06095516069854,30.266436830061867,-11.205481669363326,44.04255319148936,118.57142857142857,-24.479421437944243,415468.15,30308272,570092.05,-6494.0,-0.9492278570749968
2022-04-22,5162,5178,5068,5074,462829,672131,5159.8,5146.1,5198.35,5064.616666666667,9.340883708408,26.081326205731095,-16.740442497323095,42.5925925925926,117.5,-75.73722093083785,420461.45,29845443,576827.7,-5510.0,-0.8131149089267042
2022-04-25,5070,5091,4873,4889,759890,694492,5100.4,5131.2,5184.15,5065.85,-13.138840463139786,18.23729287195692,-31.376133335096707,29.640151515151516,124.14285714285714,-142.82244444030434,443497.1,29085553,585881.2,22361.0,3.3268812180958784
2022-04-26,4891,4952,4853,4907,486975,682084,5049.0,5103.9,5165.4,5067.266666666666,-29.165532159217037,8.75672786572213,-37.92226002493916,32.35581622678397,122.92857142857143,-129.4731482844833,450570.35,29572528,593082.35,-12408.0,-1.7866296516014568
2022-04-27,4920,4985,4909,4948,511074,696343,4994.0,5090.1,5147.6,5070.183333333333,-38.119030984813435,-0.6184239043849828,-37.50060708042845,36.328125,120.57142857142857,-93.70231670649416,458832.2,30083602,602999.6,14259.0,2.090504981791108
2022-04-28,4945,4958,4878,4950,543533,704098,4953.6,5069.1,5132.35,5071.95,-44.539931420995345,-9.402725407707056,-35.13720601328829,37.66364551863041,116.64285714285714,-88.7857148530698,473399.0,30627135,616145.4,7755.0,1.1136753008215816
2022-04-29,4955,5012,4910,4996,448259,686165,4938.0,5048.9,5118.95,5075.133333333333,-45.39345818528636,-16.600871963222918,-28.792586222063445,47.61904761904762,109.92857142857143,-62.72982309194593,482039.15,31075394,630421.15,-17933.0,-2.5469465898213084
2022-05-05,5012,5048,4966,5015,363982,706494,4963.2,5031.8,5108.8,5078.8,-44.02920185320363,-22.086537941219063,-21.942663911984567,39.130434782608695,104.78571428571429,-42.75434807840123,477790.6,31439376,640323.1,20329.0,2.9626984763140074
2022-05-06,5014,5025,4823,4830,603416,776077,4947.8,4998.4,5084.35,5076.883333333333,-57.21641752632149,-29.112513858239552,-28.10390366808194,34.94117647058823,112.14285714285714,-81.84436730685,484427.8,30835960,650530.3,69583.0,9.849057458378985
2022-05-09,4829,4846,4725,4748,611672,794593,4907.8,4950.9,5058.35,5073.016666666666,-73.43755325282291,-37.97752173715622,-35.460031515666685,25.99067599067598,113.14285714285714,-110.48732776195057,498389.0,30224288,660661.85,18516.0,2.385845734379455
2022-05-10,4720,4741,4630,4698,624928,787451,4857.4,4905.5,5031.85,5066.966666666666,-89.2981290698508,-48.24164320369514,-41.05648586615566,21.264367816091948,116.21428571428571,-115.59882392772566,504967.55,29599360,670893.4,-7142.0,-0.8988249330160181
2022-05-11,4700,4812,4700,4775,512356,770513,4813.2,4875.6,5010.85,5063.55,-94.56441349550005,-57.506197262056126,-37.05821623344392,28.021390374331546,117.42857142857143,-80.57743395565087,507936.05,30111716,680182.65,-16938.0,-2.1509909822960416
2022-05-12,4750,4827,4692,4730,601778,761773,4756.2,4859.7,4995.45,5057.9,-101.20250626778397,-66.24545906320171,-34.95704720458227,27.348643006263046,119.57142857142857,-74.58571204132825,512289.95,29509938,689391.75,-8740.0,-1.1343092199612492
2022-05-13,4700,4786,4670,4767,497680,770923,4743.6,4845.7,4974.8,5053.466666666666,-102.29841933703574,-73.45605111796851,-28.842368219067225,25.641025641025635,120.35714285714286,-68.67471038360307,513561.35,30007618,697799.95,9150.0,1.2011452230520137
2022-05-16,4765,4800,4702,4774,517113,763492,4748.8,4828.3,4959.2,5050.9,-101.43284217662585,-79.0514093297,-22.38143284692586,28.32568807339449,119.5,-57.30132951053639,519406.6,30524731,706251.35,-7431.0,-0.9639094955008476
2022-05-17,4770,4805,4746,4770,366501,747230,4763.2,4810.3,4939.7,5049.683333333333,-99.91784192642717,-83.22469584904543,-16.69314607738174,30.95238095238095,115.85714285714286,-48.07990769460316,515990.95,30158230,713256.6,-16262.0,-2.129950281076942
2022-05-18,4771,4780,4675,4676,482612,758073,4743.4,4778.3,4913.6,5045.3,-105.09078655175472,-87.5979139895873,-17.49287256216742,34.93635077793495,107.78571428571429,-59.9988903573076,520958.35,29675618,720422.45,10843.0,1.4510927023807962
2022-05-19,4670,4724,4614,4715,491349,762549,4740.4,4748.3,4890.05,5043.5,-104.83493648268814,-91.04531848820747,-13.789617994480665,36.81318681318682,108.57142857142857,-61.425006963290045,522204.45,30166967,726779.5,4476.0,0.5904444558769484
2022-05-20,4710,4780,4694,4770,412730,739222,4741.0,4742.3,4870.35,5041.216666666666,-99.05231963105325,-92.64671871677663,-6.405600914276619,38.00539083557952,109.14285714285714,-39.19094989692661,513917.25,30579697,731773.95,-23327.0,-3.0590821048876893
2022-05-23,4777,4842,4687,4731,583413,737587,4732.4,4740.6,4845.75,5037.416666666667,-96.5040891104727,-93.41819279551585,-3.0858963149568552,35.94351732991015,114.5,-34.53381087168228,519908.6,29996284,734446.55,-1635.0,-0.22117848224214587
2022-05-24,4735,4750,4601,4609,481408,771739,4700.2,4731.7,4818.6,5033.4,-103.1400442398126,-95.3625630843752,-7.7774811554374,27.36842105263159,117.85714285714286,-67.85104544218558,518174.9,29514876,739151.45,34152.0,4.630233450426857
2022-05-25,4620,4682,4595,4673,533660,761611,4699.6,4721.5,4798.55,5029.333333333333,-102.05835615892738,-96.70172169928564,-5.3566344596417395,31.0,118.21428571428571,-66.92880389401414,521716.45,30048536,743625.45,-10128.0,-1.3123607851877384
2022-05-26,4660,4660,4580,4632,624569,759110,4683.0,4711.7,4785.7,5026.466666666666,-103.31847682308944,-98.02507272404641,-5.29340409904303,36.904761904761905,110.42857142857143,-70.51007219791853,514950.4,29423967,746856.35,-2501.0,-0.3283828621172713
2022-05-27,4650,4714,4630,4698,476027,743639,4668.6,4704.8,4775.25,5024.833333333333,-97.86337504346648,-97.99273318793043,0.12935814446395,46.62162162162162,107.78571428571429,-41.47244049880513,514403.0,29899994,749934.1,-15471.0,-2.038044552172935
2022-05-30,4698,4759,4695,4733,458867,734060,4669.0,4700.7,4764.5,5021.183333333333,-89.68215997346488,-96.33061854503732,6.648458571572448,52.41379310344828,103.92857142857143,-16.498080526963815,511792.65,30358861,751819.95,-9579.0,-1.2881250176496883
2022-05-31,4734,4796,4715,4789,427713,727867,4705.0,4702.6,4756.45,5016.35,-77.78312070239917,-92.6211189765097,14.837998274110532,50.99431818181818,101.57142857142857,5.290482895157401,506001.65,30786574,753008.4,-6193.0,-0.8436640056671108
2022-06-01,4789,4830,4759,4816,392136,745285,4733.6,4716.6,4747.45,5010.983333333334,-65.42024810310431,-87.18094480182863,21.760696698724317,56.26822157434403,97.0,31.27799757682507,503195.5,31178710,755964.4,17418.0,2.3930196038562057
2022-06-02,4816,4887,4793,4879,431356,748758,4783.0,4733.0,4740.65,5004.816666666667,-49.96306588880543,-79.73736901922399,29.77430313041856,57.865168539325836,95.42857142857143,85.56237470715865,506564.2,31610066,758077.6,3473.0,0.4659962296302833
2022-06-06,4817,4888,4817,4845,254681,755818,4812.4,4740.5,4741.4,4998.733333333334,-39.99560898713298,-71.7890170128058,31.793408025672818,54.80378890392422,93.5,91.34739464696393,489127.45,31355385,757064.65,7060.0,0.9428947670675925
2022-06-07,4855,4869,4804,4810,323396,772652,4827.8,4748.4,4744.5,4989.233333333334,-34.52258025804895,-64.33572966185443,29.813149403805483,52.597402597402585,93.92857142857143,67.87698847927794,474713.65,31031989,755967.6,16834.0,2.2272557679229754
2022-06-08,4794,4880,4783,4868,446648,805624,4843.6,4774.3,4753.0,4983.366666666667,-25.214394441722106,-56.51146261782797,31.297068176105867,63.079019073569484,93.35714285714286,71.25870727324055,465799.65,31478637,756876.25,32972.0,4.267380398937681
2022-06-09,4868,4899,4828,4873,375586,797968,4855.0,4794.3,4757.9,4979.233333333334,-17.23545234127596,-48.65626056251757,31.420808221241614,61.28571428571428,90.57142857142857,78.61084374728536,458961.15,31854223,758249.0,-7656.0,-0.9503192556329032
2022-06-10,4830,4913,4824,4880,525967,829917,4855.2,4819.1,4765.4,4975.45,-10.229324458120573,-40.970873341638175,30.741548883517602,58.43558282208589,90.78571428571429,73.4620515539793,455170.6,32380190,761656.2,31949.0,4.003794638381497
2022-06-13,4854,4877,4750,4780,523213,769210,4842.2,4827.3,4766.05,4969.5,-12.600827404843585,-35.296864154279255,22.69603674943567,53.43618513323983,89.0,25.782130273350393,456447.25,31856977,761570.55,-60707.0,-7.314827868328999
2022-06-14,4781,4809,4683,4697,484712,760184,4819.6,4823.7,4762.2,4965.283333333334,-20.936325982420385,-32.42475651990748,11.488430537487098,56.52818991097923,87.35714285714286,-20.183949833536218,454827.2,31372265,761405.15,-9026.0,-1.1734116821154217
2022-06-15,4700,4719,4646,4653,454411,743105,4776.6,4810.1,4756.35,4960.633333333333,-30.738368161633844,-32.08747884825276,1.3491106866189142,48.47094801223241,86.35714285714286,-52.03507755088807,459222.7,30917854,761198.9,-17079.0,-2.2466929059280383
2022-06-16,4657,4708,4603,4609,418919,752603,4723.8,4789.4,4753.0,4952.783333333334,-41.57770755376259,-33.985524589354725,-7.592182964407868,48.24961948249619,87.21428571428571,-67.24048445996512,456038.05,30498935,760925.4,9498.0,1.278150463258898
2022-06-17,4600,4604,4451,4453,635633,780399,4638.4,4746.8,4739.9,4942.766666666666,-62.04069189171241,-39.596558049826264,-22.44413384188615,33.60107095046854,92.5,-120.68443461990147,463252.25,29863302,761817.9,27796.0,3.693315067837899
2022-06-20,4451,4452,4158,4220,952324,796850,4526.4,4684.3,4712.4,4927.616666666667,-95.95282273321936,-50.867810986504885,-45.08501174671448,22.85714285714286,109.0,-153.5457023998469,490231.95,28910978,764699.3,16451.0,2.1080242286317663
2022-06-21,4200,4328,4181,4291,605013,802057,4445.2,4632.4,4690.4,4913.6,-115.76485888843854,-63.84722056689162,-51.91763832154692,24.0625,113.71428571428571,-121.87543205480635,491311.95,29515991,767922.8,5207.0,0.6534479513082836
2022-06-22,4300,4336,4166,4195,591296,800246,4353.6,4565.1,4669.7,4897.466666666666,-137.6259714443686,-78.60297074238701,-59.02300070198157,19.825072886297377,120.78571428571429,-108.27556761692198,496806.35,28924695,769348.15,-1811.0,-0.22579442608193778
2022-06-23,4210,4310,4190,4285,566817,804402,4288.8,4506.3,4650.3,4882.4,-146.00574941332343,-92.08352647657429,-53.92222293674914,21.875,122.64285714285714,-87.76408521918562,498464.2,29491512,771487.7,4156.0,0.5193403028568744
2022-06-24,4320,4325,4250,4251,476011,794963,4248.4,4443.4,4631.25,4867.033333333334,-153.61947005095772,-104.39071519145098,-49.228754859506736,21.875,122.92857142857143,-75.57654150653345,491036.3,29015501,773280.35,-9439.0,-1.1734182659913772
2022-06-27,4260,4370,4224,4339,516689,777542,4272.2,4399.3,4613.3,4851.316666666667,-150.81404354139977,-113.67538086144074,-37.138662679959026,28.76465284039675,128.71428571428572,-61.57427854397051,493069.4,29532190,774975.5,-17421.0,-2.1914227454611135
2022-06-28,4339,4401,4312,4399,401691,786278,4293.8,4369.5,4596.6,4836.233333333334,-142.11105646364013,-119.36251598188062,-22.748540481759505,28.892889288928885,128.14285714285714,-45.25344634662658,490210.6,29933881,777586.4,8736.0,1.123540593305572
2022-06-29,4401,4444,4373,4382,470344,798076,4331.2,4342.4,4576.25,4821.683333333333,-135.029102981478,-122.49583338180011,-12.53326959967788,28.138913624220848,128.14285714285714,-35.86321787771075,492342.15,29463537,781096.85,11798.0,1.5004871050697144
2022-06-30,4389,4435,4363,4412,487021,787225,4356.6,4322.7,4556.05,4807.483333333334,-125.54860833897055,-123.10638837323421,-2.442219965736342,29.581151832460733,126.92857142857143,-31.547412397788474,497086.4,29950558,783193.85,-10851.0,-1.359644946095362
2022-07-01,4400,4403,4303,4311,526165,772552,4368.6,4308.5,4527.65,4792.366666666667,-124.74709705678924,-123.43453010994523,-1.312566946844015,29.55536181342633,125.42857142857143,-39.97002586258643,501826.85,29424393,784383.55,-14673.0,-1.863888977103112
2022-07-04,4305,4339,4172,4186,537127,788632,4338.0,4305.1,4494.7,4773.483333333334,-132.66902300884976,-125.28142868972614,-7.387594319123622,28.511354079058037,128.35714285714286,-55.82887102484139,515949.15,28887266,786024.25,16080.0,2.081413289979195
2022-07-05,4166,4279,4130,4262,606205,796865,4310.6,4302.2,4467.3,4756.716666666666,-131.30108438999196,-126.48535982977931,-4.815724560212644,33.98853398853399,133.78571428571428,-52.40305335493265,530089.6,29493471,787234.9,8233.0,1.0439596668661677
2022-07-06,4220,4243,4150,4238,672844,796230,4281.8,4306.5,4435.8,4740.216666666666,-130.64755886934927,-127.31779963769331,-3.329759231655956,34.554537885095755,134.28571428571428,-50.57461522602152,541399.4,28820627,786765.2,-635.0,-0.07968727450697877
2022-07-07,4238,4258,4190,4202,538024,803015,4239.8,4298.2,4402.25,4723.666666666667,-131.51847125210043,-128.15793396057475,-3.3605372915256737,38.390379278445884,127.85714285714286,-45.6206251454213,549521.3,28282603,787017.55,6785.0,0.8521407131105274
2022-07-08,4225,4280,4166,4206,545090,803375,4218.8,4293.7,4368.55,4709.8,-130.38293569725283,-128.60293430791037,-1.780001389342459,49.178403755868544,114.92857142857143,-42.944234313717324,550477.45,28827693,785690.45,360.0,0.04483104300667673
2022-07-11,4207,4251,3986,4049,887497,845444,4191.4,4264.7,4332.0,4690.95,-140.53164219191876,-130.98867588471205,-9.542966307206711,37.10021321961621,123.35714285714286,-72.94167437947424,568691.65,27940196,789502.15,42069.0,5.236533374824948
2022-07-12,4070,4073,3910,3916,647568,858879,4122.2,4216.4,4292.95,4671.45,-157.49109437786046,-136.28915958334176,-21.201934794518706,35.69230769230769,122.85714285714286,-102.96896121404205,576834.45,27292628,794436.9,13435.0,1.5891058426105165
2022-07-13,3900,3947,3860,3917,619288,853808,4058.0,4169.9,4256.15,4650.733333333334,-168.90387208048833,-142.81210208277108,-26.09176999771725,29.232505643340858,120.5,-109.68195584622664,585078.3,27911916,799972.05,-5071.0,-0.5904207693982477
2022-07-14,3880,3917,3790,3792,839955,892917,3976.0,4107.9,4215.3,4627.3,-185.89218655313925,-151.42811897684473,-34.464067576294525,26.50972364380756,124.21428571428571,-118.25624085924395,606130.1,27071961,806987.75,39109.0,4.580538013230151
2022-07-15,3750,3753,3565,3576,958735,912370,3850.0,4034.4,4171.45,4600.466666666666,-214.31445929891333,-164.00538704125847,-50.30907225765486,15.475113122171948,130.0,-137.27697503096954,622285.2,26113226,813586.3,19453.0,2.178589947329934
2022-07-18,3582,3792,3582,3785,856738,831136,3797.2,3994.3,4149.7,4577.483333333334,-217.46792701370532,-174.69789503574785,-42.77003197795747,25.518341307814993,139.07142857142858,-97.0089248554161,617505.9,26969964,815300.6,-81234.0,-8.903624625974116
2022-07-19,3782,3863,3729,3755,679137,830430,3765.0,3943.6,4122.9,4553.016666666666,-219.85348802086537,-183.72901363277134,-36.12447438809403,25.256511444356747,143.57142857142858,-73.39244849381974,621212.1,26290827,816719.25,-706.0,-0.08494398028722205
2022-07-20,3735,3855,3704,3821,668758,810228,3745.8,3901.9,4104.2,4530.833333333333,-213.95210718008366,-189.7736323422338,-24.178474837849848,27.321565617805064,149.21428571428572,-63.72315671984344,625085.2,26959585,817218.35,-20202.0,-2.432715581084499
2022-07-21,3821,3833,3760,3810,574006,814348,3749.4,3862.7,4080.45,4509.766666666666,-207.76781042813127,-193.3724679594133,-14.395342468717956,29.348722176422086,146.64285714285714,-56.08197434308936,625444.65,26385579,817715.65,4120.0,0.5084988423011749
2022-07-22,3770,3837,3752,3821,437148,808886,3798.4,3824.2,4058.95,4491.966666666666,-199.6773464722919,-194.63344366198905,-5.043902810302853,33.39399454049136,140.78571428571428,-50.310053783003006,623501.5,26822727,818411.8,-5462.0,-0.6707206255802234
2022-07-25,3809,3885,3809,3857,474864,791159,3812.8,3805.0,4034.85,4474.466666666666,-188.19134369809035,-193.34502366920933,5.153679971118976,30.87818696883852,135.57142857142858,-37.133690754319545,621410.25,27297591,819092.65,-17727.0,-2.1915325521767004
2022-07-26,3857,3895,3806,3874,494357,789782,3836.6,3800.8,4008.6,4456.566666666667,-175.6915826220279,-189.81433545977305,14.12275283774514,32.69961977186313,133.92857142857142,-31.717137709260403,626043.55,27791948,819267.85,-1377.0,-0.17404845296583593
2022-07-27,3866,3899,3804,3874,509655,804721,3847.2,3796.5,3983.2,4438.633333333333,-163.896139241956,-184.63069621620966,20.73455697425365,33.85826771653544,135.85714285714286,-27.821969123259077,628009.1,27791948,819600.1,14939.0,1.8915346260107269
2022-07-28,3874,4040,3846,4019,570687,804026,3889.0,3819.2,3963.55,4422.35,-141.21998116079476,-175.9485532051267,34.72857204433194,41.91875540190148,141.57142857142858,0.6913226179655168,632192.4,28362635,820440.15,-695.0,-0.08636533655763667
2022-07-29,4010,4030,3952,3969,416591,776034,3918.6,3858.5,3946.45,4404.916666666667,-125.83301991588723,-165.92544654727882,40.09242663139159,46.1904761904762,128.21428571428572,9.505057827451957,626713.7,27946044,820614.25,-27992.0,-3.4814794546444983
2022-08-01,3990,4097,3979,4042,581861,784875,3955.6,3884.2,3939.25,4391.783333333334,-106.52035204690401,-154.0444276472039,47.52407560029988,56.36363636363636,125.71428571428571,28.354803461111807,628950.4,28527905,820426.4,8841.0,1.1392542079341927
2022-08-02,4030,4062,3972,4053,451083,768980,3991.4,3914.0,3928.8,4380.2,-89.29794443391802,-141.09513100454672,51.797186570628696,56.800000000000004,125.92857142857143,30.11666314532506,621194.3,28978988,819032.15,-15895.0,-2.0251632425545507
2022-08-03,4053,4098,3987,4020,449713,760865,4020.6,3933.9,3917.9,4368.9,-77.41944337606401,-128.35999347885019,50.940550102786176,62.55506607929516,124.78571428571429,37.04962706204008,610037.75,28529275,817263.9,-8115.0,-1.0552940258524268
2022-08-04,4050,4050,3950,3957,435946,739113,4008.2,3948.6,3905.65,4355.266666666666,-72.25629361989877,-117.13925350705992,44.88295988716115,75.23178807947019,115.71428571428571,27.655941817348456,604933.85,28093329,814068.8,-21752.0,-2.858851438822918
2022-08-05,3957,4049,3933,4005,395505,732273,4015.4,3967.0,3895.6,4343.183333333333,-63.55859744489817,-106.42312229462758,42.864524849729406,68.51851851851852,108.57142857142857,40.37017274291646,597454.6,28488834,810513.7,-6840.0,-0.9254335940512504
2022-08-08,4000,4120,3985,4099,450942,741324,4026.8,3991.2,3898.1,4332.05,-48.521273120383285,-94.84275245977872,46.32147933939544,76.13981762917933,108.64285714285714,71.78601180273662,575626.85,28939776,805307.7,9051.0,1.236014437238575
2022-08-09,4070,4116,4035,4049,365252,727761,4026.0,4008.7,3904.75,4319.966666666666,-40.1755486710299,-83.90931170202896,43.73376303099906,67.75700934579439,103.64285714285714,66.3274242081307,561511.05,28574524,798751.8,-13563.0,-1.8295644009906575
2022-08-10,4049,4066,4005,4028,338408,730418,4027.6,4024.1,3910.3,4307.6,-34.85424833411753,-74.09829902844668,39.24405069432915,66.71779141104295,102.78571428571429,49.0334596778648,547467.05,28236116,792582.3,2657.0,0.36509238609927497
2022-08-11,4039,4089,3995,4056,410157,725520,4047.4,4027.8,3923.5,4297.266666666666,-28.054320738711795,-64.8895033704997,36.8351826317879,67.56352765321375,103.42857142857143,49.274572035277835,525977.15,28646273,784212.45,-4898.0,-0.6705749310668696
2022-08-12,4057,4106,4050,4087,315387,717407,4063.8,4039.6,3949.05,4286.8,-19.934100306542405,-55.89842275770824,35.964322451165835,67.31927710843374,102.0,60.139222289306126,493809.75,28961660,774464.3,-8113.0,-1.118232440180833
2022-08-15,4067,4143,4014,4039,556145,694140,4051.8,4039.3,3961.75,4274.616666666667,-17.173994836249676,-48.153537173416524,30.979542337166848,61.8705035971223,104.85714285714286,49.9458665715396,478780.1,28405515,767614.5,-23267.0,-3.243207830422623
2022-08-16,4016,4082,3995,4050,308633,682167,4052.0,4039.0,3976.5,4263.266666666666,-13.938311122074083,-41.31049196314804,27.372180841073956,62.46458923512748,104.28571428571429,35.51264980606027,460254.9,28714148,760201.35,-11973.0,-1.7248681822110812
2022-08-17,4060,4070,3903,3905,487972,680647,4027.4,4027.5,3980.7,4251.533333333334,-22.811341703593826,-37.6106619112372,14.799320207643376,41.92634560906515,102.35714285714286,-10.369034988428533,451215.6,28226176,753722.3,-1520.0,-0.22281933895952344
2022-08-18,3928,3958,3866,3916,453927,677833,3999.4,4023.4,3986.0,4238.916666666667,-28.625695102749432,-35.81366854953965,7.187973446790217,46.026986506746624,103.35714285714286,-41.97851647964025,445211.65,28680103,746896.55,-2814.0,-0.4134301627715997
2022-08-19,3920,3935,3818,3827,417465,664638,3947.4,4005.6,3986.3,4225.5,-39.95459653966327,-36.64185414756437,-3.3127423920988974,34.2606149341142,102.57142857142857,-80.64538491049393,444227.5,28262638,739684.15,-13195.0,-1.9466446750158184
2022-08-22,3852,3919,3821,3903,327962,647312,3920.2,3986.0,3988.6,4212.25,-42.31251536870241,-37.77598639179198,-4.536528976910425,39.973262032085564,103.14285714285714,-70.56378343611203,436882.4,28590600,732491.8,-17326.0,-2.606832591576169
2022-08-23,3903,3970,3881,3951,286937,618293,3900.4,3976.2,3992.45,4199.216666666666,-39.84863393426076,-38.19051590028574,-1.6581180339750219,45.478374836173,101.57142857142857,-41.01097735888046,426511.4,28877537,723917.35,-29019.0,-4.483000469634424
2022-08-24,3952,4009,3950,4008,312516,597967,3921.0,3974.2,3999.15,4186.2,-32.91711846358112,-37.13583641294481,4.218717949363693,53.368560105680324,98.64285714285714,-7.68833401988942,416654.45,29190053,713579.65,-20326.0,-3.2874381563433475
2022-08-25,4008,4053,3995,4000,370679,560599,3937.8,3968.6,3998.2,4172.6,-27.74949673055744,-35.25856847646734,7.5090717459099,49.651324965132495,94.5,11.647598257121905,406654.05,28819374,701408.3,-37368.0,-6.249174285537496
2022-08-26,3980,4079,3980,4061,304141,531138,3984.6,3966.0,4002.8,4158.966666666666,-18.518459797498508,-31.910546740673574,13.392086943175066,47.22222222222223,91.92857142857143,28.128912831856375,401031.55,29123515,689163.5,-29461.0,-5.255271593420607
2022-08-29,4110,4120,3934,3961,428985,478430,3996.2,3958.2,3998.75,4144.233333333334,-19.052337302395244,-29.33890485301791,10.286567550622667,44.00544959128066,99.42857142857143,2.1285928191253856,393387.75,28694530,673841.25,-52708.0,-9.923598010309941
2022-08-30,3950,3960,3883,3885,356293,452180,3983.0,3941.7,3990.35,4128.816666666667,-25.316174808483993,-28.534358844111132,3.2181840356271394,40.937896070975924,100.64285714285714,-65.55086845803129,388648.25,28338237,658001.25,-26250.0,-5.486696068390362
2022-08-31,3886,3936,3886,3928,269352,408756,3967.0,3944.0,3985.75,4113.15,-26.505036959311383,-28.128494467151185,1.6234575078398024,42.039800995024876,97.57142857142857,-54.23711910459323,379630.2,28607589,640395.8,-43424.0,-9.603255340793492
2022-09-01,3781,3823,3712,3727,415116,577099,3912.4,3925.1,3974.25,4094.05,-43.16861799532353,-31.136519172785654,-12.032098822537876,31.519507186858306,109.0,-130.5024433424925,378588.7,28192473,632295.1,168343.0,41.18422726516553
2022-09-02,3741,3741,3634,3700,472415,610656,3840.2,3912.4,3959.0,4074.383333333333,-57.88602629424622,-36.48642059707777,-21.399605697168454,32.21406086044071,107.42857142857143,-126.79268136015087,382434.2,27720058,626214.25,33557.0,5.814773548385976
2022-09-05,3702,3760,3677,3742,409958,617547,3796.4,3896.3,3941.15,4057.0833333333335,-65.40666212623182,-42.27046890290858,-23.13619322332324,34.349593495934954,107.14285714285714,-94.46724726999713,380385.0,28130016,620025.4,6891.0,1.1284585756956345
2022-09-06,3740,3784,3722,3769,328263,626641,3773.2,3878.1,3927.15,4041.616666666667,-68.39967695612086,-47.49631051355104,-20.90336644256982,42.147806004618936,99.64285714285714,-71.89844815212227,378535.55,28458279,614969.4,9094.0,1.4726004660374103
2022-09-07,3782,3808,3736,3761,420924,645459,3739.8,3853.4,3913.8,4026.75,-70.60332473502422,-52.11771335784567,-18.485611377178543,41.01969872537659,98.21428571428571,-60.84718455100125,382661.35,28037355,610721.45,18818.0,3.002995335447256
2022-09-08,3766,3822,3762,3802,420414,655587,3754.8,3833.6,3901.1,4013.3,-68.25457784117316,-55.34508625451117,-12.909491586661986,48.466257668711656,94.21428571428571,-45.12181361523506,383174.2,28457769,607224.8,10128.0,1.5691159314534353
2022-09-09,3820,3845,3782,3838,402322,680108,3782.4,3811.3,3888.65,4003.05,-62.76476670962438,-56.829022345533815,-5.935744364090567,45.80645161290323,91.71428571428571,-30.507718635576204,387520.95,28860091,605359.85,24521.0,3.740312117232336
2022-09-13,3845,3880,3831,3864,249236,677961,3806.8,3801.6,3879.9,3997.116666666667,-55.674290561434645,-56.59807598871398,0.9237854272793342,44.22310756972111,88.85714285714286,-10.89656107652733,372175.5,29109327,604550.9,-2147.0,-0.3156851558870022
2022-09-14,3850,3850,3759,3800,407785,685714,3813.0,3793.1,3867.4,3988.9333333333334,-54.590022461725766,-56.19646528331634,1.6064428215905764,36.31578947368421,92.14285714285714,-32.52658936043142,377133.1,28701542,604728.25,7753.0,1.1435761054101823
2022-09-15,3818,3854,3751,3778,477448,701907,3816.4,3778.1,3861.05,3981.983333333333,-54.87340189971201,-55.931852606595484,1.0584507068834768,35.65891472868218,95.35714285714286,-33.02518746018733,376606.9,28224094,605791.25,16193.0,2.361480150616724
2022-09-16,3768,3805,3731,3758,416747,726954,3807.6,3781.2,3853.15,3973.2,-56.06552650896356,-55.9585873870691,-0.10693912189445598,29.331514324693046,93.57142857142857,-43.29614615922953,374747.9,27807347,608247.3,25047.0,3.5684214575435247
2022-09-19,3758,3812,3745,3750,380639,731395,3790.0,3786.2,3849.3,3964.85,-56.99878053035491,-56.166626015726266,-0.8321545146286411,33.54134165366615,85.07142857142857,-38.36914775545923,372906.6,27426708,611585.15,4441.0,0.6109052292166961
2022-09-20,3746,3768,3701,3704,406903,758334,3758.0,3782.4,3839.35,3954.266666666667,-60.74991937297955,-57.08328468717693,-3.66663468580262,35.188216039279865,84.28571428571429,-54.146743222841245,376853.65,27019805,617136.25,26939.0,3.6832354610025986
2022-09-21,3740,3740,3671,3708,467172,792692,3739.6,3776.3,3827.2,3942.75,-62.6774507240616,-58.202117894553865,-4.475332829507735,30.769230769230774,85.57142857142857,-56.279174788525935,385865.4,27486977,625856.2,34358.0,4.530721291673601
2022-09-22,3708,3809,3702,3809,552928,774948,3745.8,3781.1,3817.25,3933.2,-55.41637185982063,-57.64496868760722,2.228596827786589,58.6864406779661,77.78571428571429,-22.238607405420705,397886.0,28039905,634705.25,-17744.0,-2.2384482245310866
2022-09-23,3808,3836,3800,3819,359141,761866,3758.0,3782.8,3808.2,3923.3166666666666,-48.29824600481879,-55.77562415104954,7.477378146230748,63.07692307692307,72.71428571428571,4.489704402963791,397309.1,28399046,644768.6,-13082.0,-1.6881132669546828
2022-09-26,3800,3833,3751,3815,449440,769660,3771.0,3780.5,3795.9,3915.05,-42.49004773090155,-53.11850886701995,10.628461136118396,58.752997601918466,72.64285714285714,1.154593270813451,404574.05,27949606,656694.7,7794.0,1.0230145458650197
2022-09-27,3810,3893,3810,3884,475082,803992,3807.0,3782.5,3792.05,3910.016666666667,-31.950974465230047,-48.88500198666197,16.934027521431922,62.527233115468405,74.14285714285714,58.35054671294647,406878.9,28424688,672972.8,34332.0,4.460670945612355
2022-09-28,3884,3915,3862,3870,352713,799621,3839.4,3789.5,3791.3,3903.483333333333,-24.446561228988685,-43.997313835127315,19.55075260613863,61.72043010752688,72.78571428571429,78.97928357686766,406699.9,28071975,690344.85,-4371.0,-0.5436621259913066
2022-09-29,3880,3898,3853,3878,381553,800400,3853.2,3799.5,3788.8,3897.483333333333,-17.650265260662763,-38.727904120234406,21.077638859571643,58.7962962962963,71.64285714285714,81.16731547734894,412309.95,28453528,709927.05,779.0,0.0974211532713598
2022-09-30,3884,3888,3822,3841,336983,786783,3857.6,3807.8,3794.5,3891.4666666666667,-15.075956279659295,-33.997514552119384,18.92155827246009,50.34642032332563,71.85714285714286,51.967827286220775,408403.3,28116545,720411.25,-13617.0,-1.7012743628185945
2022-10-10,3868,3906,3866,3886,338897,811497,3871.8,3821.4,3803.8,3886.133333333333,-9.29749817454649,-29.057511276604806,19.760013102058316,52.43362831858407,73.0,77.28482571132076,401727.4,28455442,730453.3,24714.0,3.141145652613231
2022-10-11,3886,3904,3770,3782,614548,815727,3851.4,3829.2,3805.8,3881.6833333333334,-12.960558084506374,-25.83812063818512,12.877562553678747,48.17073170731707,75.07142857142857,11.769856799059186,411956.9,27840894,740362.3,4230.0,0.5212588586279487
2022-10-12,3790,3794,3726,3770,487305,818216,3831.4,3835.4,3805.85,3879.25,-16.640043107016027,-23.998505131951305,7.358462024935278,49.170124481327804,72.57142857142857,-42.41610891117784,419909.0,27353589,749941.05,2489.0,0.30512659259775976
2022-10-13,3770,3803,3716,3722,493214,842251,3800.2,3826.7,3803.9,3876.0,-23.16226022599585,-23.831256150760215,0.6689959247643635,46.470588235294116,73.5,-56.15842256409747,423523.5,26860375,759780.65,24035.0,2.9374883893739545
2022-10-14,3710,3778,3692,3762,395329,829107,3784.4,3821.0,3801.9,3875.5,-24.817418820911826,-24.02848868479054,-0.7889301361212873,51.1070110701107,74.85714285714286,-54.723349459776564,422269.25,27255704,768456.65,-13144.0,-1.5605799221372285
2022-10-17,3760,3769,3666,3688,558553,872297,3744.8,3808.3,3794.4,3877.366666666667,-31.73450981327187,-25.569692910486808,-6.164816902785063,48.59649122807018,77.42857142857143,-77.57235138563688,430080.8,26697151,778066.1,43190.0,5.209219075463123
2022-10-18,3707,3717,3652,3690,420577,887503,3726.4,3788.9,3785.7,3875.7833333333333,-36.63269210286171,-27.782292748961787,-8.850399353899924,48.41549295774648,77.14285714285714,-83.9709135190029,438647.85,27117728,788543.2,15206.0,1.7432136072920157
2022-10-19,3692,3708,3648,3665,399268,910431,3705.4,3768.4,3778.95,3874.2833333333333,-42.04713472743606,-30.635261144656642,-11.411873582779418,35.365853658536594,73.78571428571429,-82.2285231857823,438222.0,26718460,799779.05,22928.0,2.5834278870043192
2022-10-20,3665,3669,3605,3612,565099,920916,3683.4,3741.8,3770.65,3870.8,-50.03797000620625,-34.515802916966564,-15.522167089239687,30.654205607476626,75.78571428571429,-97.74679764626471,442604.55,26153361,810729.5,10485.0,1.1516523492719477
2022-10-21,3629,3679,3602,3651,435483,909055,3661.2,3722.8,3765.3,3868.15,-52.617251549331286,-38.13609264343951,-14.481158905891775,35.6140350877193,75.42857142857143,-77.65149070665775,443541.35,26588844,819834.55,-11861.0,-1.2879567734733643
2022-10-24,3650,3695,3630,3656,416931,897957,3654.8,3699.8,3760.6,3865.4,-53.63956897999242,-41.236787910750095,-12.402781069242323,27.470355731225297,74.14285714285714,-61.30567685767292,445355.95,27005775,828162.65,-11098.0,-1.2208282227147982
2022-10-25,3655,3655,3609,3623,431449,903500,3641.4,3683.9,3756.55,3861.5,-56.461731423045876,-44.28177661320925,-12.179954809836623,26.476190476190467,73.71428571428571,-72.9541547510344,446583.25,26574326,835420.95,5543.0,0.6172901375010253
2022-10-26,3623,3669,3603,3627,394536,894059,3633.8,3669.6,3752.5,3857.383333333333,-57.71030050038962,-46.96748139064533,-10.742819109744289,25.911708253358924,75.21428571428571,-65.85795572495331,442951.45,26968862,840489.3,-9441.0,-1.0449363586054194
2022-10-27,3626,3673,3613,3614,361662,895085,3634.2,3658.8,3742.75,3853.05,-59.067893931352046,-49.38756389878668,-9.680330032565365,27.162977867203224,74.78571428571429,-59.47062355632134,433388.15,26607200,846496.15,1026.0,0.11475752718779209
2022-10-28,3605,3613,3514,3530,580312,921116,3610.0,3635.6,3728.3,3844.9,-66.15925181679177,-52.7419014823877,-13.417350334404063,16.791044776119392,77.28571428571429,-87.71373201757466,444446.7,26026888,854458.65,26031.0,2.908215420881821
2022-10-31,3530,3545,3450,3457,507043,904435,3570.2,3612.5,3710.4,3836.366666666667,-76.7845692277001,-57.550435031450185,-19.23413419624992,17.82178217821783,74.5,-100.71148459041375,447326.85,25519845,861197.4,-16681.0,-1.8109554062680444
2022-11-01,3475,3566,3454,3553,466852,876304,3556.2,3598.8,3693.85,3828.2166666666667,-76.57609062681377,-61.355566150522904,-15.220524476290862,31.578947368421055,77.64285714285714,-74.50585736240129,446915.35,25986697,864813.0,-28131.0,-3.110339604283341
2022-11-02,3553,3588,3531,3566,437252,841356,3544.0,3588.9,3678.65,3820.1,-74.50305365316444,-63.98506365105122,-10.517990002113223,35.92057761732852,75.5,-53.92092835234754,451142.3,26423949,866899.75,-34948.0,-3.9881137139622824
2022-11-03,3554,3599,3543,3576,355847,821359,3536.4,3585.3,3663.55,3812.7,-71.23212093987013,-65.43447510881501,-5.797645831055121,32.25190839694656,73.35714285714286,-45.149025023657536,449857.0,26779796,867947.7,-19997.0,-2.3767584708494383
2022-11-04,3570,3660,3562,3640,445370,804770,3558.4,3584.2,3653.5,3807.4166666666665,-62.752249202219446,-64.8980299274959,2.1457807252764525,45.33073929961089,73.0,-19.027733642133487,455276.35,27225166,868847.05,-16589.0,-2.019701494717896
2022-11-07,3651,3686,3600,3618,461544,760270,3590.6,3580.4,3640.1,3800.9666666666667,-57.14833545674128,-63.34809103334498,6.1997555766037,43.258426966292134,74.5,-6.733086266861162,461408.7,26763622,866285.7,-44500.0,-5.5295301763236715
2022-11-08,3618,3648,3600,3645,329053,751066,3609.0,3582.6,3633.25,3793.4,-49.95269550849753,-60.66901192837549,10.716316419877963,48.134328358208954,73.64285714285714,-3.8021783735666066,447133.95,27092675,863052.65,-9204.0,-1.2106225419916572
2022-11-09,3645,3694,3641,3686,408746,741578,3633.0,3588.5,3629.05,3787.35,-40.47516910450622,-56.630243363601636,16.155074259095414,57.06106870229007,72.85714285714286,30.65477002029424,443206.0,27501421,859220.75,-9488.0,-1.2632711372902006
2022-11-10,3675,3675,3615,3627,439762,724689,3643.2,3589.8,3624.3,3780.6666666666665,-37.29505389790893,-52.7632054704631,15.46815157255417,47.794117647058826,72.42857142857143,9.881456029147706,440533.4,27061659,853342.65,-16889.0,-2.2774408086539744
2022-11-11,3635,3743,3616,3720,557478,735415,3659.2,3608.8,3622.2,3775.0666666666666,-26.959692366838226,-47.60250284973813,20.642810482899904,55.06329113924051,76.85714285714286,59.2665070810803,448640.85,27619137,848658.05,10726.0,1.4800831805091619
2022-11-14,3719,3772,3712,3751,407061,703623,3685.8,3638.2,3625.35,3769.4666666666667,-16.082019459397088,-41.298406171669924,25.216386712272836,60.158730158730165,77.78571428571429,96.86869314187213,441066.25,28026198,840224.35,-31792.0,-4.323001298586515
2022-11-15,3744,3780,3744,3780,319403,705309,3712.8,3660.9,3629.85,3765.15,-5.06296496542609,-34.05131793042116,28.988352964995073,61.67938931297711,75.64285714285714,101.39973907118,436007.55,28345601,831114.65,1686.0,0.23961695396541582
2022-11-16,3769,3826,3769,3810,338347,712851,3737.6,3685.3,3637.1,3761.15,6.0210573870062944,-26.03684286693567,32.057900253941966,64.58333333333333,75.42857142857143,106.34944468098756,432961.5,28683948,821235.65,7542.0,1.0693185539954797
2022-11-17,3821,3821,3750,3801,378707,693296,3772.4,3707.8,3646.55,3759.4166666666665,13.918555727094372,-18.045763148129666,31.964318875224038,72.69681742043551,73.35714285714286,86.01937010824213,423641.9,28305241,809854.65,-19555.0,-2.74321001162936
2022-11-18,3795,3815,3772,3807,325607,695997,3789.8,3724.5,3654.35,3757.6,20.426070885543595,-10.351396341395015,30.77746722693861,83.01886792452831,69.64285714285714,79.55857365142892,418148.1,28630848,799201.75,2701.0,0.3895882855230681
2022-11-21,3805,3814,3726,3756,405529,669472,3790.8,3738.3,3659.35,3756.4166666666665,21.223399617827,-4.036437149550613,25.259836767377614,70.9278350515464,67.92857142857143,56.729034184804256,417578.0,28225319,787777.5,-26525.0,-3.8110796454582374
2022-11-22,3756,3806,3746,3755,337061,665096,3785.8,3749.3,3665.95,3753.95,21.526453187361312,1.076140917831772,20.45031226952954,69.97885835095138,68.14285714285714,53.34651254053442,412858.6,27888258,775857.3,-4376.0,-0.653649443143256
2022-11-23,3755,3791,3740,3774,273565,665051,3778.6,3758.1,3673.3,3751.0,23.034242130018356,5.46776116026909,17.566480969749264,70.53941908713693,67.78571428571429,48.38688258504855,406810.05,28161823,764406.9,-45.0,-0.00676594055595281
2022-11-24,3772,3844,3770,3785,406526,648525,3775.4,3773.9,3681.85,3747.2833333333333,24.830552644863474,9.340319457187967,15.490233187675507,66.8997668997669,66.07142857142857,57.83530765805527,409053.25,28568349,752078.9,-16526.0,-2.48492220897345
2022-11-25,3785,3836,3757,3835,356716,629089,3781.0,3785.4,3697.1,3744.5333333333333,29.94355316054134,13.460966197858642,16.4825869626827,73.7417943107221,65.57142857142857,56.67468108681411,397873.45,28925065,737477.55,-19436.0,-2.9969546278092563
2022-11-28,3860,3860,3802,3845,332389,601378,3798.8,3794.8,3716.5,3740.9333333333334,34.40594897013989,17.64996275231489,16.755986217824997,72.72727272727273,66.28571428571429,65.85710998670069,389140.75,29257454,722324.7,-27711.0,-4.404941113260607
2022-11-29,3839,3890,3839,3880,331592,573256,3823.8,3804.8,3732.85,3739.5833333333335,40.302060228713344,22.180382247594583,18.12167798111876,72.35023041474655,66.14285714285714,78.09520889135108,382377.75,29589046,707172.3,-28122.0,-4.676260189099035
2022-11-30,3870,3882,3843,3862,279810,524891,3841.4,3810.0,3747.65,3739.2,43.02634044293791,26.34957388666325,16.676766556274657,79.89821882951654,63.857142857142854,68.89111182417018,374505.65,29309236,691349.05,-48365.0,-8.436893813584156
2022-12-01,3897,3913,3862,3873,264862,498698,3859.0,3817.2,3762.5,3738.2833333333333,45.547912229661506,30.189241555262903,15.358670674398603,74.59807073954984,58.42857142857143,75.40232968748113,369956.4,29574098,675216.0,-26193.0,-4.990178913336296
2022-12-02,3851,3930,3843,3918,296514,468284,3875.6,3828.3,3776.4,3741.4666666666667,50.594181723764905,34.2702295889633,16.3239521348016,75.6923076923077,60.357142857142854,76.68832357140029,362513.6,29870612,658391.7,-30414.0,-6.098680965233472
2022-12-05,3910,4003,3900,3940,372699,398823,3894.6,3846.7,3792.5,3745.4666666666667,55.72622555277758,38.56142878172616,17.16479677105142,75.15723270440252,65.14285714285714,95.41049567151647,358071.35,30243311,640319.35,-69461.0,-14.833092738594534
2022-12-06,3941,3941,3893,3920,293563,623022,3902.6,3863.2,3806.25,3748.4333333333334,57.516559315647555,42.35245488851044,15.164104427137119,67.85714285714286,64.5,72.38537943832591,356296.85,29949748,633917.15,224199.0,56.21516311747317
2022-12-07,3904,3960,3890,3902,469437,659872,3910.6,3876.0,3817.05,3750.65,56.82788566187719,45.24754104318379,11.580344618693402,65.93059936908517,64.42857142857143,66.01871770763432,359331.4,29480311,629831.85,36850.0,5.9147189023822655
2022-12-08,3907,3957,3904,3945,299657,690837,3925.0,3892.0,3832.95,3753.7166666666667,59.07091472901584,48.012215780350196,11.058698948665644,69.49152542372882,65.28571428571429,74.84181375219521,352326.15,29779968,628139.25,30965.0,4.692576742156063
2022-12-09,3950,4048,3950,4031,446360,724016,3947.6,3911.6,3848.5,3757.5333333333333,67.015499727725,51.81287256982516,15.20262715789984,85.34704370179949,66.35714285714286,110.66496626031417,346770.25,30226328,627569.3,33179.0,4.802724810628267
2022-12-12,4040,4086,4026,4036,351071,721912,3966.8,3930.7,3862.75,3760.8333333333335,72.87504068423232,56.025306192706594,16.849734491525723,85.75063613231552,66.35714285714286,113.22176215740049,343970.75,30577399,628483.75,-2104.0,-0.2906013126781737
2022-12-13,4036,4067,3993,4032,333774,740280,3989.2,3945.9,3875.35,3763.633333333333,76.31627601273021,60.08350015671132,16.232775856018897,84.12698412698413,68.0,88.63507226256654,344689.3,30243625,630232.3,18368.0,2.5443544365518322
2022-12-14,4032,4073,4020,4069,315078,766278,4022.6,3966.6,3888.3,3768.116666666667,81.09426635827413,64.28565339702388,16.808612961250248,85.14851485148515,66.5,87.76717725825443,343525.85,30558703,632903.65,25998.0,3.511914410763506
2022-12-15,4069,4155,4066,4149,370856,779577,4063.4,3994.2,3905.7,3774.3,90.29532128588517,69.48758697479613,20.807734311089035,86.17511520737327,67.21428571428571,103.46036461038511,343133.3,30929559,637217.7,13299.0,1.7355320131858143
2022-12-16,4149,4213,4036,4105,622336,773134,4078.2,4012.9,3920.6,3780.0833333333335,92.96514698374722,74.18309897658635,18.782048007160867,77.77777777777777,75.71428571428571,87.51196301915627,357969.75,30307223,641074.55,-6443.0,-0.8264738441488118
2022-12-19,4106,4106,3975,3981,589438,744180,4067.2,4017.0,3931.85,3783.9333333333334,84.10572099792716,76.16762338085451,7.938097617072657,59.06642728904848,81.42857142857143,40.65001524402269,367165.2,29717785,644809.95,-28954.0,-3.745017034563214
2022-12-20,3980,4016,3958,3996,362483,749241,4060.0,4024.6,3943.9,3788.8,77.40268672416005,76.41463604951562,0.9880506746444269,62.093862815884485,82.78571428571429,23.049461483802002,368436.3,30080268,649017.2,5061.0,0.6800774006288757
2022-12-21,3981,4073,3978,4068,295408,765105,4059.8,4041.2,3958.6,3794.8,77.0125295384546,76.53421474730342,0.4783147911511776,65.85365853658536,85.92857142857143,42.9628616730077,369528.45,30375676,654019.9,15864.0,2.117342750863882
2022-12-22,4074,4085,4015,4025,312587,768358,4035.0,4049.2,3970.6,3798.4,72.39901573724956,75.70717494529265,-3.3081592080430937,58.727569331158236,84.71428571428571,40.042927257687516,364831.5,30063089,660011.55,3253.0,0.42517040144816054
2022-12-23,4016,4059,3988,4045,341171,779704,4023.0,4050.6,3981.1,3802.1666666666665,69.55482098431457,74.47670415309705,-4.921883168782472,58.5924713584288,82.42857142857143,30.398667844048635,364054.25,30404260,667542.3,11346.0,1.4766554132318532
2022-12-26,4045,4058,3977,4048,366800,782414,4036.4,4051.8,3991.25,3806.05,66.77313197863259,72.93598971820415,-6.162857739571564,60.774410774410775,84.78571428571429,24.881976581339732,365774.8,30771060,676594.1,2710.0,0.3475677949580813
2022-12-27,4042,4108,4036,4092,305098,799018,4055.6,4057.8,4001.85,3809.516666666667,67.34277014251575,71.81734580306647,-4.474575660550727,65.32258064516128,84.92857142857143,52.29474169790965,364450.1,31076158,687882.2,16604.0,2.122150166024639
2022-12-28,4098,4103,4045,4077,280650,791847,4057.4,4058.6,4012.6,3812.9666666666667,65.82504767669752,70.61888617779269,-4.793838501095166,61.14864864864865,85.14285714285714,46.18377358270769,364492.1,30795508,701230.0,-7171.0,-0.897476652591056
2022-12-29,4090,4100,4040,4090,316817,795615,4070.4,4052.7,4023.45,3816.5,64.92284292226213,69.47967752668659,-4.556834604424452,55.6840077071291,82.07142857142857,43.6971044041001,367089.85,31112325,716075.85,3768.0,0.4758495012294084
2022-12-30,4090,4167,4090,4143,464612,814945,4090.0,4056.5,4034.7,3821.5333333333333,67.70404611554159,69.12455124445759,-1.4205051289160053,59.43562610229277,83.28571428571429,79.98548845784282,375494.75,31576937,733408.9,19330.0,2.429567064472149
2023-01-03,4118,4126,4050,4099,343669,784265,4100.2,4068.3,4042.65,3825.0833333333335,65.60152387534163,68.4199457706344,-2.818421895292772,55.51894563426689,84.64285714285714,43.03320071830201,374043.25,31233268,752681.0,-30680.0,-3.764671235482153
2023-01-04,4108,4113,4062,4080,325413,787148,4097.8,4076.7,4050.65,3830.05,61.69098338657659,67.07415329382285,-5.3831699072462555,50.93378607809847,84.5,34.30590160924285,375635.75,30907855,760887.3,2883.0,0.3676053374815913
2023-01-05,4080,4083,4027,4073,384978,777217,4097.0,4077.2,4059.2,3835.1,57.365733905218804,65.13246941610204,-7.766735510883237,42.63565891472868,82.14285714285714,7.813850833833982,371412.8,30522877,766754.55,-9931.0,-1.261643299608206
2023-01-06,4100,4179,4090,4166,530367,832745,4112.2,4091.3,4070.25,3842.5,60.74206854056274,64.25438924099419,-3.512320700431445,55.39823008849557,77.07142857142857,94.57545804877834,382948.3,31053244,773849.95,55528.0,7.144465445300341
2023-01-09,4165,4200,4135,4146,430386,815571,4112.8,4101.4,4076.0,3848.9,61.09968606351822,63.62344860549899,-2.5237625419807728,67.89587852494577,72.35714285714286,96.75114548191499,382149.6,30622858,778427.7,-17174.0,-2.0623360092225096
2023-01-10,4152,4178,4135,4166,243373,813931,4126.2,4113.2,4082.5,3856.866666666667,62.27901960926965,63.35456280625313,-1.0755431969834746,68.24034334763948,71.28571428571429,83.3389577760675,376764.7,30866231,783028.65,-1640.0,-0.2010861102221595
2023-01-11,4152,4198,4141,4193,284260,816512,4148.8,4123.3,4090.55,3865.25,64.64711261965249,63.613072768933,1.0340398507194877,64.84560570071258,68.57142857142857,87.59330586340238,374289.0,31150491,786840.25,2581.0,0.3171030468184677
2023-01-12,4176,4191,4133,4182,297393,796967,4170.6,4133.8,4096.2,3873.866666666667,64.88824403668059,63.86810702248252,1.0201370141980703,70.17994858611826,67.85714285714286,70.46788530550714,373404.75,30853098,788374.7,-19545.0,-2.3937186471233773
2023-01-13,4182,4220,4155,4202,315925,810365,4177.8,4145.0,4098.85,3883.7,65.93313908948949,64.28111343588391,1.6520256536055768,70.17994858611826,67.42857142857143,82.48322416043612,370658.2,31169023,789914.1,13398.0,1.6811235596956964
2023-01-16,4180,4180,4118,4133,394362,775132,4175.2,4144.0,4100.25,3891.733333333333,60.49614075092677,63.52411889889248,-3.0279781479657117,59.34065934065934,67.64285714285714,40.18261415665082,359259.5,30774661,790014.0,-35233.0,-4.347793895343455
2023-01-17,4150,4172,4105,4148,242326,772567,4171.6,4148.9,4108.6,3899.9333333333334,56.74355070503452,62.16800526012089,-5.4244545550863705,56.572769953051655,67.28571428571429,34.56531390379369,341903.9,31016987,791433.35,-2565.0,-0.3309113802552388
2023-01-18,4152,4210,4152,4196,215608,797387,4172.2,4160.5,4118.6,3909.483333333333,56.985896957340174,61.131583599564756,-4.145686642224582,62.96296296296296,67.57142857142857,67.60815474676409,334560.15,31232595,793840.65,24820.0,3.212666344795978
2023-01-19,4200,4230,4196,4224,230282,799948,4180.6,4175.6,4126.4,3919.4333333333334,58.75997567971808,60.65726201559542,-1.8972863358773395,64.1350210970464,65.71428571428571,84.00240385726603,331303.85,31462877,795582.8,2561.0,0.32117403469080763
2023-01-20,4185,4224,4182,4201,211623,781846,4180.4,4179.1,4135.2,3929.2166666666667,57.64553620944753,60.05491685436584,-2.409380644918315,56.53153153153153,63.214285714285715,64.91150748896354,326255.65,31251254,796257.2,-18102.0,-2.2628970883107447
2023-01-30,4255,4295,4212,4225,271107,799426,4198.8,4187.0,4144.2,3940.8,58.030000599299456,59.64993360335257,-1.6199330040531166,64.85849056603774,63.285714285714285,90.53930302955303,322752.45,31522361,797243.3,17580.0,2.248524645518435
2023-01-31,4232,4242,4152,4154,321228,806428,4200.0,4185.8,4149.5,3952.4166666666665,52.00609092639934,58.121165067961925,-6.115074141562587,57.773109243697476,66.07142857142857,34.56288492274843,320473.85,31201133,798444.0,7002.0,0.875878442782696
2023-02-01,4167,4181,4088,4092,443046,802505,4179.2,4175.7,4149.5,3961.4,41.74797262510765,54.846526579391075,-13.098553954283425,51.78907721280603,68.71428571428571,-27.335192448209025,327371.25,30758087,798618.35,-3923.0,-0.4864662437316203
2023-02-02,4100,4141,4051,4057,423692,801220,4145.8,4163.2,4148.5,3969.5833333333335,30.443202188197574,49.96586170115238,-19.522659512954803,38.47780126849894,67.57142857142857,-65.13130773678176,334523.35,30334395,799087.0,-1285.0,-0.16012361293699096
2023-02-03,4068,4085,4022,4084,371130,792887,4122.4,4151.4,4148.2,3978.05,23.393103387903466,44.6513100385026,-21.258206650599135,43.541666666666664,67.42857142857143,-81.97988187592944,337239.0,30705525,798950.6,-8333.0,-1.040038940615562
2023-02-06,4098,4118,4040,4095,393223,796754,4096.4,4147.6,4145.8,3985.633333333333,18.480426511457154,39.41713333309351,-20.936706821636356,42.46284501061571,69.92857142857143,-57.401385188983866,333669.55,31098748,798041.05,3867.0,0.48771136366216883
2023-02-07,4093,4106,4032,4069,348397,791599,4079.4,4139.7,4144.3,3993.15,12.346785921518858,34.00306385077858,-21.656277929259723,36.808510638297875,71.14285714285714,-68.88801651933007,333905.95,30750351,798407.75,-5155.0,-0.6470002033249878
2023-02-08,4078,4130,4038,4126,391587,797786,4086.2,4132.7,4146.6,4001.1666666666665,11.947531488701316,29.591957378363126,-17.64442588966181,44.57364341085271,73.42857142857143,-43.495979942327246,337214.65,31141938,798939.65,6187.0,0.7815825942175225
2023-02-09,4125,4178,4123,4160,363198,781144,4106.8,4126.3,4150.95,4009.0666666666666,14.210821816393945,26.515730265969292,-12.304908449575347,46.0377358490566,72.71428571428571,4.028223767290787,336125.65,31505136,799136.0,-16642.0,-2.0860230688430237
2023-02-10,4158,4175,4103,4141,369888,761770,4118.2,4120.3,4149.7,4017.633333333333,14.30643877608054,24.073871967991543,-9.767433191911003,50.83333333333333,71.85714285714286,-9.623627501637273,328101.7,31135248,795587.25,-19374.0,-2.4802085146912733
2023-02-13,4140,4154,4081,4082,351812,756374,4115.6,4106.0,4146.5,4023.6666666666665,9.511763302602958,21.16145023491383,-11.649686932310871,43.70229007633588,72.28571428571429,-40.02157036643362,324173.0,30783436,792627.4,-5396.0,-0.7083502894574489
2023-02-14,4098,4148,4063,4132,388463,761756,4128.2,4103.8,4144.8,4030.016666666667,9.635459005119628,18.85625198895499,-9.220792983835363,43.91634980988593,73.92857142857143,-29.111850558764022,331427.5,31171899,790018.65,5382.0,0.7115527503589458
2023-02-15,4130,4185,4130,4172,352438,775568,4137.4,4111.8,4143.75,4036.55,12.813448982816226,17.64769138772724,-4.834242404911013,45.16728624535316,75.42857142857143,18.30982010246988,334836.4,31524337,787971.45,13812.0,1.813179023204281
2023-02-16,4169,4240,4154,4229,417634,807813,4151.2,4129.0,4146.1,4043.5333333333333,19.704313506848848,18.05901581155156,1.6452976952972875,52.44755244755245,78.57142857142857,58.737283213016354,340848.45,31941971,788513.75,32245.0,4.157598044272071
2023-02-17,4221,4260,4221,4240,317067,826897,4171.0,4144.6,4148.0,4050.85,25.756081284858737,19.598428906212998,6.157652378645739,51.341681574239715,74.64285714285714,82.33398371463741,340905.55,32259038,789340.35,19084.0,2.3624279381490476
2023-02-20,4240,4275,4213,4264,357120,851498,4207.4,4161.5,4154.55,4058.4666666666667,32.11850810483975,22.10244474593835,10.016063358901398,60.7421875,72.64285714285714,80.34242721257756,339043.45,32616158,793158.65,24601.0,2.9750984705471106
2023-02-21,4264,4312,4264,4307,342063,874331,4242.4,4185.3,4162.5,4067.65,40.167491988245274,25.715454194399737,14.452037793845538,71.8052738336714,69.42857142857143,97.812198802054,344030.3,32958221,798246.85,22833.0,2.6815095279143275
2023-02-22,4302,4326,4274,4283,364802,878641,4264.6,4201.0,4166.85,4076.45,44.101396831502825,29.39264272182036,14.708754109682467,73.44398340248962,66.71428571428571,86.10813614923318,351490.0,32593419,802309.55,4310.0,0.49294832277477774
2023-02-23,4301,4337,4278,4285,360122,870318,4275.8,4213.5,4169.9,4084.9666666666667,46.84048014936616,32.88221020732952,13.958269942036637,71.99124726477024,66.42857142857143,81.49322701796963,357982.0,32953541,805828.05,-8323.0,-0.9472583227962295
2023-02-24,4296,4308,4260,4296,337963,860437,4287.0,4229.0,4174.65,4093.483333333333,49.33018382975024,36.17180493181367,13.158378897936572,71.99124726477024,64.28571428571429,67.81856787607988,364299.0,33291504,809757.6,-9881.0,-1.1353321429638408
2023-02-27,4285,4319,4255,4277,436126,843771,4289.6,4248.5,4177.25,4100.85,49.202969518602,38.77803784917134,10.424931669430663,73.11111111111111,63.57142857142857,62.40849819661873,372549.95,32855378,811974.85,-16666.0,-1.9369227497190389
2023-02-28,4282,4282,4240,4260,319430,827606,4280.2,4261.3,4182.55,4107.766666666666,47.18645722902875,40.45972172514282,6.7267355038859264,66.34146341463415,60.0,45.61814928255754,372460.05,32535948,813033.75,-16165.0,-1.9158041696147432
2023-03-01,4269,4309,4258,4304,368684,840914,4284.4,4274.5,4193.15,4114.833333333333,48.57880278871926,42.08353793785811,6.4952648508611475,67.14285714285714,59.714285714285715,56.367279529619495,368741.95,32904632,814954.2,13308.0,1.6080115417239638
2023-03-02,4304,4329,4291,4320,260464,850915,4291.4,4283.6,4206.3,4122.466666666666,50.39242050313442,43.74531445091337,6.647106052221048,71.46282973621103,57.285714285714285,62.463913454062684,360580.55,33165096,817438.95,10001.0,1.189301165160761
2023-03-03,4323,4375,4318,4371,316283,876209,4306.4,4296.7,4220.65,4130.766666666666,55.30744953291105,46.05774146731291,9.249708065598142,85.33007334963325,56.142857142857146,77.14432789301154,357838.2,33481379,821605.05,25294.0,2.972564827274171
2023-03-06,4358,4378,4290,4325,480884,857452,4316.0,4302.8,4232.15,4137.55,54.85845575814437,47.817884325479206,7.040571432665168,73.82716049382717,56.357142857142854,58.51785536956932,362221.25,33000495,824639.95,-18757.0,-2.1406993080418046
2023-03-07,4325,4365,4317,4343,318023,869609,4332.6,4306.4,4245.85,4144.266666666666,55.3174098575937,49.317789431902106,5.999620425691596,72.32375979112271,55.857142857142854,60.14294643125561,360702.55,33318518,828540.45,12157.0,1.417805311550957
2023-03-08,4343,4358,4315,4341,254706,861719,4340.0,4312.2,4256.6,4151.283333333334,54.88704728756056,50.4316410030338,4.4554062845267595,67.07317073170731,52.785714285714285,53.68309029920105,353858.5,33063812,831737.1,-7890.0,-0.9073043172276307
2023-03-09,4356,4412,4317,4402,561478,899075,4356.4,4323.9,4268.7,4159.616666666667,58.79047208553857,52.10340721953476,6.687064866003809,71.42857142857143,56.785714285714285,70.44432029649886,363772.5,33625290,837633.65,37356.0,4.335055859276626
2023-03-10,4400,4433,4394,4396,365326,895655,4361.4,4333.9,4281.45,4167.133333333333,60.70010151887709,53.82274607940323,6.87735543947386,68.33333333333334,55.142857142857146,80.7855990888864,363544.4,33259964,844327.9,-3420.0,-0.3803909573728559
2023-03-13,4398,4464,4398,4459,366329,921308,4388.2,4352.1,4300.3,4174.266666666666,66.53015191230406,56.3642272459834,10.165924666320663,70.0,56.57142857142857,94.13265113913488,364270.25,33626293,852574.6,25653.0,2.8641608655118223
2023-03-14,4430,4493,4418,4467,502089,908193,4413.0,4372.8,4317.05,4181.45,70.97785348080288,59.28695249294729,11.690900987855585,75.27472527472527,58.214285714285715,100.34435767643426,369951.55,34128382,859896.45,-13115.0,-1.423519604735879
2023-03-15,4480,4498,4424,4438,373911,868640,4432.4,4386.2,4330.35,4188.216666666666,71.34026521132637,61.69761503662311,9.642650174703256,69.56521739130434,59.285714285714285,89.25071750034732,371025.2,33754471,864550.05,-39553.0,-4.355131563445214
2023-03-16,4385,4409,4303,4310,677591,731112,4414.0,4385.2,4334.4,4192.233333333334,60.60038533967054,61.478169097232595,-0.8777837575620566,51.37795275590552,65.5,5.880295545611596,384023.05,33076880,860715.0,-137528.0,-15.832565850064473
2023-03-17,4312,4375,4286,4359,405122,694023,4406.6,4384.0,4340.35,4195.733333333334,55.40417876968786,60.26337103172365,-4.859192262035791,57.62081784386617,67.28571428571429,1.6602515244674725,388425.8,33482002,854071.3,-37089.0,-5.072957358106556
2023-03-20,4390,4390,4305,4305,378304,677326,4375.8,4382.0,4342.4,4199.066666666667,46.39399779582982,57.48949638454489,-11.095498588715074,53.913043478260875,70.35714285714286,-7.510017348494553,389485.0,33103698,845362.7,-16697.0,-2.4058280489263284
2023-03-21,4324,4334,4270,4273,334468,657982,4337.0,4375.0,4340.7,4203.933333333333,36.25332611778322,53.24226233119256,-16.988936213409346,47.246891651865006,71.28571428571429,-42.54975967477837,389105.25,32769230,834545.25,-19344.0,-2.855936432382633
2023-03-22,4299,4321,4256,4286,350562,643465,4306.6,4369.5,4340.85,4208.766666666666,28.932249149311247,48.3802596948163,-19.448010545505056,46.96428571428571,73.21428571428571,-46.02295447309215,388393.25,33119792,822786.45,-14517.0,-2.206291357514334
2023-03-23,4288,4315,4212,4221,398942,624236,4288.8,4351.4,4337.65,4211.316666666667,17.681465209347152,42.240500797722476,-24.559035588375323,36.933797909407666,76.5,-72.91886653737134,390334.25,32720850,810482.35,-19229.0,-2.9883521248241895
2023-03-24,4225,4276,4190,4253,378954,603574,4267.6,4337.1,4335.5,4215.116666666667,11.217956820950349,36.03599200236805,-24.8180351814177,43.57142857142857,76.35714285714286,-75.15885928242521,392383.8,33099804,797639.2,-20662.0,-3.309966102563777
2023-03-27,4226,4260,4214,4225,323718,574589,4251.6,4313.7,4332.9,4218.116666666667,3.7924963249588473,29.58729286688621,-25.79479654192736,39.64912280701754,76.21428571428571,-74.75856425204746,386763.4,32776086,784180.1,-28985.0,-4.80222806151358
2023-03-28,4232,4258,4209,4255,271822,543616,4248.0,4292.5,4332.65,4221.566666666667,0.3247709070174096,23.734788474912452,-23.410017567895043,42.80936454849498,76.64285714285714,-67.08594941165494,384383.0,33047908,769980.6,-30973.0,-5.390461703930982
2023-03-29,4260,4280,4248,4271,250934,506611,4245.0,4275.8,4331.0,4224.55,-1.119455798287163,18.763939620272527,-19.88339541855969,38.155515370705245,72.14285714285714,-46.92920578268117,378495.5,33298842,753265.45,-37005.0,-6.807194784553805
2023-03-30,4283,4300,4250,4274,329910,473481,4255.6,4272.2,4328.7,4227.833333333333,-1.9988988773911842,14.611371920739785,-16.61027079813097,38.90909090909091,72.92857142857143,-38.99244688367392,381967.8,33628752,734393.75,-33130.0,-6.539534277779202
2023-03-31,4280,4324,4272,4292,240309,444384,4263.4,4265.5,4324.75,4231.2,-1.2292443225314855,11.443248672085533,-12.672492994617018,33.46534653465346,71.78571428571429,-21.859186980436917,378169.1,33869061,712802.5,-29097.0,-6.145336349293851
2023-04-03,4139,4290,4139,4181,368591,424831,4254.6,4253.1,4317.55,4231.833333333333,-9.466930989549837,7.261212739758459,-16.728143729308297,26.48026315789474,77.35714285714286,-76.91344659592134,372554.45,33500470,691171.45,-19553.0,-4.4000234031828285
2023-04-04,4200,4200,4130,4135,259194,387457,4230.6,4239.3,4307.15,4232.433333333333,-19.482589421093508,1.9124523075880666,-21.395041728681573,25.75999999999999,77.07142857142857,-92.44817247595812,369613.0,33241276,667063.85,-37374.0,-8.797380605464289
2023-04-06,4030,4054,4003,4015,336173,514806,4179.4,4212.2,4290.85,4231.35,-36.68024101935589,-5.806086357800725,-30.874154661555167,26.094003241491095,76.85714285714286,-128.33743966140884,373686.35,32905103,649718.2,127349.0,32.86790534175405
2023-04-07,4025,4085,4024,4072,338960,526063,4139.0,4197.3,4274.35,4231.333333333333,-45.18916758757496,-13.682702603755573,-31.506464983819384,27.040000000000006,75.5,-94.44053410189814,362560.45,33244063,631067.6,11257.0,2.186648951255421
2023-04-10,4080,4113,3973,4003,488345,573136,4081.2,4172.3,4254.7,4228.616666666667,-56.845002732616194,-22.3151626295277,-34.529840103088496,26.40625,79.42857142857143,-92.690226288526,368711.4,32755718,614941.65,47073.0,8.948167804996743
2023-04-11,4005,4035,3965,4029,355118,575547,4050.8,4152.7,4233.2,4226.666666666667,-63.25518693192225,-30.50316749000661,-32.75201944191564,30.757097791798117,79.85714285714286,-88.87415222572224,368150.85,33110836,597653.6,2411.0,0.42066804388487533
2023-04-12,4030,4042,3982,3997,273990,585736,4023.2,4126.9,4209.7,4223.85,-70.10926074127019,-38.42438614025933,-31.68487460101086,27.871362940275645,79.5,-81.74827451336088,356745.9,32836846,581530.75,10189.0,1.7703158907960592
2023-04-13,4005,4010,3937,3957,439242,639228,4011.6,4095.5,4185.65,4219.916666666667,-77.87117884555983,-46.313744681319434,-31.55743416424039,28.98089171974523,77.35714285714286,-88.31497095307562,360012.45,32397604,570060.15,53492.0,9.13244191922642
2023-04-14,3966,4030,3960,3986,355428,628270,3994.4,4066.7,4169.45,4216.65,-80.7516425586582,-53.20132425678719,-27.550318301871016,28.64,76.42857142857143,-70.6295041149769,343904.3,32753032,564918.05,-10958.0,-1.714255320480329
2023-04-17,3990,4027,3972,4016,362437,642477,3997.0,4039.1,4152.3,4213.55,-79.69500709104432,-58.50006082363862,-21.194946267405697,33.33333333333333,77.07142857142857,-59.515441170121726,341770.05,33115469,562340.75,14207.0,2.261288936285366
2023-04-18,4016,4058,4016,4037,309725,632363,3998.6,4024.7,4138.9,4211.95,-76.28373990597902,-62.0567966401067,-14.226943265872322,32.362459546925564,76.57142857142857,-42.74328811218097,338341.1,33425194,560092.6,-10114.0,-1.5742197775173272
2023-04-19,4037,4047,3996,4009,310696,647509,4001.0,4012.1,4125.7,4209.633333333333,-74.97538253983339,-64.64051382005204,-10.334868719781355,29.206349206349202,77.92857142857143,-45.90137767350764,337152.5,33114498,559568.95,15146.0,2.395143295860125
2023-04-20,3995,3998,3948,3973,439834,679191,4004.2,4007.9,4110.05,4205.916666666667,-75.96769078527632,-66.9059492130969,-9.061741572179415,27.300150829562597,78.71428571428571,-58.118183571644444,341616.1,32674664,561355.25,31682.0,4.892904963483136
2023-04-21,3968,3969,3880,3883,444458,731005,3983.6,3989.0,4093.15,4200.233333333334,-83.05889877489426,-70.13653912545638,-12.92235964943788,22.176870748299322,81.64285714285714,-74.5507706671027,343891.9,32230206,566693.7,51814.0,7.628781889041525
2023-04-24,3878,3884,3756,3773,592363,752915,3935.0,3966.0,4069.15,4193.1,-96.44307712829959,-75.39784672602502,-21.04523040227457,22.20708446866486,79.85714285714286,-99.4110694663628,354562.35,31637843,574160.75,21910.0,2.9972435209061565
2023-04-25,3773,3815,3750,3752,372950,747960,3878.0,3938.3,4045.5,4185.216666666666,-107.50540401910712,-81.81935818464144,-25.686045834465673,22.9901269393512,79.5,-95.36985856434043,357023.95,31264893,582829.3,-4955.0,-0.6581088170643401
2023-04-26,3740,3800,3729,3771,431042,759036,3830.4,3915.7,4021.3,4178.833333333333,-113.43166692194382,-88.14181993210192,-25.28984698984189,29.93421052631578,75.14285714285714,-85.65235222455696,364984.95,31695935,593600.3,11076.0,1.480827851756783
2023-04-27,3800,3819,3740,3740,443208,789405,3783.8,3894.0,3994.75,4172.966666666666,-119.25501629685004,-94.36445920505156,-24.890557091798485,21.477663230240537,75.78571428571429,-77.60577702518196,374598.65,31252727,607740.0,30369.0,4.000996000189705
2023-04-28,3730,3772,3714,3721,411358,795956,3751.4,3867.5,3967.1,4167.366666666667,-123.97410750172685,-100.28638886438662,-23.687718637340225,23.496240601503757,69.92857142857143,-80.29940500205058,378671.05,30841369,623863.75,6551.0,0.8298655316345771
2023-05-04,3690,3726,3657,3663,422990,836045,3729.4,3832.2,3935.65,4160.35,-130.8853714656425,-106.40618538463781,-24.479186081004684,17.553191489361694,69.85714285714286,-91.66879796097041,387805.1,30418379,643446.8,40089.0,5.036584936855815
2023-05-05,3651,3679,3580,3676,716246,846651,3714.2,3796.1,3910.4,4153.366666666667,-133.77157119274852,-111.87926254625997,-21.89230864648856,20.55045871559632,72.64285714285714,-93.78639492611573,405187.85,31134625,664537.8,10606.0,1.2685920016267005
2023-05-08,3658,3814,3658,3812,844103,807184,3722.4,3776.4,3894.25,4149.083333333333,-123.6593735864326,-114.2352847542945,-9.424088832138096,38.68954758190327,78.57142857142857,-49.5503792129485,434433.3,31978728,685524.15,-39467.0,-4.661542949810493
2023-05-09,3818,3821,3771,3774,480869,829959,3729.2,3756.5,3882.2,4143.216666666666,-117.35882704488677,-114.85999321241295,-2.498833832473821,33.69230769230769,76.92857142857143,-35.734120387785175,441668.1,31497859,701281.8,22775.0,2.821537592420076
2023-05-10,3770,3803,3734,3760,528599,843566,3737.0,3744.2,3866.6,4136.55,-112.20188799330663,-114.32837216859168,2.126484175285057,29.81072555205047,77.92857142857143,-39.87860453712054,451150.05,30969260,717156.95,13607.0,1.6394785766525866
2023-05-11,3760,3774,3650,3653,688275,871963,3735.0,3732.2,3849.1,4128.416666666667,-115.41850967091978,-114.54639966905731,-0.8721100018624668,23.33333333333333,83.78571428571429,-60.93381051832943,461146.55,30280985,732098.3,28397.0,3.3663044741016224
2023-05-12,3634,3686,3614,3642,520737,874709,3728.2,3721.2,3829.75,4121.083333333333,-117.50083708590546,-115.13728715242694,-2.3635499334785237,23.897581792318633,85.28571428571429,-69.71454462293562,469427.5,29760248,747056.4,2746.0,0.3149216193806481
2023-05-15,3646,3777,3646,3732,718630,857269,3712.2,3717.3,3816.5,4114.416666666667,-110.61376213085532,-114.23258214811261,3.618820017257292,34.08190224570673,90.57142857142857,-39.37612894319252,491659.5,30478878,760633.05,-17440.0,-1.9938059400326225
2023-05-16,3732,3766,3696,3708,416318,852228,3699.0,3714.1,3804.05,4106.683333333333,-105.87187990532175,-112.56044169955445,6.688561794232697,37.337192474674374,88.92857142857143,-33.59259045692305,490513.3,30062560,771283.05,-5041.0,-0.5880301282327971
2023-05-17,3708,3783,3703,3775,423447,857309,3702.0,3719.5,3793.5,4099.116666666667,-95.60548351887428,-109.16945006341841,13.56396654454413,50.15432098765432,85.5,-18.21962180672294,493914.25,30486007,782735.0,5081.0,0.596201955345288
2023-05-18,3782,3793,3720,3761,424199,850377,3723.6,3729.3,3780.75,4091.133333333333,-87.5892985036362,-104.85341975146197,17.26412124782577,50.70202808112324,86.07142857142857,-12.410919320062886,497002.35,30061808,793130.0,-6932.0,-0.8085766042348785
2023-05-19,3750,3771,3685,3722,536503,846324,3739.6,3733.9,3765.0,4082.1,-83.42175413553059,-100.5670866282757,17.145332492745112,46.29349470499243,87.14285714285714,-23.024315201173344,508341.25,29525305,803828.05,-4053.0,-0.47661213791059254
2023-05-22,3725,3750,3631,3647,585775,874521,3722.6,3717.4,3746.9,4071.1,-85.18881476866181,-97.49143225635294,12.302617487691123,43.40425531914894,90.0,-48.91016906144819,522095.2,28939530,815178.65,28197.0,3.3317027521374776
2023-05-23,3641,3695,3640,3651,444775,880301,3711.2,3705.1,3730.8,4060.5666666666666,-85.28336295964846,-95.04981839701205,9.76645543736359,44.92753623188406,89.78571428571429,-60.71581948424265,522342.25,29384305,825234.15,5780.0,0.6609332423120673
2023-05-24,3650,3664,3548,3551,581915,933399,3666.4,3684.2,3714.2,4048.3333333333335,-92.36275697868768,-94.51240611334718,2.149649134659498,42.349726775956285,93.14285714285714,-117.80134121390475,529215.1,28802390,835353.85,53098.0,6.031800486424532
2023-05-25,3544,3593,3515,3532,585830,947361,3620.6,3672.1,3702.15,4035.6,-98.3723932388616,-95.28440353845006,-3.0879897004115406,40.243902439024396,91.64285714285714,-123.44746538592406,528888.45,28216560,845076.15,13962.0,1.4958233295728762
2023-05-26,3521,3626,3507,3606,710934,942425,3597.4,3668.5,3694.85,4024.4166666666665,-96.05661089866862,-95.43884501049378,-0.6177658881748442,34.76331360946746,89.0,-85.5288648407678,545787.65,28927494,854799.4,-4936.0,-0.5210263035949292
2023-05-29,3606,3643,3575,3617,503373,936106,3591.4,3657.0,3687.15,4013.7,-92.27009640537062,-94.80509528946915,2.5349988840985276,37.904468412943,90.28571428571429,-56.49568043295636,549404.2,29430867,863652.9,-6319.0,-0.6705042841605446
2023-05-30,3615,3633,3561,3572,428617,946858,3575.6,3643.4,3678.75,4001.5,-91.8416865156887,-94.21241353471308,2.370727019024372,36.1764705882353,90.5,-65.35474486652333,548674.65,29002250,871525.55,10752.0,1.148587873595508
2023-05-31,3565,3589,3533,3581,444407,959332,3581.6,3624.0,3671.75,3989.1833333333334,-89.74146011761104,-93.31822285129267,3.576762733681633,43.81443298969072,85.64285714285714,-70.9612392085808,550327.1,29446657,879694.35,12474.0,1.3174097911196725
2023-06-01,3565,3668,3562,3664,548849,963156,3608.0,3614.3,3671.8,3977.4,-80.4522062716228,-90.74501953535871,10.292813263735908,51.68195718654434,88.07142857142857,-26.614369022159313,556620.05,29995506,886049.9,3824.0,0.3986106999453787
2023-06-02,3660,3745,3632,3722,641042,926463,3631.2,3614.3,3674.1,3967.35,-67.63068595044479,-86.12215281837592,18.491466867931138,49.19614147909967,86.5,16.802986611716637,552859.85,30636548,890040.5,-36693.0,-3.809663232124394
2023-06-05,3730,3809,3722,3765,598518,908829,3660.8,3626.1,3671.75,3957.7166666666667,-53.38441577344838,-79.57460540939041,26.190189635942033,54.44617784711388,87.71428571428571,59.943473084293814,540580.6,31235066,895122.75,-17634.0,-1.9033679704424267
2023-06-06,3765,3805,3754,3765,428544,898015,3699.4,3637.5,3671.3,3948.116666666667,-41.61443867439493,-71.98257206239133,30.368133387996394,49.12891986062718,85.64285714285714,67.50142783704135,537964.35,31235066,898525.55,-10814.0,-1.1898828052361865
2023-06-07,3765,3779,3685,3721,640012,925576,3727.4,3654.5,3669.35,3936.766666666667,-35.42867953782161,-64.67179355747739,29.243114019655778,46.688741721854306,87.14285714285714,38.773836614574684,543535.0,30595054,902626.05,27561.0,3.0691024092025287
2023-06-08,3752,3778,3724,3750,449861,909182,3744.6,3676.3,3674.2,3926.0,-27.865151102753316,-57.31046506653257,29.445313963779256,52.35690235690235,85.07142857142857,50.721723041973895,531614.3,31044915,904487.0,-16394.0,-1.7712213799839227
2023-06-09,3752,3829,3752,3823,523820,906603,3764.8,3698.0,3683.25,3915.4,-15.798396333366782,-49.008051319899415,33.209654986532634,64.86486486486487,82.21428571428571,74.66994390135591,531768.45,31568735,906081.7,-2579.0,-0.28366157710997264
2023-06-12,3806,3839,3738,3763,495215,867757,3764.4,3712.6,3684.8,3903.6666666666665,-10.950672268083053,-41.39657550953614,30.445903241453088,58.64197530864198,85.5,57.43671892015365,520597.7,31073520,906606.1,-38846.0,-4.2847861743232745
2023-06-13,3770,3848,3752,3848,563692,896664,3781.0,3740.2,3691.8,3893.8333333333335,-0.24717709137212296,-33.16669582590334,32.919518734531216,73.45971563981043,84.07142857142857,72.3705868602487,527966.4,31637212,908827.9,28907.0,3.3312321306540937
2023-06-14,3840,3866,3825,3847,395736,874261,3806.2,3766.8,3695.4,3886.116666666667,8.061796931308436,-24.920997274460987,32.98279420576942,75.60975609756098,81.42857142857143,81.53002961767292,526580.85,31241476,909675.5,-22403.0,-2.498483266864737
2023-06-15,3850,3880,3824,3861,413035,892837,3828.4,3786.5,3700.4,3877.8166666666666,15.59661365071588,-16.817475089425614,32.414088740141494,72.97297297297297,76.92857142857143,78.80997246122745,526022.65,31654511,911798.5,18576.0,2.1247659451811396
2023-06-16,3865,3905,3856,3899,402005,892400,3843.6,3804.2,3709.25,3871.05,24.35355992773657,-8.58326808599318,32.93682801372975,74.22680412371135,75.57142857142857,83.63547014397335,519297.75,32056516,914102.3,-437.0,-0.04894510420154763
2023-06-19,3900,3907,3838,3852,511717,861987,3861.4,3812.9,3719.5,3864.0333333333333,27.18759407722291,-1.429095653349961,28.616689730572872,73.97260273972603,75.35714285714286,66.10251927825243,515594.85,31544799,913475.6,-30413.0,-3.4080008964589847
2023-06-20,3877,3877,3811,3836,413142,848249,3859.0,3820.0,3728.75,3856.5333333333333,27.821807794601227,4.421085036240277,23.40072275836095,71.57360406091371,76.07142857142857,50.160351399228134,514013.2,31131657,911873.0,-13738.0,-1.593759534656558
2023-06-21,3837,3838,3782,3786,461190,828442,3846.8,3826.5,3740.5,3849.2833333333333,24.013037256426287,8.33947548027748,15.673561776148807,60.93189964157706,72.5,29.29126975921262,507976.95,30670467,906625.15,-19807.0,-2.3350454878225624
2023-06-26,3748,3767,3732,3755,403364,840743,3825.6,3827.0,3751.65,3840.983333333333,18.282370455788623,10.328054475379709,7.954315980408914,53.10734463276836,68.28571428571429,2.0571687502579894,498853.65,30267103,901294.25,12301.0,1.4848353898039957
2023-06-27,3755,3849,3753,3835,495226,848090,3812.8,3828.2,3763.1,3834.483333333333,19.965952074026518,12.25563399510907,7.710318078917448,56.16197183098591,68.92857142857143,28.313095905390423,488068.25,30762329,896577.5,7347.0,0.8738698984112947
2023-06-28,3833,3847,3793,3825,370734,836498,3807.4,3834.4,3773.5,3827.3166666666666,20.259744486332238,13.856456093353707,6.403288392978531,55.19031141868512,69.14285714285714,29.475449827986925,481436.3,30391595,891597.1,-11592.0,-1.3668360669268576
2023-06-29,3820,3842,3793,3815,392684,833701,3803.2,3831.1,3785.65,3819.7166666666667,19.461322649975955,14.977429404678158,4.483893245297796,58.639705882352935,65.92857142857143,22.92282102808692,479639.65,29998911,885939.25,-2797.0,-0.33437019574463767
2023-06-30,3816,3872,3808,3825,452868,840306,3811.0,3828.9,3797.85,3812.233333333333,19.4117178192123,15.864287087584987,3.547430731627312,57.14285714285714,66.42857142857143,33.4830703083379,480062.7,30451779,879987.95,6605.0,0.7922504590974544
2023-07-03,3820,3874,3798,3858,502604,855864,3831.6,3828.6,3807.55,3805.0,21.784116110560262,17.04825289218004,4.735863218380221,53.60824742268041,66.21428571428571,39.85297285654867,477750.45,30954383,874623.35,15558.0,1.8514683936565968
2023-07-04,3858,3889,3850,3866,337186,862707,3837.8,3825.3,3814.75,3799.75,24.0327573233194,18.445153778407914,5.587603544911488,61.893764434180135,61.785714285714285,63.14526272251125,462557.65,31291569,871435.55,6843.0,0.7995429180337021
2023-07-05,3880,3880,3835,3851,326369,843964,3843.0,3825.2,3819.05,3795.016666666667,24.324054486326986,19.620933919991728,4.703120566335258,50.413223140495866,58.142857142857146,43.688521776633884,448950.2,30965200,868192.3,-18743.0,-2.1725800300681497
2023-07-06,3848,3883,3835,3860,325037,840805,3852.0,3827.6,3823.8,3792.4333333333334,24.99303027516362,20.695353191026108,4.297677084137511,51.75202156334231,58.642857142857146,43.70108887545332,443774.85,31290237,865331.8,-3159.0,-0.3743050651449642
2023-07-07,3860,3872,3765,3766,576488,870406,3840.2,3825.6,3826.05,3787.3333333333335,17.733760249036095,20.103034602628107,-2.3692743535920116,39.46784922394678,62.285714285714285,-32.77301093627024,440598.65,30713749,862573.3,29601.0,3.5205547065014997
2023-07-10,3770,3816,3754,3757,518427,849413,3820.0,3825.8,3826.4,3783.233333333333,11.126255126012893,18.307678707305065,-7.181423581292172,33.175355450236964,63.214285714285715,-72.87818652130598,444026.95,30195322,859584.85,-20993.0,-2.4118629696946003
2023-07-11,3760,3802,3760,3782,355533,842901,3803.2,3820.5,3824.35,3779.116666666667,7.81694193702333,16.209531353248718,-8.392589416225388,41.25000000000001,61.5,-61.54213726203528,435612.6,30550855,856399.75,-6512.0,-0.7666470845160145
2023-07-12,3786,3820,3775,3819,332960,842732,3796.8,3819.9,3827.15,3776.15,8.08666018568374,14.584957119735723,-6.498296934051982,47.980997624703086,60.0,-31.99207763010254,427499.85,30883815,855148.5,-169.0,-0.02004980418816027
2023-07-13,3818,3842,3800,3829,348939,825406,3790.6,3821.3,3826.2,3774.016666666667,9.003543027959495,13.468674301380478,-4.465131273420983,55.643044619422575,59.0,-5.256997680260473,416762.2,31232754,851585.6,-17326.0,-2.0559323723318923
2023-07-14,3828,3878,3827,3874,415172,840532,3812.2,3826.2,3827.55,3772.15,13.20903764195964,13.41674696949631,-0.20770932753667104,65.0632911392405,58.785714285714285,44.93843216807926,417734.0,31647926,849899.15,15126.0,1.8325527073949077
2023-07-17,3870,3878,3784,3791,480766,816362,3819.0,3819.5,3824.05,3768.4,9.732327864985564,12.679863148594162,-2.947535283608598,44.47236180904522,58.642857142857146,-12.195324729274072,421120.55,31167160,846075.4,-24170.0,-2.875559764530078
2023-07-18,3791,3853,3791,3850,349162,806578,3832.6,3817.9,3821.6,3765.2833333333333,11.60405293584654,12.46470110604464,-0.8606481701981004,52.79642058165548,59.214285714285715,12.562006766828837,418478.4,31516322,841784.3,-9784.0,-1.1984879256996317
2023-07-19,3850,3852,3808,3843,319501,803710,3837.4,3817.1,3821.15,3762.516666666667,12.379859724289417,12.447732829693596,-0.06787310540417835,53.153153153153156,58.857142857142854,20.71631219308921,408867.6,31196821,838870.45,-2868.0,-0.3555762740863222
2023-07-20,3845,3895,3845,3887,473694,866303,3849.0,3819.8,3823.7,3761.0833333333335,16.35657604316293,13.229501472387463,3.127074570775468,56.48535564853556,58.0,80.67729197144034,411895.2,31670515,839773.15,62593.0,7.7880081123788525
2023-07-21,3895,3934,3865,3933,706857,949561,3860.8,3836.5,3831.05,3761.9166666666665,22.955352919281268,15.174671761766223,7.780681157515044,57.63747454175153,57.5,109.63428599196536,424178.55,32377372,845829.1,83258.0,9.610725115808204
2023-07-24,3933,3953,3906,3918,601121,944085,3886.2,3852.6,3839.2,3764.3333333333335,26.66715414223154,17.473168237859287,9.193985904372251,55.22088353413654,58.07142857142857,114.21200813256773,434066.4,31776251,850996.2,-5476.0,-0.5766875429803919
2023-07-25,3930,4036,3917,4017,919819,1022531,3919.6,3876.1,3848.3,3768.75,37.16879721842042,21.412294033971516,15.756503184448906,64.26116838487974,63.357142857142854,140.97211077121455,455296.05,32696070,859718.25,78446.0,8.309209446183342
2023-07-26,4020,4061,4016,4051,648581,1013608,3961.2,3899.3,3859.6,3773.4166666666665,47.68525493089419,26.66688621335605,21.018368717538138,65.7331136738056,63.142857142857146,138.6846113120566,469188.4,33344651,868573.75,-8923.0,-0.8726385801506309
2023-07-27,4050,4115,4031,4080,840881,1034028,3999.8,3924.4,3872.85,3779.0833333333335,57.69461348134064,32.87243166695297,24.82218181438767,78.96678966789668,61.5,125.26305660474219,491598.25,34185532,878590.1,20420.0,2.014585520240564
2023-07-28,4094,4141,4055,4117,940146,1064025,4036.6,3948.7,3887.45,3785.6833333333334,67.83078199258625,39.86410173207963,27.96668026050662,81.57894736842105,63.214285714285715,114.22307581805565,515962.15,35125678,889776.05,29997.0,2.9009852731260555
2023-07-31,4097,4123,4066,4084,671876,1011685,4069.8,3978.0,3898.75,3792.7,72.36674556131084,46.36463049792587,26.002115063384963,76.12456747404845,64.07142857142857,91.50313241694417,524425.75,34453802,897567.1,-52340.0,-4.919057352975731
2023-08-01,4088,4108,4067,4088,474492,985359,4084.0,4001.8,3909.85,3799.5666666666666,75.41495923411503,52.17469624516371,23.240262988951322,74.6788990825688,63.785714285714285,78.87156544148306,531291.05,34928294,903699.7,-26326.0,-2.6021933704660993
2023-08-02,4071,4085,4027,4030,628342,934798,4079.8,4020.5,3918.8,3803.2,72.31695046797404,56.20314708972578,16.113803378248257,66.94772344013491,65.14285714285714,55.377053382900925,546389.7,34299952,908241.4,-50561.0,-5.131226284024404
2023-08-03,4030,4034,3962,3984,950380,886498,4060.6,4030.2,3925.0,3806.7,65.3960951615336,58.04173670408735,7.354358457446246,59.25925925925926,66.64285714285714,29.505795876521113,577656.85,33349572,910526.05,-48300.0,-5.166891670713891
2023-08-04,3996,4055,3988,3990,602675,892678,4035.2,4035.9,3936.2,3810.5333333333333,59.70715046091436,58.37481945545275,1.3323310054616115,69.24564796905223,65.0,33.14760370311811,578966.2,33952247,911639.65,6180.0,0.6971250922167993
2023-08-07,3982,3999,3955,3984,583688,866397,4015.2,4042.5,3947.55,3816.05,54.09094420873771,57.518044406109745,-3.4271001973720345,64.4396551724138,63.714285714285715,15.899895281688684,582229.25,33368559,912488.85,-26281.0,-2.944062696739469
2023-08-08,3986,4012,3941,3948,550522,870116,3987.2,4035.6,3955.85,3821.15,46.202566726733494,55.2549488702345,-9.052382143501006,60.649087221095336,65.64285714285714,6.483650682895597,591978.7,32818037,913849.6,3719.0,0.42924894707623285
2023-08-09,3928,3974,3918,3964,397039,848048,3974.0,4026.9,3963.1,3825.016666666667,40.772042298078304,52.35836755580326,-11.586325257724958,58.27956989247312,65.92857142857143,-4.62609243838227,595182.65,33215076,914115.4,-22068.0,-2.5362135623296256
2023-08-10,3960,3973,3912,3921,546284,831900,3961.4,4011.0,3967.7,3828.5666666666666,32.62251982778571,48.411198010199755,-15.788678182414046,48.701298701298704,65.35714285714286,-17.002099919334878,605049.9,32668792,914440.1,-16148.0,-1.9041375016508488
2023-08-11,3921,3945,3895,3937,536025,812438,3950.8,3993.0,3970.85,3831.266666666667,27.142152994048956,44.157389006969595,-17.01523601292064,52.05183585313174,65.57142857142857,-24.845884557969253,611092.55,33204817,913035.4,-19462.0,-2.3394638778699406
2023-08-14,3929,3936,3871,3889,502197,799618,3931.8,3973.5,3975.75,3833.4,18.710046181360667,39.06792044184781,-20.357874260487144,34.46601941747572,61.785714285714285,-45.157458726805864,612164.1,32702620,912198.2,-12820.0,-1.5779665648332553
2023-08-15,3890,3932,3872,3924,521678,795100,3927.0,3957.1,3979.45,3836.766666666667,14.682497582458382,34.19083586996993,-19.50833828751155,34.62469733656175,62.857142857142854,-43.92966953283258,620789.9,33224298,911624.3,-4518.0,-0.5650197969530479
2023-08-16,3930,3945,3915,3926,350784,771382,3919.4,3946.7,3983.6,3841.4166666666665,11.519233038218772,29.656515303619702,-18.13728226540093,30.051813471502584,59.0,-37.72959769738369,622354.05,33575082,910007.9,-23718.0,-2.983021003647335
2023-08-17,3923,3932,3868,3924,527233,749942,3920.0,3940.7,3985.45,3845.9666666666667,8.750074400558788,25.47522712300752,-16.725152722448733,22.507122507122517,57.42857142857143,-55.046100158248855,625031.0,33047849,904189.85,-21440.0,-2.7794270542999433
2023-08-18,3913,3934,3889,3905,423403,713930,3913.6,3932.2,3984.05,3851.866666666667,4.965120204095456,21.37320573922511,-16.408085535129654,23.44213649851632,56.57142857142857,-53.9754449418188,610858.3,32624446,892408.3,-36012.0,-4.80197135245125
2023-08-21,3905,3906,3853,3879,445237,686429,3911.6,3921.7,3982.1,3857.65,-0.13095639090170152,17.072373313199748,-17.20332970410145,20.891364902506965,57.42857142857143,-71.11339672936055,603064.1,32179209,879525.5,-27501.0,-3.8520583250458706
2023-08-22,3879,3936,3857,3917,447491,665758,3910.2,3918.6,3977.1,3862.8333333333335,-1.0907775819578092,13.439743134168237,-14.530520716126047,33.33333333333333,58.714285714285715,-50.01513874891304,579447.7,32626700,861686.85,-20671.0,-3.011382094870696
2023-08-23,3915,3970,3915,3937,437280,652057,3912.4,3915.9,3971.4,3868.1666666666665,-0.23490213242075697,10.70481408085044,-10.939716213271197,42.49201277955272,57.5,-21.73382103647235,568882.65,33063980,843609.3,-13701.0,-2.0579549926549867
2023-08-24,3933,3965,3882,3884,425566,634809,3904.4,3912.2,3961.6,3873.366666666667,-3.7895877245796328,7.805933719764425,-11.595521444344058,35.277777777777786,58.357142857142854,-38.473070032395206,548116.9,32638414,823648.35,-17248.0,-2.6451675236980776
2023-08-25,3890,3930,3885,3917,316011,614655,3906.8,3910.2,3951.6,3878.9666666666667,-3.8989329865316904,5.464960378505203,-9.363893365036894,41.343669250645995,58.5,-35.033574714249724,516910.15,32954425,801179.85,-20154.0,-3.174813211532923
2023-08-28,3917,3938,3837,3858,666917,617843,3902.6,3907.1,3940.3,3882.2,-8.646722773115016,2.6426237481811587,-11.289346521296174,39.024390243902445,60.642857142857146,-59.29287484003479,516662.2,32287508,781487.75,3188.0,0.5186649421220046
2023-08-29,3866,3878,3838,3848,343120,598981,3888.8,3899.5,3928.3,3884.3,-13.065683742396686,-0.4990377499344105,-12.566645992462275,35.64356435643565,59.5,-80.92138012124678,510093.6,31944388,762168.85,-18862.0,-3.0528791294875846
2023-08-30,3846,3876,3842,3870,344473,556323,3875.4,3893.9,3920.3,3886.05,-14.623950214142496,-3.324020242776028,-11.299929971366469,43.34203655352481,57.57142857142857,-71.87270884275333,495900.15,32288861,743245.1,-42658.0,-7.12176179211027
2023-08-31,3816,3886,3810,3880,640465,629473,3874.6,3889.5,3915.1,3887.9666666666667,-14.880438757942102,-5.635303945809243,-9.245134812132859,42.44031830238727,59.42857142857143,-70.49100079778889,480404.4,32929326,730393.85,73150.0,13.148836197676527
2023-09-01,3884,3943,3864,3935,689099,712660,3878.2,3892.5,3912.35,3891.5333333333333,-10.524349283620722,-6.613113013371539,-3.9112362702491836,55.989583333333336,60.357142857142854,4.008881870359231,484725.6,33618425,721392.95,83187.0,13.215340451457003
2023-09-04,3945,3956,3902,3917,585635,743504,3890.0,3896.3,3909.0,3894.3166666666666,-8.427420501361667,-6.975974510969564,-1.4514459903921022,49.04632152588555,59.92857142857143,27.10956579534394,484822.95,33032790,715248.3,30844.0,4.3280105520163925
2023-09-05,3922,3946,3889,3906,562801,788251,3901.6,3895.2,3906.9,3895.7,-7.5659814782093235,-7.093975904417516,-0.4720055737918072,47.340425531914896,61.857142857142854,14.358653531375923,485436.9,32469989,711155.05,44747.0,6.0183939830855016
2023-09-06,3900,3927,3890,3908,482983,794145,3909.2,3892.3,3904.1,3898.116666666667,-6.6452986939361836,-7.00424046232125,0.3589417683850664,47.87234042553191,59.92857142857143,9.319361583949703,489734.1,32952972,708459.9,5894.0,0.7477313698301735
2023-09-07,3908,3922,3855,3880,712918,794517,3909.2,3891.9,3902.05,3898.65,-8.081854362167633,-7.219763242290528,-0.8620911198771051,46.753246753246756,61.5,-32.3983744239582,498065.8,32240054,706590.75,372.0,0.04684283096916264
2023-09-08,3880,3883,3805,3809,667986,821344,3884.0,3881.1,3895.65,3898.016666666667,-14.77907769924741,-8.731626133681903,-6.047451565565506,41.860465116279066,63.285714285714285,-115.61624421515457,504663.85,31572068,707036.05,26827.0,3.376516802031926
2023-09-11,3808,3861,3789,3851,602243,837349,3870.8,3880.4,3893.75,3897.85,-16.50734011206714,-10.286768929358951,-6.2205711827081895,42.3963133640553,62.785714285714285,-95.8332963205042,509666.15,32174311,708922.6,16005.0,1.9486354073323664
2023-09-12,3859,3890,3853,3882,557204,812805,3866.0,3883.8,3891.65,3897.5666666666666,-15.200339551033721,-11.269483053693905,-3.930856497339816,43.82022471910113,61.642857142857146,-26.636449940745006,511442.45,32731515,709807.85,-24544.0,-2.9311553486061404
2023-09-13,3882,3889,3823,3852,554084,848489,3854.8,3882.0,3887.95,3897.5666666666666,-16.39627541289019,-12.294841525533162,-4.101433887357029,46.208530805687204,60.42857142857143,-53.772692405751705,521607.45,32177431,713663.2,35684.0,4.39022889869034
2023-09-14,3860,3874,3840,3868,452462,843133,3852.4,3880.8,3885.15,3898.1,-15.870056781434869,-13.009884576713503,-2.8601722047213656,43.95061728395061,59.57142857142857,-39.98199251009145,517868.9,32629893,718322.75,-5356.0,-0.6312397685768412
2023-09-15,3882,3911,3873,3892,531394,855709,3869.0,3876.5,3884.5,3899.866666666667,-13.362391964409198,-13.080386054252642,-0.2820059101565562,54.5945945945946,55.42857142857143,12.003680978695206,523268.45,33161287,725411.7,12576.0,1.4915796202971565
2023-09-18,3890,3906,3856,3903,566777,882979,3879.4,3875.1,3885.7,3902.3333333333335,-10.367926458598049,-12.537894135121725,2.169967676523676,57.41239892183289,56.142857142857146,5.283312832131756,529345.45,33728064,735239.2,27270.0,3.1868310371867103
2023-09-19,3903,3971,3903,3933,765067,944886,3889.6,3877.8,3886.5,3903.9666666666667,-5.510519849104185,-11.132419277918217,5.621899428814032,58.31134564643799,58.57142857142857,75.50782766607638,545224.25,34493131,749195.6,61907.0,7.011152020602984
2023-09-20,3933,3949,3919,3932,416275,948183,3905.6,3880.2,3886.25,3905.75,-1.7218335328434478,-9.250302128903263,7.528468596059815,57.027027027027025,55.285714285714285,73.85631601052144,544174.0,34076856,764001.9,3297.0,0.34893098215023066
2023-09-21,3935,3940,3830,3843,825224,962186,3900.6,3876.5,3884.2,3906.2166666666667,-5.833582618020046,-8.56695822672662,2.7333756087065737,38.61386138613861,57.5,-21.270116866803033,564156.9,33251632,780370.75,14003.0,1.4768246214074798
2023-09-22,3840,3879,3832,3863,519829,940872,3894.8,3881.9,3881.5,3906.85,-7.39311728454868,-8.332190038291031,0.9390727537423516,43.34975369458128,57.0,-37.88046682642705,574347.8,33771461,796681.6,-21314.0,-2.215164219807808
2023-09-25,3865,3873,3802,3812,592464,944409,3876.6,3878.0,3879.2,3906.0833333333335,-12.599098948814117,-9.18557182039565,-3.413527128418467,39.46188340807175,58.0,-75.10533409378685,570625.15,33178997,813009.9,3537.0,0.37592786266356093
2023-09-26,3812,3821,3746,3759,695413,1009819,3841.8,3865.7,3874.75,3904.3,-20.762200264704916,-11.500897509257504,-9.261302755447412,35.010060362173036,60.714285714285715,-123.38849149705294,588239.8,32483584,833551.8,65410.0,6.926024635512795
2023-09-27,3762,3785,3752,3767,423627,996409,3808.8,3857.2,3869.6,3902.9,-26.283009554765613,-14.457319918359126,-11.825689636406487,38.15513626834382,58.285714285714285,-108.96729104158935,592197.5,32907211,855556.1,-13410.0,-1.3279607533627336
2023-09-28,3773,3816,3771,3795,510911,989865,3799.2,3849.9,3865.35,3901.8166666666666,-28.075290228689937,-17.180913980425288,-10.89437624826465,48.38709677419355,56.214285714285715,-73.27315934012071,585719.8,33418122,873575.7,-6544.0,-0.6567584194843712
2023-10-09,3756,3767,3725,3740,417106,1012278,3774.6,3834.7,3855.6,3901.383333333333,-33.5470167939734,-20.454134543134913,-13.092882250838485,37.58389261744966,56.07142857142857,-102.8646013061829,572120.15,33001016,888556.6,22413.0,2.2642481550514404
2023-10-10,3740,3761,3703,3715,468149,1033429,3755.2,3815.9,3845.5,3900.6833333333334,-39.44598186029043,-24.252504006566017,-15.193477853724414,31.065759637188208,57.42857142857143,-100.6665267803579,566245.85,32532867,903052.85,21151.0,2.0894457846559966
2023-10-11,3715,3741,3684,3718,501336,1027558,3747.0,3794.4,3836.1,3899.616666666667,-43.37883503919602,-28.077770213092016,-15.301064826104003,33.81642512077295,56.785714285714285,-94.62887465579169,563172.6,33034203,915018.2,-5871.0,-0.5681086944531288
2023-10-12,3720,3736,3692,3731,503044,1033763,3739.8,3774.3,3827.25,3898.15,-44.928747529344946,-31.447965676342605,-13.480781853002341,33.33333333333333,57.5,-79.79871575864283,564175.65,33537247,926999.1,6205.0,0.6038588576021908
2023-10-13,3739,3748,3707,3727,364794,1027269,3726.2,3762.7,3819.6,3896.45,-45.95014623211864,-34.348401787497814,-11.601744444620827,28.900255754475694,57.357142857142854,-66.29308569191619,546769.45,33172453,938636.7,-6494.0,-0.628190407279039
2023-10-16,3738,3777,3706,3772,540335,1004155,3732.6,3753.6,3817.75,3894.75,-42.636995401162494,-36.00612051023075,-6.630874890931743,34.58823529411764,58.857142857142854,-45.31287757789513,540386.9,33712788,947777.25,-23114.0,-2.250043562104964
2023-10-17,3776,3793,3761,3766,381394,1001048,3742.8,3749.0,3813.5,3894.3333333333335,-40.033962751254876,-36.81168895843558,-3.222273792819294,29.177057356608472,56.285714285714285,-28.13742914078178,529344.45,33331394,955962.2,-3107.0,-0.30941438323764947
2023-10-18,3766,3786,3735,3747,397628,979815,3748.6,3747.8,3806.75,3892.616666666667,-39.05399172638408,-37.260149512025286,-1.793842214358797,27.923627684964202,57.785714285714285,-36.0662057061492,521365.65,32933766,964312.7,-21233.0,-2.121077111187475
2023-10-19,3744,3770,3724,3765,370501,984906,3755.4,3747.6,3802.4,3891.3166666666666,-36.405250989218075,-37.08916980746385,0.6839188182457718,38.793103448275865,53.214285714285715,-34.560282926385966,512186.5,33304267,971133.55,5091.0,0.5195878813857746
2023-10-20,3770,3780,3716,3729,431316,978819,3755.8,3741.0,3795.45,3888.6833333333334,-36.78694698159052,-37.028725242289184,0.24177826069866626,31.5934065934066,54.42857142857143,-38.26731074501098,511129.2,32872951,977917.85,-6087.0,-0.6180285225188986
2023-10-23,3719,3730,3690,3706,433048,989599,3742.6,3737.6,3786.15,3884.9,-38.50152991599498,-37.32328617703035,-1.1782437389646319,34.22619047619047,52.214285714285715,-55.30909666544732,506211.9,32439903,984612.35,10780.0,1.1013272116703998
2023-10-24,3707,3766,3707,3754,461976,968338,3740.2,3741.5,3778.7,3882.1666666666665,-35.577040421115726,-36.97403702584742,1.3969966047316973,49.244712990936556,51.142857142857146,-28.206935857630736,500971.85,32901879,988880.3,-21261.0,-2.1484459867077477
2023-10-25,3763,3815,3758,3794,630603,966477,3749.6,3749.1,3771.75,3878.45,-29.68945417388977,-35.517120455455895,5.827666281566124,53.71900826446281,53.142857142857146,12.99551691363564,494248.65,33532482,989959.85,-1861.0,-0.19218496021017328
2023-10-26,3795,3799,3771,3795,336813,966160,3755.6,3755.5,3764.9,3874.1833333333334,-24.658559488184437,-33.345408262001605,8.686848773817168,50.0,51.642857142857146,24.13599449783414,490275.55,33869295,990858.7,-317.0,-0.032799538944017215
2023-10-27,3795,3845,3784,3844,486185,989002,3778.6,3767.2,3764.95,3870.25,-16.52713419894826,-29.98175344939094,13.45461925044268,65.75757575757575,51.0,74.40138999290596,473323.6,34355480,992199.5,22842.0,2.364204686594351
2023-10-30,3850,3862,3830,3856,361671,1000541,3808.6,3775.6,3764.6,3865.9,-9.010751032749795,-25.787552966062712,16.776801933312917,72.2397476340694,49.142857142857146,108.63538098044826,465415.7,34717151,995182.95,11539.0,1.1667317154060441
2023-10-31,3861,3870,3828,3849,342610,985360,3827.6,3783.9,3766.45,3861.983333333333,-3.5775647796567682,-21.345555328781522,17.767990549124754,70.40498442367601,48.07142857142857,101.89792703184062,452923.0,34374541,997230.5,-15181.0,-1.5172791519787787
2023-11-01,3848,3875,3837,3865,372473,977838,3841.8,3795.7,3771.75,3858.266666666667,1.996328322107729,-16.677178598603675,18.673506920711404,70.67901234567901,47.642857142857146,97.07200175406265,436776.0,34747014,995631.45,-7522.0,-0.7633758220345843
2023-11-02,3870,3874,3841,3858,365387,972954,3854.4,3805.0,3776.3,3855.4,5.78218384830916,-12.185306109221107,17.96748995753027,70.03058103975536,47.07142857142857,83.49378577735644,433864.0,34381627,994458.7,-4884.0,-0.49946923723561687
2023-11-03,3857,3908,3852,3899,492418,965471,3865.4,3822.0,3781.5,3853.983333333333,11.953071410451685,-7.357630605286549,19.310702015738233,69.6594427244582,46.0,96.15474363184512,432939.35,34874045,993239.0,-7483.0,-0.769101108582726
2023-11-06,3900,3931,3890,3895,462448,951912,3873.2,3840.9,3789.25,3852.4,16.332506720843412,-2.6196031400605566,18.952109860903967,70.09345794392524,46.642857142857146,95.52990695857167,435206.45,34411597,990220.7,-13559.0,-1.4043922603579007
2023-11-07,3903,3912,3876,3889,360153,941297,3881.2,3854.4,3797.95,3850.8166666666666,19.09893032048558,1.7241035520486703,17.374826768436908,73.05194805194805,45.57142857142857,75.3055451439769,429806.65,34051444,985614.1,-10615.0,-1.115124087100483
2023-11-08,3883,3942,3864,3940,475700,965544,3896.2,3869.0,3809.05,3850.6833333333334,25.117080658433224,6.402698973325581,18.714381685107643,75.65982404692082,47.857142857142854,82.16257910865201,428524.85,34527144,982513.4,24247.0,2.575913872029756
2023-11-09,3940,3969,3933,3953,402020,953964,3915.2,3884.8,3820.15,3850.5,30.582958209150547,11.238750820490575,19.344207388659974,85.22012578616352,45.857142857142854,94.27855679937338,423473.65,34929164,978523.45,-11580.0,-1.1993239044517878
2023-11-10,3972,3991,3955,3985,349082,951321,3932.4,3898.9,3833.05,3851.5666666666666,37.06952371801299,16.40490539999506,20.66461831801793,92.66055045871559,45.714285714285715,96.17713180615269,422688.05,35278246,974726.05,-2643.0,-0.2770544800432706
2023-11-13,3988,4005,3941,3962,476995,942844,3945.8,3909.5,3842.55,3851.983333333333,39.89438816264328,21.102801952524704,18.791586210118577,84.43708609271523,46.0,80.17076874879304,419521.05,34801251,971660.5,-8477.0,-0.891076723839801
2023-11-14,3973,3973,3930,3951,367809,930692,3958.2,3919.7,3851.8,3853.016666666667,40.77547126698164,25.037335815416093,15.738135451565547,78.75457875457876,44.714285714285715,61.95700158068175,418841.8,34433442,968142.7,-12152.0,-1.2888664508656777
2023-11-15,3968,4042,3965,4000,586601,928313,3970.2,3933.2,3864.45,3854.2833333333333,44.909932716055664,29.01185519554401,15.898077520511656,81.93146417445482,49.214285714285715,81.53920824143395,428290.45,35020043,965567.6,-2379.0,-0.25561625113356135
2023-11-16,4012,4051,3986,4048,438289,922137,3989.2,3952.2,3878.6,3856.3166666666666,51.46644886315289,33.50277392906579,17.963674934087102,81.875,49.5,84.89209470854632,431679.85,35458332,962429.15,-6176.0,-0.6652928484250475
2023-11-17,4060,4072,4007,4012,376743,900221,3994.6,3963.5,3892.75,3857.7833333333333,53.14501337881984,37.4312218190166,15.71379155980324,72.67441860465117,51.857142857142854,77.41360063012351,428951.2,35081589,958499.25,-21916.0,-2.3766533606177864
2023-11-20,4012,4055,3990,4047,385956,896704,4011.6,3978.7,3909.8,3860.15,56.646509641763714,41.274279383566025,15.372230258197689,76.61290322580646,53.5,72.93868720711937,426596.6,35467545,953854.5,-3517.0,-0.390681843680607
2023-11-21,4057,4075,4016,4017,433039,878153,4024.8,3991.5,3922.95,3862.45,56.35114050712673,44.28965160827817,12.061488898848559,69.68911917098445,55.0,71.02116981630287,425149.75,35034506,949345.25,-18551.0,-2.068798622510881
2023-11-22,4006,4059,4004,4059,440196,868113,4036.6,4003.4,3936.2,3864.8166666666666,58.827975053982755,47.19731629741909,11.630658756563662,73.87173396674585,56.57142857142857,67.68978893878032,415629.4,35474702,944427.05,-10040.0,-1.1433087400487207
2023-11-23,4059,4072,3980,4014,676676,831655,4029.8,4009.5,3947.15,3866.1,56.508367077256935,49.05952645338667,7.448840623870268,63.529411764705884,59.142857142857146,52.144136912881564,432622.55,34798026,937701.8,-36458.0,-4.1996836817326795
2023-11-24,4021,4064,3986,4054,442033,823192,4038.2,4016.4,3957.65,3868.9333333333334,57.237923596036126,50.695205881916564,6.542717714119561,67.24511930585683,61.785714285714285,55.791397296440856,430414.95,35240059,929411.3,-8463.0,-1.0176094654634427
2023-11-27,4054,4059,4013,4055,425774,795199,4039.8,4025.7,3967.6,3871.233333333333,57.237001511363815,52.00356500780602,5.233436503557797,68.20175438596492,62.5,55.90681223473102,433620.1,35665833,919144.2,-27993.0,-3.4005432511491906
2023-11-28,4045,4051,3993,4013,514121,715413,4039.0,4031.9,3975.8,3873.8166666666666,53.23357820842875,52.24956764793057,0.9840105604981844,58.16554809843401,61.357142857142854,35.461850317695806,442195.65,35151712,905646.85,-79786.0,-10.033463321759706
2023-11-29,4013,4034,4000,4006,319852,654016,4028.4,4032.5,3982.85,3876.45,48.9319379772578,51.58604171379602,-2.654103736538218,56.00907029478458,61.214285714285715,27.418035756968173,439564.6,34831860,889455.75,-61397.0,-8.582035831051439
2023-11-30,4011,4024,3960,4007,508741,571001,4027.0,4028.4,3990.3,3878.733333333333,45.0838501838648,50.28560340780978,-5.2017532239449835,52.6829268292683,63.07142857142857,9.195587677826829,446732.3,35340601,869358.1,-83015.0,-12.693114541540274
2023-12-01,4026,4039,3997,4025,273256,512934,4021.2,4029.7,3996.6,3881.15,42.99108795047823,48.82670031634348,-5.835612365865245,57.777777777777786,61.5,27.63946425196986,435774.2,35613857,846731.25,-58067.0,-10.169334204318382
2023-12-04,4039,4046,3980,3984,421542,767273,4007.0,4023.4,4001.05,3881.9666666666667,37.59087722118147,46.57953569731107,-8.9886584761296,53.793103448275865,63.142857142857146,5.205171810073444,433728.9,35192315,837499.3,254339.0,49.585131810330374
2023-12-05,3981,3994,3965,3971,327549,775566,3998.6,4018.8,4005.15,3882.866666666667,31.894519786875208,43.642532515223905,-11.748012728348698,46.365914786967416,58.714285714285715,-37.346601641661316,432098.7,34864766,829212.75,8293.0,1.0808408480423637
2023-12-06,3969,4028,3951,4028,419255,792320,4003.0,4015.7,4009.55,3884.9,31.61509991912135,41.2370459960034,-9.621946076882054,47.549019607843135,59.57142857142857,-8.874400713474568,429276.45,35284021,820551.55,16754.0,2.1602287877498405
2023-12-07,4028,4120,4022,4114,690836,917179,4024.4,4025.7,4017.6,3888.3333333333335,37.89629404074867,40.56889560495246,-2.672601564203788,61.1353711790393,61.92857142857143,116.49194605907351,443717.25,35974857,818712.3,124859.0,15.758658117932157
2023-12-08,4115,4171,4100,4149,629517,996011,4049.2,4035.2,4025.8,3892.8166666666666,45.17761371962206,41.490639227886376,3.6869744917356826,61.1353711790393,62.357142857142854,145.98710104212032,457739.0,36604374,820946.8,78832.0,8.59505069348514
2023-12-11,4150,4176,4112,4122,528474,1012495,4076.8,4041.9,4033.8,3898.0333333333333,48.21366060512537,42.835243503334176,5.378417101791193,61.53846153846154,62.714285714285715,115.86819178519976,460312.95,36075900,824429.35,16484.0,1.6550018021889379
2023-12-12,4111,4157,4111,4155,388326,1025036,4113.6,4056.1,4044.0,3903.1,52.67536502419398,44.803267807506145,7.872097216687834,60.762331838565025,62.07142857142857,104.9714290054426,461338.8,36464226,829146.55,12541.0,1.2386234006093844
2023-12-13,4150,4151,4040,4058,700372,945658,4119.6,4061.3,4046.9,3906.0333333333333,47.832821591564425,45.409178564317806,2.4236430272466194,54.417670682730915,63.714285714285715,40.38473583653437,467027.35,35763854,830013.8,-79378.0,-7.743923140260445
2023-12-14,4060,4095,4047,4047,453971,930138,4106.2,4065.3,4046.85,3909.2833333333333,42.61620982421573,44.85058481629739,-2.234374992081662,49.25373134328358,61.57142857142857,17.783732136951414,467811.45,35309883,830413.85,-15520.0,-1.6411852910883207
2023-12-15,4057,4079,4014,4033,539726,899292,4083.0,4066.1,4047.9,3912.0333333333333,36.9266569030824,43.26579923365439,-6.339142330571988,47.717842323651446,62.92857142857143,-4.653103755897707,475960.6,34770157,830367.4,-30846.0,-3.316282100075474
2023-12-18,4035,4038,4000,4024,418606,900096,4063.4,4070.1,4046.75,3914.233333333333,31.330264649738183,40.87869231687115,-9.54842766713297,51.224944320712694,61.214285714285715,-26.23313598699384,477593.1,34351551,830537.0,804.0,0.0894036642158591
2023-12-19,4028,4049,4011,4030,379887,897036,4038.4,4076.0,4047.4,3916.35,27.067219270054466,38.116397707507815,-11.04917843745335,52.67857142857143,61.5,-16.216296792300987,474935.5,34731438,831481.15,-3060.0,-0.3399637372013653
2023-12-20,4035,4072,4022,4058,389270,932309,4038.4,4079.0,4047.35,3918.4333333333334,25.652386345572722,35.6235954351208,-9.971209089548076,55.368421052631575,60.5,4.65813515919616,472389.2,35120708,834690.95,35273.0,3.932172175921589
2023-12-21,4060,4100,4044,4097,415152,966844,4048.4,4077.3,4051.5,3921.1833333333334,27.362675235559436,33.97141139520853,-6.608736159649091,57.25806451612903,61.5,32.19844887568593,459313.0,35535860,841450.4,34535.0,3.7042439791957316
2023-12-22,4099,4145,4098,4120,495565,985471,4065.8,4074.4,4054.8,3925.8,30.225577639559106,33.22224464407864,-2.996667004519537,64.22594142259413,60.214285714285715,66.3313400275348,461989.6,36031425,849564.35,18627.0,1.92657760714241
2023-12-25,4120,4142,4105,4130,384106,1013338,4087.0,4075.2,4058.55,3930.25,32.92186211403714,33.16216813807034,-0.24030602403320245,66.73684210526315,60.785714285714285,63.81855032164852,459906.2,36415531,860471.3,27867.0,2.827784886617679
2023-12-26,4124,4153,4120,4135,385819,1025559,4108.0,4073.2,4064.65,3935.633333333333,35.05801818818372,33.54133814809302,1.516680040090705,62.64775413711584,57.642857142857146,65.64757796303967,453491.1,36801350,875978.6,12221.0,1.206014182829418
2023-12-27,4130,4142,4101,4137,370116,1035228,4123.8,4081.1,4071.2,3941.9333333333334,36.49166732675212,34.13140398382484,2.360263342927283,53.392330383480825,53.57142857142857,51.703862334672074,456004.3,37171466,895039.2,9669.0,0.9428029006619765
2023-12-28,4130,4139,4082,4096,455984,995975,4123.6,4086.0,4075.65,3947.4166666666665,33.92838198145091,34.090799583350055,-0.16241760189914345,42.31884057971015,52.57142857142857,29.089092784195525,453366.45,36715482,916287.9,-39253.0,-3.7917251078989356
2023-12-29,4096,4124,4092,4114,390867,995967,4122.4,4094.1,4080.1,3952.733333333333,32.9693591954574,33.86651150577153,-0.8971523103141266,48.80952380952381,50.285714285714285,29.517758711851847,459247.0,37106349,940439.55,-8.0,-0.0008032330128804333
2024-01-02,4100,4156,4085,4146,335787,1021651,4125.6,4106.3,4088.2,3959.5,34.394975426426754,33.97220428990258,0.42277113652417597,48.656716417910445,52.07142857142857,43.319414979757624,454959.25,37442136,953158.45,25684.0,2.578800301616413
2024-01-03,4145,4185,4140,4160,377783,1051031,4130.6,4119.3,4097.65,3966.9166666666665,36.236754804804605,34.42511439288298,1.8116404119216227,70.23809523809524,47.07142857142857,72.52433922646384,457470.95,37819919,966931.7,29380.0,2.8757374093501653
2024-01-04,4160,4170,4132,4147,346865,1046289,4132.6,4128.2,4103.6,3974.0666666666666,36.22975283852111,34.78604208201061,1.443710756510498,69.68503937007874,46.357142857142854,56.33125141292315,453851.45,37473054,979630.15,-4742.0,-0.45117603572111253
2024-01-05,4146,4150,4070,4079,539403,982071,4129.2,4126.4,4101.85,3979.866666666667,30.386890866777776,33.90621183896404,-3.5193209721862644,57.467532467532465,47.42857142857143,-3.493271481529901,446279.8,36933651,982874.75,-64218.0,-6.137692358421043
2024-01-08,4085,4090,4042,4051,379744,953276,4116.6,4119.5,4096.95,3985.266666666667,23.2292424175007,31.770817954671372,-8.541575537170672,54.12844036697247,48.142857142857146,-44.58862434985044,433791.15,36553907,980738.0,-28795.0,-2.9320690662895
2024-01-09,4051,4070,4041,4049,324061,958585,4097.2,4111.4,4093.3,3989.883333333333,17.197133320003104,28.85608102773772,-11.658947707734615,52.94117647058823,47.5,-48.54322578224725,423570.5,36229846,978042.5,5309.0,0.5569216050755443
2024-01-10,4059,4059,4001,4004,415904,915913,4066.0,4098.3,4085.75,3993.85,8.685399601793506,24.82194474254888,-16.136545140755373,42.05882352941176,48.07142857142857,-76.49886980167706,424949.4,35813942,972586.35,-42672.0,-4.451561416045524
2024-01-11,4004,4047,3991,4041,386989,897656,4044.8,4088.7,4084.9,3998.75,4.869250396907319,20.831405873420568,-15.96215547651325,41.71597633136095,48.07142857142857,-64.42466677491439,409280.25,36200931,970186.25,-18257.0,-1.9933115918214894
2024-01-12,4051,4055,4024,4026,378739,881372,4034.2,4081.7,4083.85,4003.1,0.6273186791549961,16.790588434567454,-16.163269755412458,35.75757575757575,46.857142857142854,-52.20829752720934,405518.65,35822192,967747.95,-16284.0,-1.8140579464739237
2024-01-15,4017,4049,3990,4017,419499,888322,4027.4,4072.0,4083.05,4007.9,-3.4212297456274428,12.748224798528476,-16.16945454415592,32.82674772036475,48.42857142857143,-66.3510043391597,399507.3,35402693,967199.45,6950.0,0.788543316556467
2024-01-16,4015,4033,3995,4029,348378,885306,4023.4,4060.3,4083.3,4013.2833333333333,-5.59691606423894,9.079196625974992,-14.676112690213932,34.22619047619047,48.785714285714285,-65.7675545082359,395995.9,35751071,966459.95,-3016.0,-0.33951652666488474
2024-01-17,4043,4052,3992,3993,363709,894176,4021.2,4043.6,4081.45,4017.266666666667,-10.109525959855091,5.241452108808975,-15.350978068664066,30.540540540540533,50.142857142857146,-70.03943093184176,395187.0,35387362,966316.95,8870.0,1.0019134626897408
2024-01-18,3990,4030,3981,4030,421202,898738,4019.0,4031.9,4080.05,4021.2,-10.5782713087292,2.07750742530134,-12.65577873403054,40.98360655737705,49.57142857142857,-64.41456531434139,396783.6,35808564,964638.4,4562.0,0.510190387574716
2024-01-19,4020,4045,4016,4032,276216,898442,4020.2,4027.2,4076.8,4025.15,-10.665427678260585,-0.47107959541104494,-10.19434808284954,38.28571428571428,49.357142857142854,-44.27938113361506,389836.8,36084780,961218.3,-296.0,-0.03293507117758665
2024-01-22,4038,4050,4012,4029,414131,906656,4022.6,4025.0,4072.25,4028.233333333333,-10.851485487115497,-2.5471607737519353,-8.304324713363561,31.775700934579447,47.0,-40.63050781830896,385765.1,35670649,957277.55,8214.0,0.9142493338468061
2024-01-23,4029,4064,4020,4049,338977,894282,4026.6,4025.0,4068.2,4031.45,-9.278152026964108,-3.89335902439437,-5.384793002569738,33.027522935779814,46.92857142857143,-24.057458494029685,383508.65,36009626,951324.75,-12374.0,-1.3647954681819785
2024-01-24,4049,4083,4047,4080,299126,921390,4044.0,4032.6,4065.45,4035.3,-5.466814962435365,-4.2080502120025685,-1.2587647504327961,40.289855072463766,46.785714285714285,4.123022698289841,379174.0,36308752,946116.3,27108.0,3.031258596281705
2024-01-25,4092,4124,4090,4097,425303,943728,4057.4,4038.2,4063.45,4039.1666666666665,-1.0622994279756313,-3.578900055197181,2.5166006272215498,53.06122448979591,44.214285714285715,40.43739964423543,381933.35,36734055,941541.3,22338.0,2.424380555465122
2024-01-26,4100,4116,4087,4102,291153,957197,4071.4,4045.8,4063.75,4043.233333333333,2.799498206463795,-2.303220402864986,5.102718609328781,59.40959409594096,42.857142857142854,38.70311703889722,373691.8,37025208,939602.4,13469.0,1.4272120780563835
2024-01-29,4100,4122,4081,4092,306256,968810,4084.0,4053.3,4062.65,4046.45,4.9954992225461865,-0.8434764777827515,5.8389757003289375,57.70609318996416,43.714285714285715,36.22149728180652,369461.25,36718952,938244.55,11613.0,1.2132298784889528
2024-01-30,4090,4102,4042,4044,353051,957670,4083.0,4054.8,4057.55,4048.9333333333334,2.830024244006381,-0.10877633342492499,2.938800577431306,57.09219858156028,43.857142857142854,2.210647882679962,370324.45,36365901,935045.5,-11140.0,-1.1498642664712344
2024-01-31,4042,4048,4005,4005,350962,948621,4068.0,4056.0,4049.8,4050.866666666667,-2.0099350610489637,-0.48900807894973275,-1.520926982099231,43.66197183098591,42.92857142857143,-44.0155546665468,368983.4,36014939,929925.0,-9049.0,-0.9448975116689518
2024-02-01,4005,4023,3990,4004,307788,949569,4049.4,4053.4,4042.65,4051.9333333333334,-5.858792806479414,-1.5629650244556692,-4.2958277820237445,45.92592592592593,43.07142857142857,-61.57105430312921,367029.55,35707151,925089.0,948.0,0.09993453655359197
2024-02-02,4006,4015,3943,3967,563801,930276,4022.4,4046.9,4037.05,4052.1666666666665,-11.759079726044547,-3.602187964773445,-8.156891761271101,41.61073825503356,44.0,-95.20837844648483,368249.45,35143350,922499.25,-19293.0,-2.0317638844570496
2024-02-05,3967,3994,3960,3971,294951,928927,3998.2,4041.1,4033.05,4051.9333333333334,-15.928716717430234,-6.067493715304803,-9.861223002125431,40.0,43.714285714285715,-82.75518684034951,364009.8,35438301,921281.8,-1349.0,-0.1450107279990065
2024-02-06,3960,3978,3931,3967,324744,926498,3982.8,4032.9,4028.95,4052.016666666667,-19.333090807918325,-8.720613133827507,-10.612477674090817,44.96124031007753,42.785714285714285,-89.85264671742411,364043.95,35113557,919677.45,-2429.0,-0.261484486940311
2024-02-07,3965,3977,3945,3968,229640,913100,3975.4,4021.7,4027.15,4052.3,-21.700243262769163,-11.31653915961584,-10.383704103153324,36.036036036036045,41.57142857142857,-75.35586684473088,354730.75,35343197,919536.8,-13398.0,-1.446090547416179
2024-02-08,3968,3991,3961,3984,210159,891015,3971.4,4010.4,4024.3,4052.0333333333333,-22.031200391068523,-13.459471405906378,-8.571728985162146,39.83050847457627,41.642857142857146,-53.04208766263048,345889.25,35553356,919204.75,-22085.0,-2.41868360530062
2024-02-19,4010,4023,3935,3943,348758,913835,3966.6,3994.5,4020.15,4050.2833333333333,-25.310084746389748,-15.829594074003053,-9.480490672386695,34.30656934306569,45.214285714285715,-59.88420680365551,344390.2,35204598,920827.9,22820.0,2.5611241112663663
2024-02-20,3945,3950,3881,3884,495224,969330,3949.2,3973.7,4013.5,4048.15,-32.29712992795021,-19.123101244792483,-13.174028683157726,23.642172523961662,47.0,-104.98410100557929,348176.45,34709374,924878.3,55495.0,6.072759305563924
2024-02-21,3884,3966,3862,3916,679959,937387,3939.0,3960.9,4007.85,4045.9666666666667,-34.85054561233028,-22.268590118300043,-12.581955494030236,23.88535031847134,51.857142857142854,-83.65127829415557,364755.5,35389333,927482.35,-31943.0,-3.2953689661931462
2024-02-22,3914,3926,3882,3902,364691,957811,3925.8,3950.6,4003.3,4044.05,-37.570736868042786,-25.329019468248593,-12.241717399794194,18.649517684887456,51.857142857142854,-81.87722801391482,364804.6,35024642,930664.1,20424.0,2.178822620753218
2024-02-23,3903,3927,3897,3905,282696,962142,3910.0,3940.7,3997.05,4041.483333333333,-39.03446805849535,-28.070109186297945,-10.964358872197405,18.12297734627832,51.92857142857143,-68.79595583365322,357879.3,35307338,933834.3,4331.0,0.4521768908479773
2024-02-26,3908,3913,3862,3872,465547,998607,3895.8,3931.2,3989.05,4039.116666666667,-42.36890738938018,-30.929868826914394,-11.43903856246579,16.86746987951807,52.642857142857146,-78.34861765894611,367345.85,34841791,938842.55,36465.0,3.7899811046602228
2024-02-27,3866,3939,3857,3937,445326,982436,3906.4,3927.8,3984.45,4037.1666666666665,-39.313338119966375,-32.60656268552479,-6.706775434441582,34.67048710601719,54.214285714285715,-52.6394958910107,368905.6,35287117,942631.55,-16171.0,-1.619355762577268
2024-02-28,3932,3941,3911,3920,264255,983422,3907.2,3923.1,3978.0,4034.9166666666665,-37.82748369954243,-33.65074688832832,-4.176736811214106,37.00305810397553,53.285714285714285,-39.534620955940845,365169.5,35022862,947088.55,986.0,0.10036277172253971
2024-02-29,3916,3928,3895,3911,349191,989265,3909.0,3917.4,3969.55,4033.2166666666667,-36.950219025996375,-34.310641315861936,-2.6395777101344393,36.11940298507462,53.285714285714285,-43.71320804756786,367672.75,34673671,950482.3,5843.0,0.5941498156437408
2024-03-01,3907,3933,3883,3885,315179,990197,3905.0,3907.5,3958.95,4031.2,-37.91589235554329,-35.03169152379821,-2.8842008317450833,37.34567901234567,51.714285714285715,-47.82488744291972,362166.55,34358492,952805.75,932.0,0.09421135893821209
2024-03-04,3880,3900,3845,3888,476212,998501,3908.2,3902.0,3948.25,4029.2166666666667,-38.001067843301826,-35.62556678769893,-2.3755010556028964,37.151702786377705,53.214285714285715,-62.17340873115789,371419.5,34834704,954870.95,8304.0,0.8386210016794626
2024-03-05,3890,3907,3845,3857,377081,998612,3892.2,3899.3,3936.5,4026.4166666666665,-40.107674646037594,-36.52198835936666,-3.585686286670935,34.28571428571429,54.285714285714285,-68.57476617619983,374960.75,34457623,956361.05,111.0,0.011116663879162658
2024-03-06,3860,3860,3826,3844,326949,1012343,3877.0,3892.1,3926.5,4024.0833333333335,-42.338119580989314,-37.68521460369119,-4.652904977298121,32.87292817679558,54.42857142857143,-90.61831573153424,373655.65,34130674,959094.7,13731.0,1.3750085118144018
2024-03-07,3832,3877,3832,3853,336613,995698,3865.4,3887.2,3918.9,4022.116666666667,-42.88518476272111,-38.72520863549718,-4.159976127223928,31.549295774647888,55.5,-73.96156868081488,372938.2,34467287,961448.55,-16645.0,-1.644205570641566
2024-03-08,3853,3861,3828,3841,303587,987102,3856.6,3880.8,3910.75,4019.0,-43.78234198758037,-39.73663530591382,-4.045706681666545,34.355828220858896,51.57142857142857,-79.08776842241667,372728.15,34163700,963325.2,-8596.0,-0.8633139767278863
2024-03-11,3841,3842,3766,3767,454027,1002103,3832.4,3870.3,3900.75,4013.2166666666667,-49.88943278212719,-41.7671948011565,-8.122237980970688,32.84457478005865,52.07142857142857,-113.64155177271113,367239.45,33709673,966916.55,15001.0,1.5197011048503573
2024-03-12,3770,3810,3763,3804,321711,980559,3821.8,3857.0,3892.4,4007.4666666666667,-51.154083031049595,-43.64457244713512,-7.5095105839144765,33.81502890173411,48.0,-97.8015975005019,368577.45,34031384,969498.15,-21544.0,-2.149878804873351
2024-03-13,3812,3832,3755,3769,454424,983590,3806.8,3841.9,3882.5,4001.5833333333335,-54.353976154495285,-45.786453188607155,-8.56752296588813,31.880108991825608,50.357142857142854,-90.75633438611503,375061.45,33576960,972352.75,3031.0,0.30910939576302976
2024-03-14,3769,3776,3700,3701,555779,1012274,3776.4,3820.9,3869.15,3994.016666666667,-61.66609781925172,-48.962382114736066,-12.703715704515652,26.388888888888886,53.642857142857146,-117.6780682056534,391368.4,33021181,977311.45,28684.0,2.9162557569719194
2024-03-15,3700,3725,3681,3692,452266,998142,3746.6,3801.6,3854.55,3987.9166666666665,-67.41016923386996,-52.65193953856285,-14.758229695307115,27.941176470588232,53.142857142857146,-115.88001613937921,403473.75,32568915,982667.8,-14132.0,-1.3960647018494976
2024-03-18,3686,3730,3621,3725,726850,980329,3738.2,3785.3,3843.65,3982.55,-68.50982439650443,-55.82351651015117,-12.686307886353255,21.808510638297875,55.07142857142857,-104.00126490809588,422378.35,33295765,985992.5,-17813.0,-1.7846158161864745
2024-03-19,3730,3795,3728,3788,582018,913271,3735.0,3778.4,3838.85,3978.4666666666667,-63.564997821400084,-57.37181277240096,-6.193185048999126,34.36018957345971,57.92857142857143,-46.50788998935843,426718.05,33877783,983189.55,-67058.0,-6.84035665577577
2024-03-20,3802,3823,3775,3791,448895,860637,3739.4,3773.1,3832.6,3974.5833333333335,-58.72714226744165,-57.6428786714091,-1.0842635960325495,35.57692307692308,59.0,-25.751698334047607,415164.85,34326678,979352.05,-52634.0,-5.763240045944739
2024-03-21,3791,3832,3765,3827,451955,829768,3764.6,3770.5,3828.85,3971.2,-51.39574954263162,-56.39345284565361,4.997703303021993,43.1924882629108,60.214285714285715,-14.896338479819057,419528.05,34778633,972949.9,-30869.0,-3.5867618984542826
2024-03-22,3819,3844,3803,3822,368037,784998,3790.6,3768.6,3824.7,3967.266666666667,-45.464934734959115,-54.20774922351472,8.742814488555602,42.28971962616822,59.214285714285715,-1.480289398046375,423795.1,34410596,964092.7,-44770.0,-5.3954840389120795
2024-03-25,3830,3849,3794,3806,366351,742196,3806.8,3772.5,3821.4,3962.4166666666665,-41.576519318862665,-51.68150324258431,10.104983923721647,43.82566585956416,58.714285714285715,-3.986960403678337,418835.3,34044245,951272.15,-42802.0,-5.452497968147685
2024-03-26,3800,3816,3733,3735,415556,698541,3796.2,3765.6,3811.3,3956.0,-43.720051180110204,-50.089212830089494,6.36916164997929,38.42887473460722,62.214285714285715,-40.22874574763394,417346.8,33628689,937077.4,-43655.0,-5.881869479221125
2024-03-27,3729,3777,3712,3717,499437,621364,3781.4,3760.4,3801.15,3949.116666666667,-46.33711971892126,-49.33879420785585,3.00167448893459,35.83333333333334,63.642857142857146,-55.43970428877738,429105.9,33129252,918974.5,-77177.0,-11.04831355639826
2024-03-28,3713,3751,3654,3692,667908,583807,3754.4,3759.5,3790.2,3941.733333333333,-49.8537731927031,-49.4417900048253,-0.4119831878778015,34.888438133874246,68.21428571428571,-77.20272941544894,445041.75,32461344,898701.6,-37557.0,-6.044283222072733
2024-03-29,3688,3688,3623,3625,455229,544145,3715.0,3752.8,3777.2,3933.2,-57.385581205578546,-51.030548244975954,-6.355032960602593,35.390946502057616,67.71428571428571,-104.95881792345722,452044.25,32006115,876399.0,-39662.0,-6.79368352897447
2024-04-01,3628,3708,3588,3708,479247,467611,3695.4,3751.1,3768.2,3926.733333333333,-56.01152103098639,-52.02674280217804,-3.984778228808345,40.97744360902256,72.92857142857143,-78.70284919942416,452196.0,32485362,849854.5,-76534.0,-14.065001056703641
2024-04-02,3660,3710,3655,3688,683453,796144,3686.0,3741.1,3759.75,3919.633333333333,-55.89211182261988,-52.79981660626641,-3.0922952163534703,42.16634429400387,71.35714285714286,-60.62829270902071,467514.6,31801909,839731.1,328533.0,70.25775698176476
2024-04-03,3682,3720,3656,3659,518171,816573,3674.4,3727.9,3750.5,3911.516666666667,-57.47500076965298,-53.73485343894373,-3.7401473307092488,45.60669456066945,70.5,-59.2766188337687,477075.7,31283738,829942.6,20429.0,2.565993086677798
2024-04-08,3641,3730,3635,3728,473989,810886,3681.6,3718.0,3744.25,3904.3166666666666,-52.5558966595554,-53.499062083066065,0.9431654235106635,53.34572490706319,74.14285714285714,-40.07510459089415,483944.5,31757727,820702.0,-5687.0,-0.696447225171537
2024-04-09,3730,3775,3724,3766,593066,831769,3709.8,3712.4,3740.5,3897.9666666666667,-45.07163108429904,-51.81357588331266,6.741944799013616,53.775322283609576,70.0,12.431425363552957,498418.45,32350793,812935.35,20883.0,2.5753311809551427
2024-04-10,3766,3779,3727,3741,497829,865777,3716.4,3705.9,3739.2,3892.3333333333335,-40.688555421812,-49.588571791012534,8.900016369200536,45.34653465346534,68.71428571428571,9.144118231823528,500608.55,31852964,806119.05,34008.0,4.088635185971112
2024-04-11,3740,3769,3734,3761,497059,862174,3731.0,3708.5,3737.05,3887.5,-35.195392946395714,-46.709936022089174,11.51454307569346,47.12643678160919,67.78571428571429,16.517417557774035,509375.95,32350023,800199.8,-3603.0,-0.41615797139448185
2024-04-12,3761,3785,3750,3779,441357,873554,3755.0,3714.7,3737.55,3883.0,-29.05464863720772,-43.17887854511289,14.124229907905168,45.238095238095234,65.5,33.32287167753882,508722.6,32791380,794698.0,11380.0,1.3199191810469912
2024-04-15,3788,3798,3754,3780,414622,865761,3765.4,3723.5,3741.5,3879.266666666667,-23.83264499169354,-39.30963183442902,15.476986842735478,45.8,65.71428571428571,36.10372880846927,501664.75,33206002,787372.35,-7793.0,-0.8921028350851845
2024-04-16,3787,3805,3769,3777,460434,862201,3767.6,3738.7,3745.75,3874.866666666667,-19.70905073960421,-35.389515615464056,15.680464875859847,47.022587268993846,64.35714285714286,38.08491483937193,502073.15,32745568,780575.3,-3560.0,-0.41119893365489935
2024-04-17,3770,3838,3770,3833,519658,888585,3786.0,3751.2,3751.15,3871.65,-11.786473468142958,-30.66890718599984,18.88243371785688,60.38135593220339,63.285714285714285,59.782128173761116,491713.55,33265226,775988.1,26384.0,3.060075318864164
2024-04-18,3833,3869,3825,3846,539851,861931,3803.0,3767.0,3754.05,3868.8,-4.407970210238545,-25.41671979084758,21.008749580609035,63.81156316916488,61.785714285714285,80.74439475658161,489605.2,33805077,773421.1,-26654.0,-2.999600488416976
2024-04-19,3840,3860,3828,3835,336530,855808,3814.2,3784.6,3756.25,3865.5666666666666,0.5456488118829839,-20.22424607030147,20.769894882184452,65.78366445916114,57.142857142857146,70.7904250010191,483986.95,33468547,773179.65,-6123.0,-0.7103816894855841
2024-04-22,3823,3846,3807,3817,412426,868169,3821.6,3793.5,3755.75,3862.633333333333,2.9845737003038266,-15.582482116180412,18.56705581648424,73.76237623762376,55.0,54.81709189085316,482010.5,33056121,775099.7,12361.0,1.444366026024535
2024-04-23,3816,3834,3795,3797,372589,863981,3825.6,3796.6,3754.5,3858.75,3.265958456755925,-11.812794001593144,15.078752458349069,63.04985337243402,49.214285714285715,43.95743809232168,482238.1,32683532,779048.85,-4188.0,-0.48239455682015375
2024-04-24,3790,3848,3785,3835,403088,879719,3826.0,3806.0,3755.95,3855.4666666666667,6.480536730822223,-8.154127855110069,14.634664585932292,70.47353760445682,49.785714285714285,54.95179676888264,484074.95,33086620,785925.0,15738.0,1.8215678354037923
2024-04-25,3830,3857,3818,3827,423919,889607,3822.2,3812.6,3760.55,3852.1,8.2870520540273,-4.865891873282596,13.152943927309895,74.85207100591717,48.0,58.892601260489656,484493.1,32662701,795478.3,9888.0,1.1239952757641891
2024-04-26,3827,3840,3804,3833,332688,904428,3821.8,3818.0,3766.35,3848.5,10.086606201221457,-1.8753922583817855,11.961998459603242,69.0909090909091,43.785714285714285,47.6894558036927,476155.65,32995389,809631.5,14821.0,1.6660165668660465
2024-04-29,3833,3841,3802,3816,389082,895353,3821.6,3821.6,3772.55,3844.1,10.02544086126045,0.5047743655466617,9.520666495713787,59.84251968503937,42.92857142857143,38.84219866311456,462214.35,32606307,825208.8,-9075.0,-1.003396621953323
2024-04-30,3818,3848,3784,3804,486295,905364,3823.0,3824.3,3781.5,3839.2166666666667,8.906004303043119,2.185020353045953,6.720983949997166,63.07053941908714,43.785714285714285,29.35070224901206,463767.65,32120012,843269.75,10011.0,1.118106489842563
2024-05-06,3816,3882,3816,3877,416667,954872,3831.4,3828.7,3789.95,3835.4666666666667,13.750821765373075,4.498180635511378,9.252641129861697,69.72789115646259,46.857142857142854,65.5541318080339,460638.65,32536679,867632.8,49508.0,5.4682978337994514
2024-05-07,3880,3890,3855,3864,293938,957846,3838.8,3830.5,3798.75,3831.6666666666665,16.352877363889547,6.869119981187012,9.483757382702535,64.70588235294119,46.857142857142854,71.30534265608598,441162.9,32242741,875717.9,2974.0,0.31145535736727403
2024-05-08,3864,3868,3803,3808,460023,958583,3833.8,3827.8,3806.2,3827.733333333333,13.737930868552212,8.242882158660052,5.49504870989216,54.06976744186046,48.357142857142854,25.48064743141047,438255.5,31782718,882818.4,737.0,0.0769434752559306
2024-05-09,3810,3827,3794,3807,440880,965490,3832.0,3826.8,3810.15,3824.4333333333334,11.45285391786274,8.88487651050059,2.56797740736215,54.385964912280706,48.142857142857146,-1.1064796380157151,436600.05,31341838,890548.6,6907.0,0.7205427177406687
2024-05-10,3810,3820,3776,3806,466416,956314,3832.4,3827.7,3812.15,3821.133333333333,9.452262530081498,8.998353714416773,0.4539088156647253,45.29616724738677,46.42857142857143,-18.169059800483932,430267.55,30875422,896775.85,-9176.0,-0.9503982433790137
2024-05-13,3815,3828,3777,3820,428048,940047,3821.0,3826.2,3816.1,3818.6833333333334,8.893938650423024,8.977470701618024,-0.08353205119500018,45.486111111111114,46.92857142857143,-12.253162960925941,426778.5,31303470,900489.35,-16267.0,-1.701010337608777
2024-05-14,3820,3825,3770,3771,420675,957973,3802.4,3820.6,3816.6,3815.35,4.446318076326861,8.071240176559792,-3.624922100232931,40.1840490797546,48.57142857142857,-55.22372980237171,422959.3,30882795,905279.3,17926.0,1.9069259302992192
2024-05-15,3770,3785,3760,3774,353154,965111,3795.6,3814.7,3816.35,3812.133333333333,1.1503610102822677,6.687064343304288,-5.53670333302202,43.08681672025723,47.57142857142857,-86.38456732413336,418549.15,31235949,909857.15,7138.0,0.7451149458283179
2024-05-16,3768,3847,3768,3840,535911,982011,3802.2,3817.1,3819.35,3810.0,3.819906203435039,6.1136327153304375,-2.2937265118953984,56.022408963585434,50.42857142857143,-1.788285075764253,424613.6,31771860,915669.65,16900.0,1.7510939156221372
2024-05-17,3840,3862,3834,3849,396860,995928,3810.8,3821.6,3822.95,3807.75,6.5858472384870765,6.208075619961766,0.37777161852531016,52.13414634146341,47.92857142857143,56.174167910911464,421434.9,32168720,922356.0,13917.0,1.4171939010866552
2024-05-20,3848,3884,3825,3865,430446,1002723,3819.8,3820.4,3824.55,3806.45,9.954195944143066,6.957299684798027,2.9968962593450392,55.65476190476191,49.357142857142854,68.70878584495374,416974.3,32599166,928062.9,6795.0,0.6822782369809932
2024-05-21,3859,3875,3851,3873,328499,1006555,3840.2,3821.3,3825.9,3806.266666666667,13.1179540930857,8.189430566455563,4.928523526630137,55.91715976331361,48.5,79.57517413199682,406406.7,32927665,935294.1,3832.0,0.382159380008229
2024-05-22,3872,3926,3869,3910,470293,1029983,3867.4,3831.5,3829.65,3806.1666666666665,18.398756584786042,10.231295770121658,8.167460814664384,63.12849162011173,49.785714285714285,119.28094574482911,413094.85,33397958,944002.85,23428.0,2.3275429559239225
2024-05-23,3900,3917,3882,3899,371959,1019007,3879.2,3840.7,3833.75,3806.116666666667,21.448972137146484,12.474831043526624,8.97414109361986,63.30532212885154,47.714285714285715,97.22664288539113,411071.5,33025999,951544.75,-10976.0,-1.0656486563370482
2024-05-24,3902,3917,3891,3903,289835,1032039,3890.0,3850.4,3839.05,3806.0833333333335,23.913397744983286,14.762544383817957,9.150853361165328,54.51388888888889,44.0,88.93192794240952,406933.8,33315834,959947.65,13032.0,1.2788920978953122
2024-05-27,3896,3907,3865,3878,323344,1011999,3892.6,3856.2,3841.2,3806.1833333333334,23.577396181379754,16.525514743330316,7.051881438049438,52.333333333333336,44.5,55.871679566602666,402946.6,32992490,966561.65,-20040.0,-1.9417870836276552
2024-05-28,3885,3912,3865,3870,318039,1019902,3892.0,3866.1,3843.35,3805.0666666666666,22.407282179337926,17.701868230531836,4.70541394880609,62.3015873015873,43.214285714285715,50.031613345644345,397652.6,32674451,973076.4,7903.0,0.7809296254245313
2024-05-29,3866,3885,3855,3879,307494,1006040,3885.8,3876.6,3845.65,3804.383333333333,21.953121269711573,18.552118838367782,3.401002431343791,63.84615384615385,43.0,34.97718838933736,396392.9,32981945,978157.0,-13862.0,-1.359150192861669
2024-05-30,3890,3948,3855,3863,656450,1005020,3878.6,3878.9,3848.0,3803.5833333333335,20.07076589869712,18.855848250433652,1.2149176482634658,60.36363636363637,46.5,49.42126658972553,409761.3,32325495,983640.35,-1020.0,-0.10138761878255576
2024-05-31,3860,3862,3825,3833,396640,971375,3864.6,3877.3,3849.45,3802.7166666666667,15.974096979540718,18.279497996255067,-2.305401016714349,52.23367697594502,45.57142857142857,-12.388315295929116,405278.55,31928855,986940.9,-33645.0,-3.3476945732423213
2024-06-03,3833,3837,3791,3800,416895,946992,3849.0,3870.8,3845.6,3801.25,9.94993646476587,16.613585689957226,-6.663649225191357,55.27272727272727,44.92857142857143,-46.70486651975767,405289.95,31511960,986546.9,-24383.0,-2.510153133444859
2024-06-04,3800,3808,3781,3788,325267,937967,3832.6,3862.3,3841.8,3800.1,4.159498039061873,14.122768159778156,-9.963270120716283,52.46478873239437,45.07142857142857,-60.69572169782987,406856.4,31186693,985552.95,-9025.0,-0.9530175545305553
2024-06-05,3782,3805,3775,3781,285483,932882,3813.0,3849.4,3840.45,3799.05,-0.9829764886444536,11.101619230093634,-12.084595718738088,36.88888888888889,41.57142857142857,-62.14302899309481,398129.4,30901210,984267.9,-5085.0,-0.542129947002401
2024-06-06,3790,3836,3777,3828,489665,951231,3806.0,3842.3,3841.5,3798.633333333333,-1.2514909876895217,8.630997186537003,-9.882488174226525,46.00760456273764,43.785714285714285,-32.144715932730655,400568.65,31390875,983554.95,18349.0,1.966915429818572
2024-06-07,3832,3853,3805,3813,385019,921010,3802.0,3833.3,3841.85,3798.1666666666665,-2.6441847862261056,6.375960791984382,-9.020145578210489,40.0763358778626,43.0,-22.46602432149374,396498.8,31005856,981789.75,-30221.0,-3.177041118298285
2024-06-11,3800,3810,3763,3766,378904,957984,3795.2,3822.1,3839.15,3798.15,-7.454481240507903,3.609872385485926,-11.064353625993828,32.225913621262464,44.857142857142854,-69.36951067022346,394041.6,30626952,982686.6,36974.0,4.01450581426912
2024-06-12,3765,3786,3763,3774,258125,958139,3792.4,3812.5,3839.3,3797.65,-10.500104032432318,0.7878771019022772,-11.287981134334595,25.0,42.42857142857143,-72.91455115392584,385914.1,30885077,982694.9,155.0,0.01617981093628984
2024-06-13,3785,3798,3761,3788,330413,957593,3793.8,3803.4,3840.0,3797.9666666666667,-11.649807313484871,-1.6996597811751526,-9.950147532309717,29.818181818181813,42.57142857142857,-65.64146037782396,384777.05,31215490,982319.0,-546.0,-0.05698546870548382
2024-06-14,3793,3825,3781,3806,388801,941156,3789.4,3797.7,3838.3,3799.7166666666667,-10.981913219569378,-3.5561104688539977,-7.4258027507153805,33.21799307958477,43.857142857142854,-40.2644900877773,377421.55,31604291,980276.25,-16437.0,-1.7164912441924751
2024-06-17,3806,3810,3766,3780,359435,955114,3782.8,3792.4,3834.85,3801.1833333333334,-12.407558436933414,-5.326400062469881,-7.0811583744635325,33.103448275862064,44.0,-55.41705695931664,375550.3,31244856,978235.55,13958.0,1.483069756767219
2024-06-18,3780,3818,3776,3791,401041,948896,3787.8,3791.5,3831.15,3802.2833333333333,-12.505627385728985,-6.762245527121703,-5.7433818586072825,36.51877133105802,43.642857142857146,-41.202372237883466,374080.05,31645897,975544.2,-6218.0,-0.6510217628471593
2024-06-19,3791,3816,3776,3786,365694,964958,3790.2,3791.3,3826.8,3802.25,-12.838808158880056,-7.977558053473373,-4.861250105406683,33.910034602076124,44.357142857142854,-39.588936423275015,375939.8,31280203,973464.35,16062.0,1.6927039422655277
2024-06-20,3785,3807,3765,3776,489133,968254,3787.8,3790.8,3820.1,3802.0,-13.751256819795344,-9.132297806737768,-4.618959013057577,34.62897526501766,40.714285714285715,-45.67701046699259,376881.8,30791070,970377.9,3296.0,0.34156927037238827
2024-06-21,3773,3793,3752,3753,403591,1000116,3777.2,3783.3,3812.8,3800.766666666667,-16.14418660461706,-10.534675566313627,-5.609511038303435,35.507246376811594,40.92857142857143,-58.8383323284938,378463.4,30387479,969433.35,31862.0,3.2906654658798162
2024-06-24,3750,3752,3721,3729,368446,1017613,3767.0,3774.9,3804.1,3799.2166666666667,-19.749539722587087,-12.377648397568318,-7.371891325018769,36.70411985018726,39.92857142857143,-87.55392024422372,382393.95,30019033,968712.05,17497.0,1.7494970583412428
2024-06-25,3729,3742,3715,3721,288614,1033929,3753.0,3770.4,3796.25,3797.8,-22.98735723982736,-14.499590166020127,-8.487767073807234,37.262357414448665,39.92857142857143,-87.37166795680479,380657.45,29730419,969808.55,16316.0,1.603360019968303
2024-06-26,3715,3758,3714,3753,387919,1022401,3746.4,3768.3,3790.4,3798.1,-22.709438118122307,-16.141559756440564,-6.567878361681743,45.138888888888886,40.92857142857143,-64.8085401626793,384151.45,30118338,969933.5,-11528.0,-1.1149701768690123
2024-06-27,3755,3762,3733,3735,287395,1014139,3738.2,3763.0,3783.2,3798.4,-23.668795636808227,-17.647006932514095,-6.021788704294131,32.046332046332054,38.785714285714285,-59.049725431988875,383146.5,29830943,970338.45,-8262.0,-0.8080978011562934
2024-06-28,3735,3751,3722,3745,300290,1020166,3736.6,3756.9,3777.3,3799.2833333333333,-23.352978357866505,-18.78820121758458,-4.564777140281926,36.61417322834646,37.42857142857143,-66.28627894427309,365338.5,30131233,971095.75,6027.0,0.594297231444596
2024-07-01,3745,3766,3732,3760,333041,1012666,3742.8,3754.9,3773.65,3801.5333333333333,-21.642831163734172,-19.3591272068145,-2.2837039569196733,48.64864864864865,36.285714285714285,-41.55612656350152,362158.55,30464274,973160.3,-7500.0,-0.7351744716056041
2024-07-02,3768,3777,3750,3757,267500,1010719,3750.0,3751.5,3771.5,3802.35,-20.295646539685094,-19.546431073388618,-0.7492154662964765,46.082949308755765,36.57142857142857,-22.80362847864939,354688.8,30196774,976346.65,-1947.0,-0.19226477436785627
2024-07-03,3765,3809,3756,3809,423652,1013694,3761.2,3753.8,3772.55,3804.366666666667,-14.860722443467694,-18.609289347404435,3.748566903936741,54.117647058823536,37.714285714285715,31.983571197170086,359608.05,30620426,980133.0,2975.0,0.29434491683641983
2024-07-04,3809,3819,3788,3801,357582,1009172,3774.4,3756.3,3773.55,3806.733333333333,-11.07141470491024,-17.101714418905598,6.030299713995358,48.97959183673469,36.785714285714285,50.10589382213185,363213.0,30262844,983947.5,-4522.0,-0.44609122674100776
2024-07-05,3800,3805,3753,3759,410721,984358,3777.2,3756.9,3770.1,3807.25,-11.32684123789295,-15.94673978270307,4.61989854481012,45.97701149425287,37.357142857142854,-0.34628963333024515,359265.8,29852123,985603.85,-24814.0,-2.4588474511777925
2024-07-08,3759,3767,3704,3706,481814,1027182,3766.4,3754.6,3764.75,3806.25,-15.625801157034857,-15.882552057569427,0.25675090053456984,35.973597359735976,38.857142857142854,-82.06478147667319,364105.55,29370309,990912.45,42824.0,4.350449734750983
2024-07-09,3707,3721,3692,3711,325537,1035265,3757.2,3753.6,3762.0,3805.75,-18.416999940897767,-16.389441634235098,-2.0275583066626695,37.62376237623763,38.07142857142857,-97.88809169133273,361437.2,29695846,994776.5,8083.0,0.7869102067598499
2024-07-10,3713,3716,3680,3681,314121,1066234,3731.6,3746.4,3757.35,3804.4166666666665,-22.787118646876934,-17.668977036763465,-5.118141610113469,35.294117647058826,37.642857142857146,-103.50081553671525,364237.0,29381725,1000181.25,30969.0,2.991407996986273
2024-07-11,3682,3727,3674,3703,440941,1063364,3712.0,3743.2,3753.1,3803.15,-24.19633280515791,-18.974448190442356,-5.221884614715552,42.23602484472049,38.5,-78.62079638356353,369763.4,29822666,1005469.8,-2870.0,-0.26917168276382464
2024-07-12,3710,3717,3691,3709,240953,1055627,3702.0,3739.6,3748.25,3801.9666666666667,-24.546043808881223,-20.08876731413013,-4.457276494751092,46.71052631578947,38.07142857142857,-65.68816121323304,362371.0,30063619,1011193.35,-7737.0,-0.7275965708825938
2024-07-15,3709,3762,3681,3734,568976,1017946,3707.6,3737.0,3745.95,3801.25,-22.5460049222379,-20.580214835751686,-1.9657900864862121,52.02492211838006,41.92857142857143,-32.888333394306855,372848.05,30632595,1014334.95,-37681.0,-3.5695373460512103
2024-07-16,3732,3740,3718,3731,278488,1003665,3711.6,3734.4,3742.95,3799.55,-20.961404598830995,-20.656452788367552,-0.304951810463443,46.23287671232877,40.357142857142854,-23.320757692335434,366720.4,30354107,1017073.4,-14281.0,-1.4029231413061227
2024-07-17,3720,3740,3666,3668,425148,1035697,3709.0,3720.3,3737.05,3796.5833333333335,-24.506673238910025,-21.426496878476048,-3.0801763604339776,40.0593471810089,43.57142857142857,-74.7989768946231,369693.1,29928959,1020610.35,32032.0,3.1915031409882832
2024-07-18,3670,3678,3644,3673,398892,1045092,3703.0,3707.5,3731.9,3793.883333333333,-26.606166637959177,-22.462430830372675,-4.143735807586502,39.156626506024104,43.92857142857143,-99.14839501025112,365181.05,30327851,1024452.25,9395.0,0.907118587772282
2024-07-19,3668,3676,3647,3665,307329,1043366,3694.2,3698.1,3727.5,3791.35,-28.5860413336477,-23.68715293102768,-4.89888840262002,35.38461538461537,43.57142857142857,-88.55450242696956,360367.95,30020522,1026614.75,-1726.0,-0.16515292433584294
2024-07-22,3665,3668,3631,3634,378557,1061290,3674.2,3690.9,3722.75,3788.633333333333,-32.284392832165395,-25.406600911255225,-6.87779192091017,32.57790368271955,44.285714285714285,-95.71750600656283,360873.5,29641965,1028798.6,17924.0,1.717901484234674
2024-07-23,3630,3642,3582,3583,376667,1099553,3644.6,3678.1,3715.85,3784.4333333333334,-38.882424429782986,-28.10176561496078,-10.780658814822207,17.897727272727266,44.785714285714285,-116.13351084229008,365276.15,29265298,1032079.8,38263.0,3.605329363321985
2024-07-24,3581,3595,3565,3573,347079,1108274,3625.6,3667.3,3706.85,3780.2,-44.406438650938526,-31.362700222156334,-13.043738428782191,17.79661016949153,44.714285714285715,-113.04408482935214,363234.15,28918219,1036373.45,8721.0,0.7931404852699275
2024-07-25,3570,3573,3503,3518,513465,1147748,3594.6,3648.8,3696.0,3774.95,-52.61577812733185,-35.61331580319144,-17.00246232414041,17.166212534059937,46.0,-119.7403889487519,374537.65,28404754,1043053.9,39474.0,3.5617545841551745
2024-07-26,3520,3596,3520,3557,560220,1112623,3573.0,3633.6,3686.6,3770.633333333333,-55.33687568715777,-39.55802777998471,-15.77884790717306,28.895184135977345,47.07142857142857,-86.98171141658973,387534.15,28964974,1047676.75,-35125.0,-3.0603407716676467
2024-07-29,3555,3556,3512,3524,424513,1151164,3551.0,3612.6,3674.8,3765.9666666666667,-59.470648696284115,-43.540551963244596,-15.93009673303952,25.459317585301847,48.214285714285715,-89.96351063878134,392107.75,28540461,1054601.65,38541.0,3.4639765670851697
2024-07-30,3528,3554,3441,3448,769405,1260453,3524.0,3584.3,3659.35,3758.8166666666666,-68.09430961572752,-48.45130349374118,-19.643006121986346,22.716627634660426,53.714285714285715,-101.00607199441085,417203.0,27771056,1067088.35,109289.0,9.493781945926028
2024-07-31,3448,3515,3436,3479,734367,1212853,3505.2,3565.4,3642.85,3752.4,-71.60180110969941,-53.081403016932825,-18.520398092766584,24.311926605504595,55.57142857142857,-90.66022016147699,432738.75,28505423,1077046.3,-47600.0,-3.776420064849706
2024-08-01,3495,3557,3480,3505,812546,1193720,3502.6,3548.6,3628.05,3747.35,-71.45978674047865,-56.75707976164199,-14.702706978836659,27.631578947368425,59.285714285714285,-65.27474113620616,455486.95,29317969,1086273.7,-19133.0,-1.5775201116705828
2024-08-02,3505,3528,3467,3525,577460,1177711,3496.2,3534.6,3616.35,3742.65,-68.93872378179594,-59.19340856567278,-9.74531521612316,26.829268292682926,57.857142857142854,-63.24537262943791,463823.9,29895429,1095941.35,-16009.0,-1.341101765908248
2024-08-05,3520,3552,3486,3526,610519,1134027,3496.6,3523.8,3607.35,3737.983333333333,-66.09813344343411,-60.57435354122505,-5.523779902209057,27.171492204899764,61.0,-50.00592202902508,470259.15,30505948,1101283.6,-43684.0,-3.7092291742201633
2024-08-06,3510,3535,3477,3487,504180,1121290,3504.4,3514.2,3596.15,3732.4333333333334,-66.23045573168656,-61.70557397931736,-4.524881752369204,28.705882352941174,59.857142857142854,-56.09231160889011,479191.3,30001768,1105584.85,-12737.0,-1.123165497823242
2024-08-07,3487,3508,3468,3481,418659,1130219,3504.8,3505.0,3586.15,3727.6,-66.05799649049823,-62.57605848155353,-3.481938008944695,27.464788732394368,60.285714285714285,-57.61241366887771,484418.2,29583109,1108784.1,8929.0,0.7963149586636797
2024-08-08,3485,3493,3415,3415,519929,1185940,3486.8,3494.7,3571.75,3721.616666666667,-70.43503843554481,-64.1478544723518,-6.287183963193016,24.173553719008254,63.785714285714285,-73.45855472252543,488367.6,29063180,1114912.9,55721.0,4.930106466091977
2024-08-09,3415,3483,3415,3430,608262,1144708,3467.8,3482.0,3557.8,3714.7833333333333,-71.86508510547492,-65.69130059897643,-6.173784506498492,28.205128205128204,66.0,-65.8279267112783,506733.05,29671442,1119366.95,-41232.0,-3.4767357539167265
2024-08-12,3430,3437,3360,3374,575379,1164675,3437.4,3467.0,3539.8,3706.866666666667,-76.63375317900454,-67.87979111498205,-8.753962064022488,27.906976744186053,67.21428571428571,-85.42832672317257,507053.2,29096063,1126703.4,19967.0,1.7442876261893892
2024-08-13,3370,3392,3322,3335,599293,1156615,3407.0,3455.7,3520.0,3698.0333333333333,-82.60768112061305,-70.82536911610826,-11.782312004504789,26.294820717131472,70.07142857142857,-97.56447393049017,523093.45,28496770,1134350.9,-8060.0,-0.692038551527252
2024-08-14,3330,3341,3204,3246,888755,1139438,3360.0,3432.4,3498.9,3687.5833333333335,-93.44642601935902,-75.34958049675842,-18.096845522600603,24.626865671641795,74.85714285714286,-120.41556465714113,546273.8,27608015,1139537.95,-17177.0,-1.4851095654128676
2024-08-15,3255,3267,3165,3222,1105379,1117829,3321.4,3404.1,3476.35,3676.116666666667,-102.78793354949494,-80.83725110730573,-21.950682442189205,17.850287907869486,76.57142857142857,-117.97266574883837,581598.15,26502636,1143174.8,-21609.0,-1.8964612379085088
2024-08-16,3228,3263,3158,3161,951581,1131872,3267.6,3367.7,3451.15,3663.8166666666666,-113.8015028845075,-87.4301014627461,-26.371401421761405,16.939890710382514,80.85714285714286,-109.16750798807072,613810.75,25551055,1147600.1,14043.0,1.2562744391136693
2024-08-19,3151,3190,3120,3176,1222188,1098226,3228.0,3332.7,3428.25,3651.7,-119.93690332778488,-93.93146183575385,-26.005441492031025,22.131147540983605,77.78571428571429,-104.51274118351662,655992.3,26773243,1149446.9,-33646.0,-2.9725976082101147
2024-08-20,3173,3229,3161,3217,815428,1057120,3204.4,3305.7,3409.95,3640.6833333333334,-120.10638340923788,-99.16644615045067,-20.93993725878721,23.694779116465867,77.0,-79.24247688055456,677930.35,27588671,1147325.25,-41106.0,-3.7429454411022856
2024-08-21,3229,3314,3229,3312,991755,978504,3217.6,3288.8,3396.9,3631.383333333333,-111.29208565642557,-101.59157405164565,-9.70051160477992,32.98059964726632,78.35714285714286,-44.17185573655674,710164.15,28580426,1140836.75,-78616.0,-7.436809444528524
2024-08-22,3305,3316,3236,3247,776310,950864,3222.6,3272.0,3383.35,3620.85,-108.303196127511,-102.93389846681873,-5.369297660692268,27.287581699346404,79.71428571428571,-46.30701033315344,723306.4,27804116,1130992.55,-27640.0,-2.8247201850988835
2024-08-23,3251,3266,3218,3219,657775,924890,3234.2,3250.9,3366.45,3610.116666666667,-106.96086733844595,-103.73929224114418,-3.2215750973017663,25.978090766823158,78.42857142857143,-53.018496205952076,728184.15,27146341,1121605.9,-25974.0,-2.7316209258106294
2024-08-26,3214,3337,3195,3328,980625,864951,3264.6,3246.3,3356.65,3601.7,-95.99510128047905,-102.19045404901117,6.195352768532118,38.787023977433,84.42857142857143,-29.314139397707663,755989.75,28126966,1107295.25,-59939.0,-6.480662565278028
2024-08-27,3325,3367,3294,3329,708730,795263,3287.0,3245.7,3350.7,3593.85,-86.22995577887514,-98.99835439498396,12.768398616108826,39.20454545454545,86.78571428571429,-9.489956490871391,752956.0,28835696,1084035.75,-69688.0,-8.056872585845909
2024-08-28,3329,3358,3310,3321,503389,737009,3288.8,3253.2,3342.8,3586.0666666666666,-78.23469983569385,-94.84562348312593,16.610923647432088,42.72445820433436,84.64285714285714,-6.843201609645918,741407.1,28332307,1060243.55,-58254.0,-7.325123889832675
2024-08-29,3315,3342,3275,3311,658983,636100,3301.6,3262.1,3333.1,3578.233333333333,-71.87676768835036,-90.25185232417081,18.375084635820457,40.71762870514821,84.57142857142857,-11.665159079937533,733728.95,27673324,1032362.55,-100909.0,-13.691691688975304
2024-08-30,3340,3381,3322,3339,656493,1025846,3325.6,3279.9,3323.8,3570.0833333333335,-63.84275512062186,-84.97003288346103,21.12727776283917,47.14518760195759,84.07142857142857,9.081610225990762,737680.6,28329817,1024769.3,389746.0,61.27118377613583
2024-09-02,3335,3360,3273,3285,741095,1067953,3317.0,3290.8,3311.75,3561.2833333333333,-61.12844037245122,-80.20171438125908,19.073274008807857,46.01910828025478,85.28571428571429,-5.790917354006595,744209.4,27588722,1021465.6,42107.0,4.1046121932531765
2024-09-03,3280,3295,3205,3214,704315,1114435,3294.0,3290.5,3298.1,3552.0833333333335,-63.96903775924102,-76.95517905685547,12.986141297614452,47.377049180327866,81.92857142857143,-37.61304014608261,754216.15,26884407,1021122.85,46482.0,4.352438730917929
2024-09-04,3214,3228,3156,3171,1064537,1159825,3264.0,3276.4,3282.6,3542.0333333333333,-68.89578456929848,-75.34330015934408,6.447515590045597,45.94594594594595,79.78571428571429,-64.56691251047317,786510.05,25819870,1022603.15,45390.0,4.072915872168403
2024-09-05,3176,3203,3121,3126,919969,1233244,3227.0,3264.3,3268.15,3531.0,-75.56037782995008,-75.38671569346528,-0.17366213648480766,47.14518760195759,78.14285714285714,-79.88040289378398,806512.05,24899901,1024968.35,73419.0,6.330179121850277
2024-09-06,3141,3177,3056,3096,1274664,1287678,3178.4,3252.0,3251.45,3519.1666666666665,-82.31400072271208,-76.77217269931464,-5.541828023397443,43.63057324840764,81.78571428571429,-97.93412689385676,839832.15,23625237,1032116.85,54434.0,4.413887276159456
2024-09-09,3109,3151,3037,3140,1328942,1304507,3149.4,3233.2,3239.75,3508.5,-83.15727790965957,-78.04919374138363,-5.108084168275937,43.8985736925515,85.07142857142857,-88.63922838495635,877510.3,24954179,1039108.45,16829.0,1.3069261104095897
2024-09-10,3140,3172,3117,3136,977039,1316516,3133.8,3213.9,3229.8,3497.5833333333335,-83.18939219675894,-79.0772334324587,-4.112158764300247,33.70370370370371,82.07142857142857,-61.30100691141781,896397.6,23977140,1047103.5,12009.0,0.9205776588397052
2024-09-11,3127,3190,3084,3188,1147253,1325558,3137.2,3200.6,3226.9,3487.616666666667,-78.11837755335546,-78.88546225663805,0.7670847032825918,44.4022770398482,83.92857142857143,-48.32136694518697,909322.5,25124393,1056409.5,9042.0,0.6868127694612092
2024-09-12,3188,3248,3175,3244,1113184,1276427,3160.8,3193.9,3228.0,3478.75,-68.78788599452491,-76.86594700421543,8.078061009690515,52.252252252252255,85.71428571428571,-3.8028257031226147,909712.75,26237577,1064339.4,-49131.0,-3.706439099609371
2024-09-13,3245,3276,3228,3245,752814,1268726,3190.6,3184.5,3232.2,3470.2833333333333,-60.61399219778332,-73.61555604292901,13.001563845145697,40.71588366890381,79.0,12.295062133123478,899774.4,26990391,1071182.1,-7701.0,-0.6033247494764638
2024-09-18,3233,3276,3167,3196,811717,1296915,3201.8,3175.6,3233.2,3461.4,-57.42801851432159,-70.37804853720753,12.95003002288594,36.56565656565657,81.57142857142857,-13.730531794784477,879250.85,26178674,1081116.55,28189.0,2.2218351322507823
2024-09-19,3199,3253,3175,3249,1005224,1312544,3224.4,3179.1,3234.8,3453.5333333333333,-50.0495147051779,-66.31234177080161,16.26282706562371,43.33333333333333,83.71428571428571,-6.048621620513792,888740.65,27183898,1093887.75,15629.0,1.2050905417857027
2024-09-20,3245,3287,3202,3228,961098,1302601,3232.4,3184.8,3230.6,3444.7833333333333,-45.37348448769899,-62.124570314181085,16.751085826482097,42.468239564428316,85.0,4.534650748158491,887207.8,26222800,1110092.6,-9943.0,-0.7575365092522657
2024-09-23,3225,3233,3161,3167,937239,1305906,3217.0,3188.9,3226.6,3435.3166666666666,-46.0589481693014,-58.911445885205154,12.852497715903752,35.27397260273973,85.14285714285714,-28.13865297479537,895254.25,25285561,1127844.7,3305.0,0.2537231278035179
2024-09-24,3160,3302,3160,3300,1351789,1302630,3228.0,3209.3,3230.65,3427.9,-35.46141745637715,-54.221440199439556,18.760022743062407,51.13122171945702,89.07142857142857,16.7006537427239,929954.95,26637350,1146731.7,-3276.0,-0.25086032225902777
2024-09-25,3306,3360,3300,3306,1077054,1254800,3250.0,3225.9,3229.55,3420.3333333333335,-26.275757582075585,-48.63230367596677,22.356546093891183,57.692307692307686,86.92857142857143,60.101299230991515,934776.4,27714404,1166224.15,-47830.0,-3.6718024304675967
2024-09-26,3300,3364,3292,3352,905100,1235297,3270.6,3247.5,3230.7,3413.5833333333335,-15.110061012955612,-41.92785514336454,26.817794130408927,65.05823627287853,86.92857142857143,68.77728177756497,944594.9,28619504,1188225.85,-19503.0,-1.5542715970672583
2024-09-27,3382,3435,3373,3430,961313,1188026,3311.0,3271.7,3236.15,3407.266666666667,0.032408504308932606,-33.53580241382985,33.56821091813878,73.97476340694007,87.0,105.9677764941549,967491.1,29580817,1210776.7,-47271.0,-3.826691071054167
2024-09-30,3427,3643,3411,3643,876221,1125614,3406.2,3311.6,3252.75,3404.633333333333,28.887250336874786,-21.051191863688924,49.93844220056371,83.47613219094248,94.92857142857143,143.28682953360598,978353.0,30457038,1235252.4,-62412.0,-5.253420379688656
2024-10-08,3820,3900,3554,3601,1355479,1024160,3466.4,3347.2,3265.85,3402.0,47.81469336424789,-7.278014818101562,55.09270818234945,78.28220858895705,111.5,143.20817827892344,1013302.3,29101559,1235168.1,-101454.0,-9.013214121359548
2024-10-09,3601,3653,3558,3571,985633,1008806,3519.4,3384.7,3280.15,3399.75,59.705827435673655,6.118753632653482,53.587073803020175,75.86206896551724,114.35714285714286,95.9000394760241,1025529.2,28115926,1232210.75,-15354.0,-1.499179815653806
2024-10-10,3569,3630,3521,3578,1014503,1011580,3564.6,3417.6,3298.35,3397.5333333333333,68.90023928723986,18.67505076357076,50.2251885236691,74.49748743718592,114.57142857142857,79.31785809699626,1041038.6,29130429,1227068.0,2774.0,0.2749785389856818
2024-10-11,3580,3616,3553,3599,787487,1021363,3598.4,3454.7,3319.75,3396.1666666666665,76.99386407935299,30.338813426727206,46.65505065262578,73.3245729303548,113.85714285714286,73.3386923422787,1027186.1,29917916,1220144.9,9783.0,0.9671009707586053
2024-10-14,3605,3672,3574,3634,997816,1002223,3596.6,3501.4,3345.15,3395.016666666667,85.24962294406396,41.32097533019456,43.9286476138694,74.46540880503144,117.42857142857143,73.83975015470172,1031078.45,30915732,1208593.85,-19140.0,-1.8739664546297496
2024-10-15,3626,3645,3602,3603,744429,999099,3597.0,3531.7,3370.5,3393.25,88.27336994127018,50.71145425240968,37.561915688860495,76.19047619047619,112.71428571428571,64.26520761433692,1004566.7,30171303,1194164.9,-3124.0,-0.31170707517189644
2024-10-16,3608,3638,3585,3587,745966,1006412,3600.2,3559.8,3392.85,3390.8,88.36008488277048,58.24118037848184,30.118904504288636,72.83783783783784,110.92857142857143,55.35378294238619,975417.9,29425337,1179260.15,7313.0,0.7319594955054409
2024-10-17,3589,3622,3434,3436,1134864,1006587,3571.8,3568.2,3407.85,3385.883333333333,75.37548735964083,61.66804177471364,13.707445584927186,61.95402298850575,118.28571428571429,24.131397520540325,983309.15,28290473,1163763.7,175.0,0.017388504906534763
2024-10-18,3439,3554,3439,3511,1011304,989637,3554.2,3576.3,3424.0,3383.266666666667,70.32629571206508,63.39969256218393,6.926603149881146,69.45701357466064,121.57142857142857,21.568713822414743,976511.7,29301777,1146967.65,-16950.0,-1.683908097362674
2024-10-21,3511,3544,3504,3518,649199,988849,3531.0,3563.8,3437.7,3380.6833333333334,66.12734162109109,63.945222373965365,2.1821192471257262,64.37994722955145,114.28571428571429,23.959971208202717,953312.45,29950976,1132588.75,-788.0,-0.079625155486307
2024-10-22,3512,3525,3455,3493,655160,992843,3509.0,3553.0,3450.1,3377.8166666666666,60.08967284188293,63.17411246754888,-3.0844396256659508,62.03346203346204,115.0,11.648538457205133,948429.75,29295816,1118794.6,3994.0,0.40390393275413494
2024-10-23,3493,3517,3467,3476,549381,991041,3486.8,3543.5,3464.1,3375.1833333333334,53.31839761211177,61.20296949646146,-7.884571884349697,58.28877005347594,113.42857142857143,6.539458329248976,935312.95,28746435,1103500.9,-1802.0,-0.1814989882589657
2024-10-24,3475,3493,3444,3483,623417,1004680,3496.2,3534.0,3475.8,3373.516666666667,47.964054937936,58.55518658475637,-10.591131646820372,53.91432791728212,111.0,-1.973738354345219,916222.6,29369852,1088107.7,13639.0,1.3762296413569075
2024-10-25,3484,3545,3475,3540,714337,1009807,3502.0,3528.1,3491.4,3372.9666666666667,47.76946674662577,56.39804261713026,-8.628575870504491,40.11516314779271,99.42857142857143,10.282687426873377,903884.55,30084189,1073468.0,5127.0,0.510311741051872
2024-10-28,3545,3647,3534,3615,845852,1038361,3521.4,3526.2,3513.8,3374.5833333333335,53.055536206463785,55.729541334996966,-2.6740051285331816,51.26353790613718,82.78571428571429,38.152729149112545,899315.2,30930041,1060090.75,28554.0,2.827669049630277
2024-10-29,3615,3626,3558,3569,572895,1017152,3536.6,3522.8,3527.25,3374.7833333333333,52.922906453271935,55.168214358651966,-2.245307905380031,49.82456140350877,80.85714285714286,28.803801555178424,860370.5,30357146,1045816.85,-21209.0,-2.0425458968509003
2024-10-30,3597,3624,3560,3588,528362,1006856,3559.0,3522.9,3541.35,3375.85,53.73155372409565,54.8808822317407,-1.149328507645052,50.859106529209626,77.64285714285714,29.040578577956897,832935.9,30885508,1033419.65,-10296.0,-1.0122380922418683
2024-10-31,3596,3607,3575,3587,461760,1008014,3579.8,3538.0,3553.1,3378.1666666666665,53.67301179982269,54.639308145357106,-0.9662963455344169,48.93238434163701,75.42857142857143,25.623548053213682,810768.9,30423748,1022055.5,1158.0,0.1150114812843217
2024-11-01,3590,3599,3545,3559,522126,1002182,3583.6,3542.8,3559.55,3379.5,50.78186913208947,53.86782034270358,-3.0859512106141125,43.24324324324324,72.28571428571429,3.2997388996391104,788809.55,29901622,1012763.3,-5832.0,-0.578563392968745
2024-11-04,3565,3597,3513,3584,675799,986797,3577.4,3549.4,3556.6,3380.8166666666666,49.93232010030897,53.08072029422466,-3.148400193915691,48.2695810564663,75.21428571428571,0.6569750038042154,778788.45,30577421,1005822.45,-15385.0,-1.535150302040944
2024-11-05,3588,3618,3571,3591,526450,1000452,3581.8,3559.2,3556.1,3381.9166666666665,49.256094276545355,52.3157950906888,-3.059700814143447,50.370370370370374,74.78571428571429,34.926072701070964,737337.0,31103871,1004637.05,13655.0,1.38376991417688
2024-11-06,3598,3604,3522,3560,784283,983867,3576.2,3567.6,3555.55,3382.483333333333,45.6920302348326,50.991042119517566,-5.299011884684965,64.76190476190476,67.21428571428571,4.429637679753791,727269.5,30319588,1003390.1,-16585.0,-1.6577506966851008
2024-11-07,3556,3593,3532,3590,536517,977128,3576.8,3578.3,3556.15,3384.2,44.77212786329301,49.74725926827266,-4.975131404979649,60.53333333333334,63.142857142857146,14.773916793383005,703370.2,30856105,1001667.5,-6739.0,-0.6849503032422044
2024-11-08,3599,3627,3530,3541,898623,987196,3573.2,3578.4,3553.25,3385.2,39.632351043844665,47.72427762338706,-8.091926579542395,52.757793764988016,67.21428571428571,10.189261988115152,708927.0,29957482,999959.15,10068.0,1.0303665435848819
2024-11-11,3527,3555,3486,3510,649352,999485,3558.4,3567.9,3547.05,3386.7833333333333,32.68087517625554,44.715597133960756,-12.034721957705216,52.009456264775416,67.14285714285714,-37.564823764037,691503.8,29308130,999822.25,12289.0,1.2448389174996688
2024-11-12,3513,3528,3483,3515,459759,990782,3543.2,3562.5,3542.65,3388.2,27.260990947503615,41.224675896669325,-13.96368494916571,54.744525547445264,66.78571428571429,-42.582202068071865,677270.3,29767889,999406.4,-8703.0,-0.8707484354442574
2024-11-13,3515,3547,3495,3513,489831,974119,3533.8,3555.0,3538.95,3390.516666666667,22.544432181985485,37.48862715373256,-14.944194971747073,53.69458128078818,67.0,-27.663629263016446,664463.55,29278058,997791.75,-16663.0,-1.6818028587519795
2024-11-14,3521,3525,3477,3484,416450,987090,3512.6,3544.7,3541.35,3393.0,16.27881568840894,33.246664860667835,-16.967849172258894,42.592592592592595,65.42857142857143,-55.19534445857037,628542.85,28861608,996816.9,12971.0,1.3315621602699501
2024-11-15,3485,3496,3420,3420,608409,991938,3488.4,3530.8,3536.8,3395.9,6.078930222633517,27.813117933060973,-21.734187710427456,23.433242506811993,62.785714285714285,-101.1789405087003,608398.1,28253199,996931.95,4848.0,0.491140625474884
2024-11-18,3437,3488,3416,3471,610210,963164,3480.6,3519.5,3534.45,3400.05,2.086667476254661,22.66782784169971,-20.58116036544505,36.82795698924731,63.07142857142857,-78.00400311793224,606448.65,28863409,995647.7,-28774.0,-2.900786137843292
2024-11-19,3473,3505,3446,3495,561452,947394,3476.6,3509.9,3534.55,3405.616666666667,0.849576521385643,18.3041775776369,-17.454601056251256,37.6657824933687,62.714285714285715,-53.01002931220988,601763.25,29424861,993375.25,-15770.0,-1.6373120257816898
2024-11-20,3480,3498,3476,3489,352893,934763,3471.8,3502.8,3535.2,3410.8333333333335,-0.6079685460631481,14.521748352896891,-15.129716898960039,37.17277486910995,62.0,-47.40659582230607,591938.85,29071968,990561.35,-12631.0,-1.3332362248441476
2024-11-21,3493,3508,3477,3497,433965,919272,3474.4,3493.5,3535.9,3415.5,-1.1048147550782232,11.39643573130187,-12.501250486380092,41.43646408839779,60.357142857142854,-43.060161555691074,582466.25,29505933,986290.95,-15491.0,-1.6572115070878968
2024-11-22,3502,3512,3441,3448,505981,933854,3480.0,3484.2,3531.3,3417.766666666667,-5.390323155245824,8.039083953992332,-13.429407109238156,32.38341968911918,59.42857142857143,-65.07758957743351,572048.45,28999952,982493.3,14582.0,1.586255210644949
2024-11-25,3450,3508,3446,3463,542272,888505,3478.4,3479.5,3523.7,3421.366666666667,-7.489905825972073,4.933285997999451,-12.423191823971525,33.75634517766497,60.5,-54.39299655109743,556869.45,29542224,975000.5,-45349.0,-4.8561124115761185
2024-11-26,3470,3492,3457,3471,414553,824681,3473.6,3475.1,3518.8,3425.5666666666666,-8.411346313567265,2.2643595356861077,-10.675705849253372,38.00539083557952,57.142857142857146,-48.39726601693119,548952.35,29956777,965376.95,-63824.0,-7.183302288675919
2024-11-27,3472,3480,3444,3473,390240,784571,3470.4,3471.1,3513.05,3427.983333333333,-8.877872663522794,0.03591309584432745,-8.913785759367121,32.944606413994165,55.357142857142854,-51.22829801559664,542046.25,30347017,954262.7,-40110.0,-4.863698812025497
2024-11-28,3478,3485,3451,3474,444088,739798,3465.8,3470.1,3507.4,3430.4,-9.062440343248454,-1.783757591974229,-7.278682751274225,38.644067796610166,50.857142857142854,-42.632277108779746,541162.65,30791105,940851.9,-44773.0,-5.706685564467717
2024-11-29,3473,3518,3469,3489,480918,657041,3474.0,3477.0,3503.9,3433.2,-7.907187780717322,-3.008443629722848,-4.8987441509944745,46.236559139784944,49.42857142857143,-15.127749932101946,539102.25,31272023,923594.85,-82757.0,-11.186431971970723
2024-12-02,3488,3532,3466,3520,494424,606690,3485.4,3481.9,3500.7,3436.6833333333334,-4.439030499182081,-3.2945610036146946,-1.1444694955673866,50.81967213114754,50.92857142857143,4.46317623257539,530033.5,31766447,904589.5,-50351.0,-7.6632965066106955
2024-12-03,3520,3545,3520,3544,274745,583328,3500.0,3486.8,3498.35,3440.1,0.24330390087197884,-2.5869880227173603,2.830291923589339,54.74006116207951,49.0,50.48482033954156,517448.25,32041192,883733.3,-23362.0,-3.8507310158400476
2024-12-04,3540,3540,3498,3525,329223,537184,3510.4,3490.4,3496.6,3444.1,2.393357303753419,-1.5909189574232045,3.9842762611766234,56.46687697160883,48.857142857142854,34.81939830114014,494695.25,31711969,861399.15,-46144.0,-7.9104723243183965
2024-12-05,3528,3532,3453,3465,359291,523391,3508.6,3487.2,3490.35,3448.2833333333333,-0.7357274353421417,-1.419880653006992,0.6841532176648504,57.188498402555915,49.07142857142857,-16.56849246922682,485833.95,31352678,838712.3,-13793.0,-2.567649073687972
2024-12-06,3475,3479,3446,3454,278077,472351,3501.6,3487.8,3486.0,3453.0,-4.056398072123102,-1.947184136830214,-2.109213935292888,46.88644688644688,46.285714285714285,-57.34004594323338,454806.65,31074601,812970.05,-51040.0,-9.751791681553556
2024-12-09,3470,3511,3453,3486,469198,695092,3494.8,3490.1,3484.8,3459.0,-4.059129789576673,-2.369573267379506,-1.689556522197167,48.39857651245551,46.214285714285715,-5.65574694352635,445798.95,31543799,797750.4,222741.0,47.15582268270842
2024-12-10,3525,3610,3525,3549,850104,714656,3495.8,3497.9,3486.5,3466.55,1.0106288909323666,-1.6935328357171315,2.704161726649498,58.875739644970416,53.5,127.491524181994,465316.2,32393903,783944.1,19564.0,2.814591449764925
2024-12-11,3539,3573,3539,3561,331606,731993,3503.0,3506.7,3488.9,3473.5666666666666,5.928409864083733,-0.16914429575695866,6.0975541598406915,59.356725146198826,53.714285714285715,105.34977464005908,457404.95,32725509,771837.8,17337.0,2.4259224018268855
2024-12-12,3560,3569,3544,3562,306012,754517,3522.4,3515.5,3492.8,3480.6666666666665,9.79358401838681,1.823401367071795,7.970182651315015,69.38775510204081,50.42857142857143,91.59176908289211,451883.05,33031521,760209.15,22524.0,3.077078605942951
2024-12-13,3545,3545,3481,3491,670114,808704,3529.8,3515.7,3496.35,3485.7166666666667,7.046428908300641,2.8680068753175645,4.178422032983076,54.0,51.785714285714285,13.332203897548855,454968.3,32361407,751047.45,54187.0,7.181680465781426
2024-12-16,3491,3508,3470,3493,402054,846573,3531.2,3513.0,3497.45,3489.866666666667,4.973342381500061,3.289073976554064,1.6842684049459966,53.19767441860465,52.0,-12.429001280767059,444560.5,32763461,745217.9,37869.0,4.682677469135799
2024-12-17,3500,3506,3479,3493,343273,873342,3520.0,3507.9,3497.35,3494.0,3.2924530242457877,3.289749786092409,0.0027032381533786953,52.92397660818713,51.357142857142854,-9.697534374375953,433651.55,32763461,741515.3,26769.0,3.162042729924064
2024-12-18,3490,3497,3444,3450,453427,935839,3497.8,3500.4,3495.4,3498.233333333333,-1.4922033442494467,2.3333591600240378,-3.8255625042734844,46.875,52.714285714285715,-51.64674324377081,438678.25,32310034,741569.1,62497.0,7.156074023692893
2024-12-19,3450,3455,3402,3419,635948,996404,3469.2,3495.8,3491.5,3501.0666666666666,-7.696795047836531,0.327328318451924,-8.024123366288455,41.25000000000001,53.0,-93.89159846510458,448777.4,31674086,745425.7,60565.0,6.47173285148408
2024-12-20,3419,3427,3406,3410,301544,1008004,3453.0,3491.4,3489.6,3504.1,-13.188178347822486,-2.3757730148029585,-10.812405333019527,35.449735449735456,49.785714285714285,-95.516160401332,438555.55,31372542,749133.2,11600.0,1.1641864143459912
2024-12-23,3410,3438,3387,3418,493275,1014362,3438.0,3484.6,3487.35,3508.2833333333333,-16.70207491222436,-5.241033394287239,-11.461041517937122,32.59668508287292,51.642857142857146,-84.82083155521633,436105.7,31865817,755426.05,6358.0,0.6307514652719615
2024-12-24,3416,3432,3403,3431,343417,1032721,3425.6,3472.8,3485.35,3510.4666666666667,-18.22775370299769,-7.838377456029329,-10.389376246968359,36.79775280898876,50.42857142857143,-69.37722115633467,432548.9,32209234,765828.05,18359.0,1.8099061281869888
2024-12-25,3425,3431,3413,3425,258650,1043247,3420.6,3459.2,3482.95,3512.45,-19.693994878641206,-10.209500940551706,-9.4844939380895,43.37748344370861,46.07142857142857,-63.332858757232145,425969.4,31950584,778761.85,10526.0,1.019249148608381
2024-12-26,3425,3450,3415,3428,392216,1018573,3422.4,3445.8,3480.65,3513.7166666666667,-20.379010103106793,-12.243402773062723,-8.13560733004407,45.578231292517,46.214285714285715,-51.54225381426248,423375.8,32342800,792700.6,-24674.0,-2.3651158354637047
2024-12-27,3421,3438,3391,3400,390579,1043835,3420.4,3436.7,3476.2,3513.2166666666667,-22.917081745031282,-14.378138567456435,-8.538943177574847,35.172413793103445,45.42857142857143,-65.62154185910163,418858.85,31952221,812040.3,25262.0,2.480136426156987
2024-12-30,3390,3440,3390,3433,409095,1007895,3423.4,3430.7,3471.85,3509.7166666666667,-22.011957455997162,-15.904902345164581,-6.107055110832581,27.692307692307693,40.142857142857146,-49.64454209221782,414592.4,32361316,832100.55,-35940.0,-3.443072899452504
2024-12-31,3433,3443,3409,3418,368593,1022804,3420.8,3423.2,3465.55,3506.6666666666665,-22.248547173067436,-17.173631310745154,-5.074915862322282,22.813688212927758,40.142857142857146,-42.944048558813755,419284.8,31992723,854074.35,14909.0,1.4792215458951485
2025-01-02,3413,3440,3394,3424,387570,1023358,3420.6,3420.6,3460.5,3504.2166666666667,-21.701732311249998,-18.079251510846124,-3.622480800403874,24.25373134328359,41.642857142857146,-42.294389205860334,422202.15,32380293,878383.05,554.0,0.054164825323321786
2025-01-03,3420,3424,3365,3377,504445,1094432,3410.4,3416.4,3456.1,3500.866666666667,-24.775290669527294,-19.41845934258236,-5.356831326944935,26.639344262295083,40.07142857142857,-64.5250797729415,429459.85,31875848,906935.1,71074.0,6.945174611426297
2025-01-06,3374,3397,3354,3358,478148,1143090,3402.0,3411.2,3451.3,3496.85,-28.416679233196646,-21.218103320705218,-7.198575912491428,24.13793103448276,40.42857142857143,-73.20001549505061,439463.4,31397700,940472.05,48658.0,4.445959182480053
2025-01-07,3375,3382,3336,3343,376100,1160450,3384.0,3403.7,3444.15,3492.0,-32.14236338726005,-23.402955334016184,-8.739408053243864,22.82608695652175,41.785714285714285,-76.57389926079534,434808.5,31021600,963739.95,17360.0,1.5186905667970096
2025-01-08,3343,3354,3311,3321,372128,1166111,3364.6,3392.7,3432.75,3487.3,-36.45003771437814,-26.012371810088577,-10.437665904289563,24.705882352941174,41.07142857142857,-88.55299708895156,410909.7,30649472,986312.7,5661.0,0.4878279977594824
2025-01-09,3316,3326,3292,3313,427195,1178648,3342.4,3381.5,3420.35,3482.733333333333,-40.04778782577432,-28.819455013225728,-11.228332812548594,27.155172413793096,39.714285714285715,-95.05571946643818,415689.15,30222277,1008645.45,12537.0,1.0751120605156705
2025-01-10,3309,3325,3288,3312,382690,1184877,3329.4,3369.9,3407.85,3480.6666666666665,-42.48992494637514,-31.55354899985561,-10.93637594651953,28.125,40.857142857142854,-92.00345484806294,419523.05,29839587,1030163.45,6229.0,0.5284868764889872
2025-01-13,3316,3365,3313,3357,507472,1170370,3329.2,3365.6,3401.15,3478.1,-40.32932098164474,-33.30870339621344,-7.020617585431303,38.31417624521073,41.0,-54.69978845718149,411390.95,30347059,1048246.75,-14507.0,-1.2243464933490933
2025-01-14,3357,3416,3348,3409,510296,1167989,3342.4,3363.2,3396.95,3476.2833333333333,-34.0287985479481,-33.45272242656037,-0.5760761213877288,46.333333333333336,43.785714285714285,-6.946451903082261,416803.05,30857355,1064317.55,-2381.0,-0.20343993779744496
2025-01-15,3400,3428,3391,3417,415364,1158782,3361.6,3363.1,3393.15,3475.016666666667,-28.06652258367967,-32.37548245798423,4.308959874304563,48.67549668874172,45.142857142857146,21.083729531474678,420407.6,31272719,1078589.55,-9207.0,-0.7882779717959698
2025-01-16,3415,3450,3411,3447,465334,1157046,3388.4,3365.4,3393.0,3474.5333333333333,-20.68221494690306,-30.036828955768,9.354614008864942,52.88753799392097,45.42857142857143,52.72844999487141,421002.95,31738053,1089649.9,-1736.0,-0.14981247551307808
2025-01-17,3447,3488,3436,3484,471470,1196880,3422.8,3376.1,3396.25,3474.55,-11.709527026956494,-26.3713685700057,14.661841543049206,62.42603550295858,45.785714285714285,84.38779786919741,412779.05,32209523,1099673.7,39834.0,3.4427326139151004
2025-01-20,3478,3500,3459,3472,488423,1183632,3445.8,3387.5,3399.35,3473.4166666666665,-5.503466382816441,-22.197788132567847,16.694321749751406,56.15141955835962,45.142857142857146,82.87016373025334,422123.0,31721100,1108455.1,-13248.0,-1.1068778824944836
2025-01-21,3467,3494,3455,3468,441384,1195157,3457.6,3400.0,3401.85,3470.9666666666667,-0.8975389108227319,-17.937738288218824,17.040199377396092,58.169934640522875,45.5,70.90526265647568,419528.45,31279716,1117494.85,11525.0,0.9736979061059525
2025-01-22,3460,3466,3425,3450,406998,1179361,3464.2,3412.9,3402.8,3468.983333333333,1.2854246516885723,-14.093105700237345,15.378530351925917,54.08805031446541,45.285714285714285,43.89615616530838,422707.5,30872718,1124826.85,-15796.0,-1.3216673625306097
2025-01-23,3458,3480,3445,3457,379716,1180384,3466.2,3427.3,3404.4,3466.8,3.5394795835513833,-10.5665886434796,14.106068227030983,64.38848920863309,43.57142857142857,53.792960844391544,428760.8,31252434,1131683.7,1023.0,0.08674188819199902
2025-01-24,3458,3483,3434,3473,407582,1179224,3464.0,3443.4,3406.65,3464.9,6.54149436397347,-7.144972041988986,13.686466405962456,70.9090909090909,44.0,53.418787336583854,429529.1,31660016,1139716.25,-1160.0,-0.09827310434570302
2025-01-27,3470,3491,3453,3485,277583,1168718,3466.6,3456.2,3410.9,3463.6666666666665,9.776218259016787,-3.7607339817878316,13.536952240804618,76.10294117647058,43.42857142857143,59.808937297285205,423879.3,31937599,1145960.4,-10506.0,-0.8909248794122249
2025-02-05,3488,3500,3402,3416,451542,1184625,3456.2,3456.9,3410.05,3460.866666666667,6.694862698050201,-1.669614645820225,8.364477343870426,64.89028213166145,47.357142857142854,26.138195853727883,426001.65,31486057,1154796.9,15907.0,1.36106400346363
2025-02-06,3420,3456,3414,3452,379763,1187993,3456.6,3460.4,3411.75,3458.55,7.076195375947464,0.07954735853331263,6.9966480174141505,70.02881844380403,47.92857142857143,26.385151266016322,426560.15,31865820,1163056.35,3368.0,0.2843093806056851
2025-02-07,3451,3469,3438,3449,355010,1194687,3455.0,3460.6,3413.0,3456.7,7.055003652067626,1.4746386172401753,5.580365034827451,69.62750716332378,47.5,34.41316922778949,424932.15,31510810,1171622.8,6694.0,0.563471333585297
2025-02-10,3452,3473,3410,3436,532326,1195214,3447.6,3455.8,3415.95,3454.133333333333,5.92096451054249,2.3639037959006384,3.5570607146418514,62.460567823343844,48.214285714285715,21.573039372541267,426326.2,30978484,1176661.9,527.0,0.04411197242457643
2025-02-11,3438,3446,3382,3387,518548,1207263,3428.0,3447.3,3417.4,3451.5666666666666,1.0561650177746742,2.1023560402754455,-1.0461910225007713,46.496815286624205,47.92857142857143,-9.959300139190715,428346.2,30459936,1179870.55,12049.0,1.0081039880724285
2025-02-12,3395,3416,3376,3415,382857,1193080,3427.8,3442.0,3421.0,3449.983333333333,-0.5337054112351325,1.57514374997333,-2.1088491612084628,49.70059880239521,48.142857142857146,-14.891180599025269,428684.05,30842793,1181502.05,-14183.0,-1.1748061524290865
2025-02-13,3410,3416,3377,3387,347432,1200005,3414.8,3435.7,3424.3,3447.85,-4.006866511897442,0.4587416975991756,-4.465608209496618,40.963855421686745,48.142857142857146,-27.846883620218357,427449.25,30495361,1183196.75,6925.0,0.5804304824487794
2025-02-14,3388,3406,3371,3377,404382,1209448,3400.4,3427.7,3427.5,3445.5833333333335,-7.480062627666484,-1.1290191674539565,-6.351043460212528,32.459016393442624,46.92857142857143,-45.26882298763863,426308.6,30090979,1184736.75,9443.0,0.786913387860877
2025-02-17,3380,3410,3365,3406,434253,1198569,3394.4,3421.0,3432.2,3444.2833333333333,-7.802594483294797,-2.4637342306221246,-5.3388602526726725,39.75155279503105,47.214285714285715,-49.12622602091471,428886.75,30525232,1185421.35,-10879.0,-0.8995012600789831
2025-02-18,3403,3442,3395,3430,464475,1181195,3403.0,3415.5,3435.85,3444.45,-6.051842011399003,-3.1813557867775004,-2.870486224621503,44.44444444444444,47.785714285714285,-18.504228337960285,426736.9,30989707,1185962.6,-17374.0,-1.4495619359419454
2025-02-19,3430,3445,3421,3430,307160,1168195,3406.0,3416.9,3436.9,3443.766666666667,-4.61120298627975,-3.4673252266779504,-1.1438777596017995,46.91358024691358,46.42857142857143,-6.673963731588641,416580.1,30989707,1185972.9,-13000.0,-1.1005803444816498
2025-02-20,3430,3472,3415,3468,484746,1182015,3422.2,3418.5,3439.45,3443.3166666666666,-0.39860884424888354,-2.8535819501921376,2.454973105943254,51.54929577464788,48.0,23.491845143100008,420049.2,31474453,1187134.55,13820.0,1.1830216701834928
2025-02-21,3467,3483,3463,3470,360630,1185977,3440.8,3420.6,3440.6,3443.0,3.065943362120379,-1.6696768877296344,4.7356202498500135,49.56011730205279,45.92857142857143,53.42671067240262,414814.0,31835083,1188581.1,3962.0,0.3351903317639904
2025-02-24,3443,3453,3407,3431,671093,1201426,3445.8,3420.1,3437.95,3441.9,2.634285479792652,-0.8088844142251771,3.4431698940178292,42.66304347826086,47.714285714285715,-12.655136545046098,424795.15,31163990,1188808.4,15449.0,1.302639089965485
2025-02-25,3430,3434,3367,3376,632318,1225766,3435.0,3419.0,3433.15,3440.7,-2.121392752569591,-1.07138608189406,-1.0500066706755309,44.3502824858757,45.5,-69.65641868045188,431989.9,30531672,1190915.1,24340.0,2.025925858105282
2025-02-26,3377,3443,3365,3432,877894,1197034,3435.4,3420.7,3431.35,3440.1833333333334,-1.3559395984084404,-1.128296785196936,-0.22764281321150426,47.32620320855615,48.07142857142857,-30.362600717267338,453815.4,31409566,1191008.95,-28732.0,-2.3440036679105103
2025-02-27,3432,3441,3392,3421,619753,1183503,3426.0,3424.1,3429.9,3439.35,-1.618266163115095,-1.226290660780568,-0.39197550233452705,46.33507853403141,49.357142857142854,-19.704628385151672,464453.15,30789813,1191216.05,-13531.0,-1.1303772491006892
2025-02-28,3421,3428,3397,3425,491357,1156367,3417.0,3428.9,3428.3,3438.55,-1.4862625752002714,-1.2782850436645086,-0.20797753153576282,48.525469168900806,47.07142857142857,-18.758297554203534,470035.2,31281170,1190015.2,-27136.0,-2.292854348489193
2025-03-03,3422,3442,3404,3412,593516,1148367,3413.2,3429.5,3425.25,3437.516666666667,-2.4029405325295556,-1.503216141437518,-0.8997243910920376,53.70919881305639,45.214285714285715,-10.389033568739508,479331.9,30687654,1188472.35,-8000.0,-0.6918218869960802
2025-03-04,3411,3420,3375,3398,582854,1180853,3417.6,3426.3,3420.9,3436.0,-4.210560692459694,-2.0446850516419532,-2.165875640817741,47.368421052631575,45.57142857142857,-48.83153885240485,494595.45,30104800,1189079.1,32486.0,2.828886584166912
2025-03-05,3399,3407,3370,3376,544254,1186323,3406.4,3420.9,3418.9,3433.6,-7.333789470838383,-3.1025059354812394,-4.231283535357143,48.26498422712934,45.42857142857143,-68.52038176031806,499231.05,29560546,1189164.0,5470.0,0.4632244657040374
2025-03-06,3380,3417,3374,3396,566774,1180888,3401.4,3413.7,3416.1,3431.133333333333,-8.101746041125807,-4.102353956610154,-3.9993920845156534,52.90519877675841,46.0,-41.12681661503427,508581.6,30127320,1188808.75,-5435.0,-0.45813829791717664
2025-03-07,3396,3400,3362,3363,594803,1222951,3389.0,3403.0,3411.8,3428.4333333333334,-11.243572458973631,-5.53059765708285,-5.712974801890781,43.50453172205438,45.5,-75.2514175796561,520571.25,29532517,1190221.95,42063.0,3.561980475709814
2025-03-10,3365,3391,3345,3349,661886,1234351,3376.4,3394.8,3407.45,3426.5,-14.69379461017661,-7.3632370477016025,-7.330557562475008,37.38317757009346,45.42857142857143,-88.96365435426821,527049.25,28870631,1192178.8,11400.0,0.9321714443178752
2025-03-11,3357,3362,3321,3347,556374,1228386,3366.2,3391.9,3405.45,3424.7166666666667,-17.38905362197147,-9.368400362555576,-8.020653259415894,37.151702786377705,46.642857142857146,-103.31920254009417,528940.55,28314257,1193234.95,-5965.0,-0.48324990217530894
2025-03-12,3355,3371,3341,3363,485616,1226840,3363.6,3385.0,3402.85,3422.6666666666665,-18.026204658312963,-11.099961221707055,-6.926243436605908,32.55813953488372,44.714285714285715,-70.31029576485702,534078.5,28799873,1194922.95,-1546.0,-0.12585620480858317
2025-03-13,3367,3418,3367,3413,708914,1195010,3367.0,3384.2,3404.15,3420.4,-14.331366243385673,-11.74624222604278,-2.5851240173428938,41.83381088825215,47.214285714285715,-5.9441015727697755,552152.6,29508787,1194673.2,-31830.0,-2.5944703465814567
2025-03-14,3413,3447,3402,3443,615635,1178649,3383.0,3386.0,3407.45,3418.4333333333334,-8.88006701524182,-11.17300718388259,2.2929401686407687,51.76470588235294,45.92857142857143,39.74579609740289,562715.25,30124422,1193133.25,-16361.0,-1.3691098819256786
2025-03-17,3440,3441,3374,3386,669337,1111239,3390.4,3383.4,3406.45,3415.5,-9.05491728361676,-10.749389203829425,1.6944719202126652,51.461988304093566,46.07142857142857,-8.487892444295516,574469.45,29455085,1188766.75,-67410.0,-5.719259932346265
2025-03-18,3385,3386,3365,3370,422373,1096370,3395.0,3380.6,3403.45,3413.483333333333,-10.36507157042115,-10.672525677147771,0.3074541067266203,39.73509933774834,42.0,-45.94213570998837,572364.35,29032712,1184525.5,-14869.0,-1.3380559897555822
2025-03-19,3374,3374,3341,3348,498783,1099380,3392.0,3377.8,3399.35,3411.0666666666666,-13.028411007998784,-11.143702743317974,-1.8847082646808104,38.33865814696485,40.857142857142854,-67.76296975727266,581945.5,28533929,1181084.75,3010.0,0.2745423534025848
2025-03-20,3354,3369,3332,3357,588527,1072840,3380.8,3373.9,3393.8,3408.8,-14.248652322248745,-11.764692659104128,-2.483959663144617,39.308176100628934,41.285714285714285,-64.43782327098558,587134.55,29122456,1175626.0,-26540.0,-2.41408794047554
2025-03-21,3357,3366,3345,3351,415971,1045505,3362.4,3372.7,3387.85,3407.15,-15.520936516350957,-12.515941430553493,-3.0049950857974643,40.19292604501607,40.07142857142857,-61.692620758208754,589901.6,28706485,1168602.4,-27335.0,-2.5479102196040437
2025-03-24,3354,3405,3340,3396,697235,968511,3364.4,3377.4,3386.1,3406.766666666667,-12.751120012968386,-12.562977147036474,-0.18814286593191198,49.707602339181285,41.5,-10.887925043174475,591208.7,29403720,1156956.65,-76994.0,-7.364288071314817
2025-03-25,3396,3401,3362,3386,522259,897358,3367.6,3381.3,3386.6,3406.366666666667,-11.233444746637815,-12.297070666956742,1.0636259203189269,51.515151515151516,41.642857142857146,-4.926700093778949,585705.75,28881461,1140536.25,-71153.0,-7.3466382932150465
2025-03-26,3388,3396,3375,3386,370033,868527,3375.2,3383.6,3384.3,3405.8333333333335,-9.916366463938175,-11.820929826353028,1.9045633624148532,48.38709677419355,40.07142857142857,2.8878925758357457,560312.7,28881461,1124110.9,-28831.0,-3.212876020495725
2025-03-27,3387,3392,3364,3381,470455,832160,3380.0,3380.4,3382.3,3405.0,-9.170320898131195,-11.290808040708662,2.120487142577467,53.191489361702125,39.357142857142854,-6.735173452699841,552847.8,28411006,1106543.75,-36367.0,-4.18720431258901
2025-03-28,3380,3382,3362,3374,363969,797988,3384.6,3373.5,3379.75,3404.15,-9.039711740897019,-10.840588780746334,1.8008770398493148,54.54545454545455,37.5,-16.196631196929484,546478.4,28047037,1088624.8,-34172.0,-4.106421841953467
2025-03-31,3374,3377,3335,3342,436251,765546,3373.8,3369.1,3376.25,3402.7166666666667,-11.387072523794359,-10.949885529355939,-0.43718699443842013,49.18032786885246,37.57142857142857,-58.41800127252988,538615.15,27610786,1069483.75,-32442.0,-4.065474668792013
2025-04-01,3339,3369,3325,3359,395178,691212,3368.4,3368.0,3374.3,3402.0333333333333,-11.740280287900987,-11.107964481064949,-0.6323158068360382,49.346405228758165,38.57142857142857,-53.48224263374226,529231.35,28005964,1045001.7,-74334.0,-9.70993251875132
2025-04-02,3368,3368,3342,3352,255490,644636,3361.6,3368.4,3373.1,3400.6833333333334,-12.441622208065837,-11.374696026465127,-1.06692618160071,38.40304182509506,36.5,-42.49968075217088,514793.15,27750474,1017917.35,-46576.0,-6.738308941395699
2025-04-03,3376,3392,3342,3360,661273,945271,3357.4,3368.7,3371.3,3399.7166666666667,-12.211145111806218,-11.541985843533347,-0.6691592682728711,32.780082987551864,36.857142857142854,-15.303786515219771,519518.1,28411747,1006136.5,300635.0,46.636396353911344
2025-04-07,3299,3299,3240,3261,921083,1052200,3334.8,3359.7,3366.2,3397.0,-19.788849436824876,-13.191358562191652,-6.597490874633223,27.915194346289752,40.5,-156.27575800973193,535832.1,27490664,997598.95,106929.0,11.311994126552062
2025-04-08,3262,3288,3201,3203,859623,1181184,3307.0,3340.4,3358.9,3394.1,-30.127063942900804,-16.578499638333483,-13.548564304567321,24.307692307692307,45.214285714285715,-146.67982362279852,545718.95,26631041,994940.6,128984.0,12.25850598745486
2025-04-09,3214,3231,3143,3208,1082468,1184062,3276.8,3322.6,3351.95,3391.6,-37.48461588990767,-20.759722888648323,-16.72489300125935,27.272727272727266,49.142857142857146,-137.61380595420826,572023.65,27713509,992724.4,2878.0,0.2436538253142606
2025-04-10,3200,3280,3184,3255,827143,1164621,3257.4,3309.5,3346.55,3390.133333333333,-39.07261680690817,-24.422301672300293,-14.65031513460788,35.260115606936424,53.357142857142854,-84.92593583658032,589100.0,28540652,989613.45,-19441.0,-1.6418903739837898
2025-04-11,3255,3260,3206,3242,707776,1197539,3233.8,3295.6,3338.0,3388.8166666666666,-40.90854212014892,-27.71954976187002,-13.188992358278902,34.56090651558074,55.714285714285715,-77.32896360107286,589043.1,27832876,989739.9,32918.0,2.8264989211082447
2025-04-14,3242,3264,3231,3242,476725,1230789,3230.0,3282.4,3327.95,3387.633333333333,-41.88075093114776,-30.55178999572557,-11.328960935422188,25.0,53.42857142857143,-63.679449263009715,582097.6,27832876,992346.9,33250.0,2.776527528539785
2025-04-15,3250,3258,3225,3236,406460,1266828,3236.6,3271.8,3320.45,3386.366666666667,-42.64381195479518,-32.97019438753949,-9.67361756725569,25.328947368421055,53.0,-61.56993183566161,568953.75,27426416,1000126.35,36039.0,2.928121717044929
2025-04-16,3230,3239,3196,3205,451711,1320348,3236.0,3256.4,3312.2,3383.8333333333335,-45.228616894065,-35.421878888844596,-9.806738005220403,22.985074626865682,54.57142857142857,-72.3496195126948,570420.65,26974705,1011325.25,53520.0,4.224725061334289
2025-04-17,3210,3219,3188,3191,600315,1360193,3223.2,3240.3,3304.35,3380.2,-47.85513225224986,-37.90852956152565,-9.946602690724212,22.383720930232556,54.785714285714285,-72.99186854360714,575497.25,26374390,1024365.9,39845.0,3.017765013466156
2025-04-18,3191,3201,3173,3181,616352,1379043,3211.0,3222.4,3295.55,3376.266666666667,-50.165306595532,-40.359884968326924,-9.805421627205078,22.190201729106633,55.357142857142854,-73.28463161083802,576888.5,25758038,1039676.05,18850.0,1.3858327457941577
2025-04-21,3181,3216,3170,3209,490777,1387267,3204.4,3217.2,3288.45,3372.3,-49.169969609835334,-42.121901896628614,-7.04806771320672,30.612244897959187,55.642857142857146,-58.05480892432222,580628.8,26248815,1056764.15,8224.0,0.5963555886219662
2025-04-22,3209,3215,3163,3171,542500,1437260,3191.4,3214.0,3277.2,3367.0833333333335,-50.86114468246751,-43.8697504537964,-6.991394228671112,24.175824175824175,56.214285714285715,-61.37407986970735,572892.05,25706315,1080201.6,49993.0,3.603704261688634
2025-04-23,3176,3243,3167,3233,837987,1387185,3197.0,3216.5,3269.55,3363.1,-46.66065626720865,-44.42793161647885,-2.2327246507298,35.79952267303102,59.785714285714285,-37.19668160345645,588678.45,26544302,1104692.95,-50075.0,-3.484059947399909
2025-04-24,3233,3239,3194,3204,575582,1405606,3199.6,3211.4,3260.45,3358.7,-45.151320257906264,-44.57260934476434,-0.5787109131419257,32.27272727272728,59.42857142857143,-34.66881129322271,598955.9,25968720,1131546.9,18421.0,1.3279411181637668
2025-04-25,3208,3230,3195,3204,613482,1407096,3204.2,3207.6,3251.6,3354.6,-43.45424708528617,-44.34893689286871,0.8946898075825374,41.64222873900293,53.357142857142854,-32.808013537690734,606107.25,25968720,1160293.7,1490.0,0.10600410072238997
2025-04-28,3209,3282,3206,3237,1403970,1360893,3209.8,3207.1,3244.75,3350.9333333333334,-38.99694762428453,-43.27853903915187,4.281591414867343,55.37974683544304,52.714285714285715,-4.050879965487332,658107.3,27372690,1188438.95,-46203.0,-3.2835712701905218
2025-04-29,3231,3237,3203,3210,576048,1332134,3217.6,3204.5,3238.15,3346.55,-37.21419793120003,-42.065670817561504,4.851472886361471,50.29585798816568,48.857142857142854,-21.086456061227203,665097.15,26796642,1216768.35,-28759.0,-2.1132447591397763
2025-04-30,3207,3212,3190,3204,413810,1321289,3211.8,3204.4,3230.4,3341.866666666667,-35.87199577358433,-40.82693580876607,4.9549400351817425,41.41414141414141,43.57142857142857,-31.152309693239406,666028.75,26382832,1248272.2,-10845.0,-0.8141072895069157
2025-05-06,3230,3233,3190,3196,422920,1326211,3210.2,3204.9,3222.6,3338.2,-35.04979185210732,-39.67150701743432,4.621715165327004,42.12328767123287,42.785714285714285,-23.496729055683375,674400.25,25959912,1282350.95,4922.0,0.37251502131629977
2025-05-07,3206,3265,3204,3217,843705,1328944,3212.8,3208.5,3215.45,3334.2833333333333,-32.33097348796218,-38.203400311539895,5.872426823577712,46.00638977635783,45.357142857142854,23.65766701446147,683521.85,26803617,1301534.6,2733.0,0.20607580543368087
2025-05-08,3225,3225,3182,3191,639463,1395031,3203.6,3206.7,3211.95,3329.983333333333,-31.906475071746627,-36.94401526358124,5.037540191834616,43.24324324324324,46.07142857142857,-39.793938466873485,669440.85,26164154,1318676.15,66087.0,4.972895772884334
2025-05-09,3185,3190,3156,3157,579080,1421069,3193.0,3205.3,3209.65,3325.3333333333335,-33.92253500124434,-36.33971921111386,2.417184209869518,42.857142857142854,45.5,-101.40546673001316,655413.7,25585074,1330670.4,26038.0,1.8664818201172606
2025-05-12,3161,3220,3152,3220,849309,1384049,3196.2,3204.0,3210.25,3322.55,-30.089846512945314,-35.089744671480155,4.99989815853484,53.76623376623377,48.142857142857146,-33.56789401026434,643755.75,26434383,1340669.75,-37020.0,-2.605081104436169
2025-05-13,3245,3255,3202,3215,660865,1354588,3200.0,3205.1,3208.25,3319.2166666666667,-27.14298406185071,-33.50039254955427,6.357408487703559,54.473684210526315,49.92857142857143,31.282004603113002,635441.85,25773518,1350168.1,-29461.0,-2.1286096084748407
2025-05-14,3220,3269,3207,3267,801521,1351894,3210.0,3211.4,3209.5,3317.2166666666667,-20.37671879034542,-30.875657797712503,10.498939007367081,57.17821782178218,51.07142857142857,83.34703260599386,640129.1,26575039,1357885.85,-2694.0,-0.19887965935029284
2025-05-15,3269,3269,3246,3260,403569,1362524,3223.8,3213.7,3210.4,3315.266666666667,-15.40170504440448,-27.7808672470509,12.37916220264642,61.930294906166225,49.0,100.9277092080379,636471.3,26171470,1364472.6,10630.0,0.7863042516647045
2025-05-16,3255,3258,3221,3226,461318,1358007,3237.6,3215.3,3209.9,3312.266666666667,-14.040634958047121,-25.032820789250145,10.992185831203024,48.98550724637681,46.357142857142854,50.96319363873152,639214.2,25710152,1369031.55,-4517.0,-0.33151709621261904
2025-05-19,3223,3236,3200,3207,489525,1344111,3235.0,3215.6,3210.0,3308.55,-14.329931785453937,-22.892242988490903,8.562311203036966,50.44776119402986,45.714285714285715,5.058444106329889,641104.9,25220627,1370219.7,-13896.0,-1.0232642394332303
2025-05-20,3207,3222,3191,3202,435507,1350873,3232.4,3216.2,3210.55,3304.75,-14.792145176892063,-21.272223426171134,6.480078249279071,49.70588235294118,45.42857142857143,-16.34230498945578,632864.5,24785120,1369753.7,6762.0,0.5030834506971615
2025-05-21,3202,3218,3196,3211,350902,1349258,3221.2,3215.6,3212.05,3300.4666666666667,-14.267758002926257,-19.87133034152216,5.603572338595903,45.88607594936709,41.42857142857143,-11.999404349117915,619592.0,25136022,1368264.45,-1615.0,-0.11955231912992303
2025-05-22,3210,3226,3202,3210,456989,1353196,3211.2,3217.5,3212.1,3296.133333333333,-13.774089897934118,-18.651882252804555,4.8777923548704365,50.0,40.714285714285715,-3.6498164112963307,617902.6,24679033,1366560.9,3938.0,0.2918641208723649
2025-05-23,3215,3218,3189,3189,437643,1368284,3203.8,3220.7,3213.0,3292.1,-14.90555688236509,-17.90261717871666,2.9970602963515702,47.540983606557376,41.214285714285715,-40.25027885642781,612659.75,24241390,1363112.1,15088.0,1.1149899940585017
2025-05-26,3182,3188,3127,3138,804010,1471007,3190.0,3212.5,3208.25,3288.133333333333,-19.690546036749765,-18.260202950323283,-1.4303430864264826,41.66666666666667,42.57142857142857,-122.48539930346513,610960.9,23437380,1367303.2,102723.0,7.507432667487168
2025-05-27,3139,3151,3098,3111,694483,1513825,3171.8,3202.1,3203.6,3282.7833333333333,-25.368921630222303,-19.681946686303085,-5.686974943919218,35.028248587570616,41.42857142857143,-135.34836457027882,616905.95,22742897,1372714.15,42818.0,2.910795121981069
2025-05-28,3110,3116,3084,3100,452531,1537114,3149.6,3185.4,3198.4,3277.4333333333334,-30.406179754678305,-21.82679329997813,-8.579386454700174,36.57817109144543,40.642857142857146,-126.72620629837614,608858.4,22290366,1379215.05,23289.0,1.538420887486991
2025-05-29,3100,3126,3077,3110,809980,1552234,3129.6,3170.4,3192.05,3272.1833333333334,-33.20851954159207,-24.10313854830092,-9.10538099329115,42.539682539682545,41.642857142857146,-101.80946512915683,579158.9,23100346,1388782.1,15120.0,0.983661589185969
2025-05-30,3108,3108,3066,3076,602113,1578525,3107.0,3155.4,3185.35,3266.5833333333335,-37.737890946819334,-26.830089028004604,-10.90780191881473,24.825174825174827,39.92857142857143,-103.6344040796157,580462.15,22498233,1401101.65,26291.0,1.6937523595024873
2025-06-03,3046,3070,3026,3052,594311,1588097,3089.8,3139.9,3177.75,3260.8166666666666,-42.771012236421484,-30.018273669687982,-12.752738566733502,23.278688524590166,39.714285714285715,-110.85868853330564,589487.2,21903922,1414442.05,9572.0,0.6063888756909108
2025-06-04,3055,3112,3054,3097,806676,1576113,3087.0,3129.4,3172.8,3256.1666666666665,-42.637178349512396,-32.542054605652865,-10.095123743859531,21.47651006711409,39.57142857142857,-69.75774143301636,608675.0,22710598,1426937.15,-11984.0,-0.7546138554508919
2025-06-05,3095,3098,3050,3077,639907,1579049,3082.4,3116.0,3165.8,3250.85,-43.64187056518813,-34.76201779755992,-8.879852767628208,20.578778135048225,41.357142857142854,-71.00622010697836,598485.1,22070691,1439442.4,2936.0,0.18628105979709986
2025-06-06,3081,3121,3078,3092,640481,1582478,3078.8,3104.2,3160.85,3246.3333333333335,-42.73509813513101,-36.356633865074144,-6.378464270056867,27.054794520547944,41.714285714285715,-49.05393502197266,598536.0,22711172,1448814.75,3429.0,0.21715602239069653
2025-06-09,3088,3102,3075,3095,512180,1585218,3082.6,3094.8,3157.75,3242.1,-41.298337990383516,-37.34497469013602,-3.9533633002474957,29.71014492753622,41.07142857142857,-49.53920036086055,595191.0,23223352,1457022.2,2740.0,0.17314616696093577
2025-06-10,3098,3100,3068,3089,507470,1592616,3090.0,3089.9,3151.2,3237.8,-40.18066735856837,-37.912113223822494,-2.2685541347458766,29.602888086642594,41.142857142857146,-48.275602855111124,578099.05,22715882,1467450.55,7398.0,0.4666866008334436
2025-06-11,3090,3125,3088,3108,598818,1563430,3092.2,3089.6,3145.85,3233.55,-37.331430625852136,-37.79597670422842,0.46454607837628714,32.05574912891987,42.214285714285715,-29.22086230852864,574996.7,23314700,1477892.65,-29186.0,-1.8325823676266007
2025-06-12,3102,3111,3077,3080,490001,1566756,3092.8,3087.6,3136.5,3228.0,-36.90731146915641,-37.61824365721402,0.7109321880576118,29.29936305732484,42.92857142857143,-38.27344994139792,559420.7,22824699,1488635.75,3326.0,0.21273737871219112
2025-06-13,3078,3096,3050,3082,814335,1555245,3090.8,3084.8,3127.6,3221.983333333333,-35.994884078933865,-37.29357174155799,1.2986876626241255,31.86440677966101,44.142857142857146,-45.14690211744204,579959.0,23639034,1498271.8,-11511.0,-0.7347027871602241
2025-06-16,3075,3106,3063,3104,603542,1528393,3092.6,3087.6,3121.5,3217.2833333333333,-33.114835450367536,-36.457824483319904,3.3429890329523673,43.60902255639098,42.785714285714285,-28.82558728122446,587070.2,24242576,1506791.1,-26852.0,-1.7265446923153571
2025-06-17,3094,3104,3084,3093,353677,1522669,3093.4,3091.7,3115.8,3212.6666666666665,-31.358502929976567,-35.43796017265124,4.079457242674671,46.4,40.42857142857143,-22.57150153238345,580277.8,23888899,1515719.0,-5724.0,-0.37451100600434106
2025-06-18,3093,3113,3086,3102,484069,1501786,3092.2,3092.2,3110.8,3208.5666666666666,-28.90714835781864,-34.13179780968472,5.224649451866078,50.40322580645161,40.07142857142857,-11.747989173816856,582705.9,24372968,1523264.65,-20883.0,-1.3714733799663592
2025-06-19,3102,3120,3092,3103,398637,1488632,3096.8,3094.8,3105.4,3204.3333333333335,-26.577373141936278,-32.62091287613503,6.0435397341987525,48.53556485355649,38.57142857142857,-1.1196514570480292,585092.65,24771605,1530233.35,-13154.0,-0.8758904397830336
2025-06-20,3104,3131,3104,3116,566709,1482115,3103.6,3097.2,3100.7,3200.4166666666665,-23.412137595111744,-30.779157819930376,7.367020224818631,59.174311926605505,37.42857142857143,25.953123841636156,590578.65,25338314,1536679.3,-6517.0,-0.4377844893835414
2025-06-23,3110,3130,3107,3112,382209,1511083,3105.2,3098.9,3096.85,3195.6833333333334,-20.984535527427397,-28.820233361429782,7.835697834002385,65.15151515151514,35.5,46.56558862438257,587806.95,24956105,1543819.25,28968.0,1.9545042051392736
2025-06-24,3110,3125,3093,3099,550221,1512865,3106.4,3099.9,3094.9,3190.9,-19.88046512650726,-27.03227971444528,7.15181458793802,50.60240963855422,33.5,32.915010715102824,575117.5,24405884,1545912.15,1782.0,0.11792866440825112
2025-06-25,3099,3105,3082,3098,533425,1510406,3105.6,3098.9,3094.25,3186.1,-18.868666776766077,-25.399557126909443,6.530890350143366,57.14285714285714,31.714285714285715,4.934476723538501,567064.6,23872459,1545741.2,-2459.0,-0.16253928803957596
2025-06-26,3100,3104,3080,3103,552939,1510669,3105.6,3101.2,3094.4,3181.4666666666667,-17.46205933150759,-23.812057567829072,6.349998236321483,54.01459854014599,30.285714285714285,7.810255932393634,572085.0,24425398,1544418.95,263.0,0.017412536761640673
2025-06-27,3099,3135,3098,3121,613616,1524710,3106.6,3105.1,3094.95,3177.25,-14.725121198253873,-21.994670293914034,7.26954909566016,58.55263157894736,31.0,73.97063635839646,562266.8,25039014,1543042.75,14041.0,0.9294557576808637
2025-06-30,3123,3150,3119,3123,595861,1525709,3108.8,3107.0,3097.3,3173.6,-12.253444641450642,-20.046425163421354,7.792980521970712,61.486486486486484,30.928571428571427,95.48554271457795,561954.2,25634875,1540401.95,999.0,0.06552065638711912
2025-07-01,3120,3139,3107,3136,537703,1522628,3116.2,3111.3,3101.5,3169.883333333333,-9.140268482798547,-17.865193827296793,8.724925344498246,59.859154929577464,30.571428571428573,87.13322681213974,559123.8,26172578,1537128.5,-3081.0,-0.20193890184825314
2025-07-02,3138,3196,3136,3191,920428,1595758,3134.8,3120.2,3106.2,3167.2,-2.2095433615440925,-14.734063734146252,12.52452037260216,82.84023668639054,32.42857142857143,155.51218078758208,564811.4,27093006,1538110.75,73130.0,4.802880283299671
2025-07-03,3202,3217,3175,3208,694556,1595284,3155.8,3130.7,3112.75,3164.6666666666665,4.601817270339325,-10.866887533249137,15.468704803588462,84.23913043478261,32.142857142857146,149.00140435938874,567543.85,27787562,1538922.5,-474.0,-0.029703752072685052
2025-07-04,3208,3225,3198,3201,623730,1580869,3171.8,3139.2,3118.2,3163.6666666666665,9.327506457480467,-6.828008735103218,16.155515192583685,78.69822485207101,31.0,124.68259625797214,566706.3,27163832,1538842.05,-14415.0,-0.9036008635452952
2025-07-07,3201,3213,3179,3191,490427,1585555,3185.4,3147.1,3123.0,3163.4666666666667,12.125952328232415,-3.037216522436091,15.163168850668507,79.16666666666666,32.0,90.77845889637241,565618.65,26673405,1538858.9,4686.0,0.2964192478946748
2025-07-08,3186,3198,3176,3191,341788,1593691,3196.4,3156.3,3128.1,3163.1833333333334,14.180279408414208,0.4062826637339687,13.77399674468024,77.9874213836478,31.642857142857142,73.76477129994699,557334.55,26673405,1538912.65,8136.0,0.513132625484447
2025-07-09,3194,3207,3181,3190,345228,1582553,3196.2,3165.5,3132.2,3162.1,15.54842422156662,3.4347109753004994,12.113713246266121,77.35849056603773,31.5,70.11729679881404,544655.05,26328177,1539868.8,-11138.0,-0.6988807742529746
2025-07-10,3196,3268,3192,3262,901412,1597104,3207.0,3181.4,3141.3,3162.4333333333334,22.18673227492991,7.185115235226382,15.001617039703527,83.4862385321101,35.07142857142857,103.83524344860241,565225.6,27229589,1541386.2,14551.0,0.919463676729948
2025-07-11,3256,3288,3254,3273,609870,1599748,3221.4,3196.6,3150.85,3162.95,28.012338501639988,11.350559888509103,16.661778613130885,85.77777777777779,35.857142857142854,111.75568548372924,555002.35,27839459,1543611.35,2644.0,0.16554964485719914
2025-07-14,3269,3281,3256,3276,454659,1580291,3238.4,3211.9,3159.45,3163.616666666667,32.496647214855784,15.57977735377844,16.916869861077345,91.16279069767442,35.357142857142854,95.00273380009932,547558.2,28294118,1546206.25,-19457.0,-1.2162540600144545
2025-07-15,3273,3280,3245,3259,496158,1566776,3252.0,3224.2,3167.75,3164.516666666667,34.28353697917146,19.320529278857045,14.963007700314414,84.84848484848484,36.214285714285715,76.94316125269089,554682.25,27797960,1548411.6,-13515.0,-0.8552222343859439
2025-07-16,3255,3268,3241,3253,385432,1549973,3264.6,3230.4,3175.3,3165.55,34.81419378051123,22.419262179187882,12.39493160132335,82.32758620689656,36.42857142857143,63.85027155838652,549750.4,27412528,1550820.95,-16803.0,-1.072457071081001
2025-07-17,3257,3293,3255,3292,698968,1610257,3270.6,3238.8,3184.75,3167.4,37.94431869574282,25.52427348249887,12.420045213243952,83.79446640316206,36.642857142857146,74.99068150264715,564766.95,28111496,1556902.2,60284.0,3.8893580726889976
2025-07-18,3295,3342,3294,3310,786987,1596254,3278.0,3249.7,3194.45,3169.0833333333335,41.40017931370812,28.699454648740726,12.700724664967396,84.75836431226766,38.0,88.36785994467411,575780.85,28898483,1562609.15,-14003.0,-0.8696127388361008
2025-07-21,3323,3422,3318,3394,1279822,1600476,3301.6,3270.0,3208.55,3172.8,50.336820204549895,33.02692775990256,17.309892444647332,87.94117647058823,43.714285714285715,109.72651972797397,620661.5,30178305,1567078.8,4222.0,0.2644942471561551
2025-07-22,3394,3499,3383,3477,1292117,1582445,3345.2,3298.6,3227.45,3176.866666666667,63.3859055725361,39.09872332242927,24.28718225010683,88.8586956521739,47.714285714285715,124.26665151614131,657756.3,31470422,1570557.8,-18031.0,-1.1266023358050936
2025-07-23,3485,3495,3402,3438,1086574,1495321,3382.2,3323.4,3244.45,3180.766666666667,69.77609034149964,45.23419672624335,24.541893615256292,79.48717948717949,51.357142857142854,102.34886231318288,685413.75,30383848,1569803.55,-87124.0,-5.505657384616846
2025-07-24,3438,3484,3406,3456,852865,1507782,3415.0,3342.8,3262.1,3184.9666666666667,75.42337367511482,51.27203211601764,24.151341559097176,81.79551122194513,55.0,91.4905504869119,700410.05,31236713,1569659.2,12461.0,0.833332776039386
2025-07-25,3463,3508,3452,3507,995111,1554563,3454.4,3366.2,3281.4,3189.4666666666667,83.05673385187765,57.62897246318964,25.427761388688012,85.74660633484163,56.57142857142857,95.83185271842022,719484.8,32231824,1571151.85,46781.0,3.1026368533382254
2025-07-28,3506,3506,3385,3397,1255676,1481167,3455.0,3378.3,3295.1,3192.5833333333335,79.31584243649968,61.96634645785165,17.34949597864803,68.65942028985508,63.714285714285715,62.532228673758766,752475.55,30976148,1568924.75,-73396.0,-4.721326829469119
2025-07-29,3398,3505,3398,3503,1006596,1612699,3460.2,3402.7,3313.45,3197.5666666666666,83.93690081548812,66.36045732937895,17.57644348610917,73.82039573820396,69.57142857142857,72.77995423770587,775920.2,31982744,1573428.3,131532.0,8.880295064634836
2025-07-30,3508,3549,3460,3483,1337397,1573214,3469.2,3425.7,3328.05,3202.35,85.00540067577276,70.08944599865771,14.915954677115053,68.26446280991736,70.35714285714286,76.3909894749652,796768.65,30645347,1572301.1,-39485.0,-2.4483800138773604
2025-07-31,3461,3473,3366,3390,1070244,1433936,3456.0,3435.5,3337.15,3205.233333333333,77.45501850732626,71.56256050039141,5.892458006934845,58.51528384279476,76.28571428571429,33.781963040041205,815553.05,29575103,1564233.7,-139278.0,-8.85308673835854
2025-08-01,3405,3433,3388,3401,787627,1454760,3434.8,3444.6,3347.15,3208.733333333333,71.53429152626632,71.5569067055664,-0.022615179300089494,58.992805755395686,77.71428571428571,29.040003556835707,823747.9,30362730,1557928.25,20824.0,1.4522265986766536
2025-08-04,3410,3419,3362,3417,724139,1437071,3438.8,3446.9,3358.45,3213.0666666666666,67.35669299094843,70.71686396264282,-3.3601709716943873,61.383285302593656,79.28571428571429,21.665911312430616,835433.5,31086869,1550504.05,-17689.0,-1.215939398938659
2025-08-05,3420,3472,3413,3457,735458,1461734,3429.6,3444.9,3371.75,3217.016666666667,66.50693125540374,69.87487742119501,-3.367946165791267,64.01098901098901,81.57142857142857,41.2174299476148,855117.0,31822327,1543906.2,24663.0,1.7161991300360224
2025-08-06,3455,3468,3431,3451,561631,1460175,3423.2,3446.2,3384.8,3220.95,64.6046172887477,68.82082539470555,-4.216208105957847,61.43884892086331,81.35714285714286,39.07782189055392,865937.15,31260696,1537787.3,-1559.0,-0.10665415184979432
2025-08-07,3451,3469,3428,3440,640048,1428587,3433.2,3444.6,3393.7,3223.8333333333335,61.500472530954085,67.35675482195526,-5.856282291001179,59.447674418604656,80.71428571428571,32.83483383078826,852868.95,30620648,1529361.45,-31588.0,-2.1633023438971333
2025-08-08,3446,3446,3409,3428,457370,1392227,3438.6,3436.7,3401.45,3226.633333333333,57.41032524173124,65.36746890591047,-7.9571436641792275,52.75974025974026,75.35714285714286,18.33004768402916,845243.95,30163278,1518985.4,-36360.0,-2.5451722576223967
2025-08-11,3423,3466,3402,3465,566686,1375009,3448.2,3443.5,3410.9,3230.616666666667,56.50311212064025,63.59459754885643,-7.091485428216174,48.94736842105263,71.64285714285714,25.183736323768276,850845.3,30729964,1508721.3,-17218.0,-1.2367236090091605
2025-08-12,3470,3495,3454,3484,488547,1381560,3453.6,3441.6,3422.15,3235.233333333333,56.66409201584656,62.20849644225446,-5.544404426407894,54.18181818181819,67.92857142857143,44.98758815004953,850464.75,31218511,1499460.5,6551.0,0.4764332451642206
2025-08-13,3483,3498,3448,3451,468704,1353836,3453.6,3438.4,3432.05,3239.383333333333,53.51199259453142,60.46919567270985,-6.957203078178431,49.557522123893804,65.92857142857143,33.963875838189374,854628.35,30749807,1489653.65,-27724.0,-2.0067170445004168
2025-08-14,3442,3454,3405,3432,551741,1291831,3452.0,3442.6,3439.05,3243.0666666666666,48.91690623772229,58.15873778571235,-9.24183154799006,42.964352720450286,65.42857142857143,-7.4495720179001585,847267.0,30198066,1473732.35,-62005.0,-4.5799491223456945
2025-08-15,3433,3442,3411,3439,421840,1255562,3454.2,3446.4,3445.5,3246.883333333333,45.317714291644734,55.59053308689883,-10.272818795254096,54.88372093023256,58.92857142857143,-19.39558023702963,829009.65,30619906,1456697.75,-36269.0,-2.8075653858747773
2025-08-18,3447,3455,3404,3419,503900,1202731,3445.0,3446.6,3446.75,3250.7166666666667,40.385951777861465,52.549616825091356,-12.163665047229891,37.79069767441861,54.857142857142854,-35.73427060776543,790213.55,30116006,1436810.5,-52831.0,-4.20775716372429
2025-08-19,3427,3439,3408,3416,380711,1184978,3431.4,3442.5,3443.7,3255.35,35.82248027244259,49.204189514561605,-13.381709242119015,39.75535168195719,50.714285714285715,-41.55692143238191,744643.25,29735295,1416937.15,-17753.0,-1.476057406020137
2025-08-20,3412,3420,3365,3402,619254,1123892,3421.6,3437.6,3441.9,3260.2,30.722068349138226,45.507765281476935,-14.785696932338709,52.41935483870967,46.285714285714285,-78.67528403338503,721277.25,29116041,1398365.7,-61086.0,-5.155032414103888
2025-08-21,3408,3417,3372,3375,572544,1047482,3410.2,3431.1,3437.85,3264.7833333333333,24.2220639266161,41.25062501050477,-17.02856108388867,45.07575757575758,46.285714285714285,-80.50029207599586,707261.2,28543497,1375350.7,-76410.0,-6.798695960110046
2025-08-22,3369,3374,3350,3361,498652,998147,3394.6,3424.4,3430.55,3268.9666666666667,17.736623835732644,36.547824775550346,-18.811200939817702,39.31297709923665,44.0,-106.36327119606578,682438.25,28044845,1347529.9,-49335.0,-4.70986613612453
2025-08-25,3370,3409,3363,3389,508110,938245,3388.6,3416.8,3430.15,3274.1833333333334,14.686930045601912,32.17564582956066,-17.488715783958746,36.400000000000006,43.214285714285715,-61.59434400636255,645059.95,28552955,1320383.8,-59902.0,-6.0013204467878944
2025-08-26,3391,3400,3365,3367,299285,899991,3378.8,3405.1,3423.35,3279.4333333333334,10.375210636860174,27.815558791020564,-17.44034815416039,34.21052631578948,43.07142857142857,-68.015904406827,609694.4,28253670,1284748.4,-38254.0,-4.077186662332332
2025-08-27,3370,3373,3345,3349,402184,854160,3368.2,3394.9,3416.65,3283.633333333333,5.442949440417124,23.341036920899878,-17.898087480482754,33.33333333333333,42.142857142857146,-92.29370454775864,562933.75,27851486,1248795.7,-45831.0,-5.092384257175908
2025-08-28,3351,3391,3340,3385,437558,778904,3370.2,3390.2,3416.4,3288.766666666667,4.388409193170901,19.550511375354084,-15.162102182183183,42.76094276094276,43.142857142857146,-62.291396639966806,531299.45,28289044,1216044.1,-75256.0,-8.810527301676496
2025-08-29,3377,3381,3339,3346,527886,24760,3367.2,3380.9,3413.65,3293.0,0.4010809744663675,15.720625295176541,-15.319544320710174,30.100334448160538,41.857142857142854,-76.94643480953451,518312.4,27761158,1144544.1,-754144.0,-96.82117436808643
2025-09-01,3347,3348,3284,3303,587250,24760,3350.0,3369.3,3407.95,3296.4666666666667,-6.15766427921335,11.344967380298563,-17.502631659511913,21.981424148606806,43.5,-110.83077985249795,511467.95,27173908,1073928.55,0.0,0.0
2025-09-02,3301,3319,3286,3298,375810,1217277,3336.2,3357.5,3400.0,3299.95,-11.624969942020016,6.750979915834847,-18.375949857854863,24.06779661016948,42.285714285714285,-102.65324690412433,493485.55,26798098,1061705.7,1192517.0,4816.304523424879
2025-09-03,3303,3325,3291,3299,370616,24760,3326.2,3347.2,3392.4,3303.133333333333,-15.696221159979814,2.2615397006719147,-17.957760860651728,25.9927797833935,41.214285714285715,-85.77690630970108,483934.8,27168714,989934.95,-1192517.0,-97.96595187455279
2025-09-04,3299,3332,3282,3313,509314,24459,3311.8,3341.0,3386.05,3307.016666666667,-17.590264465674863,-1.7088211325974412,-15.881443333077423,27.816901408450704,42.57142857142857,-72.80243734028257,477398.1,27678028,919728.55,-301.0,-1.2156704361873993
2025-09-05,3319,3346,3295,3340,534944,24459,3310.6,3338.9,3381.65,3311.3166666666666,-16.71989652038519,-4.711036210154991,-12.008860310230201,36.42611683848797,42.57142857142857,-50.66613287985231,481276.8,28212972,851340.15,0.0,0.0
2025-09-08,3341,3354,3321,3352,500889,24459,3320.4,3335.2,3376.0,3315.45,-14.890179223985797,-6.746864812921153,-8.143314411064644,39.33333333333333,42.714285714285715,-32.70607075247308,477986.95,28713861,783812.65,0.0,0.0
2025-09-09,3350,3373,3338,3349,514892,1306764,3330.6,3333.4,3369.25,3319.7166666666667,-13.526267618841302,-8.102745374105183,-5.4235222447361195,40.83044982698962,41.285714285714285,-18.33632648440765,479304.2,28198969,780072.85,1282305.0,5242.6714092971915
2025-09-10,3340,3355,3316,3342,446058,1313659,3339.2,3332.7,3363.8,3323.7166666666667,-12.861934963883868,-9.05458329206092,-3.807351671822948,43.86617100371747,40.857142857142854,-31.442888255924746,478171.9,27752911,778064.0,6895.0,0.5276392676871966
2025-09-11,3347,3354,3330,3334,485423,58841,3343.4,3327.6,3358.9,3327.5666666666666,-12.833048297306505,-9.810276293110038,-3.022772004196467,44.866920152091254,40.785714285714285,-25.727749440776098,474856.0,27267488,716414.5,-1254818.0,-95.520831509547
2025-09-12,3335,3368,3314,3364,720705,58841,3348.2,3329.4,3355.15,3331.7,-10.271008335773331,-9.902422701642697,-0.3685856341306337,45.283018867924525,41.214285714285715,-9.754628279694657,489799.25,27988193,656578.45,0.0,0.0
2025-09-15,3361,3377,3339,3370,517074,58841,3351.8,3336.1,3352.7,3336.0,-7.668031062939008,-9.45554437390196,1.787513310962952,50.60240963855422,41.42857142857143,14.653042173706698,490457.95,28505267,599383.95,0.0,0.0
2025-09-16,3387,3417,3380,3402,637603,58841,3362.4,3346.5,3352.0,3341.05,-2.9885698826510634,-8.16214947565178,5.173579593000717,60.07604562737642,42.785714285714285,79.78240923192784,503302.55,29142870,543077.1,0.0,0.0
2025-09-17,3404,3409,3370,3390,500938,58841,3372.0,3355.6,3351.4,3345.9166666666665,-0.24553254900456523,-6.5788260903223374,6.333293541317772,51.046025104602506,41.92857142857143,64.6586245334344,497386.75,28641932,489824.55,0.0,0.0
2025-09-18,3396,3400,3345,3354,661851,44949,3376.0,3359.7,3350.35,3350.1,-0.965426004991059,-5.4561460732560825,4.4907200682650235,51.694915254237294,42.57142857142857,28.27351841719054,501852.1,27980081,439697.9,-13892.0,-23.60938801176051
2025-09-19,3361,3380,3346,3374,459672,37228,3378.0,3363.1,3351.0,3354.3166666666666,0.07699850675680864,-4.349517157253505,4.426515664010314,66.66666666666666,40.42857142857143,28.29294298442609,499903.1,28439753,391651.95,-7721.0,-17.177245322476587
2025-09-22,3374,3398,3370,3380,548824,1382769,3380.0,3365.9,3350.55,3358.6,1.3714678705855476,-3.2053201516856946,4.576788022271242,69.1588785046729,40.07142857142857,56.92566440968027,501938.8,28988577,413878.15,1345541.0,3614.325239067369
2025-09-23,3375,3375,3327,3340,649366,1367093,3367.6,3365.0,3349.2,3362.0,-0.8208591847692333,-2.7284279583024027,1.9075687735331694,58.102766798418976,41.42857142857143,-2.3028023138551563,519442.85,28339211,437233.25,-15676.0,-1.1336673009013087
2025-09-24,3341,3373,3333,3357,467774,1367761,3361.0,3366.5,3349.6,3364.766666666667,-1.1730144653488424,-2.417345259711691,1.2443307943628485,58.59375,40.714285714285715,10.383587360904412,522722.35,28806985,462913.3,668.0,0.04886280596858583
2025-09-25,3355,3362,3343,3358,337428,1369716,3361.8,3368.9,3348.25,3367.266666666667,-1.3557798337192253,-2.2050321745131978,0.8492523407939725,53.913043478260875,38.42857142857143,12.191686974319579,517715.85,29144413,492453.9,1955.0,0.14293432843897058
2025-09-26,3353,3359,3312,3313,612844,1391208,3349.6,3363.8,3346.6,3369.133333333333,-5.073265181203624,-2.778678775851283,-2.294586405352341,42.585551330798474,39.42857142857143,-33.128931455212594,521963.75,28531569,560776.3,21492.0,1.569084394137188
2025-09-29,3313,3320,3288,3289,517716,1384470,3331.4,3355.7,3345.9,3370.766666666667,-9.842539853093967,-4.191450991299821,-5.651088861794147,39.43661971830985,39.214285714285715,-81.63153924639363,518487.05,28013853,628761.8,-6738.0,-0.48432728966480987
2025-09-30,3290,3303,3253,3253,511111,1349868,3314.0,3340.8,3343.65,3371.8,-16.338780238727395,-6.620916840785336,-9.71786339794206,35.78274760383387,40.0,-116.9064578350901,525252.1,27502742,635391.35,-34602.0,-2.499295759388065
2025-10-09,3260,3286,3258,3286,369788,1374586,3299.8,3330.4,3343.0,3373.4,-18.6097517062326,-9.01868381387479,-9.591067892357811,42.89940828402367,40.642857142857146,-96.4927993604002,525210.7,27872530,702882.65,24718.0,1.8311420079593077
2025-10-10,3293,3311,3276,3285,414002,1397651,3285.2,3323.5,3341.6,3373.7833333333333,-20.256697993238504,-11.266286649747531,-8.990411343490972,37.216828478964395,39.285714285714285,-72.20853554236365,520445.1,27458528,771542.25,23065.0,1.6779597638852728
2025-10-13,3280,3295,3245,3261,557390,1422524,3274.8,3312.2,3337.65,3373.5833333333335,-23.230724879146237,-13.659174295627274,-9.571550583518963,33.33333333333333,40.142857142857146,-91.87983843373298,521567.4,26901138,841445.5,24873.0,1.779628820070256
2025-10-14,3268,3271,3220,3241,532924,1451729,3265.2,3298.3,3332.1,3373.0,-26.891506913641933,-16.305640819230206,-10.585866094411728,24.444444444444443,40.42857142857143,-101.17066997682811,523169.15,26368214,912809.0,29205.0,2.0530409328770594
2025-10-15,3250,3250,3206,3212,501197,1469405,3257.0,3285.5,3325.25,3372.2166666666667,-31.766575380399445,-19.397827731464055,-12.36874764893539,23.192771084337352,40.785714285714285,-103.46636848965068,522484.4,25867017,920941.05,17676.0,1.2175826204477547
2025-10-16,3223,3228,3194,3219,641702,1479995,3243.6,3271.7,3319.1,3371.65,-34.66565665343796,-22.45139351585884,-12.214263137579124,27.72277227722772,39.285714285714285,-95.10367156710136,532266.6,26508719,929257.85,10590.0,0.7206998751195126
2025-10-17,3220,3237,3201,3204,487804,1496079,3227.4,3256.3,3312.6,3370.1833333333334,-37.73854760350014,-25.5088243333871,-12.229723270113038,21.47651006711409,39.42857142857143,-82.49427239718871,532385.65,26020915,1001119.75,16084.0,1.086760428244693
2025-10-20,3206,3246,3206,3215,539570,1503231,3218.2,3246.5,3305.15,3368.6,-38.83852145208448,-28.174763757126577,-10.663757694957901,22.772277227722782,40.42857142857143,-67.43745898863979,523328.9,26560485,1073339.25,7152.0,0.47804962171116294
2025-10-21,3218,3237,3205,3219,441068,1509998,3213.8,3239.5,3297.6,3365.6833333333334,-38.9386317727467,-30.327537360250606,-8.611094412496097,27.340823970037448,38.92857142857143,-61.91724583904611,519528.6,27001553,1145897.1,6767.0,0.45016368076495894
2025-10-22,3228,3249,3219,3247,423300,1501176,3220.8,3238.9,3289.85,3361.85,-36.33970245961609,-31.529970380123707,-4.809732079492385,30.2158273381295,38.214285714285715,-43.93888772060473,508813.45,27424853,1218013.85,-8822.0,-0.5842391844227635
2025-10-23,3251,3263,3236,3256,477175,1501678,3228.2,3235.9,3283.15,3358.8166666666666,-33.17142789850686,-31.858261883800342,-1.3131660147065212,32.167832167832174,38.785714285714285,-29.51919245276629,507625.3,27902028,1290155.7,502.0,0.03344044935438273
2025-10-24,3260,3263,3238,3250,429946,1501496,3237.4,3232.4,3277.95,3355.383333333333,-30.789772012754383,-31.644563909591152,0.8547918968367689,37.24696356275304,37.214285714285715,-26.928741851217282,496030.05,27472082,1362983.05,-182.0,-0.012119775344643369
2025-10-27,3258,3300,3256,3299,595934,1482730,3254.2,3236.2,3274.2,3351.9166666666665,-24.66408980012511,-30.248469087697945,5.584379287572833,51.838235294117645,38.5,7.980244376561623,502843.15,28068016,1435258.15,-18766.0,-1.2498201793411323
2025-10-28,3300,3319,3290,3305,504315,1473797,3271.4,3242.6,3270.45,3350.383333333333,-19.10506140219468,-28.019787550597293,8.914726148402615,60.74380165289256,37.0,34.05143655582881,500617.7,28572331,1439809.55,-8933.0,-0.6024697686025093
2025-10-29,3305,3350,3302,3345,573794,1461059,3291.0,3255.9,3270.7,3347.75,-11.341092584417765,-24.68404855736139,13.342955972943624,61.847389558232926,38.07142857142857,65.93610227618355,496839.1,29146125,1444507.85,-12738.0,-0.8642981360390878
2025-10-30,3348,3353,3307,3318,614494,1473286,3303.4,3265.8,3268.75,3345.0,-7.28281396553939,-21.203801638996993,13.920987673457603,55.99999999999999,38.857142857142854,63.7742995303862,504175.1,28531631,1449784.1,12227.0,0.8368587442396214
2025-10-31,3319,3330,3302,3308,431109,1470219,3315.0,3276.2,3266.25,3343.633333333333,-4.81797671182494,-17.926636653562586,13.108659941737645,59.00383141762452,37.285714285714285,55.827831727673995,508859.15,28100522,1454809.25,-3067.0,-0.2081741087609612
2025-11-03,3308,3319,3285,3295,512951,1422835,3314.2,3284.2,3265.35,3341.866666666667,-3.868967732853889,-15.115102869420847,11.246135136566958,60.62992125984252,36.07142857142857,42.425591666553856,503864.5,27587571,1456390.6,-47384.0,-3.222921211057672
2025-11-04,3291,3299,3260,3265,375271,1396130,3306.2,3288.8,3264.15,3339.3333333333335,-5.474513772317096,-13.186985050000096,7.712471277683001,60.3921568627451,35.714285714285715,11.68237301751334,496742.25,27212300,1456973.6,-26705.0,-1.8768866382960825
2025-11-05,3265,3265,3234,3253,447834,1373091,3287.8,3289.4,3264.15,3335.9333333333334,-7.627297549420291,-12.075047549884136,4.447750000463845,56.53846153846154,35.5,-18.79102699959423,493578.4,26764466,1458134.75,-23039.0,-1.6502044938508598
2025-11-06,3253,3271,3241,3266,270581,1368297,3277.4,3290.4,3263.15,3332.85,-8.189993699008937,-11.298036779709097,3.1080430807001598,62.015503875968996,35.07142857142857,-6.2189912208360365,488618.05,27035047,1457820.3,-4794.0,-0.3491392777317692
2025-11-07,3259,3268,3233,3245,395124,1365588,3264.8,3289.9,3261.15,3329.6,-10.212732919353584,-11.080976007637995,0.8682430882844105,55.59701492537313,34.57142857142857,-17.738809451383723,487674.15,26639923,1456217.15,-2709.0,-0.19798333256595413
2025-11-10,3246,3256,3231,3252,375365,1346071,3256.2,3285.2,3260.7,3326.6666666666665,-11.122711135642021,-11.0893230332388,-0.03338810240322054,56.08856088560886,34.07142857142857,-19.40546636125718,478572.9,27015288,1452394.5,-19517.0,-1.4292011939179283
2025-11-11,3253,3263,3237,3242,324368,1326892,3251.6,3278.9,3260.75,3322.95,-12.506623286459217,-11.372783083882883,-1.1338402025763337,49.01185770750988,33.785714285714285,-18.33031332856292,468145.1,26690920,1446152.65,-19179.0,-1.424813401373326
2025-11-12,3246,3270,3243,3255,343788,1311464,3252.0,3269.9,3262.9,3319.133333333333,-12.411322284547168,-11.58049092401574,-0.8308313605314286,49.80544747081712,33.857142857142854,-9.252003624762724,460274.65,27034708,1438255.6,-15428.0,-1.1627170862436476
2025-11-13,3260,3268,3243,3254,332809,1302507,3249.6,3263.5,3264.65,3315.85,-12.274988766985643,-11.71939049260972,-0.5555982743759227,50.79365079365079,33.857142857142854,-14.16834174003339,444830.0,26701899,1429381.2,-8957.0,-0.6829771919015681
2025-11-14,3255,3263,3243,3256,326342,1287025,3251.8,3258.3,3267.25,3312.9166666666665,-11.868744686081754,-11.749261331304128,-0.11948335477762662,39.51219512195122,31.714285714285715,-19.637368112599887,436756.9,27028241,1418928.5,-15482.0,-1.188630848049188
2025-11-17,3256,3256,3245,3252,100898,1284204,3251.8,3254.0,3269.1,3309.8,-11.734294255902114,-11.746267916223726,0.011973660321611845,36.94581280788177,30.428571428571427,-27.679618901805675,414823.3,26927343,1407977.15,-2821.0,-0.21918766146733493
2025-11-18,3300,3303,3273,3286,327415,1217174,3260.6,3256.1,3272.45,3307.5833333333335,-8.782980736464197,-11.153610480271821,2.3706297438076245,35.0253807106599,30.642857142857142,26.920817150547297,409140.65,27254758,1393335.95,-67030.0,-5.2195757060404695
2025-11-19,3286,3298,3274,3277,308474,1196921,3265.0,3258.5,3273.95,3305.266666666667,-7.088555833924602,-10.340599551002377,3.2520437170777754,38.54748603351956,29.071428571428573,16.24284426570065,403399.35,26946284,1378123.2,-20253.0,-1.663936298343538
2025-11-20,3274,3286,3254,3267,372816,1152598,3267.6,3258.6,3274.5,3303.016666666667,-6.477954490522279,-9.568070538906358,3.090116048384079,38.54748603351956,29.357142857142858,-10.215898672735081,398181.4,26573468,1360669.2,-44323.0,-3.703084831831005
2025-11-21,3277,3289,3260,3270,343623,1124623,3270.4,3261.1,3275.5,3301.266666666667,-5.686424042095496,-8.791741239544187,3.1053171974486915,42.60355029585799,29.0,-5.172499925426393,393865.25,26917091,1341825.55,-27975.0,-2.427125502560301
2025-11-24,3270,3315,3261,3295,521184,1082089,3279.0,3265.4,3275.3,3300.1666666666665,-3.0071745563814147,-7.634827902911633,4.627653346530218,59.146341463414636,30.071428571428573,26.053235121443052,390127.75,27438275,1321793.5,-42534.0,-3.782067412813006
2025-11-25,3297,3317,3291,3309,399805,999741,3283.6,3272.1,3275.5,3298.8333333333335,0.24303144588884606,-6.059256033151538,6.302287479040384,66.86746987951807,29.714285714285715,53.88563274178235,384902.25,27838080,1298090.7,-82348.0,-7.610094918255339
2025-11-26,3308,3310,3294,3304,302766,935189,3289.0,3277.0,3273.45,3297.7833333333333,2.3878591519878682,-4.369832996123657,6.757692148111525,62.0253164556962,28.714285714285715,56.28299361022206,371350.85,27535314,1271797.2,-64552.0,-6.45687232993345
2025-11-27,3300,3304,3281,3293,379233,876319,3294.2,3280.9,3272.2,3296.85,3.1635747718432867,-2.863151442530268,6.026726214373555,66.21621621621622,27.857142857142858,44.24181045071678,359587.8,27156081,1241948.85,-58870.0,-6.294984222440602
2025-11-28,3295,3305,3285,3302,314400,785392,3300.6,3285.5,3271.9,3295.4666666666667,4.45322575866021,-1.3998760022921726,5.8531017609523825,66.66666666666666,27.5,59.970105800669636,353752.35,27470481,1207707.5,-90927.0,-10.376016039821112
2025-12-01,3302,3331,3292,3327,397138,704586,3307.0,3293.0,3273.5,3295.15,7.4071890587747475,0.3615370099212114,7.045652048853536,75.75757575757575,28.428571428571427,97.24473571480439,347961.7,27867619,1171795.05,-80806.0,-10.288620204942244
2025-12-02,3320,3336,3319,3325,249589,630397,3310.2,3296.9,3276.5,3295.516666666667,9.47759119922057,2.184747847781083,7.292843351439487,72.72727272727272,27.642857142857142,100.28066246025149,341677.6,27618030,1133508.4,-74189.0,-10.52944566028845
2025-12-03,3323,3329,3311,3319,234619,542502,3313.2,3301.1,3279.8,3295.866666666667,10.51306192237098,3.850410662699063,6.662651259671917,70.44025157232704,27.142857142857142,76.46764827185078,331016.85,27383411,1091978.95,-87895.0,-13.942801123736315
2025-12-04,3323,3336,3306,3332,381701,1034595,3321.0,3307.6,3283.1,3296.4166666666665,12.241558222019648,5.52864017456318,6.712918047456468,72.3529411764706,27.857142857142858,75.67309550599117,336572.85,27765112,1075293.85,492093.0,90.70805268920668
2025-12-05,3332,3340,3316,3320,290472,1066744,3324.6,3312.6,3286.85,3296.5333333333333,12.4990233203539,6.9227168037213245,5.576306516632575,69.10112359550563,28.785714285714285,69.04299683751816,331340.25,27474640,1060351.65,32149.0,3.10739951381942
2025-12-08,3318,3324,3281,3291,529595,1078676,3317.4,3312.2,3288.8,3295.7166666666667,10.244911664401116,7.587155775857283,2.657755888543832,51.44508670520231,28.214285714285715,18.36957972320656,339051.75,26945045,1046981.9,11932.0,1.118543905566849
2025-12-09,3291,3296,3244,3252,603263,1108414,3302.8,3306.5,3289.3,3294.05,5.251007527522233,7.119926126190274,-1.8689185986680403,43.8423645320197,30.214285714285715,-49.79891859478626,352996.5,26341782,1036058.0,29738.0,2.7568982715847845
2025-12-10,3257,3305,3248,3282,687182,1105908,3295.4,3304.3,3290.65,3292.9333333333334,3.6717264228159365,6.430286185515407,-2.7585597626994707,53.36322869955157,32.0,-25.172820568177507,370166.2,27028964,1025780.2,-2506.0,-0.22608880797246877
2025-12-11,3270,3283,3236,3238,630010,1148348,3276.6,3298.8,3289.85,3291.2,-1.1174166241517014,4.920745623581986,-6.038162247733688,43.93939393939394,33.285714285714285,-76.95883276014386,385026.25,26398954,1018072.25,42440.0,3.8375705754909006
2025-12-12,3248,3251,3226,3232,488186,1190487,3259.0,3291.8,3288.65,3289.5,-5.335492611101472,2.8694979766452944,-8.204990587746767,37.14285714285714,31.214285714285715,-100.7478166678282,393118.45,25910768,1013245.35,42139.0,3.669532232389483
2025-12-15,3202,3247,3194,3233,706855,1224554,3247.4,3282.4,3287.7,3287.3166666666666,-8.499677585366044,0.5956628642430266,-9.09534044960907,33.62068965517241,33.142857142857146,-109.6932910263384,423416.3,26617623,1010262.85,34067.0,2.861602016653686
2025-12-16,3234,3264,3226,3246,440810,1206761,3246.2,3274.5,3285.7,3285.25,-9.84484042747772,-1.4924377941011229,-8.352402633376597,37.916666666666664,34.714285714285715,-66.93000176575096,429086.05,27058433,1009742.2,-17793.0,-1.4530188133802135
2025-12-17,3242,3253,3232,3245,286883,1199948,3238.8,3267.1,3284.1,3282.633333333333,-10.866323105171887,-3.3672148563152757,-7.499108248856611,39.565217391304344,34.57142857142857,-63.878901874319396,428006.5,26771550,1009893.55,-6813.0,-0.5645691234635541
2025-12-18,3246,3294,3241,3277,586127,1189556,3246.6,3261.6,3284.6,3280.75,-8.9900907517399,-4.491790035400201,-4.498300716339698,45.0592885375494,36.92857142857143,-21.449385246871877,438672.05,27357677,1011741.45,-10392.0,-0.8660375282928956
2025-12-19,3277,3279,3257,3269,279994,1191178,3254.0,3256.5,3284.55,3279.3333333333335,-8.0558336001709,-5.204598748354341,-2.8512348518165584,37.71186440677966,35.714285714285715,-24.64509328214348,435490.6,27077683,1015069.2,1622.0,0.13635339572075633
2025-12-22,3268,3288,3256,3277,344532,1188551,3262.8,3255.1,3283.65,3277.7166666666667,-6.593884736689233,-5.48245594602132,-1.1114287906679134,40.082644628099175,36.785714285714285,-15.034056635313611,426658.0,27422215,1020392.3,-2627.0,-0.22053798844504646
2025-12-23,3271,3295,3271,3281,303242,1198397,3269.8,3258.0,3282.25,3276.0666666666666,-5.054250900779152,-5.396814936972886,0.34256403619373366,42.08333333333333,37.214285714285715,0.2360464496381476,421829.85,27725457,1030325.1,9846.0,0.8284036612648427
2025-12-24,3281,3291,3265,3285,363464,1229562,3277.8,3258.3,3281.3,3275.15,-3.471298454972384,-5.011711640572786,1.5404131856004017,39.82683982683982,36.92857142857143,-1.1675065284450004,424864.75,28088921,1045043.75,31165.0,2.600557244385615
2025-12-25,3289,3291,3280,3280,248652,1238912,3278.4,3262.5,3280.65,3273.866666666667,-2.590394989397282,-4.527448310337685,1.9370533209404028,41.07142857142856,36.0,4.872938114342604,418335.7,27840269,1063173.4,9350.0,0.7604333901015226
2025-12-26,3280,3288,3253,3283,490404,1232390,3281.2,3267.6,3279.7,3272.616666666667,-1.6313920464035618,-3.9482370575508603,2.3168450111472985,47.97979797979798,35.42857142857143,-7.751901916163481,427135.9,28330673,1085523.3,-6522.0,-0.5264296414918879
2025-12-29,3284,3308,3280,3287,511982,1276297,3283.2,3273.0,3277.7,3272.1833333333334,-0.5423567828456726,-3.267061002609823,2.7247042197641504,60.736196319018404,33.714285714285715,22.406351974828862,432878.1,28842655,1114108.85,43907.0,3.562752050892981
2025-12-30,3285,3298,3278,3282,311439,1283319,3283.4,3276.6,3275.55,3272.0666666666666,-0.08180372127890223,-2.630009546343639,2.548205825064737,50.0,31.071428571428573,17.613165370700965,435970.6,28531216,1146754.95,7022.0,0.5501854192245137
2025-12-31,3285,3292,3262,3270,364579,1267557,3280.4,3279.1,3273.1,3272.35,-0.6773042716613418,-2.2394684914071794,1.5621642197458376,65.09433962264151,29.857142857142858,1.3850725685760334,442468.6,28166637,1183007.7,-15762.0,-1.2282215100064775
