时间,开盘,最高,最低,收盘,成交量,持仓量,涨跌,涨跌幅,成交额,MA5,MA10,MA20,MA60,EMA20,ATR14,RSI14,MACD,MACD_SIGNAL,MACD_HIST,BOLL_UP,BOLL_LOW,BOLL_MID,BOLL_WIDTH,KDJ_K,KDJ_D,KDJ_J,WILLIAMS_R14,CCI20,STOCH_RSI,VOL_MA20,OBV,OI_MA20,OI_CHANGE,OI_CHANGE_PCT
2024-12-26,44000,44000,41010,41570,301655,31271,,,,41570.0,41570.0,41570.0,41570.0,41570.0,2990.0,0.0,0.0,0.0,0.0,41570.0,41570.0,41570.0,0.0,18.729096989966557,18.729096989966557,18.729096989966557,-81.27090301003345,0.0,0.0,301655.0,0,31271.0,0.0,0.0
2024-12-27,41600,42160,41225,41950,172813,32846,,,,41760.0,41760.0,41760.0,41760.0,41606.19047619047,1962.5,99.99999999994736,30.313390313385753,6.062678062677151,24.250712250708602,42297.40115370178,41222.59884629822,41760.0,1074.802307403559,22.965440356744704,20.14121144555927,28.613898179115566,-68.56187290969899,-35.35533905932738,100.0,237234.0,172813,32058.5,1575.0,5.036615394454924
2024-12-30,41900,43010,41750,42535,136506,35565,,,,42018.333333333336,42018.333333333336,42018.333333333336,42018.333333333336,41694.64852607709,1728.3333333333333,99.9999999999689,100.38441246419097,24.927024942979916,75.45738752121106,42990.56444440381,41046.10222226286,42018.333333333336,1944.4622221409518,32.31140839836492,24.197943763161156,48.53833766877244,-48.99665551839465,44.94871571776152,100.0,203658.0,309319,33227.333333333336,2719.0,8.278024721427268
2024-12-31,42570,42705,42230,42465,74312,31540,,,,42130.0,42130.0,42130.0,42130.0,41768.01533311737,1415.0,93.23671497584542,148.5553339502585,49.65268674443564,98.90264720582286,43040.86039910991,41219.13960089009,42130.0,1821.720798219816,37.76167471819646,28.71918741483959,55.8466493249102,-51.33779264214047,39.304922900257566,93.23671497587442,171321.5,235007,32805.5,-4025.0,-11.317306340503308
2025-01-02,42315,42680,42315,42570,36858,30447,,,,42218.0,42218.0,42218.0,42218.0,41844.39482520144,1205.0,93.85964912280701,192.9792144997482,78.31799229549816,114.66122220425004,43099.54977170889,41336.45022829111,42218.0,1763.0995434177748,42.56575415995706,33.33470966321208,61.02784315344701,-47.82608695652174,39.7141096695407,93.8596491228362,144428.8,271865,32333.8,-1093.0,-3.4654407102092555
2025-01-03,42570,42780,42365,42560,37079,29242,,,,42416.0,42275.0,42275.0,42275.0,41912.54769899178,1073.3333333333333,93.04347826086956,224.78733499292866,107.61186083498427,117.1754741579444,43111.468768095976,41438.531231904024,42275.0,1672.937536191952,45.65699106761909,37.44213679801442,62.08669960682843,-48.16053511705686,40.48068978127496,93.0434782608985,126537.16666666667,234786,31818.5,-1205.0,-3.957696981640224
2025-01-06,42600,43600,42560,43325,68310,31663,,,,42691.0,42425.0,42425.0,42425.0,42047.066965754464,1068.5714285714287,95.822454308094,308.1721891115958,147.72392649030658,160.44826262128922,43526.3930572991,41323.6069427009,42425.0,2202.7861145982024,56.24624376637259,43.710172454133804,81.31838639085016,-22.5752508361204,85.82580426253959,95.8224543081238,118219.0,303096,31796.285714285714,2421.0,8.279187470077275
2025-01-07,43325,43450,42765,43185,39615,30357,,,,42821.0,42520.0,42520.0,42520.0,42155.44154044452,1020.625,89.29440389294405,358.8221780750973,189.94357680726472,168.8786012678326,43672.63672879682,41367.36327120318,42520.0,2305.273457593634,61.74498748304438,49.721777463770664,85.79140752159182,-27.25752508361204,65.92672615540633,89.29440389297181,108393.5,263481,31616.375,-1306.0,-4.124688121782527
2025-01-08,43185,43390,42650,42700,30253,28183,,,,42868.0,42540.0,42540.0,42540.0,42207.30425087837,989.4444444444445,72.24409448818898,355.72661754137516,223.10018495408684,132.62643258728832,43624.850220076485,41455.149779923515,42540.0,2169.7004401529703,60.00390469884118,53.14915320879417,73.71340767893521,-43.47826086956522,38.07784475731139,72.24409448821145,99711.22222222222,233228,31234.88888888889,-2174.0,-7.161445465625715
2025-01-09,43000,43000,42165,42575,36908,27681,,,,42869.0,42543.5,42543.5,42543.5,42242.32289365186,974.0,68.85553470919325,339.27594626804785,246.33533721687905,92.94060905116879,43566.54610518458,41520.45389481542,42543.5,2046.0922103691555,58.94997155361342,55.082759323733924,66.68439601337244,-47.65886287625418,0.615404146199743,68.85553470921467,93430.9,196320,30879.5,-502.0,-1.781215626441468
2025-01-10,42660,43480,42435,43070,33598,26973,,,,42971.0,42693.5,42591.36363636364,42591.36363636364,42321.14928473264,980.4545454545455,73.73417721518987,362.0080306405798,269.4698759016192,92.5381547389606,43612.520734063015,41570.206538664264,42591.36363636364,2042.3141953987506,63.08376481952607,57.749761155664636,73.75177214724893,-31.103678929765888,45.70093720537788,73.7341772152128,87991.54545454546,229918,30524.363636363636,-708.0,-2.5577110653516866
2025-01-13,43270,43480,42865,43385,22370,26759,,,,42983.0,42837.0,42657.5,42657.5,42422.46840047239,950.0,76.11510791366906,400.8208257399747,295.74006586929033,105.08075987068435,43733.5660675898,41581.4339324102,42657.5,2152.132135179607,70.39498374727987,61.96483535286971,87.25528053610017,-20.568561872909697,65.95157429845082,76.11510791369273,82523.08333333333,252288,30210.583333333332,-214.0,-0.7933859785711594
2025-01-14,43305,43850,43120,43650,34850,28130,,,,43076.0,42948.5,42733.846153846156,42733.846153846156,42539.37617185597,933.0769230769231,77.80748663101605,447.8015532310601,326.15236334164433,121.64918988941577,43901.972530044055,41565.71977764826,42733.846153846156,2336.252752395798,76.30684376425977,66.74550482333306,95.42952164611316,-11.705685618729097,83.30703891984545,77.80748663104023,78855.92307692308,287138,30050.53846153846,1371.0,5.1235098471542395
2025-01-15,43550,44640,43550,44225,79215,30974,,,,43381.0,43124.5,42840.357142857145,42840.357142857145,42699.911774536355,944.2857142857143,80.76477404403244,525.3756097755759,365.99701262843064,159.37859714714523,44216.893846582585,41463.820439131705,42840.357142857145,2753.07340745088,78.61533692028092,70.70211552231568,94.44177971621141,-11.432506887052341,109.1009756597205,80.76477404405755,78881.57142857143,366353,30116.5,2844.0,10.110202630643439
2025-01-16,44235,44445,43800,44130,29190,29862,,,,43692.0,43280.5,42926.333333333336,42926.333333333336,42836.11065315194,776.7857142857143,79.02494331065759,572.587470489656,407.3151042006757,165.27236628898027,44410.59104423833,41442.07562242834,42926.333333333336,2968.5154218099924,78.87487107816708,73.42636737426614,89.77187848596895,-14.93411420204978,90.52670569067861,32.65237822039702,75568.8,337163,30099.533333333333,-1112.0,-3.590107832375544
2025-01-17,44130,45190,44015,44940,63067,33745,,,,44066.0,43518.5,43052.1875,43052.1875,43036.48106713747,793.9285714285714,80.88842975206612,667.666991328435,459.3854816262276,208.28150970220736,44804.29087879932,41300.08412120068,43052.1875,3504.206757598644,83.16175978213893,76.6714981768904,96.14228299263601,-7.267441860465116,107.29634475626108,38.635741312395425,74787.4375,400230,30327.375,3883.0,13.003147813274385
2025-01-20,44505,45060,44505,44705,22940,31434,,,,44330.0,43656.5,43149.41176470588,43149.41176470588,43195.387632171994,743.5714285714286,74.16481069042317,715.8043140217342,510.66924810532896,205.1350659164052,45025.784203592084,41273.03932581968,43149.41176470588,3752.7448777724057,83.43015390434607,78.92438341937562,92.44169487428698,-16.03305785123967,93.61517267338643,19.688106985146124,71737.58823529411,377290,30392.470588235294,-2311.0,-6.848421988442732
2025-01-21,44780,44850,43940,44265,33834,27276,,,,44453.0,43764.5,43211.38888888889,43211.38888888889,43297.25547672704,774.6428571428571,68.51851851851852,710.2617114136738,550.587740766998,159.6739706466758,45106.17990811395,41316.597869663834,43211.38888888889,3789.582038450113,78.76059847066598,78.8697884364724,78.54221853905315,-30.578512396694215,64.73351336359859,0.0,69631.83333333333,343456,30219.333333333332,-4158.0,-13.227715212826874
2025-01-22,44000,44185,43360,43770,29641,25171,,,,44362.0,43871.5,43240.78947368421,43240.78947368421,43342.2787646578,813.2142857142857,61.42857142857143,658.3378864482365,572.1377699032457,86.2001165449908,45099.947775347435,41381.63117202099,43240.78947368421,3718.3166033264424,68.65951573785475,75.46636420359985,55.04581880636454,-46.94214876033058,30.949777905325178,0.0,67527.05263157895,313815,29953.63157894737,-2105.0,-7.7174072444640025
2025-01-23,43760,43965,43315,43380,17719,23863,,,,44212.0,43952.0,43247.75,43247.75,43345.87126326182,830.0,57.28241563055062,579.0432898348809,573.5188738895728,5.524415945308078,45058.392441961296,41437.107558038704,43247.75,3621.2848839225917,53.15652303670604,68.02975048130192,23.410068147514295,-59.83471074380165,17.949643207943982,0.0,65036.65,296096,29649.1,-1308.0,-5.196456239323033
2025-01-24,43310,43770,42965,43195,21936,22291,,,,43863.0,43964.5,43329.0,43245.23809523809,43331.5025715226,813.2142857142857,48.712871287128706,495.56127494025714,557.9273540997096,-62.36607915945251,44959.52655363391,41698.47344636609,43329.0,3261.053107267813,38.88337490836582,58.314291956989884,0.021540811117702674,-65.9504132231405,0.4438442510593454,0.0,51050.7,274160,29200.1,-1572.0,-6.587604240875001
2025-01-27,43325,43735,43100,43730,10720,21281,,,,43668.0,43999.0,43418.0,43267.27272727273,43369.45470756806,809.6428571428571,55.004591368227736,467.1857786559631,539.7790390109603,-72.59326035499726,44920.92136573373,41915.07863426627,43418.0,3005.8427314674627,37.38292409621392,51.33716933673123,9.474433615179308,-48.264462809917354,8.970590277781,19.554346159850773,42946.05,284880,28621.85,-1010.0,-4.53097662733839
2025-02-05,43540,44140,42820,43200,16243,21144,,,,43455.0,43954.0,43451.25,43264.34782608696,43353.31616399015,851.0714285714286,54.553734061930776,397.3510077362953,511.29343275602736,-113.94242501973207,44900.3799567599,42002.1200432401,43451.25,2898.259913519796,30.266534488896482,44.31362438745298,2.1723546917834824,-65.78512396694215,-3.6483219625367864,18.15310457211494,36932.9,268637,27900.8,-137.0,-0.6437667402847569
2025-02-06,43200,43880,43180,43795,14408,21881,,,,43460.0,43911.0,43517.75,43286.458333333336,43395.38129122918,841.4285714285714,60.234899328859065,385.57332672816847,486.14941155045557,-100.5760848222871,44896.683512385185,42138.816487614815,43517.75,2757.8670247703703,33.89076982804069,40.83933953431555,19.99363041549097,-50.635208711433755,9.30808237078678,35.809877408301176,33937.7,283045,27417.85,737.0,3.4856223987892454
2025-02-07,43800,44645,43740,44105,29414,23491,,,,43605.0,43908.5,43594.5,43319.2,43462.964025397836,831.4285714285714,58.961038961038966,396.6811455767529,468.25575835571505,-71.57461277896215,44921.20902691783,42267.79097308217,43594.5,2653.4180538356595,41.715870361550934,41.13151647672734,42.88457813119811,-45.780590717299575,46.11749487971906,31.85078414436215,33565.5,312459,27070.05,1610.0,7.357981810703351
2025-02-10,44000,44555,43805,44435,15906,22558,,,,43853.0,43858.0,43688.25,43362.11538461538,43555.53888012185,841.0714285714286,59.067357512953365,427.1880561210637,460.0422179087848,-32.85416178772107,44971.4379502978,42405.0620497022,43688.25,2566.3759005955944,54.329463656469095,45.530832203307924,71.92672656279143,-31.856540084388186,49.729044268307995,32.181216798795354,32506.85,328365,26735.85,-933.0,-3.971733855519133
2025-02-11,44500,44550,43705,43870,17071,20978,,,,43881.0,43774.5,43715.5,43380.92592592593,43585.48755820548,849.2857142857143,51.80623973727422,401.1500167341728,448.2637776738624,-47.1137609396896,44989.32102353509,42441.67897646491,43715.5,2547.642047070185,55.39772462942688,48.81979634534758,68.5535811975855,-55.69620253164557,27.968556491526776,9.614031885464987,29944.9,311294,26201.6,-1580.0,-7.0041670360847625
2025-02-12,43810,44275,43800,43915,10612,21113,,,,44024.0,43739.5,43752.0,43400.0,43616.86969551925,805.3571428571429,47.21223021582734,379.76807685288077,434.5646375096661,-54.796560656785346,45003.45557357486,42500.54442642514,43752.0,2502.9111471497163,56.93181641961792,51.52380303677103,67.7478431853117,-53.79746835443038,21.056040895105927,0.0,28494.75,321906,25739.4,135.0,0.6435313185241709
2025-02-13,43950,44150,43620,43810,10801,20722,,,,44027.0,43743.5,43807.5,43414.137931034486,43635.26305785075,797.1428571428571,47.12746858168761,350.3119350444322,417.71409701661935,-67.40216197218717,44956.79955785435,42658.20044214565,43807.5,2298.5991157086974,56.0367360605672,53.02811404470309,62.05398009229543,-58.22784810126582,5.720360070260747,0.0,27522.15,311105,25366.35,-391.0,-1.8519395633022295
2025-02-14,44100,44260,43845,44150,10245,20607,,,,44036.0,43820.5,43886.25,43438.666666666664,43684.28562376973,745.3571428571429,42.25490196078431,350.36410958146735,404.244099529589,-53.87998994812165,44886.08617079052,42886.41382920948,43886.25,1999.672341581041,61.65006148330051,55.90209652423556,73.14599140143042,-40.625,22.364032739248362,0.0,26189.0,321350,25012.65,-115.0,-0.5549657368979832
2025-02-17,44100,44360,43915,44270,11211,21064,,,,44003.0,43928.0,43946.25,43465.48387096774,43740.067945315466,737.5,45.63691073219658,355.9848832548523,394.5922562746417,-38.60737301978941,44881.7986709891,43010.7013290109,43946.25,1871.097341978195,67.5840592537072,59.796084100726105,83.16000955966936,-28.571428571428573,28.89054489562892,12.877163219230471,25069.65,332561,24717.2,457.0,2.2176930169359954
2025-02-18,44270,44400,44085,44160,8338,20826,,,,44061.0,43971.0,43985.0,43487.1875,43780.06147433304,695.0,48.872180451127825,347.55688675104466,385.18518236992236,-37.6282956188777,44886.238913356145,43083.761086643855,43985.0,1802.4778267122892,67.35410548654428,62.3154245626655,77.43146733430186,-26.575342465753426,28.97583892139863,34.51232171004579,24368.05,324223,24420.55,-238.0,-1.1298898594758855
2025-02-19,44270,44275,44015,44060,6023,20673,,,,44090.0,44057.0,44005.5,43504.545454545456,43806.722286301316,648.9285714285714,53.40375586854461,329.015785367701,373.9513029694781,-44.935517601777065,44893.20490592313,43117.79509407687,44005.5,1775.409811846257,59.21168008046042,61.280843068597136,55.07335410418699,-32.054794520547944,13.733725346567406,62.006982979631466,22926.7,318200,24047.7,-153.0,-0.7346585998271427
2025-02-20,43950,44080,43660,43765,12769,21133,,,,44081.0,44054.0,43982.5,43512.205882352944,43802.748735224995,632.5,54.621848739495796,287.2070502626011,356.6024524281027,-69.3954021655016,44870.09580654117,43094.90419345883,43982.5,1775.1916130823374,44.64379385043172,55.73515999587533,22.46106155954449,-48.21917808219178,-20.125573990431462,68.78169404334959,19604.4,305431,23555.65,460.0,2.2251245586029977
2025-02-21,43860,44100,43555,43825,9263,20748,,,,44016.0,44026.0,43967.25,43521.142857142855,43804.86790329881,613.9285714285714,57.79702970297029,255.96422873852134,336.4748076901864,-80.51057895166508,44854.65588826439,43079.84411173561,43967.25,1774.8117765287752,38.80775536427441,50.092691785341685,16.23788252213987,-44.93150684931507,-19.26974457588338,86.4412125542496,18608.05,314694,23099.95,-385.0,-1.8217952964557749
2025-02-24,43690,43920,43610,43900,5589,20892,,,,43942.0,43972.5,43915.25,43531.666666666664,43813.92810298464,590.7142857142857,52.37430167597765,234.552169382172,316.09028002858355,-81.53811064641155,44675.41255186845,43155.08744813155,43915.25,1520.3251037369046,39.481304365137575,46.55556264527365,25.33278780486542,-40.821917808219176,-17.36027180262016,56.28143045872366,15734.15,320283,22457.3,144.0,0.6940427993059606
2025-02-25,43840,44065,43710,43835,10150,20268,,,,43877.0,43969.0,43871.75,43539.86486486487,43815.93495031944,521.7857142857143,60.19261637239165,209.91819502170983,294.8558630272088,-84.93766800549895,44535.02159635123,43208.47840364877,43871.75,1326.543192702462,37.36623446827712,43.49245325294147,25.113796898948408,-55.2901023890785,-3.1908009033397287,99.76483335563499,15094.65,310133,21899.0,-624.0,-2.9867892016082753
2025-02-26,43805,44600,43660,44515,24931,22666,,,,43968.0,44029.0,43884.25,43565.52631578947,43882.51257409854,538.9285714285714,61.25,242.47085676183633,284.3788617741343,-41.90800501229796,44586.97608274378,43181.52391725622,43884.25,1405.452165487557,55.5328325482294,47.50591301803745,71.5866716086133,-11.926605504587156,64.31711532974899,100.0,14649.5,335064,21668.5,2398.0,11.831458456680476
2025-02-27,44500,44795,44310,44550,15975,22751,,,,44125.0,44103.0,43923.25,43590.769230769234,43946.08280513678,508.92857142857144,57.60683760683761,268.00390106807026,281.1038696329215,-13.099968564851224,44683.50117040703,43162.99882959297,43923.25,1520.502340814055,63.769200193443254,52.92700874317272,85.45358309398432,-19.758064516129032,96.6308952130852,80.82051282051283,13966.2,351039,21547.5,85.0,0.37501102973616085
2025-02-28,44535,44620,44155,44265,8912,21465,,,,44213.0,44114.5,43967.5,43607.625,43976.455871314225,488.57142857142856,47.048611111111114,262.21920471462363,277.32693664926194,-15.10773193463831,44697.01678311201,43237.98321688799,43967.5,1459.033566224025,61.59882163433852,55.81761304022798,73.1612388225596,-42.74193548387097,58.8451733377482,25.23655913978498,13525.85,342127,21427.6,-1286.0,-5.652498791261918
2025-03-03,44265,44480,44125,44390,6564,21668,,,,44311.0,44126.5,44027.25,43626.70731707317,44015.84102642715,453.57142857142856,60.65573770491803,264.67029213326896,274.79560774606335,-10.125315612794395,44682.31508314662,43372.18491685338,44027.25,1310.1301662932383,63.512117648698805,58.38244790971826,73.77145712665991,-32.66129032258065,53.45646402016338,96.87149656266524,12757.25,348691,21396.45,203.0,0.9457255998136516
2025-03-04,44290,44415,43800,44100,8341,21212,,,,44364.0,44120.5,44045.75,43637.97619047619,44023.85616676742,463.57142857142856,53.44506517690875,240.44057096972392,267.9246003907955,-27.48402942107157,44686.20440283072,43405.29559716928,44045.75,1280.9088056614419,56.99194940020781,57.91894840654811,55.13795138752721,-56.04838709677419,11.272780964501006,58.91079473779059,12638.3,340350,21393.0,-456.0,-2.1044858777921394
2025-03-05,44100,44145,43800,43875,8253,22081,,,,44236.0,44102.0,44079.5,43643.48837209302,44009.67938898005,450.35714285714283,51.15864527629233,200.76838976216095,254.4933582650686,-53.72496850290764,44590.3187442466,43568.6812557534,44079.5,1021.6374884932011,46.596783471106285,54.144893428067505,31.500563557183852,-74.19354838709677,-28.68292995000183,46.87390029325513,12238.8,332097,21439.85,869.0,4.096737695643982
2025-03-06,43905,44480,43720,44400,19426,24043,,,,44206.0,44165.5,44109.75,43660.681818181816,44046.85278050575,472.5,54.180602006688964,209.27857953102648,245.45040251826018,-36.171822987233696,44621.28509937709,43598.21490062291,44109.75,1023.0701987541834,53.28674453629308,53.85884379747603,52.14254601392719,-31.85483870967742,24.607137467628014,54.721337513331086,12489.7,351523,21547.95,1962.0,8.8854671436982
2025-03-07,44400,44450,43980,44015,8087,23011,,,,44156.0,44184.5,44105.25,43668.555555555555,44043.81918236235,474.2857142857143,46.082949308755765,182.84891533818154,232.93010508224447,-50.081189744062925,44618.54149407986,43591.95850592014,44105.25,1026.5829881597165,45.95034070407792,51.22267609967666,35.40566991288043,-62.903225806451616,12.091005498023756,0.0,11423.35,343436,21523.95,-1032.0,-4.292309611945266
2025-03-10,44060,44200,43815,43850,7812,23847,,,,44048.0,44179.5,44076.0,43672.5,44025.36021261355,479.2857142857143,45.31722054380664,146.89577199236373,215.72323846426832,-68.82746647190459,44576.69005014658,43575.30994985342,44076.0,1001.3801002931577,36.2135898379609,46.219647345771406,16.20147482233989,-76.20967741935483,-31.95074640976163,0.0,11018.65,335624,21588.4,836.0,3.633045065403495
2025-03-11,43900,44180,43900,44150,8147,24000,,,,44058.0,44211.0,44090.0,43682.65957446808,44037.230668555116,484.2857142857143,51.282051282051285,140.98495288105187,200.77558134762504,-59.79062846657317,44582.02053872406,43597.97946127594,44090.0,984.0410774481134,37.4757265586406,43.30500708339447,25.817165509132863,-52.016129032258064,-2.1946268301893435,37.43747758917234,10572.45,343771,21739.5,153.0,0.6415901371241706
2025-03-12,44160,44255,43910,44050,6314,24087,,,,44093.0,44164.5,44096.75,43690.3125,44038.446795359385,478.92857142857144,54.29864253393666,126.7700951399238,185.9744841060848,-59.20438896616099,44582.32372468582,43611.17627531418,44096.75,971.1474493716378,37.20603992798262,41.27201803159052,29.074083720766822,-60.08064516129032,-4.391382012165359,56.37071682831068,10357.55,337457,21888.2,87.0,0.36249999999999893
2025-03-13,44060,44230,43950,44120,6781,24270,,,,44037.0,44121.5,44112.25,43699.08163265306,44046.21376722992,460.0,54.43609022556391,119.77247046935372,172.73408137873858,-52.96161090938486,44578.69766164343,43645.80233835657,44112.25,932.8953232868662,42.34788626777788,41.63064077698631,43.78237724936102,-56.962025316455694,-0.32418009246713153,57.23338923274055,10156.55,344238,22065.6,183.0,0.7597459210362478
2025-03-14,43995,44185,43750,43770,12131,25293,,,,43988.0,44072.0,44093.25,43700.5,44019.90769416041,468.92857142857144,48.19444444444444,85.00484463949397,155.18823403088965,-70.18338939139568,44583.56971309812,43602.93028690188,44093.25,980.6394261962414,30.42490663465894,37.89539606287719,15.483927778222437,-90.30837004405286,-48.10974678278472,18.05851834294595,10250.85,332107,22299.9,1023.0,4.215080346106315
2025-03-17,43780,43780,43070,43220,25926,27936,,,,43862.0,43955.0,44040.75,43691.07843137255,43943.72600900227,494.2857142857143,42.47246022031823,12.921891699974367,126.7349655647066,-113.81307386473223,44659.43515077499,43422.06484922501,44040.75,1237.3703015499777,23.82937038055277,33.20672083543572,5.074669470786873,-91.30434782608695,-135.7043977775011,0.0,10986.6,306181,22643.5,2643.0,10.449531490926333
2025-03-18,43220,43495,42480,43080,37040,29242,,,,43648.0,43853.0,43986.75,43679.32692307692,43861.466389097295,499.64285714285717,29.760225669957677,-54.868705522727396,90.4142313472198,-145.2829368699472,44736.29916274279,43237.20083725721,43986.75,1499.0983254855819,25.886246920368514,30.76656286374665,16.12561503361225,-74.08207343412526,-142.58562025116987,0.0,12421.7,269141,23064.3,1306.0,4.674971363115699
2025-03-19,43135,43660,42700,43610,25441,29415,,,,43560.0,43826.5,43964.25,43678.018867924526,43837.51720918327,533.5714285714286,38.366336633663366,-65.07651012145652,59.31608305348453,-124.39259317494106,44731.351688174385,43197.148311825615,43964.25,1534.2033763487707,36.37763331070252,32.63691967939861,43.859060573310344,-47.19626168224299,-84.73767228567054,27.855537574413056,13392.6,294582,23501.4,173.0,0.5916148006292365
2025-03-20,43610,43990,43355,43695,27964,28956,,,,43475.0,43756.0,43960.75,43678.333333333336,43823.94414164201,545.7142857142857,42.57812500000001,-65.5518383954186,34.34249876370391,-99.8943371591225,44732.30533280442,43189.19466719558,43960.75,1543.1106656088377,47.06865694891905,37.447498769238756,66.31097330827963,-39.25,-35.171265276239176,41.487900623035515,14152.35,322546,23892.55,-459.0,-1.5604283528811824
2025-03-21,43790,43890,43340,43515,13387,29108,,,,43424.0,43706.0,43945.25,43675.36363636364,43794.52089005706,559.6428571428571,38.767650834403085,-79.53619144887489,11.566760721188148,-91.10295217006303,44740.383057385596,43150.116942614404,43945.25,1590.2661147711915,50.81572435092255,41.903573963133354,68.64002512650094,-48.25,-45.68919883831644,36.50297700470627,14358.55,309159,24310.55,152.0,0.5249343832020914
2025-03-24,43550,43750,43405,43640,9043,28148,,,,43508.0,43685.0,43932.25,43674.732142857145,43779.804614813525,540.3571428571429,43.83378016085791,-79.6146880981687,-6.669529042683223,-72.94515905548548,44738.91614107566,43125.58385892434,43932.25,1613.3322821513138,55.661187125967146,46.489445017411285,74.00467134307885,-42.0,-41.43493979715928,57.03368349743513,14531.25,318202,24673.35,-960.0,-3.298062388346845
2025-03-25,43640,43860,43600,43795,9404,27517,,,,43651.0,43649.5,43930.25,43676.84210526316,43781.25179435509,534.2857142857143,48.90710382513661,-66.40422606444918,-18.616468447036414,-47.787757617412765,44738.128801488645,43122.371198511355,43930.25,1615.75760297729,62.15507713159714,51.711322388806565,83.0425866171783,-34.25,-20.877467236175363,77.59354535291797,14493.95,327606,25035.8,-631.0,-2.241722324854345
2025-03-26,43840,43990,43600,43640,12352,27277,,,,43657.0,43608.5,43886.5,43676.206896551725,43767.79924251175,507.85714285714283,38.44984802431612,-67.66207802019926,-28.425590361668988,-39.23648765853027,44654.848194094586,43118.151805905414,43886.5,1536.6963881891716,64.11511495967667,55.845919912429935,80.65350505417015,-41.11675126903553,-18.985151441726067,35.215067479304196,13865.0,315254,25266.35,-240.0,-0.8721881019006394
2025-03-27,43680,43880,43560,43760,7933,27255,,,,43670.0,43572.5,43847.0,43677.627118644064,43767.056457510625,497.14285714285717,45.78512396694215,-58.30384718187997,-34.40124172571119,-23.902605456168786,44550.191222027715,43143.808777972285,43847.0,1406.3824440554308,70.99948061329438,60.89710681271808,91.20422821444697,-27.887323943661972,-16.32162408409002,64.9415880074755,13462.9,323187,25491.55,-22.0,-0.08065403086849887
2025-03-28,43760,43850,43510,43650,7080,27368,,,,43697.0,43560.5,43816.25,43677.166666666664,43755.90822346199,493.92857142857144,46.63299663299664,-59.082397411897546,-39.33747286294846,-19.744924548949086,44495.86966918037,43136.63033081963,43816.25,1359.2393383607414,73.16080164506602,64.98500509016739,89.51239475486327,-34.08450704225352,-21.647396772228305,68.37762837049432,13371.3,316107,25786.7,113.0,0.4146028251696965
2025-03-31,43635,43635,43285,43460,9308,27527,,,,43661.0,43584.5,43769.75,43708.666666666664,43727.726487894186,496.42857142857144,37.93706293706294,-74.17576414582436,-46.30513111952364,-27.870633026300723,44410.2142641742,43129.2857358258,43769.75,1280.928528348406,68.41211065743418,66.12737361258965,72.98158474712324,-44.7887323943662,-48.73099653230579,33.1369839086247,13508.5,306799,26079.65,159.0,0.5809704764688783
2025-04-01,43500,43650,43325,43560,7083,26637,,,,43614.0,43632.5,43742.75,43735.5,43711.752536666165,495.0,41.433566433566426,-77.17853564224788,-52.47981202406849,-24.698723618179393,44369.98683934505,43115.51316065495,43742.75,1254.4736786901049,58.61043783781664,63.62172835433198,48.58785680478596,-38.285714285714285,-36.570165593522624,47.306714369838055,13445.6,313882,26350.9,-890.0,-3.2331892323900213
2025-04-02,43500,43780,43425,43680,11281,28096,,,,43622.0,43639.5,43733.0,43754.583333333336,43708.728485555104,500.35714285714283,42.439862542955325,-69.07895734865451,-55.799641088985695,-13.279316259668818,44357.638000428204,43108.361999571796,43733.0,1249.2760008564073,57.74974815665317,61.66440162177237,49.920441226414766,-29.618768328445746,-15.621927340489993,66.2229987062826,13597.0,325163,26651.65,1459.0,5.477343544693469
2025-04-03,43570,43775,43370,43650,14315,31402,,,,43600.0,43635.0,43695.5,43774.333333333336,43703.13529645462,498.2142857142857,47.68339768339768,-64.33907170724706,-57.50752721263797,-6.831544494609091,44235.9082277608,43155.0917722392,43695.5,1080.8164555216063,55.75751531956547,59.69543952103674,47.88166691662293,-22.516556291390728,-16.672615037137746,93.60884770968298,13341.45,310848,27019.6,3306.0,11.766799544419126
2025-04-07,43050,43635,42865,43265,23305,31402,,,,43523.0,43610.0,43658.0,43785.916666666664,43661.408125363705,503.57142857142856,50.92783505154639,-90.60452800863277,-64.12692737183693,-26.47760063679584,44209.04111987171,43106.95888012829,43658.0,1102.082239743424,49.023528731562166,56.13813592454522,34.79431434559605,-48.01324503311258,-69.0680177678503,100.00000000000001,14102.35,287543,27439.15,0.0,0.0
2025-04-08,43280,43420,40880,42405,54034,35997,,,,43312.0,43486.5,43585.75,43783.333333333336,43541.7502086624,612.5,39.268680445151034,-178.75433533297473,-87.0524089640645,-91.70192636891024,44363.20384022732,42808.29615977268,43585.75,1554.9076804546348,49.02747574601465,53.76791586503503,39.54659550797389,-50.964630225080384,-158.97507047537434,10.250487779733044,16413.45,233509,28046.65,4595.0,14.632825934653848
2025-04-09,42000,42340,41100,42245,31051,35983,,,,43049.0,43331.5,43490.5,43765.333333333336,43418.250188789796,637.1428571428571,25.405405405405403,-258.54402101064625,-121.35073137338085,-137.1932896372654,44427.33060312276,42553.66939687724,43490.5,1873.6612062455242,47.8516504973431,51.79582740913772,39.963296673753874,-56.10932475884244,-143.5894557753566,0.0,17558.65,202458,28645.8,-14.0,-0.03889212989971469
2025-04-10,42885,43300,42100,42190,21615,36458,,,,42751.0,43186.5,43397.5,43748.75,43301.27398033362,677.5,22.58652094717668,-322.4984012878922,-161.58026535628312,-160.91813593160907,44461.17040799399,42333.82959200601,43397.5,2127.3408159879764,46.6036817008101,50.06511217302852,39.68082075637325,-57.87781350482315,-75.69313733510606,0.0,18323.7,180843,29264.35,475.0,1.3200678097990748
2025-04-11,41700,42085,41350,41835,27028,37060,,,,42388.0,42994.0,43283.25,43734.333333333336,43161.62883934947,698.2142857142857,21.23287671232876,-397.24900234514644,-208.7140127540558,-188.53498959109064,44500.01566528256,42066.48433471744,43283.25,2433.5313305651216,42.04613262812627,47.39211899139444,31.354159901589938,-69.29260450160771,-117.38416468898194,0.0,19336.05,153815,29903.85,602.0,1.6512150968237327
2025-04-14,42080,42150,41410,41550,23043,40140,,,,42045.0,42784.0,43172.25,43717.25,43008.140378459044,726.4285714285714,16.07142857142857,-474.0222766510269,-261.77566553345,-212.2466111175769,44590.42330616388,41754.07669383612,43172.25,2836.3466123277612,35.73190451070487,43.50538083116459,20.184951869785436,-78.45659163987138,-101.96378962546997,0.0,19881.65,130772,30646.2,3080.0,8.310847274689692
2025-04-15,41500,41580,40115,40485,65060,49439,,,,41661.0,42486.5,43035.5,43674.166666666664,42767.84129479627,812.5,8.521303258145366,-613.7275795784153,-332.1660483424431,-281.5615312359722,44893.529233241214,41177.470766758786,43035.5,3716.0584664824273,27.186435658341676,38.06573244022362,5.427842094577784,-90.45161290322581,-128.7380764274758,0.0,21838.35,65712,31721.35,9299.0,23.16641753861486
2025-04-16,40690,40800,39505,40265,74118,54112,,,,41265.0,42157.0,42894.75,43622.166666666664,42529.47545719663,877.1428571428571,8.384710234278671,-733.7391123041089,-412.48066113477626,-321.2584511693326,45127.32103382012,40662.17896617988,42894.75,4465.142067640234,24.057155388152843,33.39620675620003,5.379052652058476,-82.62857142857143,-123.03413783816968,0.0,23692.25,-8406,32964.85,4673.0,9.452052023705981
2025-04-17,40165,40680,39340,39440,64390,56218,,,,40715.0,41733.0,42686.25,43552.0,42235.23969936838,950.0,4.621848739495789,-885.215508458954,-507.0276305996118,-378.18787785934217,45370.70990843596,40001.79009156404,42686.25,5368.919816871916,16.814199828035154,27.868871113478406,-5.295142742851354,-97.78270509977827,-112.45968511101611,0.0,25639.7,-72796,34305.0,2106.0,3.891927853341226
2025-04-18,39390,39400,37390,37615,201470,62628,,,,39871.0,41129.5,42382.25,43441.833333333336,41795.216870857104,1072.142857142857,3.3976833976833944,-1139.389716176178,-633.5000477149251,-505.88966846125277,45848.83405350281,38915.66594649719,42382.25,6933.168107005622,12.4532476465508,22.73032995783587,-8.100916976019342,-96.47887323943662,-132.7878649126838,0.0,34315.0,-274266,35988.6,6410.0,11.40204205058879
2025-04-21,37800,38710,37135,38420,159263,66430,,,,39245.0,40645.0,42127.5,43346.666666666664,41473.76764506119,1158.5714285714287,14.456981664315947,-1261.3280303001957,-759.0656442319793,-502.2623860682164,45971.84170670281,38283.15829329719,42127.5,7688.683413405626,15.249988833845435,20.236882916505728,5.276200668524851,-80.66215199398043,-109.35339429470342,23.26796334918429,41608.8,-115003,37854.7,3802.0,6.070767069042593
2025-04-22,38000,38550,37680,38020,129087,66241,,,,38752.0,40206.5,41846.5,43231.333333333336,41144.8373931506,1197.5,12.516914749661709,-1374.3984697956548,-882.1322093447145,-492.2662604509403,46031.80650327019,37661.19349672981,41846.5,8370.613006540385,14.951736270414393,18.475167367808616,7.904874075625948,-86.68171557562077,-93.28021162304279,19.18620293574669,47611.0,-244090,39759.35,-189.0,-0.28451001053740876
2025-04-23,38305,39325,38105,39135,89640,60991,,,,38526.0,39895.5,41613.5,43138.5,40953.42430808864,1265.357142857143,22.898032200357775,-1358.3778913969873,-977.3813457551691,-380.9965456418181,45860.46932188739,37366.53067811261,41613.5,8493.938643774774,23.261277154686365,20.070537296767863,29.642756870523364,-69.87951807228916,-66.43870749988311,41.02732291848157,51622.8,-154450,41433.05,-5250.0,-7.925604987847401
2025-04-24,38900,39840,38500,39375,107014,59000,,,,38513.0,39614.0,41400.25,43057.0,40803.098183508766,1332.142857142857,25.130890052356023,-1311.200767108603,-1044.145230025856,-267.0555370827469,45647.08718226065,37153.41281773935,41400.25,8493.6743645213,30.396185434463554,23.51242000933309,44.16371628472449,-65.53846153846153,-51.79568174851342,45.72509427898337,56355.9,-47436,43019.2,-1991.0,-3.2644160613861106
2025-04-25,39375,39415,38380,38390,95530,56040,,,,38668.0,39269.5,41131.75,42967.333333333336,40573.27930888888,1350.0,23.491027732463294,-1337.8716723856996,-1102.8905184978248,-234.98115388787483,45429.13142422373,36834.36857577627,41131.75,8594.762848447455,29.675447207527633,25.56676240873127,37.89281680512035,-80.03182179793158,-57.83054045577767,56.01557243639096,60735.75,-142966,44458.45,-2960.0,-5.016949152542372
2025-04-28,38390,38495,37730,37780,80862,55092,,,,38540.0,38892.5,40838.25,42874.0,40307.25270804232,1223.2142857142858,24.147568474007826,-1392.1822486297315,-1160.748864524206,-231.43338410552542,45212.58576912571,36463.91423087429,40838.25,8748.671538251423,25.649934336623698,25.594486384695415,25.76083024048026,-89.53771289537713,-67.58235252940982,94.2845655222461,64424.85,-223828,45844.65,-948.0,-1.691648822269809
2025-04-29,37500,37835,36895,37320,116998,58208,,,,38400.0,38576.0,40531.25,42776.083333333336,40022.75245013353,1197.142857142857,23.36398053001622,-1455.5631018280037,-1219.7117119849656,-235.85138984303808,44991.83513390811,36070.66486609189,40531.25,8921.170267816226,20.84280078628282,24.01059118522455,14.507219988399356,-93.36455893832942,-74.09077766435756,91.87000082217543,69809.35,-340826,47378.7,3116.0,5.655993610687582
2025-04-30,37220,37920,36665,37245,124573,54266,,,,38022.0,38274.0,40215.5,42668.0,39758.20459773986,1201.0714285714287,23.31354560172693,-1494.6157577317426,-1274.692521134321,-219.9232365974217,44667.39598875994,35763.60401124006,40215.5,8903.791977519882,19.984439369332904,22.668540579927335,14.616236948144042,-89.42570647219691,-68.52044758948585,91.63793691604931,75683.85,-465399,48760.15,-3942.0,-6.772264980758658
2025-05-06,37200,37350,36325,36410,80443,54266,,,,37429.0,37971.0,39852.0,42554.833333333336,39439.32796938368,1214.2857142857142,22.165212929707536,-1574.7895963146584,-1334.7119361703885,-240.07766014426988,44300.02664702355,35403.97335297645,39852.0,8896.053294047102,14.129028806677129,19.8220366555106,2.7430131090101852,-98.54077253218884,-74.39011395949846,86.35416682972152,79141.95,-545842,50068.65,0.0,0.0
2025-05-07,36670,37140,35470,35520,135166,63290,,,,36855.0,37761.5,39445.5,42416.916666666664,39066.05863896619,1280.7142857142858,20.869565217391298,-1690.6546881238974,-1405.9004865610905,-284.7542015628069,43917.990063535195,34973.009936464805,39445.5,8944.98012707039,9.800740791026554,16.481604700682585,-3.56098702828551,-99.18166939443535,-81.44060185214836,80.39256285243788,85184.5,-681008,51663.05,9024.0,16.62919691888107
2025-05-08,35495,37320,34375,36950,455041,67502,,,,36689.0,37614.5,39129.75,42297.666666666664,38864.52924477893,1386.4285714285713,33.50443303779747,-1648.0913875399783,-1454.338666756868,-193.75272078311036,43351.49879578793,34908.00120421207,39129.75,8443.497591575855,22.23983512326442,18.401014841543194,29.91747568670688,-59.92217898832685,-71.44372524822525,100.0,106771.3,-225967,53468.05,4212.0,6.655079791436247
2025-05-09,37420,38175,36820,37830,443819,67256,,,,36791.0,37595.5,38901.0,42187.583333333336,38766.002650038085,1390.7142857142858,39.2967032967033,-1525.7629738341711,-1468.6235281723286,-57.1394456618425,42863.33795949603,34938.66204050397,38901.0,7924.675918992056,35.90005476653126,24.23402814987255,59.23210799984868,-45.20222045995242,-33.96849798601042,100.0,126260.55,217852,55031.0,-246.0,-0.36443364641047804
2025-05-12,38100,38640,37200,38450,322808,69417,,,,37032.0,37527.0,38711.25,42097.25,38735.90715955827,1397.857142857143,45.568487018800354,-1363.075322368546,-1447.5138870115723,84.43856464302621,42349.541783964436,35072.958216035564,38711.25,7276.583567928872,50.88442804541238,33.11749478171916,86.4182945727988,-25.434583714547117,-17.841621119560894,99.99999999999999,140848.4,540660,56702.7,2161.0,3.2130962293327014
2025-05-13,38230,39340,37820,38270,321982,52252,,,,37404.0,37416.5,38515.25,42003.166666666664,38691.535049124155,1360.0,53.43832020997376,-1234.438839626324,-1404.8988775345226,170.46003790819873,41766.20042783038,35264.29957216962,38515.25,6501.900855660759,60.07266669962705,42.10255208768845,96.01289592350423,-28.728270814272644,-2.39392087982507,100.0,155866.75,218678,57492.4,-17165.0,-24.727372257516166
2025-05-14,38540,38870,37420,38420,236082,44692,,,,37984.0,37419.5,38344.5,41913.333333333336,38665.674568255185,1351.0714285714287,50.0,-1107.6217794764161,-1345.4434579229014,237.8216784464853,41195.407334793425,35493.592665206575,38344.5,5701.814669586849,67.2052084811881,50.470104218855,100.67541700585429,-25.983531564501373,-4.9260704114835185,91.59774653070397,166319.45,454760,57874.0,-7560.0,-14.468345709255148
2025-05-15,38100,38475,37750,37920,136753,37985,,,,38178.0,37433.5,38163.0,41809.5,38594.657942707076,1340.7142857142858,49.44258639910814,-1035.5272533820316,-1283.4602170147277,247.9329636326961,40584.507577392316,35741.492422607684,38163.0,4843.015154784633,68.60340518416903,56.51453787395968,92.78113980458772,-35.13266239707228,-6.099198004269131,87.73138914344239,172004.95,318007,57766.25,-6707.0,-15.007160118141949
2025-05-16,37450,37620,36530,36850,145842,32702,,,,37982.0,37386.5,37981.25,41685.833333333336,38428.50004340164,1346.7857142857142,37.19887955182073,-1052.598183041613,-1237.2878102201048,184.68962717849172,40206.662735225815,35755.837264774185,37981.25,4450.825470451629,62.35191765550846,58.460331134475936,70.1350906975735,-54.71180237877402,-46.850207418129216,50.13797530224424,176044.05,172165,56929.4,-5283.0,-13.908121626958014
2025-05-19,36900,37380,36650,37150,72986,28688,,,,37722.0,37377.0,37825.5,41569.0,38306.738134506246,1303.2142857142858,37.618252643294376,-1030.0457982103399,-1195.8394078181518,165.79360960781196,39799.78174814352,35851.21825185648,37825.5,3948.563496287039,60.198357993903926,59.03967342095193,62.51572713980792,-44.94047619047619,-41.06863866200318,51.425629962574845,175987.45,245151,55658.2,-4014.0,-12.274478625160546
2025-05-20,36020,36180,34960,35625,165519,70536,,,,37193.0,37298.5,37634.75,41428.416666666664,38051.33450264851,1385.7142857142858,35.48556430446193,-1122.2905588330104,-1181.1296380211236,58.839079188113146,39687.854132514316,35581.645867485684,37634.75,4106.208265028632,48.524316541085334,55.534554460996404,34.50384070126319,-74.82376636455186,-105.2673463079201,44.877365101611744,181043.9,79632,56374.1,41848.0,145.87283881762409
2025-05-21,35630,36115,35295,35860,157225,73488,,,,36681.0,37332.5,37547.0,41296.666666666664,37842.635978586746,1389.642857142857,39.50819672131148,-1163.0260201888595,-1177.5089144546707,14.482894265811183,39748.32591623178,35345.67408376822,37547.0,4402.6518324635545,39.19885942921671,50.089322783736506,17.41793272017712,-70.09063444108762,-83.79384506391604,57.22856617689295,178831.65,236857,56917.1,2952.0,4.185096971759106
2025-05-22,35600,36090,35300,36080,126262,77294,,,,36313.0,37245.5,37430.0,41167.583333333336,37674.765885388006,1378.9285714285713,43.041526374859714,-1164.1375523600873,-1174.834642035754,10.697089675666803,39684.067668157186,35175.932331842814,37430.0,4508.135336314372,34.656165038047064,44.944936868506694,14.078621377127803,-65.65961732124875,-71.44493705923519,68.07739860648061,177181.6,363119,57460.3,3806.0,5.179076856085341
2025-05-23,36100,36775,35950,36090,169222,74429,,,,36161.0,37071.5,37333.5,41037.416666666664,37523.83580106534,1348.2142857142858,43.470887507066145,-1150.9441652878595,-1170.0565466861751,19.11238139831562,39645.717208882554,35021.282791117446,37333.5,4624.434417765107,31.703805611361666,40.53122644945835,14.048963935168288,-65.45820745216515,-46.498522197358774,69.39572082145081,179188.35,532341,57869.7,-2865.0,-3.706626646311484
2025-05-26,36120,36180,34845,34885,158450,78351,,,,35708.0,36715.0,37121.0,40888.25,37272.51810572579,1370.357142857143,41.72544763971785,-1223.616649316311,-1180.7685672122025,-42.84808210410847,39515.80929907735,34726.19070092265,37121.0,4789.618598154702,21.46713334753304,34.17652874881659,-3.951657455034052,-89.72809667673717,-79.86779590897335,64.03647430513227,182628.85,373891,58737.7,3922.0,5.269451423504279
2025-05-27,34500,35455,34455,35290,191734,80800,,,,35641.0,36417.0,36916.75,40734.5,37083.706857561425,1322.5,48.68270332187858,-1234.3017390899768,-1191.4752015877575,-42.82653750221925,39196.152680297484,34637.347319702516,36916.75,4558.805360594968,21.235136991224348,29.86273149628584,3.979947981101361,-81.57099697885197,-82.69372328047501,76.14305304821295,186864.85,565625,59827.7,2449.0,3.1256780385700234
2025-05-28,35360,35595,34585,35100,153272,79868,,,,35489.0,36085.0,36752.25,40577.0,36894.78239493653,1184.2857142857142,37.650200267022704,-1243.7638266438225,-1201.9329265989707,-41.83090004485189,39058.68829997226,34445.81170002774,36752.25,4612.876599944517,20.949806967293327,26.891756653288336,9.065907595303308,-86.79631525076766,-74.23422768614863,12.057402072158679,189751.95,412353,61019.1,-932.0,-1.1534653465346545
2025-05-29,35130,35445,34710,35280,145339,78271,,,,35329.0,35821.0,36627.25,40427.25,36740.99359541876,1140.0,31.222385861561108,-1222.64422200204,-1206.0751856795846,-16.569036322455304,38969.858701067205,34284.641298932795,36627.25,4685.217402134411,23.36824737990495,25.717253562160543,18.67023501539377,-83.11156601842374,-64.70079241358228,0.0,192975.8,557692,62178.05,-1597.0,-1.9995492562728479
2025-05-30,35005,35675,34800,35600,150575,77400,,,,35231.0,35696.0,36541.25,40280.75,36632.32753871221,1099.642857142857,28.043143297380595,-1166.637190194342,-1198.1875865825361,31.55039638819403,38902.98637059908,34179.51362940092,36541.25,4723.4727411981585,32.029981011890655,27.82149604540391,40.44695094486414,-76.56090071647901,-50.03023323226526,0.0,194654.65,708267,63137.65,-871.0,-1.1128003986150659
2025-06-03,35605,35605,34270,34360,144680,71600,,,,35126.0,35417.0,36397.0,40118.416666666664,36415.915392168194,1086.4285714285713,24.105960264900673,-1208.3794052715675,-1200.2259503203425,-8.153454951225058,38924.36476029459,33869.63523970541,36397.0,5054.729520589186,22.55092546501293,26.064639185273585,15.523498024491616,-98.04347826086956,-68.28142046929761,0.0,195660.0,563587,64004.35,-5800.0,-7.493540051679581
2025-06-04,34300,35340,33840,35055,262747,67873,,,,35079.0,35360.0,36329.25,39971.416666666664,36286.30440243789,1090.0,29.215565163681276,-1171.871119018433,-1194.5549840599606,22.683865041527497,38926.818245392926,33731.681754607074,36329.25,5195.1364907858515,28.832928163500952,26.98740217801604,32.523980134470776,-73.7864077669903,-61.57358651322638,20.166871752044475,204775.2,826334,64684.7,-3727.0,-5.205307262569836
2025-06-05,34810,34910,34370,34540,127429,65802,,,,34967.0,35228.0,36280.25,39807.083333333336,36119.98969744381,1087.142857142857,29.16152897657213,-1170.9957252985405,-1189.8431323076766,18.847407009136077,38977.16729475281,33583.33270524719,36280.25,5393.834589505626,27.17198050195918,27.048928285997086,27.418084933883364,-81.48148148148148,-61.54256592162358,20.570539798340214,204388.35,698905,64810.3,-2071.0,-3.0512869624151007
2025-06-06,35000,35335,34470,34740,134443,65179,,,,34859.0,35094.0,36169.75,39652.5,35988.562107211066,1049.642857142857,35.428176795580114,-1141.0107789333997,-1180.0766616328212,39.065882699421536,38931.44565570445,33408.05434429555,36169.75,5523.391311408894,30.935166488485606,28.344341020159924,36.11681742513697,-74.57627118644068,-48.35637583909328,46.068824109160396,188358.45,833348,64694.15,-623.0,-0.9467797331388139
2025-06-09,34620,34700,33985,34105,123726,64383,,,,34560.0,34895.5,35983.5,39490.083333333336,35809.175239857635,1051.4285714285713,29.900990099009903,-1155.1705984030632,-1175.0954489868695,19.924850583806347,38776.010849057755,33190.989150942245,35983.5,5585.02169811551,25.437249956901393,27.375310665740415,21.561128539223347,-90.9710391822828,-63.18171052357249,23.579323837476046,172353.8,709622,64550.5,-796.0,-1.2212522438208584
2025-06-10,34000,34375,33640,33955,107030,62708,,,,34479.0,34802.5,35758.75,39320.166666666664,35632.587121775956,947.5,36.53225806451613,-1165.065948718002,-1173.089548933096,8.02360021509412,38436.612216887115,33080.887783112885,35758.75,5355.72443377423,22.117871797639424,25.622831043040087,15.107953306838098,-89.95215311004785,-67.03747971742908,50.56120646583129,161564.9,602592,64215.05,-1675.0,-2.6016184396502218
2025-06-11,33980,34355,33795,34255,79861,60199,,,,34319.0,34699.0,35558.0,39156.916666666664,35501.38834827348,928.9285714285714,37.19074221867518,-1135.609987298456,-1165.593636606168,29.983649307712085,38037.85016525298,33078.14983474702,35558.0,4959.7003305059625,24.818957938803024,25.354873341627734,23.747127133153604,-80.38277511961722,-58.502558568613196,53.240504339566826,149458.85,682453,64612.4,-2509.0,-4.00108439114627
2025-06-12,34060,34220,33570,33585,65591,61698,,,,34128.0,34547.5,35316.25,38981.333333333336,35318.87517224743,921.4285714285714,31.422189128816086,-1153.0378239378551,-1163.0824740725056,10.04465013465051,37552.02109034468,33080.47890965532,35316.25,4471.542180689357,16.78350165041342,22.497749444556298,5.355006062127664,-99.53198127925117,-70.18543164875165,29.76891139299341,140934.3,616862,65462.7,1499.0,2.490074585956581
2025-06-13,33560,34000,33355,33695,82151,56863,,,,33919.0,34389.0,35105.0,38813.416666666664,35164.22039393816,908.5714285714286,32.42846661775495,-1144.7771509466402,-1159.4214094473327,14.644258500692558,37089.153007682304,33120.846992317696,35105.0,3968.3060153646074,16.22603813731265,20.407179008808416,7.863756394321115,-87.96460176991151,-75.02726178919414,33.8633411821886,138204.2,699013,66406.6,-4835.0,-7.836558721514475
2025-06-16,33765,34330,33640,34320,62835,51277,,,,33962.0,34261.0,34978.5,38665.083333333336,35083.818451658335,862.5,45.4691259021652,-1075.401670387182,-1142.6174616353028,67.2157912481207,36811.028020895836,33145.971979104164,34978.5,3665.0560417916713,27.022228615471235,22.61219554436269,35.84229475768832,-58.4051724137931,-50.21587904215507,86.92431534860773,134053.85,761848,67335.35,-5586.0,-9.823611135536293
2025-06-17,34230,34275,33910,34010,45805,43443,,,,33973.0,34226.0,34821.5,38513.916666666664,34981.55002769088,820.3571428571429,39.57654723127037,-1033.521716440162,-1120.7983125962746,87.27659615611265,36389.66050467452,33253.33949532548,34821.5,3136.3210093490343,29.04175510391685,24.755382064214075,37.6145011833224,-71.76724137931035,-51.156061959757295,72.41710909821248,132694.8,716043,68073.1,-7834.0,-15.277804863779087
2025-06-18,33960,34330,33070,33370,94724,30435,,,,33796.0,34057.5,34708.75,38343.25,34828.0690726727,838.2142857142857,36.874051593323216,-1039.9858925051522,-1104.6358285780502,64.64993607289807,36355.93859368254,33061.56140631746,34708.75,3294.377187365084,23.776181106805495,24.428981745077884,22.470579830260718,-88.48368522072937,-74.07407281894004,59.76685078053557,129155.05,621319,66068.05,-13008.0,-29.942683516331748
2025-06-19,33000,33340,32680,32720,57380,27613,,,,33623.0,33875.5,34551.75,38160.333333333336,34627.30058956101,835.0,31.869688385269114,-1085.0505786813665,-1100.7187785987135,15.66819991734701,36330.25402837535,32773.24597162465,34551.75,3557.0080567506957,16.510853411137656,21.789605633764477,5.953348965884011,-98.6644407345576,-101.28461619987348,36.34165578356934,124162.8,563939,63774.3,-2822.0,-9.272219484146538
2025-06-20,32790,32830,31630,31700,88116,26157,,,,33224.0,33571.5,34332.75,37963.416666666664,34348.510057221865,858.2142857142857,24.87113402061857,-1189.3599415979916,-1118.447011198569,-70.91293039942252,36377.6318650732,32287.8681349268,34332.75,4089.7637301463983,11.857265965652186,18.478825744393713,-1.3858535918308732,-98.23899371069183,-123.73286789796542,3.581743308600184,122255.5,475823,61217.45,-1456.0,-5.2728787165465585
2025-06-23,31200,31385,30605,30615,88450,78183,,,,32483.0,33222.5,34059.0,37746.333333333336,33992.93767081978,841.0714285714286,25.378040762656155,-1344.0825485372552,-1163.5741186663063,-180.50842987094893,36534.02387016665,31583.976129833347,34059.0,4950.047740333306,7.993732865990347,14.983794784925927,-5.986390971880812,-99.78880675818374,-143.68641193618066,2.46095223725044,118216.9,387373,61405.15,52026.0,198.89895630232823
2025-06-24,30615,31650,30440,31085,171969,72286,,,,31898.0,32935.5,33869.0,37534.5,33715.9912259798,820.3571428571429,23.102981029810294,-1412.4939066972147,-1213.358076272488,-199.1358304247267,36642.47131910441,31095.528680895597,33869.0,5546.9426382088095,10.8561475319113,13.607912367254386,5.352617861225127,-86.82328907048009,-110.83210465029711,0.0,118892.85,559342,61101.9,-5897.0,-7.5425604031566955
2025-06-25,31000,31125,30400,30625,146141,80107,,,,31349.0,32572.5,33635.75,37317.583333333336,33421.61110921982,823.2142857142857,23.276450511945384,-1486.6909091678717,-1268.0246428515647,-218.66626631630697,36677.69756693799,30593.802433062006,33635.75,6083.895133875983,9.145828634505753,12.12055112300484,3.1963836575075746,-95.44072948328268,-103.40290289087258,0.7755895489593398,116613.2,413201,61067.25,7821.0,10.819522452480435
2025-06-26,30745,31800,30700,31715,225035,77132,,,,31148.0,32385.5,33466.5,37116.833333333336,33259.07671786555,845.3571428571429,31.588557516737666,-1440.9285503153296,-1302.6054243443177,-138.3231259710119,36541.910284994934,30391.089715005066,33466.5,6150.820569989868,17.250739021816386,13.830613755942023,24.090989553565112,-69.4186046511628,-70.76267608435977,37.939379072053434,120201.35,638236,60930.45,-2975.0,-3.71378281548429
2025-06-27,32000,33585,31350,33315,294743,69062,,,,31471.0,32347.5,33368.25,36944.583333333336,33264.4027447355,951.0714285714286,45.69716775599129,-1261.018684544084,-1294.288076384271,33.269391840187154,36322.90070515512,30413.599294844877,33368.25,5909.301410310247,36.22483534448489,21.29535428545631,66.08379746254204,-26.666666666666668,-22.02517303506132,100.0,127671.55,932979,60470.0,-8070.0,-10.462583622880262
2025-06-30,33295,34120,32840,33535,421176,66333,,,,32055.0,32269.0,33265.0,36779.166666666664,33290.17391190355,990.0,47.729729729729726,-1088.1432206544268,-1253.0591052383024,164.9158845838756,36029.481487501194,30500.518512498806,33265.0,5528.962975002389,50.74022101846066,31.11030986312442,90.00004332913313,-20.733249051833123,7.597091963937546,100.0,141201.6,1354155,59916.65,-2729.0,-3.951521820972459
2025-07-01,33470,33500,32355,32700,261490,61196,,,,32378.0,32138.0,33182.0,36598.166666666664,33233.96687267464,1034.2857142857142,42.05416453755748,-1006.9086752063522,-1203.8290192319125,196.92034402556033,35907.45969082571,30456.540309174292,33182.0,5450.919381651416,54.43613300872288,38.88558424499057,85.53723053618748,-41.475826972010175,-13.039015327526174,76.95365611867875,147042.1,1092665,59396.45,-5137.0,-7.744260021407145
2025-07-02,33350,35050,33035,35050,411586,95005,,,,33263.0,32306.0,33181.75,36454.333333333336,33406.922408610386,1153.2142857142858,56.38901003052769,-744.3242458643363,-1111.9280645583972,367.6038186940609,35906.48711914031,30457.01288085969,33181.75,5449.474238280618,69.62408867248192,49.13175238748768,110.6087612424704,-0.0,46.08575201132048,100.0,154484.05,1504251,60753.05,33809.0,55.24707497222041
2025-07-03,35700,35900,34780,35050,482063,76908,,,,33930.0,32539.0,33207.25,36311.0,33563.40598874273,1187.142857142857,55.96653456627036,-530.1133767688661,-995.5651270004911,465.45175023162494,35994.3414380785,30420.158561921497,33207.25,5574.182876157007,74.59787729680613,57.62046069059383,108.55271050923074,-15.454545454545455,75.53756057675446,98.73077240830311,172215.75,1504251,61308.35,-18097.0,-19.048471133098253
2025-07-04,35880,36295,34910,35510,516583,77334,,,,34369.0,32920.0,33245.75,36181.75,33748.79589457675,1236.7857142857142,55.31724754244861,-319.54801349727495,-860.3617042998479,540.813690802573,36141.15884305153,30350.341156948463,33245.75,5790.81768610307,78.62646159623095,64.62246099247287,106.63446280374711,-13.316369804919423,83.00331250700643,96.78014314036685,191322.75,2020834,61916.1,426.0,0.5539085660789533
2025-07-07,35100,36525,35050,36515,440264,105230,,,,34965.0,33510.0,33366.25,36083.583333333336,34012.24390461706,1312.857142857143,60.53849389987379,-70.76263756087428,-702.4418909520532,631.6792533911789,36593.776142419294,30138.723857580706,33366.25,6455.052284838588,85.69655262877981,71.64715820457519,113.79534147718903,-0.16326530612244897,88.72178753998607,100.0,207149.65,2461098,63958.45,27896.0,36.07210282669977
2025-07-08,36505,38385,36180,38385,634366,110547,,,,36102.0,34240.0,33587.75,36019.25,34428.6968660821,1380.357142857143,69.11932901258102,274.13488076606154,-507.12653660843034,781.2614173744919,37517.13655316711,29658.36344683289,33587.75,7858.773106334222,90.46436841918654,77.91956160944564,115.55398203866835,-0.0,114.97087767310491,99.99999999999999,233516.45,3095464,66350.4,5317.0,5.052741613608291
2025-07-09,38480,40045,38230,39270,794464,97187,,,,36946.0,35104.5,33838.5,35970.583333333336,34889.773355026664,1460.7142857142858,74.53183520599251,611.8279805291459,-283.3356331809151,895.163613710061,38516.00732087531,29160.992679124694,33838.5,9355.014641750615,90.67185611691217,82.17032644526782,107.67491546020085,-8.035251425609124,123.10585161366181,100.0,269246.6,3889928,68199.8,-13360.0,-12.085357359313232
2025-07-10,39500,41660,38760,41345,1014567,98601,,,,38205.0,36067.5,34226.5,35962.416666666664,35504.556845024126,1582.142857142857,83.4779590419993,1034.9570133289599,-19.67710387894013,1054.6341172079,39979.26601663107,28473.733983368937,34226.5,11505.53203326213,92.65281183362836,85.664488241388,106.62945901810912,-2.797513321492007,121.08716481876854,100.0,316695.4,4904495,70044.95,1414.0,1.4549270993034158
2025-07-11,41360,42265,40520,41330,878217,85925,,,,39369.0,36869.0,34608.25,35958.75,36059.360955021824,1628.5714285714287,90.17622797150356,1353.477400698277,254.95379703650335,1098.5236036617737,41169.06772422663,28047.43227577337,34608.25,13121.63544845326,91.95690314640142,87.76195987639247,100.3467896864193,-7.880320269700801,110.03229354408708,100.0,356498.7,4026278,71498.05,-12676.0,-12.855853388910866
2025-07-14,41290,42090,40780,41765,470329,78328,,,,40419.0,37692.0,34980.5,35980.083333333336,36602.75514978165,1635.7142857142858,90.15037593984962,1622.30702156372,528.4244419419467,1093.8825796217732,42276.13885590491,27684.86114409509,34980.5,14591.277711809817,92.83222939987613,89.45204971755368,99.592588764521,-4.214075010535187,95.48697788636956,99.9613570737667,376873.4,4496607,72850.6,-7597.0,-8.841431480942685
2025-07-15,41500,43250,41180,42470,565746,69821,,,,41236.0,38669.0,35403.5,36016.833333333336,37161.54037361198,1731.7857142857142,93.72462163159838,1870.680006326511,796.8755548188597,1073.8044515076513,43408.72599043242,27398.27400956758,35403.5,16010.451980864837,92.15182865147193,90.35197602885977,95.75153389669626,-6.2151394422310755,90.87632388162191,100.0,402870.45,5062353,74169.5,-8507.0,-10.860739454601164
2025-07-16,42360,43250,41865,42945,449860,71783,,,,41971.0,39458.5,35882.25,36075.25,37712.346052315595,1746.7857142857142,93.4261407579273,2081.8476723791173,1053.8699783309112,1027.977694048206,44497.44311265981,27267.05688734019,35882.25,17230.386225319617,93.5488609874721,91.4176043483972,97.81137426562188,-2.563025210084034,83.2387759479479,99.42233746233782,420627.25,5512213,76236.9,1962.0,2.810042823792269
2025-07-17,43900,45715,43465,45700,410795,70964,,,,42842.0,40523.5,36531.25,36210.0,38473.07499971411,1785.0,93.96521121760739,2443.339744957324,1331.7639316561938,1111.5758133011302,46051.497052853636,27011.00294714636,36531.25,19040.494105707276,95.6523583329514,92.82918900991527,101.29869697902365,-0.1122754491017964,93.81893737764369,100.0,438298.0,5923008,78404.45,-819.0,-1.1409386623573825
2025-07-18,45105,45855,42920,43850,1045074,155539,,,,43346.0,41357.5,37138.75,36300.5,38985.16309497943,1903.2142857142858,82.81896277441935,2551.1373545846,1575.638616241875,975.4987383427249,46908.29175243811,27369.208247561888,37138.75,19539.083504876224,90.19373415133883,91.95070405705646,86.67979433990357,-14.851851851851851,75.68660209759543,78.52817626296931,486145.9,4877934,84873.55,84575.0,119.18014768051405
2025-07-21,45280,45850,44065,45660,621314,172057,,,,44125.0,42272.0,37891.0,36427.833333333336,39620.861847838525,1961.7857142857142,88.82564409826243,2750.908845265978,1810.6926620466957,940.2161832192824,47860.35863428272,27921.64136571728,37891.0,19938.717268565437,92.61003041783243,92.17047951064845,93.4891322322004,-1.5210608424336973,76.66281628988833,86.70158365252125,512789.1,5499248,89567.25,16518.0,10.619844540597544
2025-07-22,45880,49105,45725,49105,757482,192179,,,,45452.0,43344.0,38792.0,36594.0,40524.11310042533,2040.0,89.51363508574642,3150.89039670847,2078.7322089790505,1072.1581877294193,49407.67530142398,28176.32469857602,38792.0,21231.35060284796,95.0733536118883,93.13810421106173,98.9438524135414,-0.0,91.67907131202759,88.48173174328909,542064.75,6256730,95561.9,20122.0,11.694961553438677
2025-07-23,50905,53165,48500,50080,1246241,165641,,,,46879.0,44425.0,39764.75,36772.416666666664,41434.197567051495,2293.214285714286,90.05863539445629,3506.1364510100393,2364.2130573852482,1141.923393624791,50787.06109350962,28742.43890649038,39764.75,22044.62218701924,88.58323745471608,91.61981529227985,82.51008177958855,-16.899479594631607,100.94568877643493,89.89189739468193,597069.75,7502971,99838.6,-26538.0,-13.80900098345813
2025-07-24,50025,55605,48610,53765,1123795,172564,,,,48492.0,45667.0,40867.25,37028.666666666664,42608.559703522784,2693.9285714285716,91.51694337047988,4038.4672747390796,2699.0639008560147,1339.403373883065,52867.09450557151,28867.40549442849,40867.25,23999.689011143022,88.25166926435823,90.4970999496393,83.76080789379608,-8.951593286305036,102.81734794943907,92.67571558446556,642007.75,8626766,104610.2,6923.0,4.1795207708236415
2025-07-25,52820,54730,50565,51025,747961,155168,,,,49927.0,46636.5,41752.75,37249.416666666664,43410.125446044425,2886.0714285714284,80.58600337268128,4190.937666267651,2997.438653938342,1193.4990123293092,54016.89091440656,29488.609085593438,41752.75,24528.281828813124,81.58430175105107,87.52616721677657,69.70057081960007,-23.577863577863578,86.44042738019604,46.15120632657803,664668.65,7878805,108915.5,-17396.0,-10.080897522078768
2025-07-28,48000,50700,47750,49405,581460,136295,,,,50676.0,47400.5,42546.25,37450.833333333336,43981.065879754475,2962.5,73.47677886663826,4133.403783091839,3224.631679769042,908.7721033227967,54623.859939143804,30468.640060856193,42546.25,24155.21987828761,72.68162571855612,82.57798671736975,52.88890372092885,-35.68345323741007,57.61556560135101,0.0,672682.85,7297345,112413.6,-18873.0,-12.16294596824088
2025-07-29,49500,51800,48640,50805,546037,140638,,,,51016.0,48234.0,43451.5,37676.833333333336,44630.964367396904,3058.5714285714284,74.04627892432771,4152.9039739587315,3410.2861386069803,742.6178353517512,55129.14310214405,31773.856897855945,43451.5,23355.286204288106,69.17442765680643,78.11013369718198,51.303015576055344,-28.495102404274267,61.471744632994415,2.779617532146205,686910.2,7843382,116385.7,4343.0,3.1864705234968316
2025-07-30,51800,54770,51570,54705,565243,164490,,,,51941.0,49410.0,44434.25,37981.75,45590.39633240672,3134.6428571428573,75.881441301821,4431.966471373438,3614.622205160272,817.3442662131661,56438.503752645134,32429.996247354866,44434.25,24008.50750529027,77.08462040870265,77.76829593435554,75.71726935739687,-5.966191581040769,80.24615487161411,11.736683383045648,694593.05,8408625,119859.95,23852.0,16.959854377906392
2025-07-31,52500,52800,48510,49130,565838,126989,,,,51014.0,49753.0,45138.25,38208.583333333336,45927.50144360608,3452.5,62.43226012113484,4155.369095030277,3722.7715831342734,432.59751189600365,56457.15466850644,33819.34533149356,45138.25,22637.809337012877,66.02001845848807,73.85220344239971,50.35564849066478,-43.676222596964585,46.0978417423874,0.0,698781.8,7842787,122364.0,-37501.0,-22.798346404036717
2025-08-01,50300,51150,48005,49200,383215,110762,,,,50649.0,50288.0,45822.75,38412.75,46239.167972786454,3583.5714285714284,61.99000161264313,3896.891160914922,3757.5954986904035,139.2956622245183,56315.67918563433,35329.82081436567,45822.75,20985.858371268667,55.73736723143469,67.81392470541138,31.584252283481305,-44.40207972270364,36.19707073644634,0.0,692113.4,8226002,124035.4,-16227.0,-12.778272133806867
2025-08-04,48500,48870,47500,48720,175335,98033,,,,50512.0,50594.0,46433.0,38594.25,46475.43768966394,3557.1428571428573,60.152696556205335,3611.6803446032864,3728.4124678729804,-116.73212326969406,56027.89085536233,36838.10914463767,46433.0,19189.781710724666,42.1757237434323,59.267857718085025,7.99145579412685,-50.109170305676855,22.14399423317837,0.0,678866.95,8050667,123675.55,-12729.0,-11.492208519167225
2025-08-05,48615,51390,48420,50330,433130,127587,,,,50417.0,50716.5,47030.25,38792.25,46842.5388620769,3670.3571428571427,61.56979476735078,3475.498874904966,3677.829749279378,-202.3308743744119,55981.3019669919,38079.1980330081,47030.25,17902.103933983803,39.756055187375594,52.76392354118188,13.740318479763019,-41.58454867954277,35.90116707781574,4.191046496648477,668805.15,8483797,124527.55,29554.0,30.14699131924965
2025-08-06,50300,52285,50085,51345,420201,138396,,,,49745.0,50843.0,47634.0,39010.166666666664,47271.34468473624,3629.6428571428573,59.35376967688484,3410.1658274216024,3624.296964907823,-214.13113748622072,55990.29771962126,39277.70228037874,47634.0,16712.59543924252,44.13356453115273,49.8871372045055,32.62641918444719,-33.58297201418999,45.35861787474069,0.0,650092.0,8903998,126588.0,10809.0,8.471866255966521
2025-08-07,51290,51715,49700,50110,400810,136324,,,,49941.0,50477.5,48072.25,39205.0,47541.69280999946,3563.9285714285716,60.588633288227335,3221.5981597076025,3543.7572038677795,-322.159044160177,55945.180622007756,40199.319377992244,48072.25,15745.861244015512,41.38936397445946,47.054546127823485,30.0589996677314,-47.61698440207972,32.88442670650675,3.8393711488378632,619404.15,8503188,128474.15,-2072.0,-1.4971530969103197
2025-08-08,50290,50875,49020,50790,434972,137596,,,,50259.0,50454.0,48545.25,39419.5,47851.05539952332,3553.5714285714284,59.02215969046782,3091.3916034108115,3453.284083776386,-361.89248036557456,55827.1391960231,41263.3608039769,48545.25,14563.778392046195,42.67773279177627,45.59560834914108,36.84198167704666,-48.73481781376518,25.54992539244911,0.0,597241.9,8938160,131057.7,1272.0,0.9330712126991658
2025-08-11,50600,53350,49800,52985,592822,139739,,,,51112.0,50812.0,49106.25,39688.416666666664,48340.00250433062,3561.0714285714284,57.13760117733628,3129.248100860197,3388.4768871931487,-259.2287863329516,55901.2674276528,42311.2325723472,49106.25,13590.034855305596,53.600836074847635,48.26401759104327,64.27447304245638,-32.32572486119679,47.23368712650464,0.0,603366.55,9530982,134128.25,2143.0,1.5574580656414483
2025-08-12,52800,53400,51300,51800,481809,136055,,,,51406.0,50911.5,49572.75,39932.583333333336,48669.52607534676,3377.8571428571427,53.13983205549471,3028.716888310737,3316.5248874166664,-287.8079991059294,55697.458779328124,43448.041220671876,49572.75,12249.417558656249,60.02767602729955,52.18523706979536,75.71255394230792,-46.94632942628007,45.99294869814459,0.0,599169.7,9049173,137439.95,-3684.0,-2.6363434688955856
2025-08-13,51500,52950,51050,51290,395645,132463,,,,51395.0,50570.0,49990.0,40193.666666666664,48919.09502055183,3013.9285714285716,44.889531282263064,2874.7540649365474,3228.170722920643,-353.41665798409576,55295.8498004809,44684.1501995191,49990.0,10611.699600961801,61.43088006339744,55.26711806766272,73.75840405486687,-47.86795048143053,36.741617549293984,0.0,596458.95,8653528,140473.95,-3592.0,-2.6401087795376865
2025-08-14,51385,51760,49300,50430,415544,127757,,,,51459.0,50700.0,50226.5,40436.5,49062.99073288023,2892.1428571428573,48.668009850011195,2652.7632025785715,3113.089218852229,-460.3260162736574,55133.91769376244,45319.08230623756,50226.5,9814.835387524887,57.507592358649134,56.01394283132486,60.49489141329768,-59.69738651994498,7.89081378863413,12.191822205742278,596696.4,8237984,143313.6,-4706.0,-3.552690185183782
2025-08-15,50505,52920,49470,52740,619561,138723,,,,51849.0,51054.0,50671.0,40714.166666666664,49413.18209165354,2904.6428571428573,57.24212812160695,2632.8813223541947,3017.047639552622,-384.16631719842735,54673.61440876625,46668.38559123375,50671.0,8005.228817532494,67.2540575563685,59.76064773967274,82.24087718976001,-27.92297111416781,31.838909898667733,39.85748807204392,575420.75,8857545,142472.8,10966.0,8.58348270544862
2025-08-18,52810,53500,51700,52280,425548,135517,,,,51708.0,51410.0,51002.0,40984.0,49686.21236863892,2807.5,53.339370613538605,2550.6048484193743,2923.7590813259726,-373.1542329065983,54291.118262903976,47712.881737096024,51002.0,6578.236525807952,69.0919907518647,62.8710954104034,81.5337814347873,-34.25034387895461,55.097641162601434,27.264661409842557,565632.45,8431997,140645.8,-3206.0,-2.311080354375261
2025-08-19,52275,53300,51020,52260,580607,137977,,,,51800.0,51603.0,51159.75,41273.583333333336,49931.33500019711,2687.1428571428573,43.284811864872296,2455.4810600269193,2830.1034770661618,-374.62241703924246,54367.4110186437,47952.0889813563,51159.75,6415.322037287406,70.16847002505266,65.30355361528649,79.89830284458498,-20.666666666666668,41.750420325393485,0.0,556788.7,7851390,137935.7,2460.0,1.8152704088785887
2025-08-20,51700,52120,49370,51875,704931,150086,,,,51917.0,51656.0,51249.5,41550.0,50116.44595255929,2451.0714285714284,60.545524394928925,2322.258934533951,2728.53456855972,-406.2756340257688,54430.29086491329,48068.70913508671,51249.5,6361.581729826576,68.0215395405113,66.20954892369477,71.64552077414436,-27.083333333333332,0.5861583969013324,92.27766605315327,529723.2,7146459,137157.95,12109.0,8.776100364553518
2025-08-21,52200,52800,51145,51530,447553,149610,,,,52137.0,51798.0,51137.75,41823.833333333336,50251.07014755364,2344.6428571428573,58.76598946576373,2163.896768583225,2615.607008564421,-451.7102399811961,54095.664405722215,48179.835594277785,51137.75,5915.828811444429,63.04610572542023,65.15506785760326,58.828181461054186,-32.833333333333336,29.47296405641903,84.66607643802062,495911.1,6698906,136010.25,-476.0,-0.31715149980677815
2025-08-22,51880,51980,50520,51405,445445,142397,,,,51870.0,51859.5,51156.75,42092.583333333336,50360.968228739,2327.5,60.378817162736766,2005.1925443359796,2493.524115718733,-488.3315713827533,54116.4962106706,48197.0037893294,51156.75,5919.492421341201,58.73708635662936,63.015740690611956,50.179777688664174,-41.24015748031496,10.940579579122767,93.48658070414395,480785.3,6253461,135371.7,-7213.0,-4.821201791324114
2025-08-25,52320,52940,51400,51580,360522,136801,,,,51730.0,51719.0,51265.5,42358.916666666664,50477.06649266862,2225.3571428571427,55.434782608695656,1871.9605447766226,2369.211401530311,-497.25085675368837,54111.89920268621,48419.10079731379,51265.5,5692.798405372421,57.253295666324334,61.094925682516084,49.57003563394083,-42.857142857142854,33.50574213384624,70.21553474554756,469738.4,6613983,135397.0,-5596.0,-3.9298580728526544
2025-08-26,51480,51680,50820,50985,265820,137478,,,,51475.0,51637.5,51274.5,42636.0,50525.44111241447,2129.6428571428573,48.375451263537904,1698.7792283722665,2235.124966898702,-536.3457385264355,54115.90235947342,48433.09764052658,51274.5,5682.804718946834,51.541879650565434,57.9105770051992,38.804484941297915,-56.138392857142854,-1.4196732518777113,29.419162820270163,455727.55,6348163,135239.0,677.0,0.49487942339603297
2025-08-27,50915,51070,48540,48690,502410,6880,,,,50838.0,51377.5,50973.75,42863.25,50350.63719694642,2166.4285714285716,44.15156507413509,1360.6596302962425,2060.2318995782102,-699.5722692819677,53546.96194945969,48400.53805054031,50973.75,5146.423898919384,35.369317616505995,50.3968238756348,5.314305098248383,-96.9758064516129,-69.63536580313136,5.0215378290640755,452585.9,5845753,127358.5,-130598.0,-94.99556292643186
2025-08-28,49220,49800,48355,49665,376304,143912,,,,50465.0,51301.0,51000.5,43115.333333333336,50285.33841628486,2137.1428571428573,45.476477683956574,1158.0227984099329,1879.790079344555,-721.767280934622,53503.165736664356,48497.834263335644,51000.5,5005.331473328712,32.06674948324242,44.286799078170674,7.626650293385907,-74.53838678328474,-71.60972770819423,12.697423789822468,443109.2,6222057,128204.65,137032.0,1991.744186046512
2025-08-29,49400,50080,48800,49555,353059,6880,,,,50095.0,50982.5,51018.25,43362.25,50215.78237663868,1975.0,33.429951690821255,977.2899780043081,1699.2900590765057,-722.0000810721976,53471.699290499535,48564.800709500465,51018.25,4906.89858099907,29.466811755259016,39.34680330386679,9.706828658043463,-76.67638483965014,-62.95407199411822,0.0,441601.4,5868998,123010.55,-137032.0,-95.21930068375119
2025-09-01,49265,52420,48220,52285,536098,6880,,,,50236.0,50983.0,51196.5,43665.25,50412.85072172071,2125.0,52.03867171080286,1042.3307599884574,1567.898199258896,-525.5674392704386,53457.35475219581,48935.64524780419,51196.5,4521.70950439162,48.35216828881674,42.34859163218344,60.35932160208333,-23.011363636363637,-4.877254541552904,68.62742757840633,459639.55,6405096,118452.9,0.0,0.0
2025-09-02,52360,52890,51120,51875,530778,145855,,,,50414.0,50944.5,51273.75,43963.916666666664,50552.10303393778,2115.714285714286,52.47986434930055,1048.7036716855728,1464.0592937442316,-415.3556220586588,53515.44314534679,49032.05685465321,51273.75,4483.386290693583,58.04692575186653,47.5813696720778,78.978037911444,-30.776515151515152,40.55647526590775,70.25450971055267,464521.95,5874318,119366.3,138975.0,2019.985465116279
2025-09-03,52000,52375,51255,52160,362759,6870,,,,51108.0,50973.0,51314.5,44262.333333333336,50705.23607832466,2020.0,57.70944741532977,1064.4806974119638,1384.143574477778,-319.6628770658142,53591.006788457875,49037.993211542125,51314.5,4553.01357691575,66.5228092583065,53.895182867487364,91.77806203994476,-25.37878787878788,36.622300648515285,89.54078156287835,461649.85,6237077,112790.0,-138985.0,-95.28984265194886
2025-09-04,51700,52405,51600,52195,268080,6870,,,,51614.0,51039.5,51418.75,44572.5,50847.118356579456,1831.0714285714287,46.953605366126325,1067.5028036373478,1320.815420309692,-253.31261667234412,53653.58868486485,49183.91131513515,51418.75,4469.677369729703,72.42057340384275,60.07031304627249,97.12109411898328,-24.71590909090909,39.42569272849457,49.87412149792582,455013.35,6505157,106317.3,0.0,0.0
2025-09-05,52350,56735,52350,56735,665242,6870,,,,53050.0,51572.5,51716.0,44956.5,51407.86898928618,2026.7857142857142,67.10172744721689,1419.8705187297455,1340.6264399937027,79.24407873604287,54954.710919648845,48477.289080351155,51716.0,6477.421839297691,81.61371560256183,67.25144723170227,110.33825234428093,-0.0,143.0602061104248,100.0,466526.85,7170399,99781.0,0.0,0.0
2025-09-08,56080,56480,54520,55710,456880,6870,,,,53735.0,51985.5,51852.25,45313.0,51817.5957522113,2022.142857142857,62.295081967213115,1597.9948480046514,1392.1001215958925,205.89472640875897,55516.99882459473,48187.50117540527,51852.25,7329.497649189463,83.72995015508428,72.74428153949627,105.7012873862603,-12.037580739870815,121.59815057762229,85.72500151231021,459729.75,6713519,93137.55,0.0,0.0
2025-09-09,55555,56790,53300,53520,584927,142980,,,,54064.0,52239.0,51938.25,45638.166666666664,51979.72949009594,2065.0,55.19419008525419,1544.6393242399208,1422.6079621246981,122.03136211522269,55677.79862882788,48198.70137117212,51938.25,7479.097257655754,76.43451363897879,73.97435890599044,81.35482310495547,-38.15635939323221,79.3366842179682,64.636443744132,464885.65,6128592,93483.8,136110.0,1981.2227074235807
2025-09-10,52400,53400,51800,52885,411979,137072,,,,54209.0,52658.5,52018.0,45963.416666666664,52065.945729134415,2069.6428571428573,54.201550387596896,1434.5785654585416,1425.0020827914668,9.576482667074742,55767.35699750463,48268.64300249537,52018.0,7498.713995009253,69.10103320778282,72.3499170065879,62.603265610172656,-45.565927654609105,23.90026539208252,61.68845637085319,465702.35,5716613,93714.25,-5908.0,-4.1320464400615435
2025-09-11,53200,53870,52530,53710,278296,7690,,,,54512.0,53063.0,52182.0,46313.25,52222.52232635971,2061.0714285714284,56.849925705794945,1397.8121183738913,1419.5640899079517,-21.75197153406043,55925.82776256995,48438.17223743005,52182.0,7487.655525139897,67.42091439834296,70.70691613717293,60.84891092068301,-35.93932322053676,39.38278764548844,69.55372411722388,458839.95,5994909,87710.9,-129382.0,-94.38980973502976
2025-09-12,53520,54560,53000,53610,356808,7820,,,,53887.0,53468.5,52225.5,46678.416666666664,52354.66305718259,2062.5,56.05970149253732,1345.0998066309403,1404.6712332525494,-59.571426621609135,56016.54609920742,48434.45390079258,52225.5,7582.0921984148445,59.58572423734328,66.99985217056305,44.75746837090375,-37.106184364060674,45.68507917101237,67.20687962950026,445702.3,5638101,81165.75,130.0,1.6905071521456483
2025-09-15,53630,54100,52720,53545,237981,7850,,,,53454.0,53594.5,52288.75,47060.583333333336,52468.02848030806,2099.6428571428573,57.89149198520345,1283.2870289789862,1380.394392397837,-97.10736341885081,56125.55908403956,48451.94091596044,52288.75,7673.61816807912,53.51484295738574,62.50484909950394,35.534830673149344,-37.864644107351225,36.19087236569254,72.64701592025767,436323.95,5400120,74782.4,30.0,0.38363171355497716
2025-09-16,55600,55900,53500,53670,316394,7850,,,,53484.0,53774.0,52359.25,47437.0,52582.501958373956,2090.3571428571427,67.72241992882562,1230.2053709442262,1350.356588107115,-120.15121716288877,56245.334858352406,48473.165141647594,52359.25,7772.169716704811,48.971359659451764,57.99368595281988,30.92670707271553,-36.406067677946325,56.37232857505451,100.0,423113.3,5716514,68276.05,0.0,0.0
2025-09-17,53665,53800,53020,53490,186238,7880,,,,53605.0,53907.0,52440.0,47818.083333333336,52668.93034329072,2042.857142857143,64.42851754055073,1160.238768541567,1312.3330241940055,-152.0942556524385,56350.75574874165,48529.24425125835,52440.0,7821.511497483298,43.93681826328181,53.30806338964052,25.19432801056439,-38.50641773628938,28.389738636006296,90.39467685611372,397178.65,5530276,61165.75,30.0,0.3821656050955413
2025-09-18,53200,53745,52620,53205,198758,7880,,,,53504.0,54008.0,52523.75,48176.25,52719.98459631065,2031.7857142857142,63.58897989575578,1069.4644929435672,1263.759317943918,-194.29482500035078,56424.17895751629,48623.32104248371,52523.75,7800.857915032582,38.676649717271374,48.43092549885081,19.1680981541125,-41.83197199533256,19.814358547131395,80.0978528620816,384738.9,5331518,54079.25,0.0,0.0
2025-09-19,53365,54100,51925,52700,329612,7900,,,,53322.0,53604.5,52588.5,48499.333333333336,52718.08130142392,1887.142857142857,51.851851851851855,945.8725164158604,1200.1819576383066,-254.30944122244614,56453.56635062542,48723.43364937458,52588.5,7730.132701250841,31.796457192943777,42.886102730215136,9.617166118401059,-72.13403880070547,10.113414681057522,23.584622371864985,378947.25,5001906,47354.4,20.0,0.2538071065989911
2025-09-22,52925,53125,50880,50990,253135,123917,-1920.0,-3.63,39242666240.0,52811.0,53132.5,52559.0,48790.25,52553.502129859735,1921.0714285714287,46.46141543382647,701.8517653879826,1100.5159191882417,-398.6641538002591,56465.26298734684,48652.73701265316,52559.0,7812.525974693679,21.928049815216173,35.90008509188215,-6.01602073811577,-98.13874788494078,-23.376905385801184,0.0,373577.9,4748771,46710.2,116017.0,1468.5696202531644
2025-09-23,50900,51050,49375,50260,296108,116091,-1415.0,-2.74,44570541312.0,52129.0,52806.5,52522.75,49082.916666666664,52335.073355587374,1960.7142857142858,42.664092664092664,444.4354873417833,969.2998328189501,-524.8643454771668,56503.265008995964,48542.234991004036,52522.75,7961.030017991929,19.139772673745647,30.313314285836647,-3.207310550436354,-88.06473364801079,-59.6973097030175,0.0,375092.3,4452663,45640.85,-7826.0,-6.315517644875202
2025-09-24,50300,51630,49920,51380,242016,111187,1210.0,2.41,36964734976.0,51707.0,52656.0,52657.25,49355.083333333336,52244.11398838858,2025.357142857143,47.09654435340221,327.03600468629884,840.8470671924199,-513.8110625061211,56255.94782735806,49058.55217264194,52657.25,7197.3956547161215,23.002504898716765,27.876377823463354,13.254759049223587,-72.96021577882671,-44.28331745789306,17.688537796167143,362072.6,4694679,50856.2,-4904.0,-4.224272338079615
2025-09-25,51480,51685,50840,51365,184786,105474,455.0,0.89,28472185344.0,51339.0,52421.5,52742.25,49627.0,52160.38884663729,1761.4285714285713,21.766561514195587,230.13286580025306,718.7042269139865,-488.5713611137335,56116.6840266184,49367.8159733816,52742.25,6748.868053236802,25.501031362873753,27.08459566993349,22.333902748754277,-73.16250842886042,-41.50850787509283,0.0,352496.7,4509893,48934.3,-5713.0,-5.1381906158094015
2025-09-26,51100,51880,50540,51465,202601,101486,105.0,0.2,31256146944.0,51092.0,52207.0,52837.75,49892.916666666664,52094.16133743374,1698.9285714285713,25.276645311589974,159.56621435620036,606.8766244024293,-447.310410046229,55928.57594139496,49746.92405860504,52837.75,6181.651882789927,27.67757135558122,27.28225423181607,28.468205603111528,-71.81389076196898,-48.52846419369046,7.63794632171848,344973.8,4712494,53664.6,-3988.0,-3.781026603712767
2025-09-29,50950,51530,50005,51280,158112,93768,-140.0,-0.27,24110003712.0,51150.0,51980.5,52787.5,50139.0,52016.62216244005,1558.5714285714287,32.97872340425532,87.70269867375464,503.04183925669446,-415.3391405829398,55948.05541421375,49626.94458578625,52787.5,6321.110828427496,31.890867676207588,28.81845871327991,38.03568560206294,-70.80459770114942,-60.306807013127084,24.3976769814626,326074.5,4554382,58009.0,-7718.0,-7.604989850816857
2025-09-30,51425,51550,50185,51360,163314,87359,535.0,1.05,24873570816.0,51370.0,51749.5,52761.75,50355.25,51954.08671839814,1533.2142857142858,37.34439834024896,36.7816798493368,409.78980737522295,-373.00812752588615,55961.75374177413,49561.74625822587,52761.75,6400.0074835482665,35.26410578766573,30.967007738075182,43.85830188684682,-69.57854406130268,-54.205328944307546,33.897390590563255,307701.3,4717696,55084.2,-6409.0,-6.834954355430423
2025-10-09,51280,51550,49355,50765,201311,84987,0.0,0.0,30309802496.0,51247.0,51477.0,52692.0,50546.833333333336,51840.84036426498,1594.2857142857142,24.59016393442623,-50.997257176619314,317.63239446485454,-368.62965164147386,56006.01235585157,49377.98764414843,52692.0,6628.0247117031395,33.414567188264684,31.78286088813835,36.67797978851735,-78.4568372803667,-64.6767912739544,6.144162066901464,299628.9,4516385,58990.05,-2372.0,-2.7152325461600957
2025-10-10,50750,50930,48885,48965,203722,91009,-1220.0,-2.43,30507009536.0,50767.0,51053.0,52530.5,50673.833333333336,51566.950805763554,1628.9285714285713,19.012675116744504,-262.77850690149353,201.55021419158496,-464.32872109307846,56237.948973989645,48823.051026010355,52530.5,7414.897947979291,22.905308943119852,28.82367690646552,11.068573016428523,-98.85958660014255,-83.80329591686814,0.0,296411.0,4312663,63197.0,6022.0,7.0857895913492674
2025-10-13,48575,49825,47720,48740,246976,87665,-1175.0,-2.35,36118771968.0,50222.0,50657.0,52130.75,50797.333333333336,51297.71739569084,1680.7142857142858,18.615284128020903,-443.6580785446131,72.50855564434536,-516.1666341889585,55648.63404554425,48612.86595445575,52130.75,7035.768091088496,23.443282885156826,27.030212232695952,16.269424190078567,-87.53056234718827,-94.93313392394963,0.0,275497.7,4065687,67236.75,-3344.0,-3.674361876297949
2025-10-14,48695,50445,48275,49990,297703,81388,1245.0,2.55,43948533760.0,49964.0,50557.0,51844.75,50934.416666666664,51173.17288181552,1664.2857142857142,29.043280182232337,-480.6018104183386,-38.11351756819142,-442.48829285014716,55053.931687792574,48635.568312207426,51844.75,6418.363375585148,33.81795782087378,29.292794095421897,42.86828527177755,-64.42006269592477,-67.81997471825629,22.761973511695857,267538.85,4363390,70962.65,-6277.0,-7.160212171334058
2025-10-15,49975,51580,49780,50865,276176,80114,1660.0,3.37,42094503168.0,49865.0,50617.5,51712.0,51074.333333333336,51143.823083547366,1737.142857142857,36.147757255936675,-434.2688161835831,-117.34457729126977,-316.9242388923133,54848.22367623364,48575.77632376636,51712.0,6272.447352467279,47.745625726736364,35.44373797252672,72.34940123515565,-50.705329153605014,-29.637226504951272,38.98383894990893,252101.3,4639566,67819.35,-1274.0,-1.5653413279598904
2025-10-16,50690,52880,50520,52575,266129,78885,1770.0,3.48,41322264576.0,50227.0,50737.0,51696.5,51234.833333333336,51280.12564701904,1825.357142857143,47.11009174311927,-256.60884843631356,-145.19743152027854,-111.41141691603502,54811.305223275995,48581.694776724005,51696.5,6229.610446551989,63.19346624676481,44.69364739727274,100.19310394574893,-23.90282131661442,10.651917602927217,85.733303907513,244808.8,4905695,64910.0,-1229.0,-1.5340639588586225
2025-10-17,52020,52925,51670,52340,194797,68227,585.0,1.13,30535196928.0,50902.0,50834.5,51628.0,51345.5,51381.06606158866,1759.642857142857,48.30667920978363,-133.23868739858153,-142.80568269593914,9.566995297357607,54613.95378396921,48642.04621603079,51628.0,5971.907567938426,71.71591313665203,53.70106931039918,107.74560078915775,-14.52358926919519,23.057378279014983,100.0,240633.85,4710898,67936.85,-10658.0,-13.510806870761238
2025-10-20,52700,52700,50310,50340,150772,56806,-1910.0,-3.66,23225390080.0,51222.0,50722.0,51464.5,51453.666666666664,51281.91691286593,1770.0,47.023809523809526,-194.6069237661941,-153.16593090999012,-41.44099285620396,54349.91140002054,48579.08859997946,51464.5,5770.8228000410745,64.58934715033928,57.33049525704588,79.10705093692607,-49.66378482228626,-12.14307240071596,95.67932162688416,230332.05,4560126,70386.15,-11421.0,-16.739707154059246
2025-10-21,50210,51125,49855,50715,121870,52237,-630.0,-1.23,18496242688.0,51367.0,50665.5,51323.0,51537.916666666664,51227.92482592632,1741.0714285714287,52.15333648840511,-210.55517819931265,-164.64378036785465,-45.911397831458004,54052.15718626987,48593.84281373013,51323.0,5458.3143725397385,62.23984014313365,58.966943552408466,68.78563332458401,-42.45917387127762,-27.312928147408158,100.0,224526.5,4681996,72605.5,-4569.0,-8.04316445445904
2025-10-22,50700,50835,49870,50310,100492,49016,-280.0,-0.55,15144946688.0,51256.0,50560.5,51155.0,51558.0,51140.50341393334,1687.857142857143,44.56852791878172,-252.95845243382064,-182.30671478104784,-70.6517376527728,53682.02029650484,48627.97970349516,51155.0,5054.040593009675,58.079842195966776,58.671243100261236,56.89704038737787,-50.24015369836695,-32.475499709690986,77.38446917513102,213731.4,4581504,74663.8,-3221.0,-6.166127457549242
2025-10-23,50225,51195,50225,50760,86148,45407,525.0,1.05,13122676992.0,50893.0,50560.0,51018.5,51569.333333333336,51104.26499355874,1696.7857142857142,47.05882352941176,-247.4002376325443,-195.32541935134714,-52.07481828119717,53297.181751872304,48739.818248127696,51018.5,4557.363503744607,58.18835461159233,58.51028027070493,57.54450329336713,-41.59462055715658,-12.14205435594043,84.80975310000086,208726.9,4667652,76540.15,-3609.0,-7.362901909580543
2025-10-24,52680,53030,52045,52305,169042,81555,-810.0,-1.52,26621693440.0,50886.0,50894.0,50973.5,51545.0,51218.62070845791,1763.2142857142858,53.58056265984654,-116.97827176109422,-179.6559898332966,62.67771807220237,53100.89796588772,48846.10203411228,50973.5,4254.795931775443,67.04320030537981,61.35458694892989,78.42042701827967,-13.653483992467043,74.03275057353255,100.0,207241.1,4836694,80223.9,36148.0,79.60887087893937
2025-10-27,52510,54520,52425,54500,238898,105877,2005.0,3.82,38352378368.0,51718.0,51470.0,51063.5,51602.916666666664,51531.133021938105,1812.5,61.71761280931586,161.6369809502794,-111.3973956765814,273.03437662686076,53609.54150956364,48517.45849043636,51063.5,5092.0830191272835,77.88815322749653,66.8657757084521,99.93290826558538,-0.29411764705882354,125.3034718274029,100.0,202705.4,5075592,85122.75,24322.0,29.822818956532405
2025-10-28,54325,55090,54190,54355,208200,114932,845.0,1.58,34101843968.0,52446.0,51906.5,51231.75,51685.416666666664,51800.072734134475,1779.2857142857142,60.847519014849695,366.5163159127478,-15.814653358715546,382.33096927146335,54171.61980556695,48291.88019443305,51231.75,5879.739611133904,80.57873061393751,71.43676067694724,98.86267048791802,-9.972862957937584,124.082536403893,97.98132996270395,200458.65,4867392,84673.5,9055.0,8.552376814605633
2025-10-29,54600,55880,54000,54990,307284,118430,395.0,0.72,50730599168.0,53382.0,52319.0,51468.25,51755.166666666664,52103.87533088357,1756.7857142857142,65.25821596244131,573.512759932768,102.05082929958117,471.4619306331868,54812.21435859879,48124.28564140121,51468.25,6687.928717197574,82.12855899850328,75.00069345079925,96.38429009391135,-10.906862745098039,112.18699289634124,99.99999999999999,201017.45,5174676,84790.45,3498.0,3.0435387881529996
2025-10-30,54900,55455,54435,54950,223914,126052,-80.0,-0.15,36886027776.0,54220.0,52556.5,51646.75,51759.25,52374.93482318038,1683.5714285714287,74.76210177906495,725.9628199492217,226.8332274295093,499.12959251971245,55334.354093089234,47959.145906910766,51646.75,7375.208186178468,82.94047778323454,77.64728822827769,93.52685689314825,-11.397058823529411,94.72937790703178,100.0,200112.35,4950762,85533.7,7622.0,6.435869289875873
2025-10-31,54970,56655,54970,56410,313999,142356,1500.0,2.73,52722643968.0,55041.0,52963.5,51899.0,51880.583333333336,52759.22674478225,1655.0,78.79129129129129,953.5979060595637,372.1861631555202,581.4117429040434,56152.27316681859,47645.72683318141,51899.0,8506.546333637176,87.42600479666616,80.90686041774052,100.46429355451744,-2.9236276849642007,103.24027977808528,100.0,206573.0,5264761,87377.8,16304.0,12.934344556214894
2025-11-03,56320,56370,55275,56065,215288,143844,100.0,0.18,36105985280.0,55354.0,53536.0,52129.0,51995.0,53074.06229289823,1581.0714285714287,74.46637132501007,1093.5559033703976,516.4601111984957,577.0957921719018,56763.840143726076,47494.159856273924,52129.0,9269.680287452153,88.7187858064731,83.51083554731804,99.13468632478322,-8.581818181818182,86.78438776231016,89.85797011407277,207207.35,5049473,89495.7,1488.0,1.0452667959200967
2025-11-04,56000,56095,53580,53715,274348,128876,-2185.0,-3.91,45015692800.0,55226.0,53836.0,52250.75,52078.25,53135.10397928887,1632.142857142857,60.259179265658744,1003.2830419658349,613.8246973519636,389.4583446138713,56919.490701392846,47582.009298607154,52250.75,9337.481402785692,77.23813299488046,81.41993469650552,68.87452959163033,-43.23529411764706,49.39613472304954,45.84858088777541,213019.15,4775125,91251.1,-14968.0,-10.405717304858042
2025-11-05,53500,53855,53045,53355,175236,125062,-1335.0,-2.44,28097356288.0,54899.0,54140.5,52350.5,52128.666666666664,53156.046457451834,1521.4285714285713,53.110047846889955,892.405067452688,669.5407713721085,222.8642960805795,57024.3543769401,47676.6456230599,52350.5,9347.7087538802,60.96425062999262,74.60137334100122,33.69000520797542,-48.529411764705884,23.786678298653207,24.95859213686251,213615.25,4599889,93136.25,-3814.0,-2.959433874421924
2025-11-06,53455,54400,53175,53395,256104,122244,-50.0,-0.09,41305067008.0,54588.0,54404.0,52482.0,52162.833333333336,53178.803937694516,1519.2857142857142,54.27298501417578,798.5558843731196,695.3437939723107,103.21209040080896,57115.849598904046,47848.150401095954,52482.0,9267.699197808091,48.286647780121164,65.82979815404121,13.200347032281059,-47.94117647058823,25.88064181953119,28.356731423942957,216354.9,4855993,94999.1,-2818.0,-2.2532823719435213
2025-11-07,53000,53830,52080,53215,269434,125517,-545.0,-1.01,42957544192.0,53949.0,54495.0,52694.5,52214.583333333336,53182.25118172361,1473.5714285714287,63.657957244655584,701.5679958136461,696.5886343405778,4.979361473068366,57029.41443489889,48359.58556510111,52694.5,8669.828869797784,40.46067957654708,57.373425294876505,6.635188139888228,-50.588235294117645,8.750525572782422,55.77991793967172,219640.5,4586559,96724.5,3273.0,2.6774320212034963
2025-11-10,53000,53985,52500,53720,218786,125974,575.0,1.08,34959596544.0,53480.0,54417.0,52943.5,52263.416666666664,53233.46535489279,1488.9285714285713,64.1013608634444,657.8701572463833,688.844938921739,-30.974781675355644,56875.369918070995,49011.630081929005,52943.5,7863.739836141991,38.922784562871094,51.22321171754137,14.321930253530539,-43.257184966838615,12.976507009208063,57.07555737697382,218231.0,4805345,98639.95,457.0,0.3640941067743819
2025-11-11,53600,54565,51800,51930,324598,138468,-1330.0,-2.5,51835317760.0,53123.0,54174.5,53040.5,52245.833333333336,53109.32579728395,1617.5,56.72757475083056,473.3448403375951,645.7449192049102,-172.40007886731507,56755.30522971755,49325.69477028245,53040.5,7429.610459435105,26.84107367699817,43.095832370693635,-5.668443710392765,-73.48367029548989,-8.289854350309493,30.469584949941876,219575.75,4480747,101493.95,12494.0,9.91791957070507
2025-11-12,51890,53550,51150,53460,413154,140617,230.0,0.43,64786194944.0,53144.0,54021.5,53170.25,52273.5,53142.72334039977,1719.642857142857,60.289634146341456,445.43076195791946,605.682087755512,-160.25132579759259,56743.70251748738,49596.79748251262,53170.25,7146.905034974756,31.881333405010587,39.35766604879929,16.928668117433176,-58.038147138964575,-12.955927927764769,27.956536898203403,226424.65,4893901,104519.1,2149.0,1.551983129676171
2025-11-13,53500,54480,53160,54195,277916,144026,1930.0,3.69,44972646400.0,53304.0,53946.0,53251.25,52321.916666666664,53242.9401651236,1651.7857142857142,57.67668562144598,477.11710212248,579.9690906289056,-102.85198850642564,56841.29453131743,49661.20546868257,53251.25,7180.0890626348555,40.6986667144515,39.804666270683356,42.48666760198779,-44.6866485013624,20.58679315563833,17.781996360271968,227014.0,5171817,107776.15,3409.0,2.4243156944039557
2025-11-14,54200,54770,53705,54045,270607,145191,105.0,0.19,44023144140.0,53470.0,53709.5,53336.5,52382.166666666664,53319.326816064204,1569.642857142857,47.78373112518266,484.53953840955364,560.8831801850353,-76.34364177548161,56916.394294234786,49756.605705765214,53336.5,7159.788588469572,46.647105750315156,42.08547943056062,55.77035838982424,-47.41144414168937,24.675844925427686,0.0,230804.5,4901210,111624.35,1165.0,0.8088817296876938
2025-11-17,54060,54460,52595,52655,249766,136243,-1570.0,-2.9,39786236928.0,53257.0,53368.5,53452.25,52380.75,53256.057595486665,1638.5714285714287,42.61511728931364,373.94982851014356,523.4965098500569,-149.54668133991333,56763.84919231274,50140.65080768726,53452.25,6623.198384625473,44.95626571199647,43.042408191039236,48.78398075391094,-72.66121707538602,-6.8610533007357155,0.0,235754.2,4651444,115596.2,-8948.0,-6.162916434214239
2025-11-18,52000,52800,51670,52210,173704,137091,-885.0,-1.67,27299705088.0,53313.0,53218.0,53527.0,52379.583333333336,53156.43306258318,1585.0,37.72084805653711,247.5453568965313,468.3062792593518,-220.7609223628205,56639.98367622143,50414.01632377857,53527.0,6225.967352442865,39.73143312659802,41.9387498362255,35.316799707343066,-80.7447774750227,-44.67399231632987,0.0,238345.9,4477740,119838.9,848.0,0.6224172985034082
2025-11-19,52300,54985,52300,54625,361538,134317,2240.0,4.28,58245957120.0,53546.0,53345.0,53742.75,52419.0,53296.296580432405,1710.357142857143,48.813435560423514,338.3390574055593,442.31283488859333,-103.97377748303404,56494.06447053758,50991.43552946242,53742.75,5502.628941075163,56.69188110221702,46.85646025822267,76.36272279020571,-36.8755676657584,9.948928363962132,27.008687100069473,251398.2,4839278,124103.95,-2774.0,-2.0234734592351034
2025-11-20,54500,55300,52160,52450,304835,134292,-1250.0,-2.33,48921647616.0,53197.0,53250.5,53827.25,52428.583333333336,53215.69690610551,1812.857142857143,36.25954198473283,232.11373378836288,400.27301466854726,-168.15928088018438,56280.510934048056,51373.989065951944,53827.25,4906.521868096112,48.236354469751106,47.31642499539882,50.076213418455666,-75.09578544061303,-25.85531755730175,0.0,262332.55,4534443,128548.2,-25.0,-0.01861268491702983
2025-11-21,52330,53570,51710,53360,343398,126266,-135.0,-0.25,54306648576.0,53060.0,53265.0,53880.0,52459.083333333336,53229.44005790499,1864.642857142857,40.968280467445744,218.8361869795699,363.9856491307518,-145.14946215118192,56239.00291157984,51520.99708842016,53880.0,4718.005823159678,49.90857366256499,48.18047455112088,53.364771885453194,-55.30839231547017,-48.10068324722098,16.912467189107804,271050.35,4877841,130783.75,-8026.0,-5.976528758228339
2025-11-24,53600,53820,52735,53315,187876,128427,605.0,1.15,30010552320.0,53192.0,53224.5,53820.75,52490.916666666664,53237.5886238188,1762.5,48.42146803472771,202.3499473205011,331.6585087687017,-129.30856144820063,56173.703966490015,51467.796033509985,53820.75,4705.90793298003,50.66194067464173,49.00762992562783,53.97056217266952,-47.83132530120482,-26.672647976178673,43.68222529920321,268499.25,4689965,131911.25,2161.0,1.7114662696212868
2025-11-25,53315,54795,53315,54730,235600,129077,1485.0,2.79,38385446144.0,53696.0,53504.5,53839.5,52543.416666666664,53379.723040597964,1810.357142857143,55.009107468123865,300.00488835888973,325.32778468673934,-25.322896327849605,56216.23570924051,51462.76429075949,53839.5,4753.471418481015,61.87380067014682,53.29635350713416,79.02869499617216,-13.734939759036145,21.90324773461835,67.34317741621163,269869.25,4925565,132618.5,650.0,0.5061241016297124
2025-11-26,54730,56580,54550,55895,330316,143043,1590.0,2.93,55238099712.0,53950.0,53748.0,53884.75,52625.25,53619.27322720768,1867.857142857143,58.417508417508415,466.0307836071006,353.4683844708116,112.562399136289,56384.965727534436,51384.534272465564,53884.75,5000.431455068872,69.93216039245362,58.84162246890731,92.11323623954625,-12.615101289134438,83.69781807368973,79.58519710692474,271020.85,5255881,133849.15,13966.0,10.81989820029905
2025-11-27,56195,57070,55110,55235,324070,141586,-505.0,-0.91,54499794944.0,54507.0,53852.0,53899.0,52734.333333333336,53773.15196747362,1882.857142857143,56.58838878016961,538.1475871934963,390.4042250153486,147.74336217814772,56427.86410947891,51370.13589052109,53899.0,5057.728218957825,68.62761310114192,62.10361934631885,81.67560061078805,-30.99662162162162,83.07416875089565,73.01551268613646,276028.65,4931811,134625.85,-1457.0,-1.018574834140784
2025-11-28,55215,56450,55215,56425,181263,144759,370.0,0.66,30391509760.0,55120.0,54090.0,53899.75,52847.0,54025.708922952326,1865.0,58.44520761785826,683.4453952775075,449.0124590677804,234.43293620972707,56431.75664129836,51367.74335870164,53899.75,5064.013282596716,75.10359391927979,66.4369442039725,92.43689334989438,-10.89527027027027,92.74411230662633,92.32451329741498,269391.85,5113074,134746.0,3173.0,2.2410407808681754
2025-12-01,57000,59200,56710,57705,338696,142133,1820.0,3.26,58809691904.0,55998.0,54595.0,53981.75,52982.833333333336,54376.117596956865,1865.7142857142858,68.62302483069978,891.6024198985688,537.5304512339382,354.0719686646306,56887.630200015505,51075.869799984495,53981.75,5811.760400031009,76.74908041436632,69.87432294077044,90.49859536155807,-18.571428571428573,139.64519324385788,100.0,275562.25,5451770,134660.45,-2626.0,-1.8140495582312677
2025-12-02,56505,57100,55750,56315,245798,129296,-1560.0,-2.7,41566586368.0,56315.0,55005.5,54111.75,53050.0,54560.77306391336,1833.9285714285713,59.290595509274326,933.644505628472,616.7532621128449,316.891243515627,57194.62506788883,51028.87493211117,54111.75,6165.750135777664,71.66004559889664,70.4695638268125,74.04100914306491,-38.31341301460824,77.15328889389136,71.16370519871772,274134.75,5205972,134681.45,-12837.0,-9.031681593999984
2025-12-03,56085,57580,55935,57430,182425,127738,1065.0,1.89,31131904512.0,56622.0,55286.0,54315.5,53142.583333333336,54834.032772112085,1857.142857142857,60.27310257224516,1044.8895072045707,702.3805111311901,342.50899607338056,57710.61708192811,50920.38291807189,54315.5,6790.234163856221,73.22952750651854,71.38955172004785,76.90947907945991,-23.50597609561753,84.20724856875559,74.19955602987531,274494.2,5388397,134815.25,-1558.0,-1.2049870065585888
2025-12-04,57270,57935,56480,56915,175576,116653,30.0,0.05,30131988224.0,56958.0,55732.5,54491.5,53221.833333333336,55032.22012714903,1885.0,58.90751086281812,1079.0570781578717,777.7158245365265,301.34125362134523,58046.86525623784,50936.13474376216,54491.5,7110.730512475682,70.37163138227814,71.05024494079127,69.01440426525187,-30.345285524568393,77.45042872471049,69.98001106950584,270467.8,5212821,134535.7,-11085.0,-8.677918865177158
2025-12-05,56800,57000,55350,55510,159380,97991,-1695.0,-2.96,26791458560.0,56775.0,55947.5,54606.25,53277.083333333336,55077.72297218245,1869.642857142857,58.85271317829458,981.4498237405642,818.4626243773341,162.98719936323005,58136.19688345307,51076.30311654693,54606.25,7059.8937669061415,59.34715952248166,67.1492164680214,43.7430456314022,-49.00398406374502,39.52735177973241,69.81069157820032,264965.1,5053441,133159.4,-18662.0,-15.997874036672865
2025-12-08,52780,54550,52750,54545,157970,79367,-1485.0,-2.65,25475424256.0,56143.0,56070.5,54647.5,53240.583333333336,55026.987451022214,1986.0714285714287,57.01411835386002,816.8122332570274,818.1325461532729,-1.3203128962454684,58153.037724350164,51141.962275649836,54647.5,7011.075448700329,48.84125880310147,61.04656391304809,24.43064858320821,-62.149532710280376,-20.03207591095777,64.12961320605694,261924.3,4895471,130829.05,-18624.0,-19.005827065750935
2025-12-09,54285,55825,54115,55610,158738,68874,1855.0,3.45,26204560640.0,56002.0,56158.5,54831.5,53238.916666666664,55082.51245568676,1910.0,53.22000653808434,763.4715315020512,807.2003432230287,-43.72881172097743,58115.792922380715,51547.207077619285,54831.5,6568.58584476143,47.34120095917359,56.478109595089926,29.06738368734092,-47.930574098798395,13.24531730368234,52.406178389620024,253631.3,5054209,127349.35,-10493.0,-13.220860055186668
2025-12-10,56000,57140,55585,55915,116207,54959,890.0,1.62,19579230464.0,55699.0,56160.5,54954.25,53278.833333333336,55161.79698371659,1796.7857142857142,62.90502793296089,737.310337460367,793.2223420704963,-55.912004610129316,58206.06289518066,51702.43710481934,54954.25,6503.625790361315,47.91738978673588,53.62453632563858,36.50309670893047,-43.858477970627504,40.33417316129793,79.3236313356177,238783.95,5170416,123066.45,-13915.0,-20.203560124284927
2025-12-11,54700,56280,54325,55765,197180,117281,725.0,1.32,32882353408.0,55469.0,56213.5,55032.75,53326.833333333336,55219.244890029295,1803.5714285714287,59.49467035136202,696.4454664880031,773.8669669539977,-77.42150046599454,58283.19041550324,51782.30958449676,55032.75,6500.880831006478,47.526321873327795,51.591798174868316,39.39536927024676,-53.1322505800464,14.431351405859182,54.813608814753145,234747.15,4973236,121729.2,62322.0,113.39725977546897
2025-12-12,56000,57635,54380,57190,314687,126436,1605.0,2.89,52877769728.0,55805.0,56290.0,55190.0,53384.833333333336,55406.935852883646,1958.5714285714287,63.79494482022072,770.1673428887079,773.1270421409398,-2.9596992522318715,58541.95151327827,51838.04848672173,55190.0,6703.903026556538,60.22809114923878,54.47056249965847,71.74314844839941,-31.162790697674417,40.27177134262787,68.65497450721233,236951.15,5287923,120791.45,9155.0,7.8060384887577605
2025-12-15,57000,58985,56320,58030,314139,142844,2020.0,3.61,54420445440.0,56502.0,56322.5,55458.75,53458.5,55656.751485942346,2043.2142857142858,62.249443207126944,886.158358953202,795.7333055033923,90.42505344980964,58816.81472305264,52100.68527694736,55458.75,6716.129446105275,68.37980735797956,59.10697745243216,86.92546716907435,-18.13953488372093,74.18869756822934,58.62121629350739,240169.8,5602062,121121.5,16408.0,12.977316587047994
2025-12-16,60000,60080,58315,58600,276948,148018,855.0,1.48,49040366336.0,57100.0,56551.0,55778.25,53542.75,55937.06086823355,2044.642857142857,60.50485436893204,1012.4059258532652,839.0678295733669,173.3380962798983,59049.6673252261,52506.8326747739,55778.25,6542.834650452205,72.18953960290952,63.46783150259128,89.632955803546,-20.19099590723056,99.59828773992159,47.2949372159106,245332.0,5879010,121667.85,5174.0,3.6221332362577296
2025-12-17,58600,61985,58595,61595,373299,153468,2575.0,4.36,68180253696.0,58236.0,56967.5,56126.75,53674.833333333336,56475.91221411607,2146.785714285714,70.90729783037476,1338.6978266911756,938.9938289969288,399.7039976942468,60253.96044443237,51999.53955556763,56126.75,8254.42088886474,80.05200492567185,68.99588931028481,102.16423615644595,-4.223064428803465,120.04928648533813,100.0,245920.05,6252309,122625.4,5450.0,3.681984623491741
2025-12-18,61500,61960,58960,59300,398819,139860,-1580.0,-2.6,72339988480.0,58943.0,57206.0,56469.25,53771.666666666664,56744.87295562882,2272.8571428571427,58.81091020533252,1396.0068905762455,1030.3964413127921,365.61044926345335,60445.91254540161,52492.58745459839,56469.25,7953.3250908032205,77.00994517152714,71.66724126403226,87.6953529865169,-29.07417433676232,90.67282815494775,31.609722341629297,250619.25,5853490,122903.8,-13608.0,-8.866995073891626
2025-12-19,59010,61400,58350,60245,278789,139187,-215.0,-0.36,50265426944.0,59554.0,57679.5,56813.5,53889.0,57078.218388426074,2292.5,57.947434292866085,1500.3828592545615,1124.393724901146,375.98913435341547,60848.4644229828,52778.5355770172,56813.5,8069.9288459655945,77.30353820414388,73.54600691073612,84.81860079095938,-18.841364374661612,80.82962269885853,26.727822121877683,247388.8,6132279,123549.85,-673.0,-0.4811954811954844
2025-12-22,60000,61150,58400,58845,213280,134949,-1250.0,-2.08,38244567040.0,59717.0,58109.5,57090.0,53991.416666666664,57246.483303814064,2349.285714285714,57.91119449656035,1453.3796112474884,1190.1909021704146,263.1887090770738,60865.0677930476,53314.9322069524,57090.0,7550.135586095203,71.20496976882004,72.7656611967641,68.0835869129319,-34.001082837033024,62.5704357955574,26.522930396475203,248659.0,5918999,123875.95,-4238.0,-3.0448245885032366
2025-12-23,58580,59715,58070,59225,153313,131603,-545.0,-0.91,27168826112.0,59842.0,58471.0,57314.75,54128.666666666664,57434.91346535558,2349.285714285714,55.88331694526385,1430.3043643901256,1238.213594614357,192.09076977576865,61033.01993584241,53596.48006415759,57314.75,7436.539871684814,68.79286931498359,71.4413972361706,63.49581347260957,-29.886302111532213,46.241202427470085,15.057763018469648,244544.65,6072312,124002.25,-3346.0,-2.4794552015946714
2025-12-24,58000,58980,57025,58300,197440,127084,-770.0,-1.3,34342593024.0,59183.0,58709.5,57435.0,54262.666666666664,57517.302659131245,2402.5,54.42068305138845,1322.1365286541259,1254.9981814223106,67.13834723181526,61115.30605134668,53754.69394865332,57435.0,7360.612102693354,63.043591596795984,68.6421286897124,51.84651741096317,-39.90254466702761,19.513275818702276,6.7883572077962215,237900.85,5874872,123204.3,-4519.0,-3.433812299111727
2025-12-25,57780,61050,57600,60760,124231,132126,2785.0,4.8,22263635200.0,59475.0,59209.0,57711.25,54419.0,57826.13097730922,2531.0714285714284,65.69976076555024,1418.5618820956734,1287.710921556983,130.8509605386903,61523.32068333431,53899.17931666569,57711.25,7624.141366668613,68.15439204423056,68.47954980788512,67.50407651692143,-13.264753654574987,58.6424530932473,70.5577469225353,227908.9,5999103,122731.3,5042.0,3.9674545969594854
2025-12-26,60000,60720,58000,58955,131090,119162,-780.0,-1.31,23351495424.0,59217.0,59385.5,57837.75,54545.5,57933.64231280358,2531.0714285714284,62.55694760820045,1333.9542600673085,1296.9595892590482,36.99467080826025,61637.995802299476,54037.504197700524,57837.75,7600.491604598952,58.40669147034726,65.12193036203917,44.97621368696346,-38.50063532401525,39.27375569931605,52.78898230271088,225400.25,5868013,121451.45,-12964.0,-9.811846267956348
2025-12-29,59000,60000,55645,56500,69428,95631,-2875.0,-4.84,12081341440.0,58748.0,59232.5,57777.5,54629.416666666664,57797.10494967943,2720.0,52.348284960422156,1056.62402332067,1248.8924760713726,-192.26845275070264,61624.528244735084,53930.471755264916,57777.5,7694.056489470167,43.4330624523661,57.89230772548148,14.514571906135345,-71.60574412532637,-8.629438632746306,0.0,211936.85,5798585,119126.35,-23531.0,-19.7470670180091
2025-12-30,56500,58395,56000,57890,42713,83335,-110.0,-0.19,7346355200.0,58481.0,59161.5,57856.25,54739.583333333336,57805.95209732901,2780.0,54.928874469678064,938.1843902762121,1186.7508589123406,-248.56646863612855,61641.20480748937,54071.29519251063,57856.25,7569.9096149787365,40.805467340901764,52.19669426395491,18.023013494795464,-53.45953002610966,-8.881989859327689,13.90477784211213,201782.6,5841298,116828.3,-12296.0,-12.857755330384501
2025-12-31,57660,58190,56515,57920,23571,76368,590.0,1.03,4053325680.0,58405.0,58794.0,57880.75,54848.916666666664,57816.81380234529,2760.0,55.41049460205875,837.0914083721291,1116.8189688042983,-279.7275604321692,61660.42733933384,54101.07266066616,57880.75,7559.354678667674,40.38059247574743,48.25799366788575,24.62579009147079,-53.451676528599606,-6.6356941192909265,16.499851921512313,193839.9,5864869,114259.8,-6967.0,-8.360232795344091
