时间,开盘,最高,最低,收盘,成交量,持仓量,涨跌,涨跌幅,成交额,MA5,MA10,MA20,MA60,EMA20,ATR14,RSI14,MACD,MACD_SIGNAL,MACD_HIST,BOLL_UP,BOLL_LOW,BOLL_MID,BOLL_WIDTH,KDJ_K,KDJ_D,KDJ_J,WILLIAMS_R14,CCI20,STOCH_RSI,VOL_MA20,OBV,OI_MA20,OI_CHANGE,OI_CHANGE_PCT,动态结算价
2019-09-25,15575,15760,15280,15575,93230,10679,,,,15575.0,15575.0,15575.0,15575.0,15575.0,480.0,0.0,0.0,0.0,0.0,15575.0,15575.0,15575.0,0.0,61.458333333333336,61.458333333333336,61.45833333333333,-38.541666666666664,0.0,0.0,93230.0,0,10679.0,0.0,0.0,
2019-09-26,15565,15935,15550,15705,53364,9684,,,,15640.0,15640.0,15640.0,15640.0,15587.380952380952,432.5,99.99999999984615,10.370370370370438,2.0740740740740877,8.296296296296351,15823.847763108502,15456.152236891498,15640.0,367.69552621700495,62.60072094995759,61.839129205541425,64.12390443878994,-35.11450381679389,35.35533905932721,100.0,73297.0,53364,10181.5,-995.0,-9.317351811967411,
2019-09-27,15715,15800,15580,15725,14167,7952,,,,15668.333333333334,15668.333333333334,15668.333333333334,15668.333333333334,15600.48752834467,361.6666666666667,99.9999999998,19.97256515775007,5.653772290809284,14.318792866940784,15831.223889638275,15505.442777028393,15668.333333333334,325.78111260988226,64.38012439920837,62.68612760343041,67.7681179907643,-32.06106870229008,21.74874814049542,99.99999999995384,53587.0,67531,9438.333333333334,-1732.0,-17.88517141676993,
2019-09-30,15735,15790,15635,15700,7757,7295,,,,15676.25,15676.25,15676.25,15676.25,15609.96490659756,310.0,85.71428571428571,25.27374266743027,9.577766366133481,15.695976301296788,15812.967470232104,15539.532529767896,15676.25,273.4349404642089,64.2941287343323,63.2221279803977,66.43813024220151,-35.87786259541985,21.934287623862602,85.71428571441757,42129.5,59774,8902.5,-657.0,-8.262072434607648,
2019-10-08,15630,15800,15545,15675,3700,7307,,,,15676.0,15676.0,15676.0,15676.0,15616.15872501684,299.0,75.0,27.14476501641184,13.091166096189154,14.053598920222685,15794.406080924926,15557.593919075074,15676.0,236.8121618498517,62.96453366003833,63.13626320694458,62.621074566225815,-39.69465648854962,1.9603702884135763,75.00000000011539,34443.6,56074,8583.4,12.0,0.1644962302947306,
2019-10-09,15630,15695,15630,15675,2449,7250,,,,15696.0,15675.833333333334,15675.833333333334,15675.833333333334,15621.762655967617,260.0,75.0,28.301323665711607,16.133197610093646,12.168126055617961,15781.742099102115,15569.924567564552,15675.833333333334,211.8175315375629,62.078136943842345,62.783554452577164,60.667301926372716,-39.69465648854962,-2.231814981060954,75.00000000011539,29111.166666666668,56074,8361.166666666666,-57.0,-0.7800739017380542,
2019-10-10,15685,15895,15600,15765,5783,7643,,,,15708.0,15688.57142857143,15688.57142857143,15688.57142857143,15635.404307780225,265.0,82.75862068965517,36.06442433207849,20.119442954490616,15.944981377587872,15806.429292927085,15570.713564215774,15688.57142857143,235.71572871131139,66.06735847146741,63.87815579220725,70.44576382998775,-25.954198473282442,51.171140788014796,82.7586206897825,25778.571428571428,61857,8258.57142857143,393.0,5.420689655172417,
2019-10-11,15800,15800,15705,15745,3957,7327,,,,15712.0,15695.625,15695.625,15695.625,15645.841992753536,243.75,77.41935483870968,40.140193522742265,24.12359306814095,16.016600454601317,15811.806815641323,15579.443184358677,15695.625,232.36363128264566,67.70902778504953,65.15511312315468,72.81685710883923,-29.00763358778626,43.210124767684796,77.41935483882878,23050.875,57900,8142.125,-316.0,-4.134502158838149,
2019-10-14,15775,15830,15735,15765,4921,7387,,,,15725.0,15703.333333333334,15703.333333333334,15703.333333333334,15657.190374396056,227.22222222222223,78.78787878787878,44.47146347528178,28.193167149569113,16.278296325712667,15821.44345144351,15585.223215223157,15703.333333333334,236.2202362203534,69.82128569893887,66.71050398174941,76.04284913331776,-25.954198473282442,54.23919137794754,78.78787878799999,21036.444444444445,62821,8058.222222222223,60.0,0.818889040534998,
2019-10-15,15735,15820,15165,15440,11535,7385,,,,15678.0,15677.0,15677.0,15677.0,15636.505576834526,270.0,39.69465648854962,21.43218536430504,26.840970792516302,-5.40878542821126,15877.344148349228,15476.655851650772,15677.0,400.6882966984558,58.45228570405449,63.9577645558511,47.44132800046128,-64.28571428571429,-103.70993596264147,39.69465648861068,20086.3,51286,7990.9,-2.0,-0.027074590496822815,
2019-10-16,15405,15585,15405,15490,4900,7031,,,,15641.0,15668.5,15660.0,15660.0,15622.552664755049,261.8181818181818,43.971631205673766,7.125831455543448,22.897942925121733,-15.772111469578284,15880.99773754498,15439.00226245502,15660.0,441.99547508995965,53.80837311777149,60.57463407649123,40.27585120033201,-57.79220779220779,-77.51481877613104,43.97163120574142,18705.727272727272,56186,7903.636363636364,-354.0,-4.793500338524037,
2019-10-17,15465,15510,15115,15180,10988,7433,,,,15524.0,15616.0,15620.0,15620.0,15580.404791921235,272.9166666666667,30.541871921182263,-28.893401167626507,12.539674106572084,-41.43307527419859,15968.137903710583,15271.862096289417,15620.0,696.275807421167,38.650026522958775,53.26643155864708,9.417216451582178,-92.07317073170732,-117.51684532498317,30.54187192122925,18062.583333333332,45198,7864.416666666667,402.0,5.7175366235243885,
2019-10-18,15175,15245,14790,15020,13475,8084,,,,15379.0,15545.5,15573.846153846154,15573.846153846154,15527.032906976356,286.9230769230769,26.382978723404264,-69.54786090181733,-3.877832895105799,-65.67002800671153,16044.876121862237,15102.816185830072,15573.846153846154,942.0599360321648,32.704844227975535,46.4125691150899,5.2893944537467945,-79.91266375545851,-125.77144593047748,26.38297872344485,17709.69230769231,31723,7881.307692307692,651.0,8.758240279833185,
2019-10-21,15180,15200,14680,14850,12463,8806,,,,15196.0,15460.5,15522.142857142857,15522.142857142857,15462.553582502416,303.57142857142856,23.048327137546465,-114.16833093969399,-25.93593250402344,-88.23239843567055,16117.544651482862,14926.741062802852,15522.142857142857,1190.8035886800099,26.467152667758725,39.76409696597951,-0.126735928682848,-86.45418326693228,-111.30011943001895,23.048327137581925,17334.928571428572,19260,7947.357142857143,722.0,8.931222167243934,
2019-10-22,14850,14980,14770,14895,5152,9094,,,,15087.0,15382.5,15480.333333333334,15480.333333333334,15408.50086035933,284.2857142857143,25.539568345323744,-144.23658147148126,-49.596062297515005,-94.64051917396625,16139.168524806748,14821.49814185992,15480.333333333334,1317.6703829468279,23.543259528848754,34.357151153602594,1.9154762793410782,-82.86852589641434,-95.63375830072933,3.237410071948926,16522.733333333334,24412,8023.8,288.0,3.2704973881444444,
2019-10-23,14940,15150,14840,14975,8766,8653,,,,14984.0,15312.5,15448.75,15448.75,15367.21506413463,278.92857142857144,22.761194029850742,-159.76883950668162,-71.63061773934832,-88.13822176733329,16133.561409562273,14763.938590437727,15448.75,1369.6228191245464,24.246230990246993,30.98684443248406,10.765004105772853,-75.7201646090535,-70.84896398102312,0.0,16037.9375,33178,8063.125,-441.0,-4.849351220584996,
2019-10-24,14975,15130,14940,15005,5898,8500,,,,14949.0,15236.5,15422.64705882353,15422.64705882353,15332.718391359904,276.7857142857143,23.33333333333333,-167.72409763105134,-90.84931371768893,-76.8747839133624,16119.776150590784,14725.517967056276,15422.64705882353,1394.2581835345081,25.58444384857046,29.18604423784619,18.381243070018996,-73.25102880658436,-60.34640387774764,0.9088343211967251,15441.470588235294,39076,8088.823529411765,-153.0,-1.7681728880157177,
2019-10-25,15060,15080,14815,14960,6797,8562,,,,14937.0,15158.0,15396.944444444445,15396.944444444445,15297.22140170658,284.64285714285717,22.992700729926995,-175.63520758454615,-107.80649249106038,-67.82871509348577,16107.554281042056,14686.334607846835,15396.944444444445,1421.2196731952208,25.24343040197095,27.871839625887777,19.986611954137295,-76.95473251028807,-65.50213721197385,0.3858610493228896,14961.222222222223,32279,8115.111111111111,62.0,0.7294117647058895,
2019-10-28,14960,15065,14855,15005,4796,8201,,,,14968.0,15082.0,15376.315789473685,15376.315789473685,15269.390792020238,281.42857142857144,25.899280575539578,-176.24208623660707,-121.49361124016973,-54.74847499643734,16089.93599740616,14662.69558154121,15376.315789473685,1427.2404158649515,28.79948767129555,28.181055641023704,30.036351731839247,-73.25102880658436,-58.12533107665662,5.230368568109292,14426.21052631579,37075,8119.631578947368,-361.0,-4.216304601728571,
2019-10-29,15065,15225,14965,15025,6973,7953,,,,14994.0,15040.5,15358.75,15358.75,15246.115478494503,295.35714285714283,26.95035460992908,-173.11366254535642,-131.81762150120707,-41.29604104414935,16070.884486116063,14646.615513883937,15358.75,1424.2689722321265,33.05508013427736,29.80573047210826,39.553779458615566,-71.60493827160494,-42.43189134037793,6.982233761177103,14053.55,44048,8111.3,-248.0,-3.024021460797466,
2019-10-30,15020,15065,14965,15065,2732,7869,,,,15012.0,14998.0,15333.25,15344.761904761905,15228.866385304551,281.42857142857144,24.264705882352942,-165.49892988075226,-138.55388317711612,-26.945046703636137,16049.293772552019,14617.206227447981,15333.25,1432.0875451040374,44.7505843963029,34.78734844683981,64.6770562952291,-66.52173913043478,-43.86440503936139,2.6835638392592243,9528.65,46780,7970.8,-84.0,-1.0562052055827942,
2019-10-31,15115,15115,14925,14985,3306,7992,,,,15008.0,14978.5,15297.25,15328.40909090909,15205.641015275545,288.2142857142857,23.239436619718305,-164.02870993121178,-143.64884852793526,-20.37986140327652,16006.968068561106,14587.531931438894,15297.25,1419.4361371222112,48.48815718163313,39.354284691770914,66.75590216135754,-73.47826086956522,-42.6459677198851,0.8535978738221441,7025.75,43474,7886.2,123.0,1.5630956919557848,
2019-11-01,14990,15000,14850,15000,4185,8115,,,,15016.0,14976.5,15261.0,15314.130434782608,15186.056156677874,292.14285714285717,22.96819787985865,-159.81097396013138,-146.8812736143745,-12.929700345756885,15952.555074489828,14569.444925510172,15261.0,1383.1101489796565,49.175254970905605,42.62794145148247,62.26988200975188,-71.9298245614035,-46.18982733111047,0.975952774060988,6526.65,47659,7894.35,123.0,1.5390390390390474,
2019-11-04,14955,15005,14950,14975,2316,8083,,,,15010.0,14989.0,15224.75,15300.0,15165.955570327602,249.28571428571428,29.147982062780272,-156.67957427954207,-148.84093374740803,-7.838640532134036,15895.095354826035,14554.404645173965,15224.75,1340.69070965207,45.79163339523788,43.682505432734274,50.009889320245094,-67.40331491712708,-38.17912016450364,30.111534147016965,6254.6,45343,7933.75,-32.0,-0.39433148490449765,
2019-11-05,14960,15000,14875,14910,4086,8152,,,,14987.0,14990.5,15186.5,15284.4,15141.578849344021,245.35714285714286,24.336283185840713,-157.62586143258886,-150.5979192844442,-7.0279421481446605,15835.63788982003,14537.36211017997,15186.5,1298.2757796400583,38.25133283259761,41.87211456602205,31.00976936574874,-72.28915662650603,-41.109227565648425,20.243598025626834,6273.9,41257,7976.0,69.0,0.8536434492143918,
2019-11-06,14910,14975,14865,14930,4074,7982,,,,14960.0,14986.0,15149.25,15270.76923076923,15121.428482739828,225.0,35.11904761904762,-154.97550679258165,-151.4734367860717,-3.5020700065099675,15765.001786970932,14533.498213029068,15149.25,1231.5035739418636,34.850482051000036,39.531570394348044,25.488305364304026,-55.75221238938053,-37.85858889730678,100.00000000000001,6355.15,45331,8012.6,-170.0,-2.0853778213935192,
2019-11-07,14955,14965,14850,14920,4067,7679,,,,14947.0,14977.5,15107.0,15257.777777777777,15102.244817716988,200.71428571428572,42.7536231884058,-151.93063627072297,-151.56487668300196,-0.3657595877210156,15657.343433445736,14556.656566554264,15107.0,1100.6868668914722,29.455876922888915,36.173005903861664,16.021618960943414,-55.96330275229358,-36.402103512799734,100.0,6269.35,41264,8014.4,-303.0,-3.7960410924580357,
2019-11-08,14940,14940,14775,14780,3960,7522,,,,14903.0,14959.5,15058.75,15240.714285714286,15071.554835077275,175.35714285714286,44.6969696969697,-158.98174185877542,-153.04824971815665,-5.9334921406187675,15538.222023222035,14579.277976777965,15058.75,958.9440464440704,20.007621652296315,30.784544486673216,-1.5462240164574865,-97.8021978021978,-48.846431366754295,100.0,6269.5,37304,8024.15,-157.0,-2.04453704909493,
2019-11-11,14765,14780,14200,14210,19583,9674,,,,14750.0,14880.0,14981.0,15205.172413793103,14989.501993641345,201.78571428571428,21.097046413502113,-208.16444006185156,-164.07148778689566,-44.092952274955906,15482.089339654905,14479.910660345095,14981.0,1002.1786793098108,13.702713159818675,25.09060071105504,-9.07306194265405,-99.02439024390245,-132.501179157114,0.0,7002.6,17721,8138.5,2152.0,28.60941239032173,
2019-11-12,14205,14425,14170,14385,10780,9852,,,,14645.0,14816.0,14928.25,15177.833333333334,14931.930375199312,197.85714285714286,26.953125,-230.36553477865345,-177.33029718524722,-53.03523759340624,15447.675543015399,14408.824456984601,14928.25,1038.851086030798,16.7189163569867,22.300039259698927,5.556670551562249,-79.62085308056872,-125.27407737782983,24.813972978464022,6964.85,28501,8261.85,178.0,1.8399834608228138,
2019-11-13,14345,14480,14250,14360,5763,10191,,,,14531.0,14745.5,14871.75,15151.451612903225,14877.460815656521,200.71428571428572,24.705882352941174,-247.12860859063767,-191.2899594663253,-55.838649124312354,15379.596588936794,14363.903411063206,14871.75,1015.6931778735889,18.730774577312488,21.110284365570116,13.97175500079723,-81.99052132701422,-107.75168702561145,15.291727418313906,7008.0,22738,8419.85,339.0,3.440925700365405,
2019-11-14,14350,14430,14270,14370,4621,9868,,,,14421.0,14684.0,14831.25,15127.03125,14829.131214165423,193.21428571428572,26.209677419354833,-256.6480697414445,-204.36158152134917,-52.28648822009532,15364.165269260064,14298.334730739936,14831.25,1065.8305385201274,20.471214987669402,20.89726123960321,19.61912248380179,-81.04265402843602,-95.80344243740277,21.663761125165443,6689.65,27359,8541.6,-323.0,-3.1694632518889265,
2019-11-15,14365,14440,14200,14375,7340,9774,,,,14340.0,14621.5,14799.0,15104.242424242424,14785.880622340144,195.35714285714286,23.750000000000014,-260.78271229844177,-215.6458076767677,-45.13690462167406,15361.088211844668,14236.911788155332,14799.0,1124.176423689336,21.8804083853539,21.22497695485344,23.191271246354816,-80.56872037914692,-85.95255118882159,11.241365298659126,6382.9,34699,8626.1,-94.0,-0.9525739764896679,
2019-11-18,14375,14405,14115,14300,8986,10079,,,,14358.0,14554.0,14771.5,15080.588235294117,14739.606277355368,197.5,21.115537848605584,-267.0331278368467,-225.92327170878352,-41.10985612806317,15375.348185870378,14167.651814129622,14771.5,1207.6963717407561,21.757481559228182,21.40247848964502,22.467487698394507,-81.5,-84.72677250382964,0.07835379327874507,6209.05,25713,8689.75,305.0,3.120523838755873,
2019-11-19,14205,14505,14205,14380,8602,9460,,,,14357.0,14501.0,14745.75,15060.57142857143,14705.35806046438,211.78571428571428,23.552123552123547,-262.5052980981418,-233.23967698665518,-29.26562111148661,15370.968067220509,14120.531932779491,14745.75,1250.4361344410172,24.897144568897218,22.567367182729086,29.556699341233482,-73.5,-62.50652242257085,10.402903048169161,6381.55,34315,8708.05,-619.0,-6.141482289909717,
2019-11-20,14380,14485,14335,14415,5624,8945,,,,14368.0,14449.5,14717.75,15042.638888888889,14677.704911848725,208.92857142857142,27.200000000000003,-253.1743169854999,-237.22660498642415,-15.94771199907575,15349.859875525484,14085.640124474516,14717.75,1264.2197510509686,28.719308500476934,24.618014288645035,36.92189692414074,-66.29213483146067,-49.46865837816565,25.860056887444127,6224.45,39939,8722.65,-515.0,-5.443974630021142,
2019-11-21,14400,14405,14260,14375,6027,8402,,,,14369.0,14395.0,14686.25,15024.594594594595,14648.875872625036,209.28571428571428,25.490196078431367,-246.16942503701648,-239.01516899654263,-7.154256040473854,15320.872764035123,14051.627235964877,14686.25,1269.2455280702452,32.17878712061871,27.13827189930293,42.259817563250266,-70.78651685393258,-54.08935866683288,18.61510146521018,6230.9,33912,8717.75,-543.0,-6.070430408049187,
2019-11-22,14420,14580,14315,14530,8678,8393,,,,14400.0,14370.0,14664.75,15011.578947368422,14637.55436094646,224.28571428571428,34.16370106761566,-225.51123989176995,-236.31438317558812,10.803143283818173,15289.380206391623,14040.119793608377,14664.75,1249.2604127832456,51.201628689731464,35.15939082944577,83.28610441030284,-53.10734463276836,-30.189289982992324,55.36736072047789,6324.95,42590,8709.3,-9.0,-0.10711735301118797,
2019-11-25,14540,14595,14455,14525,4035,8431,,,,14445.0,14401.5,14640.75,14999.102564102564,14626.834897999179,225.35714285714286,35.687732342007436,-207.15498383903468,-230.48250330827744,23.32751946924276,15246.94846498269,14034.55153501731,14640.75,1212.39692996538,62.60664134870987,44.30847433586713,99.20297537439535,-52.325581395348834,-19.009002344046593,61.82514135004205,6286.9,38555,8720.8,38.0,0.4527582509233907,
2019-11-26,14555,14565,14355,14370,4936,7688,,,,14443.0,14400.0,14608.0,14983.375,14602.374431523065,232.5,31.08108108108108,-202.77723355453963,-224.9414493575299,22.16421580299027,15197.329681658926,14018.670318341074,14608.0,1178.6593633178527,59.44609423247325,49.35434763473583,79.62958742794808,-70.0,-30.82374241269033,42.30536916436955,6185.05,33619,8707.55,-743.0,-8.81271498042937,
2019-11-27,14360,14380,14185,14220,7074,7915,,,,14404.0,14386.0,14565.75,14964.756097560976,14565.957818997058,238.21428571428572,28.395061728395063,-209.00233252190628,-221.7536259904052,12.751293468498915,15138.042481350687,13993.457518649313,14565.75,1144.584962701374,46.92239615498217,48.543697141484614,43.679794181977286,-87.27272727272727,-54.800493131486164,30.92389423149276,6402.15,26545,8709.85,227.0,2.952653485952128,
2019-11-28,14220,14260,14095,14110,5331,8581,,,,14351.0,14360.0,14522.0,14944.404761904761,14522.533264806862,238.21428571428572,28.93081761006289,-220.27268262429425,-221.45743731718304,1.184754692888788,15093.124467953123,13950.875532046877,14522.0,1142.2489359062456,32.28159743665478,43.12299723987467,10.598797830214991,-97.81021897810218,-67.45765454817028,53.69021878029877,6503.4,21214,8739.3,666.0,8.4144030322173,
2019-11-29,14080,14135,14000,14005,5209,9179,,,,14246.0,14323.0,14472.25,14922.558139534884,14473.244382444302,206.42857142857142,40.888888888888886,-234.96856737546113,-224.15966332883866,-10.808904046622473,15041.399642703458,13903.100357296542,14472.25,1138.2992854069162,21.80117700258778,36.01572382744571,-6.627916647128075,-99.15966386554622,-78.59421334779071,100.0,6554.6,16005,8792.5,598.0,6.968884745367676,
2019-12-02,13975,14075,13905,13930,5254,9453,,,,14127.0,14286.0,14420.0,14900.0,14421.50682221151,200.35714285714286,27.80487804878048,-249.7876387061424,-229.28525840429944,-20.502380301842948,14986.680082400531,13853.319917599469,14420.0,1133.3601648010626,15.741847470324224,29.25776504173855,-11.28998767250443,-96.3768115942029,-84.3086470696168,33.830078607045536,6701.5,10751,8861.0,274.0,2.9850746268656803,
2019-12-03,13930,14075,13925,14020,3230,9059,,,,14057.0,14250.0,14375.5,14880.444444444445,14383.268077238985,194.64285714285714,34.40366972477065,-251.3719522705651,-233.70259717755258,-17.669355093012513,14919.490131489438,13831.509868510562,14375.5,1087.9802629788755,16.050120535771704,24.855216873082938,-1.5600721388507637,-83.33333333333333,-71.99171962375685,67.20222510131839,6658.7,13981,8906.35,-394.0,-4.167988998201633,
2019-12-04,14015,14095,13835,13850,7015,10030,,,,13983.0,14193.5,14321.5,14858.04347826087,14332.480641311462,201.78571428571428,29.200000000000003,-263.3098395102643,-239.62404564409493,-23.685793866169348,14847.858892971826,13795.141107028174,14321.5,1052.7177859436524,11.357975094023242,20.35613628006304,-6.638347278056358,-98.02631578947368,-81.80281844109695,40.88564520462076,6805.75,6966,9008.75,971.0,10.718622364499385,
2019-12-05,13870,13980,13765,13880,8846,10532,,,,13937.0,14144.0,14269.5,14837.234042553191,14289.387246900846,200.0,30.588235294117638,-267.26904074352933,-245.15304466398183,-22.1159960795475,14750.430020076234,13788.569979923766,14269.5,961.8600401524673,12.190457291597824,17.63424328390797,1.3028853069775295,-86.144578313253,-88.45938786074134,47.90638383050895,7044.7,15812,9151.4,502.0,5.004985044865395,
2019-12-06,13875,14015,13850,13950,8896,10449,,,,13926.0,14086.0,14228.0,14818.75,14257.06465195791,191.07142857142858,36.220472440944874,-261.741132413541,-248.47066221389366,-13.27047019964732,14664.654747393239,13791.345252606761,14228.0,873.3094947864774,15.835304861065215,17.034597142960386,13.436720297274874,-77.71084337349397,-73.57120781330252,73.07215990260941,7291.5,24708,9297.75,-83.0,-0.7880744398025108,
2019-12-09,13970,14130,13785,13935,8945,10036,,,,13927.0,14027.0,14214.25,14800.714285714286,14226.391827961917,194.28571428571428,31.535269709543556,-255.62392637251105,-249.90131504561717,-5.722611326893883,14670.184840681613,13758.315159318387,14214.25,911.8696813632268,19.770962048298216,17.946718778072995,23.419448588748658,-79.51807228915662,-63.338862992674464,39.25705711206132,6759.6,15763,9315.85,-413.0,-3.9525313427122177,
2019-12-10,13920,14030,13860,13985,3852,10051,,,,13920.0,13988.5,14194.25,14784.4,14203.402130060782,195.71428571428572,32.37704918032787,-243.92954641019423,-248.7069613185326,4.777414908338358,14653.726532818082,13734.773467181918,14194.25,918.953065636164,27.995456180346956,21.296297912164313,41.393772716712235,-73.49397590361446,-55.43552757020238,44.723621587018904,6413.2,19615,9325.8,15.0,0.14946193702669586,
2019-12-11,13985,14280,13940,14200,11986,9508,,,,13990.0,13986.5,14186.25,14772.941176470587,14203.07811767404,208.92857142857142,43.72759856630824,-214.8364618652431,-241.9328614278747,27.096399562631603,14639.099167406823,13733.400832593177,14186.25,905.6983348136455,46.81897725938988,29.803857694572834,80.84921638902397,-47.59036144578313,-11.105276140035294,100.0,6724.35,31601,9291.65,-543.0,-5.402447517659937,
2019-12-12,14275,14395,14200,14235,12669,9908,,,,14061.0,13999.0,14179.5,14762.596153846154,14206.11829694318,203.92857142857142,38.4313725490196,-186.80243309794423,-230.9067757618886,44.10434266394438,14624.778150798968,13734.221849201032,14179.5,890.5563015979351,56.08037637398479,38.562697254376815,91.11573461320074,-43.373493975903614,22.109454843179282,66.73793268268105,7126.75,44270,9293.65,400.0,4.206983592763991,
2019-12-13,14265,14295,14115,14275,5221,9619,,,,14126.0,14026.0,14174.5,14753.396226415094,14212.678459139066,206.78571428571428,40.45801526717557,-159.51876459823143,-216.62917352915719,57.11040893092576,14612.724888192786,13736.275111807214,14174.5,876.4497763855725,64.37104456678351,47.16547969184571,98.78217431665912,-36.25,12.116771014000294,79.46592546459944,7020.8,49491,9285.9,-289.0,-2.9168348809043176,
2019-12-16,14350,14375,14190,14255,6032,8913,,,,14190.0,14058.5,14172.25,14744.166666666666,14216.709082078203,205.0,45.10638297872341,-137.9202349805255,-200.88738581943085,62.967150838905354,14608.21806981101,13736.28193018899,14172.25,871.9361396220193,68.83995563711493,54.39030500693545,97.73925689747387,-22.22222222222222,22.93174018352052,100.0,6873.1,43459,9227.6,-706.0,-7.339640295248984,
2019-12-17,14220,14325,14220,14300,2832,9162,,,,14253.0,14086.5,14168.25,14736.09090909091,14224.641550451708,198.57142857142858,53.73831775700935,-115.83682590704666,-183.87727383695403,68.04044792990737,14597.610295274138,13738.889704725862,14168.25,858.720590548277,74.20018206495493,60.993597359608614,100.61335147564756,-15.079365079365079,26.301673119141665,100.0,6584.6,46291,9212.7,249.0,2.793672164254457,
2019-12-18,14300,14345,14230,14295,3983,8909,,,,14272.0,14131.0,14162.25,14728.214285714286,14231.342355170593,195.0,59.58549222797927,-97.61379229213344,-166.6245775279899,69.01078523585647,14580.29652221594,13744.20347778406,14162.25,836.0930444318801,77.33564050231968,66.44094507384564,99.12503135926775,-15.873015873015873,30.67140249425369,100.0,6502.55,42308,9210.9,-253.0,-2.761405806592443,
2019-12-19,14290,14395,14255,14395,4442,8746,,,,14304.0,14182.5,14163.25,14722.368421052632,14246.928797535298,195.35714285714286,70.3125,-74.24687088680548,-148.14903619975303,73.90216531294755,14583.52904264216,13742.97095735784,14163.25,840.5580852843195,84.89042700154644,72.59077238307924,109.48973623848084,-0.0,45.267828914917274,100.0,6423.3,46750,9228.1,-163.0,-1.8296105062296508,
2019-12-20,14410,14430,14310,14340,5740,8602,,,,14317.0,14221.5,14153.75,14715.775862068966,14255.792721579555,191.78571428571428,71.80851063829788,-59.480800032071784,-130.4153889662168,70.93458893414501,14546.833291026483,13760.666708973517,14153.75,786.166582052967,84.66379343962745,76.61511273526199,100.76115484835839,-13.533834586466165,51.66223552888904,100.00000000000001,6276.4,41010,9238.55,-144.0,-1.6464669563228895,
2019-12-23,14340,14470,14330,14440,4714,8316,,,,14354.0,14272.0,14149.5,14711.101694915254,14273.336271905313,191.07142857142858,72.10526315789474,-39.2568892480831,-112.18368902259007,72.92679977450697,14527.220308666278,13771.779691333722,14149.5,755.4406173325551,87.88906984025478,80.37309843692626,102.92101264691183,-4.25531914893617,70.63914902455954,99.99999999999999,6310.35,45724,9232.8,-286.0,-3.324808184143224,
2019-12-24,14440,14480,14235,14310,5876,7768,,,,14356.0,14304.5,14146.5,14704.416666666666,14276.828055533379,190.0,75.27472527472527,-33.33494331478141,-96.41393988102836,63.07899656624694,14517.743996938885,13775.256003061115,14146.5,742.4879938777704,76.4009324049187,79.04904309292374,71.10471102890864,-23.776223776223777,53.92895447354049,100.0,6357.35,39848,9236.8,-548.0,-6.58970658970659,
2019-12-25,14330,14330,14240,14240,3001,7508,,,,14345.0,14308.5,14147.5,14682.166666666666,14273.320621673058,181.07142857142858,68.94736842105263,-33.89940227513216,-83.91103235984912,50.011630084716955,14519.68416493932,13775.31583506068,14147.5,744.3683298786418,62.349480050767724,73.48252207887174,40.08339599455968,-34.53237410071942,33.370354594103574,85.53398351233832,6153.7,36847,9216.45,-260.0,-3.347064881565398,
2019-12-26,14240,14290,14240,14270,1342,7278,,,,14320.0,14312.0,14155.5,14658.25,14273.00437198991,172.85714285714286,67.58241758241758,-31.562161833522623,-73.44125825458383,41.879096421061206,14531.152414929154,13779.847585070846,14155.5,751.304829858309,50.761722332695726,65.90892216347973,20.467322671127704,-30.215827338129497,30.51826278671117,82.41334375814438,5954.25,38189,9151.3,-230.0,-3.0633990410229073,
2019-12-27,14260,14320,14070,14240,2669,6867,,,,14300.0,14308.5,14167.25,14633.5,14269.86109846706,166.07142857142858,66.48648648648648,-31.76447018458748,-65.10590064058457,33.341430455997084,14537.747176635312,13796.752823364688,14167.25,740.9943532706238,47.66228643317926,59.826710253379574,23.33343879277865,-38.70967741935484,12.410893021699561,79.51348513868199,5827.25,35520,9035.7,-411.0,-5.647155812036275,
2019-12-30,14220,14355,14220,14345,2452,6743,,,,14281.0,14317.5,14188.0,14610.916666666666,14277.017184327338,163.57142857142858,68.36734693877551,-23.18491723815896,-56.72170396009945,33.53678672194049,14548.911127710498,13827.088872289502,14188.0,721.822255420997,54.132581199355286,57.92866723537148,46.5404091273229,-25.0,35.80772949611115,81.25203645994337,5687.15,37972,8900.2,-124.0,-1.8057375855541014,
2019-12-31,14175,14860,14175,14410,10657,13466,,,,14301.0,14328.5,14207.5,14589.833333333334,14289.682214391401,188.21428571428572,62.65060240963856,-11.013644505339471,-47.580092069147454,36.566447563807984,14572.314300273729,13842.685699726271,14207.5,729.6286005474576,50.43437902741829,55.430571166053745,40.44199475014737,-56.962025316455694,76.53280031759027,65.73568383129574,6058.5,48629,9120.55,6723.0,99.70339611448911,
2020-01-02,14390,14400,13795,13805,11870,18913,,,,14214.0,14279.5,14205.25,14558.666666666666,14243.522003496983,218.21428571428572,34.64285714285714,-49.614343708908564,-47.986942397099675,-1.6274013118088888,14579.773908308585,13830.726091691415,14205.25,749.0478166171706,33.93590839699561,48.2656835763677,5.276358038251416,-99.06103286384976,-60.41934638143948,0.0,6301.25,36759,9564.7,5447.0,40.45002227833061,
2020-01-03,13805,13935,13745,13750,20523,24842,,,,14110.0,14215.0,14198.75,14525.083333333334,14196.519907925842,218.92857142857142,31.44876325088339,-83.67911552129226,-55.12537702193819,-28.55373849935407,14600.560049388358,13796.939950611642,14198.75,803.6200987767152,22.77341576242159,39.768260971719,-11.21627465617324,-99.55156950672645,-109.58526505757992,0.0,6885.1,16236,10280.2,5929.0,31.34880769840851,
2020-01-06,13750,13975,13730,13895,19663,26890,,,,14041.0,14170.5,14196.0,14494.25,14167.803726218619,223.21428571428572,38.311688311688314,-97.84747958488151,-63.669797534526865,-34.17768205035465,14605.654539954416,13786.345460045584,14196.0,819.3090799088313,20.049533812115868,33.19535191851796,-6.24210240068831,-85.39823008849558,-89.89050979664694,15.65949666335084,7423.45,35899,11102.25,2048.0,8.244102729248848,
2020-01-07,13930,13965,13850,13930,9076,27746,,,,13958.0,14119.5,14195.75,14463.666666666666,14145.155752293036,223.92857142857142,37.90849673202615,-105.04095593572856,-71.9440292147672,-33.09692672096136,14606.08073951323,13785.41926048677,14195.75,820.6614790264612,19.266060889493176,28.552254908843032,0.6936728507934617,-82.30088495575221,-75.46946720992982,14.739513253875831,7430.0,44975,11987.75,856.0,3.183339531424312,
2020-01-08,13970,14100,13905,13965,13979,28725,,,,13869.0,14085.0,14194.75,14439.083333333334,14127.99806159846,229.64285714285714,39.42307692307692,-106.6877997327083,-78.89278331835541,-27.795016414352887,14607.334600574935,13782.165399425065,14194.75,825.1692011498708,19.776193985325833,25.626901267670632,8.074779420636233,-79.20353982300885,-56.75975090637132,18.195410446108184,7936.35,58954,12921.45,979.0,3.528436531391921,
2020-01-09,13925,14065,13925,13950,16522,31420,,,,13898.0,14056.0,14182.25,14413.416666666666,14111.04586525575,229.64285714285714,34.91525423728814,-107.95882778182386,-84.70599221104911,-23.25283557077475,14609.067784367793,13755.432215632207,14182.25,853.6355687355863,19.673804839774743,23.64253579170534,11.736342935913548,-80.53097345132744,-55.47856367128976,7.909674599998364,8163.15,42432,14017.05,2695.0,9.382071366405565,
2020-01-10,14000,14100,13925,14065,13038,33911,,,,13961.0,14035.5,14173.75,14394.833333333334,14106.660544755203,233.57142857142858,41.042345276872965,-98.55055827293108,-87.4749054234255,-11.075652849505587,14602.909214719837,13744.590785280163,14173.75,858.3184294396742,22.997875792888173,23.42764912543295,22.138329127798613,-70.35398230088495,-38.95173683740558,21.890180119196348,8181.6,55470,15217.2,2491.0,7.928071292170591,
2020-01-13,14115,14140,14000,14030,12041,35307,,,,13988.0,14014.5,14161.5,14378.333333333334,14099.359540492802,233.57142857142858,36.054421768707485,-92.84834645516094,-88.54959362977259,-4.298752825388348,14592.473194916856,13730.526805083144,14161.5,861.9463898337126,24.181474717382677,23.678924322749523,25.18657550664898,-73.45132743362832,-29.735581421887368,10.508973003989187,8522.6,43429,16501.6,1396.0,4.116658311462351,
2020-01-14,13980,14030,13830,13840,14462,36587,,,,13970.0,13964.0,14140.75,14361.5,14074.658631874441,230.35714285714286,34.640522875816984,-102.47939592608054,-91.33555408903419,-11.143841837046352,14592.241971135702,13689.258028864298,14140.75,902.9839422714031,21.593619960842183,22.983822868780408,18.81321414496574,-90.26548672566372,-62.14110122755952,8.511675595530399,8944.1,28967,17885.3,1280.0,3.625343416319704,
2020-01-15,13875,13895,13815,13830,8945,37642,,,,13943.0,13906.0,14117.25,14343.75,14051.357809791161,229.64285714285714,36.054421768707485,-109.65495438989456,-94.99943414920627,-14.65552024068829,14582.55663347721,13651.94336652279,14117.25,930.6132669544204,22.525827941374466,22.831157892978425,21.91516803816654,-91.15044247787611,-66.94775893066232,12.475176612299391,9249.75,20022,19309.3,1055.0,2.883537868641861,
2020-01-16,13845,13950,13845,13935,10955,38657,,,,13940.0,13919.0,14099.25,14326.416666666666,14040.276113620574,234.64285714285714,39.15857605177994,-105.65113319328157,-97.12977395802133,-8.521359235260235,14563.455886717476,13635.044113282524,14099.25,928.4117734349529,31.68388529424964,25.782067026735497,43.487521829277924,-81.85840707964601,-47.272321816789315,20.88328432660073,9598.35,30977,20796.7,1015.0,2.6964560862865916,
2020-01-17,13950,14010,13790,13840,14653,40631,,,,13895.0,13928.0,14071.5,14307.0,14021.202198037663,232.5,37.577639751552795,-108.88858230484402,-99.48153562738588,-9.40704667745814,14527.548243062069,13615.451756937931,14071.5,912.0964861241373,25.884494958071194,25.816209670514063,26.02106553318545,-90.26548672566372,-49.06497280565149,16.601060735380926,10108.9,16324,22390.95,1974.0,5.10644902604962,
2020-01-20,13810,13870,13810,13860,10445,41375,,,,13861.0,13924.5,14047.5,14288.666666666666,14005.849607748361,227.14285714285714,34.09836065573769,-108.58870816370472,-101.30297013464966,-7.285738029055068,14494.484045399951,13600.515954600049,14047.5,893.9680907999027,23.922996638714128,25.185138659914088,21.398712596314212,-88.49557522123894,-51.577395548262956,8.49179880510612,10344.15,26769,24029.6,744.0,1.8311141739066228,
2020-01-21,13820,13940,13795,13865,12436,40427,,,,13866.0,13918.0,14018.75,14269.666666666666,13992.435359391375,188.57142857142858,31.39931740614334,-106.71742548145994,-102.38586120401172,-4.331564277448223,14432.142574984882,13605.357425015118,14018.75,826.7851499697645,23.09152156866656,24.487266296164915,20.30003211366985,-79.85074626865672,-42.91151761868001,0.0,10730.25,39205,25635.15,-948.0,-2.2912386706948618,
2020-01-22,13875,13915,13760,13850,22053,30323,,,,13870.0,13906.5,13995.75,14250.083333333334,13978.870087068386,155.71428571428572,52.57142857142857,-105.23174901552557,-102.9550387663145,-2.276710249211064,14391.73345260483,13599.76654739517,13995.75,791.9669052096615,23.28908455454964,24.087872382293156,21.691508899062597,-70.73170731707317,-44.87605952471091,100.00000000000001,11539.1,17152,26762.9,-10104.0,-24.99319761545502,
2020-01-23,13820,13850,13680,13705,13885,26363,,,,13824.0,13882.0,13969.0,14227.416666666666,13952.787221633302,154.28571428571428,47.66839378238342,-114.43548683833251,-105.2511283807181,-9.184358457614408,14367.782357208858,13570.217642791142,13969.0,797.5647144177165,17.33765057259831,21.83779844572821,8.337354826338512,-94.56521739130434,-63.568738548201424,76.84201282163872,12083.3,3267,27705.65,-3960.0,-13.059393859446622,
2020-02-03,13485,13485,12920,13030,10311,26873,,,,13662.0,13778.5,13907.0,14194.833333333334,13864.902724334892,192.85714285714286,21.070234113712374,-174.18843827399905,-119.0385903593743,-55.14984791462476,14463.231682134816,13350.768317865184,13907.0,1112.4633642696317,14.861737018368844,19.51244463660842,5.560321781889691,-90.98360655737704,-152.67873592630377,0.0,12531.75,-7044,28685.4,510.0,1.9345294541592395,
2020-02-04,13090,13295,13020,13245,7676,27393,,,,13539.0,13700.0,13857.25,14165.583333333334,13805.86436963633,204.28571428571428,29.55223880597015,-201.86737813642867,-135.60434791478517,-66.2630302216435,14463.788713130758,13250.711286869242,13857.25,1213.077426261516,19.846662599401856,19.623850624206234,20.292286549793104,-73.36065573770492,-116.45539782968956,26.92597800900249,12782.1,632,29711.7,520.0,1.9350277229933432,
2020-02-05,13185,13330,13160,13235,6491,30579,,,,13413.0,13639.5,13801.75,14136.583333333334,13751.496334432872,202.5,27.878787878787875,-222.0503950869188,-152.8935573492119,-69.1568377377069,14423.320803012733,13180.179196987267,13801.75,1243.141606025467,22.864135922537017,20.703945723649827,27.184516320311396,-74.18032786885246,-93.6869693774587,21.613636823246715,12984.05,-5859,30903.5,3186.0,11.630708575183446,
2020-02-06,13260,13360,13230,13265,3651,31345,,,,13296.0,13583.0,13744.5,14109.166666666666,13705.16335020117,201.78571428571428,29.429429429429433,-232.93964887904804,-168.90277565517914,-64.0368732238689,14340.582827165912,13148.417172834088,13744.5,1192.165654331824,25.793215997287675,22.400369148195775,32.578909695471474,-71.72131147540983,-81.86596391441803,26.53612175543864,12633.75,-2208,31797.45,766.0,2.5049870826384213,
2020-02-07,13260,13300,13185,13270,12890,36993,,,,13209.0,13516.5,13717.75,14081.5,13663.719221610583,197.5,24.437299035369776,-238.41767223323586,-182.8057549707905,-55.61191726244536,14349.360097916013,13086.139902083987,13717.75,1263.2201958320256,28.63338582825714,24.478041374882896,36.944074735005636,-71.31147540983606,-76.99769532550397,10.68868968183726,12684.75,10682,32701.45,5648.0,18.018822778752597,
2020-02-10,13210,13325,13185,13290,4019,37744,,,,13261.0,13461.5,13694.75,14054.333333333334,13628.126914790528,197.5,25.974025974025977,-238.39711876733236,-193.92402773009889,-44.47309103723347,14354.299088392972,13035.200911607028,13694.75,1319.0981767859448,31.180427153478615,26.712169967748135,40.11694152493957,-66.66666666666667,-66.771770631226,15.567002917606583,11859.55,14701,33346.55,751.0,2.0301138053145262,
2020-02-11,13260,13425,13260,13395,6415,39457,,,,13291.0,13415.0,13669.75,14031.25,13605.924351477144,195.0,34.70790378006873,-227.28817096621424,-200.59685637732198,-26.691314588892254,14335.217583931148,13004.282416068852,13669.75,1330.9351678622952,36.69984925809797,30.041396397864744,50.01675497856442,-56.42201834862385,-47.68949674220562,43.29254779421807,11197.15,21116,33974.9,1713.0,4.538469690546831,
2020-02-12,13425,13560,13390,13500,8946,41214,,,,13344.0,13378.5,13648.25,14019.416666666666,13595.836318003132,201.42857142857142,39.35483870967742,-207.61833242156354,-202.00115158617032,-5.617180835393214,14306.055562377469,12990.444437622531,13648.25,1315.611124754938,45.25509663801513,35.112629811248205,65.540030291549,-46.788990825688074,-26.08117721124057,58.04416280312269,11190.65,30062,34648.3,1757.0,4.452948779684207,
2020-02-13,13560,13650,13465,13465,6311,42199,,,,13384.0,13340.0,13623.25,14004.083333333334,13583.375716288549,206.07142857142858,34.121621621621614,-192.63349216667666,-200.1276197022716,7.4941275355949415,14268.249184006012,12978.250815993988,13623.25,1289.998368012024,55.055909174201865,41.76038959889942,81.64694832480674,-50.0,-16.442160307435334,41.43140516601049,10807.25,23751,35322.0,985.0,2.3899645751443765,
2020-02-14,13450,13580,13280,13295,11315,44642,,,,13389.0,13299.0,13590.5,13986.333333333334,13555.911362356306,211.78571428571428,32.47588424437299,-192.25923279699055,-198.5539423212154,6.2947095242248565,14232.150011175958,12948.849988824042,13590.5,1283.3000223519157,51.25420399973247,44.92499439917711,63.9126232008432,-63.23529411764706,-34.5131459755229,36.207040167858814,10546.9,12436,35983.1,2443.0,5.789236711770429,
2020-02-17,13350,13365,13300,13345,7397,46146,,,,13400.0,13330.5,13554.5,13969.25,13535.82456594142,212.5,33.75394321766561,-185.7864172475529,-196.0004373064829,10.214020058930004,14164.04599152933,12944.95400847067,13554.5,1219.0919830586608,46.75450334676042,45.53483071503821,49.19384861020484,-58.333333333333336,-38.07173677133794,40.26421639655117,10264.85,19833,36594.85,1504.0,3.369024685273958,
2020-02-18,13315,13340,13215,13250,9595,47731,,,,13371.0,13331.0,13515.5,13950.5,13508.603178708903,211.42857142857142,31.641791044776113,-186.1762464638341,-194.03559913795317,7.859352674119066,14096.070499821648,12934.929500178352,13515.5,1161.1409996432958,35.82916710572559,42.29960951193401,22.888282293308748,-66.83417085427136,-45.209262252071994,33.559225651756975,10142.55,10238,37216.05,1585.0,3.4347505742643003,
2020-02-19,13220,13275,13175,13175,12515,52802,,,,13306.0,13325.0,13482.25,13931.75,13476.831447403294,207.5,30.54755043227665,-190.34290757101917,-193.2970608245664,2.9541532535472186,14060.736910191716,12903.763089808284,13482.25,1156.9738203834313,23.88611140381706,36.161776809228364,-0.6652194070055515,-72.58064516129032,-50.58271827958268,35.63147389376434,10045.2,-2277,38026.8,5071.0,10.624122687561544,
2020-02-20,13160,13250,13155,13250,7897,53588,,,,13263.0,13323.5,13453.25,13912.916666666666,13455.228452412504,202.14285714285714,36.336336336336345,-185.45532971971443,-191.728714603596,6.273384883881562,14016.280101093043,12890.219898906957,13453.25,1126.0602021860868,22.321380666517772,31.548311428324833,3.867519142903653,-54.794520547945204,-44.255515736942954,83.49156331219115,9992.8,5620,38824.1,786.0,1.4885799780311348,
2020-02-21,13250,13325,13195,13200,7887,53821,,,,13244.0,13316.5,13416.5,13892.666666666666,13430.92098075417,155.35714285714286,58.17307692307692,-183.5011837710299,-190.08320843708276,6.58202466605286,13941.8179488352,12891.1820511648,13416.5,1050.6358976703996,17.911223474648214,27.00261544376596,-0.2715604635872779,-71.42857142857143,-36.51376930064039,100.0,9839.4,-2267,39582.3,233.0,0.4347988355601906,
2020-02-24,13175,13220,13040,13085,14959,51867,,,,13192.0,13296.0,13378.75,13871.166666666666,13397.97612544425,148.57142857142858,41.48936170212766,-189.052765335211,-189.87711981670842,0.8243544814974086,13884.057358264046,12873.442641735954,13378.75,1010.6147165280927,14.3998320432081,22.801687643580006,-2.4038791575357124,-92.62295081967213,-56.294857995091434,50.54592997237933,9854.7,-17226,40144.1,-1954.0,-3.630553129819214,
2020-02-25,13070,13070,12960,12980,22033,45992,,,,13138.0,13254.5,13334.75,13845.333333333334,13358.168875401941,145.35714285714286,37.68115942028986,-199.62391595859845,-191.82647904508642,-7.79743691351203,13816.30969187849,12853.19030812151,13334.75,963.1193837569808,10.566071603684627,18.723148963614882,-5.748083116175884,-97.10144927536231,-73.53684477569199,39.25761080418414,10434.1,-39259,40374.95,-5875.0,-11.327048026683627,
2020-02-26,12960,12985,12650,12660,24674,51747,,,,13035.0,13170.5,13274.5,13814.25,13291.676601554138,160.0,27.169811320754718,-231.15830558138077,-199.69284435234528,-31.465461229035498,13777.761990993706,12771.238009006294,13274.5,1006.5239819874114,7.402470674857852,14.949589534029206,-7.691767043484855,-99.0,-111.91893570466117,8.099745897309313,11046.0,-63933,40940.95,5755.0,12.513045747086448,
2020-02-27,12660,12800,12645,12690,15704,51559,,,,12923.0,13093.0,13216.5,13786.25,13234.37406807279,162.85714285714286,28.51851851851852,-250.83729111967477,-209.92173370581116,-40.91555741386361,13707.729392228799,12725.270607771201,13216.5,982.4587844575981,7.018313783238568,12.305830950432329,-3.5567205511489526,-95.5223880597015,-112.60741500214377,7.902383671241528,10728.55,-48229,42002.75,-188.0,-0.36330608537693543,
2020-02-28,12680,12680,12390,12470,22145,53807,,,,12777.0,13010.5,13154.75,13757.083333333334,13161.576537780144,174.28571428571428,23.548387096774192,-280.9466126540083,-224.1267094954506,-56.81990315855768,13695.426720221496,12614.073279778504,13154.75,1081.353440442992,7.485893399352028,10.69918510007223,1.0593099979116225,-93.65079365079364,-130.42668249687446,0.0,11141.55,-70374,43374.95,2248.0,4.360053530906338,
2020-03-02,12500,12735,12485,12650,13491,54607,,,,12690.0,12941.0,13135.75,13732.75,13112.854962753463,181.42857142857142,27.076923076923066,-286.9758917745967,-236.6965459512798,-50.27934582331687,13719.848720927785,12551.651279072215,13135.75,1168.1974418555692,14.259757809906699,11.886042670017051,19.00718808968599,-79.36507936507937,-93.16529963211444,10.19080892233268,11300.55,-56883,44761.65,800.0,1.4867953983682458,
2020-03-03,12680,12850,12640,12675,12887,55605,,,,12629.0,12883.5,13107.25,13710.583333333334,13071.154490110275,184.28571428571428,23.30097087378641,-286.435003430046,-246.64423744703305,-39.79076598301293,13723.635687528089,12490.864312471911,13107.25,1232.771375056178,19.666933014091097,14.479672784708399,30.04145347285649,-77.38095238095238,-67.9104847393681,0.0,11561.1,-43996,46172.25,998.0,1.8276045195670942,
2020-03-04,12700,12725,12550,12580,11010,57314,,,,12613.0,12824.0,13074.5,13688.083333333334,13024.377872004536,183.57142857142858,22.429906542056074,-290.32536152556895,-255.38046226274025,-34.9448992628287,13730.628196716401,12418.371803283599,13074.5,1312.2563934328027,19.88490721438515,16.281417594600647,27.09188645395416,-84.03361344537815,-75.16063671870461,0.0,11787.05,-55006,47509.0,1709.0,3.073464616491317,
2020-03-05,12570,12710,12510,12645,14752,58511,,,,12604.0,12763.5,13043.5,13665.166666666666,12988.246646099342,176.42857142857142,28.33333333333333,-284.8796265687779,-261.2802951239478,-23.599331444830113,13720.001060021732,12366.998939978268,13043.5,1353.002120043464,23.497568665011787,18.686801284737694,33.11910342555998,-73.84615384615384,-66.57433741310514,16.516237167399947,12342.1,-40254,48867.3,1197.0,2.088494957601972,
2020-03-06,12650,12665,12550,12595,8126,58482,,,,12629.0,12703.0,13009.75,13644.25,12950.79458456607,179.64285714285714,25.0,-281.35513762464143,-265.2952636240865,-16.05987400055494,13705.742097656288,12313.757902343712,13009.75,1391.984195312576,25.71406538451766,21.02922265133102,35.08375085089095,-78.42105263157895,-62.190962467046006,7.190446260213705,12103.9,-48380,49941.75,-29.0,-0.04956332997214652,
2020-03-09,12400,12450,12110,12200,20069,56197,,,,12539.0,12614.5,12955.25,13616.25,12879.29033841692,205.0,20.83333333333333,-306.89743104305853,-273.6156971078809,-33.28173393517761,13725.577852281092,12184.922147718908,12955.25,1540.6557045621848,20.571281684916535,20.876575662526193,19.96069372969722,-92.5925925925926,-95.78009171978204,0.0,12906.4,-68449,50864.4,-2285.0,-3.90718511678807,
2020-03-10,12230,12525,12230,12445,19842,55367,,,,12493.0,12561.0,12907.75,13591.166666666666,12837.929353805785,221.07142857142858,31.472081218274113,-303.86763322508705,-279.66608433132217,-24.20154889376488,13681.057830039243,12134.442169960757,12907.75,1546.6156600784852,28.804277880034448,23.519143068362276,39.37454750337879,-72.42798353909465,-68.3029571554932,28.491753992287766,13577.75,-48607,51659.9,-830.0,-1.4769471679982882,
2020-03-11,12460,12470,12330,12370,16212,56383,,,,12451.0,12532.0,12851.25,13565.083333333334,12793.36465344333,224.28571428571428,27.66497461928934,-304.01388697766924,-284.5356448605916,-19.478242117077627,13607.291456674518,12095.208543325482,12851.25,1512.082913349037,30.91456363173468,25.984283256153077,40.775124382897886,-78.60082304526749,-63.361617311758366,18.29589769286073,13941.05,-64819,52418.35,1016.0,1.8350280853215883,
2020-03-12,12340,12345,12150,12260,15062,56430,,,,12374.0,12489.0,12791.0,13536.333333333334,12742.56801978206,230.71428571428572,26.847290640394093,-309.4388563054472,-289.51628714956274,-19.922569155884446,13533.028514135054,12048.971485864946,12791.0,1484.0570282701083,27.366465844579878,26.44501078562868,29.209375962482277,-86.48648648648648,-74.62474983582413,29.11478043933279,14378.6,-79881,53129.9,47.0,0.08335845911000561,
2020-03-13,12050,12295,11990,12180,21270,54827,,,,12291.0,12460.0,12735.25,13502.666666666666,12688.99011313615,239.64285714285714,27.318295739348372,-316.54458604880165,-294.9219469294105,-21.622639119391124,13485.341047105196,11985.158952894804,12735.25,1500.1820942103914,25.60865164832457,26.16622440652731,24.493506131919098,-82.4074074074074,-78.88380252508122,38.49138976473443,14876.35,-101151,53639.15,-1603.0,-2.840687577529688,
2020-03-16,12195,12400,12170,12215,21949,54567,,,,12294.0,12416.5,12678.75,13469.0,12643.848197599375,247.14285714285714,30.129870129870127,-315.71238472466393,-299.08003448846125,-16.632350236202683,13405.319987935383,11952.180012064617,12678.75,1453.1399758707666,27.27651606486944,26.536321625974686,28.75690494265895,-77.38693467336684,-59.44708938069751,87.38374945134386,15603.95,-79202,54060.2,-260.0,-0.47421890674302913,
2020-03-17,12215,12220,12100,12200,15226,52054,,,,12245.0,12369.0,12626.25,13434.416666666666,12601.576940685149,231.78571428571428,35.80246913580247,-312.6590944026211,-301.79584647129326,-10.863247931327862,13330.417107858266,11922.082892141734,12626.25,1408.3342157165316,27.906566265468513,26.993069839139295,29.733559118126948,-75.5813953488372,-65.48309675836835,100.00000000000001,15885.5,-94428,54276.35,-2513.0,-4.605347554382688,
2020-03-18,12190,12275,12020,12045,30098,53343,,,,12180.0,12315.5,12569.75,13397.583333333334,12548.56961300085,238.92857142857142,31.51862464183381,-319.0685211371747,-305.2503814044696,-13.818139732705106,13269.851308458472,11869.648691541528,12569.75,1400.202616916944,21.32042689302839,25.102188857102327,13.756902964880517,-93.6046511627907,-67.62167405712559,71.38215224647743,16764.65,-124526,54303.4,1289.0,2.4762746378760525,
2020-03-19,12135,12135,11700,11945,32473,51785,,,,12117.0,12245.5,12504.5,13358.333333333334,12491.086792715054,248.57142857142858,33.846153846153854,-328.43125124387916,-309.8865553723515,-18.544695871527665,13180.493615665899,11828.506384334101,12504.5,1351.9872313317974,24.11260782767549,24.772328513960048,22.793166455106373,-78.69565217391305,-85.8423838687789,86.93100713719278,17993.45,-156999,54213.25,-1558.0,-2.92072061938774,
2020-03-20,11950,12045,11905,11985,19608,51716,,,,12078.0,12184.5,12443.75,13319.833333333334,12442.888050551715,239.64285714285714,27.609427609427613,-328.83303407683525,-313.67585111324826,-15.15718296358699,13073.360364055672,11814.139635944328,12443.75,1259.2207281113442,27.590223400268506,25.7116268093962,31.34741658201311,-75.21739130434783,-74.30198851576384,45.26710402999067,18579.5,-137391,54108.0,-69.0,-0.13324321714782705,
2020-03-23,11865,11900,11680,11800,15757,50983,,,,11995.0,12144.5,12379.5,13276.583333333334,12381.660617165839,246.42857142857142,23.404255319148945,-340.15827095078566,-318.9723350807558,-21.18593587002988,12995.701436647398,11763.298563352602,12379.5,1232.4028732947954,23.456773406086178,24.960009008292857,20.450302201672827,-88.51674641148325,-94.36162911736535,17.17481903926308,18619.4,-153148,54063.8,-733.0,-1.417356330729369,
2020-03-24,11800,11880,11730,11800,13593,48951,,,,11915.0,12080.0,12320.5,13234.25,12326.26436791195,244.64285714285714,24.83870967741936,-345.154872251449,-324.20884251489446,-20.94602973655452,12920.358755304773,11720.641244695227,12320.5,1199.7175106095456,21.193404492946343,23.70447416984402,16.17126513915099,-88.3495145631068,-85.49147514989879,26.757565680079868,18197.4,-153148,54211.75,-2032.0,-3.9856422729145025,
2020-03-25,11900,11980,11855,11980,15383,46798,,,,11902.0,12041.0,12286.5,13193.25,12293.286809063195,243.21428571428572,30.030030030030034,-330.77722515366077,-325.52251904264773,-5.254706111013036,12882.407975940476,11690.592024059524,12286.5,1191.8159518809516,28.017825217519782,25.142257852402608,33.76895994775413,-69.54314720812182,-58.0966949095777,61.43772638618003,17732.85,-137765,53964.3,-2153.0,-4.398275826847254,
2020-03-26,12000,12040,11920,11950,17592,48471,,,,11903.0,12010.0,12249.5,13153.916666666666,12260.592827247652,243.57142857142858,30.3951367781155,-318.136308194953,-324.0452768731088,5.908968678155759,12831.654799453132,11667.345200546868,12249.5,1164.309598906264,31.178550145013187,27.1543552832728,39.22693986849396,-68.04733727810651,-48.19303990302464,63.8767900228747,17827.25,-155357,53809.9,1673.0,3.5749390999615382,
2020-03-27,12000,12080,11910,12070,13916,48623,,,,11920.0,11999.0,12229.5,13117.75,12242.441129414543,221.07142857142858,45.25547445255474,-295.03432131055524,-318.2430857605981,23.20876445004285,12807.22603232073,11651.77396767927,12229.5,1155.4520646414603,42.63443959247377,32.314383386339784,63.274552004741736,-53.84615384615385,-35.83925912478939,100.0,17415.8,-141441,53550.7,152.0,0.3135895690206558,
2020-03-30,12030,12035,11820,11880,12993,48066,,,,11936.0,11965.5,12191.0,13077.916666666666,12207.922926613157,215.71428571428572,28.517110266159705,-288.7289547052769,-312.34025954953387,23.61130484425695,12753.153753082966,11628.846246917034,12191.0,1124.3075061659329,39.627441521032935,34.7520694312375,49.3781857006238,-74.68354430379746,-49.384317018492524,23.398488275623524,17390.9,-154434,53223.65,-557.0,-1.1455484030191476,
2020-03-31,11890,12045,11890,11980,9347,48218,,,,11972.0,11943.5,12156.25,13040.25,12186.215981221429,217.5,35.44776119402985,-272.52128622871714,-304.3764648853705,31.85517865665338,12676.815229241003,11635.684770758997,12156.25,1041.1304584820064,48.39631632537726,39.30015172928409,66.58864551756362,-58.333333333333336,-35.41958604523633,55.11594479627448,17213.9,-145087,52854.3,152.0,0.31623184787583636,
2020-04-01,11995,12060,11930,11985,12398,47925,,,,11973.0,11937.5,12126.5,13000.916666666666,12167.052554438435,211.07142857142858,38.8663967611336,-256.3184543883508,-294.7648627859666,38.44640839761581,12611.920056836292,11641.079943163708,12126.5,970.8401136725843,57.68087755025151,45.42706033627323,82.18851197820806,-57.638888888888886,-27.914356748347416,70.76100124018426,17283.3,-132689,52384.85,-293.0,-0.6076568916172365,
2020-04-02,11935,11995,11825,11955,16315,46192,,,,11974.0,11938.5,12092.0,12960.0,12146.857073063344,201.42857142857142,40.50632911392405,-243.09608238363762,-284.43110670550084,41.335024321863216,12516.517063075333,11667.482936924667,12092.0,849.0341261506655,61.370585033501,50.74156856868248,82.62861796313803,-61.80555555555556,-38.748647634309506,78.26599372036743,17361.45,-149004,51768.9,-1733.0,-3.616066770996351,
2020-04-03,12030,12035,11910,11915,9604,44460,,,,11943.0,11931.5,12058.0,12928.5,12124.77544705731,193.92857142857142,37.39495798319327,-233.15723158354922,-274.1763316811105,41.01910009756131,12416.717012053852,11699.282987946148,12058.0,717.4340241077043,58.53277097471495,53.33863603735997,68.92104084942493,-60.50420168067227,-29.41331857482935,64.02710337866486,17435.35,-158608,51067.8,-1732.0,-3.7495670245930035,
2020-04-07,11985,12190,11950,12050,12582,45342,,,,11977.0,11956.5,12050.5,12900.166666666666,12117.653975908996,205.0,44.274809160305345,-211.94408942868358,-261.72988323062515,49.785793801941566,12402.933644370414,11698.066355629586,12050.5,704.8672887408284,59.74256803719736,55.47328003730577,68.28114403698052,-37.81512605042017,3.9537859026978235,95.51207973220052,17061.0,-146026,50525.05,882.0,1.983805668016192,
2020-04-08,12030,12245,11980,12205,15310,46795,,,,12022.0,11997.0,12038.5,12872.0,12125.972644870044,205.71428571428572,56.10687022900764,-180.54411663579776,-245.4927299116597,64.94861327586193,12348.119460832677,11728.880539167323,12038.5,619.2389216653537,70.02445712283746,60.32367239914967,89.42602657021303,-7.079646017699115,34.355185171215766,100.0,16834.4,-130716,50096.45,1453.0,3.2045344272418452,
2020-04-09,12245,12320,12160,12295,13042,47426,,,,12084.0,12028.5,12034.75,12844.75,12142.070488215755,186.07142857142858,63.46153846153846,-146.70602836062426,-225.73538960145262,79.02936124082836,12328.894164439285,11740.605835560715,12034.75,588.2883288785706,78.34963808189164,66.33232762673033,102.38425899221426,-3.90625,80.60260532986669,100.0,16675.9,-117674,49648.6,631.0,1.3484346618228393,
2020-04-10,12405,12470,12270,12455,15223,47897,,,,12184.0,12079.0,12044.5,12819.583333333334,12171.873298861872,190.35714285714286,66.54929577464789,-105.7593093033156,-201.74017354182524,95.98086423850964,12380.089034385812,11708.910965614188,12044.5,671.1780687716237,84.79719461869698,72.48728329071922,109.4170172746525,-1.8987341772151898,115.1976634311077,100.00000000000001,16683.95,-102451,49221.95,471.0,0.9931261333445685,
2020-04-13,12395,12695,12380,12510,26575,47695,,,,12303.0,12123.0,12061.0,12795.583333333334,12204.075841827407,191.07142857142858,77.51937984496124,-68.0858478276059,-175.00930839898137,106.92346057137547,12452.442675779039,11669.557324220961,12061.0,782.8853515580777,82.77667380710068,75.91708012951304,96.49586116227596,-19.17098445595855,124.22918286281022,100.0,16949.2,-75876,48865.35,-202.0,-0.4217383134643038,
2020-04-14,12635,12840,12550,12805,21868,48197,,,,12454.0,12215.5,12090.5,12774.583333333334,12261.306714034321,203.92857142857142,81.70347003154575,-14.26093245116681,-142.85963320941846,128.59870075825165,12601.483571679479,11579.516428320521,12090.5,1021.9671433589574,87.3683572507108,79.73417250324562,102.63672674564117,-3.4313725490196076,136.15698300687947,100.0,16945.15,-54008,48546.85,502.0,1.052521228640324,
2020-04-15,12820,13225,12795,12860,40141,46934,,,,12585.0,12303.5,12123.5,12755.083333333334,12318.325122221528,221.78571428571428,80.13698630136986,32.45956743010356,-107.79579308151406,140.25536051161762,12738.848425049197,11508.151574950803,12123.5,1230.696850098393,82.88842864333101,80.78559121660741,87.09410349677822,-25.97864768683274,135.6981442071847,97.0547265556697,18190.9,-13867,48290.85,-1263.0,-2.620495051559224,
2020-04-16,12845,12845,12670,12695,30144,46883,,,,12665.0,12374.5,12156.0,12736.0,12354.198920105191,226.78571428571428,73.35423197492163,55.53164491622374,-75.1303054819665,130.66195039819024,12820.582179782314,11491.417820217686,12156.0,1329.1643595646274,75.15755825905211,78.90958023075565,67.65351431564503,-37.72241992882562,86.44450204377895,84.30191858691964,18193.2,-44011,47967.85,-51.0,-0.10866322921548877,
2020-04-17,12780,12960,12760,12945,29678,46086,,,,12763.0,12473.5,12206.0,12721.25,12410.465689618983,233.57142857142858,75.3623188405797,92.91823958579153,-41.520596468414894,134.43883605420643,12949.523616585951,11462.476383414049,12206.0,1487.047233171903,76.11811073479291,77.97909039876807,72.39615140684259,-19.9288256227758,92.64873711729112,88.07748599652632,18053.45,-14333,47682.9,-797.0,-1.699976537337633,
2020-04-20,12940,13390,12895,13320,37284,48398,,,,12925.0,12614.0,12272.75,12711.0,12497.088004893365,251.07142857142858,87.69633507853403,151.0653637333362,-3.0034044280646732,154.06876816140087,13158.778839972581,11386.721160027419,12272.75,1772.0576799451628,82.42389415416453,79.46069165056689,88.3502991613598,-4.472843450479234,109.4739441824842,100.0,18937.25,22951,47517.0,2312.0,5.016707893937422,
2020-04-21,13300,13520,12740,13030,41848,45989,,,,12970.0,12712.0,12334.25,12697.5,12547.841528236855,295.0,75.0,171.76678164114674,31.950632785777607,139.81614885536914,13252.287236946875,11416.212763053125,12334.25,1836.07447389375,76.27279218120772,78.39805849411383,72.02225955539552,-28.908554572271388,85.0149752286896,74.75946820607015,20241.8,-18897,47267.3,-2409.0,-4.977478408198688,
2020-04-22,13015,13060,12840,12950,28033,46211,,,,12988.0,12786.5,12391.75,12682.333333333334,12586.142335071441,301.42857142857144,72.183908045977,179.6466186727248,61.48982996316705,118.15678870955776,13312.946447418704,11470.553552581296,12391.75,1842.3928948374087,68.98186145413848,75.25932614745538,56.42693206750468,-33.6283185840708,62.12793995840187,69.16102912420287,20963.8,-46930,47130.3,222.0,0.48272412968317635,
2020-04-23,12995,13170,12875,13035,30526,43860,,,,13056.0,12860.5,12444.5,12668.5,12628.890684112255,310.35714285714283,74.2152466367713,190.5536520316782,87.30259437686928,103.25105765480893,13386.998918050476,11502.001081949524,12444.5,1884.9978361009526,65.13995441971805,71.8862022382096,51.64745878273496,-30.124223602484474,63.30098939133684,73.19936506666447,21720.95,-16404,46983.4,-2351.0,-5.087533271299039,
2020-04-24,12960,13180,12830,12940,37856,37839,,,,13055.0,12909.0,12494.0,12653.333333333334,12658.520142768231,326.42857142857144,72.4288840262582,189.3491493695292,107.71190537540127,81.63724399412791,13431.12101111526,11556.87898888474,12494.0,1874.242022230519,56.828698135482135,66.86703420396711,36.75202599851218,-36.94267515923567,53.02669316884057,64.83898082939909,22734.15,-54260,46451.8,-6021.0,-13.727770177838572,
2020-04-27,12980,13040,12840,12915,29071,24534,,,,12974.0,12949.5,12536.25,12640.166666666666,12682.946795837925,321.07142857142856,69.88505747126436,184.2533236442614,123.02018902917331,61.23313461508809,13469.066194451822,11603.433805548178,12536.25,1865.632388903643,47.493641894243,60.40923676739241,21.662452147944165,-39.285714285714285,42.957580050659864,43.61639966959836,23491.9,-83331,45247.35,-13305.0,-35.16213430587489,
2020-04-28,12820,12940,12510,12885,16685,15824,,,,12945.0,12957.5,12586.5,12637.75,12702.189958139075,332.85714285714283,66.58536585365853,175.7679522225335,133.56974166784536,42.19821055468813,13477.82131367455,11695.17868632545,12586.5,1782.6426273491015,44.03866555325771,54.95237969601418,22.211237267744764,-46.69117647058823,22.821148917920553,12.889843647086218,23676.5,-100016,43635.25,-8710.0,-35.50175266976441,
2020-04-29,12885,13035,12770,12820,9693,11409,,,,12919.0,12953.5,12628.5,12630.666666666666,12713.40996212583,340.35714285714283,62.96296296296296,161.93163042804554,139.2421194198854,22.68951100816014,13477.654997939902,11779.345002060098,12628.5,1698.3099958798048,39.590133471148704,49.83163095439235,19.107138504661407,-56.0,29.922488147495557,0.0,23693.8,-109709,41794.8,-4415.0,-27.90065722952477,
2020-04-30,12880,12880,12770,12860,8634,39785,,,,12884.0,12970.0,12672.25,12624.416666666666,12727.370918113846,333.92857142857144,60.62992125984252,152.43671585483753,141.8810387068758,10.555677147961717,13470.441871142457,11874.058128857543,12672.25,1596.3837422849138,37.94457742961069,45.86927977946513,22.095172729901805,-57.89473684210526,21.68436773313139,0.0,23505.6,-101075,41387.8,28376.0,248.71592602331495,
2020-05-06,12840,13245,12800,13215,23220,44123,,,,12939.0,12997.0,12735.25,12623.583333333334,12773.811783055386,343.2142857142857,65.98639455782313,171.57959798859338,147.82075056321935,23.75884742537403,13492.950642178623,11977.549357821377,12735.25,1515.4012843572455,48.56371168574706,46.767423748225774,52.156287560789636,-30.198019801980198,49.352981471578985,19.790110850524062,23850.85,-77855,41284.35,4338.0,10.903606887017725,
2020-05-07,13200,13465,12930,13115,40794,47727,,,,12979.0,12976.5,12795.25,12621.0,12806.305898954872,357.85714285714283,57.711442786069654,176.64505153511345,153.58561075759818,23.059440777515277,13464.330083319432,12126.169916680568,12795.25,1338.1601666388633,53.49273623726942,49.00919457790699,62.45981955599429,-40.0990099009901,57.783416448212996,0.0,25410.35,-118649,41447.7,3604.0,8.168075606826374,
2020-05-08,13240,13245,13080,13190,17955,48239,,,,13040.0,12992.5,12852.25,12619.333333333334,12842.848194292503,338.92857142857144,58.128078817734,184.5835686836981,159.78520234281817,24.798366340879937,13443.746540898372,12260.753459101628,12852.25,1182.9930817967434,59.39655365207141,52.471647602628465,73.2463657509573,-32.67326732673267,55.629502379566055,1.3894865040720945,25679.0,-100694,41592.55,512.0,1.072768034864957,
2020-05-11,13300,13730,13200,13675,69167,56850,,,,13211.0,13065.0,12925.75,12624.0,12922.100747217026,363.92857142857144,70.85106382978724,227.38914686354292,173.30599124696312,54.0831556165798,13543.353816118562,12308.146183881438,12925.75,1235.207632237125,71.42830352761044,58.79053291095579,96.70384476091974,-4.508196721311475,107.50445402234509,43.82080454235866,28371.85,-31527,42095.3,8611.0,17.850701714380477,
2020-05-12,13670,13720,13420,13435,38914,54459,,,,13326.0,13105.0,12982.75,12622.916666666666,12970.948295101118,366.42857142857144,60.47008547008547,239.1896523108444,186.4827234597394,52.706928851105005,13564.638712456439,12400.861287543561,12982.75,1163.777424912878,72.8920930621228,63.49105296134479,91.6941732636788,-24.18032786885246,98.66167658664934,9.200108698436457,29665.45,-70441,42446.95,-2391.0,-4.20580474934037,
2020-05-13,13465,13550,13320,13505,28722,53763,,,,13384.0,13161.5,13035.25,12623.583333333334,13021.810362234344,347.5,54.54545454545455,251.29330014208062,199.44483879620765,51.84846134587298,13606.015644597353,12464.484355402647,13035.25,1141.531289194707,75.78052105780864,67.58754232683273,92.16647851976046,-18.442622950819672,81.42339376356354,0.0,30340.4,-41719,42740.25,-696.0,-1.2780256706880433,
2020-05-14,13500,13550,13305,13420,20218,53761,,,,13445.0,13212.0,13080.75,12625.666666666666,13059.733184878693,309.2857142857143,60.65573770491804,251.13184701678802,209.78224044032373,41.34960657646428,13619.396207488837,12542.103792511163,13080.75,1077.2924149776736,73.08979181631688,69.42162548999411,80.4261244689624,-25.40983606557377,70.07841156667308,31.064299668733575,30022.55,-61937,43043.55,-2.0,-0.0037200305042506265,
2020-05-15,13390,13425,13260,13340,19237,54526,,,,13475.0,13257.5,13107.5,12625.583333333334,13086.425262509294,305.35714285714283,60.65573770491804,241.7616846306846,216.17812927839591,25.5835553522887,13641.605252785097,12573.394747214903,13107.5,1068.210505570194,68.51819454421125,69.12048184139982,67.3136199498341,-31.9672131147541,48.85965135129517,31.064299668733575,29891.0,-81174,43360.0,765.0,1.4229646025929688,
2020-05-18,13310,13510,13275,13425,25882,54660,,,,13425.0,13318.0,13135.75,12628.5,13118.670475603645,301.07142857142856,60.65573770491804,238.44589718139287,220.63168285899533,17.814214322397532,13674.484140076727,12597.015859923273,13135.75,1077.4682801534545,68.08023005456377,68.77373124578781,66.69322767211568,-25.0,55.33047767227034,34.167289702583965,29178.05,-55292,43746.3,134.0,0.24575431904045875,
2020-05-19,13465,13600,13380,13455,25491,53618,,,,13429.0,13377.5,13173.75,12633.166666666666,13150.701858879487,291.7857142857143,64.58923512747876,235.52388824327136,223.61012393585057,11.913764307420792,13688.254104633006,12659.245895366994,13173.75,1029.0082092660123,67.26182003637585,68.2697608426505,65.24593842382654,-22.540983606557376,64.00939604911578,61.597088504229156,28945.4,-29801,44083.05,-1042.0,-1.906330040248816,
2020-05-20,13485,13525,13340,13380,21369,54569,,,,13404.0,13394.0,13195.5,12635.333333333334,13172.53977708144,290.7142857142857,62.8099173553719,224.56762610379337,223.80162436943914,0.7660017343542336,13706.050786174264,12684.949213825736,13195.5,1021.1015723485289,60.22582874219928,65.5884501425001,49.50058594159768,-28.688524590163933,46.489744221645424,50.68478378086918,28529.95,-51170,44507.2,951.0,1.7736580998918283,
2020-05-21,13380,13635,13230,13635,35641,53570,,,,13447.0,13446.0,13211.25,12642.583333333334,13216.58360783559,288.92857142857144,68.38235294117646,233.76636515572682,225.7945725266967,7.971792629030119,13756.245171393386,12666.254828606614,13211.25,1089.990342786772,67.50904306083726,66.22864778194582,70.06983361862012,-9.895833333333334,58.3044198393903,84.85974460958755,28447.8,-15529,44765.8,-999.0,-1.8307097436273345,
2020-05-22,13600,13650,13090,13120,44214,47115,,,,13403.0,13439.0,13215.75,12643.166666666666,13207.385168994104,310.0,56.02409638554217,197.22672919748948,220.08100386085525,-22.85427466336577,13755.908602439575,12675.591397560425,13215.75,1080.3172048791494,46.59333029452643,59.68354195280603,20.41290697796724,-63.541666666666664,15.1096891844454,9.068301676456732,28566.1,-59743,44822.1,-6455.0,-12.04965465745753,
2020-05-25,13235,13320,13110,13255,23862,37684,,,,13369.0,13397.0,13231.0,12647.75,13211.91991480419,317.14285714285717,57.640232108317214,177.120442002888,211.48889148926182,-34.368449486373805,13756.59339898122,12705.40660101878,13231.0,1051.1867979624403,40.883648767779526,53.416910891130534,15.817124521077503,-51.075268817204304,1.1001464385935766,18.979833926453132,28357.55,-35881,44395.75,-9431.0,-20.01697973044678,
2020-05-26,13295,13350,13150,13250,26023,23322,,,,13328.0,13378.5,13241.75,12657.583333333334,13215.546589584743,299.64285714285717,50.78299776286353,158.95032591591735,200.98117837459296,-42.03085245867561,13759.19590360529,12724.30409639471,13241.75,1034.8918072105807,36.77957536899588,47.87113238375232,14.596461339483,-60.0,3.256080817042663,0.0,28132.4,-61904,43368.85,-14362.0,-38.11166542829848,
2020-05-27,13260,13285,13010,13140,22203,15822,,,,13280.0,13342.0,13251.75,12665.083333333334,13208.351676290957,281.07142857142856,50.55679287305122,134.1281514783641,187.6105729953472,-53.48242151698312,13752.089621499343,12751.410378500657,13251.75,1000.6792429986854,31.290550245997252,42.3442716711673,9.18310739565716,-81.94444444444444,-20.259719847145842,0.0,27349.75,-84107,42268.0,-7500.0,-32.15847697453048,
2020-05-28,13050,13150,13025,13060,11543,11925,,,,13165.0,13306.0,13259.0,12674.916666666666,13194.222945215628,278.2142857142857,47.11111111111111,106.77028658879135,171.44251571403606,-64.67222912524471,13742.720232322254,12775.279767677746,13259.0,967.4404646445073,23.4645334973315,36.05102561322204,-1.7084507344495705,-93.05555555555556,-36.91744415018723,0.0,26473.35,-95650,41637.55,-3897.0,-24.63026166097838,
2020-05-29,12880,13035,12880,12955,16225,39074,,,,13132.0,13267.5,13262.5,12680.0,13171.439807576044,252.5,30.74866310160428,75.74323818141966,152.3026602075128,-76.55942202609313,13735.725216216506,12789.274783783494,13262.5,946.4504324330119,18.88977557830758,30.330608934917223,-3.991891134911697,-91.07142857142857,-69.99483428781244,0.0,26450.35,-111875,42800.05,27149.0,227.66457023060798,
2020-06-01,12990,13130,12960,13095,23164,43031,,,,13100.0,13234.5,13276.25,12687.0,13164.159825902134,243.57142857142858,40.39548022598869,61.739217484117034,134.18997166283364,-72.45075417871661,13709.643889156152,12842.856110843848,13276.25,866.787778312304,21.900543026231027,27.520586965355157,10.660455147982773,-72.07792207792208,-51.08854181148803,25.633460778115605,27123.9,-88711,44381.15,3957.0,10.126938629267546,
2020-06-02,13020,13100,12980,13045,15785,45222,,,,13059.0,13193.5,13285.5,12694.75,13152.811271054312,235.71428571428572,36.857142857142854,46.07522158185384,116.56702164663768,-70.49180006478385,13688.304641169103,12882.695358830897,13285.5,805.609282338206,21.743219160344495,25.59479769701827,14.040062086996947,-78.57142857142857,-64.5890926405226,16.23141334686627,27481.45,-104496,44653.0,2191.0,5.0916780925379435,
2020-06-03,13100,13165,12970,13030,27397,48078,,,,13037.0,13158.5,13276.25,12701.166666666666,13141.11495952533,232.14285714285714,38.392857142857146,32.08120517316638,99.66985835194343,-67.58865317877705,13694.08747784843,12858.41252215157,13276.25,835.6749556968607,20.988985933736156,24.059527109257566,14.847903582693334,-80.51948051948052,-59.89839718967413,20.312103527023606,27690.3,-131893,44850.75,2856.0,6.315510149927017,
2020-06-04,13020,13020,12825,12840,22850,53380,,,,12993.0,13079.0,13262.5,12705.25,13112.437344332442,235.0,36.03351955307262,5.594939266948131,80.85487453494437,-75.25993526799624,13718.991194357915,12806.008805642085,13262.5,912.9823887158309,14.945038241538391,21.021364153351175,2.792386417912823,-98.18181818181819,-90.77423085540302,14.042886769798654,26793.1,-154743,45133.4,5302.0,11.027912974749366,
2020-06-05,12840,12975,12830,12950,20515,53739,,,,12992.0,13062.0,13250.5,12717.75,13096.967121062686,228.57142857142858,36.91460055096418,-6.4452398819903465,63.39485165155743,-69.84009153354778,13727.18703183094,12773.81296816906,13250.5,953.3740636618786,17.899866764200198,19.980865023634184,13.737870245332225,-84.84848484848484,-76.77851210038185,16.384089563485638,26921.1,-134228,45408.4,359.0,0.6725365305357833,
2020-06-08,12955,13075,12910,12990,19354,54145,,,,12971.0,13035.5,13216.25,12726.833333333334,13086.779776199573,224.64285714285714,37.26027397260274,-12.614095455866845,48.19306223007258,-60.80715768593942,13661.941361228468,12770.558638771532,13216.25,891.3827224569359,23.889766248597233,21.28383209862187,29.10163454854797,-80.0,-54.416276670380434,17.30261076911847,24430.45,-114874,45273.15,406.0,0.7555034518692105,
2020-06-09,12950,13055,12910,12945,18968,54801,,,,12951.0,13005.0,13191.75,12736.416666666666,13073.276940371043,221.78571428571428,37.88300835654596,-20.89323762393724,34.375802259270614,-55.26903988320785,13640.670049147191,12742.829950852809,13191.75,897.8400982943822,27.6912167147511,23.419626970664947,36.2343962029234,-85.45454545454545,-54.36166090876878,18.957336592171853,23433.15,-133842,45290.25,656.0,1.211561547695994,
2020-06-10,12980,12980,12845,12910,17760,56613,,,,12927.0,12982.0,13162.0,12747.25,13057.7267555738,202.5,26.984126984126988,-29.933668238534665,21.51390815970956,-51.44757639824422,13602.291769290847,12721.708230709153,13162.0,880.5835385816936,26.794144476500733,24.544466139276878,31.293501150948444,-89.6969696969697,-62.00441503802613,0.0,22885.05,-151602,45432.75,1812.0,3.306509005310132,
2020-06-11,12900,12950,12760,12820,17634,58983,,,,12923.0,12958.0,13132.0,12757.916666666666,13035.08611218582,176.07142857142858,36.95652173913044,-43.854989452378504,8.440128637291945,-52.29511808967045,13579.970863714196,12684.029136285804,13132.0,895.9417274283915,22.801034589272092,23.963322289275283,20.47645918926571,-89.83050847457628,-70.5564963411732,32.529881779190525,22755.85,-169236,45693.85,2370.0,4.186317630226277,
2020-06-12,12760,12830,12665,12765,18500,60224,,,,12886.0,12939.0,13103.25,12767.083333333334,13009.36362531098,172.85714285714286,27.10280373831776,-58.64969992530678,-4.9778370752278,-53.67186285007898,13568.48649899809,12638.01350100191,13103.25,930.4729979961812,21.867356392848063,23.26466699046621,19.072735197611763,-85.4014598540146,-80.78207443067824,0.4986654841489633,22719.0,-187736,45978.75,1241.0,2.1039960666632718,
2020-06-15,12740,12870,12570,12585,20543,62736,,,,12805.0,12888.0,13061.25,12773.5,12968.948041948028,180.0,23.293172690763058,-83.93159901463696,-20.76858946310963,-63.163009551527324,13554.977764322768,12567.522235677232,13061.25,987.4555286455361,15.418573729685825,20.649302570206082,4.957116048645311,-97.9020979020979,-86.81471658170348,0.0,22452.05,-208279,46382.55,2512.0,4.171094580233792,
2020-06-16,12670,12780,12595,12745,15860,62677,,,,12765.0,12858.0,13025.75,12785.166666666666,12947.619657000596,174.28571428571428,34.74903474903475,-90.0193364890165,-34.618738868291004,-55.40059762072549,13502.065629543446,12549.434370456554,13025.75,952.6312590868911,21.830204268635434,21.042936469682534,23.404739866541227,-70.58823529411765,-73.7445892511267,48.09762228826977,21970.5,-192419,46835.5,-59.0,-0.09404488650854859,
2020-06-17,12720,12805,12685,12720,19309,63262,,,,12727.0,12827.0,12992.75,12798.083333333334,12925.94159442911,173.92857142857142,36.29032258064516,-95.75737198615934,-46.84646549186468,-48.910906494294665,13457.026176882955,12528.473823117045,12992.75,928.5523537659101,24.454459611433524,22.180110850266196,29.003157133768184,-74.78991596638656,-62.04434061695678,75.9964692665704,21867.5,-211728,47270.15,585.0,0.933356733730073,
2020-06-18,12715,12800,12660,12745,18411,64445,,,,12712.0,12817.5,12948.25,12810.75,12908.709061626338,171.07142857142858,40.94827586206897,-97.16742974619046,-56.91065834272983,-40.25677140346063,13313.349481756615,12583.150518243385,12948.25,730.1989635132304,27.854128189800566,24.07144996344432,35.41948464251306,-70.58823529411765,-61.42904650224823,100.0,21006.0,-193317,47813.9,1183.0,1.8700009484366564,
2020-06-19,12745,13290,12740,13250,63821,64942,,,,12809.0,12847.5,12954.75,12834.916666666666,12941.212960519068,197.85714285714286,55.08196721311476,-56.879954432864906,-56.904517560756844,0.024563127891937597,13336.952412617356,12572.547587382644,12954.75,764.4048252347129,50.05090027468185,32.73126673385683,84.6901673563319,-5.555555555555555,41.116353183695125,100.0,21986.35,-129496,48705.25,497.0,0.771200248273729,
2020-06-22,13250,13380,13075,13205,40596,61288,,,,12933.0,12869.0,12952.25,12858.333333333334,12966.335535707727,211.07142857142858,55.26315789473684,-28.25723212831872,-51.17506047426922,22.917828345950504,13326.75985511592,12577.74014488408,12952.25,749.0197102318416,59.49895409258625,41.653829186766636,95.1892039042255,-21.604938271604937,78.49373761906153,100.0,22823.05,-170092,49885.45,-3654.0,-5.626559083489879,
2020-06-23,13280,13310,13130,13190,30856,50637,,,,13022.0,12893.5,12949.25,12878.5,12987.636913259372,210.0,55.26315789473684,-6.706583802781097,-42.2813651399716,35.5747813371905,13314.56565298491,12583.93434701509,12949.25,730.6313059698186,65.18037268723857,49.49601035359062,96.5490973545345,-23.45679012345679,77.73364594450449,100.0,23064.7,-200948,51251.2,-10651.0,-17.378605926119306,
2020-06-24,13240,13270,13000,13150,35558,32147,,,,13108.0,12917.5,12949.75,12898.5,13003.100064377526,214.64285714285714,61.31386861313869,7.063372393040481,-32.41241763336918,39.47579002640966,13316.190560269366,12583.309439730634,12949.75,732.8811205387319,67.32189454869403,55.43797175195843,91.08974014216523,-28.395061728395063,56.99014489437864,100.0,23732.45,-236506,52067.45,-18490.0,-36.51480142978455,
2020-06-29,13180,13235,13035,13160,13287,25065,,,,13191.0,12951.5,12954.75,12916.666666666666,13018.042915389191,218.57142857142858,58.267716535433074,18.56902613742386,-22.216128879210572,40.785155016634434,13330.144178795683,12579.355821204317,12954.75,750.7883575913656,69.16109842340919,60.012347309108684,87.45860065201019,-27.160493827160494,55.93085552242279,91.9881737990153,23819.65,-223219,52724.45,-7082.0,-22.03004946029179,
2020-06-30,13170,13190,13030,13105,16823,15519,,,,13162.0,12985.5,12962.25,12937.083333333334,13026.324542494984,218.21428571428572,54.47470817120623,22.984349998267135,-13.176033103715032,36.16038310198216,13343.611480681217,12580.888519318783,12962.25,762.7229613624331,67.76344990435346,62.59604817419027,78.09825336467983,-33.95061728395062,42.54371642707285,82.01200615608003,23849.55,-240042,51546.7,-9546.0,-38.084979054458415,
2020-07-01,13140,13175,13080,13155,8112,13673,,,,13152.0,13042.5,12965.25,12956.666666666666,13038.579347971652,214.64285714285714,58.13953488372093,30.17032339353682,-4.506761804264662,34.67708519780148,13351.915570173885,12578.584429826115,12965.25,773.331140347771,68.09229993623565,64.42813209487207,75.42063561896282,-27.77777777777778,48.753918078707656,91.65103727743808,23096.95,-231930,50078.8,-1846.0,-11.895096333526645,
2020-07-02,13100,13355,13090,13355,9469,12312,,,,13185.0,13103.5,12980.75,12979.5,13068.714648164827,223.92857142857142,65.29209621993127,51.41095413463336,6.6767813835149425,44.734172751118415,13403.999024620383,12557.500975379617,12980.75,846.4980492407667,77.57079255008301,68.80901891327571,95.09433982369762,-3.0864197530864197,77.12509798894082,99.99999999999999,22781.15,-222461,48433.3,-1361.0,-9.953923791413732,
2020-07-03,13175,13470,13170,13380,33086,32097,,,,13231.0,13169.5,12998.25,13003.25,13098.36087214913,231.78571428571428,70.14388489208633,69.46089612113792,19.233604331039537,50.227291790098384,13457.485921481484,12539.014078518516,12998.25,918.4718429629684,80.93760599229279,72.85188127294806,97.10905543098224,-10.0,85.37345246316382,100.0,23065.6,-189375,47634.25,19785.0,160.69688109161794,
2020-07-06,13380,13430,13240,13325,24594,34276,,,,13264.0,13227.5,13022.5,13026.75,13119.945550992068,233.57142857142858,70.14388489208633,78.42354700946817,31.071592866725265,47.3519541427429,13497.501385039533,12547.498614960467,13022.5,950.002770079067,77.00804938493279,74.23727064360963,82.54960686757909,-16.11111111111111,73.62126973562606,100.0,23152.8,-213969,46679.05,2179.0,6.788796460728408,
2020-07-07,13350,13530,13320,13415,21422,36272,,,,13326.0,13244.0,13045.75,13049.5,13148.045974707109,227.14285714285714,81.92307692307692,91.73133848027283,43.20354198943478,48.52779649083804,13550.404910753248,12541.095089246752,13045.75,1009.3098215064965,77.4393285207728,75.30462326933069,81.70873902365705,-12.29946524064171,82.07727873146196,100.0,23198.15,-192547,45805.7,1996.0,5.823316606371809,
2020-07-08,13450,13680,13385,13520,26126,39373,,,,13399.0,13275.5,13072.25,13071.416666666666,13183.470167592146,234.28571428571428,81.12449799196787,109.48836782656872,56.460507156861574,53.027860669707145,13618.52422263529,12525.97577736471,13072.25,1092.5484452705787,77.11641509227991,75.90855387698042,79.53213752287888,-15.686274509803921,89.88394604995501,98.24998744297474,23536.75,-166421,45067.1,3101.0,8.54929422143802,
2020-07-09,13460,13575,13455,13545,18784,40656,,,,13437.0,13311.0,13102.25,13092.25,13217.901580202419,234.28571428571428,83.13253012048193,124.14714161268239,69.99783404802574,54.14930756465665,13683.858251226491,12520.641748773509,13102.25,1163.2165024529822,77.82119980510967,76.54610251969018,80.37139437594865,-13.235294117647058,78.25794804757884,100.0,23527.55,-147637,44359.85,1283.0,3.2585782134965546,
2020-07-10,13545,13630,13295,13405,24527,40095,,,,13442.0,13336.5,13127.0,13108.083333333334,13235.720477325998,248.21428571428572,74.26470588235294,123.04906248085717,80.60807973459202,42.44098274626515,13716.240367359804,12537.759632640196,13127.0,1178.4807347196074,71.11156910084235,74.73459138007424,63.86552454237855,-29.25531914893617,57.223212917252425,69.05618209986432,23865.9,-172164,43533.95,-561.0,-1.379870129870131,
2020-07-13,13425,13700,13410,13665,27295,42303,,,,13510.0,13387.0,13169.25,13127.333333333334,13276.604241390189,230.0,68.60986547085201,141.52721629517328,92.79190704670829,48.735309248464986,13786.325232127545,12552.174767872455,13169.25,1234.15046425509,78.8593256371207,76.10950279908973,84.35897131318265,-5.0,73.87218373280191,49.32390648760744,24348.95,-144869,42699.95,2208.0,5.506921062476611,
2020-07-14,13645,13790,13540,13590,31356,42996,,,,13545.0,13435.5,13210.5,13140.416666666666,13306.451456495884,226.07142857142858,66.8122270742358,148.40865057938026,103.91525575324269,44.493394826137575,13824.08223401166,12596.91776598834,13210.5,1227.1644680233185,76.38240756760428,76.20047105526125,76.74628059229033,-25.31645569620253,73.79644619133376,43.051139492969725,24991.75,-176225,41838.55,693.0,1.638181689241902,
2020-07-15,13580,13655,13550,13555,19723,42851,,,,13552.0,13475.5,13259.0,13152.0,13330.12274635342,220.71428571428572,65.66523605150215,149.31679823134436,112.99556424886303,36.32123398248133,13815.053764912787,12702.946235087213,13259.0,1112.1075298255746,71.62052977625231,74.67382396225827,65.5139414042404,-29.746835443037973,60.273244971833364,39.048773141598595,24950.75,-195948,40844.3,-145.0,-0.3372406735510314,
2020-07-16,13555,13610,13340,13405,27396,41958,,,,13524.0,13480.5,13292.0,13163.833333333334,13337.25391336738,220.71428571428572,60.0,136.36088202440806,117.66862780397204,18.692254220436013,13795.46588239606,12788.53411760394,13292.0,1006.9317647921198,57.74701985083488,69.03155592511715,35.17794770227036,-50.6578947368421,32.99135695848864,19.280222476689005,25527.55,-223344,39808.35,-893.0,-2.083965368369467,
2020-07-17,13480,13490,13400,13450,13026,41478,,,,13533.0,13487.5,13328.5,13172.25,13347.991635903822,212.85714285714286,61.06870229007633,128.24600884775464,119.78410401272856,8.461904835026075,13757.73555059517,12899.26444940483,13328.5,858.4711011903382,48.935723671600364,62.33294517394489,22.141280666911314,-44.73684210526316,28.729977023093806,23.00940431042338,25213.4,-210318,38719.15,-480.0,-1.1440011440011388,
2020-07-20,13405,13440,13310,13420,16191,41161,,,,13484.0,13497.0,13362.25,13173.916666666666,13354.849575341554,211.42857142857142,62.2568093385214,118.0335468563826,119.43399258145938,-1.4004457250767786,13693.205156765194,13031.294843234806,13362.25,661.9103135303885,41.04132419857533,55.23573818215504,12.652496231415924,-52.11267605633803,11.075570983272893,16.47371359773866,25102.4,-226509,37554.95,-317.0,-0.764260571869424,
2020-07-21,13470,13580,13385,13505,21042,40700,,,,13467.0,13506.0,13375.0,13181.833333333334,13369.149615785216,218.57142857142858,63.25757575757576,115.46784533201571,118.64076313157065,-3.172917799554938,13707.391652311422,13042.608347688578,13375.0,664.7833046228443,41.50229694046436,50.657924434924816,23.191041951543454,-40.714285714285715,35.3583211844588,14.082228535353533,22963.45,-205467,36342.85,-461.0,-1.1199922256504902,
2020-07-22,13505,13695,13505,13580,25764,38533,,,,13472.0,13512.0,13393.75,13192.333333333334,13389.230604758053,213.21428571428572,59.41422594142259,118.12471342167737,118.537553189592,-0.41283976791463317,13728.065876474868,13059.434123525132,13393.75,668.6317529497355,46.86011715222877,49.39198867402613,41.796374108634026,-33.87096774193548,59.34350499144892,0.0,22221.85,-179703,35205.1,-2167.0,-5.3243243243243255,
2020-07-23,13505,13545,13355,13470,24128,32110,,,,13485.0,13504.5,13407.75,13199.583333333334,13396.922928114429,207.85714285714286,53.51562500000001,110.08522587458356,116.84708772659033,-6.761861852006774,13729.349211179971,13086.150788820029,13407.75,643.1984223599429,42.35118921259696,47.04505552021641,32.96345659735806,-58.18181818181818,16.472503851059237,0.0,21885.45,-203831,34278.75,-6423.0,-16.668829315132484,
2020-07-24,13510,13740,13510,13690,33509,25507,,,,13533.0,13533.0,13434.75,13212.083333333334,13424.835030198768,213.57142857142858,62.62975778546712,120.0818071311387,117.49403160750002,2.5877755236386832,13755.907036518374,13113.592963481626,13434.75,642.3140730367486,54.623015030620195,49.57104202368434,64.7269610444919,-20.2020202020202,67.06736441268089,30.773413860734983,21783.0,-170322,33946.75,-6603.0,-20.563687324820922,
2020-07-27,13700,13965,13640,13720,36258,20264,,,,13593.0,13538.5,13462.75,13225.5,13452.945979703647,221.78571428571428,61.01083032490975,128.93859521384184,119.7829443287684,9.155650885073442,13780.678740774607,13144.821259225393,13462.75,635.8574815492138,57.28048330285621,52.1408557834083,67.55973834175202,-36.56716417910448,94.68430986088897,25.30718619794727,22931.55,-134064,33706.7,-5243.0,-20.555141725800762,
2020-07-28,13720,13850,13675,13785,17878,16562,,,,13649.0,13558.0,13496.75,13240.5,13484.570172112824,213.21428571428572,59.85130111524164,139.5934736807576,123.74505019916624,15.848423481591354,13798.626150973072,13194.873849026928,13496.75,603.7523019461441,62.3600168583927,55.5472428084031,75.9855649583719,-26.865671641791046,87.28657009306514,21.39209377032484,22984.3,-116186,33758.85,-3702.0,-18.26885116462692,
2020-07-29,13710,13835,13600,13760,11079,15172,,,,13685.0,13578.5,13527.0,13256.166666666666,13510.801584292556,221.42857142857142,57.992565055762086,144.35620212428694,127.8672805841904,16.48892154009654,13804.989019093997,13249.010980906003,13527.0,555.9780381879937,64.47410793104042,58.52286451594887,76.37659476122354,-30.597014925373134,72.73228100414022,21.57657045700617,23132.65,-127265,33833.8,-1390.0,-8.392706194903997,
2020-07-30,13735,13960,13680,13905,16440,13719,,,,13772.0,13628.5,13554.5,13273.583333333334,13548.344290550407,217.5,68.51851851851852,158.0095511655236,133.89573470045704,24.11381646506655,13867.463761144121,13241.536238855879,13554.5,625.9275222882425,73.26263683952313,63.43612195714029,92.91566660428882,-9.16030534351145,99.90333981595552,99.39482246549674,23481.2,-110825,33904.15,-1453.0,-9.576852095966249,
2020-07-31,13840,14075,13710,14075,18723,12128,,,,13849.0,13691.0,13589.25,13287.916666666666,13598.501977164655,222.5,66.26984126984127,180.46719441816458,143.21002664399856,37.25716777416602,13968.04691823345,13210.45308176655,13589.25,757.5938364668982,82.17509122634874,69.68244504687644,107.16038358529335,-0.0,112.32824066372153,85.01170960187349,22763.05,-92102,32905.7,-1591.0,-11.597055178948901,
2020-08-03,14075,14125,13850,13995,13366,9797,,,,13904.0,13748.5,13622.75,13302.583333333334,13636.263693625164,224.28571428571428,66.00790513833992,189.6238414745876,152.49278961011638,37.13105186447123,14021.147777947726,13224.352222052274,13622.75,796.7955558954527,82.48902185652688,73.95130398342658,99.56445760272746,-15.950920245398773,105.3562132929436,83.2658055122522,22201.65,-105468,31681.75,-2331.0,-19.21998680738787,
2020-08-04,13940,14190,13860,14155,27127,32533,,,,13978.0,13813.5,13659.75,13318.666666666666,13685.667151375148,240.35714285714286,71.58273381294964,207.40043000626065,163.47431768934524,43.92611231691541,14110.871118057996,13208.628881942004,13659.75,902.2422361159915,86.92880898219556,78.27713898301624,104.2321489805542,-3.977272727272727,105.95344104097785,100.0,22486.9,-78341,31494.8,22736.0,232.07104215576194,
2020-08-05,14155,14500,14085,14460,44911,36778,,,,14118.0,13901.5,13706.75,13331.75,13759.413136958467,250.71428571428572,84.14239482200648,243.2949033002369,179.43843481152356,63.85646848871335,14276.766389422732,13136.733610577268,13706.75,1140.0327788454633,89.9390713079957,82.1644497580094,105.48831440796829,-3.361344537815126,131.5771673894013,100.0,23426.15,-33430,31365.05,4245.0,13.04828942919498,
2020-08-06,14500,14795,14400,14430,43680,34452,,,,14223.0,13997.5,13751.0,13348.333333333334,13823.278552486232,272.5,82.02614379084967,266.2516000029227,196.8010678498034,69.45053215311933,14400.068968843674,13101.931031156326,13751.0,1298.1379376873483,83.11140318719937,82.48010090107272,84.3740077594527,-24.579124579124578,128.7282498240113,93.09019186987129,24670.95,-77110,31054.85,-2326.0,-6.324433084996461,
2020-08-07,14435,14565,14275,14385,25470,34099,,,,14285.0,14067.0,13800.0,13363.0,13876.77583320183,283.2142857142857,81.22977346278317,277.6136660804914,212.963587495941,64.65007858455039,14486.0029154457,13113.9970845543,13800.0,1372.0058308914013,77.3043943144788,80.75486537220809,70.40345219902022,-28.47222222222222,92.09244480906358,90.48994923019768,24718.1,-102580,30755.05,-353.0,-1.0246139556484346,
2020-08-10,14430,14430,14110,14175,23040,32736,,,,14321.0,14112.5,13825.5,13375.583333333334,13905.178134801656,292.14285714285717,70.05988023952096,266.5997444480399,223.6908188863608,42.908925561679126,14528.08844732588,13122.91155267412,13825.5,1405.1768946517586,67.57531448022436,76.36168174154685,50.0025799575794,-43.05555555555556,60.14562734686365,54.01893616490138,24505.35,-125620,30276.7,-1363.0,-3.9971846681720824,
2020-08-11,14205,14280,13950,13975,22767,31504,,,,14285.0,14131.5,13844.75,13386.166666666666,13911.827836249118,302.14285714285717,61.00278551532033,238.97801388759217,226.7482578866071,12.229756000985077,14541.241017057726,13148.258982942274,13844.75,1392.9820341154518,53.869342687862584,68.86423539031875,23.87955728295026,-56.94444444444444,32.55807727092968,24.446458307008673,24075.9,-148387,29702.1,-1232.0,-3.7634408602150504,
2020-08-12,13980,14085,13920,14060,20830,30810,,,,14205.0,14161.5,13870.0,13396.75,13925.939470892059,297.85714285714283,66.66666666666666,221.3942875067587,225.67746381063745,-4.283176303878747,14558.835783653918,13181.164216346082,13870.0,1377.671567307836,46.66558329728473,61.464684692640745,17.067380506572704,-57.19844357976654,22.997311204977336,33.17077659182917,24131.25,-127557,29100.05,-694.0,-2.202894870492633,
2020-08-13,14130,14280,14060,14135,21213,30453,,,,14146.0,14184.5,13906.5,13408.083333333334,13945.849997473768,294.2857142857143,63.69230769230769,211.07775786357888,222.75752262122575,-11.679764757646865,14568.427806526235,13244.572193473765,13906.5,1323.8556130524703,41.16329891776654,54.697556101016005,14.094784551267608,-55.23012552301255,38.48034199676563,21.79648084708812,23822.1,-106344,28524.8,-357.0,-1.158714703018504,
2020-08-14,14130,14425,13920,14380,26546,31334,,,,14145.0,14215.0,13953.0,13424.75,13987.19761676198,307.14285714285717,67.93478260869566,220.13372172873642,222.2327624427279,-2.099040713991485,14610.550478350482,13295.449521649518,13953.0,1315.1009567009642,45.98052369918839,51.79187863374013,34.35781383008491,-34.72803347280335,46.14466989959891,38.020199908786864,24498.1,-79798,28017.6,881.0,2.8929826289692206,
2020-08-17,14380,14925,14360,14905,55764,35686,,,,14291.0,14306.0,14027.25,13445.916666666666,14074.607367546552,335.0,74.34782608695652,266.6005455919949,231.10631907258133,35.49422651941356,14762.20058910178,13292.29941089822,14027.25,1469.9011782035595,63.32366588237766,55.63580771661931,78.69938221389435,-1.509433962264151,104.09558705043742,62.54442639740118,26476.75,-24034,27743.85,4352.0,13.889066190081056,
2020-08-18,14930,15130,14800,15015,65057,35154,,,,14499.0,14392.0,14102.75,13477.5,14164.168570637357,341.7857142857143,76.31027253668763,308.7429227430712,246.63363980667933,62.10928293639185,14917.692522997466,13287.807477002534,14102.75,1629.8850459949317,72.38106651111679,61.21756064811847,94.70807823711341,-7.931034482758621,115.76063593694606,66.15274622179655,28677.5,41023,27466.55,-532.0,-1.4907806983130656,
2020-08-19,15090,15105,14685,14755,44381,32916,,,,14638.0,14421.5,14161.5,13502.5,14220.438230576658,351.7857142857143,67.0,317.5012760922855,260.8071670638006,56.69410902848489,14987.11045995006,13335.88954004994,14161.5,1651.220919900119,71.25679916168116,64.5639734859727,84.64245051309808,-26.408450704225352,86.55540879363836,25.91752697806692,29608.35,-3358,27185.7,-2238.0,-6.366274108209591,
2020-08-20,14820,14915,14660,14890,43186,30346,,,,14789.0,14467.5,14232.5,13529.833333333334,14284.206018140785,343.92857142857144,66.5314401622718,331.5142164531535,274.94857694167115,56.565639511482345,15051.931767173224,13413.068232826776,14232.5,1638.8635343464484,74.22629585985356,67.78474761059965,87.10939235836139,-18.75,76.13464481853437,23.89260152873013,30561.25,39828,27097.5,-2570.0,-7.807753068416579,
2020-08-21,14890,14945,14680,14705,32076,27368,,,,14854.0,14499.5,14283.25,13555.916666666666,14324.281635460711,343.2142857142857,63.81322957198444,323.9572413347105,284.750309820279,39.20693151443146,15086.783479471504,13479.716520528496,14283.25,1607.0669589430072,71.10954159251946,68.8930122712396,75.54260023507919,-33.46456692913386,64.13010599863868,12.145598568304393,30489.6,7752,27190.55,-2978.0,-9.81348447900876,
2020-08-24,14695,15085,14630,14970,30567,24256,,,,14867.0,14579.0,14345.75,13587.75,14385.778622559692,352.14285714285717,65.23364485981308,335.4843150586112,294.89711086794546,40.587204190665716,15159.210929738194,13532.289070261806,14345.75,1626.921859476388,76.33198089639038,71.37266847962319,86.25060572992476,-13.223140495867769,70.888439444592,18.284056953676615,30205.05,38319,27390.15,-3112.0,-11.370944168371821,
2020-08-25,14970,15085,14905,14955,30301,18390,,,,14855.0,14677.0,14404.25,13621.083333333334,14439.99018231591,335.35714285714283,60.37735849056604,339.4957339014545,303.8168354746473,35.67889842680722,15216.195519302737,13592.304480697263,14404.25,1623.891038605474,79.40038395847512,74.0485736392405,90.10400459694435,-14.462809917355372,73.44599400920961,0.0,30826.2,8018,27481.55,-5866.0,-24.183707124010557,
2020-08-26,14955,15200,14900,15165,24710,14617,,,,14937.0,14787.5,14474.5,13655.583333333334,14509.038736381062,328.57142857142856,64.32748538011695,355.521822921899,314.1578329640977,41.36398995780132,15294.826635843117,13654.173364156883,14474.5,1640.6532716862348,85.35546430565007,77.81753719471035,100.43131852752953,-2.734375,78.42954330539278,18.943258585702882,31507.75,32728,27453.8,-3773.0,-20.51658510059815,
2020-08-27,15180,15225,15035,15090,13716,11988,,,,14977.0,14883.0,14533.75,13689.666666666666,14564.368380535247,321.42857142857144,63.58381502890173,358.04343884479204,322.9349541402366,35.10848470455545,15352.059393296873,13715.440606703127,14533.75,1636.6187865937463,85.03466406503838,80.22324615148636,94.65749989214243,-10.344827586206897,74.10688523192857,20.12473379981744,31371.55,19012,27367.25,-2629.0,-17.985906820825072,
2020-08-28,15120,15210,15030,15195,22957,40817,,,,15075.0,14964.5,14589.75,13725.75,14624.428534769984,311.42857142857144,70.48192771084338,364.31486512233096,331.2109363366555,33.103928785675464,15428.900416226217,13750.599583773783,14589.75,1678.3008324524344,88.34243710778469,82.92964313691914,99.16802504951579,-2.2988505747126435,70.11976550770623,63.41946734305646,31583.25,41969,28801.7,28829.0,240.48214881548216,
2020-08-31,15250,15425,15180,15320,21200,41500,,,,15145.0,15006.0,14656.0,13767.083333333334,14690.67343622046,305.35714285714283,77.84679089026915,375.0481493554762,339.97837894041965,35.06977041505655,15506.582462972163,13805.417537027837,14656.0,1701.1649259443257,87.82577568191935,84.56168731858588,94.35395240858628,-6.976744186046512,80.64580046727768,100.0,31974.95,63169,30386.85,683.0,1.673322390180565,
2020-09-01,15300,15350,15095,15275,26899,40884,,,,15209.0,15032.0,14712.0,13805.833333333334,14746.323585151846,311.7857142857143,75.57894736842105,375.5936210554537,347.10142736342647,28.49219369202723,15571.132977881894,13852.867022118106,14712.0,1718.265955763789,85.59454227851228,84.905972305228,86.97168222508083,-9.966777408637874,65.68787091021017,87.0182186234818,31963.55,36270,30804.4,-616.0,-1.4843373493975909,
2020-09-02,15230,15360,15200,15235,27524,42199,,,,15223.0,15080.0,14750.75,13843.25,14792.864196089766,307.5,73.5042735042735,368.5498325462595,351.3911083999931,17.158724146266422,15631.66026486064,13869.83973513936,14750.75,1761.8205297212808,82.4299044959474,84.08061636880115,79.1284807502399,-12.624584717607974,61.68149344675758,75.14219531214162,31094.2,8746,31075.45,1315.0,3.2164171803150454,
2020-09-03,15280,15470,14905,14935,41539,41380,,,,15192.0,15084.5,14776.0,13876.416666666666,14806.400939319312,311.7857142857143,61.58663883089771,334.89957280206,348.0928012804065,-13.193228478346498,15647.094894824597,13904.905105175403,14776.0,1742.1897896491937,67.05644426713954,78.40589233491394,44.35754813159073,-48.1981981981982,38.81083700191792,6.922264631518453,30987.15,-32793,31421.85,-819.0,-1.9408042844617168,
2020-09-04,14900,14965,14770,14775,37195,40056,,,,15108.0,15091.5,14795.5,13907.5,14803.410373669853,285.35714285714283,46.79802955665025,291.9553570731059,336.8653124389464,-44.90995536584046,15646.981062619718,13944.018937380282,14795.5,1702.9621252394354,44.94239141618827,67.25139202867206,0.3243901912206866,-82.73809523809524,5.178160424346225,0.0,31573.4,-69988,31719.7,-1324.0,-3.199613339777674,
2020-09-07,14810,14950,14695,14805,26398,38958,,,,15005.0,15075.0,14827.0,13940.583333333334,14803.561766653676,280.0,44.61538461538462,257.3756398259429,320.96737791634575,-63.59173809040283,15626.877622218748,14027.122377781252,14827.0,1599.755244437496,34.69277707315777,56.398520376833964,-8.718709534194616,-79.16666666666667,-0.7022860009495624,0.0,31741.3,-43590,32030.8,-1098.0,-2.741162372678252,
2020-09-08,14805,14890,14730,14880,20036,39525,,,,14926.0,15067.5,14872.25,13975.833333333334,14810.841598400944,261.42857142857144,53.54107648725212,233.3331190217432,303.44052613742525,-70.10740711568207,15564.313847069801,14180.186152930199,14872.25,1384.1276941396027,31.085507296083676,47.960849349917204,-2.665176811583379,-70.23809523809524,-3.8180985916931514,26.859206011432978,31604.75,-23554,32431.85,567.0,1.4554135222547337,
2020-09-09,14730,14780,13995,14190,34736,39020,,,,14717.0,14970.0,14878.75,14002.583333333334,14751.713827124664,306.42857142857144,34.91379310344827,156.79458427176723,274.11133776429364,-117.3167534925264,15540.46925196495,14217.03074803505,14878.75,1323.4385039299013,25.1304511917394,40.3507166305246,-5.310079685830999,-86.77966101694915,-85.63102674909045,0.0,32300.05,-58290,32842.35,-505.0,-1.2776723592662909,
2020-09-10,14200,14435,14050,14125,30194,41126,,,,14555.0,14873.5,14878.25,14025.583333333334,14692.026795969934,315.0,36.81818181818181,89.8564777380634,237.2603657590476,-147.4038880209842,15542.34633892111,14214.15366107889,14878.25,1328.1926778422203,19.691487235170904,33.46430683207337,-7.854151958634027,-91.1864406779661,-105.95809667527142,4.435722667654323,32749.1,-88484,33376.0,2106.0,5.397232188621226,
2020-09-11,14150,14305,14095,14215,28656,42945,,,,14443.0,14775.5,14870.0,14050.5,14646.595672544225,297.5,31.35802469135801,43.56757401236064,198.52180740971022,-154.95423339734958,15563.602343224356,14176.397656775644,14870.0,1387.204686448713,18.099409569209982,28.342674411118907,-2.3871201146078675,-85.08474576271186,-104.11969545609199,0.0,32854.6,-59828,33956.55,1819.0,4.422992753975596,
2020-09-14,14215,14520,14195,14450,27173,42569,,,,14372.0,14688.5,14847.25,14078.916666666666,14627.872275159061,307.85714285714283,38.75278396436526,25.55128107613018,163.9277021429942,-138.37642106686403,15565.430999030483,14129.069000969517,14847.25,1436.3619980609656,22.3487589218462,26.34470258136134,14.356871602815929,-69.15254237288136,-69.40523357607802,15.906550931825862,31425.05,-32655,34300.7,-376.0,-0.875538479450455,
2020-09-15,14460,14500,14390,14400,22046,42669,,,,14276.0,14601.0,14816.5,14098.083333333334,14606.17015371534,294.2857142857143,31.654676258992808,7.156165173657428,132.57339474912686,-125.41722957546943,15556.763822103843,14076.236177896157,14816.5,1480.5276442076865,24.051714987445493,25.580373383389393,20.994398195557693,-72.54237288135593,-57.21134001411045,0.63811452075436,29274.5,-54701,34676.45,100.0,0.23491272992084422,
2020-09-16,14420,14445,13950,14110,47239,43005,,,,14260.0,14488.5,14784.25,14113.166666666666,14558.915853361497,316.07142857142856,28.695652173913032,-30.471417543934876,99.96443229051452,-130.4358498344494,15589.17088529181,13979.32911470819,14784.25,1609.8417705836182,21.28899225764018,24.149913008139656,15.567150756641233,-89.47368421052632,-82.61810850802145,0.0,29417.4,-101940,35180.9,336.0,0.7874569359488159,
2020-09-17,14110,14150,13920,14005,25441,43384,,,,14236.0,14395.5,14740.0,14126.75,14506.161962565164,319.64285714285717,24.130434782608702,-67.9805331483858,66.37543920273446,-134.35597235112027,15614.721008153609,13865.278991846391,14740.0,1749.4420163072173,16.94347056658213,21.74776552762048,7.334880644505425,-94.51612903225806,-87.6519487090578,0.0,28530.15,-127381,35832.8,379.0,0.8812928729217573,
2020-09-18,13930,14190,13860,14125,33735,42100,,,,14218.0,14330.5,14711.0,14143.0,14469.860823273244,325.7142857142857,23.96514161220044,-87.02066038094927,35.696219285997714,-122.71687966694698,15628.04100809414,13793.95899190586,14711.0,1834.0820161882802,19.87169882432336,21.122409959854775,17.37027655326053,-83.54037267080746,-74.34903455690106,0.0,28613.1,-93646,36569.4,-1284.0,-2.959616448460267,
2020-09-21,14050,14145,13905,14000,31539,42020,,,,14128.0,14250.0,14662.5,14157.0,14425.112173437697,324.64285714285717,23.157894736842096,-110.91796051608253,6.373383325581663,-117.2913438416642,15623.417872606571,13701.582127393429,14662.5,1921.8357452131422,18.320262984331514,20.18836096801369,14.584067016967161,-91.30434782608695,-70.22572315176149,0.0,28661.7,-125185,37457.6,-80.0,-0.19002375296912621,
2020-09-22,14000,14120,13805,13925,45658,42194,,,,14033.0,14154.5,14611.0,14170.666666666666,14377.482442634107,335.7142857142857,22.82157676348548,-134.35980010325693,-21.773253360186054,-112.58654674307087,15615.335863302606,13606.664136697394,14611.0,2008.671726605211,17.807914250626602,19.39487872888466,14.633985294110488,-92.7927927927928,-68.76132177451584,0.0,29429.55,-170843,38647.8,174.0,0.4140885292717833,
2020-09-23,13950,14070,13845,14000,33488,38731,,,,14011.0,14135.5,14552.75,14184.75,14341.531733811813,311.42857142857144,28.604118993135003,-145.21184194387934,-46.460971076924714,-98.75087086695461,15556.933224002683,13548.566775997317,14552.75,2008.3664480053667,20.962851924660157,19.917536460809824,23.053482852360823,-83.1896551724138,-59.89439785391917,18.823686198169966,29868.45,-137355,39853.5,-3463.0,-8.207328056121721,
2020-09-24,13940,14345,13930,14260,51427,29326,,,,14062.0,14149.0,14511.25,14199.833333333334,14333.766806782118,327.14285714285717,38.7308533916849,-131.31857738090366,-63.43249233772051,-67.88608504318316,15490.23376417912,13532.26623582088,14511.25,1957.96752835824,35.187355828561316,25.00747625006032,55.5471149855633,-60.262008733624455,-35.22683441950994,51.788853240637096,31754.0,-85928,40720.4,-9405.0,-24.282874183470604,
2020-09-25,14240,14445,14180,14330,42094,22036,,,,14103.0,14160.5,14468.0,14215.666666666666,14333.40806327906,327.85714285714283,39.784946236559136,-113.35298745400542,-73.41659136097749,-39.93639609302792,15394.836157666443,13541.163842333557,14468.0,1853.6723153328858,48.63809333414879,32.88434861142315,80.14558277960009,-51.61290322580645,-17.44836145976155,55.22020093299133,32710.85,-43834,39781.35,-7290.0,-24.858487349110003,
2020-09-28,14365,14520,14285,14380,34034,14289,,,,14179.0,14153.5,14421.0,14233.25,14337.845390585815,333.2142857142857,39.130434782608695,-93.99700688502344,-77.53267446578668,-16.464332419236754,15256.782646134117,13585.217353865883,14421.0,1671.5652922682348,59.231922362625994,41.66687319515743,94.36202069756312,-41.02564102564103,-4.834617774311893,96.14161882761934,33352.55,-9800,38420.8,-7747.0,-35.15610818660374,
2020-09-29,14455,14455,14155,14330,21563,9843,,,,14260.0,14146.5,14373.75,14248.5,14337.098210530023,291.42857142857144,54.21686746987952,-81.74947787074962,-78.37603514677927,-3.373442723970342,15106.781736226878,13640.718263773122,14373.75,1466.0634724537558,63.96347271727514,49.09907303586333,93.69227208009877,-26.573426573426573,-10.003198398650403,100.0,33085.75,-31363,36868.75,-4446.0,-31.114843585975226,
2020-09-30,14310,14385,14035,14180,18692,6952,,,,14296.0,14153.5,14321.0,14259.5,14322.136476193831,288.92857142857144,51.57593123209169,-83.18802946502728,-79.33843401042887,-3.849595454598415,14935.299772526669,13706.700227473331,14321.0,1228.5995450533374,60.124832627367574,52.7743262330314,74.82584541603993,-47.55244755244755,-21.073956713246336,91.5881134451481,32644.15,-50055,35106.4,-2891.0,-29.37112668901758,
2020-10-09,14305,14700,14200,14690,13044,6356,,,,14382.0,14222.0,14308.75,14278.583333333334,14357.171097508704,311.07142857142856,60.969976905311775,-42.68332738686695,-72.00741268571649,29.32408529884954,14879.740598134415,13737.759401865585,14308.75,1141.981196268829,73.04411560632698,59.530922690796594,100.07050143738776,-1.1173184357541899,40.44855977499272,100.0,31219.4,-37011,33355.2,-596.0,-8.573072497123135,
2020-10-12,14550,14725,14400,14515,22780,32287,,,,14419.0,14261.0,14295.75,14297.083333333334,14372.202421555494,311.07142857142856,51.5439429928741,-24.422568466519806,-62.49044384187715,38.067875375357346,14832.879554106585,13758.620445893415,14295.75,1074.2591082131694,74.42071475204408,64.49418671121242,94.27377083370737,-22.82608695652174,50.28276425197796,75.29114228278507,30498.65,-59791,32966.75,25931.0,407.9767149150409,
2020-10-13,14515,14515,14255,14375,26789,35084,,,,14418.0,14298.5,14274.25,14308.916666666666,14372.468857597827,321.7857142857143,49.430523917995444,-21.005477364065882,-54.19345054631491,33.187973182249024,14757.248038570717,13791.251961429283,14274.25,965.9960771414335,69.68956741045363,66.22598027762615,76.6167416761086,-38.04347826086956,24.8580363428011,69.75114829346576,30518.2,-86580,32773.05,2797.0,8.662929352370918,
2020-10-14,14400,14430,14170,14380,25506,35080,,,,14428.0,14344.0,14249.25,14322.083333333334,14373.186109255177,305.0,57.06806282722513,-17.690030177083827,-46.89276647246869,29.202736295384867,14643.91541459024,13854.58458540976,14249.25,789.3308291804788,65.32763613527098,65.92653223017442,64.1298439454641,-37.5,22.51348173938055,89.77174910722259,30791.7,-61074,32550.8,-4.0,-0.011401208528105666,
2020-10-15,14405,14570,14270,14340,30168,36146,,,,14460.0,14378.0,14256.75,14335.166666666666,14370.02552742135,310.0,59.078590785907856,-18.081745000081355,-41.13056217799123,23.048817177909875,14652.374423172441,13861.125576827559,14256.75,791.2488463448826,58.2860569404222,63.379707133590344,48.098756554085895,-41.84782608695652,39.69908344888603,95.04203030173687,30563.3,-91242,32407.1,1066.0,3.0387685290764077,
2020-10-16,14350,14480,14225,14460,26209,36318,,,,14414.0,14398.0,14273.5,14352.75,14378.594524809792,304.64285714285717,59.078590785907856,-8.609934733196496,-34.62643668903228,26.016501955835786,14673.974718303167,13873.025281696833,14273.5,800.9494366063336,59.38877225979837,62.04939550899302,54.06752576140907,-28.804347826086957,35.320039076662574,95.04203030173687,30364.05,-65033,32166.7,172.0,0.4758479499806345,
2020-10-19,14485,14785,14455,14495,36665,37432,,,,14410.0,14414.5,14287.5,14370.166666666666,14389.680760542193,311.07142857142856,64.1025641025641,1.7011409429451305,-27.3609211626368,29.06206210558193,14698.794490474573,13876.205509525427,14287.5,822.5889809491455,60.03695928431003,61.378583434098694,57.3537109847327,-29.591836734693878,76.82449707653666,100.0,30764.5,-28368,31891.05,1114.0,3.067349523652174,
2020-10-20,14515,14555,14390,14505,25638,36454,,,,14436.0,14427.0,14290.25,14388.25,14400.663545252459,300.35714285714283,67.15976331360946,10.557953612940764,-19.777146207521287,30.33509982046205,14706.82090127549,13873.67909872451,14290.25,833.1418025509811,60.91352841176224,61.22356509331988,60.29345504864699,-29.78723404255319,50.30264553709659,100.0,30687.75,-2730,31585.3,-978.0,-2.612737764479589,
2020-10-21,14585,14710,14510,14695,33886,34702,,,,14499.0,14463.5,14305.0,14408.083333333334,14428.695588561748,298.92857142857144,69.25207756232687,32.53342845566476,-9.315031274884078,41.84845973054884,14757.29240658299,13852.70759341701,14305.0,904.5848131659804,69.06430349402035,63.83714456022004,79.51862136162097,-10.526315789473685,81.20929500366778,100.0,31279.75,31156,31186.95,-1752.0,-4.806056948483017,
2020-10-22,14665,14795,14465,14515,36315,30184,,,,14534.0,14497.0,14325.25,14423.666666666666,14436.915056317772,292.85714285714283,57.39130434782609,35.020955144915206,-0.44783399092422105,35.46878913583943,14777.047288032682,13873.452711967318,14325.25,903.5945760653631,64.44286899601357,64.03905270548455,65.25050157707162,-36.8421052631579,62.92799622023863,60.62375049980009,30733.55,-5159,30545.9,-4518.0,-13.019422511670797,
2020-10-23,14530,14675,14465,14535,33350,22265,,,,14549.0,14481.5,14351.75,14441.416666666666,14446.256479525602,288.92857142857144,56.11940298507462,38.166214458202376,7.274975698901098,30.891238759301277,14786.300887335663,13917.199112664337,14351.75,869.101774671326,62.42857933067572,63.50222824721494,60.28128149759728,-34.21052631578947,50.37421051647606,56.40120071374432,31129.0,28191,29489.95,-7919.0,-26.23575404187649,
2020-10-26,14565,14570,14225,14250,31194,15364,,,,14500.0,14455.0,14358.0,14450.75,14427.56538623745,296.7857142857143,46.596858638743456,17.460463612962485,9.312073281713376,8.148390331249109,14782.293840584442,13933.706159415558,14358.0,848.5876811688831,45.885719553783815,57.630058682737896,22.397041295875653,-71.71052631578948,-1.7250973259121996,0.0,31001.95,-3003,28153.15,-6901.0,-30.99483494273524,
2020-10-27,14200,14305,14090,14210,19012,12202,,,,14441.0,14438.5,14368.5,14458.916666666666,14406.844873262455,290.7142857142857,46.84210526315789,-2.15185358616327,7.019287908138048,-9.171141494301317,14764.97260474816,13972.02739525184,14368.5,792.9452094963199,36.264238567770775,50.508118644415525,7.776478414481275,-76.97368421052632,-42.21969135751813,1.0825171243838219,30375.6,-22015,26662.25,-3162.0,-20.580577974485813,
2020-10-28,14290,14925,14110,14775,62877,44468,,,,14457.0,14478.0,14411.0,14475.416666666666,14441.907266285078,323.92857142857144,62.85097192224622,27.578118449693648,11.131054016449168,16.447064433244478,14789.106083693872,14032.893916306128,14411.0,756.2121673877446,51.52146842641804,50.84590190508303,52.87260146908805,-17.964071856287426,59.37963527942563,71.74555822359635,31236.55,40862,26775.95,32266.0,264.43206031798064,
2020-10-29,14690,14695,14310,14345,45581,41540,,,,14423.0,14478.5,14428.25,14485.166666666666,14432.678002829354,320.0,42.281879194630875,16.254556729072647,12.155754558973864,4.098802170098782,14755.45949349244,14101.04050650756,14428.25,654.4189869848815,44.5272863361749,48.73969671544699,36.102465577630724,-69.46107784431138,10.140385096815391,0.0,31841.2,-4719,26916.4,-2928.0,-6.584510209588923,
2020-10-30,14270,14400,14115,14115,47563,38688,,,,14339.0,14444.0,14421.0,14488.666666666666,14402.422954940845,317.14285714285717,41.266375545851524,-11.14999512302893,7.4946046225733065,-18.644599745602235,14769.630402998273,14072.369597001727,14421.0,697.260805996546,30.682861549465905,42.720751660119966,6.607081328157776,-97.0059880239521,-76.52848476131369,0.0,31648.0,-52282,27384.5,-2852.0,-6.8656716417910495,
2020-11-02,14110,14200,13805,13805,47691,43495,,,,14250.0,14375.0,14394.75,14484.166666666666,14345.525530660763,326.7857142857143,38.41463414634147,-57.223077114012995,-5.448931724743954,-51.77414538926904,14838.353367174352,13951.146632825648,14394.75,887.2067343487033,20.455241032977273,35.29891478440574,-9.232106469879653,-100.0,-133.03364815689386,0.0,31927.85,-99973,28457.45,4807.0,12.425041356492962,
2020-11-03,13805,13925,13750,13865,37203,45298,,,,14181.0,14311.0,14369.0,14482.0,14299.761194407358,320.7142857142857,39.761431411530815,-87.88178149881242,-21.935501679557646,-65.94627981925477,14872.01825853646,13865.98174146354,14369.0,1006.0365170729201,16.899238702835913,29.165689423882462,-7.63366273925719,-90.2127659574468,-123.00331634346034,4.36740895482664,32086.3,-62770,30007.9,1803.0,4.145304057937693,
2020-11-04,13875,14040,13700,13855,39798,45275,,,,13997.0,14227.0,14345.25,14477.0,14257.40298541618,323.57142857142856,40.24144869215292,-111.69835295130542,-39.8880719339072,-71.81028101739822,14898.379612677765,13792.120387322235,14345.25,1106.2592253555304,15.483846210053873,24.605075019272935,-2.7586114083842475,-87.34693877551021,-100.31943958411775,5.924014261391313,32998.05,-102568,31779.5,-23.0,-0.050774868647618376,
2020-11-05,13900,13950,13720,13830,37856,47734,,,,13894.0,14158.5,14327.75,14466.5,14216.697939186068,321.7857142857143,36.82008368200836,-131.07944622090508,-58.12634679130677,-72.95309942959831,14923.405101547869,13732.094898452131,14327.75,1191.310203095738,13.85997910602231,21.023376381522727,-0.466815444978522,-89.38775510204081,-93.56097672044736,0.0,33956.25,-140424,33818.6,2459.0,5.431253451131979,
2020-11-06,13895,14000,13760,13855,38669,48056,,,,13842.0,14090.5,14286.0,14456.916666666666,14182.250516406442,315.35714285714283,36.5546218487395,-142.77597859770503,-75.05627315258643,-67.7197054451186,14891.714888636387,13680.285111363613,14286.0,1211.4297772727732,13.457673145511471,18.50147530285231,3.370068830829794,-87.34693877551021,-76.07664287412446,0.0,35237.5,-101755,35903.6,322.0,0.6745715841957489,
2020-11-09,13875,14070,13560,13980,51716,49073,,,,13877.0,14063.5,14259.25,14450.166666666666,14162.988562462971,340.0,39.478957915831664,-140.34134181488116,-88.11328688504537,-52.22805492983579,14869.618956581096,13648.881043418904,14259.25,1220.7379131621929,19.228192353417903,18.743714319707507,20.197148420838694,-69.23076923076923,-68.09781977715483,8.943619628107516,36684.3,-50039,36742.9,1017.0,2.116281005493592,
2020-11-10,14010,14055,13750,13785,49285,50175,,,,13861.0,14021.0,14229.75,14443.666666666666,14126.989651752212,347.14285714285717,31.799999999999997,-152.39008687888236,-100.96864688381277,-51.42143999506959,14872.723970169704,13586.776029830296,14229.75,1285.947940339407,19.426724417697102,18.971384352370706,20.337404548349895,-83.51648351648352,-62.22458788402886,0.0,37809.1,-99324,37497.45,1102.0,2.245634055386869,
2020-11-11,13760,13795,13620,13675,49343,52179,,,,13825.0,13911.0,14194.5,14438.666666666666,14083.943018252001,336.07142857142856,32.71604938271605,-168.86827646601705,-114.54857280025362,-54.31970366576343,14878.766030137404,13510.233969862596,14194.5,1368.532060274807,17.514641675290132,18.485803460010516,15.572318105849362,-91.57509157509158,-78.56349167825776,2.950147212814802,39000.95,-148667,38352.4,2004.0,3.9940209267563587,
2020-11-12,13660,13675,13460,13490,53335,53102,,,,13757.0,13825.5,14152.0,14429.166666666666,14027.377016513716,336.42857142857144,29.86512524084779,-194.61194891786363,-130.56124802377565,-64.05070089408798,14900.7631907282,13403.2368092718,14152.0,1497.5263814563987,13.027779134878108,16.66646201829971,5.7504133680348986,-97.95221843003414,-87.8965121098309,0.0,40159.3,-202002,39200.2,923.0,1.7689108645240426,
2020-11-13,13510,13630,13480,13550,37248,51387,,,,13696.0,13769.0,14106.5,14419.416666666666,13981.912538750505,322.5,35.23206751054852,-207.7773680876271,-146.00447203654596,-61.77289605108115,14886.406202187498,13326.593797812502,14106.5,1559.8124043749958,13.603218876803982,15.645380971134468,9.518894688143014,-93.8566552901024,-75.9021310621704,16.270439626845434,40711.25,-164754,39953.65,-1715.0,-3.2296335354600525,
2020-11-16,13560,13700,13260,13305,64898,54447,,,,13561.0,13719.0,14047.0,14401.5,13917.444677917123,338.57142857142856,32.42718446601941,-235.26848147604323,-163.85727392444542,-71.41120755159781,14881.754297288793,13212.245702711207,14047.0,1669.5085945775863,10.92066443638784,14.07047545955226,4.621042390059003,-97.29729729729729,-82.29592927603703,7.767147073464192,42122.9,-229652,40804.4,3060.0,5.954813474224996,
2020-11-17,13280,13310,12950,12995,78432,57209,,,,13403.0,13632.0,13971.5,14369.666666666666,13829.592803829779,306.07142857142856,11.637931034482762,-278.85532550997596,-186.85688424155154,-91.99844126842441,14899.747358140457,13043.252641859543,13971.5,1856.4947162809149,8.619728671877608,12.25355986366071,1.352066288311402,-97.42120343839541,-104.43749796387912,0.0,44762.6,-308084,41842.15,2762.0,5.072823112384528,
2020-11-18,13025,13110,12955,13040,61609,56472,,,,13276.0,13550.5,13888.75,14336.75,13754.393489179323,283.92857142857144,16.279069767441854,-306.2369802316025,-210.73290343956177,-95.50407679204073,14840.213554077003,12937.286445922997,13888.75,1902.9271081540064,8.425057209823168,10.97739231238153,3.3203870047064434,-93.79310344827586,-95.94501521319503,15.664469767146352,46148.75,-246475,42930.65,-737.0,-1.2882588403922424,
2020-11-19,13030,13210,12860,13145,68923,53210,,,,13207.0,13482.0,13820.25,14309.916666666666,13696.356014019388,288.57142857142856,23.20441988950276,-315.82389512482587,-231.7511017766146,-84.07279334821126,14779.111578287393,12861.388421712607,13820.25,1917.7231565747861,13.467944475970265,11.807576366911109,16.78868069408858,-78.73134328358209,-82.19985823328287,40.43729513778314,47779.15,-177552,44081.95,-3262.0,-5.7763139254852,
2020-11-20,13190,13265,13120,13170,52949,49915,,,,13131.0,13413.5,13752.0,14281.25,13646.226869827065,270.7142857142857,29.18032786885246,-317.74157607963207,-248.9491966372181,-68.79237944241396,14690.758418562014,12813.241581437986,13752.0,1877.5168371240288,17.62577051536093,13.746974416394382,25.38336271329403,-74.3801652892562,-64.14534674183543,61.32950864407275,48759.1,-124603,45464.45,-3295.0,-6.192445029129868,
2020-11-23,13150,13435,13150,13365,71791,43593,,,,13143.0,13352.0,13707.75,14258.916666666666,13619.443358414965,278.57142857142856,34.93975903614458,-300.0674904906118,-259.17285540789686,-40.894635082714956,14630.973614356382,12784.526385643618,13707.75,1846.4472287127646,29.754078739295878,19.082675857361544,51.096884503164546,-58.264462809917354,-45.18981771310386,81.46490330504271,50788.95,-52812,46875.9,-6322.0,-12.665531403385755,
2020-11-24,13345,13420,13205,13405,47485,38634,,,,13225.0,13314.0,13667.5,14232.833333333334,13599.020181423062,269.64285714285717,36.68639053254437,-279.60981670444744,-263.260247667207,-16.34956903724043,14568.449791229117,12766.550208770883,13667.5,1801.8995824582344,41.46303661984804,26.542796111523707,71.30351763649671,-54.95867768595041,-38.059035987347634,89.96959632563672,52212.6,-5327,48197.5,-4959.0,-11.375679581584198,
2020-11-25,13360,13590,13055,13270,68985,26710,,,,13271.0,13273.5,13592.25,14204.75,13567.684926049438,291.42857142857144,34.44444444444444,-271.164518818372,-264.84110189744,-6.323416920932004,14342.523458918744,12841.976541081256,13592.25,1500.5469178374879,43.911865683073295,32.332485968706905,67.07062511180607,-66.11570247933884,-39.54427544015383,81.91692607875784,52518.0,-74312,47309.6,-11924.0,-30.86400579800176,
2020-11-26,13250,13295,13125,13180,26566,24996,,,,13278.0,13242.5,13534.0,14171.666666666666,13530.762552139968,286.42857142857144,31.903485254691688,-268.6371256732309,-265.6003066525982,-3.03681902063272,14215.990893595632,12852.009106404368,13534.0,1363.9817871912637,41.972989820461564,35.545987252625125,54.82699495613444,-73.55371900826447,-50.474790087754705,72.79025413313727,51567.25,-100878,46482.4,-1714.0,-6.417072257581435,
2020-11-27,13230,13460,13160,13355,31835,20935,,,,13315.0,13223.0,13496.0,14142.75,13514.02326145997,271.42857142857144,33.68146214099217,-249.63546864301134,-262.40733905068083,12.771870407669496,14124.260757128255,12867.739242871745,13496.0,1256.5215142565103,50.58473293966844,40.558902481639564,70.6363938557262,-58.57740585774059,-29.00132836442261,88.0035401307424,50780.85,-69043,45594.75,-4061.0,-16.246599455912946,
2020-11-30,13380,13465,13265,13315,50530,62625,,,,13305.0,13224.0,13471.5,14111.416666666666,13495.06866513045,263.92857142857144,36.64772727272728,-235.0941650593013,-256.9447042524049,21.8505391931036,14087.113515121298,12855.886484878702,13471.5,1231.2270302425968,54.49941100087485,45.20573865471799,73.08675569318856,-51.336898395721924,-21.681514908389655,99.8456461571216,50922.8,-119573,46551.25,41690.0,199.1401958442799,
2020-12-01,13345,13355,13030,13265,52488,65249,,,,13277.0,13251.0,13441.5,14077.166666666666,13473.157363689455,274.64285714285717,37.94117647058823,-225.0108740457472,-250.55793821107338,25.54706416532619,14034.432941979285,12848.567058020715,13441.5,1185.8658839585696,54.82609135218141,48.412522887205796,67.65322828213263,-51.785714285714285,-39.30998572560769,100.0,51687.05,-172061,47548.8,2624.0,4.190019960079838,
2020-12-02,13300,13410,13255,13375,47050,68387,,,,13298.0,13284.5,13417.5,14045.5,13463.809043338078,270.35714285714283,46.46153846153846,-205.77170445910997,-241.6006914606807,35.82898700157074,13977.927468427826,12857.072531572174,13417.5,1120.8549368556523,57.086441853835225,51.30382920941561,68.65166714267446,-38.69047619047619,-13.502273186104214,100.0,52049.65,-125011,48704.4,3138.0,4.809269107572534,
2020-12-03,13325,13505,13265,13330,65610,70178,,,,13328.0,13303.0,13392.5,14013.75,13451.065324924928,276.7857142857143,43.16770186335403,-191.9430478945451,-231.66916274745358,39.726114852908495,13919.032849977342,12865.967150022658,13392.5,1053.0656999546845,55.91477075969968,52.840809726176964,62.062692826745106,-44.04761904761905,-6.064399350844575,90.54136879677397,53437.35,-190621,49826.6,1791.0,2.6189188003567843,
2020-12-04,13380,13380,13225,13320,48892,69261,,,,13321.0,13318.0,13365.75,13986.833333333334,13438.582913027316,256.42857142857144,50.545454545454554,-179.7189659947344,-221.27912339690977,41.56015740217538,13845.643354380896,12885.856645619104,13365.75,959.7867087617924,54.53841860170455,53.40667935135282,56.80189710240799,-36.986301369863014,-13.118778915956272,100.0,53948.5,-239513,50886.85,-917.0,-1.3066773062783255,
2020-12-07,13350,13535,13320,13505,67535,77109,,,,13359.0,13332.0,13342.0,13965.666666666666,13444.908349881858,246.07142857142858,70.4,-153.33577970861916,-207.69045465925166,54.3546749506325,13732.60546793273,12951.39453206727,13342.0,781.2109358654598,64.63275525827922,57.14870465366162,79.60085646751442,-11.643835616438356,25.41685148797397,100.0,54739.45,-171978,52288.65,7848.0,11.331052107246498,
2020-12-08,13490,13615,13400,13460,54503,76447,,,,13398.0,13337.5,13325.75,13943.25,13446.34564989311,250.35714285714286,66.80000000000001,-134.5075194592846,-193.05386761925826,58.54634815997366,13662.018611302585,12989.481388697415,13325.75,672.5372226051695,67.58992800694398,60.629112438089074,81.51155914465379,-20.52980132450331,47.47451010357091,92.3721670724855,55000.35,-226481,53602.25,-662.0,-0.8585249452074284,
2020-12-09,13430,13585,13410,13525,47883,77359,,,,13428.0,13363.0,13318.25,13920.666666666666,13453.836540379481,237.85714285714286,65.70247933884298,-113.0379990991587,-177.05069391523836,64.01269481607966,13627.310971671492,13009.189028328508,13318.25,618.1219433429833,73.26508020975751,64.84110169531189,90.11303723864876,-15.384615384615385,60.83517840437128,88.6036923190193,54927.35,-178598,54861.25,912.0,1.1929833741023188,
2020-12-10,13525,13695,13420,13460,70310,80490,,,,13454.0,13391.0,13316.75,13908.5,13454.423536533815,247.14285714285714,61.6,-100.11415267342818,-161.6633856668763,61.54923299344813,13622.575457616458,13010.924542383542,13316.75,611.6509152329163,70.39727151828447,66.69315830296941,77.80549794891459,-35.338345864661655,67.66284974078182,77.14078778762047,55776.1,-248908,56230.65,3131.0,4.04736359053246,
2020-12-11,13485,14165,13485,13930,124456,77958,,,,13576.0,13448.5,13335.75,13905.25,13499.716533054403,277.14285714285717,68.52459016393442,-51.354852451862826,-139.60167902387363,88.2468265720108,13735.411369819896,12936.088630180104,13335.75,799.3227396397924,73.36323240719699,68.91651633771193,82.25666454616712,-20.704845814977972,139.91958297968688,95.12836461047647,60136.5,-124452,57559.2,-2532.0,-3.145732389116662,
2020-12-14,13920,14365,13815,14135,108018,80567,,,,13702.0,13530.5,13377.25,13903.916666666666,13560.219720382556,301.07142857142856,71.59763313609467,3.78539532801733,-110.92426415349544,114.70965948151277,13912.752469403122,12841.747530596878,13377.25,1071.0049388062434,75.51700873930092,71.11668047157492,84.3176652747529,-17.228464419475657,144.57558874518094,100.0,62292.5,-16434,58865.2,2609.0,3.3466738500218085,
2020-12-15,14190,14315,13955,14055,91530,78292,,,,13821.0,13609.5,13430.25,13897.333333333334,13607.341651774695,288.57142857142856,74.00611620795107,40.5615393683438,-80.6271034491276,121.1886428174714,14014.098168799497,12846.401831200503,13430.25,1167.6963375989944,74.61367834082048,72.28234642799012,79.27634216648121,-23.220973782771537,116.96907140729915,100.0,62947.4,-107964,59919.35,-2275.0,-2.8237367656732903,
2020-12-16,14075,14190,13705,13785,94994,75092,,,,13873.0,13650.5,13467.5,13887.083333333334,13624.26149446282,311.07142857142856,66.66666666666666,47.374056330214444,-55.02687149325919,102.40092782347364,14041.493398091505,12893.506601908495,13467.5,1147.9867961830096,66.11672123306161,70.22713802968062,57.8958876398236,-43.445692883895134,72.26337423961303,81.79910104350235,64616.65,-202958,60850.35,-3200.0,-4.087263066469116,
2020-12-17,13785,13905,13770,13885,56286,74522,,,,13958.0,13706.0,13504.5,13883.333333333334,13649.093733085409,299.2857142857143,65.22988505747126,60.148831085753045,-31.991730977456747,92.14056206320979,14086.311146787612,12922.688853212388,13504.5,1163.622293575223,62.10014270401875,67.51813958779333,51.26414893646958,-35.95505617977528,59.539434082588365,76.50800422444065,63984.8,-146672,61915.95,-570.0,-0.7590688755127029,
2020-12-18,13920,13995,13765,13965,79662,76327,,,,13965.0,13770.5,13544.25,13882.666666666666,13679.180044220131,301.42857142857144,68.25842696629213,75.85386736333203,-10.422611309298992,86.27647867263101,14138.337314156855,12950.162685843145,13544.25,1188.1746283137109,60.91650273532166,65.31759397030277,52.114320265359424,-29.9625468164794,62.043237371346294,84.06294511091502,65320.45,-67010,63236.55,1805.0,2.422103539894249,
2020-12-21,13960,14095,13730,13995,102741,74416,,,,13937.0,13819.5,13575.75,13880.5,13709.258135246786,304.2857142857143,70.73863636363637,89.68711382168112,9.599333716897032,80.08778010478409,14196.049375938324,12955.450624061676,13575.75,1240.5987518766487,61.02984999108703,63.888345977230856,55.3128580187994,-32.45614035087719,60.498035752974424,89.40451409789439,66867.95,35731,64777.7,-1911.0,-2.503701180447282,
2020-12-22,13895,13960,13260,13300,117094,65320,,,,13786.0,13803.5,13570.5,13868.833333333334,13670.281169985186,345.7142857142857,48.40085287846482,44.06145661586743,16.491758296691113,27.569698319176315,14198.612460597538,12942.387539402462,13570.5,1256.2249211950766,41.893203161478844,56.55663170531352,12.566346073809484,-93.42105263157895,-11.904435297237635,16.969585260234517,70348.4,-81363,66112.0,-9096.0,-12.223177811223396,
2020-12-23,13320,13410,13090,13305,70948,60826,,,,13690.0,13781.5,13572.25,13858.5,13635.492487129453,351.42857142857144,49.45770065075922,8.211594627087834,14.83572556277046,-6.624130935682626,14197.023432617987,12947.476567382013,13572.25,1249.546865235974,33.549717140332305,48.88766018365312,2.8738310536906795,-83.13725490196079,-50.83027338770731,4.127463009050056,70446.55,-10415,67817.8,-4494.0,-6.879975505205149,
2020-12-24,13360,13470,13280,13385,55887,52116,,,,13590.0,13774.0,13582.5,13848.25,13611.63605978379,353.92857142857144,51.36842105263158,-13.587717126256393,9.15103702496509,-22.738754151221485,14186.56081952417,12978.43918047583,13582.5,1208.1216390483387,30.078896394208464,42.618072253838235,5.000544674948912,-76.86274509803921,-35.22748235692298,11.589680355871998,71912.6,45472,69173.8,-8710.0,-14.319534409627465,
2020-12-25,13425,13705,13355,13690,59235,38494,,,,13535.0,13750.0,13599.25,13838.75,13619.099292185334,363.57142857142856,53.70741482965932,-6.181619871740622,6.084505645623948,-12.266125517364571,14195.274328362526,13003.225671637474,13599.25,1192.0486567250518,36.379128208383875,40.53842423868678,28.060536147778066,-52.94117647058823,-2.622283652399447,20.724496690036485,73282.6,104707,70051.75,-13622.0,-26.137846342773805,
2020-12-28,13735,13780,13505,13595,38477,32251,,,,13455.0,13696.0,13613.25,13826.5,13616.804121501016,367.85714285714283,52.652259332023576,-7.8870237906030525,3.2901997583785487,-11.177223548981601,14194.122981858023,13032.377018141977,13613.25,1161.7459637160464,39.555782441952886,40.21087697310882,38.24559337964102,-60.3921568627451,2.5456038085255766,16.60364277005098,72679.95,66230,68533.05,-6243.0,-16.218111913544963,
2020-12-29,13595,13660,13265,13295,38752,29288,,,,13454.0,13620.0,13614.75,13808.416666666666,13586.156109929492,383.57142857142856,45.86330935251799,-33.06490978069996,-3.980822149437154,-29.08408763126281,14191.980000679288,13037.519999320712,13614.75,1154.4600013585768,33.16985827805151,37.86387074142305,23.78183335130842,-83.92156862745098,-39.77714219883382,0.0,71993.15,27478,66735.0,-2963.0,-9.187312021332673,
2020-12-30,13335,13440,13280,13385,56183,76738,,,,13470.0,13580.0,13615.25,13792.666666666666,13566.998385174302,375.35714285714283,48.66310160427807,-45.23487846490025,-12.231633412529774,-33.003245052370474,14191.62227553032,13038.87772446968,13615.25,1152.7445510606412,31.897650128982924,35.87513053727634,23.942689312396098,-76.86274509803921,-47.259513927473,9.948518163601618,72449.8,83661,67152.55,47450.0,162.01174542474735,
2020-12-31,13355,13475,13315,13440,47612,78764,,,,13481.0,13535.5,13620.75,13780.333333333334,13554.903300871987,336.42857142857144,39.7489539748954,-49.866792636681566,-19.758665257360136,-30.10812737932143,14187.683347980723,13053.816652019277,13620.75,1133.8666959614457,32.873723634910675,34.87466156982112,28.871847765089782,-72.54901960784314,-40.22607862566104,0.0,71549.9,131273,67581.85,2026.0,2.640152206208146,
2021-01-04,13445,13750,13420,13735,48744,80399,,,,13490.0,13512.5,13641.5,13764.416666666666,13572.055367455609,320.7142857142857,41.935483870967744,-29.394739151477552,-21.68588003618362,-7.708859115293933,14192.23252654031,13090.76747345969,13641.5,1101.4650530806211,46.62845943476803,38.792594191470094,62.300189921363895,-47.3469387755102,-1.2496359950720834,6.382694168294248,71542.5,180017,68138.75,1635.0,2.075821441267589,
2021-01-05,13735,14000,13635,13960,76000,91412,,,,13563.0,13509.0,13664.25,13755.166666666666,13609.002475316978,321.07142857142856,48.19047619047619,4.92831972327258,-16.36304008429238,21.29135980756496,14228.661896998712,13099.838103001288,13664.25,1128.8237939974242,62.953771491310555,46.84631995808358,95.16867455776449,-20.90909090909091,39.43737400921072,27.239782937071094,71965.75,256017,68853.9,11013.0,13.697931566313004,
2021-01-06,13960,14165,13895,14030,87696,99134,,,,13710.0,13582.0,13692.75,13749.416666666666,13649.097477667743,305.7142857142857,55.05154639175258,37.34748756276895,-5.6209345548801135,42.96842211764906,14271.12772214504,13114.37227785496,13692.75,1156.75544429008,70.30251432754037,54.66505141456918,101.57744015348274,-12.55813953488372,63.96834625351187,49.37963617986884,73625.4,343713,69988.25,7722.0,8.447468603684417,
2021-01-07,14050,14725,14045,14725,141595,120548,,,,13978.0,13724.0,13752.75,13755.166666666666,13751.56438455653,345.7142857142857,63.907284768211916,117.76310353316694,19.0558730627293,98.70723047043764,14486.073185735213,13019.426814264787,13752.75,1466.646371470426,80.20167621836023,63.177259682499525,114.25050929008165,-0.0,119.4121707574362,77.95604514518551,78311.0,485308,72147.7,21414.0,21.601065224847172,
2021-01-08,14800,15045,14225,14445,250317,115563,,,,14179.0,13830.0,13802.0,13756.916666666666,13817.605871741624,387.85714285714283,57.45341614906832,157.08857925318625,46.66241430082069,110.42616495236555,14583.276957429647,13020.723042570353,13802.0,1562.5539148592943,75.56516242272704,67.30656059590869,92.08236607636374,-30.690537084398976,107.26535340234389,57.1301827236707,87311.35,234991,73901.35,-4985.0,-4.135282211235358,
2021-01-11,14500,14550,13930,13930,146554,111900,,,,14218.0,13854.0,13802.0,13748.083333333334,13828.310074432897,406.07142857142856,49.12280701754386,145.02633283151408,66.33519800695937,78.69113482455471,14583.276957429647,13020.723042570353,13802.0,1562.5539148592943,62.82995846908395,65.81435988696711,56.86115563331762,-57.033248081841435,44.634346276003086,38.8017414069095,88416.25,88437,75598.45,-3663.0,-3.1696996443498326,
2021-01-12,13735,13960,13580,13905,139737,103931,,,,14207.0,13885.0,13790.5,13738.25,13835.61387686786,380.7142857142857,59.96705107084019,131.92883112984418,79.45392463153634,52.474906498307845,14557.784343094458,13023.215656905542,13790.5,1534.5686861889153,53.69022727022972,61.77298234805465,37.52471711457987,-58.312020460358056,3.4001724319401334,83.68995883415172,90002.2,-51300,76766.65,-7969.0,-7.121537086684537,
2021-01-13,13900,14085,13760,13910,110775,103660,,,,14183.0,13946.5,13783.25,13728.333333333334,13842.69826954711,381.07142857142856,59.96705107084019,120.56265365839681,87.67567043690843,32.88698322148838,14542.711547482993,13023.788452517007,13783.25,1518.9230949659868,47.257839374758156,56.934601356955824,27.904315410362813,-63.764044943820224,19.179932797301213,83.68995883415172,90964.45,59475,78035.05,-271.0,-0.2607499206204067,
2021-01-14,13900,14020,13700,13935,112216,100713,,,,14025.0,14001.5,13790.75,13715.666666666666,13851.488910542625,390.35714285714283,59.22818791946309,112.27789747810675,92.5961158451481,19.681781632958646,14553.240897270945,13028.259102729055,13790.75,1524.9817945418908,42.06932881394134,51.97951050928433,22.248965423255356,-62.359550561797754,14.599337444388013,80.63153912089275,91825.55,171691,79316.1,-2947.0,-2.8429480995562417,
2021-01-15,13975,14225,13875,13970,136112,94327,,,,13930.0,14054.5,13795.0,13706.583333333334,13862.775680967137,390.35714285714283,55.1660516605166,107.29949423169091,95.53679152245667,11.762702709234247,14560.643863892208,13029.356136107792,13795.0,1531.2877277844163,36.919939345813,46.959653454793894,16.840511127851215,-60.39325842696629,32.350473633482736,63.81689950982207,95816.85,307803,80306.35,-6386.0,-6.340790166115595,
2021-01-18,13970,14385,13935,14335,103181,94537,,,,14011.0,14114.5,13813.5,13703.25,13907.749425636934,402.85714285714283,62.41610738255034,131.29305870550343,102.68804495906602,28.605013746437407,14613.546709162725,13013.453290837275,13813.5,1600.0934183254503,41.7919049563668,45.23707062198486,34.901573625130666,-39.8876404494382,55.302431568819514,93.82748171461367,96992.8,410984,81216.85,210.0,0.2226297878656247,
2021-01-19,14320,14445,14185,14300,97867,93308,,,,14090.0,14148.5,13828.75,13704.083333333334,13945.106623195321,393.2142857142857,68.50828729281768,145.80319544475424,111.31107505620366,34.492120388550575,14654.57574305645,13002.92425694355,13828.75,1651.6514861128999,44.24352253063816,44.9058879248693,42.918791742175884,-42.20963172804532,62.42834065704434,100.0,96749.1,313117,82161.45,-1229.0,-1.3000200979510712,
2021-01-20,14350,14500,14200,14405,110283,91194,,,,14189.0,14186.0,13884.0,13707.333333333334,13988.905992414813,403.2142857142857,68.68131868131869,163.88602969408385,121.8260659837797,42.059963710304146,14708.733449762949,13059.266550237051,13884.0,1649.466899525898,48.26701274511258,46.02626286495039,52.74851250543695,-36.994219653179194,62.66634019169628,100.0,96408.55,423400,83455.15,-2114.0,-2.265614952630002,
2021-01-21,14450,14580,14330,14400,98404,89875,,,,14282.0,14153.5,13938.75,13701.083333333334,14028.05780266102,409.64285714285717,67.91044776119404,175.78698496413926,132.61824977985162,43.16873518428764,14746.8593920217,13130.6406079783,13938.75,1616.2187840434017,59.511341830075054,50.521289186658606,77.49144711690795,-39.69230769230769,64.9690668819078,97.11779076783083,97781.35,324996,84907.6,-1319.0,-1.446367085553879,
2021-01-22,14415,14435,14035,14085,105911,81250,,,,14305.0,14117.5,13973.75,13696.75,14033.480869074256,414.64285714285717,56.48148148148149,157.9796196063271,137.69052374514672,20.289095861180385,14740.4508954983,13207.0491045017,13973.75,1533.4017909965987,56.507561220050036,52.51671319778908,64.48925726457195,-65.52901023890784,29.277624658754675,40.462002939657594,100282.55,219085,86364.3,-8625.0,-9.596662030598058,
2021-01-25,14090,14430,13980,14365,101208,70944,,,,14311.0,14161.0,14007.5,13700.916666666666,14065.054119638613,420.7142857142857,57.350272232304896,164.56382487178962,143.0651839704753,21.49864090131433,14781.005349894744,13233.994650105256,14007.5,1547.0106997894873,62.86110141942729,55.96484260500182,76.65361904827824,-46.41638225255973,35.07264108929991,42.065906425791496,102381.2,320293,87986.8,-10306.0,-12.684307692307694,
2021-01-26,14350,14680,14260,14450,110287,59377,,,,14341.0,14215.5,14050.25,13711.666666666666,14101.715632053983,431.42857142857144,57.581227436823106,174.62764580773,149.37767633792623,25.249969469803773,14822.270418328291,13278.229581671709,14050.25,1544.0408366565825,67.41760502791752,59.78243007930705,82.68795492513846,-40.61433447098976,56.617603491216464,43.24674885638386,105971.7,430580,89343.1,-11567.0,-16.30440911141182,
2021-01-27,14500,14610,14255,14360,83550,47675,,,,14332.0,14260.5,14103.5,13719.916666666666,14126.314143286938,407.14285714285717,41.57043879907621,173.3428599791041,154.17071306616182,19.17214691294228,14799.338002925817,13407.661997074183,14103.5,1391.6760058516338,65.02788575360132,61.53091530407181,72.02182665266037,-46.75767918088737,45.3429427806717,0.0,108211.6,347030,90262.45,-11702.0,-19.70796773161325,
2021-01-28,14300,14340,14155,14215,76015,41225,,,,14295.0,14288.5,14145.0,13725.916666666666,14134.760415354847,363.2142857142857,44.334975369458135,158.79389262073164,155.0953489770758,3.698543643655853,14753.99399357508,13536.00600642492,14145.0,1217.9879871501616,55.87988804155077,59.64723954989813,48.34518502485605,-42.27272727272727,16.731542527798943,10.197148091060994,109203.2,271015,88486.8,-6450.0,-13.52910330361825,
2021-01-29,14215,14380,14205,14260,66586,35907,,,,14330.0,14317.5,14186.0,13733.083333333334,14146.687994844862,331.42857142857144,60.57692307692308,149.17525560068862,153.91133030179836,-4.736074701109743,14697.803827549908,13674.196172450092,14186.0,1023.607655099815,50.58659202770051,56.6270237091656,38.505728664770345,-38.18181818181818,20.271063158885422,70.10648256494267,110151.9,337601,86343.95,-5318.0,-12.899939357186174,
2021-02-01,14275,14540,14270,14450,60255,33356,,,,14347.0,14329.0,14221.75,13743.0,14175.574852478683,324.2857142857143,65.79710144927536,155.09597866930926,154.14825997530056,0.9477186940086995,14699.676166946978,13743.823833053022,14221.75,955.8523338939558,56.105347066086054,56.45313149480575,55.40977820864667,-23.46938775510204,44.47651822872132,89.36140308034607,110727.45,397856,83991.8,-2551.0,-7.104464310580106,
2021-02-02,14445,14465,13870,14230,46326,29931,,,,14303.0,14322.0,14235.25,13747.166666666666,14180.758199861666,343.57142857142856,58.24742268041237,140.41738872399037,151.40208572503855,-10.984697001048175,14697.02546377798,13773.47453622202,14235.25,923.5509275559598,52.21837952553885,55.04154750505012,46.5720435665163,-45.91836734693877,-10.380412871427344,61.51398978481522,109243.75,351530,80917.75,-3425.0,-10.268017747931403,
2021-02-03,14180,14205,14020,14185,49348,24185,,,,14268.0,14300.0,14243.0,13753.833333333334,14181.162180827223,335.7142857142857,56.37755102040817,123.72712721442076,145.867094022915,-22.13996680849425,14695.378509424876,13790.621490575124,14243.0,904.7570188497521,47.77521597998886,52.619436996696365,38.08677394657386,-61.111111111111114,-24.18352365898452,54.61686336130523,107326.35,302182,77170.3,-5746.0,-19.19748755470917,
2021-02-04,14260,14520,14190,14285,111047,105085,,,,14282.0,14288.5,14221.0,13764.0,14191.051496938917,334.64285714285717,57.77777777777777,117.21792372727396,140.13725996378682,-22.919336236512862,14613.51684509612,13828.48315490388,14221.0,785.0336901922383,48.92833328707076,51.389069093487834,44.0068616742366,-48.76543209876543,25.27489556685886,59.78167823803206,105798.95,413229,76397.15,80900.0,334.50485838329547,
2021-02-05,14270,14430,14230,14380,83247,110800,,,,14306.0,14318.0,14217.75,13778.833333333334,14209.046592468543,316.7857142857143,51.282051282051285,118.36065120911007,135.78193821285146,-17.421287003741384,14603.475222624113,13832.024777375887,14217.75,771.4504452482252,53.60654317903483,52.1282271220035,56.5631752930975,-37.03703703703704,34.20453779184932,35.821826975583136,97445.45,496476,76159.0,5715.0,5.438454584384078,
2021-02-08,14440,14485,14220,14460,84379,110887,,,,14308.0,14327.5,14244.25,13794.0,14232.946916995348,317.14285714285717,54.44444444444445,124.28887756999029,133.48332608427924,-9.19444851428895,14619.416980367268,13869.083019632732,14244.25,750.333960734537,62.31427202926646,55.52357542442449,75.89566523895039,-27.160493827160494,41.37597015042584,47.48649140598593,94336.7,580855,76108.35,87.0,0.0785198555956601,
2021-02-09,14500,14500,14305,14460,67897,104895,,,,14354.0,14328.5,14272.0,13813.25,14254.571020138648,309.64285714285717,51.622418879056056,127.51710189751611,132.2900812469266,-4.772979349410491,14622.82459254853,13921.17540745147,14272.0,701.6491850970597,70.89608185035674,60.64774423306858,91.39275708493307,-27.160493827160494,47.92186000452213,38.16240189757185,90744.7,580855,76156.55,-5992.0,-5.403699261410266,
2021-02-10,14455,14685,14380,14490,84156,103366,,,,14415.0,14341.5,14301.0,13838.166666666666,14276.99282774449,313.57142857142856,52.61627906976744,130.98631352851226,132.02932770324375,-1.0430141747314963,14620.301870039193,13981.698129960807,14301.0,638.6037400783862,72.62192777753845,64.63913874789186,88.58750583683161,-23.926380368098158,72.7780643720253,45.59373459802738,89413.75,665011,76141.85,-1529.0,-1.457648124314792,
2021-02-18,14720,14940,14560,14860,56693,104971,,,,14530.0,14406.0,14347.25,13868.5,14332.517320340254,317.14285714285717,71.83098591549296,161.72730482312727,137.96892312722045,23.75838169590682,14708.541178676525,13985.958821323475,14347.25,722.5823573530506,79.25574001368607,69.51133916982326,98.74454170141166,-7.4766355140186915,138.54007231156797,100.0,86637.6,721704,76354.75,1605.0,1.5527349418570813,
2021-02-19,14950,15335,14920,15330,101304,106749,,,,14720.0,14513.0,14415.25,13904.916666666666,14427.51567078404,318.92857142857144,74.55470737913485,221.46195834656646,154.66753017108965,66.79442817547681,14948.566090730046,13881.933909269954,14415.25,1066.6321814600924,86.05672769968149,75.026468679776,108.11724573949249,-0.3412969283276451,168.3823785786028,100.0,84897.2,823008,76975.85,1778.0,1.6938011450781554,
2021-02-22,15390,15680,15175,15280,125666,102977,,,,14884.0,14596.0,14462.5,13940.083333333334,14508.704654518893,325.0,71.50259067357513,261.7502258267923,176.0840693022302,85.6661565245621,15119.082058847178,13805.917941152822,14462.5,1313.1641176943558,82.67235661906477,77.57509799287226,92.8668738714498,-22.099447513812155,144.76707090332874,90.74675038450012,86021.45,697342,77397.85,-3772.0,-3.533522562272251,
2021-02-23,15280,15590,15130,15330,120914,90539,,,,15058.0,14706.0,14514.0,13972.833333333334,14586.923258850427,332.5,75.66137566137566,294.3208031879203,199.73141607936824,94.58938710855207,15270.839689623552,13757.160310376448,14514.0,1513.6793792471035,80.61826011740783,78.58948536771744,84.6758096167886,-19.337016574585636,112.69051066436717,100.0,87173.8,818256,77259.4,-12438.0,-12.078425279431325,
2021-02-24,15300,15325,15110,15195,90063,70706,,,,15199.0,14807.0,14553.5,14002.666666666666,14644.8353294361,333.57142857142856,76.06382978723404,305.71574780774245,220.92828242504308,84.78746538269937,15366.746256483368,13740.253743516632,14553.5,1626.4925129667354,76.0057807175413,77.7282504843254,72.56084118397308,-26.795580110497237,81.87839954825645,100.0,86162.8,728193,76235.0,-19833.0,-21.90547719767172,
2021-02-25,15205,15620,15205,15500,98664,57662,,,,15327.0,14928.5,14608.5,14039.833333333334,14726.279583775518,351.42857142857144,78.97196261682242,335.48995515594834,243.84061697122416,91.64933818472417,15520.790927742957,13696.209072257043,14608.5,1824.5818554859143,79.89426477059831,78.45025524641636,82.78228381896221,-9.94475138121547,93.76903480172442,100.0,86175.8,826857,74624.35,-13044.0,-18.448222215936415,
2021-02-26,15360,15535,14840,15005,89273,43514,,,,15262.0,14991.0,14654.5,14070.25,14752.824385320706,381.07142857142856,61.349693251533736,315.5068987460709,258.17387332619353,57.333025419877345,15548.237863369932,13760.762136630068,14654.5,1787.4757267398636,70.23254015009584,75.71101688097619,59.27558668833515,-37.29281767955801,53.105186086579295,36.35852006806602,85343.9,737584,72737.55,-14148.0,-24.53608962575006,
2021-03-01,15005,15300,14935,15060,73907,35587,,,,15218.0,15051.0,14689.25,14098.666666666666,14782.079205766353,364.64285714285717,68.20175438596492,300.64260214293427,266.6676190895417,33.97498305339258,15589.614107634123,13788.885892365877,14689.25,1800.7282152682455,64.25759086929466,71.89320821041568,48.98635618705262,-37.34939759036145,45.23498250174477,61.10421553667816,83978.85,811491,70969.7,-7927.0,-18.217125522820243,
2021-03-02,15100,15240,14775,14900,119204,90473,,,,15132.0,15095.0,14711.75,14125.083333333334,14793.309757598128,382.85714285714283,64.92693110647181,272.80712643229344,267.8955205580921,4.911605874201371,15609.426972729289,13814.073027270711,14711.75,1795.353945458577,52.95744153191073,65.58128598424736,27.709752627237492,-52.348993288590606,28.46639410399464,49.277441373696995,84424.7,692287,72524.5,54886.0,154.23047742153037,
2021-03-03,15000,15075,14590,14685,106258,93800,,,,15030.0,15114.5,14728.0,14148.75,14782.994542588782,393.57142857142856,57.96812749003984,230.73879501874762,260.4641754502232,-29.72538043147557,15610.504808396025,13845.495191603975,14728.0,1765.0096167920492,38.21015979803224,56.45757725550899,1.7153248830787362,-68.15068493150685,5.8490030406291345,24.146253583674817,85560.1,586029,74830.75,3327.0,3.6773402009439238,
2021-03-04,14400,14410,13990,13990,124051,99435,,,,14728.0,15027.5,14716.75,14159.0,14707.47125281842,428.92857142857144,43.72990353697749,139.7081787258685,236.31297610535228,-96.60479737948378,15631.921971184709,13801.578028815291,14716.75,1830.343942369418,25.473439865354827,46.129531458790936,-15.838743321517398,-100.0,-65.0317141931794,0.0,87961.9,461978,77741.25,5635.0,6.007462686567155,
2021-03-05,13740,14300,13675,14235,207683,101452,,,,14574.0,14918.0,14715.5,14174.083333333334,14662.473990645238,454.64285714285717,46.56488549618321,86.33993885280688,206.3183686548432,-119.97842980203632,15633.36307888429,13797.63692111571,14715.5,1835.7261577685786,26.579551169876655,39.612871362486175,0.5129107846576204,-72.06982543640898,-68.47665213926605,8.044314189425602,95016.75,669661,81018.5,2017.0,2.02846080354,
2021-03-08,14260,14585,14080,14170,166145,101217,,,,14396.0,14807.0,14701.5,14188.25,14615.571705821882,476.7857142857143,45.65868263473054,38.3580991932522,172.726314762525,-134.3682155692728,15644.608521968987,13758.391478031013,14701.5,1886.2170439379734,26.20299126834965,35.142911331107335,8.323151142834277,-75.31172069825436,-45.04963771540587,5.472946666887936,100311.25,503516,84411.55,-235.0,-0.2316366360446298,
2021-03-09,14115,14260,13945,13945,115288,103594,,,,14205.0,14668.5,14687.25,14195.583333333334,14551.707733838846,477.5,42.29137199434229,-17.62035751088115,134.65698030784375,-152.2773378187249,15668.208044062296,13706.291955937704,14687.25,1961.9160881245916,22.095910202892913,30.793910955035862,4.699908698607018,-86.53366583541147,-67.04088515494404,0.0,103759.35,388228,88094.7,2377.0,2.348419731863216,
2021-03-10,14010,14105,13745,13850,141660,103486,,,,14038.0,14534.0,14670.5,14202.083333333334,14484.878425854193,471.07142857142856,34.509202453987726,-68.85566851826843,93.95445054262132,-162.81011906088975,15697.908082711565,13643.091917288435,14670.5,2054.81616542313,17.866807518774486,26.48487647628207,0.6306696037593156,-91.2718204488778,-78.51612586880968,0.0,108374.95,246568,92059.75,-108.0,-0.10425314207386238,
2021-03-11,13860,14110,13860,14070,119372,100864,,,,14054.0,14391.0,14659.75,14211.166666666666,14445.36619482046,455.7142857142857,29.069767441860463,-90.66275641843458,57.03100915041013,-147.6937655688447,15708.420712453579,13611.079287546421,14659.75,2097.3414249071575,20.013769115080425,24.327840689214856,11.385625966811567,-80.29925187032418,-63.541561208808695,0.0,108791.2,365940,91848.7,-2622.0,-2.533676052799416,
2021-03-12,14150,14175,13930,13950,95800,99913,,,,13997.0,14285.5,14638.25,14219.333333333334,14398.188461980419,437.14285714285717,28.409090909090907,-116.28753746365328,22.367299827597446,-138.65483729125071,15727.901199624037,13548.598800375963,14638.25,2179.302399248074,19.199807738062137,22.618496372163953,12.36243046985851,-85.8611825192802,-59.66053751838712,0.0,109418.85,270140,91304.35,-951.0,-0.9428537436548257,
2021-03-15,13960,14140,13780,14045,129755,95291,,,,13972.0,14184.0,14617.5,14221.25,14364.551465601331,430.0,29.439999999999998,-127.46037118895583,-7.598234375713211,-119.86213681324261,15736.844262926901,13498.155737073099,14617.5,2238.6885258538023,21.60939563489857,22.28212945974216,20.263927985211396,-80.97686375321337,-58.64996224747089,2.0388657844990554,111687.65,399895,90524.55,-4622.0,-4.626024641438054,
2021-03-16,14080,14120,13915,13935,84591,95345,,,,13970.0,14087.5,14591.25,14217.916666666666,14323.641802210728,428.92857142857144,29.677419354838705,-143.5364047778512,-34.78586845614081,-108.7505363217104,15750.073700319013,13432.426299680987,14591.25,2317.6474006380267,23.93007328040857,22.83144406663096,26.127331707963783,-86.63239074550128,-54.858257136080304,2.5084185350055175,112522.35,315304,90047.05,54.0,0.056668520636793396,
2021-03-17,13965,14050,13800,13955,81262,91474,,,,13991.0,14014.5,14564.5,14216.25,14288.53305914304,416.42857142857144,22.557726465364127,-152.90040368906193,-58.408775502725035,-94.4916281863369,15757.364310455256,13371.635689544744,14564.5,2385.7286209105114,26.2097924433493,23.957560192203744,30.714256945640415,-84.94623655913979,-55.207103110804674,0.0,112377.65,396566,89452.45,-3871.0,-4.059992658241129,
2021-03-18,13960,14085,13910,14030,81212,89853,,,,13983.0,14018.5,14523.0,14220.333333333334,14263.91086303418,379.2857142857143,29.645093945720262,-152.51150934668658,-77.22932227151735,-75.28218707516923,15730.243053189242,13315.756946810758,14523.0,2414.4861063784847,28.782718771756677,25.565946385388052,35.21626354449393,-78.15384615384616,-44.80114009382435,15.527480380751744,113603.6,477778,88696.55,-1621.0,-1.7720882436539354,
2021-03-19,14030,14115,13890,13965,105247,87158,,,,13986.0,13991.5,14454.75,14221.666666666666,14235.44316179283,369.2857142857143,27.23492723492724,-155.65398233375163,-92.9142542839642,-62.73972804978743,15623.624740036219,13285.875259963781,14454.75,2337.749480072438,33.42796138181837,28.186618050864823,43.91064804372547,-81.46964856230032,-41.874874331163014,11.039151688547806,113800.75,372531,87717.0,-2695.0,-2.999343371951968,
2021-03-22,13975,14280,13860,14190,126687,82713,,,,14015.0,13993.5,14400.25,14225.416666666666,14231.115241622083,366.07142857142856,35.62753036437246,-138.3934813141168,-102.01009968999473,-36.383381624122066,15507.111256935694,13293.388743064306,14400.25,2213.7225138713875,50.01116428569823,35.46146679580929,79.11055926547613,-63.214285714285715,-27.99026833619887,36.90950545829924,113851.8,499218,86703.8,-4445.0,-5.099933454186645,
2021-03-23,14230,14325,14155,14300,86275,80869,,,,14088.0,14029.0,14348.75,14230.5,14237.675694800932,343.57142857142856,41.860465116279066,-114.518234289455,-104.5117266098868,-10.006507679568202,15365.659016268624,13331.840983731376,14348.75,2033.8180325372487,65.14505753603123,45.35599704254993,104.72317852299383,-31.318681318681318,-10.534494296281592,80.40409373776853,112119.85,585493,86220.3,-1844.0,-2.22939562100275,
2021-03-24,14300,14335,14120,14235,83920,77183,,,,14144.0,14067.5,14300.75,14246.083333333334,14237.420866724653,309.2857142857143,57.060518731988466,-99.69269050330149,-103.54791938856974,3.8552288852682466,15236.891436682345,13364.608563317655,14300.75,1872.2828733646893,70.75736568468147,53.82311992326045,104.62585720752352,-38.46153846153846,-9.404906971137422,100.0,111812.7,501573,86544.15,-3686.0,-4.557988846158601,
2021-03-25,14285,14450,14265,14280,88722,71529,,,,14194.0,14088.5,14239.75,14262.333333333334,14241.476022274686,280.0,51.465798045602604,-83.35139334317137,-99.50861417949008,16.157220836318714,14986.74732261903,13492.75267738097,14239.75,1493.994645238061,72.04719901366825,59.89781295339638,96.34597113421196,-36.30952380952381,8.497392362740593,83.78473068744117,111315.6,590295,87237.5,-5654.0,-7.325447313527588,
2021-03-26,14250,14465,14210,14460,80334,56036,,,,14293.0,14139.5,14212.5,14280.25,14262.287829677098,262.14285714285717,58.78787878787879,-55.239534960241144,-90.6547983356403,35.41526337539915,14877.184333468073,13547.815666531927,14212.5,1329.368666936145,81.11417277602945,66.96993289427407,109.40265253954021,-0.6944444444444444,22.081419957349674,100.0,110868.65,670629,87863.6,-15493.0,-21.659746396566426,
2021-03-29,14460,14510,14370,14500,60698,51946,,,,14355.0,14185.0,14184.5,14293.75,14284.927083993565,249.64285714285714,68.9419795221843,-29.394181127914635,-78.40267489409517,49.008493766180536,14736.490655908709,13632.509344091291,14184.5,1103.981311817417,86.93996494927785,73.626610245942,113.56667435594954,-1.3071895424836601,46.98671205845317,100.0,110208.2,731327,88681.55,-4090.0,-7.298879291883786,
2021-03-30,14500,14715,14500,14695,64009,45509,,,,14434.0,14261.0,14174.25,14312.083333333334,14323.98164742275,239.28571428571428,76.99680511182109,6.745559693741598,-61.373027976527815,68.11858767026942,14675.587946740625,13672.912053259375,14174.25,1002.6758934812497,90.51358287066867,79.25560112085088,113.02954637030427,-2.1390374331550803,95.34086685608342,100.0,107448.45,795336,86433.35,-6437.0,-12.39171447272167,
2021-03-31,14685,14735,14340,14415,61703,36725,,,,14470.0,14307.0,14160.75,14330.75,14332.650061953917,248.92857142857142,60.61538461538461,12.647116637273939,-46.56899905376747,59.21611569104141,14616.661752772168,13704.838247227832,14160.75,911.8235055443365,81.48524572330292,79.9988159883349,84.45810519323899,-33.50785340314136,79.64250865295234,69.90871097796835,105220.7,733633,83579.6,-8784.0,-19.30167659144345,
2021-04-01,14430,14495,14260,14285,39873,31419,,,,14471.0,14332.5,14175.5,14345.75,14328.11196081545,248.21428571428572,60.24464831804281,6.756346531639792,-35.90392993668602,42.66027646832581,14627.220686871178,13723.779313128822,14175.5,903.4413737423565,70.51397333934482,76.83720177200487,57.86751647402468,-47.12041884816754,40.443150654879595,69.22769964096638,101011.8,693760,80178.8,-5306.0,-14.447923757658277,
2021-04-02,14250,14310,14110,14275,68666,86463,,,,14434.0,14363.5,14177.5,14359.666666666666,14323.053678833025,236.78571428571428,57.41935483870968,1.2663546080639208,-28.469873027736032,29.736227635799953,14630.681734197802,13724.318265802198,14177.5,906.3634683956043,55.80931555956321,69.82790636785765,27.772133942974335,-49.19786096256684,11.57665812627798,64.03787360132782,94060.95,625094,79429.35,55044.0,175.19335433973075,
2021-04-06,14320,14460,14270,14310,50389,89254,,,,14396.0,14375.5,14184.5,14369.25,14321.810471325118,235.71428571428572,62.71186440677966,-0.25732971505931346,-22.82736436520069,22.570034650141377,14641.502821596725,13727.497178403275,14184.5,914.0056431934499,47.87287703970881,62.50956325847471,18.59950460217702,-45.45454545454545,37.55473987143835,73.7597676885534,88273.15,675483,78831.2,2791.0,3.2279703456969955,
2021-04-07,14320,14490,14315,14470,67310,89458,,,,14351.0,14392.5,14210.75,14377.75,14335.923759770345,230.71428571428572,65.94427244582045,11.315365812009986,-15.998818329758556,27.314184141768543,14670.13488621657,13751.36511378343,14210.75,918.769772433141,51.115251359805875,58.71145929225177,35.92283549491408,-30.285714285714285,50.579192295344015,77.78915680524847,85874.25,742793,78124.4,204.0,0.22856118493288502,
2021-04-08,14470,14550,14310,14475,82452,93239,,,,14363.0,14416.5,14242.0,14385.166666666666,14349.169115982691,235.35714285714286,64.40129449838187,20.652202868122913,-8.668614090182263,29.320816958305176,14682.709953549833,13801.290046450167,14242.0,881.4199070996656,53.54350090653725,56.9888064970136,46.652889725584544,-29.714285714285715,50.33448494687135,74.68843389592469,82913.85,825245,77612.05,3781.0,4.226564421292678,
2021-04-09,14475,14705,14400,14400,114078,103761,,,,14386.0,14428.5,14258.5,14379.75,14354.010152555767,241.07142857142858,63.9871382636656,21.749129873704078,-2.585065297404995,24.334195171109073,14696.799344956702,13820.200655043298,14258.5,876.5986899134041,51.1623339376915,55.04664897723957,43.39370385859536,-38.285714285714285,57.52363313318933,68.55234488016293,82649.15,711167,77756.9,10522.0,11.284977316359024,
2021-04-12,14400,14570,14050,14060,123003,101397,,,,14343.0,14388.5,14264.0,14373.333333333334,14326.009185645693,248.21428571428572,46.10778443113772,-4.761814835583209,-3.020415205040638,-1.741399630542571,14688.544337775034,13839.455662224966,14264.0,849.0886755500687,34.594840629993854,48.229379528157665,7.325762833666232,-98.54014598540147,-9.778276140039043,12.088109676185802,84009.3,588164,77831.1,-2364.0,-2.2783126608263204,
2021-04-13,14060,14125,13875,13965,114162,105499,,,,14274.0,14335.0,14260.0,14373.916666666666,14291.627358441341,253.92857142857142,39.87915407854986,-33.05657989459178,-9.027648142950866,-24.02893175164091,14694.620221391166,13825.379778608834,14260.0,869.2404427823312,26.551599179685827,41.00345274533372,-2.352107951609952,-89.53488372093024,-67.67862761107739,0.0,83229.65,474002,78341.5,4102.0,4.045484580411651,
2021-04-14,13965,14045,13805,13845,87209,112166,,,,14149.0,14250.0,14255.5,14372.916666666666,14249.091419542165,255.71428571428572,38.59649122807018,-64.4207795289185,-20.106274420144395,-44.31450510877411,14705.86710172457,13805.13289827543,14255.5,900.7342034491412,19.182547601272034,33.72981769731316,-9.911992590810215,-95.6989247311828,-85.36862717416162,0.0,83360.55,386793,79182.55,6667.0,6.319491180011183,
2021-04-15,13890,13930,13765,13845,95701,112576,,,,14023.0,14193.0,14250.0,14371.833333333334,14210.606522442911,252.14285714285714,36.936936936936945,-88.25973047286243,-33.736965630688005,-54.522764842174425,14718.154270569683,13781.845729430317,14250.0,936.3085411393658,15.625244500138804,27.694959964921708,-8.514186429427006,-91.75257731958763,-93.00105565062042,0.0,84082.5,386793,80237.65,410.0,0.36552966139471454,
2021-04-16,13815,13980,13800,13925,92405,110768,,,,13928.0,14157.0,14244.75,14371.666666666666,14183.405901257873,246.78571428571428,32.90734824281151,-99.54939596486656,-46.899451697523716,-52.649944267342846,14725.478339961464,13764.021660038536,14244.75,961.4566799229287,16.09058853200743,23.826836153950282,0.6180932881217274,-83.50515463917526,-76.75466098577759,0.0,84642.15,479198,81283.4,-1808.0,-1.606026151222284,
2021-04-19,13930,14020,13770,13950,94873,106515,,,,13906.0,14124.5,14244.0,14371.333333333334,14161.176767804744,254.64285714285714,32.25806451612904,-105.2658074362098,-58.57272284526094,-46.69308459094886,14726.609136825411,13761.390863174589,14244.0,965.2182736508221,17.28734270928155,21.647005005727372,8.568018116389908,-80.9278350515464,-71.72706141298943,0.0,84123.45,574071,82251.25,-4253.0,-3.8395565506283424,
2021-04-20,13950,14055,13860,13955,82948,107716,,,,13904.0,14089.0,14232.25,14365.0,14141.540885156672,253.21428571428572,22.794117647058826,-108.14600665237776,-68.4873796066843,-39.658627045693464,14731.549245785636,13732.950754214364,14232.25,998.5984915712725,18.2624837920033,20.51883126781935,13.749788840371203,-80.41237113402062,-59.00593554412896,0.0,81936.5,657019,83501.4,1201.0,1.1275407219640377,
2021-04-21,13955,13960,13810,13915,102184,105765,,,,13918.0,14033.5,14213.0,14358.583333333334,14119.965562760799,235.71428571428572,27.67857142857143,-112.36102305647,-77.26210829664144,-35.09891475982856,14730.650562892728,13695.349437107272,14213.0,1035.301125785456,17.494138130839083,19.510600222159262,13.461213948198726,-84.04255319148936,-64.78426615257935,11.319666880204993,82731.95,554835,84746.2,-1951.0,-1.8112443833785186,
2021-04-22,13915,13960,13830,13840,88077,106681,,,,13917.0,13970.0,14193.25,14349.166666666666,14093.302175831199,228.21428571428572,29.107981220657265,-120.36582481971527,-85.88285160125622,-34.48297321845905,14736.856620539833,13649.643379460167,14193.25,1087.2132410796657,14.768348816004522,17.929849753441015,8.44534694113154,-92.02127659574468,-62.0831413242728,14.632308048590462,82939.8,466758,86221.1,916.0,0.8660710064766208,
2021-04-23,13855,14025,13850,14005,89969,99591,,,,13933.0,13930.5,14179.5,14342.583333333334,14084.892444799656,227.14285714285714,38.9344262295082,-112.10330967901245,-91.12694321680746,-20.976366462204993,14727.759446843036,13631.240553156964,14179.5,1096.5188936860723,32.06778809955857,22.642495868813533,50.91837256104864,-74.46808510638297,-42.23533764216084,37.40498419466293,83002.15,556727,87624.2,-7090.0,-6.645981946175983,
2021-04-26,14010,14230,13975,14190,112142,77126,,,,13981.0,13943.5,14166.0,14344.333333333334,14094.90268815207,231.78571428571428,45.62043795620438,-89.59446380320333,-90.82044733408665,1.225983530883326,14698.240547121319,13633.759452878681,14166.0,1064.4810942426375,51.84447522049423,32.37648898604043,90.78044768940183,-54.787234042553195,-8.046594933646533,52.8997414159929,84592.55,668869,88678.7,-22465.0,-22.557259190087454,
2021-04-27,14190,14530,14155,14520,88368,66025,,,,14094.0,13999.0,14167.0,14346.916666666666,14135.388146423302,245.71428571428572,51.62337662337663,-44.61352229021031,-81.57906232531138,36.96554003510107,14701.951055311556,13632.048944688444,14167.0,1069.902110623112,67.46058696616826,44.071188312749705,114.2393842730054,-19.680851063829788,44.02504571355601,69.28914951219785,85976.05,757237,89382.65,-11101.0,-14.393330394419523,
2021-04-28,14520,14665,14360,14660,80195,59907,,,,14243.0,14080.5,14165.25,14350.416666666666,14185.351180097274,250.35714285714286,55.5223880597015,2.304463479687911,-64.80235716431152,67.10682064399943,14693.11037827002,13637.38962172998,14165.25,1055.7207565400386,78.12083823815314,55.421071621217514,123.5203714720244,-4.787234042553192,77.26308203177783,79.45100874551653,86785.35,837432,90102.55,-6118.0,-9.266187050359708,
2021-04-29,14640,14640,14370,14510,101624,49976,,,,14377.0,14147.0,14170.0,14352.916666666666,14216.270115326104,249.28571428571428,53.142857142857146,27.071495481974125,-46.42758663505439,73.49908211702851,14708.917042732339,13631.082957267661,14170.0,1077.8340854646776,79.64108024070543,63.49440782771349,111.93442506668933,-17.22222222222222,66.20327144678112,92.72943272943272,88781.4,735808,90765.1,-9931.0,-16.577361577111194,
2021-04-30,14510,14630,14420,14495,74579,41074,,,,14475.0,14204.0,14180.5,14357.583333333334,14242.81581862838,227.14285714285714,65.26315789473685,44.97077701673334,-28.147913904696843,73.11869092143019,14736.755337053048,13624.244662946952,14180.5,1112.5106741060954,79.79970651524611,68.92950739022436,101.54010476528964,-18.88888888888889,63.98359782140634,100.0,90516.7,661229,91247.85,-8902.0,-17.812550024011532,
2021-05-06,14620,15150,14555,15130,52359,39167,,,,14663.0,14322.0,14223.25,14372.083333333334,14327.309550187583,256.07142857142856,79.6437659033079,109.13721380873358,-0.6908883620107602,109.82810217074433,14922.996382627307,13523.503617372693,14223.25,1399.492765254614,86.0356252390198,74.63154667315617,108.84378237074705,-1.444043321299639,116.12928922255394,100.0,89701.35,713588,88883.05,-1907.0,-4.64283975264157,
2021-05-07,15130,15240,14915,14980,52842,34573,,,,14755.0,14424.5,14256.75,14380.916666666666,14389.470545407812,262.14285714285717,78.44611528822055,146.20052224908977,28.687393760209346,117.51312848888043,15033.858506953145,13479.641493046855,14256.75,1554.217013906291,84.54384472199429,77.93564602276888,97.76024212044513,-17.627118644067796,109.05782678939947,97.89330162661878,89824.0,660746,86149.0,-4594.0,-11.72926187862231,
2021-05-10,14910,15560,14715,15295,142528,75452,,,,14882.0,14562.5,14298.0,14398.666666666666,14475.711445845163,310.7142857142857,81.38528138528139,198.7008291781549,62.69008084379846,136.01074833435644,15200.274319355494,13395.725680644506,14298.0,1804.5486387109886,84.53020447353225,80.13383217302334,93.32294907455008,-14.804469273743017,107.39004727209041,100.0,93584.9,803274,85448.7,40879.0,118.23966679200532,
2021-05-11,15300,15415,15065,15395,113817,79046,,,,15059.0,14718.0,14344.0,14418.833333333334,14563.262736717053,322.85714285714283,81.54506437768241,245.54635934562066,99.2613365441629,146.28502280145776,15369.64280229266,13318.35719770734,14344.0,2051.2856045853187,86.2167714366135,82.16147859422006,94.32735712140038,-9.217877094972067,101.05761969882585,100.0,95153.15,917091,84739.05,3594.0,4.763293219530307,
2021-05-12,15455,15890,15380,15580,141402,82109,,,,15276.0,14875.5,14403.0,14440.416666666666,14660.094857029715,341.42857142857144,82.73092369477911,294.20828344439724,138.25072592420977,155.95755752018746,15568.43825052616,13237.56174947384,14403.0,2330.8765010523202,84.85536923824185,83.05944214222731,88.44722343027092,-14.903846153846153,110.7366136306799,100.0,96519.35,1058493,83656.45,3063.0,3.8749588847000416,
2021-05-13,15550,15780,15130,15260,144399,80318,,,,15302.0,14982.5,14463.0,14455.083333333334,14717.228680169743,373.92857142857144,73.2620320855615,303.45385607512435,171.2913519543927,132.16250412073165,15676.647828915613,13249.352171084387,14463.0,2427.295657831226,76.1780892960828,80.76565786017915,67.0029521678901,-30.28846153846154,79.19522835459699,82.80020522387413,97589.15,914094,82602.5,-1791.0,-2.1812468791484463,
2021-05-14,15250,15305,14845,15110,104686,80972,,,,15328.0,15041.5,14520.25,14465.916666666666,14754.635472534528,396.07142857142856,70.49742710120069,295.2735627678594,196.08779411708605,99.18576865077335,15742.975493141837,13297.524506858163,14520.25,2445.450986283675,67.0134630394938,76.1815929199507,48.67720327858001,-37.86407766990291,48.745348162632304,77.18607739684884,97115.35,809408,81376.15,654.0,0.8142633033691116,
2021-05-17,15150,15485,15125,15285,101614,80140,,,,15326.0,15104.0,14592.25,14479.666666666666,14805.146379912192,413.57142857142856,73.96351575456053,299.4596741337573,216.7621701204203,82.69750401333698,15817.143013588062,13367.356986411938,14592.25,2449.7860271761238,64.29015449798453,72.21778011262865,48.4349032686963,-29.65686274509804,59.65015210734706,79.98148608305762,97835.6,911022,79774.85,-832.0,-1.0275156844341216,
2021-05-18,15285,15700,15125,15645,102510,82214,,,,15376.0,15217.5,14682.25,14498.916666666666,14885.132438968174,441.42857142857144,75.54517133956386,328.0446938747464,239.01867487128553,89.02601900346085,15940.03617126743,13424.46382873257,14682.25,2515.5723425348588,70.07608302362515,71.50388108296082,67.22048690495382,-12.793733681462141,67.63734654765436,80.63686795738714,98176.05,1013532,78256.75,2074.0,2.587971050661353,
2021-05-19,15645,15735,15420,15565,107499,82842,,,,15373.0,15324.5,14764.25,14510.666666666666,14949.881730495015,445.7142857142857,72.14170692431563,340.32019716042487,259.27897932911344,81.04121783131143,16027.992457939908,13500.507542060092,14764.25,2527.484915879817,70.83086385972172,71.27954200854778,69.9335075620696,-18.73198847262248,66.90516572610852,65.95933216412853,98930.75,906033,76860.45,628.0,0.7638601698007674,
2021-05-20,15400,15400,14830,15130,167166,75131,,,,15347.0,15324.5,14823.25,14507.333333333334,14967.035851400253,471.42857142857144,59.50155763239876,311.358609168743,269.6949052970394,41.6637038717036,16036.086063031387,13610.413936968613,14823.25,2425.6721260627746,58.99362555187122,67.18423652298893,42.612403609635805,-49.673202614379086,27.138943528141645,21.490760399579294,102545.4,738867,75291.25,-7711.0,-9.308080442287725,
2021-05-21,15130,15335,15000,15165,150933,77416,,,,15358.0,15343.0,14883.75,14505.416666666666,14985.889579838324,473.57142857142856,58.13204508856682,287.9116828599472,273.338260809621,14.5734220503262,16033.289381436618,13734.210618563382,14883.75,2299.078762873236,49.86367489621603,61.4107159807313,26.76959272718551,-47.69736842105263,27.26858891638092,16.862162780912055,105944.65,889800,73776.25,2285.0,3.0413544342548393,
2021-05-24,15300,15310,14840,15000,153054,72254,,,,15301.0,15313.5,14938.0,14499.916666666666,14987.233429377531,486.42857142857144,57.8525641025641,253.0981459187533,269.2902378314474,-16.19209191269414,15993.613565657433,13882.386434342567,14938.0,2111.2271313148667,38.58836188049622,53.80326461398627,8.158556413516123,-60.54421768707483,13.130519815477887,0.0,108488.15,736746,72100.7,-5162.0,-6.667872274465225,
2021-05-25,15080,15165,14870,14920,94824,66377,,,,15156.0,15266.0,14992.0,14495.333333333334,14980.83024562729,492.5,56.671899529042385,216.5565070512239,258.7434916754027,-42.18698462417882,15913.031458403251,14070.968541596749,14992.0,1842.0629168065025,28.88346932383959,45.49666618393738,-4.342924396355983,-72.65917602996255,1.9915307076353275,0.0,108825.5,641922,70085.5,-5877.0,-8.133805740858636,
2021-05-26,14920,15035,14780,14880,118819,51222,,,,15019.0,15196.0,15035.75,14485.0,14971.227365091358,463.92857142857144,45.173745173745175,182.26825429687779,243.44844419969775,-61.18018990281996,15834.36903835374,14237.13096164626,15035.75,1597.2380767074792,22.74604761205362,37.91312665997613,-7.588110483791397,-85.95744680851064,-14.082461589509608,0.0,110268.0,523103,67667.05,-15155.0,-22.831703752805943,
2021-05-27,14860,15140,14825,15090,119873,49262,,,,15011.0,15179.0,15080.75,14486.416666666666,14982.539044606467,463.2142857142857,52.075471698113205,170.07924425519013,228.7746042107962,-58.69535995560608,15773.06324671636,14388.43675328364,15080.75,1384.6264934327191,25.98427606946681,33.936843129806356,10.079141948787722,-68.08510638297872,-5.5777547144729605,18.376584174188462,110654.55,642976,66273.85,-1960.0,-3.826480809027366,
2021-05-28,15125,15530,15095,15495,154539,51152,,,,15077.0,15217.5,15129.5,14493.666666666666,15031.344849882042,434.2857142857143,53.649635036496356,190.89891736492064,221.1994668416211,-30.300549476700468,15792.236750150465,14466.763249849535,15129.5,1325.47350030093,42.279220695525865,36.717635651712854,53.40239078315189,-35.585585585585584,41.55602842709479,22.56796222859034,113963.1,797515,65530.2,1890.0,3.836628638707329,
2021-05-31,15435,15840,15400,15750,139766,54279,,,,15227.0,15264.0,15184.0,14507.833333333334,15099.788197512324,440.7142857142857,56.131260794473235,225.37702117037952,222.0349777073728,3.3420434630067177,15863.237963107418,14504.762036892582,15184.0,1358.4759262148364,58.68929178443862,44.041521029288106,87.98483329473964,-12.612612612612613,79.02617298007908,29.175555918268174,116941.65,937281,65248.8,3127.0,6.113152955896162,
2021-06-01,15750,16245,15645,16165,125993,57520,,,,15476.0,15316.0,15266.75,14532.5,15201.236940606388,447.14285714285717,59.36,282.9267945658776,234.21334107907379,48.713453486803786,16001.255024883389,14532.244975116611,15266.75,1469.0100497667772,70.63927757187831,52.907439876818174,106.10295296199857,-5.460750853242321,117.26551205895713,46.70921526306409,118160.1,1063274,65626.0,3241.0,5.971001676523158,
2021-06-02,16150,16230,15900,16125,109201,54066,,,,15725.0,15372.0,15348.25,14568.083333333334,15289.214374834351,424.2857142857143,65.20210896309314,321.6005281997732,251.69077850321366,69.90974969655952,16083.922087993442,14612.577912006558,15348.25,1471.3441759868838,77.69580962129771,61.17022979164469,110.74696928060376,-8.19112627986348,113.48143244470677,65.94475899814262,119891.2,954073,66275.6,-3454.0,-6.004867872044506,
2021-06-03,16110,16330,15950,16090,146291,50771,,,,15925.0,15468.0,15396.25,14599.0,15365.479672469175,418.57142857142856,67.94871794871796,345.44347588217533,270.44131797900604,75.00215790316929,16194.56978159395,14597.93021840605,15396.25,1596.6395631878986,79.96924942495116,67.4365696694135,105.03460893602647,-15.483870967741936,100.64360950730102,74.98815712712468,124587.8,807782,66855.8,-3295.0,-6.094403136906745,
2021-06-04,15950,15990,15535,15535,124908,42357,,,,15933.0,15505.0,15424.0,14621.75,15381.624465567349,431.42857142857144,54.019292604501615,315.91366593668135,279.5357875705411,36.37787836614024,16199.659990622587,14648.340009377413,15424.0,1551.3199812451749,69.54939208975239,68.14084380952646,72.36648865020425,-51.29032258064516,37.89726563012145,29.124570517243605,128191.1,682874,67245.0,-8414.0,-16.572452778160763,
2021-06-07,15600,15860,15465,15530,103818,35785,,,,15889.0,15558.0,15435.75,14648.166666666666,15395.755468846648,418.57142857142856,47.91288566243194,288.77875881771433,281.3843818199758,7.394376997738561,16210.300973484842,14661.199026515158,15435.75,1549.101946969684,62.49529365123278,66.2589937567619,54.96789344017455,-51.61290322580645,25.822348166846837,10.157017108009,126255.6,579056,65261.65,-6572.0,-15.51573529758954,
2021-06-08,15560,15605,15435,15460,79927,31087,,,,15748.0,15612.0,15439.0,14675.0,15401.873995623158,408.2142857142857,48.08743169398907,258.6442445926805,276.83635437451676,-18.19210978183628,16213.376489421276,14664.623510578724,15439.0,1548.7529788425527,55.72775944412196,62.748582319215245,41.6861136939354,-56.12903225806452,8.41059149754616,12.793369937397761,124561.1,499129,62863.7,-4698.0,-13.128405756601925,
2021-06-09,15460,15855,15460,15810,75301,31528,,,,15685.0,15705.0,15450.5,14704.0,15440.743138897144,383.92857142857144,62.78195488721804,260.00729761189723,273.47054302199285,-13.463245410095624,16240.36940959283,14660.63059040717,15450.5,1579.738819185659,56.45008524344973,60.649083293960075,48.052089142429026,-33.54838709677419,35.80534315801496,77.31385625550506,121256.05,574430,60334.65,441.0,1.4185994145462733,
2021-06-10,15915,15980,15755,15905,73547,30659,,,,15648.0,15786.5,15482.75,14736.583333333334,15484.958078049796,376.07142857142856,63.60294117647059,265.69051809576376,271.91453803674705,-6.224019940983283,16292.294868884264,14673.205131115736,15482.75,1619.0897377685287,55.73374858523889,59.01063839105302,49.17996897361064,-27.419354838709676,53.852267970480895,80.91863022105166,117713.45,647977,57851.7,-869.0,-2.7562801319462094,
2021-06-11,15950,16600,15875,16585,109765,32642,,,,15858.0,15895.5,15556.5,14778.916666666666,15589.723975378387,394.2857142857143,74.49768160741885,321.3603857900107,281.8037075873998,39.5566782026109,16483.317418004102,14629.6825819959,15556.5,1853.634836008203,70.05998117413637,62.6937526520808,84.7924382182475,-0.8241758241758241,97.95382443816612,100.0,117967.4,757742,55435.2,1983.0,6.467921328158122,
2021-06-15,16500,16585,16135,16390,65907,27851,,,,16030.0,15959.5,15611.75,14819.833333333334,15665.940739628066,405.35714285714283,71.94029850746269,345.7585968235071,294.5946854346213,51.16391138888582,16600.120668801625,14623.379331198377,15611.75,1976.7413376032473,74.03140375843712,66.47296968753291,89.14827190024553,-11.538461538461538,86.23594768132546,91.27885471399591,116182.05,691835,52820.75,-4791.0,-14.677409472458791,
2021-06-16,16275,16450,16050,16075,79405,23707,,,,16153.0,15950.5,15633.25,14855.166666666666,15704.898764425394,415.7142857142857,66.48275862068965,335.8055302905086,302.83685440579876,32.96867588470985,16643.13938946172,14623.360610538279,15633.25,2019.7787789234426,67.66614327815694,66.87069421774092,69.25704139898897,-29.577464788732396,60.305218481194906,69.85147825352944,115026.8,612430,49895.4,-4144.0,-14.87917848551219,
2021-06-17,16100,16250,15940,16160,65705,21159,,,,16223.0,15954.0,15663.0,14890.666666666666,15748.241739242023,415.35714285714283,65.28571428571428,330.9613268211742,308.46174888887384,22.499577932300383,16699.138580448936,14626.861419551064,15663.0,2072.277160897873,65.85468207098874,66.53202350215686,64.4999992086525,-29.235880398671096,48.26030372107092,65.34873789978563,112937.1,678135,46811.25,-2548.0,-10.747880372885643,
2021-06-18,16040,16350,16010,16155,81925,20033,,,,16273.0,15960.5,15714.25,14927.166666666666,15786.980621218972,408.2142857142857,60.64516129032258,322.9955112617681,311.3685013634527,11.627009898315407,16740.73749575792,14687.762504242079,15714.25,2052.974991515841,64.50397974975787,65.85600891802386,61.79992141322589,-37.083333333333336,48.81409106177856,47.893072620298064,108675.05,596210,44056.35,-1126.0,-5.321612552578103,
2021-06-21,16175,16280,15975,16080,73307,18078,,,,16172.0,16015.0,15760.0,14958.666666666666,15814.887228721927,398.57142857142856,55.650684931506845,307.090721165232,310.5129453238086,-3.4222241585765687,16764.74662949108,14755.25337050892,15760.0,2009.4932589821601,61.45758878882285,64.38986887495686,55.59302861655482,-44.63519313304721,38.425595007125295,29.10610743481753,104793.75,522903,41089.45,-1955.0,-9.75889781859931,
2021-06-22,16140,17215,16035,16435,73036,16597,,,,16181.0,16105.5,15831.75,14994.25,15873.945587891269,440.0,54.72027972027972,319.4491822444106,312.300192707929,7.148989536481622,16812.647950591032,14850.85204940897,15831.75,1961.7959011820622,59.490244377733745,62.75666070921582,52.95741171476959,-43.82022471910113,77.19689436181945,25.606343083974085,100792.85,595939,38306.6,-1481.0,-8.1922779068481,
2021-06-23,16270,16540,16215,16365,130499,69943,,,,16239.0,16196.0,15904.0,15029.75,15920.712674758768,439.64285714285717,54.15224913494809,319.9072451156262,313.8216031894685,6.085641926157734,16812.315966355785,14995.684033644216,15904.0,1816.6319327115689,53.587103557758574,59.700141658730075,41.361027355815565,-47.752808988764045,53.407985211733035,23.46966847301571,102576.6,465440,38484.9,53346.0,321.4195336506598,
2021-06-24,16495,16635,16320,16615,126497,73279,,,,16330.0,16276.5,15990.75,15068.666666666666,15986.835277162694,435.0,58.45410628019324,336.56347961454776,318.36997847448436,18.193501140063404,16814.779093763333,15166.720906236666,15990.75,1648.058187526667,54.13269590417735,57.844326407212506,46.70943489810705,-33.70786516853933,67.61552830012006,39.65131287663335,102960.5,591937,39587.75,3336.0,4.769598101311057,
2021-06-25,16700,16925,16615,16750,153681,71021,,,,16449.0,16361.0,16073.75,15106.833333333334,16059.517631718629,417.5,72.62569832402235,356.5469855084102,326.00537988126956,30.541605627140655,16848.71264765675,15298.787352343252,16073.75,1549.9252953134983,57.26493452435353,57.65119577959284,56.49241201387491,-26.123595505617978,93.0505354514084,92.95844403970494,104650.9,745618,40675.7,-2258.0,-3.0813739270459495,
2021-06-28,16750,16945,16515,16645,159578,60291,,,,16562.0,16367.0,16131.25,15142.583333333334,16115.277857269235,420.0,70.01795332136444,359.7642965590603,332.75716321682773,27.007133342232578,16895.99195854412,15366.508041455882,16131.25,1529.4839170882387,56.607995565255294,57.303462374813655,55.21706194613857,-32.02247191011236,78.2619678839223,83.03791785106722,104902.85,586040,41132.65,-10730.0,-15.108207431604736,
2021-06-29,16550,16710,16445,16555,118520,57382,,,,16586.0,16383.5,16171.5,15173.583333333334,16157.156156576926,426.7857142857143,69.5187165775401,351.00561665220266,336.40685390390274,14.598762748299919,16936.491228019884,15406.508771980118,16171.5,1529.9824560397665,53.81709508271922,56.141339944115515,49.16860535992663,-37.60683760683761,54.819522046947874,75.52784863818576,103840.55,467520,41287.8,-2909.0,-4.824932411139304,
2021-06-30,16650,16840,16610,16830,116653,60277,,,,16679.0,16459.0,16204.75,15213.833333333334,16221.236522617219,418.92857142857144,68.68131868131869,362.08066097985284,341.5416153190928,20.539045660760053,17024.406378580297,15385.093621419703,16204.75,1639.3127571605946,58.86193435622141,57.04820474815081,62.489393572362616,-26.36986301369863,71.7470127385394,71.41194745321711,103373.55,584173,41425.65,2895.0,5.045136105398895,
2021-07-01,16830,16990,16505,16550,124673,58793,,,,16666.0,16498.0,16226.0,15251.583333333334,16252.547329987006,437.5,61.063464837049736,344.29523233650616,342.0923387225755,2.202893613930655,17058.880859616664,15393.119140383338,16226.0,1665.7617192333255,54.698278818126106,56.26489610480924,51.56504424475983,-49.62686567164179,55.80897350767983,33.96937229745866,104147.15,459500,41662.0,-1484.0,-2.4619672511903334,
2021-07-02,16635,16700,16310,16330,117974,49562,,,,16582.0,16515.5,16238.0,15285.833333333334,16259.923774750148,413.57142857142856,44.80651731160896,308.88732975454695,335.4513369289698,-26.56400717442284,17069.54516920072,15406.45483079928,16238.0,1663.0903384014382,44.798852545417404,52.44288158501196,29.510794466228305,-69.41176470588235,24.090823485910185,0.0,102731.3,341526,41601.55,-9231.0,-15.70084874049632,
2021-07-05,16350,16750,16350,16665,112864,47986,,,,16586.0,16574.0,16294.5,15325.083333333334,16298.50246286918,411.42857142857144,55.29865125240847,304.3496587315931,329.2310012894945,-24.881342557901405,17077.039052329692,15511.960947670308,16294.5,1565.0781046593838,49.220740406622355,51.36883452554876,44.92455216876954,-43.13725490196079,37.807012264128716,37.71546666351444,102129.1,454390,41883.0,-1576.0,-3.179855534482068,
2021-07-06,16685,16970,16585,16880,96145,51928,,,,16651.0,16618.5,16362.0,15365.25,16353.883180691164,410.35714285714283,66.13226452905812,314.4771283434475,326.2802267002851,-11.803098356837609,17098.416644084184,15625.583355915816,16362.0,1472.8332881683673,60.75500340833647,54.497557486478,73.2698952520534,-26.274509803921568,62.39070083129199,76.65842933310383,101745.45,550535,42690.15,3942.0,8.214896011336648,
2021-07-07,16850,16895,16560,16825,109395,47936,,,,16650.0,16664.5,16430.25,15404.416666666666,16398.751449196767,412.14285714285717,63.488843813387426,314.44050620637245,323.91228260150257,-9.47177639513012,17059.965683547158,15800.534316452842,16430.25,1259.4313670943156,65.74843364477333,58.247849539243106,80.74960185583376,-31.451612903225808,54.258466709983495,67.15627786972627,103218.85,441140,43532.6,-3992.0,-7.687567401016793,
2021-07-08,16825,17275,16825,17135,175232,56204,,,,16767.0,16716.5,16496.5,15450.0,16468.870358797074,420.0,67.68953068592057,335.5577907860843,326.2413842384189,9.316406547665395,17130.244926274718,15862.755073725282,16496.5,1267.4898525494355,72.32969842294042,62.94179916714221,91.10549693453686,-10.76923076923077,99.17127627222332,82.25624386318499,108215.4,616372,44766.4,8268.0,17.247997329773025,
2021-07-09,17135,17375,17050,17360,153335,60311,,,,16973.0,16777.5,16569.25,15505.0,16553.73984843545,421.42857142857144,71.91780821917808,366.22736940795585,334.2385812723263,31.988788135629534,17249.445598803446,15889.054401196554,16569.25,1360.391197606892,81.08364871388517,68.98908234938986,105.27278144287578,-1.1194029850746268,114.22233271805086,97.45538840798946,112204.8,769707,46249.0,4107.0,7.307309088321112,
2021-07-12,17385,17495,17150,17305,140197,52344,,,,17101.0,16843.5,16605.25,15560.666666666666,16625.288434298738,361.7857142857143,66.6030534351145,381.6952458848282,343.72991419482673,37.96533169000145,17360.975339970602,15849.524660029398,16605.25,1511.4506799412047,82.04451405116957,73.34089291664976,99.45175632020917,-14.84375,102.35276041386902,78.3507469676392,113726.4,629510,47234.1,-7967.0,-13.209862214189783,
2021-07-13,17305,17470,17110,17400,96676,51406,,,,17205.0,16928.0,16655.75,15619.916666666666,16699.07048817505,364.2857142857143,69.56521739130434,397.0424967326944,354.39243070240025,42.65006603029417,17482.552814906216,15828.947185093784,16655.75,1653.6056298124313,85.35738348840277,77.34638977390077,101.37937091740679,-8.016877637130802,89.12341393323518,88.99866631101624,115264.85,726186,48411.85,-938.0,-1.791991441234908,
2021-07-14,17350,17965,17300,17890,140443,54509,,,,17418.0,17034.0,16746.5,15687.333333333334,16812.492346444094,389.2857142857143,72.09705372616985,443.6303143857767,372.24000743907555,71.39030694670117,17694.462357680382,15798.53764231962,16746.5,1895.924715360763,88.7276816408083,81.1401537295366,103.90273746335166,-4.531722054380665,115.08110119676475,98.09971185845976,118316.75,866629,49951.95,3103.0,6.036260358712986,
2021-07-15,17960,18240,17760,18150,149773,52638,,,,17621.0,17194.0,16846.0,15757.75,16939.87402773513,401.42857142857144,73.25581395348837,495.8158659443361,396.9551791401277,98.8606868042084,17941.092401773043,15750.907598226957,16846.0,2190.184803546086,90.89781950657061,84.39270898854795,103.90804054261594,-4.66321243523316,123.30304770039916,100.0,122520.15,1016402,51525.9,-1871.0,-3.432460694564199,
2021-07-16,18150,19175,18140,18740,331300,50030,,,,17897.0,17435.0,16975.25,15837.583333333334,17111.31459652226,444.64285714285717,79.97138769670958,578.1171856446963,433.18758044104146,144.92960520365483,18310.754931122545,15639.745068877455,16975.25,2671.0098622450896,88.3869465926532,85.7241215232497,93.7125967314602,-15.18324607329843,139.05209128509048,100.0,134988.9,1347702,53025.75,-2608.0,-4.954595539344197,
2021-07-19,18740,19045,18520,18705,202581,43783,,,,18177.0,17639.0,17106.5,15916.75,17263.094158758235,463.2142857142857,81.25,633.218023750167,473.19366910286664,160.0243546473004,18580.342453909972,15632.657546090028,17106.5,2947.684907819945,86.26688727591794,85.90504344080578,86.99057494614223,-16.404886561954626,117.80649916071371,100.0,141452.6,1145121,54311.0,-6247.0,-12.486508095142913,
2021-07-20,18620,18620,18105,18490,167073,35014,,,,18395.0,17800.0,17209.25,15993.0,17379.942334114592,485.7142857142857,74.55621301775147,652.0210390892134,508.95914310013603,143.0618959890774,18769.952524000346,15648.547475999652,17209.25,3121.4050480006936,81.12827946054104,84.31278878071754,74.75926082018805,-23.909249563699827,81.17503192659711,81.63241685904842,146154.45,978048,55231.85,-8769.0,-20.02832149464404,
2021-07-21,18490,18760,18270,18375,106108,31928,,,,18492.0,17955.0,17309.75,16068.583333333334,17474.709730865583,486.07142857142856,78.38258164852255,650.1485178979892,537.1970180597067,112.95149983828253,18900.13054036067,15719.36945963933,17309.75,3180.7610807213405,74.8698333658509,81.165136975762,62.27922614602869,-27.923211169284468,75.70779662195697,92.13187615466053,144934.9,871940,53331.1,-3086.0,-8.813617410178786,
2021-07-22,18375,18740,18295,18575,112904,28927,,,,18577.0,18099.0,17407.75,16144.75,17579.499280306958,490.0,85.13302034428794,657.2267589259682,561.202966232959,96.02379269300911,19058.288907208953,15757.211092791045,17407.75,3301.0778144179076,73.56132555302085,78.63053316818161,63.42291032269932,-21.238938053097346,71.2633014686681,100.0,144255.25,984844,51113.5,-3001.0,-9.399273365071414,
2021-07-23,18755,19400,18715,19320,166712,25222,,,,18693.0,18295.0,17536.25,16230.25,17745.261253611057,518.9285714285714,86.82385575589458,714.7128251567119,591.9049380177096,122.80788713900233,19362.0385823305,15710.461417669498,17536.25,3651.577164661003,81.2097337747941,79.4902667037191,84.6486679169441,-2.816901408450704,92.84060113275491,100.0,144906.8,1151556,48823.55,-3705.0,-12.80810315622083,
2021-07-26,19335,19755,19225,19540,116026,19794,,,,18860.0,18518.5,17681.0,16313.916666666666,17916.188753267146,529.2857142857143,86.84210526315789,769.156747985282,627.3553000112241,141.80144797405785,19661.73776791961,15700.26223208039,17681.0,3961.4755358392213,84.55394335834882,81.178158921929,91.30551223118846,-6.729264475743349,96.16471524316889,100.00000000000001,142729.2,1267582,46798.7,-5428.0,-21.520894457219885,
2021-07-27,19540,20020,19050,19190,112468,14631,,,,19000.0,18697.5,17812.75,16389.416666666668,18037.504110098846,574.6428571428571,80.28169014084507,775.1266960933026,656.9095792276398,118.21711686566277,19828.363985078024,15797.136014921976,17812.75,4031.2279701560474,77.46074099996116,79.9390196146064,72.50418377067069,-25.97809076682316,80.79541327484884,67.58536329640376,142426.6,1155114,44661.15,-5163.0,-26.083661715671415,
2021-07-28,19200,19540,18770,19120,231537,48756,,,,19149.0,18820.5,17927.25,16466.25,18140.598956756097,597.5,77.08049113233288,765.386607618464,678.6049849058047,86.78162271265933,19967.823900182317,15886.676099817685,17927.25,4081.1478003646316,69.30803098865992,76.3953567392909,55.133379487397946,-30.303030303030305,60.440432753441215,51.76842169404773,148170.8,923577,44085.1,34125.0,233.2376460939102,
2021-07-29,19235,19765,19130,19755,213982,56797,,,,19385.0,18981.0,18087.5,16553.916666666668,18294.35143706504,620.3571428571429,79.38650306748467,799.6884003220148,702.8216679890468,96.86673233296801,20175.509628935248,15999.49037106475,18087.5,4176.019257870497,74.92598062429373,75.90556470095851,72.96681247096416,-9.106529209621993,71.87091983563269,63.16229505701111,152636.25,1137559,43985.3,8041.0,16.49232914923291,
2021-07-30,19850,20065,19700,19995,281006,62169,,,,19520.0,19106.5,18270.75,16635.0,18456.31796686837,621.7857142857143,81.57276995305165,836.5950652570245,729.5763474426424,107.01871781438217,20352.607154207828,16188.892845792172,18270.75,4163.714308415656,82.09351089238629,77.96821343143444,90.34410581429,-2.3688663282571913,80.62753003253476,69.50066846998108,160787.85,1418565,44615.65,5372.0,9.458246034121531,
2021-08-02,20090,20180,19215,19390,330175,55997,,,,19490.0,19175.0,18407.0,16708.5,18545.24006526186,665.0,70.85953878406708,807.7145883228332,745.2039956186806,62.5105927041526,20401.20845661156,16412.79154338844,18407.0,3988.416913223118,74.27525508008999,76.73722731431963,69.35131061163071,-27.430555555555557,59.837384204632485,0.0,171653.4,1088390,45016.2,-6172.0,-9.927777509691326,
2021-08-03,19380,19500,18580,18715,218863,56549,,,,19395.0,19197.5,18498.75,16765.5,18561.407678094067,683.2142857142857,58.324924318869826,722.0365555302633,740.5705076009972,-18.533952070733903,20361.67886266986,16635.82113733014,18498.75,3725.8577253397234,56.94389242297777,70.13944901720568,30.55277923452195,-60.53719008264463,23.617289736183906,0.0,177789.3,869527,45247.25,552.0,0.9857670946657793,
2021-08-04,18650,19115,18520,18900,219900,53765,,,,19351.0,19250.0,18602.5,16823.916666666668,18593.65456589463,691.4285714285714,57.68442622950819,661.439389604111,724.74428400162,-63.304894397508974,20296.400823543103,16908.599176456897,18602.5,3387.801647086206,45.59311703700526,61.95733835713887,12.864674396738039,-61.68674698795181,15.031020388053873,0.0,183314.55,1089427,45538.7,-2784.0,-4.923163981679601,
2021-08-05,18900,19205,18580,18785,246605,52963,,,,19157.0,19271.0,18685.0,16877.333333333332,18611.877940571332,662.1428571428571,50.51078320090806,597.2514175582219,699.2457107129405,-101.99429315471866,20232.344074280354,17137.655925719646,18685.0,3094.688148560708,35.71669649856575,53.2104577376145,0.729174020468264,-67.2289156626506,11.582885988910244,0.0,186883.2,842822,45376.65,-802.0,-1.4916767413745036,
2021-08-06,18805,19060,18750,19015,170096,54051,,,,18961.0,19240.5,18767.75,16939.916666666668,18650.270517659777,646.7857142857143,53.36956521739131,558.5029902566457,671.0971666216816,-112.59417636503588,20188.581761587855,17346.918238412145,18767.75,2841.66352317571,33.75089003518841,46.723935170139136,7.8047997652869725,-56.144578313253014,12.784466320184611,7.868642962083891,187721.25,1012918,45063.65,1088.0,2.0542642977172676,
2021-08-09,19000,19050,18050,18160,192702,56596,,,,18715.0,19102.5,18810.5,16990.75,18603.578087406466,675.3571428571429,46.85114503816794,453.5747011712847,627.5926735316023,-174.01797236031757,20090.491365102454,17530.508634897546,18810.5,2559.982730204909,24.22203310640104,39.22330114889311,-5.780502978583101,-94.83568075117371,-30.120165480372293,0.0,190346.5,820216,45276.25,2545.0,4.708516031155763,
2021-08-10,18050,18430,18025,18405,105735,49163,,,,18653.0,19024.0,18860.75,17042.75,18584.66588860585,669.2857142857143,50.27932960893855,385.7411447520317,579.2223677756881,-193.4812230236564,19975.881689178696,17745.618310821304,18860.75,2230.263378357391,22.02582562855197,33.4908093087794,-0.9041417319028824,-82.36658932714617,-50.790316593567574,8.572398740824365,190799.45,925951,45164.1,-7433.0,-13.13343699201357,
2021-08-11,18375,18490,18050,18220,102926,51953,,,,18517.0,18934.0,18877.25,17085.666666666668,18549.93580397672,668.9285714285714,46.68534080298787,313.4414507511683,526.0661843707842,-212.62473361961588,19940.46001044751,17814.03998955249,18877.25,2126.4200208950206,17.700125051671925,28.227247889743577,-3.3541206244713777,-90.95127610208817,-61.133270912161414,0.0,188923.6,823025,45036.3,2790.0,5.674999491487509,
2021-08-12,18310,18845,18275,18535,127748,47876,,,,18467.0,18812.0,18896.5,17135.166666666668,18548.51334645513,654.6428571428571,42.03045685279188,278.35261413224725,476.5234703230768,-198.17085619082957,19917.367020568407,17875.632979431593,18896.5,2041.7340411368132,19.68871445826852,25.38107007925189,8.30400321630178,-76.33410672853829,-36.97069863931817,0.0,187822.35,950773,44798.2,-4077.0,-7.847477527765479,
2021-08-13,18535,18535,18130,18240,99018,44183,,,,18312.0,18636.5,18871.5,17187.0,18519.131122983214,645.7142857142857,37.00000000000001,224.15648727546068,426.0500737135536,-201.89358643809294,19932.21525024639,17810.78474975361,18871.5,2121.430500492781,17.984566700992573,22.91556895316545,8.122562196646818,-90.02320185614849,-58.713056444541,0.0,176208.25,851755,44505.85,-3693.0,-7.713676998913865,
2021-08-16,18240,18465,18020,18105,96140,43066,,,,18301.0,18508.0,18841.5,17236.0,18479.69006365148,608.2142857142857,38.66248693834901,168.3714136722774,374.51434170529836,-206.14292803302095,19954.684620806453,17728.315379193547,18841.5,2226.369241612905,14.380709727525288,20.070615877952065,3.0008974266717345,-96.06481481481481,-63.46975083164636,3.7298263942314946,170886.2,755615,44470.0,-1117.0,-2.528121675757644,
2021-08-17,18105,18500,17945,18380,90957,40393,,,,18296.0,18474.5,18836.0,17292.333333333332,18470.19577187515,592.8571428571429,42.585170340681366,144.68371881311396,328.54821712686146,-183.8644983137475,19957.552495427655,17714.447504572345,18836.0,2243.1049908553105,21.0950763262867,20.412102694063613,22.46102359073288,-80.53691275167785,-54.69740045415477,12.530453787288073,167080.4,846572,44738.95,-2673.0,-6.206752426508155,
2021-08-18,18220,18430,18020,18120,89382,38219,,,,18276.0,18396.5,18823.25,17345.666666666668,18436.84379360133,576.0714285714286,32.28602383531961,103.73542547544275,283.5856587965777,-179.85023332113497,19972.328692738345,17674.171307261655,18823.25,2298.1573854766903,19.295073305715796,20.039759564614343,17.805700787918703,-92.17002237136465,-59.78511832867583,0.0,166244.1,757190,45053.5,-2174.0,-5.382120664471568,
2021-08-19,18120,18130,17525,17625,99415,36856,,,,18094.0,18280.5,18775.75,17391.416666666668,18359.52533706787,593.2142857142857,25.667351129363453,30.984079692647356,233.06534297579168,-202.08126328314432,20040.732941428567,17510.767058571433,18775.75,2529.9658828571337,15.04917455353731,18.376231227588665,8.395061205434594,-96.23352165725048,-87.8027162258619,0.0,165569.65,657775,45449.95,-1363.0,-3.5662890185509832,
2021-08-20,17495,17740,17380,17640,95318,33415,,,,17974.0,18143.0,18691.75,17433.916666666668,18290.999114489976,550.0,29.556074766355138,-25.171351672135643,181.41800404620622,-206.58935571834186,20025.795193742466,17357.704806257534,18691.75,2668.090387484932,15.948596460037386,17.567019638404904,12.71175010330235,-87.73584905660377,-88.01435303736947,11.907570762916398,161999.95,753093,45859.6,-3441.0,-9.336336010418933,
2021-08-23,17640,17945,17500,17720,79239,29607,,,,17897.0,18099.0,18600.75,17471.0,18236.61824644331,516.0714285714286,36.499321573948436,-62.499152864802454,132.63457266400448,-195.13372552880693,19939.454302871367,17262.045697128633,18600.75,2677.408605742734,18.368461348784876,17.83416687519823,19.437050295958173,-81.36986301369863,-69.64985444469532,33.83185506703582,160160.6,832332,46350.25,-3808.0,-11.396079604967824,
2021-08-24,17770,17865,17665,17765,48933,22685,,,,17774.0,18035.0,18529.5,17504.583333333332,18191.702222972523,487.85714285714283,33.991537376586734,-87.44259650162712,88.61913883087817,-176.0617353325053,19887.698884746384,17171.301115253616,18529.5,2716.397769492767,21.005595392932808,18.89130971444309,25.234166749912248,-78.9041095890411,-60.01754353201953,30.048812058025238,156983.85,881265,46752.95,-6922.0,-23.37960617421556,
2021-08-25,17845,18090,17810,18000,50308,19088,,,,17750.0,18013.0,18473.5,17535.166666666668,18173.44486840371,466.42857142857144,39.2905866302865,-87.24224497489922,53.4468620697227,-140.68910704462192,19821.504763383746,17125.495236616254,18473.5,2696.0095267674915,31.8969481551731,23.226522528019757,49.23779940947978,-63.095238095238095,-40.389334843641414,49.177424799451806,147922.4,931573,45269.55,-3597.0,-15.856292704430242,
2021-08-26,17870,17870,17500,17565,73866,45633,,,,17738.0,17916.0,18364.0,17559.166666666668,18115.497738079546,480.0,31.266149870801044,-120.791915488433,18.599106558091556,-139.39102204652457,19626.79806278297,17101.20193721703,18364.0,2525.596125565942,26.770584484401116,24.40787651348021,31.49600042624293,-88.92215568862275,-59.799030211249395,22.748267661959403,140916.6,857707,44711.35,26545.0,139.06642917015927,
2021-08-27,17565,17660,17310,17545,82206,47114,,,,17719.0,17846.5,18241.5,17583.416666666668,18061.16462016721,433.57142857142856,39.86820428336079,-147.29616542936856,-14.579947839400468,-132.7162175899681,19296.324006273335,17186.675993726665,18241.5,2109.6480125466696,24.429689376155366,24.415147467705264,24.45877319305557,-84.69055374592834,-70.21371173252099,57.69894998804054,130976.6,775501,43958.6,1481.0,3.2454583305940865,
2021-08-30,17555,18165,17425,18125,97149,49296,,,,17800.0,17848.5,18178.25,17626.583333333332,18067.244180151283,457.5,45.845697329376854,-120.11520836965065,-35.68699994545051,-84.42820842420014,19084.324674510593,17272.175325489407,18178.25,1812.149349021187,40.54241196505595,29.790902300155494,62.045431294856854,-46.90553745928339,-31.429482783323813,96.00511996318713,119325.3,872650,43623.55,2182.0,4.631319777560816,
2021-08-31,18280,18500,18070,18455,102063,52778,,,,17938.0,17856.0,18165.25,17675.333333333332,18104.17330585116,456.7857142857143,53.342816500711244,-71.12596613346614,-42.77479318305364,-28.351172950412497,19046.006104599608,17284.493895400392,18165.25,1761.5122091992162,59.10110377502329,39.56096945844476,98.18137240818035,-25.407166123778502,20.4564862356321,100.0,113485.3,974713,43435.0,3482.0,7.063453424212929,
2021-09-01,18460,18485,17485,17560,124648,48948,,,,17850.0,17800.0,18098.25,17710.333333333332,18052.347276722478,483.57142857142856,38.095238095238095,-103.32954026599327,-54.88574259964157,-48.443797666351706,18946.953500392774,17249.546499607226,18098.25,1697.407000785548,46.403536970463705,41.8418252957844,55.52696031982231,-79.59183673469387,-33.68270301145445,44.905792184947835,108722.7,850065,43194.15,-3830.0,-7.2568115502671615,
2021-09-02,17680,17950,17470,17805,90671,43394,,,,17898.0,17818.0,18049.25,17743.583333333332,18028.7903932251,488.92857142857144,44.6229913473424,-107.83855657761887,-65.47630539523703,-42.36225118238184,18842.3470273156,17256.1529726844,18049.25,1586.1940546312035,44.80123753212986,42.82829604123289,48.74712051392382,-58.403361344537814,-42.73915122675038,68.4925798487334,100926.0,940736,42715.7,-5554.0,-11.346735310942224,
2021-09-03,17800,18760,17730,18715,163114,53069,,,,18132.0,17925.5,18034.25,17790.416666666668,18094.143689108423,530.7142857142857,56.327800829875514,-37.549739652793505,-59.89099224674833,22.341252593954827,18758.828098656475,17309.671901343525,18034.25,1449.15619731295,62.16634226279922,49.27431144842166,87.95040389155433,-3.103448275862069,57.42704993787336,100.00000000000001,100576.9,1103850,42666.6,9675.0,22.295709084205196,
2021-09-06,18800,19585,18800,19585,202432,54521,,,,18424.0,18112.0,18105.5,17840.416666666668,18236.13000443143,553.2142857142857,61.126500461680514,87.3494729196791,-30.442899213462848,117.79237213314195,19108.788802415653,17102.211197584347,18105.5,2006.5776048313055,74.77756150853281,57.77539480179205,108.78189492201435,-0.0,146.47501314244766,100.0,101063.4,1306282,42562.85,1452.0,2.736060600350476,
2021-09-07,19675,19815,19185,19435,188371,52648,,,,18620.0,18279.0,18157.0,17891.166666666668,18350.308099247486,568.9285714285714,62.39396795475966,172.24373379076133,10.094427387381987,162.14930640337934,19318.316856893616,16995.683143106384,18157.0,2322.6337137872324,78.12848744614097,64.55975901657501,105.26594430527285,-15.169660678642714,127.16924596237187,100.0,105195.2,1117911,42737.1,-1873.0,-3.4353735257974027,
2021-09-08,19435,19460,19045,19365,126393,49070,,,,18981.0,18415.5,18214.25,17946.0,18446.945423128676,555.3571428571429,67.827868852459,231.20939420211653,54.3174207503289,176.89197345178763,19495.356737818598,16933.143262181402,18214.25,2562.213475637196,79.43096767866484,69.51682857060496,99.25924589478461,-17.964071856287426,93.78818761987417,100.0,106368.55,991518,42592.95,-3578.0,-6.796079623157569,
2021-09-09,19400,19890,19165,19465,150904,52624,,,,19313.0,18605.5,18260.75,18001.083333333332,18543.903001878327,581.4285714285714,68.37865055387715,282.7499042770869,100.0039174556805,182.7459868214064,19653.521848169195,16867.978151830805,18260.75,2785.543696338391,80.54018534899495,73.19128083006828,95.2379943868483,-16.472868217054263,97.2205116850639,100.0,107526.35,1142422,42830.35,3554.0,7.242714489504798,
2021-09-10,19500,20005,19315,19535,155674,45982,,,,19477.0,18804.5,18325.5,18057.416666666668,18638.293192175628,598.9285714285714,68.31483350151362,325.492470241501,145.1016280128446,180.3908422286564,19830.12759861911,16820.87240138089,18325.5,3009.2551972382207,80.84664559098019,75.74306908370558,91.05379860552941,-17.43970315398887,91.03636908312522,99.82804432148482,110359.15,1298096,42920.3,-6642.0,-12.621617512921857,
2021-09-13,19610,19720,18960,19180,123459,46108,,,,19396.0,18910.0,18379.25,18109.083333333332,18689.88431673033,638.9285714285714,63.43779677113011,326.95183137895583,181.47166868606683,145.480162692889,19926.901106473426,16831.598893526574,18379.25,3095.302212946852,76.38297082791185,75.95636966510767,77.23617315352021,-30.612244897959183,61.582881657994264,86.68682063507472,111725.1,1174637,43072.4,126.0,0.2740202688008342,
2021-09-14,19180,19190,18760,19010,97521,41050,,,,19311.0,18965.5,18410.75,18152.0,18720.371524660775,646.4285714285714,59.71153846153846,310.80800513190115,207.3389359752337,103.46906915666744,19983.9006268431,16837.5993731569,18410.75,3146.3012536862007,71.17181618639225,74.36151850553587,64.79241154810501,-36.92022263450835,38.69396488822063,76.64638078055724,112053.3,1077116,43105.25,-5058.0,-10.969896764119024,
2021-09-15,19245,19855,18975,19815,135581,48453,,,,19401.0,19191.0,18495.5,18209.5,18824.621855645466,673.5714285714286,70.19748653500898,358.8342608627645,237.6380009527399,121.1962599100246,20181.294830495786,16809.705169504214,18495.5,3371.5896609915726,77.99732800704538,75.57345500603904,82.84507400905807,-7.050092764378479,67.35777007447889,100.0,114363.25,1212697,43616.95,7403.0,18.034104750304515,
2021-09-16,19945,20680,19945,20680,159043,49007,,,,19644.0,19478.5,18648.25,18277.25,19001.324536060183,710.3571428571429,74.43491816056118,461.37523887569114,282.38544853733015,178.989790338361,20542.655267040154,16753.844732959846,18648.25,3788.8105340803086,85.33155200469693,78.82615400559168,98.34234800290744,-0.0,102.1222015122449,100.0,117344.65,1371740,44224.5,554.0,1.143376055146228,
2021-09-17,20900,21900,20550,21825,302778,55534,,,,20102.0,19789.5,18857.5,18361.833333333332,19270.246008816357,753.9285714285714,76.50429799426934,627.7948058217044,351.467319994205,276.32748582749934,21162.922669319127,16552.077330680873,18857.5,4610.845338638253,89.4248563258489,82.35905477901075,103.55645941952523,-1.693002257336343,123.49106459859895,100.0,127717.65,1674518,45330.45,6527.0,13.318505519619638,
2021-09-22,21820,22050,21260,21965,120493,45432,,,,20659.0,20027.5,19069.75,18450.5,19526.889246071943,779.6428571428571,75.84683357879234,762.1942408270261,433.6127041607692,328.58153666625685,21693.839766997913,16445.660233002087,19069.75,5248.179533995826,92.088708675186,85.6022727444025,105.06158053675298,-1.8558951965065502,112.95389432222181,98.28825694457161,129780.35,1795011,46121.7,-10102.0,-18.19065797529441,
2021-09-23,21965,22425,21445,21865,204821,51571,,,,21230.0,20270.5,19274.75,18539.0,19749.56646073176,778.2142857142857,85.9049207673061,850.8297612348761,517.0561155755906,333.7736456592854,22102.37030317852,16447.12969682148,19274.75,5655.240606357038,89.63258159064242,86.94570902648246,95.00632671896233,-11.301715438950556,100.4081332016946,100.00000000000001,137574.75,1590190,47566.0,6139.0,13.512502201091747,
2021-09-24,21900,22050,20490,20945,195306,38329,,,,21456.0,20428.5,19422.0,18607.583333333332,19863.4172739954,855.3571428571429,73.53823088455772,837.1871659847893,581.0823256574304,256.10484032735894,22276.706916471,16567.293083529,19422.0,5709.413832942002,79.62772378894124,84.50638061396873,69.87041013888626,-31.522896698615547,65.06934607328468,58.18832290327896,144824.65,1394884,48528.05,-13242.0,-25.677221694363105,
2021-09-27,20650,21120,20200,20415,126086,27182,,,,21403.0,20523.5,19564.5,18672.0,19915.948962186314,847.5,63.51351351351351,774.6787262192229,619.8016057697889,154.87712044943396,22311.398538160334,16817.601461839666,19564.5,5493.797076320669,68.13744569103586,79.05006897299111,46.31219912712538,-54.8431105047749,39.79330132609465,14.515021418741616,147435.65,1268798,47605.5,-11147.0,-29.082418012470978,
2021-09-28,20360,20635,20220,20520,52463,15162,,,,21142.0,20622.0,19713.25,18741.833333333332,19973.477632454284,815.0,58.46153846153846,725.2526981838746,640.891824252606,84.36087393126854,22318.223532545613,17108.276467454387,19713.25,5209.947065091226,61.432239828585075,73.1774592581891,37.94180096937703,-51.97817189631651,31.53080258328598,0.0,145948.5,1321261,46007.9,-12020.0,-44.22043999705687,
2021-09-29,20210,20830,19405,19690,153825,56306,,,,20687.0,20673.0,19791.5,18792.25,19946.479762696734,871.7857142857143,52.05479452054795,612.0527879204674,635.1240169861783,-23.071229065710895,22287.32830887231,17295.67169112769,19791.5,4991.656617744622,47.86303911277653,64.73931920971825,14.11047891889308,-74.62482946793997,9.112620906803318,0.0,148782.3,1167436,46358.4,41144.0,271.3626170689883,
2021-09-30,19650,20020,19295,19750,83832,42846,,,,20264.0,20747.0,19856.25,18840.083333333332,19927.767404344664,893.9285714285714,53.10734463276836,521.1747637776753,612.3341663444777,-91.15940256680244,22271.99413728816,17440.50586271184,19856.25,4831.488274576317,36.75427314653685,55.41097052199112,-0.5591216043716827,-72.98772169167803,-5.6650604589049,3.1094422057619733,147870.75,1251268,45861.8,-13460.0,-23.905090043689835,
2021-10-08,20590,20975,20075,20540,39292,41923,,,,20183.0,20819.5,20005.25,18902.0,19986.075270597554,929.6428571428571,57.80682643427742,507.0546620842906,591.2782654924403,-84.22360340814964,22180.269600637635,17830.230399362365,20005.25,4350.039201275271,37.76163470684992,49.527858583610715,14.229186953328323,-51.432469304229194,26.5799818784479,16.99264537980961,143602.95,1290560,45510.55,-923.0,-2.154226765625733,
2021-10-11,20550,20970,19820,20070,91717,49152,,,,20114.0,20758.5,20118.5,18950.916666666668,19994.068101969217,962.5,53.67192862045299,452.7206261469182,563.5667376233358,-110.8461114764176,22031.1974614265,18205.8025385735,20118.5,3825.3949228529964,33.42788426676044,44.16120047799396,11.9612518442934,-64.25648021828104,10.764109820072052,4.777335505683414,143655.25,1198843,45798.45,7229.0,17.24351787801446,
2021-10-12,20225,20310,19715,20050,84018,41937,,,,20020.0,20581.0,20185.25,18995.75,19999.39494940072,950.7142857142857,56.2589928057554,403.3965737612598,531.5327048509207,-128.13613108966092,21981.340710990196,18389.159289009804,20185.25,3592.1814219803928,30.325724761439865,39.54937523914259,11.87842380603442,-64.80218281036835,-8.029564893665185,12.420037238738766,139700.45,1114825,45241.85,-7215.0,-14.678955078125,
2021-10-13,20060,20480,19500,20130,112283,45509,,,,20108.0,20397.5,20212.5,19042.833333333332,20011.83352564827,990.0,58.16326530612245,366.5370276042813,498.53356940159284,-131.99654179731152,21986.649165982923,18438.350834017077,20212.5,3548.298331965845,30.31999315614442,36.47291454480987,18.014150378813525,-66.52173913043478,-9.667692036443537,18.045636642668388,135193.0,1227108,44791.25,3572.0,8.517538212080034,
2021-10-14,20130,20400,19745,20130,90540,41151,,,,20184.0,20224.0,20247.25,19088.333333333332,20023.087475586533,973.9285714285714,52.601156069364166,333.48140565674476,465.52313665262324,-132.04173099587848,21984.111885852275,18510.388114147725,20247.25,3473.72377170455,35.46447032327436,36.1367664709647,34.11987802789369,-73.3226837060703,-8.38689684911857,1.6140605941419208,130301.45,1227108,44216.4,-4358.0,-9.576127798896916,
2021-10-15,20205,20815,20190,20780,99044,42179,,,,20232.0,20207.5,20318.0,19136.5,20095.17438267353,961.0714285714286,50.85616438356165,355.6346203057474,443.5454333832481,-87.91081307750073,22018.440809722124,18617.559190277876,20318.0,3400.881619444248,53.10726592980195,41.79359962391045,75.73459854158494,-52.55591054313099,18.808094978260367,0.0,128934.0,1326152,43871.85,1028.0,2.4981166921824505,
2021-10-18,20980,21325,20315,20680,84649,37673,,,,20354.0,20234.0,20378.75,19178.666666666668,20150.872060514146,936.7857142857143,38.06047966631909,360.9611033463516,427.0285673758689,-66.06746402951728,22037.173077885484,18720.326922114516,20378.75,3316.846155770967,58.14704428160852,47.244747843143145,79.95163715853928,-55.75079872204473,26.547523905832247,0.0,125621.25,1241503,43124.3,-4506.0,-10.683041323881548,
2021-10-19,20700,20975,20200,20400,66638,34218,,,,20424.0,20222.0,20422.0,19206.333333333332,20174.59853094137,935.7142857142857,34.14387031408309,338.6845746363251,409.3597688279602,-70.67519419163506,22032.189266416906,18811.810733583094,20422.0,3220.3785328338126,56.90919536672095,50.46623035100241,69.79512539815804,-64.6964856230032,7.948840402459861,0.0,121169.45,1174865,42536.1,-3455.0,-9.171024341040003,
2021-10-20,20485,20650,19915,20075,70498,30117,,,,20413.0,20260.5,20466.75,19229.166666666668,20165.112956566,918.2142857142857,32.655038759689916,291.4458746539822,385.7769899931646,-94.33111533918242,21978.33082117609,18955.16917882391,20466.75,3023.1616423521773,48.4417466828368,49.79140246161388,45.742435125282654,-71.68784029038113,-16.50321430647743,0.0,118521.4,1104367,41736.55,-4101.0,-11.984920217429417,
2021-10-21,20075,21280,19950,20470,86429,33025,,,,20481.0,20332.5,20539.75,19262.166666666668,20194.14981784543,901.7857142857143,44.875943905070116,282.6241481760335,365.14642162973837,-82.52227345370488,21887.221218323615,19192.278781676385,20539.75,2694.9424366472304,50.01139276572682,49.864732562984855,50.30471317121075,-42.118226600985224,2.9785321612902917,39.603075793193376,117966.8,1190796,41335.3,2908.0,9.655676196168272,
2021-10-22,20320,20515,19850,20260,82294,24464,,,,20377.0,20304.5,20562.0,19293.583333333332,20200.421263764914,883.5714285714286,48.20393974507532,255.73961434657394,343.2650601731055,-87.52544582653155,21873.292652710537,19250.707347289463,20562.0,2622.5853054210747,47.22220704929734,48.98389072508902,43.69883969771398,-52.46305418719212,-29.908046607262662,60.25187904220741,115302.45,1108502,40135.85,-8561.0,-25.922785768357304,
2021-10-25,20120,20555,19810,20025,61913,18593,,,,20246.0,20300.0,20529.25,19317.75,20183.714476739686,907.1428571428571,44.431946006749165,213.01538283521222,317.2151247055268,-104.1997418703146,21860.69668055386,19197.80331944614,20529.25,2662.8933611077227,41.07051246208864,46.34609797075556,30.5193414447548,-64.03940886699507,-34.80847799703097,46.16905540501527,110445.95,1046589,38615.15,-5871.0,-23.998528449967292,
2021-10-26,19840,20390,19600,20270,134515,42381,,,,20220.0,20322.0,20451.5,19333.583333333332,20191.93214562162,861.7857142857143,57.512953367875646,196.65861589229098,293.1038229428797,-96.44520705058869,21638.0833304071,19264.9166695929,20451.5,2373.166660814197,40.32720154477407,44.33979916209506,32.302006310132086,-51.970443349753694,-34.524027169110376,97.45057957258203,102032.8,1181104,37957.5,23788.0,127.94062281503793,
2021-10-27,20290,20460,19630,19630,148230,40092,,,,20131.0,20272.0,20334.75,19335.083333333332,20138.414798419562,869.2857142857143,48.648648648648646,130.54823021459015,260.5927043972218,-130.04447418263163,21339.9442729223,19329.5557270777,20334.75,2010.388545844602,27.46451117477692,38.71470316632235,4.96412719168606,-92.87671232876713,-48.388260481294786,62.699811215200015,103419.65,1032874,37690.5,-2289.0,-5.401005167409922,
2021-10-28,19510,19800,18375,19295,282260,36770,,,,19896.0,20188.5,20206.25,19336.833333333332,20058.08957952246,883.5714285714286,34.378920953575914,50.54096815696903,218.58235714917126,-168.04138899220223,21028.14047163745,19384.35952836255,20206.25,1643.7809432748982,28.705154342506646,35.378186891717114,15.359089244085709,-68.8135593220339,-127.31967336045412,6.758142087016602,107291.6,750614,36950.45,-3322.0,-8.285942332634944,
2021-10-29,19295,19500,18905,19080,102428,43883,,,,19660.0,20018.5,20113.0,19336.166666666668,19964.938190996512,843.9285714285714,36.729222520107236,-29.869746767453762,168.89193636584628,-198.76168313330004,21002.401927968276,19223.598072031724,20113.0,1778.8038559365523,27.226270422256295,32.660881401896845,16.3570484629752,-76.10169491525424,-112.66849518022651,15.972038483353982,102647.7,648186,37228.15,7113.0,19.344574381289092,
2021-11-01,18850,19180,18605,18860,92902,44812,,,,19427.0,19836.5,20035.25,19321.25,19859.70598233018,842.5,34.86005089058524,-110.0790562180191,113.09773784907321,-223.17679406709232,21072.992869480633,18997.507130519367,20035.25,2075.485738961266,23.71596456148125,29.679242455091646,11.789408774260451,-83.55932203389831,-116.10440349838356,8.644317655253497,100988.5,555284,38109.65,929.0,2.116992912973137,
2021-11-02,18930,19080,18150,18680,114181,49165,,,,19109.0,19664.5,19943.25,19299.333333333332,19747.353031632065,838.9285714285714,32.00992555831266,-186.02561996170334,53.2730662869179,-239.29868624862124,21117.33542233833,18769.16457766167,19943.25,2348.170844676657,21.45494549040177,26.93781013352835,10.489216204148605,-83.30708661417323,-112.9902975587416,0.0,104074.4,441103,39809.8,4353.0,9.7139159153798,
2021-11-03,18675,18885,18245,18565,90968,50756,,,,18896.0,19513.5,19887.0,19285.583333333332,19634.747981000437,837.8571428571429,31.121833534378766,-252.58175258183473,-7.897897486832626,-244.68385509500212,21210.465944126692,18563.534055873308,19887.0,2646.9318882533844,20.055202745506932,24.643607670854546,10.878392894811704,-86.92913385826772,-99.82433742711491,0.0,100931.55,350135,39532.3,1591.0,3.236041899725417,
2021-11-04,18560,18565,18070,18130,86934,51108,,,,18663.0,19279.5,19806.0,19275.833333333332,19491.438649476586,824.2857142857143,16.284987277353693,-336.549300901519,-73.6281781697699,-262.9211227317491,21345.444876023754,18266.555123976246,19806.0,3078.8897520475075,14.174964137514348,21.154059826407813,0.21677275972741228,-98.15668202764977,-103.11263821608864,0.0,101086.65,263201,39945.4,352.0,0.693514067302381,
2021-11-05,18130,18500,18055,18170,68659,47567,,,,18481.0,19070.5,19687.5,19263.666666666668,19365.587349526435,783.9285714285714,17.571059431524546,-395.3096387485457,-137.96447028552507,-257.3451684630206,21349.070278222887,18025.929721777113,19687.5,3323.1405564457746,11.043877685577826,17.78399911279782,-2.43636516886216,-96.43410852713178,-89.59424784156805,3.119416930117522,102555.0,331860,40227.6,-3541.0,-6.928465210925882,
2021-11-08,18200,18650,18145,18215,72115,47030,,,,18352.0,18889.5,19594.75,19254.166666666668,19256.00760195249,764.6428571428571,19.944979367262718,-433.2522437426742,-197.0220249769549,-236.2302187657193,21369.649478250736,17819.850521749264,19594.75,3549.7989565014723,9.58018734132077,15.049395188972136,-1.3582283539819642,-95.03875968992249,-74.01129935416952,8.877450034457155,101574.9,403975,40121.5,-537.0,-1.1289339247797847,
2021-11-09,18265,18420,17860,18065,64275,46138,,,,18229.0,18669.0,19495.5,19238.333333333332,19142.578306528445,752.1428571428571,20.95375722543352,-470.00782037633326,-251.6191840568306,-218.38863631950267,21381.71843909978,17609.28156090022,19495.5,3772.436878199558,9.909128330639962,13.33597290286141,3.0554391861970664,-94.00584795321637,-76.3248107339906,11.32427910178462,100587.75,339700,40331.55,-892.0,-1.896661705294489,
2021-11-10,18005,18320,17785,18235,80761,45965,,,,18163.0,18529.5,19400.75,19239.583333333332,19056.14227733526,695.3571428571429,15.45595054095827,-479.88745653801743,-297.27283855306797,-182.61461798494946,21342.337183073087,17459.162816926913,19400.75,3883.1743661461733,15.35244123889117,14.008129014871331,18.041065686930846,-83.75451263537906,-68.03856071804725,0.0,99011.65,420461,40354.35,-173.0,-0.37496207031080253,
2021-11-11,18270,18385,17900,18005,60238,34731,,,,18138.0,18400.5,19294.5,19232.916666666668,18956.033489017616,682.5,15.360983102918595,-500.50668764431975,-337.9196083713183,-162.58707927300145,21299.593251539296,17289.406748460704,19294.5,4010.186503078592,15.491830598926253,14.502696209556305,17.470099377666145,-92.05776173285199,-61.795308997963915,0.0,97496.55,360223,40033.35,-11234.0,-24.44033503752855,
2021-11-12,17300,17545,17060,17095,101358,51939,,,,17923.0,18202.0,19110.25,19214.166666666668,18778.79220434927,696.7857142857143,12.722646310432566,-583.550168566413,-387.04572041033725,-196.5044481560758,21215.3327587182,17005.1672412818,19110.25,4210.165517436399,10.905444821726414,13.303612413613008,6.109109637953228,-98.97058823529412,-91.45148685753435,0.0,97612.25,258865,40521.35,17208.0,49.54651464109874,
2021-11-15,17160,17475,16980,17125,109191,52705,,,,17705.0,18028.5,18932.5,19190.666666666668,18621.288184887435,675.7142857142857,7.67160161507401,-639.5694180801183,-437.5504599442935,-202.01895813582485,21079.43048940011,16785.56951059989,18932.5,4293.860978800221,9.807479399961093,12.138234742395703,5.145968715091872,-95.83333333333333,-83.6234073144063,0.0,98839.35,368056,41272.95,766.0,1.4748069851171497,
2021-11-16,17250,17750,17240,17405,139708,55150,,,,17573.0,17901.0,18782.75,19176.75,18505.451214898152,661.0714285714286,16.840536512667654,-653.8344207694281,-480.8072521093204,-173.0271686601077,20916.460568346534,16649.039431653466,18782.75,4267.421136693069,15.021353532109789,13.099274338967064,18.865511918395242,-84.9290780141844,-64.58781515176652,31.55432073245007,102492.85,507764,42319.55,2445.0,4.639028555165536,
2021-11-17,17400,17595,17250,17490,96489,56728,,,,17424.0,17793.5,18653.5,19166.5,18408.741575384043,583.9285714285714,20.933977455716587,-650.7789736368977,-514.8015964148359,-135.97737722206182,20770.72783001984,16536.27216998016,18653.5,4234.455660039683,20.193876406636065,15.464141694856732,29.65334583019473,-79.76190476190476,-59.52648121103499,45.64164383583561,103792.4,604253,43650.1,1578.0,2.861287398005441,
2021-11-18,17495,17515,16950,16955,119145,61894,,,,17214.0,17676.0,18477.75,19142.75,18270.28999677604,581.7857142857143,18.978102189781026,-683.6468828790858,-548.5706537076859,-135.07622917139986,20543.005113590214,16412.494886409786,18477.75,4130.510227180428,13.560623486776986,14.829635625496817,11.022599209337322,-99.77578475336323,-68.80892398083161,41.58567655011805,105428.2,485108,45093.55,5166.0,9.106614017769,
2021-11-19,16925,17470,16785,17290,159868,56989,,,,17253.0,17588.0,18329.25,19128.916666666668,18176.92904470213,589.6428571428571,27.82485875706216,-674.8835994320361,-573.8332428525559,-101.0503565794802,20278.790499167622,16379.709500832378,18329.25,3899.0809983352447,19.33603237548639,16.33176787549334,25.344561375472487,-77.99564270152506,-61.69730523596579,82.80462199857793,109306.9,644976,46719.8,-4905.0,-7.924839241283488,
2021-11-22,17160,17460,17160,17330,107465,56562,,,,17294.0,17499.5,18194.5,19124.0,18096.26913568288,544.6428571428571,30.147058823529406,-657.135914686547,-590.4937772193542,-66.64213746719281,20019.07752860621,16369.922471393791,18194.5,3649.155057212418,24.244854916990924,18.969463555992533,34.7956376389877,-74.04761904761905,-50.96623782190296,95.84321931568232,111584.5,752441,48618.25,-427.0,-0.7492674024811796,
2021-11-23,17330,17635,17310,17585,116660,59763,,,,17330.0,17451.5,18060.25,19123.083333333332,18047.576837046414,522.1428571428571,36.15819209039548,-615.400424761312,-595.4751067277458,-19.925318033566214,19617.337277410516,16503.162722589484,18060.25,3114.174554821031,32.82990327799395,23.589610129993005,51.31048957399584,-57.10455764075067,-37.19270916040171,100.0,110691.75,869101,49487.35,3201.0,5.659276546091019,
2021-11-24,17605,18180,17605,18145,114903,63116,,,,17461.0,17442.5,17986.0,19130.166666666668,18056.855233518185,529.2857142857143,50.20463847203274,-531.0162041673393,-582.5833262156646,51.567122048325245,19358.61026783586,16613.38973216414,17986.0,2745.220535671717,54.383615327503726,33.85427852916324,95.44228892418471,-27.07774798927614,-1.8348857856882412,100.0,109025.4,984004,50638.55,3353.0,5.610494787744935,
2021-11-25,18200,18300,17860,17930,98170,61241,,,,17656.0,17435.0,17917.75,19132.916666666668,18044.77378270693,528.9285714285714,46.875,-476.00274126132354,-561.2672092247964,85.26446796347284,19144.27901353887,16691.22098646113,17917.75,2453.0580270777427,61.44826280359434,43.05227328730693,98.24024183616916,-38.605898123324394,7.01599149192171,92.17164181520702,99820.9,885834,51862.1,-1875.0,-2.970720577983399,
2021-11-26,17910,17975,17300,17345,79397,58428,,,,17667.0,17460.0,17831.0,19122.0,17978.128660544364,541.0714285714286,40.06849315068493,-474.14315931203964,-543.842399242245,69.69923993020541,18952.322527431923,16709.677472568077,17831.0,2242.645054863846,53.28674065894188,46.46376241118524,66.93269715445516,-65.74923547400611,-29.904292208064337,76.16877121792102,98669.35,806437,52589.35,-2813.0,-4.593327999216212,
2021-11-29,17105,17350,17060,17170,56928,53392,,,,17635.0,17464.5,17746.5,19115.416666666668,17901.164026206803,521.7857142857143,39.84108967082861,-481.2429950006335,-531.3225183939228,50.079523393289264,18793.5766321928,16699.4233678072,17746.5,2094.153264385597,43.995340857336394,45.64095522656896,40.70411211887125,-75.9375,-58.07464243864843,75.63411981124838,96870.65,749509,53018.35,-5036.0,-8.619155199561856,
2021-11-30,17170,17190,16845,16905,56522,54814,,,,17499.0,17414.5,17657.75,19104.75,17806.291261806153,508.2142857142857,35.222222222222214,-502.46089481363015,-525.5501936778643,23.089298864234138,18672.060629260868,16643.439370739132,17657.75,2028.6212585217363,31.970491264626908,41.08413390592161,13.743205982037509,-92.5,-72.78958688504602,64.7746378886668,93987.7,692987,53300.8,1422.0,2.663320347617626,
2021-12-01,16965,17175,16825,17055,47658,49831,,,,17281.0,17371.0,17582.25,19086.916666666668,17734.73971306271,498.57142857142856,39.25339366515837,-501.39274344416845,-520.7187036311251,19.32596018695665,18535.154010187583,16629.345989812417,17582.25,1905.808020375167,27.254254902490548,36.47417423811126,8.814416231249126,-82.17821782178218,-63.98574112403789,74.25237975904685,91822.2,740645,53254.55,-4983.0,-9.090743240777899,
2021-12-02,17060,17180,16735,16820,64455,52794,,,,17059.0,17357.5,17516.75,19059.666666666668,17647.621645151976,462.85714285714283,46.328437917222956,-513.5884340413832,-519.2926497131767,5.704215671793577,18490.977224116905,16542.522775883095,17516.75,1948.4544482338097,19.97993990304482,30.976096126422448,-2.012372543710441,-94.56869009584665,-68.14552381701938,90.88661228718351,90698.25,676190,53338.85,2963.0,5.946097810599826,
2021-12-03,16840,16930,16660,16860,50518,47922,,,,16962.0,17314.5,17451.25,19048.0,17572.610059899405,446.7857142857143,46.471371504660446,-514.0997194489864,-518.2540636603387,4.1543442113522815,18416.661692928,16485.838307072,17451.25,1930.823385855998,17.385000585769717,26.445730946204872,-0.736460135100593,-87.8048780487805,-70.98466175871602,88.81052763860053,89791.2,726708,53356.6,-4872.0,-9.228321400159112,
2021-12-06,16820,17050,16500,16635,51874,48887,,,,16855.0,17245.0,17372.25,19028.5,17483.31386371851,441.42857142857144,39.5945945945946,-526.5903308714805,-519.9213171025672,-6.6690137689133735,18333.085573862667,16411.414426137333,17372.25,1921.6711477253339,14.090000390513145,22.32715409430763,-2.3843070170758267,-92.5,-74.53474877985337,66.02234784692213,88779.15,674834,53449.45,965.0,2.013688911147282,
2021-12-07,16680,16950,16605,16660,47347,44941,,,,16806.0,17152.5,17302.0,18994.25,17404.903019554844,441.42857142857144,38.5989010989011,-528.3810910358661,-521.613271889227,-6.767819146639113,18254.991964399767,16349.008035600233,17302.0,1905.9839287995346,12.356296556638393,19.00353491508455,-0.9381801602539213,-91.11111111111111,-67.26539987712682,62.83373452556756,87932.75,722181,53389.6,-3946.0,-8.071675496553276,
2021-12-08,16675,16705,16080,16085,72365,53518,,,,16612.0,16946.5,17194.5,18935.916666666668,17279.19797007343,445.7142857142857,38.17934782608696,-569.6316171927392,-531.2169409499295,-38.41467624280972,18188.523720991976,16200.476279008022,17194.5,1988.0474419839538,8.325481785340283,15.444183871836461,-5.911922387652073,-99.77477477477477,-103.55617927098558,46.26716259453768,87512.95,649816,53767.25,8577.0,19.085022585167223,
2021-12-09,16085,16140,15605,15865,72514,50609,,,,16421.0,16740.0,17087.5,18876.416666666668,17144.512449114056,435.0,30.0140252454418,-613.0087346410837,-547.5752996881604,-65.43343495292334,18170.874358197572,16004.125641802428,17087.5,2166.7487163951446,10.516892345909758,13.801753363194226,3.9471703113408196,-90.35250463821892,-124.0024201512087,0.0,88126.75,577302,54561.15,-2909.0,-5.435554392914533,
2021-12-10,15800,16035,15740,15810,38960,48287,,,,16211.0,16586.5,17023.25,18817.166666666668,17017.416025388906,434.64285714285717,28.770949720670387,-644.395265580486,-566.9392928666256,-77.45597271386043,18247.948781441035,15798.551218558965,17023.25,2449.39756288207,11.322512878345727,12.975339868244728,8.016858898547724,-92.39332096474953,-103.29143227667913,0.0,85006.85,538342,54378.55,-2322.0,-4.588116738129577,
2021-12-13,15810,16165,15480,16160,59702,47438,,,,16116.0,16485.5,16975.0,18762.083333333332,16935.75735630425,460.35714285714283,30.612244897959187,-633.7220887885014,-580.2958520510008,-53.42623673750063,18257.49345950933,15692.506540490669,16975.0,2564.98691901866,20.881675252230483,15.610784996239978,31.423455764211496,-75.88652482269504,-84.1782369866254,8.59065930577052,82532.4,598044,54115.2,-849.0,-1.7582372067015961,
2021-12-14,16000,16150,15850,16025,36221,41243,,,,15989.0,16397.5,16906.0,18703.583333333332,16849.01856046575,440.0,17.384615384615387,-628.9072398627177,-590.0181296133442,-38.889110249373516,18238.597779566386,15573.402220433614,16906.0,2665.1955591327715,24.607391344624247,18.609653779034737,36.60286647580327,-80.67375886524823,-69.65119485688241,0.0,77358.05,561823,53419.85,-6195.0,-13.059150891690209,
2021-12-15,16100,16340,16100,16185,37112,37496,,,,16009.0,16310.5,16840.75,18653.666666666668,16785.77869756425,431.07142857142856,22.691705790297334,-605.2043554922311,-593.0553747891216,-12.148980703109487,18180.72358575694,15500.776414243059,16840.75,2679.9471715138807,31.373080429324865,22.864129329131444,48.390982629711715,-71.7434869739479,-49.25323546931952,18.2457279999834,74389.2,598935,52458.25,-3747.0,-9.08517809082754,
2021-12-16,16050,16180,15895,16115,68507,57274,,,,16059.0,16240.0,16798.75,18605.416666666668,16721.89501208194,403.57142857142856,27.05223880597015,-585.3208494413666,-591.5084697195706,6.187620278204008,18175.790591076995,15421.709408923003,16798.75,2754.081182153992,34.39734024375373,26.708532967338872,49.77495479658345,-66.0427807486631,-54.500023828114514,33.23720039957411,71857.3,530428,52227.25,19778.0,52.74695967569873,
2021-12-17,16210,16335,15885,15995,72259,60477,,,,16096.0,16153.5,16734.0,18541.75,16652.666915693182,415.0,27.61904761904762,-572.6449304620146,-587.7357618680594,15.0908314060448,18135.351227622075,15332.648772377926,16734.0,2802.702455244149,34.60956469764988,29.342210210775875,45.14427367139788,-69.88304093567251,-48.89958522235912,35.18588388541272,67476.85,458169,52401.65,3203.0,5.592415406641749,
2021-12-20,15995,16180,15900,15985,81709,62371,,,,16061.0,16088.5,16666.75,18463.5,16589.07959038907,410.35714285714283,30.59071729957806,-556.9855075526993,-581.5857110049874,24.600203452288042,18076.737961874704,15256.762038125296,16666.75,2819.9759237494072,36.81453973040604,31.832986717319265,46.77764575657959,-70.29411764705883,-47.49727512434213,45.402456913583855,66189.05,376460,52692.1,1894.0,3.13176910230335,
2021-12-21,16020,16200,15960,16095,62260,59547,,,,16075.0,16032.0,16592.25,18368.0,16542.024391304396,402.5,29.399141630901283,-529.5943869536313,-571.1874461947161,41.5930592410848,17954.60274433606,15229.897255663938,16592.25,2724.7054886721235,48.38023578926294,37.34873640796715,70.44323455185452,-63.8235294117647,-38.77525621416214,41.30583072481608,63469.05,438720,52681.3,-2824.0,-4.527745266229499,
2021-12-22,16120,16295,16015,16250,65689,61918,,,,16088.0,16048.5,16497.5,18272.75,16514.2125445135,390.7142857142857,37.333333333333336,-489.7341712483394,-554.8967912054408,65.16261995710136,17653.042706856144,15341.957293143858,16497.5,2311.085413712286,62.09845176648537,45.59864152747322,95.09807224450967,-50.955414012738856,-27.84686252742013,68.5835088188825,61008.35,504409,52621.4,2371.0,3.981728718491273,
2021-12-23,16350,16635,16315,16625,68446,65128,,,,16190.0,16124.5,16432.25,18185.416666666668,16524.76373075031,398.92857142857144,45.45454545454546,-423.0091114080278,-528.5192552459582,105.5101438379304,17374.99222072465,15489.507779275351,16432.25,1885.4844414492982,74.44370088905663,55.21366131466769,112.90378003783451,-27.070063694267517,7.222897660286498,100.0,59522.15,572855,52815.75,3210.0,5.184275977906272,
2021-12-24,16680,16900,16585,16880,63843,63837,,,,16367.0,16231.5,16409.0,18117.666666666668,16558.595756393137,382.14285714285717,54.68451242829828,-345.56914587607025,-491.9292333719807,146.36008749591042,17276.929174893656,15541.070825106346,16409.0,1735.8583497873096,82.32754662445046,64.25162308459528,118.47939370416083,-4.761904761904762,42.48723428345061,100.0,58744.45,636698,53086.2,-1291.0,-1.982250337796343,
2021-12-27,16890,17150,16610,16720,94914,64601,,,,16514.0,16287.5,16386.5,18056.083333333332,16573.9675891176,396.07142857142856,51.09090909090909,-293.7222310476027,-452.2878329071051,158.5656018595024,17192.48485032125,15580.51514967875,16386.5,1611.9697006424994,76.88766612908029,68.46363743275694,93.73572352172698,-25.748502994011975,52.19269704551569,90.36564810572904,60643.75,541784,53646.65,764.0,1.196798095148588,
2021-12-28,16720,16960,16655,16905,54057,62278,,,,16676.0,16375.5,16386.5,17995.833333333332,16605.494485392115,373.2142857142857,67.37288135593221,-234.99633218144663,-408.8295327619734,173.83320058052675,17192.48485032125,15580.51514967875,16386.5,1611.9697006424994,78.13591444178475,71.68772976909955,91.03228378715517,-14.67065868263473,55.931126857298246,100.0,60520.5,595841,54019.85,-2323.0,-3.5959195678085476,
2021-12-29,16905,16925,16630,16890,58180,61671,,,,16804.0,16446.0,16378.25,17949.166666666668,16632.590248688106,356.07142857142856,73.78190255220417,-187.50457287398604,-364.56454078437594,177.0599679103899,17158.3867963714,15598.1132036286,16378.25,1560.2735927428002,78.57282306659167,73.98276086826358,87.75294746324784,-15.568862275449101,56.09572137814785,100.0,61046.6,537661,54611.85,-607.0,-0.9746619994219441,
2021-12-30,16890,17210,16890,17205,69436,67119,,,,16920.0,16555.0,16397.5,17906.75,16687.105463098764,357.85714285714283,78.88198757763975,-123.03092016444862,-316.25781666039046,193.22689649594184,17240.03689595924,15554.96310404076,16397.5,1685.0737919184812,85.58798891462345,77.8511702170502,101.06162630976996,-0.28901734104046245,88.23062967129474,100.0,61295.65,607097,55328.1,5448.0,8.833973828866082,
2021-12-31,17205,17235,16970,17125,63029,63234,,,,16969.0,16668.0,16410.75,17849.833333333332,16728.809704708405,327.85714285714283,72.49417249417249,-77.49707920781293,-268.505669169875,191.00858996206205,17291.38538664451,15530.11461335549,16410.75,1761.2707732890194,87.51617561628491,81.07283868346177,100.40284948193121,-7.9422382671480145,83.09991439453562,89.6128649799579,61921.2,544068,56093.7,-3885.0,-5.788226880615022,
2022-01-04,17170,17510,16930,17230,49876,62159,,,,17071.0,16792.5,16440.5,17802.5,16776.542113783795,347.14285714285717,78.4869976359338,-32.563191515771905,-221.31717363905437,188.75398212328247,17390.5022160639,15490.497783936102,16440.5,1900.0044321277965,85.43441808086776,82.5266984825971,91.24985727740906,-17.23076923076923,86.77757974715152,99.29704936664879,61821.3,593944,56757.3,-1075.0,-1.700034791409688,
2022-01-05,17230,17425,17080,17130,48747,62758,,,,17116.0,16896.0,16464.0,17753.833333333332,16810.20476961391,349.2857142857143,72.99270072992701,-4.964696127241041,-178.0466781366917,173.08198200945066,17459.048795418174,15468.951204581826,16464.0,1990.097590836347,79.68989099393973,81.58109598637797,75.90748100906322,-23.384615384615383,78.10785323528982,88.63724600777566,61891.3,545197,57648.15,599.0,0.9636577165012206,
2022-01-06,17130,17230,16840,16905,50514,58190,,,,17119.0,16961.5,16505.0,17700.083333333332,16819.232886793536,356.42857142857144,67.87330316742081,-1.234083545034082,-142.68415921836018,141.4500756733261,17501.86878194728,15508.13121805272,16505.0,1993.7375638945596,64.65812552749135,75.94010583341577,42.09416491564252,-37.23076923076923,50.54115405932536,78.52506231770701,60798.75,494683,57881.75,-4568.0,-7.278753306351382,
2022-01-07,16905,16980,16680,16910,52629,53485,,,,17060.0,16990.0,16557.25,17646.416666666668,16827.87737376558,345.7142857142857,71.83770883054893,2.1016850996602443,-113.7269903547561,115.82867545441634,17521.901423272186,15592.598576727814,16557.25,1929.3028465443713,54.21652812943868,68.69891326542341,25.251757857469215,-37.267080745341616,33.11392428006612,85.764200477327,59804.5,547312,58025.55,-4705.0,-8.08558171507132,
2022-01-10,16860,17425,16640,17400,79436,58360,,,,17115.0,17042.0,16636.75,17590.083333333332,16882.365242930762,381.7857142857143,77.47572815533981,43.77954731302816,-82.22568282119926,126.00523013422742,17604.173463584968,15669.326536415032,16636.75,1934.846927169936,65.31101875295911,67.56961509460197,60.7938260696734,-7.096774193548387,58.326698584322294,97.1580870190579,61828.3,626748,58529.2,4875.0,9.114705057492746,
2022-01-11,17400,17920,17265,17760,93137,67620,,,,17221.0,17146.0,16716.75,17541.416666666668,16965.949505508786,411.42857142857144,79.46902654867256,104.65217956210108,-44.85011034453919,149.50228990664027,17778.22501644001,15655.274983559992,16716.75,2122.9500328800186,72.73964557690815,69.29295858870404,79.63301955331636,-8.398950131233596,95.76815577150442,100.0,63500.05,719885,59538.3,9260.0,15.86703221384509,
2022-01-12,17825,18255,17745,18145,77067,65569,,,,17424.0,17270.0,16822.75,17503.833333333332,17078.240028793665,427.85714285714283,81.01472995090016,181.86404608701923,0.4927209417724967,181.37132514524674,18009.397089824717,15636.102910175281,16822.75,2373.294179649436,79.55604854766013,72.71398857502274,93.24016849293491,-5.670103092783505,112.31958186185737,100.0,65542.35,796952,60754.6,-2051.0,-3.033126293995858,
2022-01-13,18250,18515,17500,17650,113123,63201,,,,17573.0,17346.0,16896.0,17463.416666666668,17132.693359384746,472.85714285714283,66.14173228346456,200.79796947734212,40.55377064888642,160.2441988284557,18097.659379008,15694.340620992,16896.0,2403.318758016001,70.99292125399565,72.14029946801371,68.69816482595954,-44.818652849740936,85.48132859080107,50.29713037975981,69342.9,683829,62039.85,-2368.0,-3.611462733913895,
2022-01-14,17650,17920,17420,17895,97991,54911,,,,17770.0,17415.0,16985.0,17420.5,17205.293991824296,486.07142857142856,66.0347551342812,232.888103535548,79.02063722621874,153.86746630932925,18206.608086003638,15763.391913996362,16985.0,2443.2161720072763,69.63972528044154,71.30677473882298,66.30562636367864,-32.54593175853018,66.5169452570897,49.939632085394614,70817.1,781820,61921.7,-8290.0,-13.116881062008511,
2022-01-17,17870,17920,17450,17480,89138,49995,,,,17786.0,17450.5,17059.25,17374.166666666668,17231.45646879341,481.07142857142856,61.11111111111111,222.27053787134355,107.6706173552437,114.59992051609984,18205.705751206162,15912.794248793838,17059.25,2292.911502412324,61.35981685362769,67.99112211042456,48.09720634003395,-54.90716180371353,50.98546112404397,0.0,71661.05,692682,61397.6,-4916.0,-8.952668864162005,
2022-01-18,17450,18110,17305,17970,91804,44216,,,,17828.0,17524.5,17158.5,17339.916666666668,17301.793947955943,516.7857142857143,64.29530201342283,250.50725379971846,136.23794464413868,114.26930915557978,18256.02400765014,16060.97599234986,17158.5,2195.048015300279,64.55098901352957,66.84441107812623,59.964144884336264,-28.912466843501328,61.92875330612224,15.998050042770346,72165.8,784486,60489.85,-5779.0,-11.559155915591557,
2022-01-19,17860,17900,17520,17765,87506,36229,,,,17752.0,17588.0,17242.0,17298.166666666668,17345.908810055378,527.8571428571429,61.1749680715198,253.42197706212028,159.67475112773502,93.74722593438526,18249.239061154694,16234.760938845306,17242.0,2014.4781223093887,63.03399267568638,65.57427161064628,57.95343480576659,-40.0,52.33242270232134,0.32083090478519866,73428.1,696980,59323.95,-7987.0,-18.06359688800434,
2022-01-20,17750,19065,17750,18820,95206,31764,,,,17986.0,17779.5,17370.5,17284.666666666668,17486.29844719296,598.9285714285714,67.34693877551021,336.9771365746892,195.13522821712587,141.84190835756334,18493.915375212197,16247.084624787803,17370.5,2246.830750424393,71.98829752262253,67.71228024797169,80.54033207192421,-10.103092783505154,116.47111721584488,31.330119987693617,74903.95,792186,57816.25,-4465.0,-12.324381020729247,
2022-01-21,18600,18795,18230,18500,180311,78557,,,,18107.0,17938.5,17464.25,17271.416666666668,17582.8414522222,622.1428571428571,64.04494382022472,373.0733198215785,230.7228465380164,142.35047328356208,18637.55067488441,16290.94932511559,17464.25,2346.601349768818,70.86256871878538,68.76237640490959,75.06295334653697,-23.298969072164947,98.29196704716804,14.740197411983312,80497.2,611875,58487.7,46793.0,147.31456995340636,
2022-01-24,18440,18705,17635,17740,210740,74336,,,,18159.0,17972.5,17507.25,17249.083333333332,17597.808932962944,657.1428571428571,54.5945945945946,336.47547684040546,251.87337259849423,84.60210424191123,18653.10970942529,16361.390290574709,17507.25,2291.719418850582,55.48034884282662,64.33503388421526,37.77097876004933,-54.63917525773196,49.58611515091705,0.0,87842.05,401135,59012.65,-4221.0,-5.373168527311378,
2022-01-25,17575,17705,16920,17080,254684,70669,,,,17981.0,17904.5,17525.25,17219.416666666668,17548.493796490282,691.0714285714286,49.59083469721767,251.31790211908447,251.7622785026123,-0.4443763835278389,18629.597747481934,16420.902252518066,17525.25,2208.6954949638675,39.47330171495357,56.0477898277947,6.324325489271303,-81.85567010309278,-25.492176395458845,0.0,95830.55,146451,59316.05,-3667.0,-4.933006887645286,
2022-01-26,17180,17455,17140,17265,167258,63537,,,,17881.0,17816.5,17543.25,17195.833333333332,17521.494387300732,690.0,52.96540362438221,196.49281762666214,240.7083863274223,-44.215568700760144,18616.323671871207,16470.176328128793,17543.25,2146.147343742414,31.676839837941074,47.924139831176824,-0.8177601485304251,-74.22680412371135,-23.634809476989382,10.738862575507987,101490.6,313709,59379.0,-7132.0,-10.092119599824533,
2022-01-27,17360,17535,17150,17225,77778,65721,,,,17562.0,17774.0,17560.0,17173.5,17493.256826605422,696.0714285714286,52.57985257985258,148.1085740200433,222.1884238659465,-74.0798498459032,18600.091089128357,16519.908910871643,17560.0,2080.182178256713,25.85759796499879,40.56862587578415,-3.5644578565719343,-75.87628865979381,-25.65395605976257,9.5119266994267,102470.5,235931,59581.5,2184.0,3.4373672033618297,
2022-01-28,17390,17680,17165,17440,62219,58908,,,,17350.0,17728.5,17571.75,17162.0,17488.184747881096,676.7857142857143,50.34305317324185,125.66384100608411,202.88350729397405,-77.21966628788994,18600.199394911942,16543.300605088058,17571.75,2056.8987898238847,25.319206724140606,35.48548615856964,4.986647855282541,-75.75757575757575,-14.73227511956078,2.393778587764434,102109.65,298150,59170.95,-6813.0,-10.36654950472452,
2022-02-07,17700,18120,17440,17875,45476,59676,,,,17377.0,17768.0,17609.25,17157.083333333332,17525.024295701944,678.5714285714286,50.97375105842506,141.3477243597481,190.57635070712888,-49.22862634738078,18623.710058615576,16594.789941384424,17609.25,2028.9201172311514,31.720185990141907,34.23038610242706,26.69978576557159,-55.47785547785548,22.5805543927782,4.400843211967253,101232.0,343626,58993.05,768.0,1.3037278468119862,
2022-02-08,17875,18195,17750,18105,47773,59522,,,,17582.0,17781.5,17653.0,17155.25,17580.260077063664,673.9285714285714,49.65217391304348,170.37244522817855,186.53556961133881,-16.163124383160266,18674.043841524835,16631.956158475165,17653.0,2042.0876830496709,39.56170907501301,36.00749375995571,46.670139705127625,-44.75524475524475,40.46304769338858,0.3454542480452852,101126.85,391399,58861.2,-154.0,-0.2580601917018588,
2022-02-09,18105,18380,17795,18210,61563,58304,,,,17771.0,17826.0,17707.0,17157.666666666668,17640.235307819505,643.2142857142857,55.223880597014926,199.54711319941998,189.13787832895508,10.4092348704649,18725.8145846496,16688.1854153504,17707.0,2037.6291692992017,49.30780605000867,40.440931189973355,67.0415557700793,-39.86013986013986,47.528333259792035,31.724560044023676,101767.65,452962,58638.5,-1218.0,-2.046302207587114,
2022-02-10,18230,18485,18135,18385,45377,56712,,,,18003.0,17782.5,17781.0,17160.166666666668,17711.165278503362,632.5,54.63137996219282,234.09083182988616,198.12846902914129,35.96236280074487,18769.074150211305,16792.925849788695,17781.0,1976.1483004226102,60.22948041055667,47.037114263501124,86.61421270466775,-31.7016317016317,63.83288389022409,28.38767582544973,101510.8,498339,58564.6,-1592.0,-2.7305159165751935,
2022-02-11,18465,18605,18150,18300,63664,57542,,,,18175.0,17762.5,17850.5,17165.083333333332,17767.244775788757,631.4285714285714,58.266129032258064,251.7066702801967,208.84410927935238,42.86256100084432,18774.05092755596,16926.94907244404,17850.5,1847.1018551119196,67.45269020446607,53.842306243822776,94.67345812575263,-35.66433566433567,62.077230932454114,48.85809576688754,102062.55,434675,58767.45,830.0,1.463535054309495,
2022-02-14,18450,18950,18150,18790,68664,54404,,,,18358.0,17867.5,17920.0,17193.333333333332,17864.650035237446,631.0714285714286,58.266129032258064,301.7281201169899,227.4209114468799,74.30720867010999,18907.777942230892,16932.222057769108,17920.0,1975.5558844617844,75.35520046780242,61.01327098514932,104.0390594331086,-12.820512820512821,85.4711884737065,48.85809576688754,101523.95,503339,58569.65,-3138.0,-5.453407945500677,
2022-02-15,18790,18935,18470,18795,66505,53848,,,,18496.0,18039.0,17971.75,17221.166666666668,17953.254793786262,632.1428571428571,60.819327731092436,337.8790780219788,249.51254476189968,88.36653326007911,19030.156324323707,16913.343675676293,17971.75,2116.812648647414,80.69976327483124,67.57543508170997,106.94841966107379,-12.587412587412587,84.55908857601842,63.23736887531534,100192.35,569844,57881.05,-556.0,-1.021983677670757,
2022-02-16,18945,19355,18800,19295,66816,51335,,,,18713.0,18242.0,18029.25,17252.666666666668,18081.040051520904,578.2142857142857,55.648038049940546,402.238044152411,280.05764464000197,122.18039951240905,19241.113614872826,16817.386385127174,18029.25,2423.727229745651,86.21993350742174,73.79026789028056,111.07926474170412,-2.4640657084188913,107.1747164216622,41.90644543482406,99679.8,636660,57169.35,-2513.0,-4.666839994057348,
2022-02-17,19295,19380,18720,18720,52193,45567,,,,18780.0,18391.5,18082.75,17273.166666666668,18141.893379947483,583.2142857142857,52.46636771300448,402.20888036112956,304.4878917842275,97.72098857690207,19318.359693952534,16847.140306047466,18082.75,2471.2193879050683,79.47308281938082,75.68453953331398,87.05016939151452,-26.829268292682926,76.94153031480359,25.609251456199278,96633.3,584467,56287.65,-5768.0,-11.235998831206784,
2022-02-18,18725,18980,18640,18870,43440,40180,,,,18894.0,18534.5,18131.5,17305.083333333332,18211.236867571533,531.0714285714286,64.67532467532467,409.56826621854634,325.5039666710913,84.06429954745505,19412.038949036694,16850.961050963306,18131.5,2561.0778980733885,75.88594069349314,75.7516732533737,76.15447557373204,-20.73170731707317,60.439597867635115,100.0,93905.75,627907,55551.1,-5387.0,-11.822151995961994,
2022-02-21,18845,19000,18430,18760,130487,57062,,,,18888.0,18623.0,18195.5,17329.583333333332,18263.500023040913,513.2142857142857,75.45454545454545,401.8917934148885,340.7815320198508,61.11026139503775,19466.851953423473,16924.148046576527,18195.5,2542.7039068469458,70.88505404802802,74.1294668515918,64.39622844090047,-27.678571428571427,46.9852280355854,100.0,95973.2,497420,55904.45,16882.0,42.015928322548525,
2022-02-22,18760,18945,18525,18785,113055,63682,,,,18886.0,18691.0,18236.25,17353.833333333332,18313.166687513207,516.4285714285714,74.20382165605096,393.2918014072966,351.28358589734,42.008215509956585,19529.230542858448,16943.269457141552,18236.25,2585.9610857168955,64.65964781247384,70.97286050521915,52.0332224269832,-26.681614349775785,44.29714018977458,95.15267890595732,97035.75,610475,56877.75,6620.0,11.601416003645149,
2022-02-23,18785,18815,18065,18245,134614,62011,,,,18676.0,18694.5,18260.25,17364.833333333332,18306.674622035756,542.5,64.01098901098901,338.99503500353967,348.82587571857994,-9.830840715040267,19534.077531083924,16986.422468916076,18260.25,2547.655062167847,47.669169517568115,63.20496350933547,16.597581534033395,-51.24153498871332,10.179407466225348,55.64920679810385,99391.15,475861,58166.85,-1671.0,-2.623975377657739,
2022-02-24,18310,18580,18175,18370,113995,60598,,,,18606.0,18693.0,18237.75,17368.583333333332,18312.705610413304,534.6428571428571,63.098591549295776,302.5631520945717,339.5733309937783,-37.01017889920661,19485.57958941136,16989.92041058864,18237.75,2495.6591788227233,39.51075179498204,55.30689293788433,7.91846950917747,-52.06185567010309,10.965336628961117,52.11310756697046,100330.6,589856,59608.55,-1413.0,-2.27862798535744,
2022-02-25,18550,18615,17635,17850,142405,59123,,,,18402.0,18648.0,18205.25,17367.25,18268.63840942156,556.0714285714286,49.65612104539202,229.09015947820444,317.4766966906636,-88.38653721245913,19458.168592726597,16952.331407273403,18205.25,2505.8371854531943,30.447473498469403,47.02041979141269,-2.6984190874171787,-87.67908309455588,-16.383453304065227,0.01529755643660176,98435.3,447451,58636.85,-1475.0,-2.43407373180633,
2022-02-28,17770,17925,17470,17515,98744,56892,,,,18153.0,18520.5,18194.0,17370.083333333332,18196.863322809982,556.7857142857143,42.112299465240646,142.1914882320125,282.41965499893337,-140.22816676692088,19468.365063782538,16919.634936217462,18194.0,2548.7301275650752,21.083655979782396,38.3748318542026,-13.498695769058003,-97.64397905759162,-47.76449596253641,0.0,92835.5,348707,57764.65,-2231.0,-3.773489166652577,
2022-03-01,17500,17835,17455,17555,84519,53872,,,,17907.0,18396.5,18217.75,17376.5,18135.733482542368,542.1428571428571,41.08843537414967,75.67895106497599,241.07151421214192,-165.39256314716593,19420.385154895062,17015.114845104938,18217.75,2405.270309790125,15.787372384789997,30.84567869773173,-14.329240241093473,-94.8051948051948,-53.64190211182413,0.0,84327.25,433226,56924.8,-3020.0,-5.308303452154961,
2022-03-02,17560,17795,17495,17595,96960,56102,,,,17777.0,18226.5,18234.25,17388.0,18084.235055633573,538.5714285714286,38.84180790960452,25.8964338991791,198.03649814954937,-172.14006425037027,19389.987518005848,17078.512481994152,18234.25,2311.475036011696,13.545411147573052,25.07892284767884,-9.52161225263852,-92.72727272727273,-56.475307811242295,0.0,80812.35,530186,56553.05,2230.0,4.139441639441643,
2022-03-03,17795,18505,17625,18490,132938,49614,,,,17801.0,18203.5,18297.5,17411.916666666668,18122.879336049424,571.0714285714286,52.183908045977006,57.99393259949284,170.02798503953807,-112.03405244004523,19354.957228200594,17240.042771799406,18297.5,2114.9144564011876,31.36037118576067,27.172738960372783,39.73563563653644,-46.23376623376623,-7.944283784098245,36.44114324965594,83570.35,663124,55747.7,-6488.0,-11.564650101600659,
2022-03-04,18655,18880,18490,18775,120578,48918,,,,17986.0,18194.0,18364.25,17444.5,18184.986065949477,541.7857142857143,49.819059107358264,105.21568875957018,157.0655257835445,-51.84983702397432,19360.570995621285,17367.929004378715,18364.25,1992.64199124257,50.43711546612232,34.92753112895596,81.45628414045504,-31.428571428571427,39.68732093785671,29.982055245881376,86488.3,783702,55248.2,-696.0,-1.4028298464143218,
2022-03-07,18910,20685,18765,20560,196169,48114,,,,18595.0,18374.0,18498.5,17506.166666666668,18411.177869192383,645.7142857142857,64.89451476793249,283.4069143692068,182.33380350067696,101.07311086852982,19870.137899124908,17126.862100875092,18498.5,2743.275798249815,65.66808729733232,45.17438318508141,106.65549552183415,-3.869969040247678,134.82568958187022,71.15749491921802,94022.95,979871,54670.1,-804.0,-1.643566785232431,
2022-03-08,21000,22125,20650,22125,378854,45363,,,,19509.0,18708.0,18699.5,17597.666666666668,18764.875214983585,717.5,70.24320457796853,544.6290208796745,254.79284697647648,289.836173903198,20808.390703663896,16590.609296336104,18699.5,4217.781407327791,77.11205819822155,55.82027485612812,119.6956248824084,-0.0,165.94195064085915,85.76631733647292,110577.0,1358725,53962.15,-2751.0,-5.717670532485353,
2022-03-09,22000,24785,20520,21070,618628,39661,,,,20204.0,18990.5,18842.5,17671.166666666668,18984.410908794674,975.0,65.72958500669344,658.9240727510696,335.6190921313951,323.3049806196745,21186.40250381035,16498.59749618965,18842.5,4687.8050076207,67.84732938544465,59.829293032566966,83.88340209120003,-50.682128240109144,138.97949044133102,73.43831382202725,138430.25,740097,53030.0,-5702.0,-12.569715406829351,
2022-03-10,20030,20495,19700,19700,61828,39360,,,,20446.0,19123.5,18908.25,17731.416666666668,19052.56225081423,1048.5714285714287,54.77560414269275,631.67462253349,394.83019821181415,236.8444243216759,21271.809481175085,16544.690518824915,18908.25,4727.1189623501705,55.44073891726324,58.366441660799055,49.5893334301916,-69.3724420190996,43.437374304964635,43.51981660352499,139252.8,678269,52162.4,-301.0,-0.7589319482615209,
2022-03-11,19000,19680,18605,19235,171638,37280,,,,20538.0,19262.0,18955.0,17787.583333333332,19069.93727454621,1086.0714285714287,52.62576008844666,566.0327498840088,429.07070854625306,136.96204133775575,21304.85105910992,16605.14894089008,18955.0,4699.702118219837,45.055081060803964,53.92932146080069,27.306600260810512,-75.7162346521146,8.823158680794874,38.97954533267298,144651.5,506631,51149.3,-2080.0,-5.284552845528456,
2022-03-14,19335,20015,19100,19335,155599,39306,,,,20293.0,19444.0,18982.25,17846.333333333332,19095.181343637047,1121.4285714285713,53.01535087719298,516.1306245901542,446.48269175503333,69.64793283512086,21336.680258492543,16627.819741507457,18982.25,4708.860516985085,38.450072330430814,48.7695717506774,17.81107348993764,-74.35197817189632,19.965086163451396,45.13666419770396,148998.25,662230,50394.4,2026.0,5.434549356223184,
2022-03-15,19285,20080,19205,19810,114026,39544,,,,19830.0,19669.5,19033.0,17907.166666666668,19163.25931090971,1130.357142857143,58.641634456101606,509.04342529052155,458.99483846213104,50.04858682839051,21414.04223088612,16651.95776911388,19033.0,4762.08446177224,35.80563481246598,44.448259437940266,18.520385561517415,-67.87175989085948,26.751304949708928,63.05396780788683,151374.3,776256,49679.2,238.0,0.6055055207856208,
2022-03-16,19810,20990,19635,20740,111573,40937,,,,19764.0,19984.0,19105.25,17985.75,19313.42509082307,1198.2142857142858,62.01825557809331,571.8777457789511,481.5714199254951,90.30632585345597,21604.524578963392,16605.975421036608,19105.25,4998.549157926784,35.784640841352754,41.5603865724111,24.233149379236067,-55.18417462482947,53.64437594253624,73.80705996379577,153612.15,887829,49159.3,1393.0,3.522658304673265,
2022-03-17,20490,20500,19600,19805,114577,41424,,,,19785.0,20115.5,19159.5,18046.083333333332,19360.241748839922,1209.642857142857,59.51338199513382,540.0028943578764,493.25771481197137,46.74517954590499,21670.639183717223,16648.360816282777,19159.5,5022.278367434446,30.328919136953616,37.81656409392527,15.353629223010302,-67.9399727148704,31.703313461967088,65.83011037326027,156731.35,773252,48952.15,487.0,1.1896328504775733,
2022-03-18,19500,20090,19500,20035,67279,36396,,,,19945.0,20241.5,19217.75,18111.416666666668,19424.504439426597,1219.2857142857142,62.38938053097345,527.2234193771728,500.0508557250117,27.17256365216116,21754.530958533658,16680.969041466342,19217.75,5073.561917067316,27.932332283319674,34.52182015705674,14.75335653584554,-64.80218281036835,25.781868661283543,74.98893399570478,157923.3,840531,48762.95,-5028.0,-12.137891077636153,
2022-03-21,20035,20335,19680,19780,74534,38840,,,,20034.0,20163.5,19268.75,18174.5,19458.361159481206,1238.9285714285713,60.712566201251796,490.860885766906,498.2128617333906,-7.351975966484588,21807.794318760818,16729.705681239182,19268.75,5078.088637521636,24.95920318348604,31.334281165866507,12.209047218725104,-68.6556927297668,25.567834728171256,69.64899849082646,155125.65,765997,47851.85,2444.0,6.715023628970207,
2022-03-22,19655,20095,19530,19810,53276,33656,,,,20034.0,19932.0,19320.0,18238.25,19491.85057286395,1257.857142857143,60.674698795180724,459.1710274025427,490.40449486722105,-31.23346746467837,21859.309893818023,16780.690106181977,19320.0,5078.619787636046,33.48083846054904,32.04980026409402,36.34291485345908,-69.48324022346368,18.772708495763275,53.15101042265589,152136.7,819273,46350.55,-5184.0,-13.347064881565396,
2022-03-23,19900,20595,19865,20415,72936,38198,,,,19969.0,19866.5,19428.5,18310.25,19579.769565924526,1248.9285714285713,59.54387704511651,477.372180793398,487.7980320524565,-10.425851259058504,21959.83644751667,16897.16355248333,19428.5,5062.672895033342,47.61755408201522,37.239051536734415,68.37455917257684,-69.42017474185862,34.02251896001711,47.61431978513848,149052.8,892209,45159.9,4542.0,13.495364868077008,
2022-03-24,21000,22345,20955,21680,145947,38917,,,,20344.0,20064.5,19594.0,18400.75,19779.79151202695,1358.9285714285713,63.12697695436059,587.1038858056854,507.65920280310235,79.44468300258308,22263.020320957527,16924.979679042473,19594.0,5338.040641915053,58.24734730275077,44.241816792073195,86.25840832410591,-50.24271844660194,77.51788392189948,59.606924671507414,150650.4,1038156,44075.85,719.0,1.8822975024870514,
2022-03-25,22305,23050,20360,21110,236801,38868,,,,20559.0,20252.0,19757.0,18475.5,19906.478034691052,1413.9285714285713,52.79187817258883,620.91529131895,530.310420506272,90.60487081267809,22375.266602162585,17138.733397837415,19757.0,5236.533204325169,55.346519354846414,47.9433843129976,70.15278943854405,-59.46601941747573,64.65793529719032,0.9429181641013252,155370.2,801355,43063.1,-49.0,-0.12590898579026844,
2022-03-28,20500,21090,19830,20245,105654,26762,,,,20652.0,20343.0,19893.5,18531.583333333332,19938.71822186333,1393.5714285714287,39.72677595628415,571.3269020051957,538.5137168060568,32.81318519913896,22295.328470145192,17491.671529854808,19893.5,4803.656940290384,43.89298473421686,46.59325112007069,38.49245196250919,-73.46278317152104,19.240611817456177,0.0,155715.7,695701,41556.6,-12106.0,-31.146444375836168,
2022-03-29,20250,20430,19975,20270,98523,60692,,,,20744.0,20389.0,20029.25,18590.75,19970.26886740016,1121.4285714285713,45.07389162561576,527.9590539445016,536.4027842337458,-8.443730289244172,22166.947420861496,17891.552579138504,20029.25,4275.394841722991,36.49203677116805,43.22617967043648,23.023750972631206,-62.542182227221595,8.306645972622187,22.850725383816805,156415.9,794224,41897.6,33930.0,126.78424631940813,
2022-03-30,20100,20730,19885,20730,111937,60661,,,,20807.0,20388.0,20186.0,18654.5,20042.624213362047,1083.9285714285713,57.14285714285714,524.6599245072684,534.0542122884503,-9.394287781181902,22008.68627666911,18363.31372333089,20186.0,3645.3725533382167,35.877320288759925,40.7765598765443,26.078841113191174,-52.19347581552306,13.784632139636713,74.42705807529019,157164.75,906161,42125.55,-31.0,-0.051077572002899974,
2022-03-31,20725,20815,20060,20185,112932,63076,,,,20508.0,20426.0,20270.75,18709.416666666668,20056.183812089468,1059.642857142857,56.515775034293554,472.6203225321442,521.7674343371891,-49.147111805044915,21909.76856063477,18631.73143936523,20270.75,3278.037121269539,30.120865040991468,37.224661598026685,15.913271926921027,-72.53164556962025,3.9256488969402654,71.74724302320952,156164.45,793229,42798.65,2415.0,3.9811410955968407,
2022-04-01,20315,20475,20030,20280,69020,50905,,,,20342.0,20450.5,20346.0,18760.666666666668,20077.49963950952,1026.0714285714287,56.48592999313659,434.0409155997004,504.22213058969135,-70.18121498999096,21826.389706871312,18865.610293128688,20346.0,2960.7794137426245,27.18284942126704,33.87739087244014,13.793766518920847,-72.04161248374513,-6.489698676292736,71.61970120782331,153586.55,862249,42898.0,-12171.0,-19.29577018200266,
2022-04-06,20600,20830,20210,20830,50597,52071,,,,20459.0,20555.5,20359.5,18822.416666666668,20149.16634050861,1007.8571428571429,56.92934782608695,442.7431931814099,491.92634310803504,-49.18314992662516,21852.97316857825,18866.02683142175,20359.5,2986.9463371565,28.47386648788403,32.0762160775881,21.269167308475886,-62.53521126760563,14.756231952787074,73.51463293506282,146307.95,912846,43095.85,1166.0,2.290541204203911,
2022-04-07,20830,20960,20310,20365,72779,50341,,,,20478.0,20611.0,20271.5,18874.666666666668,20169.721927126837,957.5,47.2806381435823,407.4216933587413,475.0254131581763,-67.603719799435,21513.13347418251,19029.86652581749,20271.5,2483.266948365017,24.520879936022066,29.55777069706609,14.447098413934015,-75.63380281690141,14.22814659061802,32.281185054432214,131004.2,840067,43344.75,-1730.0,-3.3223867411803165,
2022-04-08,20365,20480,19930,20025,69056,49176,,,,20337.0,20572.0,20219.25,18922.916666666668,20155.938886448093,915.3571428571429,51.746031746031754,347.9826642286316,449.6168633722674,-101.63419914363578,21406.144554798586,19032.355445201414,20219.25,2373.789109597172,18.36588683105405,25.827142741728743,3.44337500970466,-85.21126760563381,-8.12479774342195,51.36389978332074,103525.6,771011,43820.5,-1165.0,-2.3142170397886463,
2022-04-11,19965,19965,19120,19330,99057,58626,,,,20166.0,20337.0,20200.75,18963.333333333332,20077.278040119705,937.8571428571429,44.78935698447893,242.00641446311784,408.0947735904375,-166.08835912731968,21432.412440939504,18969.087559060496,20200.75,2463.324881879009,15.79722404642182,22.48383650995977,2.423999119345922,-94.65648854961832,-61.01571792415592,21.634775823553547,105387.05,671954,44783.8,9450.0,19.21669106881405,
2022-04-12,19140,19670,19110,19555,69632,50193,,,,20021.0,20181.5,20216.75,19007.416666666668,20027.537274394017,931.0714285714286,48.329621380846326,174.16739923984642,361.3092987203193,-187.1418994804729,21403.06794353702,19030.43205646298,20216.75,2372.635887074037,18.54950071563256,21.17239124518403,13.303719656529623,-88.70558375634518,-66.70120074034179,36.76398089601604,100286.75,741586,45429.45,-8433.0,-14.384402824685294,
2022-04-13,19555,20000,19410,19805,78892,52467,,,,19816.0,20137.5,20240.25,19047.5,20006.343248261255,932.8571428571429,49.96405463695183,138.97537991403806,316.84251495906307,-177.867135045025,21370.310431546637,19110.189568453363,20240.25,2260.1208630932742,24.88885633294423,22.411212941104097,29.844143116624494,-82.36040609137056,-43.92112013133606,43.748678404553914,96451.4,820478,46087.5,2274.0,4.530512222819905,
2022-04-14,19815,19925,19590,19830,57188,46361,,,,19709.0,20093.5,20241.25,19082.0,19989.548653188755,900.7142857142857,45.411764705882355,111.81382198169013,275.8367763635885,-164.0229543818984,21369.741657502454,19112.758342497546,20241.25,2256.983315004909,29.565543861602457,24.79598991460355,39.104651755600266,-81.7258883248731,-40.781901290259306,24.29461503371499,93609.5,877666,46428.35,-6106.0,-11.637791373625328,
2022-04-15,19865,19995,19650,19835,60885,46305,,,,19671.0,20004.0,20196.0,19110.166666666668,19974.829733837443,787.5,31.964809384164226,89.65802790954695,238.60102667278022,-148.94299876323328,21312.802767301655,19079.197232698345,20196.0,2233.60553460331,32.7734256374647,27.455135155557265,43.41000660127956,-81.5989847715736,-33.767574919427545,0.0,91075.1,938551,46696.75,-56.0,-0.12079118224369578,
2022-04-18,19860,19910,19420,19505,68301,48487,,,,19706.0,19936.0,20181.0,19141.083333333332,19930.08404490054,630.3571428571429,33.53846153846155,44.95296955776212,199.87141524977662,-154.9184456920145,21327.57659784981,19034.42340215019,20181.0,2293.1531956996187,28.966067542093583,27.958779284402706,30.980644057475338,-80.05050505050505,-49.75386101810733,6.250095993856416,88761.3,870250,47049.9,2182.0,4.712234099989199,
2022-04-19,19505,20750,19505,20265,118363,50778,,,,19848.0,19934.5,20192.5,19180.583333333332,19961.980802529062,627.8571428571429,50.20964360587003,70.04213501368213,173.90555920255773,-103.8634241888756,21337.523557560464,19047.476442439536,20192.5,2290.0471151209276,40.121522505539865,32.013027024781756,56.338513467056075,-37.567567567567565,-3.3134592676420858,72.46326004527747,91315.5,988613,47769.0,2291.0,4.724977829108834,
2022-04-20,20265,20315,19860,19890,77816,40232,,,,19865.0,19840.5,20198.0,19220.75,19955.125488002486,627.8571428571429,46.2890625,58.986157692663255,150.92167890057885,-91.9355212079156,21335.714236621185,19060.285763378815,20198.0,2275.4284732423694,42.601340206945274,35.54246475216959,56.71909111649663,-57.83783783783784,-16.751301191638376,56.89183392262895,91479.6,910797,47838.6,-10546.0,-20.768836897869157,
2022-04-21,19840,20075,19745,19965,51934,36921,,,,19892.0,19800.5,20205.75,19254.0,19956.065917716536,591.0714285714286,41.92185850052798,55.634766256618605,131.86429637178682,-76.22953011516822,21334.411410232213,19077.088589767787,20205.75,2257.3228204644256,45.778942251784656,38.954623918707945,59.42757891793808,-53.78378378378378,-25.439316361836724,39.88477151110862,91412.5,962731,48001.85,-3311.0,-8.22976734937363,
2022-04-22,19970,20365,19900,20040,54229,31281,,,,19933.0,19802.0,20187.0,19291.916666666668,19964.05963983877,570.3571428571429,48.30011723329425,58.35792377816324,117.16302185306212,-58.80509807489888,21313.482181511612,19060.517818488388,20187.0,2252.964363023224,49.42173385891335,42.44366056544308,63.37788044585389,-49.729729729729726,-9.613041273202056,65.43404712701712,90477.15,1016960,47656.0,-5640.0,-15.275859267083769,
2022-04-25,20140,20140,19020,19060,51943,25502,,,,19844.0,19775.0,20056.0,19295.916666666668,19877.95872175889,618.5714285714286,38.15533980582525,-18.350233990175184,90.06037068441466,-108.41060467458985,21053.41033101781,19058.58966898219,20056.0,1994.8206620356214,33.71853548205014,39.535285537645436,22.085035370859558,-97.9381443298969,-70.06240349822724,24.797295716332258,85776.95,965017,46985.25,-5779.0,-18.474473322464114,
2022-04-26,19105,19450,18720,19225,89271,62729,,,,19636.0,19742.0,19961.75,19308.0,19815.772176829472,626.4285714285714,33.15844700944386,-65.07770535864256,59.03275547580322,-124.11046083444577,20893.913725171882,19029.586274828118,19961.75,1864.3274503437642,30.77130608491356,36.61395905340148,19.086000147937725,-77.45535714285714,-101.46370752888919,6.034195478134976,78400.45,1054288,48178.3,37227.0,145.97678613442082,
2022-04-27,19220,19580,19120,19550,72964,59035,,,,19568.0,19716.5,19927.0,19338.166666666668,19790.460540940952,612.8571428571429,41.18918918918919,-75.01999540107863,32.22220530042685,-107.24220070150548,20866.492584212072,18987.507415787928,19927.0,1878.985168424144,34.14310389240543,35.7903406664028,30.84863034441068,-59.11330049261084,-60.67342711136857,46.632000976880484,76765.95,1127252,49791.95,-3694.0,-5.888823351241057,
2022-04-28,19550,19685,19320,19450,63574,62320,,,,19465.0,19678.5,19886.0,19377.666666666668,19758.035727518007,599.6428571428571,43.443557582668184,-89.93181813630872,7.7914006130797375,-97.72321874938845,20833.99844547952,18938.00155452048,19886.0,1895.9968909590389,34.74893297260526,35.44320476847029,33.360389380875205,-64.03940886699507,-47.68668763013321,62.91505890937469,75018.5,1063678,49873.35,3285.0,5.564495638180733,
2022-04-29,19380,19475,19000,19360,74980,61555,,,,19329.0,19631.0,19817.5,19412.583333333332,19720.127562992482,568.9285714285714,50.3968253968254,-107.7694932919876,-15.320778167933732,-92.44871512405388,20704.75775048149,18930.24224951851,19817.5,1774.5155009629816,33.674986513756544,34.85379868356571,31.31736217413821,-68.47290640394088,-64.81497973198687,100.0,73170.65,988698,49918.05,-765.0,-1.2275353016688029,
2022-05-05,19280,19590,19155,19500,41436,53236,,,,19417.0,19630.5,19783.25,19450.5,19699.163033183675,560.0,49.255751014884986,-109.34864626817944,-34.12635178798288,-75.22229448019655,20663.634335927993,18902.865664072007,19783.25,1760.7686718559853,38.25546213379109,35.987686500307504,42.79101340075826,-61.576354679802954,-44.364919955076004,93.80928064973145,69595.85,1030134,49426.05,-8319.0,-13.51474291284217,
2022-05-06,19500,19500,18750,18750,82194,66429,,,,19322.0,19479.0,19706.75,19472.333333333332,19608.76655383285,571.4285714285714,37.42550655542312,-169.16879579348097,-61.1348405890825,-108.03395520439847,20667.606388853193,18745.893611146807,19706.75,1921.712777706387,26.111544158089707,32.69563905290157,12.943354368465975,-98.52216748768473,-82.13991993217861,29.626152491989345,70254.55,947940,50202.25,13193.0,24.782102336764588,
2022-05-09,18750,19460,18750,19320,100535,60565,,,,19276.0,19422.0,19631.25,19496.416666666668,19581.26497727734,598.2142857142857,44.620253164556964,-168.63849931565346,-82.6355723343967,-86.00292698125676,20446.79550681382,18815.70449318618,19631.25,1631.0910136276434,29.565750816639337,31.652342974147494,25.392566501623023,-70.44334975369458,-59.01881535005313,68.66011711198362,72751.45,1048475,50626.95,-5864.0,-8.827469930301524,
2022-05-10,18720,19030,18500,18840,101283,58262,,,,19154.0,19309.5,19555.0,19508.666666666668,19510.668312774735,632.1428571428571,40.46021093000959,-204.59181689780598,-107.02682124707856,-97.56499565072743,20366.846498324718,18743.153501675282,19555.0,1623.6929966494354,26.621069650117285,29.975251866137427,19.912705218077008,-84.88888888888889,-99.09412625515259,42.35760322972493,74176.65,947192,51023.0,-2303.0,-3.8025262115082947,
2022-05-11,18840,19195,18640,19055,75653,56714,,,,19093.0,19211.0,19506.5,19522.75,19467.271330605712,636.7857142857143,45.588235294117645,-213.27784273113866,-128.27702554389057,-85.00081718724809,20316.016424852063,18696.983575147937,19506.5,1619.0328497041264,33.35919411273642,31.103232615003755,37.871117108201744,-75.33333333333333,-69.9295252955366,72.10532223711,74506.5,1022845,51399.9,-1548.0,-2.656963372352472,
2022-05-12,19100,19250,18770,18865,77565,55617,,,,18966.0,19191.5,19483.25,19530.75,19409.91215626231,582.1428571428571,34.54746136865343,-232.80931205661545,-149.18348284643554,-83.62582921017992,20339.473501318746,18627.026498681254,19483.25,1712.447002637491,32.506691996395304,31.571052408800938,34.377971171584036,-80.42895442359249,-63.79888888390077,8.057685752079351,73431.9,945280,51249.45,-1097.0,-1.934266671368623,
2022-05-13,18830,19050,18600,18830,79860,57096,,,,18982.0,19152.0,19447.0,19539.583333333332,19354.68242709447,581.7857142857143,37.350835322195714,-248.25067050755388,-168.9969203786592,-79.25375012889467,20350.515939334542,18543.484060665458,19447.0,1807.031878669084,30.9538284195378,31.36531107904656,30.13086310052028,-82.30563002680965,-72.02701507993649,24.320085210687065,73943.3,865420,51594.6,1479.0,2.6592588597011746,
2022-05-16,18800,19250,18620,19175,80578,53584,,,,18953.0,19114.5,19415.5,19546.0,19337.56981499024,603.2142857142857,41.143497757847534,-229.99816592629577,-181.19716948818655,-48.80099643810922,20310.350178580342,18520.649821419658,19415.5,1789.7003571606838,41.278087447887586,34.66956986866023,54.49512260634229,-63.806970509383376,-45.635416028437575,46.32135673648233,74027.6,945998,51650.45,-3512.0,-6.151043855961891,
2022-05-17,18975,19140,18650,18765,79309,54736,,,,18938.0,19046.0,19362.25,19545.5,19283.03935641974,607.5,36.70490093847757,-245.78326158569325,-194.1143879076879,-51.668873678005355,20279.709163009164,18444.790836990836,19362.25,1834.9183260183272,35.62270050042659,34.98728007924902,36.89354134278173,-83.84146341463415,-57.84367898222625,20.57301359407279,75133.65,866689,52069.2,1152.0,2.1498954911914003,
2022-05-18,18785,18830,18325,18360,75689,63392,,,,18799.0,18946.0,19288.5,19529.916666666668,19195.130846284526,563.5714285714286,41.70616113744075,-287.6572452323926,-212.82295937262884,-74.83428585976375,20280.091490590017,18296.908509409983,19288.5,1983.1829811800344,24.741374801702836,31.57197832006696,11.08016776497459,-97.42647058823529,-84.35758206988898,49.585372451586295,75873.85,791000,52923.55,8656.0,15.814089447529955,
2022-05-19,18360,18645,18275,18605,59281,53768,,,,18747.0,18856.5,19243.5,19528.0,19138.927908543144,537.8571428571429,42.7906976744186,-297.6421925882714,-229.78680601575738,-67.85538657251405,20274.621515121944,18212.378484878056,19243.5,2062.243030243888,25.77695028974282,29.640302309958916,18.05024624931064,-76.59574468085107,-74.13783267264091,52.00988690216821,75422.85,850281,53187.6,-9624.0,-15.18172640080767,
2022-05-20,18630,19165,18600,19090,76355,46174,,,,18799.0,18890.5,19184.75,19531.666666666668,19134.26810772951,545.3571428571429,44.84304932735426,-263.38376453275123,-236.50619771915615,-26.87756681359508,20097.965689055352,18271.534310944648,19184.75,1826.4313781107048,45.04788138974307,34.7761620032203,65.59132016278862,-42.198581560283685,-26.00235990238621,64.9589973477838,73322.45,926636,52957.4,-7594.0,-14.12364231513168,
2022-05-23,19090,19155,18450,18535,73860,43290,,,,18671.0,18812.0,19117.0,19527.916666666668,19077.194954612412,569.6428571428571,40.69175991861648,-277.8150956626705,-244.767977307859,-33.04711835481149,20010.75847438014,18223.24152561986,19117.0,1787.5169487602834,38.92080981538427,36.15771127394162,44.44700689826955,-80.22813688212928,-48.77300441813399,38.766846032696726,73124.65,852776,53110.3,-2884.0,-6.245939273184042,
2022-05-24,18535,18660,18360,18440,44056,38758,,,,18606.0,18772.0,19040.75,19522.166666666668,19016.509720839804,557.1428571428571,40.650406504065046,-293.5340577084753,-254.5211933879823,-39.01286432049301,19888.9386272336,18192.5613727664,19040.75,1696.3772544672029,31.58823218461515,34.634551577499465,25.495593398846523,-87.45247148288973,-71.12782307851393,41.49323464659445,72730.75,808720,53202.15,-4532.0,-10.46893046893047,
2022-05-25,18455,18720,18430,18595,42143,34795,,,,18653.0,18726.0,18968.5,19528.0,18976.36593790268,546.7857142857143,40.83080040526849,-290.1396939813021,-261.64489350664627,-28.494800474655847,19695.868002132564,18241.131997867436,18968.5,1454.7360042651271,31.99899239658104,33.75603185052666,28.4849134886898,-73.87755102040816,-60.849309377468494,56.91031334427831,72126.45,850863,53377.85,-3963.0,-10.224985809381293,
2022-05-26,18675,18835,18440,18530,43725,29592,,,,18638.0,18692.5,18942.0,19530.666666666668,18933.854896197663,521.4285714285714,47.41176470588235,-289.35904212689275,-267.18772323069555,-22.171318896197192,19693.548576712044,18190.451423287956,18942.0,1503.097153424089,30.050610315669413,32.52089133890758,25.110048269193072,-78.48101265822785,-52.59723487644815,100.0,71715.55,807138,53582.35,-5203.0,-14.953297887627537,
2022-05-27,18605,18735,18485,18715,36016,17333,,,,18563.0,18681.0,18916.5,19545.083333333332,18913.011572750263,488.57142857142856,42.17335058214747,-270.69204660418836,-267.88858790539416,-2.803458698794202,19662.204188564145,18170.795811435855,18916.5,1491.4083771282894,36.51314095950995,33.851641212441706,41.836140453646436,-54.87179487179487,-41.50869323073189,59.279457375860694,69052.8,843154,51312.55,-12259.0,-41.42673695593404,
2022-05-30,18360,18695,18260,18645,69385,57813,,,,18585.0,18628.0,18871.25,19563.916666666668,18887.486661059764,462.5,47.178002894356005,-258.56614359802916,-266.0240990439212,7.457955445892026,19562.974580116137,18179.525419883863,18871.25,1383.4491602322742,38.52257279436943,35.40861840641762,44.75048157027305,-61.111111111111114,-54.399022952247144,98.18286458739011,68873.85,773769,51251.45,40480.0,233.5429527490913,
2022-05-31,18680,18745,18220,18290,71768,54896,,,,18555.0,18580.5,18813.25,19576.166666666668,18830.583169530262,460.35714285714283,39.36022253129346,-274.4382578399491,-267.70693080312674,-6.731327036822336,19495.107177513237,18131.392822486763,18813.25,1363.7143550264736,28.150850998715427,32.989362603850225,18.47382778844583,-93.20388349514563,-69.5003085631709,37.41175123500111,69283.55,702001,50880.25,-2917.0,-5.045577984190408,
2022-06-01,18315,18445,18200,18330,43911,54223,,,,18502.0,18577.5,18761.75,19588.416666666668,18782.90858195595,443.57142857142856,42.23512336719884,-280.55529027632656,-270.27660269776675,-10.278687578559811,19425.069205527063,18098.430794472937,18761.75,1326.6384110541258,23.257734862701476,29.745486690133976,10.282231207836467,-87.61904761904762,-78.28782073078274,51.65118889022467,67730.1,745912,50513.65,-673.0,-1.2259545322063525,
2022-06-02,18285,18595,18100,18495,72250,56623,,,,18495.0,18566.5,18711.5,19588.5,18755.488717007767,446.7857142857143,45.31468531468531,-268.98823260937206,-270.0189286800878,1.0306960707157486,19285.608920529532,18137.391079470468,18711.5,1148.217841059064,27.98540933974727,29.158794240005072,25.638639539231676,-65.65217391304348,-64.2481604275202,80.41369128482576,69270.8,818162,50683.0,2400.0,4.426166018110389,
2022-06-06,18580,18600,18220,18500,51939,52693,,,,18452.0,18507.5,18699.0,19583.916666666668,18731.156458245125,428.92857142857144,39.567233384853175,-256.46146967817185,-267.3074368797046,10.845967201532744,19280.419316029864,18117.580683970136,18699.0,1162.8386320597274,36.79752912899251,31.705039203000883,46.98250898097576,-62.44131455399061,-50.268781691557464,26.733621614664486,67758.05,870101,49996.2,-3930.0,-6.940642495099169,
2022-06-07,18630,18920,18400,18460,60464,54690,,,,18415.0,18500.0,18656.0,19548.916666666668,18705.33203365035,428.57142857142856,44.67713787085515,-246.91529963602807,-263.2290094309693,16.313709794941246,19166.980481654224,18145.019518345776,18656.0,1021.9609633084474,39.165832427458426,34.19197027782006,49.113556726735155,-66.19718309859155,-14.47620232490826,66.0359869484652,65754.5,809637,49702.45,1997.0,3.789877213292092,
2022-06-08,18460,18895,18445,18880,62888,60079,,,,18533.0,18544.0,18658.0,19494.833333333332,18721.9670780646,424.64285714285717,59.02777777777777,-203.1179835102921,-251.20680424683388,48.08882073654178,19172.315078526775,18143.684921473225,18658.0,1028.6301570535506,57.817872024809674,42.06727086014993,89.31907435412916,-26.760563380281692,20.435585588318567,100.0,63834.75,872525,49793.3,5389.0,9.853720972755543,
2022-06-09,18875,18895,18550,18630,49549,54025,,,,18593.0,18547.5,18636.75,19454.166666666668,18713.208308725116,422.85714285714283,50.433275563258235,-186.43213203274718,-238.25186980401656,51.81973777126939,19115.918962618456,18157.581037381544,18636.75,958.3379252369123,60.08996346369426,48.07483506133137,84.12022026842004,-50.23474178403756,13.048924958153254,56.30111568617125,62529.55,822976,49658.85,-6054.0,-10.076732302468416,
2022-06-10,18520,18820,18450,18770,53478,55119,,,,18648.0,18571.5,18632.0,19438.666666666668,18718.617041227484,408.92857142857144,43.70078740157481,-160.0664976040971,-222.6147953640327,62.54829775993559,19103.46356671205,18160.53643328795,18632.0,942.9271334240984,67.29574800018642,54.48180604094972,92.92363191865982,-36.492890995260666,14.71239882948842,22.069671679489748,61325.2,876454,49633.95,1094.0,2.0249884312818045,
2022-06-13,18750,18750,17885,17995,92970,59037,,,,18547.0,18499.5,18590.25,19418.0,18649.70113253915,421.7857142857143,40.21739130434783,-199.408903705822,-217.97361703239056,18.56471332656855,19130.722259378683,18049.777740621317,18590.25,1080.9445187573656,48.406505108014784,52.45670572997141,40.30610386410153,-89.3719806763285,-95.4377059342185,4.358288370424649,61980.7,783484,49731.0,3918.0,7.108256680999303,
2022-06-14,17935,18035,17665,17850,60872,54424,,,,18425.0,18420.0,18524.0,19393.25,18573.539119916375,426.7857142857143,39.5017793594306,-239.52721157804626,-222.28433594152173,-17.24287563652453,19087.033139157436,17960.966860842564,18524.0,1126.0662783148728,37.184682024201095,47.36603116138131,16.82198374984067,-85.2589641434263,-143.897504424119,0.7197479623830967,60995.4,722612,49773.0,-4613.0,-7.813743923302341,
2022-06-15,17850,17865,17580,17640,51376,54685,,,,18177.0,18355.0,18467.75,19357.083333333332,18484.630632305292,426.42857142857144,33.33333333333333,-284.98141618930094,-234.8237519910776,-50.15766419822336,19143.00804034653,17792.49195965347,18467.75,1350.516080693058,26.2823253295669,40.338129217443175,-1.8292824461856583,-95.5223880597015,-134.0841203593123,0.0,59598.75,671236,49770.45,261.0,0.47956783771865297,
2022-06-16,17640,17910,17625,17755,51861,52309,,,,18002.0,18297.5,18437.5,19307.333333333332,18415.14200065717,418.57142857142856,36.706689536878216,-308.1722441190359,-249.49345041666928,-58.67879370236662,19183.57393453295,17691.42606546705,18437.5,1492.1478690658987,21.87478405055704,34.18368082848113,-2.743009505291141,-86.94029850746269,-101.85450743611466,13.128737657039562,58407.35,723097,49216.3,-2376.0,-4.344884337569721,
2022-06-17,17700,17800,17480,17565,54758,52830,,,,17761.0,18204.5,18385.5,19270.0,18334.176095832678,423.57142857142856,30.308219178082183,-337.9864569515157,-267.1920517236386,-70.79440522787712,19221.920317405325,17549.079682594675,18385.5,1672.840634810651,16.55078195963062,28.306047872197627,-6.959749865503397,-94.09722222222223,-102.8609016928017,0.0,58181.2,668339,49169.4,521.0,0.9960045116519156,
2022-06-20,17565,17980,17535,17850,65496,48158,,,,17732.0,18139.5,18323.5,19233.583333333332,18288.064086705755,422.85714285714283,37.32057416267942,-334.7584304589982,-280.70532747071053,-54.05310298828766,19123.05974728202,17523.94025271798,18323.5,1599.1194945640382,19.749991271084724,25.454029005159995,8.341915802934182,-74.30555555555556,-72.47105301832423,24.416653063294522,57638.25,733835,49268.6,-4672.0,-8.843460155214844,
2022-06-21,17850,18380,17780,18130,73555,46210,,,,17788.0,18106.5,18303.25,19206.083333333332,18273.01036416235,428.2142857142857,47.38562091503268,-306.07825664908887,-285.7799133063862,-20.29834334270265,19100.767694903516,17505.732305096484,18303.25,1595.0353898070316,28.478792767295587,26.462283592538526,32.51181111680971,-54.861111111111114,-28.315464313991722,59.46261909864976,57623.0,807390,49414.6,-1948.0,-4.045018480833917,
2022-06-22,18130,18340,17815,17955,58004,40182,,,,17851.0,18014.0,18279.0,19175.166666666668,18242.723662813554,448.2142857142857,44.131455399061025,-294.0800776624201,-287.439946177593,-6.640131484827066,19088.415643665558,17469.584356334442,18279.0,1618.8312873311152,30.801782242873678,27.908783142650243,36.58778044332054,-67.01388888888889,-33.15415607045613,48.1317850794732,58320.4,749386,49485.8,-6028.0,-13.04479549880978,
2022-06-23,18000,18450,17890,18315,53899,40031,,,,17963.0,17982.5,18265.0,19140.166666666668,18249.60712349798,452.85714285714283,47.34513274336283,-252.61050634622734,-280.47405821131986,27.863551865092518,19060.976725393666,17469.023274606334,18265.0,1591.9534507873323,42.45053199393678,32.75603275974575,61.839530462318834,-42.013888888888886,-6.596424723129938,59.321641403852325,58908.2,803285,49747.6,-151.0,-0.37579015479567435,
2022-06-24,18315,18405,17505,17505,56123,29145,,,,17951.0,17856.0,18213.75,19070.583333333332,18178.692159355316,490.0,38.14064362336115,-281.8567338751818,-280.7505933440923,-1.1061405310895225,19067.76143219268,17359.73856780732,18213.75,1708.0228643853625,29.159461191834144,31.55717557044188,24.36403243461867,-98.26388888888889,-56.55014630998028,27.272092006880587,59528.1,747162,49725.25,-10886.0,-27.193924708351027,
2022-06-27,16800,17000,16595,16635,169797,50409,,,,17708.0,17720.0,18109.75,18996.0,18031.67385846433,517.8571428571429,31.84079601990051,-370.96011175256353,-298.7924970257866,-72.16761472677695,19184.750489595972,17034.749510404028,18109.75,2150.0009791919438,20.15841887182474,27.75759000423617,4.960076607001881,-98.26086956521739,-142.79507634852666,5.33635235548004,66217.15,577365,51379.05,21264.0,72.95934122490992,
2022-06-28,16735,16875,16520,16810,139474,52813,,,,17444.0,17616.0,18018.0,18938.75,17915.323967182016,511.07142857142856,28.347280334728026,-422.58287092427054,-323.5505718054834,-99.03229911878714,19207.756277562763,16828.243722437237,18018.0,2379.512555125526,18.44758149313359,24.654253833868644,6.034236811663483,-87.78947368421052,-115.14258104047188,0.0,69721.6,716839,51129.05,2404.0,4.768989664544021,
2022-06-29,16810,16820,16490,16620,116830,51582,,,,17177.0,17514.0,17934.5,18877.916666666668,17791.959779831348,510.0,28.70762711864407,-473.3689885553904,-353.5142551554648,-119.85473339992558,19269.431104076753,16599.568895923247,17934.5,2669.862208153507,14.509272015830557,21.27259322785595,0.9826295917797694,-94.4206008583691,-102.36947655692491,1.8927426074561624,71974.7,600009,50963.35,-1231.0,-2.330865506598756,
2022-06-30,16750,16980,16620,16865,101628,49186,,,,16887.0,17425.0,17861.25,18813.5,17703.677896037887,509.2857142857143,30.259067357512947,-488.22000392387054,-380.45540490914595,-107.76459901472458,19263.863631760367,16458.636368239633,17861.25,2805.2272635207337,16.050399030961866,19.531861828891255,9.087473435103085,-83.40707964601769,-77.58488470091851,10.041773413606661,74860.55,701637,50711.5,-2396.0,-4.645031212438444,
2022-07-01,16720,16770,16330,16375,111982,48835,,,,16661.0,17306.0,17755.25,18750.0,17577.13714403428,484.2857142857143,32.15859030837004,-533.3799731849431,-411.0403185643054,-122.3396546206377,19271.9898382195,16238.510161780501,17755.25,3033.4796764389976,11.407813190452567,16.82384561607836,0.5757483392009846,-97.87735849056604,-87.77245578751662,20.01912907044455,76847.15,589655,50322.1,-351.0,-0.7136176960923835,
2022-07-04,16440,16700,16290,16340,87727,47396,,,,16602.0,17155.0,17647.25,18684.333333333332,17459.31455888816,487.14285714285717,32.95711060948081,-565.4753340227035,-441.927321655985,-123.54801236671847,19246.08995775885,16048.41004224115,17647.25,3197.6799155176996,8.37681373190665,14.008168321354455,-2.8858954469889646,-97.68518518518519,-79.87326835589337,24.213403764410508,78636.55,501928,50057.25,-1439.0,-2.9466571106788186,
2022-07-05,16450,16820,16410,16620,101520,47165,,,,16564.0,17004.0,17555.25,18614.166666666668,17379.37983899405,501.07142857142856,38.66666666666667,-561.8409263141366,-465.9100425876153,-95.9308837265213,19168.861428475044,15941.638571524958,17555.25,3227.2228569500858,10.677135080530359,12.897823907746425,6.235757426098225,-84.72222222222223,-62.03200426904924,54.20318167127522,80689.35,603448,49681.0,-231.0,-0.4873829015106801,
2022-07-06,16545,16690,16370,16660,134806,44287,,,,16572.0,16874.5,17444.25,18552.416666666668,17310.86747337557,503.57142857142856,37.62711864406779,-549.3998270972952,-482.6079994895513,-66.79182760774393,18977.589235305193,15910.910764694805,17444.25,3066.678470610388,12.949453331858695,12.91503371578385,13.01829256400839,-82.87037037037037,-59.288973914517946,48.742894740205706,84285.25,738254,48891.4,-2878.0,-6.101982402205019,
2022-07-07,16660,16785,16410,16700,132234,42159,,,,16539.0,16713.0,17347.75,18497.0,17252.68961876837,507.5,39.88304093567251,-530.2006772596287,-492.12653504356683,-38.07414221606189,18808.068908933757,15887.431091066244,17347.75,2920.637817867513,27.881795178985605,17.90395420351777,47.83747712992127,-81.01851851851852,-51.00855479086971,60.59225882784312,88419.5,870488,48298.1,-2128.0,-4.805021789689978,
2022-07-08,16800,17050,16735,16920,114506,46320,,,,16648.0,16654.5,17255.25,18456.833333333332,17221.004893171383,500.7142857142857,38.95486935866983,-491.56657778841327,-492.01454359253614,0.4479658041228731,18562.603594500215,15947.896405499785,17255.25,2614.70718900043,46.219442400025486,27.34245026902034,83.97342666203578,-70.83333333333333,-28.774201582508947,55.716983206590264,91470.9,984994,47858.15,4161.0,9.869778694940589,
2022-07-11,16905,16980,16620,16680,110579,41634,,,,16716.0,16659.0,17189.5,18408.916666666668,17169.480617631252,483.57142857142856,32.613908872901675,-474.84109725924645,-488.5798543258782,13.738757066631763,18472.24335949004,15906.75664050996,17189.5,2565.486718980079,47.91822475791173,34.20104176531747,75.35259074310025,-81.94444444444444,-35.46560037481713,22.45847818164122,92351.35,874415,46988.0,-4686.0,-10.11658031088083,
2022-07-12,16775,16840,16600,16655,78736,39462,,,,16723.0,16643.5,17129.75,18356.416666666668,17120.482463571134,463.2142857142857,33.83084577114428,-458.32009573628966,-482.5279026079605,24.20780687167087,18394.146985460702,15865.353014539298,17129.75,2528.7939709214043,47.95425510176571,38.78544621080022,66.2918728836967,-83.10185185185185,-36.28626800206454,28.864133263420314,93244.55,795679,46239.9,-2172.0,-5.216890041792766,
2022-07-13,16680,16915,16625,16850,102289,46862,,,,16761.0,16666.5,17090.25,18306.75,17094.722228945313,443.92857142857144,30.998702983138784,-424.59771453469875,-470.9418649933082,46.34415045860942,18336.762925598534,15843.737074401466,17090.25,2493.025851197068,56.53090690994907,44.700599777183164,80.19152117548087,-73.5224586288416,-25.225256780247136,22.984376497841627,95790.2,897968,45848.75,7400.0,18.75221732299428,
2022-07-14,16765,16975,16480,16680,144311,45136,,,,16757.0,16648.0,17036.5,18254.166666666668,17055.224873807663,415.0,37.16951788491447,-406.8995786698106,-458.13340772860863,51.23382905879805,18254.708779963003,15818.291220036996,17036.5,2436.417559926007,54.79253443119411,48.06457799518681,68.24844730320874,-48.68421052631579,-28.4874600838264,76.47729400230556,100412.7,753657,45490.1,-1726.0,-3.6831547949297994,
2022-07-15,16650,16650,15925,16050,150957,42982,,,,16583.0,16615.5,16960.75,18196.583333333332,16959.489171540266,403.92857142857144,40.168067226890756,-438.65289582786136,-454.23730534845924,15.584409520597887,18228.0109293898,15693.489070610201,16960.75,2534.521858779597,40.23205999116645,45.45373866051336,29.788702652472637,-88.88888888888889,-62.88879697666707,100.0,105222.65,602700,44997.7,-2154.0,-4.772243885147109,
2022-07-18,16170,16450,16060,16350,104693,34944,,,,16517.0,16616.5,16885.75,18131.333333333332,16901.442583774526,407.14285714285717,42.58064516129032,-434.6003335348505,-450.30991098573753,15.709577450887025,18108.173283568554,15663.326716431444,16885.75,2444.8465671371105,39.413965920036894,43.44048108035454,31.3609355994016,-62.22222222222222,-51.438241818273916,100.0,107182.5,707393,44337.0,-8038.0,-18.700851519240615,
2022-07-19,16400,16500,16155,16290,86692,31852,,,,16444.0,16583.5,16793.75,18071.333333333332,16843.209956748382,408.2142857142857,44.44444444444444,-431.2588635498978,-446.4997014985696,15.24083794867181,17892.600475916108,15694.899524083892,16793.75,2197.7009518322157,37.09079209483941,41.323918085182825,28.62454011415258,-67.55555555555556,-45.92031770743272,100.0,107839.35,620701,43619.1,-3092.0,-8.848443223443226,
2022-07-20,16410,16465,16195,16405,84691,31427,,,,16355.0,16558.0,16716.25,18012.0,16801.4756751533,401.7857142857143,41.901408450704224,-414.5524826380424,-440.11025772646417,25.55777508842175,17680.668968793347,15751.831031206651,16716.25,1928.8379375866953,38.94941695211516,40.53241770749361,35.78341544135826,-57.333333333333336,-39.824957103127495,81.08668085684525,109173.7,705392,43181.35,-425.0,-1.3342961195529357,
2022-07-21,16400,16445,16080,16135,81618,27639,,,,16246.0,16501.5,16607.25,17946.916666666668,16738.001801329174,389.64285714285717,45.41984732824427,-418.27765448615537,-435.74373707840243,17.466082592247062,17249.978353849518,15964.521646150484,16607.25,1285.4567076990334,32.601349058124164,37.888728157703795,22.02659085896491,-81.33333333333333,-60.50743451267737,100.00000000000001,110559.65,623774,42561.75,-3788.0,-12.053329939224234,
2022-07-22,16165,16195,15865,16020,85011,25257,,,,16240.0,16411.5,16533.0,17896.25,16669.62067739306,383.92857142857144,44.07407407407407,-425.60332867500256,-433.71565539772246,8.1123267227199,17074.12358740135,15991.876412598647,16533.0,1082.2471748027037,26.388887360070765,34.05544789182612,11.055766296560051,-86.91983122362869,-107.59758948000498,90.66805503110467,112004.05,538763,42367.35,-2382.0,-8.61825681102789,
2022-07-25,16020,16280,15980,16225,65651,18390,,,,16215.0,16366.0,16512.5,17846.25,16627.275850974675,371.07142857142856,42.476190476190474,-410.1393602625649,-429.00039637069096,18.861036108126086,17068.221437223252,15956.778562776748,16512.5,1111.442874446504,28.403402384191324,32.17143272261452,20.867341707344934,-69.62025316455696,-70.84204092354697,79.58791076761622,106796.75,604414,40766.4,-6867.0,-27.188502197410614,
2022-07-26,16270,16280,16020,16200,40960,11921,,,,16197.0,16320.5,16482.0,17790.416666666668,16586.58291278661,366.7857142857143,41.18773946360154,-395.34406466578366,-422.2691300297095,26.925065363925853,17035.92760309781,15928.072396902187,16482.0,1107.8552061956234,28.99566164952094,31.11284236491666,24.761300218729502,-71.72995780590718,-62.64583491915699,70.65345326718746,101871.05,563454,38721.8,-6469.0,-35.17672648178358,
2022-07-27,15690,15705,15440,15500,86857,49994,,,,16016.0,16185.5,16426.0,17724.583333333332,16483.09882585455,394.2857142857143,31.65137614678899,-435.0874192305182,-424.83278786987125,-10.254631360646954,17127.88168143701,15724.118318562989,16426.0,1403.7633628740223,20.9833336616641,27.736339463832472,7.477322057327356,-96.27329192546584,-134.13698054675496,4.525807023571763,100372.4,476597,38642.4,38073.0,319.3775689958896,
2022-07-28,15500,15800,15280,15780,143393,55147,,,,15945.0,16095.5,16371.75,17664.916666666668,16416.137032916024,406.42857142857144,32.88288288288288,-438.9309315620849,-427.652416608314,-11.278514953770866,17098.062061393943,15645.437938606057,16371.75,1452.6241227878854,27.650091293568416,27.707590073744456,27.535093733216343,-70.58823529411765,-103.67100163953747,13.065397964646161,102460.65,619990,38940.45,5153.0,10.307236868424209,
2022-07-29,15765,15845,15620,15780,99324,57144,,,,15897.0,16068.5,16342.0,17602.916666666668,16355.552553590689,396.7857142857143,35.436893203883486,-436.94016849921536,-429.5099669864943,-7.430201512721055,17114.994178503308,15569.005821496692,16342.0,1545.9883570066158,32.09459638150463,29.169925509664516,37.94393812518486,-70.50147492625369,-75.86354626629918,30.77557588036358,101827.75,619990,39355.9,1997.0,3.621230529312558,
2022-08-01,15700,16465,15700,16270,154603,64461,,,,15906.0,16060.5,16338.5,17561.583333333332,16347.404691343956,434.2857142857143,44.58509142053446,-391.3127596209051,-421.8705255133765,30.557765892471366,17112.16591457064,15564.83408542936,16338.5,1547.3318291412797,49.24449885349254,35.86144995760719,76.01059664526323,-41.5929203539823,-22.955910305591384,94.2115834379459,105171.55,774593,40209.15,7317.0,12.804493910121796,
2022-08-02,16170,16380,16050,16315,112080,63987,,,,15929.0,16063.0,16323.25,17511.5,16344.31853026358,437.14285714285717,42.143906020558,-347.5156414442172,-406.9995486995447,59.483907255327495,17085.49236372209,15561.007636277911,16323.25,1524.4847274441781,61.943589952961275,44.555496622725215,96.7197766134334,-38.93805309734513,-7.50497985783595,76.20693492754205,105699.55,886673,41050.25,-474.0,-0.7353283380648779,
2022-08-03,16200,16310,16100,16225,86869,61760,,,,16074.0,16045.0,16301.5,17467.916666666668,16332.954860714668,417.14285714285717,43.15789473684211,-316.4208549360483,-388.8838099468454,72.46295501079715,17047.944907545094,15555.055092454906,16301.5,1492.8898150901878,67.87800511632018,52.329666120590204,98.97468310778012,-31.021897810218977,-10.040062677757335,83.57150505969913,103302.7,799804,41923.9,-2227.0,-3.480394455123692,
2022-08-04,16200,16385,16145,16265,97054,65992,,,,16171.0,16058.0,16279.75,17421.416666666668,16326.482969218032,380.35714285714283,53.93053016453383,-285.2620238548807,-368.1594527284525,82.89742887357181,17002.270988586057,15557.229011413943,16279.75,1445.0419771721135,72.95945770061289,59.206263313931096,100.46584647397647,-19.262295081967213,-0.6386669394198151,100.0,101543.7,896858,43115.55,4232.0,6.85233160621761,
2022-08-05,16230,16350,16070,16280,101357,67426,,,,16271.0,16084.0,16247.75,17378.333333333332,16322.056019768695,371.7857142857143,48.57142857142857,-256.40240379009083,-345.8080429407802,89.40563915068935,16904.580307333323,15590.91969266668,16247.75,1313.6606146666436,76.76903368507807,65.06052010431343,100.18606084660738,-18.0327868852459,-0.44010487538927273,75.94566836408215,100886.25,998215,44170.85,1434.0,2.172990665535224,
2022-08-08,16200,16410,15710,15770,160166,58545,,,,16171.0,16038.5,16202.25,17327.333333333332,16269.4792559812,397.14285714285717,41.03448275862069,-271.55338631722043,-330.95711161606823,59.4037252988478,16859.080307333323,15545.41969266668,16202.25,1313.6606146666436,64.96275944687342,65.0279332185001,64.83241190362008,-58.64978902953587,-36.153909993336285,42.11608126753049,103365.6,838049,45016.4,-8881.0,-13.171476878355525,
2022-08-09,15770,15865,15525,15580,107702,56796,,,,16024.0,15976.5,16148.5,17267.416666666668,16203.81456493537,402.14285714285717,36.13445378151261,-295.4858838946893,-323.86286607179244,28.376982177103116,16824.977719709354,15472.022280290648,16148.5,1352.9554394187053,51.747324863316464,60.60106376677222,34.03984705640495,-74.68354430379746,-75.91096314069384,20.122297422752016,104813.9,730347,45883.1,-1749.0,-2.9874455547015066,
2022-08-10,15610,15660,15385,15400,82888,57686,,,,15859.0,15966.5,16076.0,17211.333333333332,16127.260796846287,395.7142857142857,37.26169844020798,-325.2280300434795,-324.1358988661299,-1.0921311773496427,16746.699556237254,15405.300443762746,16076.0,1341.399112474508,34.961179538507274,52.0544356906839,0.7746672341540091,-89.87341772151899,-94.68463434180256,25.181935943126454,103843.85,647459,46424.3,890.0,1.5670117613916457,
2022-08-11,15480,15700,15460,15650,100653,51724,,,,15736.0,15953.5,16024.5,17166.166666666668,16081.807387622832,393.57142857142856,43.87417218543047,-324.8809590199562,-324.28491089689516,-0.5960481230610526,16657.012949732223,15391.987050267779,16024.5,1265.0258994644446,31.486465371350526,45.19844558423945,4.06250494557267,-68.77637130801688,-71.20007512531346,54.86202945096703,101660.95,748112,46753.7,-5962.0,-10.335263322123222,
2022-08-12,15700,15860,15570,15685,94342,49485,,,,15617.0,15944.0,16006.25,17117.5,16044.016207849229,392.85714285714283,40.526315789473685,-318.11466737451883,-323.0508621924199,4.936194817901082,16656.479716492977,15356.020283507023,16006.25,1300.4594329859538,30.747074475209295,40.3813218812294,11.478579663169086,-65.82278481012658,-48.8966303189933,39.83517343439525,98830.2,842454,47078.85,-2239.0,-4.328744876653001,
2022-08-15,15710,15765,15500,15630,88610,47797,,,,15589.0,15880.0,15970.25,17059.833333333332,16004.586092815967,393.2142857142857,40.10416666666667,-313.57566773920917,-321.1558233017778,7.5801555625686206,16620.071635446795,15320.428364553205,15970.25,1299.64327089359,28.465529324936277,36.40939102913169,12.577805916545444,-70.46413502109705,-55.19189637127996,37.940356770931366,98026.05,753844,47721.5,-1688.0,-3.4111346872789716,
2022-08-16,15555,15665,15455,15575,65812,45753,,,,15588.0,15806.0,15934.5,17010.5,15963.6731315954,353.92857142857144,51.67785234899329,-310.83342394813735,-319.0913434310497,8.25791948291237,16588.909335926208,15280.090664073794,15934.5,1308.818671852414,25.155881338575405,32.65822113227959,10.151201751167036,-75.10548523206751,-59.84639754970237,89.29724645516845,96982.05,688032,48416.55,-2044.0,-4.276419022114364,
2022-08-17,15620,15850,15550,15560,84898,47422,,,,15620.0,15739.5,15892.25,16962.5,15925.228071443456,338.2142857142857,44.41624365482234,-306.3392623004511,-316.54092720493003,10.201664904478946,16527.590563461014,15256.909436538986,15892.25,1270.681126922027,22.46164446961938,29.259362244726187,8.866208919405757,-83.79629629629629,-41.069632154303136,48.55372942620524,96992.4,603134,49216.3,1669.0,3.6478482285314584,
2022-08-18,15575,15620,15120,15185,138375,50264,,,,15527.0,15631.5,15844.75,16905.666666666668,15854.730159877414,357.85714285714283,37.3134328358209,-329.2416796727721,-319.08107769849846,-10.160601974273618,16542.645143684895,15146.854856315105,15844.75,1395.7902873697894,16.654016209720414,25.057580233057596,-0.15311183695394703,-95.16728624535315,-87.35935759715082,6.624938154531185,99830.25,464759,50347.55,2842.0,5.99299902998609,
2022-08-19,15270,15340,15105,15260,76862,46713,,,,15442.0,15529.5,15806.75,16851.166666666668,15798.089192270041,320.0,23.83419689119171,-337.45022115054235,-322.7549063889073,-14.695314761635075,16546.004781235104,15067.495218764898,15806.75,1478.5095624702062,17.90092308718203,22.672027851099074,8.35871355934794,-88.12260536398468,-85.74169667796933,0.0,99422.8,541621,51420.35,-3551.0,-7.064698392487667,
2022-08-22,15200,15380,15180,15315,69905,42604,,,,15379.0,15484.0,15761.25,16794.5,15752.080697768131,310.7142857142857,24.226804123711332,-335.64836366275085,-325.333597843676,-10.314765819074864,16504.124041884137,15018.375958115861,15761.25,1485.748083768276,21.205471903595967,22.18317586859804,19.25006397359183,-83.9080459770115,-69.08338041450641,1.3045018772016843,99635.5,611526,52631.05,-4109.0,-8.796266563911548,
2022-08-23,15300,15495,15225,15425,66426,35903,,,,15349.0,15468.5,15722.5,16740.833333333332,15720.930155123548,314.64285714285717,29.591836734693885,-321.6366706035078,-324.59421239564233,2.9575417921345206,16449.697214979333,14995.302785020667,15722.5,1454.3944299586656,28.265016589152278,24.210456108782786,36.37413754989126,-75.47892720306514,-50.71795218451002,19.130702040045573,100908.8,677952,53830.15,-6701.0,-15.728570087315742,
2022-08-24,15420,15545,15290,15465,68239,24506,,,,15330.0,15475.0,15720.75,16693.75,15696.555854635591,315.7142857142857,29.591836734693885,-303.8025900516386,-320.4358879268416,16.63329787520297,16450.36615719645,14991.133842803547,15720.75,1459.2323143929043,34.73738412786752,27.719432115144365,48.77328815331383,-72.41379310344827,-41.72520484258999,20.67846246778969,99977.9,746191,52555.75,-11397.0,-31.743865415146367,
2022-08-25,15465,15700,15395,15590,45107,16111,,,,15411.0,15469.0,15711.25,16648.083333333332,15686.40767800363,317.5,33.33333333333333,-276.39637206881525,-311.62798475523635,35.2316126864211,16442.56370617685,14979.93629382315,15711.25,1462.6274123537005,44.858479798891544,33.432448009726755,67.71054337722111,-62.83524904214559,-22.485555925717065,34.11598184921525,95063.6,791298,50603.95,-8395.0,-34.25691667346772,
2022-08-26,15265,15470,15165,15455,94477,66126,,,,15450.0,15446.0,15695.0,16597.416666666668,15664.368851527093,297.85714285714283,40.7079646017699,-262.54367852593714,-301.81112350937656,39.26744498343942,16434.28130106562,14955.718698934379,15695.0,1478.5626021312419,45.56560845653172,37.47683482532841,61.74315571893834,-53.94736842105263,-47.33952120269427,60.601840646071814,94821.25,696821,51053.05,50015.0,310.44007200049657,
2022-08-29,15480,15540,15220,15340,111756,63139,,,,15455.0,15417.0,15648.5,16544.75,15633.476579953085,296.42857142857144,42.592592592592595,-257.8722670205352,-293.0233522116083,35.15108519107309,16351.606640111182,14945.393359888818,15648.5,1406.2132802223641,40.89161369137909,38.61509444734531,45.44465217944666,-68.87417218543047,-42.45638747522595,67.37044900526854,92678.9,585065,50986.95,-2987.0,-4.517133956386288,
2022-08-30,15340,15415,15160,15190,80114,57004,,,,15408.0,15378.5,15592.25,16490.25,15591.240715195649,295.0,43.39622641509434,-263.2394259035318,-287.066566949993,23.82714104646118,16249.344681954319,14935.155318045681,15592.25,1314.1893639086375,32.02298055615749,36.4177231502827,23.233495367907082,-88.74172185430463,-54.43629758654347,70.25668577730335,91080.6,504951,50637.8,-6135.0,-9.716656899855868,
2022-08-31,15200,15665,15170,15610,128373,68350,,,,15437.0,15383.5,15561.5,16435.75,15593.027313748444,308.92857142857144,48.86363636363636,-230.94031191267823,-275.84131594253006,44.90100402985183,16147.64799640042,14975.35200359958,15561.5,1172.2959928008386,49.63997023071563,40.82513884376034,67.26963300462623,-33.11258278145695,-15.408379263631241,89.89279267005006,93155.8,633324,50967.3,11346.0,19.903866395340675,
2022-09-01,15500,15565,15280,15385,91792,56269,,,,15396.0,15403.5,15517.5,16381.666666666666,15573.215188629545,311.7857142857143,42.30769230769231,-220.9516577954837,-264.86338431312083,43.911726517637135,16005.131223904225,15029.868776095775,15517.5,975.2624478084508,46.982202376032646,42.877493354517775,55.191620419062374,-62.41610738255034,-24.35349079892035,66.34723463123612,92892.7,541532,50481.15,-12081.0,-17.67520117044623,
2022-09-02,15385,15710,15285,15645,121861,68165,,,,15434.0,15442.0,15485.75,16329.583333333334,15580.051837331494,323.2142857142857,50.348027842227374,-189.86708083419944,-249.86412361733656,59.99704278313712,15824.218299067581,15147.281700932419,15485.75,676.9365981351621,60.71540764462782,48.82346478455445,84.49929336477454,-27.516778523489933,14.410877965180406,95.22395861857532,93917.9,663393,50518.1,11896.0,21.141303381968758,
2022-09-05,15620,15880,15545,15840,102239,68292,,,,15534.0,15494.5,15489.25,16293.666666666666,15604.808805204684,332.14285714285717,55.773420479302835,-147.7937845729757,-229.45005580846438,81.65627123548867,15841.270857635658,15137.229142364342,15489.25,704.0417152713162,71.95841991123336,56.535116493447426,102.80502674680524,-5.161290322580645,86.74313243048199,100.0,91021.55,765632,51005.45,127.0,0.18631262378052682,
2022-09-06,15840,16425,15840,16375,118907,77372,,,,15771.0,15589.5,15529.0,16269.083333333334,15678.160347566143,352.5,64.47602131438721,-70.46805348998714,-197.65365534476896,127.18560185478182,16058.812280559441,14999.187719440559,15529.0,1059.6245611188824,79.98809021750208,64.35277440146564,111.25872184957495,-3.787878787878788,156.89067483970692,100.0,91581.8,884539,52034.25,9080.0,13.295847244186731,
2022-09-07,16350,16510,16080,16320,122494,75226,,,,15913.0,15675.0,15575.0,16247.083333333334,15739.287933512225,347.5,72.74549098196393,-13.469625393743627,-160.8168493545639,147.3472239608203,16207.463853762258,14942.536146237742,15575.0,1264.9277075245154,81.96736878697669,70.22430586330265,105.45349463432478,-13.523131672597865,131.73401789712477,100.0,93562.1,762045,52911.25,-2146.0,-2.7736131934033015,
2022-09-08,16320,16725,16320,16505,120537,77327,,,,16137.0,15766.5,15617.75,16226.25,15812.212892225347,359.64285714285717,73.89635316698656,46.09859747816881,-119.43375998801736,165.53235746618617,16374.859982971962,14860.640017028038,15617.75,1514.2199659439248,83.29240986224431,74.58034052961654,100.71654852749987,-14.057507987220447,128.47251555737517,100.0,94556.3,882582,54191.4,2101.0,2.7929173424082077,
2022-09-09,16420,17060,16420,17005,138510,79034,,,,16409.0,15921.5,15683.75,16216.916666666666,15925.811664394361,391.07142857142856,77.70491803278688,132.12955730684007,-69.12109652904587,201.25065383588594,16663.072402695387,14704.427597304611,15683.75,1958.6448053907752,87.8966942941278,79.01912511778696,105.65183264680951,-2.8947368421052633,130.13202680910783,100.0,96764.7,1021092,55668.85,1707.0,2.2075083735305867,
2022-09-13,17195,17670,17120,17480,120192,74468,,,,16737.0,16135.5,15776.25,16210.75,16073.829601118709,419.2857142857143,80.08784773060029,235.9187189127042,-8.113133440695854,244.03185235340007,17041.834429174298,14510.665570825702,15776.25,2531.1688583485957,89.3977961960852,82.47868214388637,103.23602430048282,-7.569721115537849,140.02494249750544,100.0,98343.8,1141284,57002.4,-4566.0,-5.777260419566266,
2022-09-14,17360,17430,16870,17065,152297,68363,,,,16875.0,16323.0,15850.75,16193.0,16168.226781964546,444.64285714285717,71.10817941952507,281.4410681034751,49.79770686813834,231.64336123533678,17236.197960997306,14465.302039002694,15850.75,2770.895921994612,84.49392828692989,83.15043085823422,87.18092314432124,-24.10358565737052,96.72447830409541,80.79400796514288,102668.05,988987,58132.9,-6105.0,-8.198152226459687,
2022-09-15,17020,17345,16980,17090,128231,69028,,,,17029.0,16471.0,15927.25,16178.583333333334,16256.014707491731,448.92857142857144,70.32520325203252,315.8937226762646,103.0169100297636,212.87681264650098,17410.604927893277,14443.895072106721,15927.25,2966.7098557865556,81.55639943097911,82.61908704914919,79.43102419463895,-23.10756972111554,84.8856606618573,75.20905674953504,104834.7,1117218,59213.2,665.0,0.9727484165411138,
2022-09-16,16980,16985,16745,16845,106943,61542,,,,17097.0,16617.0,16010.25,16154.083333333334,16312.10854487347,443.2142857142857,68.28947368421052,319.7424552027933,146.36201906436955,173.38043613842373,17504.461550582695,14516.038449417303,16010.25,2988.423101165392,74.76308981673118,80.00042130500985,64.28842684017386,-32.86852589641434,59.125272059125805,68.77097535910129,103263.1,1010275,59777.1,-7486.0,-10.84487454366344,
2022-09-19,16930,17335,16805,16855,154389,57805,,,,17067.0,16738.0,16090.0,16143.25,16363.812492980758,458.2142857142857,70.50067658998647,319.91177606884594,181.07197046526483,138.8398056035811,17585.86799305005,14594.132006949949,16090.0,2991.7359861001023,68.33022016925977,76.11035425975983,52.76995198825966,-32.47011952191235,61.594196191790246,74.62379115888804,107139.45,1164664,60331.7,-3737.0,-6.0722758441389635,
2022-09-20,16880,17270,16880,17030,126980,57355,,,,16977.0,16857.0,16175.75,16149.833333333334,16427.258922220688,469.64285714285717,74.73118279569893,330.35883058135187,210.92934248848223,119.42948809286963,17681.151764873488,14670.34823512651,16175.75,3010.803529746978,65.46962267049184,72.56344373000383,51.28198055146788,-25.6,59.177009573013706,85.82148518199756,109993.2,1291644,61069.25,-450.0,-0.7784793702966919,
2022-09-21,17050,17375,17050,17290,140373,57369,,,,17022.0,16948.5,16269.0,16157.833333333334,16509.42473915205,458.92857142857144,73.59550561797752,355.51981254321436,239.84743649942868,115.67237604378568,17809.241266131623,14728.758733868377,16269.0,3080.482532263246,67.59703239761184,70.90797328587317,60.9751506210892,-15.899581589958158,63.566155160430455,82.81547007960127,113690.55,1432017,62142.55,14.0,0.02440938017609362,
2022-09-22,17195,17355,16970,17225,152017,44278,,,,17049.0,17039.0,16357.0,16167.916666666666,16577.57476399471,462.85714285714283,77.05882352941177,365.9961395783648,265.07717711521593,100.91896246314889,17904.92016658007,14809.079833419932,16357.0,3095.8403331601367,66.53135493174123,69.44910050116252,60.69586379289865,-18.658280922431867,54.28881533559307,89.81492082817641,117879.45,1280000,63131.15,-13091.0,-22.818944029005216,
2022-09-23,17205,17265,16845,16925,113181,30503,,,,17065.0,17081.0,16423.75,16168.916666666666,16610.6628817095,462.5,68.6046511627907,346.10156800102413,281.28205529237755,64.81951270864658,17947.353329368627,14900.146670631373,16423.75,3047.2066587372537,50.840723107647314,63.24630803665745,26.029553249627043,-35.05882352941177,39.127156593934856,52.7720869213696,121283.15,1166819,63850.75,-13775.0,-31.110257915895023,
2022-09-26,16750,16855,16580,16705,99293,18989,,,,17035.0,17051.0,16486.25,16174.416666666666,16619.647369165737,463.2142857142857,62.48196248196248,309.02061798457726,286.8297678308175,22.190850153759754,17943.64448476057,15028.85551523943,16486.25,2914.7889695211416,38.79577618941194,55.09613075424228,6.195067059751253,-52.73224043715847,16.372397666424163,0.0,121523.95,1067526,61493.9,-11514.0,-37.74710684194997,
2022-09-27,16400,16680,16395,16595,106437,75816,,,,16948.0,16962.5,16549.0,16178.666666666666,16617.30000067376,443.57142857142856,53.61842105263158,267.6720603593312,282.99822633652025,-15.32616597718902,17902.99448028106,15195.005519718938,16549.0,2707.988960562123,32.66657188137667,47.619611129953746,2.7604933842225137,-67.61006289308176,1.8775671424467073,0.0,121258.0,961089,62127.75,56827.0,299.26273105482124,
2022-09-28,16520,16695,16325,16465,121687,70631,,,,16783.0,16902.5,16612.75,16176.083333333334,16602.79523870483,439.2857142857143,52.32744783306581,221.85570255767743,270.7697215807517,-48.914019023074275,17808.098330646324,15417.401669353676,16612.75,2390.696661292648,26.22215903202889,40.487127097312126,-2.3077770985375707,-89.25925925925925,-7.8219041760013175,0.0,123336.65,839402,62809.1,-5185.0,-6.8389258204073045,
2022-09-29,16480,16680,16470,16570,87563,67545,,,,16652.0,16850.5,16660.75,16174.583333333334,16599.671882637704,425.7142857142857,51.07084019769357,191.8074939944745,254.97727606349628,-63.16978206902178,17759.77480696106,15561.725193038941,16660.75,2198.0496139221195,25.259217132463704,35.41115710902932,4.955337179332474,-81.78438661710037,-6.516201280752488,0.0,121296.15,926965,62768.85,-3086.0,-4.3691863346122854,
2022-09-30,16660,16860,16540,16750,95593,66182,,,,16617.0,16841.0,16729.0,16175.416666666666,16613.988846196018,402.85714285714283,45.30386740331492,180.4385842199481,240.06953769478665,-59.63095347483855,17649.478136622485,15808.521863377515,16729.0,1840.9562732449704,30.33154158037263,33.71795193281042,23.558720875497045,-68.40148698884758,0.4194877997199586,0.0,121486.2,1022558,63264.5,-1363.0,-2.017913983270414,
2022-10-10,16800,16900,16270,16470,80599,64717,,,,16570.0,16802.5,16770.25,16167.916666666666,16600.275622748777,400.35714285714283,29.960317460317455,147.13885622884845,221.48340140159902,-74.34454517275057,17549.260674881258,15991.239325118742,16770.25,1558.0213497625155,26.25421022401916,31.230038029880003,16.302554612297477,-82.75862068965517,-26.645954946729326,0.0,119423.1,941959,63092.1,-1465.0,-2.2135928197999477,
2022-10-11,16440,16595,16255,16330,73865,62008,,,,16517.0,16732.5,16794.75,16162.083333333334,16574.535087248893,381.07142857142856,33.630289532293986,108.2044385010231,198.82760882148384,-90.62317032046073,17475.156032028714,16114.343967971288,16794.75,1360.8120640574252,19.77553408874005,27.41187004950002,4.502862167220108,-93.30357142857143,-58.68515469963679,7.7921199169090825,118004.4,868094,62777.9,-2709.0,-4.185917146962936,
2022-10-12,16345,16460,16215,16360,70686,61319,,,,16496.0,16639.5,16794.0,16157.166666666666,16554.10317417757,372.5,33.77777777777777,78.86032844644797,174.8341527464767,-95.97382430002872,17476.38436460153,16111.61563539847,16794.0,1364.7687292030605,17.78686399566797,24.203534698222672,4.9535225905585705,-87.5,-68.87108840855717,8.105268374882288,115593.35,938780,61975.25,-689.0,-1.1111469487808057,
2022-10-13,16300,16515,16260,16380,70195,58503,,,,16458.0,16555.0,16797.0,16149.333333333334,16537.521919493993,366.07142857142856,38.51851851851852,56.566677224815066,151.18065764214435,-94.61398041732929,17471.08729717339,16122.912702826607,16797.0,1348.174594346785,19.88710641073728,22.764725269060875,14.131868694090095,-85.77586206896552,-64.62086816526899,18.170854603426353,112978.4,1008975,61139.1,-2816.0,-4.59237756649652,
2022-10-14,16360,17335,16300,17175,178956,72908,,,,16543.0,16580.0,16830.5,16157.583333333334,16598.23411763742,402.14285714285717,55.693950177935946,101.8743102879198,141.31938817129944,-39.44507788337964,17510.057905824386,16150.942094175614,16830.5,1359.1158116487713,41.82949951192008,29.11965001668061,67.24919850239903,-17.24137931034483,17.32016029941122,54.63789590240254,115899.35,1187931,60918.15,14405.0,24.62266892296121,
2022-10-17,16970,17290,16970,17200,113652,67141,,,,16689.0,16629.5,16840.25,16176.75,16655.545154052903,395.35714285714283,53.19548872180451,138.20508479277487,140.69652749559452,-2.491442702819654,17535.757955230907,16144.742044769093,16840.25,1391.0159104618142,57.20180919842291,38.48036974392804,94.64468810741266,-15.086206896551724,47.500247306036464,49.333138565797945,114656.45,1301583,60323.5,-5767.0,-7.909968727711636,
2022-10-18,17200,17255,17065,17180,89652,63137,,,,16859.0,16688.0,16825.25,16190.583333333334,16705.493234619295,384.2857142857143,47.72727272727273,163.49893849551881,145.25700969557937,18.241928799939444,17474.034085404142,16176.465914595858,16825.25,1297.5681708082848,66.85477756085336,47.93850568290314,104.68732131675381,-15.350877192982455,54.76564955204115,37.72296989821895,113129.45,1211931,59756.95,-4004.0,-5.963569205105667,
2022-10-19,17180,17485,17160,17400,112215,62892,,,,17067.0,16781.5,16842.0,16209.083333333334,16771.636736084125,380.0,53.39805825242718,199.00268212592346,156.0061441816482,42.996537944275246,17532.784451109565,16151.215548890437,16842.0,1381.5689022191273,75.67221391195999,57.18307509258875,112.65049155070244,-6.692913385826771,78.57783621438811,60.649876829444985,111125.35,1324146,59483.4,-245.0,-0.38804504490235203,
2022-10-20,17395,17790,17395,17705,135804,62382,,,,17332.0,16895.0,16872.75,16230.75,16860.528475504685,378.2142857142857,65.11627906976744,248.88165298021704,174.581245941362,74.30040703885504,17658.273459397085,16087.226540602916,16872.75,1571.046918794169,81.98253414236486,65.44956144251412,115.04847954206633,-5.396825396825397,105.31949382318956,100.0,111504.0,1459950,59151.1,-510.0,-0.8109139477199045,
2022-10-21,17730,17880,17420,17475,137988,53916,,,,17392.0,16967.5,16904.25,16253.083333333334,16919.049573075667,386.42857142857144,64.86486486486487,266.77678224805277,193.02035320270016,73.7564290453526,17734.35002567858,16074.149974321417,16904.25,1660.2000513571638,79.88024798680179,70.25979029061001,99.12116337918533,-24.324324324324323,86.71385738154784,99.28486039524235,113056.25,1321962,58769.8,-8466.0,-13.571222468019617,
2022-10-24,17550,17750,17370,17485,149335,45046,,,,17449.0,17069.0,16935.75,16277.5,16972.949613735127,391.42857142857144,67.8714859437751,278.5547122185999,210.12722500588012,68.42748721271977,17804.877057515336,16066.622942484664,16935.75,1738.2541150306715,78.67892408329328,73.06616822150444,89.90443580687096,-23.723723723723722,71.83875457008065,100.0,112803.55,1471297,58131.85,-8870.0,-16.451517174864605,
2022-10-25,17485,17825,17460,17755,99879,40547,,,,17564.0,17211.5,16972.0,16303.0,17047.43060290321,391.07142857142856,74.52471482889734,306.1464839936052,229.33107680342513,76.81540719018008,17915.015320520746,16028.984679479254,16972.0,1886.0306410414923,83.21393292795683,76.44875645698858,96.74428586989336,-7.5075075075075075,79.38184042140675,100.00000000000001,111448.5,1571176,57291.45,-4499.0,-9.987568263552815,
2022-10-26,17695,17755,17470,17580,87546,28424,,,,17600.0,17333.5,16986.5,16326.0,17098.15149786481,396.07142857142856,68.70370370370371,310.31500622195745,245.52786268713163,64.78714353482582,17958.57374639019,16014.426253609812,16986.5,1944.1474927803774,82.48017469458726,78.4592292028548,90.52206567805217,-18.01801801801802,66.02981228745071,86.93797859073544,108807.15,1483630,55844.2,-12123.0,-29.89863615064,
2022-10-27,17350,17450,17110,17170,123639,87370,,,,17493.0,17412.5,16983.75,16353.833333333334,17104.994212353875,406.7857142857143,57.16723549488054,277.3380363869401,251.88989742709333,25.448138959846744,17953.290721437897,16014.209278562103,16983.75,1939.081442875795,62.31279045573217,73.07708295381391,40.78420545956868,-42.64264264264264,27.672486806389774,61.050793101816545,107388.25,1359991,57998.8,58946.0,207.3810864058542,
2022-10-28,17240,17240,16640,16800,191498,76435,,,,17358.0,17375.0,16977.5,16370.833333333334,17075.947144510646,404.64285714285717,55.46357615894039,218.8251621699128,245.27695037565724,-26.451788205744435,17950.241649046384,16004.758350953616,16977.5,1945.4832980927677,45.84293557263865,63.99903382675549,9.530739064404969,-64.86486486486487,-8.640389401549834,53.38939590981329,111304.1,1168493,60295.4,-10935.0,-12.515737667391559,
2022-10-31,16900,16900,16495,16555,135075,74553,,,,17172.0,17310.5,16970.0,16383.75,17026.333130747727,409.2857142857143,53.599999999999994,150.9438486133222,226.41033002319023,-75.46648140986804,17953.837812906815,15986.162187093185,16970.0,1967.6756258136302,32.00600036972541,53.33468934107881,-10.651377572981374,-79.57957957957957,-33.8264348703102,48.64714664897145,113093.2,1033418,63073.6,-1882.0,-2.4622228036894067,
2022-11-01,16555,16780,16410,16725,130840,67187,,,,16966.0,17265.0,16976.5,16391.333333333332,16997.63473734318,418.2142857142857,55.5895865237366,109.6015790335041,203.048579825253,-93.4470007917489,17951.584881595336,16001.415118404662,16976.5,1950.1697631906736,28.480190722674088,45.04985646827724,-4.659140768532211,-71.29629629629629,-35.73672006797874,47.41147289778378,114313.35,1164258,62642.15,-7366.0,-9.880219441202897,
2022-11-02,16750,16960,16575,16660,122655,64064,,,,16782.0,17191.0,16986.25,16397.083333333332,16965.479048072404,427.5,54.22960725075529,70.77670595491873,176.59420505118615,-105.81749909626743,17943.53714825309,16028.962851746912,16986.25,1914.5742965061781,24.65572805547887,38.25181366401112,-2.5364431615856233,-77.21518987341773,-27.69074556436499,24.264758176633425,114361.75,1041603,62313.8,-3123.0,-4.64822063792103,
2022-11-03,16705,16745,16520,16595,112256,61440,,,,16667.0,17080.0,16987.5,16403.25,16930.195329208364,369.64285714285717,38.759689922480625,34.36660076850967,148.14868419465085,-113.78208342614118,17942.561309688106,16032.438690311894,16987.5,1910.1226193762122,20.795220352651405,32.43294922689121,-2.4802373958282047,-87.41496598639456,-40.1869955254397,0.0,115596.4,929347,62008.55,-2624.0,-4.095904095904091,
2022-11-04,16550,16835,16455,16760,128029,60728,,,,16659.0,17008.5,16988.0,16411.5,16913.98625023614,373.92857142857144,41.91176470588235,18.610916069545056,122.24113056962969,-103.63021450008463,17942.5481157402,16033.451884259803,16988.0,1909.0962314803965,22.10847434581943,28.991457599867285,8.342507837723723,-76.19047619047619,-33.05448992204947,8.813288377820196,117218.2,1057376,61735.85,-712.0,-1.1588541666666674,
2022-11-07,16850,16945,16420,16465,145850,59940,,,,16641.0,16906.5,16987.75,16414.583333333332,16871.225654975555,397.85714285714283,38.06343906510852,-17.478135088556883,94.29727743799239,-111.77541252654927,17942.87178887247,16032.628211127529,16987.75,1910.2435777449427,16.102056007497964,24.694990402410845,-1.0838127823277972,-96.25850340136054,-41.60481877620178,0.0,120480.75,911526,61497.0,-788.0,-1.2975892504281439,
2022-11-08,16400,16575,16265,16490,142093,58512,,,,16594.0,16780.0,16995.75,16426.583333333332,16834.918449739787,396.7857142857143,33.75,-43.55954969859522,66.72591201067486,-110.28546170927008,17930.130036511688,16061.369963488312,16995.75,1868.7600730233753,17.063817929049275,22.151266244623656,6.888921297900509,-86.06811145510837,-60.47327334675747,0.0,123892.15,1053619,61322.2,-1428.0,-2.3823823823823864,
2022-11-09,16535,16605,16350,16455,107892,56013,,,,16553.0,16667.5,17000.5,16441.166666666668,16798.73574024076,386.7857142857143,25.29644268774703,-66.28932411160713,40.12286478621847,-106.4121888978256,17922.15126410784,16078.848735892157,17000.5,1843.3025282156832,17.871605115092677,20.724712534779997,12.165390275718039,-88.23529411764706,-59.353036157854,0.0,125752.45,945727,61056.9,-2499.0,-4.270918785890077,
2022-11-10,16500,16640,16380,16580,130927,56917,,,,16550.0,16608.5,17010.5,16460.833333333332,16777.903764979736,372.5,31.54639175257732,-73.37060806354566,17.424170216265647,-90.79477827981131,17907.822919050122,16113.177080949876,17010.5,1794.6458381002467,27.02231707912653,22.823914049562173,35.41912313825524,-79.8076923076923,-54.26655547934416,12.695852998679403,128789.05,1076654,60977.6,904.0,1.6139110563619052,
2022-11-11,16535,17290,16520,17055,202047,64371,,,,16609.0,16634.0,17004.5,16484.25,16804.293882600712,400.35714285714283,42.56055363321799,-40.190752378442994,5.901185697323919,-46.09193807576691,17898.79125127403,16110.208748725972,17004.5,1788.5825025480572,43.705934963320125,29.78458768748149,71.5486295149974,-49.35897435897436,-6.166004018863232,35.06950415803798,129943.6,1278701,60550.75,7454.0,13.096262979426188,
2022-11-14,17020,17140,16450,16515,158617,54005,,,,16619.0,16630.0,16970.25,16498.083333333332,16776.742084257785,423.57142857142856,30.37974683544303,-56.81404775474948,-6.641860993090762,-50.17218676165872,17885.24482310874,16055.25517689126,16970.25,1829.9896462174802,37.26737127635976,32.278848883774245,47.244416061530785,-83.22147651006712,-32.274730011139496,11.710723111111193,132191.85,1120084,59893.95,-10366.0,-16.10352487921579,
2022-11-15,16750,16890,16510,16870,128998,48955,,,,16695.0,16644.5,16954.75,16518.75,16785.62379051895,430.35714285714283,39.37125748502994,-40.87145526889799,-13.487779848252208,-27.38367542064578,17865.276019166366,16044.223980833633,16954.75,1821.052038332733,44.51971093220732,36.35913623325193,60.84086033011809,-48.9451476793249,-23.676903039760926,44.16211069005036,134159.15,1249082,59184.85,-5050.0,-9.350986019812979,
2022-11-16,16820,17115,16820,17055,148224,50032,,,,16815.0,16684.0,16937.5,16543.416666666668,16811.278667612383,417.85714285714283,48.154093097913325,-13.157213802558545,-13.421666639113475,0.26445283655493057,17825.297392723318,16049.702607276682,16937.5,1775.5947854466358,55.37086419870732,42.69637888840373,80.71983481931449,-22.926829268292682,5.5961649864960155,75.45486376032855,135959.6,1397306,58541.85,1077.0,2.1999795730773153,
2022-11-17,16900,16985,16330,16580,167669,46951,,,,16815.0,16682.5,16881.25,16560.416666666668,16789.252127839776,426.7857142857143,46.58385093167701,-29.18557488958686,-16.574448289208153,-12.611126600378707,17704.509727514574,16057.990272485426,16881.25,1646.519455029149,47.15781190482927,44.18352322721224,53.10638926006335,-69.26829268292683,-32.792393702658124,70.27137348035703,137552.85,1229637,57770.3,-3081.0,-6.158058842340896,
2022-11-18,16610,16610,16320,16505,117900,44661,,,,16705.0,16657.0,16832.75,16582.416666666668,16762.18049661694,418.57142857142856,49.18032786885246,-47.39371448894235,-22.738301529154995,-24.655412959787355,17622.330001613118,16043.169998386882,16832.75,1579.1600032262359,39.243419318666675,42.53682192436372,32.65661410727259,-76.58536585365853,-47.668017123178394,78.84254374658313,136548.45,1111737,57307.55,-2290.0,-4.877425400949931,
2022-11-21,16500,16685,16340,16680,114400,41290,,,,16738.0,16678.5,16792.5,16606.083333333332,16754.353782653423,416.7857142857143,49.26350245499182,-47.15913765665391,-27.62246875465478,-19.536668901999132,17521.858045060682,16063.141954939318,16792.5,1458.7160901213647,38.53341356639634,41.202352471707925,33.195535755773165,-59.51219512195122,-32.30969227812934,82.8359432133713,134801.7,1226137,57119.75,-3371.0,-7.547972503974387,
2022-11-22,16620,16995,16585,16840,98558,34817,,,,16732.0,16713.5,16746.75,16631.5,16762.51056525786,418.57142857142856,52.857142857142854,-33.67439355549868,-28.83285371482356,-4.8415398406751216,17319.979769308135,16173.520230691865,16746.75,1146.4595386162691,43.5583581851577,41.98768770952452,46.699699136424044,-43.90243902439025,9.959770859438803,100.0,134735.65,1324695,56833.25,-6473.0,-15.676919350932428,
2022-11-23,16800,16925,16645,16765,82966,29204,,,,16674.0,16744.5,16706.0,16653.833333333332,16762.74765428092,422.5,52.689873417721515,-28.708575316064525,-28.807998035071755,0.09942271900722943,17124.928457653074,16287.071542346926,16706.0,837.8569153061471,44.331001676703075,42.768792365250704,47.45542029960782,-51.21951219512195,17.388548482890126,99.39308711900186,134506.65,1241729,56872.25,-5613.0,-16.121434931211766,
2022-11-24,16840,16990,16710,16790,70385,21221,,,,16716.0,16765.5,16687.0,16675.916666666668,16765.343115777974,415.35714285714283,50.496688741721854,-22.496511734560045,-27.545700774969415,5.04918904040937,17047.750679322413,16326.249320677587,16687.0,721.5013586448258,48.65969217471262,44.73242563507134,56.514225253995164,-48.78048780487805,45.10235471577872,91.43543487316003,131843.95,1312114,53564.8,-7983.0,-27.335296534721277,
2022-11-25,16695,16785,16550,16760,99192,67100,,,,16767.0,16736.0,16685.0,16695.416666666668,16764.834247608644,395.0,55.35390199637023,-19.766302242103848,-25.989821068396303,6.223518826292455,17043.54971027299,16326.450289727009,16685.0,717.099420545981,50.88843209970359,46.78442778994875,59.09644071921326,-51.707317073170735,6.460665261276863,100.0,127228.65,1212922,53098.05,45879.0,216.19622072475377,
2022-11-28,16730,16815,16400,16655,139552,62987,,,,16762.0,16750.0,16690.0,16715.416666666668,16754.37384307449,402.5,52.91005291005291,-25.778060591412213,-25.947468972999488,0.16940838158727445,17043.6724622109,16336.327537789102,16690.0,707.3449244217973,47.971742993093805,47.18019952433043,49.55482993062054,-65.4639175257732,-18.215238663069684,91.86940898355901,127452.5,1073370,52519.75,-4113.0,-6.129657228017882,
2022-11-29,16760,16900,16515,16840,131746,71446,,,,16762.0,16747.0,16695.75,16740.416666666668,16762.528715162633,411.7857142857143,56.448911222780566,-15.436525844099378,-23.845280347219465,8.408754503120086,17055.505399359656,16335.994600640346,16695.75,719.5107987193096,57.66017434107488,50.67352446324524,71.63347409673415,-46.391752577319586,22.75821233121888,100.0,127497.8,1205116,52732.7,8459.0,13.429755346341299,
2022-11-30,16800,16905,16685,16765,84894,70742,,,,16762.0,16718.0,16701.0,16766.666666666668,16762.764075623334,408.92857142857144,53.15161839863714,-13.141174964082893,-21.704459270592153,8.56328430650926,17061.622269213418,16340.377730786582,16701.0,721.2445384268358,60.41542486935856,53.92082459861635,73.40462541084298,-54.123711340206185,32.68522467589022,87.35175099918044,125609.75,1120222,53066.6,-704.0,-0.985359572264366,
2022-12-01,16800,16935,16735,16855,92811,71205,,,,16775.0,16745.5,16714.0,16787.416666666668,16771.54844937349,368.2142857142857,46.07843137254902,-4.013578975875134,-18.16628321164875,14.152704235773616,17077.26878551056,16350.731214489437,16714.0,726.5375710211247,66.4856013123968,58.10908350320983,83.23863693077072,-34.75609756097561,46.821187142883375,60.21936224672872,124637.5,1213033,53554.85,463.0,0.6544909671764909,
2022-12-02,16900,16925,16770,16895,87799,75610,,,,16802.0,16784.5,16720.75,16812.583333333332,16783.30573990935,330.0,59.26829268292683,6.374293424869393,-13.258167884345122,19.632461309214513,17092.534813256843,16348.965186743158,16720.75,743.5696265136849,72.05482664523932,62.757664550552995,90.64915083461197,-27.67295597484277,49.53271328897487,100.0,122626.0,1300832,54298.95,4405.0,6.186363317182786,
2022-12-05,16920,17330,16660,17215,160236,80695,,,,16914.0,16838.0,16758.25,16838.75,16824.419478965603,350.7142857142857,58.560794044665016,39.96736389924263,-2.613061527627572,42.5804254268702,17170.513010072074,16345.986989927926,16758.25,824.5260201441488,77.2480206308764,67.58778324399412,96.56849540464094,-11.386138613861386,96.28855641765284,94.63604186872571,123345.3,1461068,55336.7,5085.0,6.725300886126173,
2022-12-06,17115,17305,17060,17230,85939,80875,,,,16992.0,16877.0,16795.25,16861.916666666668,16863.046195254592,347.14285714285717,54.74254742547424,67.02783377062588,11.315117532023118,55.71271623860276,17237.855622244126,16352.644377755874,16795.25,885.2112444882514,81.24778436323659,72.14111695040827,99.46111918889324,-9.900990099009901,112.42910073088275,65.68769639835622,120537.6,1547007,56454.85,180.0,0.22306214759277854,
2022-12-07,17255,17420,17110,17220,106638,78607,,,,17083.0,16922.5,16833.5,16876.0,16897.041795706537,317.5,73.18840579710145,86.66748584910965,26.385591195440426,60.28189465366923,17284.441704716515,16382.558295283487,16833.5,901.8834094330286,80.96257519640609,75.08160303240754,92.7245195244032,-18.181818181818183,107.25592813672338,100.0,120474.9,1440369,57584.55,-2268.0,-2.8043276661514738,
2022-12-08,17220,17335,17145,17265,79399,81196,,,,17165.0,16970.0,16867.75,16891.75,16932.085434210676,310.35714285714283,78.14814814814815,104.65675758183352,42.03982447271905,62.61693310911447,17341.119500718552,16394.380499281448,16867.75,946.7390014371049,82.24302398714654,77.46874335065388,91.79158526013185,-14.351851851851851,92.89960953283698,100.0,117898.5,1519768,58798.5,2589.0,3.2935998066329963,
2022-12-09,17300,17550,17200,17465,122325,84193,,,,17279.0,17040.5,16888.25,16907.75,16982.83920238109,310.7142857142857,78.54545454545455,133.51266269913685,60.33439211800261,73.17827058113424,17426.788714827842,16349.711285172158,16888.25,1077.0774296556847,85.42449586260656,80.1206608546381,96.03216587854345,-7.391304347826087,107.39329369349649,100.0,113912.4,1642093,59789.6,2997.0,3.6910685255431286,
2022-12-12,17385,17765,17350,17550,124329,81168,,,,17346.0,17130.0,16940.0,16916.833333333332,17036.85451644003,311.07142857142856,77.3076923076923,161.37968052381257,80.5434497991646,80.83623072464796,17524.474572856503,16355.525427143495,16940.0,1168.949145713008,83.79732605018417,81.34621591982012,88.69954631091227,-15.750915750915752,111.01549575914284,96.18763250584927,112198.0,1766422,61147.75,-3025.0,-3.592935279655074,
2022-12-13,17575,17645,17400,17495,94883,79372,,,,17399.0,17195.5,16971.25,16917.083333333332,17080.487419636218,308.57142857142856,78.515625,176.98626508133384,99.83201285559846,77.15425222573538,17604.743862388746,16337.756137611252,16971.25,1266.9877247774948,81.05342098669895,81.24861760877974,80.6630277425374,-19.78021978021978,89.07793329422232,99.90812355880091,110492.25,1671539,62668.6,-1796.0,-2.212694657993297,
2022-12-14,17505,17690,17430,17615,100695,77271,,,,17478.0,17280.5,16999.25,16926.25,17131.393379670862,307.14285714285717,80.0,196.76935822376618,119.21948192923202,77.54987629453416,17694.794277602272,16303.705722397728,16999.25,1391.0885552045438,82.84406044663791,81.7804318880658,84.97131756378212,-10.989010989010989,86.55004456947366,100.0,108115.8,1772234,64030.55,-2101.0,-2.647029179055582,
2022-12-15,17550,17760,17465,17585,96734,72533,,,,17542.0,17353.5,17049.5,16934.5,17174.5940101784,311.07142857142856,80.0,207.63338438124265,136.90226241963416,70.7311219616085,17762.506237516085,16336.493762483913,17049.5,1426.012475032172,83.1328427110316,82.23123549572108,84.93605714165264,-13.186813186813186,79.29640728439162,100.0,104569.05,1675500,65309.65,-4738.0,-6.131666472544683,
2022-12-16,17600,17835,17105,17225,177061,56896,,,,17494.0,17386.5,17085.5,16940.833333333332,17179.3945806376,333.57142857142856,67.48466257668711,185.06094465412025,146.53399886653136,38.526945787588886,17754.071926611217,16416.928073388783,17085.5,1337.1438532224347,62.51866933423612,75.66038010855942,36.235247785589536,-46.21212121212121,45.60220379206958,63.10507464803715,107527.1,1498439,65921.4,-15637.0,-21.55846304440737,
2022-12-19,17250,17250,16620,16640,154214,46538,,,,17312.0,17329.0,17083.5,16937.25,17128.02366819592,351.07142857142856,45.07389162561576,118.60036145305276,140.94727138383564,-22.346909930782886,17757.39754023653,16409.60245976347,17083.5,1347.7950804730572,42.22780973448389,64.51618998386758,-2.3489507642834724,-98.35390946502058,-36.3597921050145,0.0,109517.8,1344225,66183.8,-10358.0,-18.205146231721038,
2022-12-20,16745,16745,16325,16375,119786,40458,,,,17088.0,17243.5,17060.25,16926.333333333332,17056.30712836774,365.35714285714283,41.216216216216225,44.03893174904806,121.56560345687814,-77.52667170783008,17798.53018501037,16321.969814989627,17060.25,1476.5603700207448,29.255625915704496,52.76266862781321,-17.758459508512942,-96.6887417218543,-81.60161226328496,0.0,110579.2,1224439,66465.85,-6080.0,-13.064592376122741,
2022-12-21,16480,16515,16210,16390,90650,37979,,,,16843.0,17160.5,17041.5,16911.333333333332,16992.84930661843,372.85714285714283,39.16083916083917,-13.683429776869161,94.51579681012869,-108.19922658699785,17828.77444555986,16254.225554440141,17041.5,1574.5488911197172,23.196058302777356,42.907131852801264,-16.226088797270464,-88.92307692307692,-87.38303796420409,0.0,110963.4,1315089,66904.6,-2479.0,-6.127341934846009,
2022-12-22,16430,16475,16235,16275,59748,33491,,,,16581.0,17061.5,17015.75,16895.5,16924.482705988106,378.92857142857144,36.036036036036045,-67.92535484957989,62.02756647818698,-129.9529213277669,17868.616837264333,16162.883162735667,17015.75,1705.7336745286666,16.797372201851573,34.203878635818036,-18.015640666081353,-96.0,-83.28648411306091,0.0,110431.55,1255341,67518.1,-4488.0,-11.817056794544357,
2022-12-23,16400,16445,16210,16310,118245,73509,,,,16398.0,16946.0,16993.25,16885.25,16865.960543513047,347.85714285714283,26.614987080103347,-106.85648868318822,28.25075544591195,-135.10724412910017,17896.765211184687,16089.734788815313,16993.25,1807.0304223693747,13.249530185849768,27.219095819161947,-14.689601080774587,-93.84615384615384,-77.48042749515696,0.0,111384.2,1373586,67838.55,40018.0,119.48881789137383,
2022-12-26,16400,16580,16305,16540,92431,73408,,,,16378.0,16845.0,16987.5,16882.5,16834.91668222609,350.0,33.95348837209302,-117.79277315472427,-0.9579502742152926,-116.83482288050898,17901.482033682685,16073.517966317313,16987.5,1827.964067365372,15.602250893130613,23.346814177151504,0.11312432508882608,-79.6923076923077,-58.08907099359706,13.746369796708628,109028.15,1466017,68359.6,-101.0,-0.13739814172414322,
2022-12-27,16450,16825,16445,16735,89209,69620,,,,16450.0,16769.0,16982.25,16884.833333333332,16825.400807728365,355.0,39.61456102783726,-109.46316385858154,-22.658992991088542,-86.804170867493,17900.99327781286,16063.50672218714,16982.25,1837.486555625721,21.170731364651175,22.621453239651395,18.269287614650736,-67.6923076923077,-35.731141882457166,24.350605603935254,106901.3,1555226,68268.3,-3788.0,-5.160200523103753,
2022-12-28,16700,16775,16615,16715,85050,70652,,,,16515.0,16679.0,16979.75,16889.0,16814.88644508757,352.85714285714283,38.095238095238095,-103.28511482190515,-38.78421735725186,-64.50089746465329,17901.250349830018,16058.249650169982,16979.75,1843.000699660035,24.472795268741805,23.2385672493482,26.941251307529015,-68.92307692307692,-31.387619017851577,21.504632830867116,106909.1,1470176,68263.8,1032.0,1.4823326630278633,
2022-12-29,16750,16895,16720,16800,87423,68301,,,,16620.0,16600.5,16977.0,16892.833333333332,16813.468688412562,340.7142857142857,34.851936218678816,-90.48709788636552,-49.124793463074596,-41.36230442329092,17900.39419648667,16053.605803513328,16977.0,1846.7883929733434,35.22545325608428,27.234195918260227,51.207967931732384,-63.69230769230769,-19.703860964949307,15.42932873489209,106639.7,1557599,68118.6,-2351.0,-3.3275774217290333,
2022-12-30,16760,16835,16665,16820,86209,65660,,,,16722.0,16560.0,16973.25,16894.0,16814.09071808756,323.2142857142857,32.86384976525822,-77.83352794671009,-54.866540359801704,-22.966987586908388,17898.653326009517,16047.846673990483,16973.25,1850.8066520190332,53.16733380089316,35.878575212471205,87.74485097773706,-62.46153846153846,-22.624572718564927,11.70527521372186,106560.2,1643808,67621.1,-2641.0,-3.8667076616740625,
2023-01-03,16850,16970,16420,16860,97202,65947,,,,16786.0,16582.0,16955.5,16900.5,16818.463030650648,345.0,34.98817966903073,-63.84188736211945,-56.66160976026526,-7.180277601854193,17874.978685251368,16036.021314748634,16955.5,1838.9573705027342,63.95366113042,45.2369371851208,101.38710902101839,-60.0,-23.325663563677313,15.684537908590977,103408.5,1741010,66883.7,287.0,0.43710021321961,
2023-01-04,16950,17150,16880,16940,93915,60433,,,,16827.0,16638.5,16941.0,16910.666666666668,16830.03798011249,347.14285714285717,33.73493975903615,-45.77046653530488,-54.48338111527318,8.712914579968306,17851.353314869968,16030.646685130032,16941.0,1820.706629739936,68.5222989096417,52.99872442662777,99.56944787566958,-55.07692307692308,4.1706814285143,13.336987835174225,103807.3,1834925,65861.6,-5514.0,-8.361259799535992,
2023-01-05,16840,16860,16545,16600,98914,61365,,,,16804.0,16659.5,16910.0,16914.666666666668,16808.12960105416,354.2857142857143,29.35010482180293,-58.21285230877038,-55.229275353972625,-2.983576954797755,17822.57299635931,15997.427003640687,16910.0,1825.1459927186243,59.51131984047036,55.1695895645753,68.19478039226048,-76.0,-28.245141305577675,6.692291310040391,103421.1,1736011,64999.5,932.0,1.542203762844796,
2023-01-06,16670,16750,16495,16705,89456,59936,,,,16785.0,16702.5,16882.0,16920.083333333332,16798.307734287097,320.35714285714283,37.79342723004695,-58.92169754657152,-55.96775979249241,-2.9539377540791136,17783.001781644365,15980.998218355635,16882.0,1802.0035632887302,55.45330592914986,55.26416168610015,55.8315944152493,-52.40384615384615,-27.133799579082496,60.55852405749192,103923.95,1825467,63936.5,-1429.0,-2.3286889920964726,
2023-01-09,16685,17085,16655,17030,103145,57067,,,,16827.0,16774.5,16860.25,16917.666666666668,16820.373664354993,306.07142857142856,60.42780748663102,-32.87966236197826,-51.35014030638958,18.470477944411314,17722.14799738411,15998.35200261589,16860.25,1723.7959947682193,64.82275189797205,58.45035842339078,77.56753884713459,-12.76595744680851,6.2701280577128875,100.0,102964.95,1928612,62580.2,-2869.0,-4.786772557394558,
2023-01-10,17000,17080,16875,16995,84510,53887,,,,16854.0,16820.0,16832.5,16914.25,16837.004743940233,290.7142857142857,68.90243902439025,-14.893684227477934,-44.058849090607254,29.16516486312932,17634.55328606285,16030.446713937152,16832.5,1604.1065721256964,69.47087569453845,62.12386418044001,84.16489872273533,-16.48936170212766,17.75278148026477,100.00000000000001,100974.0,1844102,61216.15,-3180.0,-5.5723973574920755,
2023-01-11,17095,17110,16625,16770,107173,52022,,,,16820.0,16823.5,16796.25,16907.416666666668,16830.62333975545,303.57142857142856,60.27027027027027,-18.581095270503283,-38.96329832658646,20.382203056083178,17535.288315365957,16057.211684634043,16796.25,1478.0766307319136,62.295652289509654,62.18112688346322,62.52470310160251,-40.42553191489362,3.832834048068462,79.58692624589267,101588.5,1736929,59848.65,-1865.0,-3.4609460537792014,
2023-01-12,16800,16930,16600,16865,85322,47186,,,,16873.0,16838.5,16758.75,16898.5,16833.897307397787,310.0,66.12021857923497,-13.679994574631564,-33.90663757619548,20.226643001563914,17391.30434549136,16126.19565450864,16758.75,1265.1086909827209,61.85006956286945,62.07077444326529,61.40865980207775,-30.319148936170212,4.762085257586328,93.42069498814729,100819.85,1822251,58344.4,-4836.0,-9.296067048556377,
2023-01-13,16810,17090,16760,16895,91921,43546,,,,16911.0,16848.0,16724.25,16885.0,16839.71661145514,316.7857142857143,66.02739726027397,-7.2910410998047155,-28.58351828091733,21.292477181112613,17229.51986015292,16218.98013984708,16724.25,1010.5397203058383,62.92287742547461,62.3548087706684,64.05901473508703,-30.17751479289941,35.15609418519054,92.73104401527785,100579.2,1914172,56895.05,-3640.0,-7.714152502861015,
2023-01-16,16925,17110,16770,17040,90898,39864,,,,16913.0,16870.0,16715.0,16877.75,16858.791219887982,321.42857142857144,64.36781609195403,9.364589583889028,-20.993896707956058,30.358486291845086,17187.373625539432,16242.62637446057,16715.0,944.747251078863,69.6839539070594,64.7978571494654,79.45614742224743,-15.068493150684931,60.27768802752145,88.53513193631036,96271.05,2005070,56043.45,-3682.0,-8.455426445597759,
2023-01-17,16965,17230,16965,17135,70186,32493,,,,16941.0,16897.5,16739.75,16871.916666666668,16885.09681799389,313.2142857142857,62.19512195121952,29.88550149180446,-10.818017068003954,40.703518559808415,17246.218422666112,16233.28157733389,16739.75,1012.9368453322222,75.48091258203053,68.35887562698711,89.72498649211735,-11.728395061728396,82.49646192703071,83.04191849002943,92069.65,2075256,55341.2,-7371.0,-18.49036724864539,
2023-01-18,16965,17220,16965,17170,59564,26016,,,,17021.0,16920.5,16779.5,16862.166666666668,16912.230454375425,320.0,63.74622356495469,48.41458630294437,1.028503606185712,47.38608269675866,17290.205394528002,16268.794605471998,16779.5,1021.4107890560044,80.93285328597953,72.55020151331792,97.69815683130275,-7.407407407407407,74.80945758627605,86.96356216797373,89058.55,2134820,54619.1,-6477.0,-19.933524143661707,
2023-01-19,17260,17310,17125,17200,74062,66041,,,,17088.0,16980.5,16820.0,16855.833333333332,16939.637077768242,320.35714285714283,62.50000000000001,64.77310475836202,13.777423836620974,50.99568092174105,17329.116882454317,16310.883117545683,16820.0,1018.233764908633,82.12424960849339,75.74155087837642,94.88964706872733,-12.359550561797754,84.65344337902994,83.81274037684626,88229.15,2208882,56022.2,40025.0,153.84763222632225,
2023-01-20,17200,17345,17140,17220,77666,67687,,,,17153.0,17032.0,16867.25,16856.666666666668,16966.33830845698,322.85714285714283,62.50000000000001,78.44689437718625,26.71131794473403,51.73557643245222,17337.305707784784,16397.194292215216,16867.25,940.1114155695686,82.48999190901796,77.99103122192359,91.4879132832067,-13.513513513513514,82.92051248528848,83.81274037684626,89125.05,2286548,57732.0,1646.0,2.492391090383239,
2023-01-30,17255,17470,17085,17210,82790,68372,,,,17187.0,17050.0,16912.25,16863.5,16989.54418384203,311.07142857142856,61.146496815286625,87.46827491185104,38.86270933815744,48.6055655736936,17326.71827064134,16497.78172935866,16912.25,828.936541282681,78.36497544892384,78.11567929759033,78.86356775159086,-26.666666666666668,83.43996644037796,80.3906839748632,87352.3,2203758,57475.15,685.0,1.0120111690575806,
2023-01-31,17250,17455,17235,17355,83169,71426,,,,17231.0,17086.0,16953.0,16876.833333333332,17024.349499666598,307.85714285714283,62.691131498470945,105.10647020354736,52.111461511235426,52.995008692311934,17373.58105170423,16532.41894829577,16953.0,841.1621034084601,81.17052003108333,79.133959542088,85.243641009074,-11.794871794871796,95.0567417167134,84.29597733952959,86889.2,2286927,57376.05,3054.0,4.466740771075872,
2023-02-01,17320,17395,17220,17370,67019,70308,,,,17271.0,17146.0,16984.75,16887.583333333332,17057.268594936446,292.14285714285717,79.38931297709924,118.92435574315459,65.47404035761926,53.45031538553533,17431.121039901966,16538.378960098034,16984.75,892.7420798039311,82.75217767330437,80.34003225249346,87.5764685149262,-10.256410256410257,80.16470949187713,100.00000000000001,85779.7,2353946,57410.45,-1118.0,-1.565256349228572,
2023-02-02,17390,17425,16700,16750,144703,70317,,,,17181.0,17134.5,16986.5,16889.083333333332,17028.004919228213,325.7142857142857,51.232876712328775,78.93638167027893,68.16650862015119,10.769873050127742,17428.672864505803,16544.327135494197,16986.5,884.3457290116057,57.33262061337176,72.67089503945289,26.65607176120949,-82.75862068965517,-5.377192003630512,0.0,88762.35,2209243,57393.7,9.0,0.012800819252434259,
2023-02-03,16800,16960,16665,16910,100081,67811,,,,17119.0,17136.0,16992.0,16894.333333333332,17016.766355492193,316.07142857142856,46.385542168674704,59.47074521238028,66.42735593859702,-6.956610726216738,17427.084988672817,16556.915011327183,16992.0,870.1699773456348,48.36667461181306,64.56948823023961,15.961047374959946,-64.36781609195403,-32.3792954376749,0.0,89395.25,2309324,57369.2,-2506.0,-3.5638608017975693,
2023-02-06,16880,16985,16765,16925,81690,64226,,,,17062.0,17124.5,16997.25,16897.083333333332,17008.026702588177,317.14285714285717,47.86585365853658,44.73874234408504,62.089633219694626,-17.350890875609586,17426.085326019333,16568.414673980667,16997.25,857.6706520386651,43.01049528986295,57.38315725011406,14.265171369360743,-62.64367816091954,-23.34720125275416,4.48527987439548,89169.3,2391014,57297.5,-3585.0,-5.286752886699797,
2023-02-07,16920,16965,16800,16815,62964,64485,,,,16954.0,17092.5,16995.0,16902.916666666668,16989.64320710359,294.2857142857143,51.475409836065566,23.911802862156037,54.454067148186915,-30.54226428603088,17427.325413499944,16562.674586500056,16995.0,864.6508269998885,34.884843650798906,49.88371938367568,4.887092185045361,-75.28735632183908,-33.05193525094214,15.422079182817571,87457.4,2328050,57224.4,259.0,0.4032634758509124,
2023-02-08,16820,16880,16740,16800,73711,64885,,,,16840.0,17055.5,16988.0,16908.083333333332,16971.5819492842,280.7142857142857,47.750865051903105,6.125319759648846,44.7883176704793,-38.662997910830455,17428.530780333287,16547.469219666713,16988.0,881.0615606665742,28.846624545667183,42.87135443767285,0.7971647616558499,-83.22981366459628,-42.9658227129637,4.1368693630604465,86447.2,2254339,57447.0,400.0,0.6202992944095431,
2023-02-09,16800,16860,16705,16740,70060,69097,,,,16838.0,17009.5,16995.0,16912.833333333332,16949.526525542846,268.2142857142857,44.74576271186441,-12.666088024474448,33.29743653148856,-45.963524555963005,17413.46838527383,16576.53161472617,16995.0,836.9367705476616,22.33667309255659,36.02646065596743,-5.042902034265097,-90.6832298136646,-55.198433203706166,0.0,85004.5,2184279,57833.6,4212.0,6.491484934884806,
2023-02-10,16720,16735,16305,16620,109769,73685,,,,16780.0,16949.5,16990.75,16913.5,16918.14304691972,275.0,35.51724137931035,-36.81700764993366,19.274547695204117,-56.09155534513778,17423.11528172612,16558.38471827388,16990.75,864.7305634522418,24.021550177646425,32.02482382986043,8.015002873218421,-72.96137339055794,-102.50363926882028,0.0,86020.15,2074510,58521.05,4588.0,6.6399409525739195,
2023-02-13,16575,16635,16490,16515,66547,71288,,,,16698.0,16880.0,16965.0,16904.5,16879.7484710226,266.42857142857144,28.767123287671225,-63.69516966247102,2.680604223669091,-66.37577388614011,17446.11712109478,16483.88287890522,16965.0,962.2342421895592,22.264366785097614,28.771338148272825,9.250424058747186,-81.97424892703863,-90.37565190697595,0.0,84190.25,2007963,59232.1,-2397.0,-3.253036574608126,
2023-02-14,16545,16555,16435,16500,52286,70988,,,,16635.0,16794.5,16940.25,16904.25,16843.58194997283,256.7857142857143,26.7361111111111,-85.22426902087318,-14.900370425239363,-70.32389859563382,17463.915974292377,16416.584025707623,16940.25,1047.3319485847533,20.646482618636504,26.063052971727387,9.813341912454739,-83.2618025751073,-87.41038961666766,0.0,82579.05,1955677,60087.15,-300.0,-0.42082818987767556,
2023-02-15,16545,16640,16455,16475,72766,65912,,,,16570.0,16705.0,16925.5,16897.666666666668,16808.478907118275,256.7857142857143,24.738675958188153,-103.11488226155052,-32.5432727925016,-70.57160946904892,17484.765495750315,16366.234504249685,16925.5,1118.5309915006292,22.097655079091005,24.741253674181927,16.81045788890917,-85.4077253218884,-74.47732898218997,0.0,80858.7,1882911,60781.65,-5076.0,-7.150504310587702,
2023-02-16,16520,16575,16420,16490,52770,62796,,,,16520.0,16679.0,16906.75,16888.25,16778.14758263082,253.21428571428572,24.475524475524466,-114.76006491722,-48.98663121744528,-65.77343369977473,17498.74284312886,16314.757156871137,16906.75,1183.9856862577235,23.800397503707728,24.42763495069053,22.545922609742128,-84.12017167381974,-72.71579431133163,0.0,79231.1,1935681,61562.15,-3116.0,-4.727515475179023,
2023-02-17,16530,16720,16510,16540,76151,56232,,,,16504.0,16642.0,16889.0,16887.583333333332,16755.466860475502,242.14285714285714,27.210884353741505,-118.58737252588253,-62.90677947913274,-55.68059304674979,17503.34260970998,16274.657390290022,16889.0,1228.6852194199582,27.735618537825353,25.530296146402137,32.14626332067178,-79.56521739130434,-51.71242910240678,4.981189520622124,78442.6,2011832,62196.45,-6564.0,-10.45289508885916,
2023-02-20,16550,16650,16440,16605,62718,54506,,,,16522.0,16610.0,16867.25,16889.25,16741.13668328736,239.64285714285714,23.02158273381295,-115.04936711926712,-73.33529700715961,-41.71407011210751,17489.829312216527,16244.670687783473,16867.25,1245.1586244330538,35.881716706376324,28.980769666393535,49.6836107863419,-73.21428571428571,-51.047087208533334,0.0,77033.6,2074550,62928.55,-1726.0,-3.06942666097596,
2023-02-21,16660,16835,16620,16785,71556,42734,,,,16579.0,16607.0,16849.75,16891.0,16745.314142021896,243.57142857142858,31.18971061093248,-96.60734730360855,-77.9897070664494,-18.61764023715915,17460.198282218207,16239.301717781791,16849.75,1220.8965644364162,52.74997329974637,36.90383754417781,84.44224481088348,-57.142857142857146,-18.414420340115594,28.706605434011657,77102.1,2146106,63440.6,-11772.0,-21.597622280115946,
2023-02-22,16745,17045,16745,16950,79631,27285,,,,16674.0,16622.0,16838.75,16892.833333333332,16764.80803325791,213.21428571428572,59.09090909090909,-67.89513978645482,-75.97079361045049,8.075653823995665,17432.60338435111,16244.89661564889,16838.75,1187.7067687022209,64.22070292055164,46.00945933630242,100.6431900890501,-12.837837837837839,11.291987520939683,100.0,78105.45,2225737,63504.05,-15449.0,-36.151542097627186,
2023-02-23,16895,16920,16730,16770,50625,17939,,,,16730.0,16625.0,16817.25,16892.916666666668,16765.302506280965,207.85714285714286,43.75,-58.98506107886715,-72.57364710413383,13.588586025266679,17386.66775433101,16247.83224566899,16817.25,1138.8355086620213,61.4804686137011,51.16646242876865,82.108480983566,-37.16216216216216,-3.554716955821498,57.468268359020854,76933.6,2175112,61098.95,-9346.0,-34.25325270295034,
2023-02-24,16780,16830,16635,16730,97890,60709,,,,16768.0,16636.0,16792.75,16891.916666666668,16761.940362825633,206.07142857142858,41.48471615720525,-54.52291894524387,-68.96350147235584,14.440582527111971,17330.488686293673,16255.011313706327,16792.75,1075.4773725873456,57.52031240913407,53.28441242222379,65.99211238295463,-42.567567567567565,-13.181112357675287,51.18790753285009,77944.8,2077222,60750.05,42770.0,238.41908690562462,
2023-02-27,16730,16750,16450,16505,84472,65944,,,,16748.0,16635.0,16757.5,16887.666666666668,16737.469852080336,215.71428571428572,37.6984126984127,-68.35431278419492,-68.84166373472365,0.4873509505287359,17272.000268528398,16242.999731471602,16757.5,1029.000537056796,42.88020827275605,49.81634437240121,29.00793607346573,-72.97297297297297,-40.263238381983555,40.6906129027616,78028.9,1992750,60628.65,5235.0,8.623103658436149,
2023-02-28,16550,16580,16460,16480,57318,67690,,,,16687.0,16633.0,16713.75,16884.75,16712.94891378697,214.28571428571428,37.40157480314961,-80.40621037557867,-71.15457306289466,-9.25163731268401,17158.389120375643,16269.110879624359,16713.75,889.2782407512841,31.786805515170702,43.80649808665771,7.747420372196686,-76.35135135135135,-51.53935837931561,39.86764800365503,76736.35,1935432,60441.85,1746.0,2.6477010797040013,
2023-03-01,16480,16510,16130,16290,131051,76105,,,,16555.0,16614.5,16659.75,16875.583333333332,16672.66806485488,230.35714285714286,33.92857142857143,-104.08896535030362,-77.74145152037646,-26.347513829927166,17023.841876779537,16295.658123220463,16659.75,728.1837535590748,27.019983276051875,38.210993149789104,4.637963528577416,-82.51366120218579,-101.6533155238117,30.23895868410828,79937.95,1804381,60731.7,8415.0,12.431673807061605,
2023-03-02,16350,16350,16155,16180,69142,77808,,,,16437.0,16583.5,16631.25,16865.833333333332,16625.74729677346,213.21428571428572,34.17266187050359,-130.2325600985896,-88.23967323601909,-41.992886862570515,17050.633946684713,16211.866053315287,16631.25,838.767893369426,19.834815808806898,32.085600702795034,-4.666753979169371,-94.53551912568307,-106.55433017726536,30.915684496826817,76159.9,1735239,61106.25,1703.0,2.2376979173510225,
2023-03-03,16160,16395,16110,16370,82988,71055,,,,16365.0,16566.5,16604.25,16857.75,16601.390411366465,223.21428571428572,45.08474576271187,-134.0746065811618,-97.40665990504763,-36.667946676114155,17017.558537739573,16190.941462260427,16604.25,826.6170754791456,22.49237274954328,28.887858051711117,9.701402145207602,-72.19251336898395,-79.45797226836103,61.1687693040552,75305.25,1818227,61268.45,-6753.0,-8.679056138186303,
2023-03-06,16345,16445,16240,16330,66216,66819,,,,16330.0,16539.0,16574.5,16848.333333333332,16575.54370552204,229.28571428571428,44.33333333333333,-138.7477244056172,-105.67487280516156,-33.072851600455635,16976.087638727775,16172.912361272225,16574.5,803.1752774555498,22.838052421264145,26.87125617489546,14.77164491400152,-76.47058823529412,-61.753863569398085,59.08552432759139,74531.55,1752011,61398.1,-4236.0,-5.96157905847583,
2023-03-07,16330,16340,16155,16190,60178,70305,,,,16272.0,16479.5,16543.25,16831.25,16538.825257377084,229.28571428571428,41.17647058823529,-151.99591957400116,-114.93908215892948,-37.05683741507168,16962.902425102893,16123.597574897107,16543.25,839.3048502057864,18.517549350801612,24.086687233530846,7.379273585343142,-91.44385026737967,-80.08816116753816,50.333315556503635,74392.25,1691833,61689.1,3486.0,5.217078974543177,
2023-03-08,16160,16160,15850,15915,107082,81254,,,,16197.0,16376.0,16499.0,16809.333333333332,16479.413328103077,242.5,34.66666666666667,-182.58073436890118,-128.46741260092384,-54.11332176797734,16985.90861565596,16012.09138434404,16499.0,973.8172313119212,14.555917254275906,20.909763907112534,1.8482239486026515,-94.56066945606695,-116.34703922456143,32.28528256270778,76060.8,1584751,62507.55,10949.0,15.573572292155614,
2023-03-09,15900,15940,15765,15890,98584,77318,,,,16139.0,16288.0,16456.5,16787.166666666668,16423.278725426593,238.57142857142858,32.432432432432435,-206.45680596753846,-144.06529127424676,-62.3915146932917,16999.940308056972,15913.059691943028,16456.5,1086.8806161139437,13.93406327950035,18.58453036457514,4.633129109350769,-90.234375,-114.13883080106629,26.091004876136342,77487.0,1486167,62918.6,-3936.0,-4.844069215054025,
2023-03-10,15845,15950,15670,15775,99422,75184,,,,16020.0,16192.5,16414.25,16762.333333333332,16361.537894433584,243.57142857142858,28.157894736842096,-231.98413492980035,-161.64906000535748,-70.33507492444286,17030.65959553992,15797.84040446008,16414.25,1232.8191910798414,13.135529365820746,16.768196698323678,5.870194700814885,-92.36363636363636,-104.50470278960022,0.0,76969.65,1386745,62993.55,-2134.0,-2.7600300059494542,
2023-03-13,15810,15930,15620,15730,103195,76374,,,,15900.0,16115.0,16375.0,16733.416666666668,16301.391428297053,249.28571428571428,20.11331444759206,-252.93022873294285,-179.90529375087456,-73.02493498206829,17060.49636261464,15689.503637385364,16375.0,1370.9927252292746,12.87686976447975,15.471087720375703,7.688433852687844,-92.28070175438596,-93.98887642548668,0.0,78802.05,1283550,63247.85,1190.0,1.5827835709725457,
2023-03-14,15730,15910,15670,15890,106457,71578,,,,15840.0,16056.0,16344.5,16705.75,16262.211292268763,245.0,19.88636363636364,-253.69505745354945,-194.66324649140955,-59.0318109621399,17060.195465963006,15628.804534036995,16344.5,1431.390931926011,19.493670752077406,16.811948730942937,24.857114794346344,-79.23076923076923,-74.60915292264151,0.0,81510.6,1390007,63277.35,-4796.0,-6.279623955796476,
2023-03-15,15950,16165,15850,15870,118157,61790,,,,15831.0,16014.0,16314.25,16678.666666666668,16224.857835862213,251.78571428571428,21.875,-252.99861206424066,-206.3303196059758,-46.66829245826486,17057.339390386693,15571.160609613307,16314.25,1486.1787807733854,23.09679060239504,18.90689602142697,31.476579764331184,-79.33884297520662,-50.056547010539234,7.891920813269112,83780.15,1271850,63071.25,-9788.0,-13.674592751962889,
2023-03-16,15870,15945,15580,15830,95046,57922,,,,15819.0,15979.0,16281.25,16648.916666666668,16187.252327684859,263.92857142857144,21.875,-252.76067209182838,-215.61639010314633,-37.14428198868205,17049.66514958079,15512.83485041921,16281.25,1536.8302991615783,25.031771769612106,20.948521270822013,33.19827276719229,-78.63247863247864,-66.41590958877215,7.891920813269112,85893.95,1176804,62827.55,-3868.0,-6.2599126072179985,
2023-03-17,15795,15885,15630,15780,85194,55704,,,,15820.0,15920.0,16243.25,16618.833333333332,16148.466391714872,260.7142857142857,24.56140350877193,-253.68239237450325,-223.22959055741774,-30.452801817085515,17032.66867352202,15453.831326477979,16243.25,1578.837347044042,25.459777670969473,22.4522734042045,31.474786204499416,-80.0,-61.93665226069289,18.55293664873794,86346.1,1091610,62801.15,-2218.0,-3.8292876627188277,
2023-03-20,15815,16000,15740,15780,88170,50314,,,,15830.0,15865.0,16202.0,16594.75,16113.374354408694,270.7142857142857,25.0,-251.51357046065095,-228.88638653806441,-22.62718392258654,16998.01904235356,15405.980957646441,16202.0,1592.0380847071192,28.369196509991042,24.424581106133346,36.258427317706435,-78.49462365591398,-47.354401197175264,20.29351066269203,87618.7,1091610,62591.55,-5390.0,-9.676145339652454,
2023-03-21,15820,15945,15710,15870,81158,41115,,,,15826.0,15833.0,16156.25,16581.916666666668,16090.195844465008,260.35714285714283,33.846153846153854,-239.7686123177682,-231.06283169400518,-8.705780623763019,16915.514706631915,15396.985293368087,16156.25,1518.5294132638282,35.43701419754389,28.095392136603525,50.120258319424615,-66.47398843930635,-42.7886766636702,55.39954962105846,88098.8,1172768,62510.6,-9199.0,-18.28318161942998,
2023-03-22,15900,15950,15670,15795,63920,35562,,,,15811.0,15821.0,16098.5,16572.25,16062.08195451596,266.42857142857144,34.78260869565217,-233.81722217940842,-231.61370979108585,-2.203512388322565,16774.72092310288,15422.27907689712,16098.5,1352.4418462057583,35.875388382408175,30.68872421853841,46.248716710147704,-75.14450867052022,-44.464583651442005,59.115878886972446,87313.25,1108848,62924.45,-5553.0,-13.506019700839111,
2023-03-23,15815,15850,15650,15670,45484,31125,,,,15779.0,15799.0,16043.5,16560.25,16024.74081599063,260.35714285714283,20.83333333333333,-236.4613783709592,-232.58324350706053,-3.87813486389868,16666.608506222085,15420.391493777914,16043.5,1246.217012444171,29.045130716477246,30.140859717851356,26.853672713729026,-89.59537572254335,-53.29315855944906,3.8735667802912586,87056.2,1063364,63583.75,-4437.0,-12.47680107980429,
2023-03-24,15185,15455,15080,15370,117340,85705,,,,15697.0,15758.5,15975.5,16545.166666666668,15962.384547801046,287.85714285714283,17.123287671232873,-259.76991808375533,-238.0205784223995,-21.749339661355833,16579.712406012117,15371.287593987883,15975.5,1208.4248120242337,28.272790677344275,29.518170037682328,25.78203195666817,-76.98412698412699,-108.75680057036502,0.0,88028.7,946024,64833.55,54580.0,175.3574297188755,
2023-03-27,15350,15475,15185,15205,103599,88799,,,,15582.0,15706.0,15910.5,16526.75,15890.252686105709,295.35714285714283,16.83501683501683,-288.233646712486,-248.0631920804168,-40.17045463206921,16553.338278754138,15267.661721245862,15910.5,1285.6765575082754,22.688772893959165,27.24170432310794,13.582910035661612,-88.47926267281106,-98.99838300939895,0.0,88985.05,842425,65976.3,3094.0,3.6100577562569347,
2023-03-28,15285,15400,15220,15375,85597,85439,,,,15483.0,15654.5,15855.25,16507.333333333332,15841.181001714689,285.0,30.434782608695656,-293.6883213166202,-257.1882179276575,-36.500103388962714,16481.7311922241,15228.7688077759,15855.25,1252.9623844481994,25.814254393074226,26.76588767976337,23.91098781969594,-72.8110599078341,-84.41882462218526,75.77487765089727,90399.0,928022,66863.75,-3360.0,-3.783826394441381,
2023-03-29,15385,15440,15000,15080,131869,90180,,,,15340.0,15575.5,15794.75,16479.75,15768.687572979958,303.92857142857144,25.454545454545453,-318.14781485186177,-269.3801373124984,-48.767677539363376,16475.78230466697,15113.71769533303,15794.75,1362.0646093339383,19.87616959538282,24.469314984969856,10.689878816208747,-93.13304721030043,-95.3313199504623,48.026101141924975,90439.9,796153,67567.5,4741.0,5.548988166996338,
2023-03-30,15115,15145,14805,14835,135927,93617,,,,15173.0,15476.0,15727.5,16448.416666666668,15679.764946981866,308.2142857142857,23.595505617977523,-353.2297791333003,-286.15006567665876,-67.07971345664157,16506.882346544535,14948.117653455465,15727.5,1558.7646930890696,14.087599813937222,21.008743261292313,0.24531291922703957,-97.79411764705883,-109.83907405048738,37.66794361860072,93779.15,660226,68357.95,3437.0,3.811266356176546,
2023-03-31,14780,14935,14655,14725,157432,96178,,,,15044.0,15370.5,15645.25,16413.833333333332,15588.834952031213,306.07142857142856,22.764227642276424,-385.4651667710841,-306.01308589554384,-79.45208087554028,16484.074208420087,14806.425791579915,15645.25,1677.6484168401712,11.193535011093283,17.737007177892636,-1.8934093225054198,-95.36423841059603,-110.19653923847075,33.0362471650818,97501.35,502794,69614.1,2561.0,2.7356142580941434,
2023-04-03,14735,14865,14600,14810,132489,97802,,,,14965.0,15273.5,15569.25,16380.333333333334,15514.660194694907,307.85714285714283,19.491525423728802,-399.5474201423258,-324.71995274490024,-74.82746739742555,16422.166204929643,14716.333795070359,15569.25,1705.8324098592839,12.647541859247374,16.04051873834422,5.861588101053684,-86.5814696485623,-98.32069194073965,14.801476484087667,100815.0,635283,71163.25,1624.0,1.6885358397970451,
2023-04-04,14810,14860,14555,14580,108769,97243,,,,14806.0,15144.5,15488.75,16342.333333333334,15425.644938057296,307.14285714285717,17.424242424242422,-424.3748560298536,-344.65093340189094,-79.72392262796268,16397.09073713384,14580.409262866162,15488.75,1816.681474267678,9.075195216332226,13.718744231006887,-0.21190281301709746,-98.26989619377163,-95.75458985160486,3.28303425774879,103244.55,526514,72510.15,-559.0,-0.5715629537228262,
2023-04-06,14500,14595,14405,14430,66441,97498,,,,14676.0,15008.0,15414.5,16300.5,15330.821610623267,294.64285714285717,16.507177033492823,-450.9561820838444,-365.91198313828164,-85.04419894556275,16414.304717774532,14414.695282225466,15414.5,1999.609435549066,6.828946343598432,11.42214493520407,-2.357450839612845,-98.43260188087774,-99.20321405423626,0.0,101212.5,460073,73322.35,255.0,0.262229672058667,
2023-04-07,14470,14775,14460,14755,139540,94911,,,,14660.0,14916.5,15357.75,16269.75,15275.981457230575,301.07142857142856,28.32980972515857,-440.7169796237649,-380.87298243537833,-59.843997188386595,16372.646805747163,14342.853194252837,15357.75,2029.793611494326,15.456057687009544,12.766782519139227,20.834608022750174,-78.0564263322884,-70.97656585993971,64.6914005109132,103260.3,599613,74202.0,-2587.0,-2.653387761800241,
2023-04-10,14715,14760,14575,14635,87065,91439,,,,14642.0,14843.0,15300.75,16235.25,15214.935604160995,295.7142857142857,26.961770623742453,-437.2450463046298,-392.14739520922865,-45.09765109540115,16344.615664880206,14256.884335119794,15300.75,2087.7313297604123,17.71144586541377,14.415003634564073,24.304330327113163,-85.11326860841424,-64.15466594262675,57.20572724909501,102642.45,512548,75014.75,-3472.0,-3.6581639641348196,
2023-04-11,14650,15050,14625,15020,130574,84055,,,,14684.0,14824.5,15265.25,16201.75,15196.370308526615,309.2857142857143,34.71223021582733,-398.8297703844564,-393.48387024427427,-5.345900140182152,16295.857766524712,14234.642233475288,15265.25,2061.2155330494243,31.61439386196666,20.148133710364935,54.546914165170115,-60.19417475728155,-36.6670601775907,99.61490113543768,104011.4,643122,75398.8,-7384.0,-8.075328907796454,
2023-04-12,15025,15395,15025,15110,224247,68637,,,,14790.0,14798.0,15226.25,16170.333333333334,15188.144564857414,316.07142857142856,37.745974955277276,-357.00777619760083,-386.18865143493963,29.180875237338796,16215.518070741939,14236.981929258061,15226.25,1978.5361414838771,44.813636312018176,28.369967910916014,77.7009731142225,-51.21107266435986,-6.465162395164398,100.0,109900.9,867369,75251.75,-15418.0,-18.342751769674614,
2023-04-13,15110,15175,15010,15115,106149,63942,,,,14927.0,14801.5,15188.5,16142.75,15181.178415823373,313.57142857142856,39.626168224299064,-319.77393145066344,-372.9057074380844,53.13177598742095,16130.843662867943,14246.156337132057,15188.5,1884.6873257358857,53.78148144706935,36.840472422967125,87.66349949527381,-33.64485981308411,-10.48767251696698,100.0,109300.5,973518,75359.35,-4695.0,-6.8403339306787885,
2023-04-14,15200,15310,15125,15205,101762,59081,,,,15017.0,14838.5,15157.25,16115.083333333334,15183.44713812591,285.35714285714283,46.65314401622718,-279.7784812192949,-354.2802621943265,74.50178097503158,16050.178210705479,14264.321789294521,15157.25,1785.8564214109574,62.79034790073983,45.49043091555802,97.39018187110344,-25.233644859813083,5.00290042758418,100.0,109636.3,1075280,75417.3,-4861.0,-7.602201995558477,
2023-04-17,15280,15575,15170,15505,137414,50105,,,,15191.0,14916.5,15143.5,16091.916666666666,15214.071220209156,293.57142857142856,55.769230769230774,-221.32303182184842,-327.6888161198309,106.36578429798249,16003.928901616424,14283.071098383576,15143.5,1720.8578032328478,73.19926327285789,54.72670836799131,110.14437308259107,-5.982905982905983,31.14089177382185,100.0,112247.3,1212694,75137.35,-8976.0,-15.192701545336062,
2023-04-18,15500,15530,15310,15405,83507,43898,,,,15268.0,14976.0,15124.75,16064.666666666666,15232.254913522569,295.35714285714283,50.59288537549407,-180.97961099112035,-298.3469750940888,117.36736410296845,15942.03996980071,14307.46003019929,15124.75,1634.579939601419,77.28953733860041,62.24765135819435,107.37330929941254,-14.52991452991453,35.64997709535874,86.81590772460031,112014.15,1129187,74816.55,-6207.0,-12.387985231014865,
2023-04-19,15500,15605,15420,15435,88410,36929,,,,15333.0,15061.5,15103.0,16036.333333333334,15251.563969377563,278.2142857142857,57.836644591611474,-144.9159096452113,-267.6607620043133,122.74485235910203,15857.525992716099,14348.474007283901,15103.0,1509.0519854321974,79.91063770171614,68.13531347270161,103.46128615974519,-14.166666666666666,50.141358578858444,100.0,112376.75,1217597,74607.25,-6969.0,-15.875438516561125,
2023-04-20,15185,15475,15120,15380,129979,80831,,,,15386.0,15156.5,15082.25,16006.5,15263.795972293985,279.2857142857143,63.13253012048193,-119.39687400787261,-238.00798440502518,118.61111039715257,15777.114432063818,14387.385567936182,15082.25,1389.7288641276355,79.32553840308584,71.86538844949635,94.24583831026484,-18.75,34.75792723908179,100.0,115679.7,1087618,76870.7,43902.0,118.88217931706788,
2023-04-21,15380,15415,15220,15280,132339,81077,,,,15401.0,15209.0,15062.75,15974.5,15265.339213027892,273.2142857142857,63.43825665859564,-106.01988740872912,-211.61036500576597,105.59047759703685,15708.30545238598,14417.19454761402,15062.75,1291.1109047719583,75.16260383334975,72.96446024411415,79.55889101182095,-27.083333333333332,38.2060130959998,100.0,120022.45,955279,79368.3,246.0,0.3043386819413296,
2023-04-24,15265,15290,14815,14910,173668,79739,,,,15282.0,15236.5,15039.75,15936.0,15231.497383215712,288.2142857142857,52.127659574468076,-123.84680802297407,-194.05765360920762,70.21084558623355,15671.851549136733,14407.648450863267,15039.75,1264.203098273465,54.11684137413191,66.68192062078674,28.98668288082223,-57.916666666666664,-7.802590264174047,75.8995591525287,122838.85,781611,79070.0,-1338.0,-1.6502830642475708,
2023-04-25,14970,15150,14885,15040,123530,81747,,,,15209.0,15238.5,15031.5,15899.833333333334,15213.259537195168,285.35714285714283,60.22222222222222,-126.0320386122221,-180.45253060981054,54.42049199758844,15658.809207731934,14404.190792268066,15031.5,1254.6184154638686,45.571565135497224,59.64513545902357,17.42442448844453,-47.083333333333336,-2.4229519741153043,93.14732483875525,123835.4,905141,78717.4,2008.0,2.518215678651603,
2023-04-26,14990,15075,14880,15025,117404,80706,,,,15127.0,15230.0,15014.0,15861.0,15195.330057462295,285.7142857142857,64.0661938534279,-127.50443250850367,-169.86291098954916,42.358478481045495,15620.131825161563,14407.868174838437,15014.0,1212.263650323126,39.241802917335704,52.84402461179428,12.037359528418548,-50.65502183406114,-5.004581989376644,100.0,125425.75,787737,78480.75,-1041.0,-1.2734412272009998,
2023-04-27,15025,15320,15025,15155,148342,80249,,,,15082.0,15234.0,15017.75,15824.083333333334,15191.489099608743,282.14285714285717,60.416666666666664,-116.83460513369755,-159.25724981837885,42.4226446846813,15626.523356841448,14408.976643158552,15017.75,1217.5467136828956,40.5071935060719,48.73174757655349,24.058085365108724,-43.689320388349515,24.639670224873797,90.1641721684507,126249.4,936079,77984.2,-457.0,-0.5662528188734473,
2023-04-28,15160,15345,15125,15300,109760,77855,,,,15086.0,15243.5,15041.0,15799.916666666666,15201.823471074576,284.64285714285717,67.09511568123393,-95.5766537131658,-146.52113059733625,50.944476884170456,15655.873542839676,14426.126457160324,15041.0,1229.7470856793516,47.46893069181164,48.31080861497287,45.785174845489195,-31.122448979591837,36.74554679606648,100.0,124941.05,1045839,77196.1,-2394.0,-2.983214744108964,
2023-05-04,15330,15605,15320,15490,90389,81331,,,,15202.0,15242.0,15079.25,15776.25,15229.26885478176,276.07142857142856,63.42857142857143,-62.675675777269134,-129.75203963332282,67.07636385605369,15706.409637194805,14452.090362805195,15079.25,1254.3192743896107,60.12696645276894,52.24952789423823,75.88184356983035,-14.556962025316455,65.33063787093555,87.50714957245825,121588.9,1136228,76453.75,3476.0,4.464710037890951,
2023-05-05,15415,15510,15150,15435,124763,77967,,,,15281.0,15245.0,15110.5,15751.416666666666,15248.862297183498,275.0,59.475218658892125,-40.57176798387809,-111.91598530343389,71.3442173195558,15743.428864382424,14477.571135617576,15110.5,1265.8577287648477,66.24498185458857,56.914679214355004,84.90558713505573,-21.518987341772153,43.24537176783125,72.25995996283405,121202.6,1011465,75462.0,-3364.0,-4.136184234793616,
2023-05-08,15405,15580,15350,15490,129229,78075,,,,15374.0,15250.5,15156.0,15729.333333333334,15271.827792689832,279.64285714285717,60.623229461756374,-18.40407078980934,-93.21360240070898,74.80953161089964,15758.456375358855,14553.543624641145,15156.0,1204.9127507177109,72.64433389462023,62.15789744111008,93.61720680164055,-14.556962025316455,55.963429425414795,68.34020550690641,122225.6,1140694,74503.6,108.0,0.13852014313748828,
2023-05-09,15540,15600,15420,15450,113789,75143,,,,15433.0,15257.5,15207.0,15706.833333333334,15288.79657433842,278.57142857142856,57.14285714285714,-4.017367053264024,-75.37435533121999,71.35698827795596,15716.152029823792,14697.847970176208,15207.0,1018.3040596475839,75.2228048748945,66.5128665857049,92.64268145327372,-19.620253164556964,57.19970717252335,39.69143349723361,124593.0,1026905,73385.85,-2932.0,-3.755363432596859,
2023-05-10,15485,15700,15370,15615,125779,77421,,,,15496.0,15291.0,15250.0,15688.083333333334,15319.86356725857,273.2142857142857,53.48101265822784,20.462442051473772,-56.20699585468124,76.66943790615501,15743.441192571434,14756.558807428566,15250.0,986.8823851428679,80.02658536375081,71.0174395117202,98.04487706781202,-9.6045197740113,67.65738518127395,17.501436043643206,123904.95,1152684,72511.35,2278.0,3.0315531719521394,
2023-05-11,15590,15620,15205,15275,158439,64825,,,,15453.0,15327.5,15282.0,15665.666666666666,15315.590846567276,287.14285714285717,46.42857142857143,12.286082323831579,-42.50838021897867,54.79446254281025,15681.597165576592,14882.402834423408,15282.0,799.1943311531832,69.4079674782729,70.48094883390443,67.26200476700981,-48.0225988700565,23.33705159919508,0.0,127473.65,994245,71180.65,-12596.0,-16.26948760672169,
2023-05-12,15290,15440,15220,15280,127499,61923,,,,15422.0,15351.5,15295.0,15645.083333333334,15312.201242132298,288.57142857142856,45.6824512534819,6.138950544922409,-32.77891406619846,38.91786461112087,15675.152324040888,14914.847675959112,15295.0,760.3046480817757,58.86457091144119,66.60882285975002,43.37606701482352,-47.45762711864407,4.890073667458425,0.0,127319.9,1121744,70074.05,-2902.0,-4.476667952178948,
2023-05-15,15320,15510,15265,15300,143634,57155,,,,15384.0,15379.0,15304.5,15625.083333333334,15311.03921907208,280.7142857142857,47.72727272727273,2.8483037033838627,-25.653470512281995,28.501774215665858,15674.54836099311,14934.45163900689,15304.5,740.0967219862214,49.38797481052602,60.86854017667535,26.426844078227333,-45.19774011299435,15.38491170693912,9.549589126052995,123289.25,1265378,69499.95,-4768.0,-7.699885341472479,
2023-05-16,15300,15330,14825,14885,157175,51650,,,,15271.0,15352.0,15293.0,15598.583333333334,15270.464055350929,302.85714285714283,40.48192771084338,-32.867710815808096,-27.096318572987215,-5.77139224282088,15700.26817752073,14885.73182247927,15293.0,814.5363550414586,35.21103082606497,52.31603705980523,1.0010183585844459,-92.090395480226,-80.64911096259567,0.0,125840.55,1108203,68885.35,-5505.0,-9.6317032630566,
2023-05-17,14920,15065,14775,15030,124596,46343,,,,15154.0,15325.0,15284.25,15574.25,15247.562716746077,289.64285714285717,53.24324324324325,-48.9088308998962,-31.458821038369017,-17.450009861527185,15706.714884868994,14861.785115131006,15284.25,844.929769737988,32.66320973989917,45.765094619836546,6.4594399800244275,-72.43243243243244,-85.62597459071975,47.951096826873666,126982.25,1232799,68248.45,-5307.0,-10.274927395934174,
2023-05-18,15050,15145,14910,14955,101725,40437,,,,15090.0,15271.5,15256.75,15547.833333333334,15219.699600865499,287.5,47.63231197771588,-66.90220041421162,-38.54749691353754,-28.354703500674077,15690.173033900823,14823.326966099177,15256.75,866.8460678016454,28.261959646419268,39.93071629536412,4.924446348529557,-80.54054054054055,-65.69816622273468,26.86782310645351,125197.8,1131074,67765.05,-5906.0,-12.74410374813888,
2023-05-19,14930,14980,14785,14920,110548,32140,,,,15018.0,15220.0,15232.5,15519.75,15191.156781735452,287.5,47.107438016528924,-83.02917424549196,-47.44383237992843,-35.58534186556353,15684.856403502235,14780.143596497765,15232.5,904.712807004471,24.066531656171403,34.64265474896655,2.914285470581106,-84.32432432432432,-80.88936557532544,24.895590536004143,126549.85,1020526,67177.15,-8297.0,-20.51833716645647,
2023-05-22,15005,15060,14720,14845,96705,28000,,,,14927.0,15155.5,15203.0,15487.416666666666,15158.189469189218,290.7142857142857,41.19318181818182,-100.70097227005135,-58.095260357953016,-42.605711912098336,15676.224104026394,14729.775895973606,15203.0,946.4482080527887,20.296055117719714,29.860454871884272,1.167255609390594,-87.24489795918367,-76.03239825601885,2.6725625961450827,126964.6,923821,66730.7,-4140.0,-12.881144990665838,
2023-05-23,14845,14885,14630,14645,67039,23113,,,,14879.0,15075.0,15166.25,15449.0,15109.314281647386,293.2142857142857,31.955922865013775,-129.3532245996048,-72.34685320628338,-57.006371393321416,15692.756610144943,14639.743389855057,15166.25,1053.0132202898858,14.03575391686365,24.585554553544064,-7.0638473564971775,-98.59813084112149,-94.15706481786935,0.0,123817.6,856782,63844.8,-4887.0,-17.453571428571422,
2023-05-24,14570,14605,14455,14500,94298,71793,,,,14773.0,14963.5,15127.25,15411.166666666666,15051.284350061922,285.0,22.033898305084747,-161.8944111871515,-90.256364802457,-71.63804638469449,15728.52474235118,14525.97525764882,15127.25,1202.5494847023583,10.7789702257764,19.983359777621512,-7.629808877913824,-96.3855421686747,-109.5875154823657,0.0,121915.55,762484,63380.6,48680.0,210.61740146238046,
2023-05-25,14585,14745,14430,14735,146504,67065,,,,14729.0,14909.5,15118.5,15377.916666666666,15021.162031008405,281.7857142857143,32.05128205128206,-166.79825354278364,-105.56474255052233,-61.233510992261316,15737.90633716997,14499.09366283003,15118.5,1238.8126743399407,16.599560397431176,18.855426650891403,12.087827890510724,-75.98425196850394,-79.97332495154326,25.95894628369434,120557.35,908988,62746.9,-4728.0,-6.585600267435543,
2023-05-26,14730,14845,14640,14840,127769,64259,,,,14713.0,14865.5,15108.5,15350.166666666666,15003.9085042457,280.0,33.75,-160.36339210012738,-116.52447246044335,-43.838919639684036,15739.590117845391,14477.409882154609,15108.5,1262.1802356907829,26.251558783472632,21.32080402841848,36.11306829358094,-67.71653543307086,-53.54716108299019,33.37068965517241,120769.3,1036757,61872.5,-2806.0,-4.184000596436288,
2023-05-29,14845,14900,14720,14815,97143,63187,,,,14707.0,14817.0,15098.0,15322.416666666666,14985.917218127064,280.0,34.005037783375315,-155.48863294020884,-124.31730455639645,-31.171328383812394,15741.79957652739,14454.20042347261,15098.0,1287.59915305478,35.449757137699706,26.030455064845555,54.28836128340801,-69.68503937007874,-45.35684553665406,38.067529325132085,119756.25,939614,60996.55,-1072.0,-1.6682488056147804,
2023-05-30,14855,15000,14750,14865,110862,62354,,,,14751.0,14815.0,15083.5,15298.666666666666,14974.401292591154,274.2857142857143,29.94652406417113,-145.90882296659765,-128.6356082384367,-17.27321472816095,15734.912231031047,14432.087768968953,15083.5,1302.8244620620935,43.912891704853415,31.991267278181507,67.75614055819722,-63.445378151260506,-33.281703536933875,25.35338622058648,117882.25,1050476,60101.8,-833.0,-1.3183091458686125,
2023-05-31,14850,14900,14575,14655,128453,60116,,,,14782.0,14777.5,15051.25,15273.25,14943.982121868188,267.85714285714283,32.18390804597702,-153.49263198480185,-133.60701298770974,-19.88561899709211,15721.135104052615,14381.364895947385,15051.25,1339.7702081052303,41.18002304133085,35.05418586589795,53.43169739219664,-79.16666666666667,-52.77868809199986,32.52234150061328,118816.9,922023,59214.85,-2238.0,-3.589184334605644,
2023-06-01,14700,15105,14625,15045,165088,65164,,,,14844.0,14786.5,15029.0,15251.166666666666,14953.602872166457,286.42857142857144,44.470588235294116,-126.57404780265642,-132.2004199506991,5.6263721480426625,15666.293619844684,14391.706380155316,15029.0,1274.5872396893683,57.82371906459093,42.64403026546228,88.18309666284824,-43.05555555555556,-16.864507659371448,71.8909351499296,122551.85,1087111,58406.5,5048.0,8.397098942045389,
2023-06-02,14960,15210,14915,15165,133282,68340,,,,14909.0,14811.0,15015.5,15231.75,14973.735931960127,290.0,46.966292134831455,-94.46890010664356,-124.65411598188798,30.185215875244424,15627.519091549484,14403.480908450516,15015.5,1224.0381830989681,69.95940245331703,51.74915432808052,106.37989870379005,-18.333333333333332,12.653862855636822,79.8875909736343,122977.8,1220393,57925.15,3176.0,4.873856730710213,
2023-06-05,15135,15145,14950,15025,105062,65249,,,,14951.0,14829.0,14992.25,15212.333333333334,14978.618224154401,269.2857142857143,53.58974358974359,-79.40681686781318,-115.60465615907303,36.197839291259854,15562.259002698991,14422.240997301009,14992.25,1140.018005397982,72.06695206289511,58.52175357301872,99.15734904264791,-23.71794871794872,7.434115809463751,100.0,121769.45,1115331,57283.85,-3091.0,-4.522973368451854,
2023-06-06,15060,15270,15005,15135,107046,65502,,,,15005.0,14878.0,14976.5,15199.333333333334,14993.511726615887,267.5,52.74151436031332,-57.92618963661698,-104.06896285458183,46.142773217964844,15509.45699441394,14443.54300558606,14976.5,1065.9139888278805,76.02082518478721,64.35477744360821,99.35292066714521,-16.071428571428573,29.410021082361624,97.3119743053036,121432.3,1222377,56801.8,253.0,0.3877454060598584,
2023-06-07,15105,15275,15105,15165,78297,66227,,,,15107.0,14944.5,14954.0,15187.25,15009.843943128659,262.85714285714283,55.61497326203209,-38.04334847671453,-90.86383997900838,52.82049150229385,15405.18090665089,14502.81909334911,14954.0,902.3618133017808,78.77578821842957,69.16178103521534,98.00380258485802,-13.017751479289942,46.98657421791293,100.0,119058.2,1300674,56242.1,725.0,1.1068364324753333,
2023-06-08,15165,15245,15035,15150,84399,66628,,,,15128.0,14986.0,14947.75,15176.833333333334,15023.192139021168,263.92857142857144,56.216216216216225,-23.22866268503458,-77.33680452021362,54.10814183517904,15383.404075711698,14512.095924288302,14947.75,871.3081514233963,79.89814452657208,72.74056886566758,94.21329584838108,-14.792899408284024,44.12192468224222,100.0,115356.2,1216275,56332.25,401.0,0.6054932278375835,
2023-06-09,15175,15230,15040,15190,89965,66869,,,,15133.0,15021.0,14943.25,15167.833333333334,15039.078601971532,253.21428571428572,59.50413223140496,-8.166117831893644,-63.50266718254963,55.336549350655986,15366.125806080727,14520.374193919273,14943.25,845.7516121614535,82.55114397009568,76.01076056714362,95.63191077599981,-10.059171597633137,50.82701703823098,100.0,113479.5,1306240,56579.55,241.0,0.3617097916791767,
2023-06-12,15170,15385,15170,15265,113948,71384,,,,15181.0,15066.0,14941.5,15157.416666666666,15060.59492559329,250.35714285714286,68.34319526627219,9.710988452838137,-48.85993605547208,58.57092450831022,15358.407158666498,14524.592841333502,14941.5,833.8143173329954,83.42915770845886,78.4835596142487,93.32035389687917,-12.565445026178011,83.90467786858397,100.00000000000001,111995.2,1420188,57291.0,4515.0,6.752007656761738,
2023-06-13,15235,15265,15060,15200,106467,65261,,,,15194.0,15099.5,14957.25,15146.25,15073.87159934631,251.42857142857142,71.73913043478261,18.42141658528999,-35.403665527319674,53.825082112609664,15388.715983290509,14525.784016709491,14957.25,862.9319665810181,80.83873671791994,79.26861864880578,83.97897285614826,-19.3717277486911,55.588867211469605,100.00000000000001,109459.8,1313721,57971.55,-6123.0,-8.577552392693043,
2023-06-14,15250,15400,15245,15315,104743,68728,,,,15224.0,15165.5,14971.5,15137.666666666666,15096.836208932375,243.21428571428572,69.46308724832215,34.20968459122378,-21.480995503610984,55.69068009483476,15430.997437138496,14512.002562861504,14971.5,918.994874276992,81.38390007998787,79.97371245919982,84.20427532156396,-10.303030303030303,79.9147911355633,94.55395730460839,108467.15,1418464,59090.8,3467.0,5.31251436539435,
2023-06-15,15280,15340,15070,15135,104126,63193,,,,15221.0,15174.5,14980.5,15126.916666666666,15100.47085570072,247.85714285714286,59.42492012779553,31.8305819224679,-10.81868001839521,42.64926194086311,15445.653059133288,14515.346940866712,14980.5,930.306118266577,67.95963709036229,75.96902066958731,51.94086993191226,-32.121212121212125,45.871093266857315,70.53495492052771,108587.2,1314338,60228.6,-5535.0,-8.053486206495164,
2023-06-16,15215,15350,15155,15255,83604,62039,,,,15234.0,15183.5,14997.25,15118.166666666666,15115.187917062556,250.35714285714286,63.25301204819277,39.17652049341632,-0.8196399160329042,39.996160409449224,15477.123612746658,14517.376387253342,14997.25,959.7472254933164,66.4034711404103,72.78050415986164,53.649405101507625,-17.575757575757574,55.788371429904636,79.69468974646848,107240.0,1397942,61723.55,-1154.0,-1.8261516307185977,
2023-06-19,15300,15310,14885,14930,122936,49791,,,,15167.0,15174.0,15001.5,15102.5,15097.550972580408,262.85714285714283,51.67958656330749,18.559503470727577,3.0561887613191923,15.503314709408386,15477.18344184143,14525.81655815857,15001.5,951.3668836828583,47.181602119496844,64.24753681307337,13.049732732343784,-56.96969696969697,9.232613354946292,49.28724284671924,108551.55,1275006,62813.1,-12248.0,-19.742420090588176,
2023-06-20,14985,14985,14755,14785,82944,42180,,,,15084.0,15139.0,15008.5,15085.666666666666,15067.784213287036,256.07142857142856,53.475935828877006,-9.371885974063844,0.5705738142425851,-9.94245978830643,15465.862001045129,14551.137998954871,15008.5,914.7240020902573,33.004789009897124,53.83328754534796,-8.652208061004544,-79.35483870967742,-35.600494169834185,33.0246755682884,109346.8,1192062,63766.45,-7611.0,-15.285895041272523,
2023-06-21,14785,14905,14765,14875,65899,32957,,,,14996.0,15110.0,15027.25,15072.416666666666,15049.423812021603,231.78571428571428,44.58598726114649,-23.969163904039306,-4.337373729413793,-19.631790174625515,15423.50184708187,14630.99815291813,15027.25,792.5036941637409,28.204743060861652,45.29043938385253,-5.966649585120109,-81.3953488372093,-42.649938396974456,0.0,107926.85,1257961,61824.65,-9223.0,-21.865813181602654,
2023-06-26,14810,14840,14705,14750,38085,25034,,,,14919.0,15070.0,15028.0,15062.083333333334,15020.907258495736,222.85714285714286,36.82539682539683,-45.10413477334805,-12.490725938200645,-32.6134088351474,15421.97301537302,14634.02698462698,15028.0,787.9460307460395,20.961435421869403,37.180771396524825,-11.477236527441441,-93.5251798561151,-68.6058627229592,0.0,102505.9,1219876,59723.1,-7923.0,-24.04041630002731,
2023-06-27,14655,14790,14620,14750,75283,62973,,,,14818.0,15026.0,15023.5,15054.5,14995.106567210427,219.64285714285714,40.41811846689896,-61.14886540003317,-22.22235383056715,-38.92651156946602,15428.418445329951,14618.581554670049,15023.5,809.8368906599026,19.529845836801826,31.297129543283827,-4.004721576162176,-83.33333333333333,-77.95754139353602,10.290281989595943,99881.6,1219876,59658.8,37939.0,151.54989214668052,
2023-06-28,14820,14830,14700,14740,64762,65125,,,,14780.0,14973.5,15019.75,15043.916666666666,14970.810703666575,210.0,35.2059925093633,-73.8203909292024,-32.54196125029421,-41.278429678908196,15434.078562731005,14605.421437268995,15019.75,828.6571254620103,18.148102352739677,26.91412047976911,0.6160660986808111,-84.61538461538461,-66.66786207364166,0.0,98262.55,1155114,59755.7,2152.0,3.417337589125502,
2023-06-29,14700,14700,14570,14610,82377,71190,,,,14745.0,14914.5,15007.0,15036.083333333334,14936.447779507853,210.0,30.66202090592334,-93.27733667508437,-44.68903633525224,-48.58830033983213,15455.6517815106,14558.3482184894,15007.0,897.3035630211998,13.80813661122816,22.54545919025546,-3.6665085468264422,-95.18072289156626,-88.86600870098717,0.0,96838.3,1072737,60197.5,6065.0,9.312859884836854,
2023-06-30,14610,14795,14560,14720,88480,68290,,,,14714.0,14855.0,15010.25,15034.166666666666,14915.83370526901,211.78571428571428,35.947712418300654,-98.68346412071696,-55.487921892345184,-43.19554222837178,15448.997919473255,14571.502080526745,15010.25,877.49583894651,15.956479259806116,20.349132546772346,7.171172685873657,-80.95238095238095,-73.09791059958341,12.867729918201228,94839.65,1161217,60606.2,-2900.0,-4.073605843517347,
2023-07-03,14680,14800,14620,14705,92699,70543,,,,14705.0,14812.0,14993.25,15033.833333333334,14895.754304767199,211.07142857142858,33.88704318936877,-102.99101737161982,-64.98854098820011,-38.002476383419705,15452.210782638347,14534.289217361653,14993.25,917.9215652766943,17.08209728431519,19.26012079261996,12.726050267705645,-82.73809523809524,-63.924498300932385,7.85114220653633,91220.2,1068518,60875.15,2253.0,3.299165324352038,
2023-07-04,14655,14760,14640,14700,69324,69099,,,,14695.0,14756.5,14970.0,15032.0,14877.111037646513,204.28571428571428,30.313588850174213,-105.59105462093794,-73.10904371474768,-32.482010906190254,15439.322019401116,14500.677980598884,14970.0,938.6440388022311,22.36845701307287,20.296232866104262,26.512905307010087,-83.33333333333333,-59.261662041541676,0.0,88022.3,999194,60913.1,-1444.0,-2.0469784386827894,
2023-07-05,14680,14875,14650,14740,97610,68705,,,,14695.0,14737.5,14955.75,15034.666666666666,14864.05284358494,205.71428571428572,33.68794326241135,-103.23392078925644,-79.13401912964945,-24.099901659607,15435.237390756776,14476.262609243224,14955.75,958.9747815135524,32.303609023208,24.29869158513884,48.31344389934631,-78.57142857142857,-43.63125208523003,8.619151075500806,87649.7,1096804,61085.9,-394.0,-0.5701963848970371,
2023-07-06,14700,14915,14660,14850,107959,69793,,,,14743.0,14744.0,14941.5,15041.666666666666,14862.71447752923,209.64285714285714,33.45195729537366,-91.43577980102236,-81.59437126392403,-9.841408537098332,15415.465355162949,14467.534644837051,14941.5,947.930710325898,48.76578629716214,32.45438982247994,81.38857924652652,-63.29113924050633,-29.197606174981438,9.527697028368829,87695.35,1204763,61300.45,1088.0,1.5835819809329799,
2023-07-07,14830,14870,14700,14745,102134,63663,,,,14748.0,14731.0,14920.5,15041.5,14851.5035749074,202.5,35.33834586466166,-89.52628723416274,-83.18075445797177,-6.345532776190964,15389.966662680563,14451.033337319437,14920.5,938.9333253611258,49.88141621688743,38.26339862061577,73.11745140943076,-76.58227848101266,-33.10001759917358,15.254538563959153,88887.2,1102629,61172.25,-6130.0,-8.783115785250672,
2023-07-10,14735,14800,14665,14730,87123,63719,,,,14753.0,14729.0,14899.5,15043.083333333334,14839.9318058686,196.78571428571428,28.57142857142857,-88.20658465631823,-84.18592049764106,-4.020664158677164,15363.281936054575,14435.718063945425,14899.5,927.5638721091491,49.21671879247894,41.91450534457016,63.8211456882965,-77.33333333333333,-37.55749675552753,0.0,89023.4,1015506,61026.8,56.0,0.08796318112560542,
2023-07-11,14760,14955,14735,14915,128176,71231,,,,14796.0,14745.5,14885.75,15041.333333333334,14847.081157690638,182.5,49.30875576036866,-71.40959164340529,-81.6306547267939,10.221063083388614,15329.125509140127,14442.374490859873,14885.75,886.7510182802544,62.76895176882562,48.86598748598865,90.57488033449958,-16.470588235294116,-5.241289078421847,83.26736592123491,90933.95,1143682,61244.9,7512.0,11.789262229476293,
2023-07-12,14825,14900,14815,14885,69970,65176,,,,14825.0,14760.0,14866.75,15037.583333333334,14850.692476005815,173.21428571428572,55.154639175257735,-59.82893225558473,-77.27031023255208,17.441377976967345,15272.683297605983,14460.816702394017,14866.75,811.8665952119663,69.2721281834365,55.66803438513793,96.4803157800336,-17.72151898734177,-1.1916821576548846,100.0,88735.05,1073712,60934.5,-6055.0,-8.500512417346384,
2023-07-13,14925,15025,14900,14970,93280,66662,,,,14849.0,14796.0,14855.25,15035.166666666666,14862.055097338596,173.21428571428572,54.9222797927461,-43.29332809412335,-70.47491380486633,27.18158571074298,15233.52134510338,14476.97865489662,14855.25,756.5426902067593,74.98800315109757,62.10802397379115,100.7479615057104,-11.827956989247312,26.635185796158925,99.12591678268478,88075.7,1166992,61004.55,1486.0,2.2799803608690272,
2023-07-14,14920,15060,14920,14960,80998,65791,,,,14892.0,14820.0,14837.5,15031.083333333334,14871.383183306349,171.07142857142858,62.35294117647059,-30.6424322058665,-62.50841748506637,31.86598527919987,15153.052981621993,14521.947018378007,14837.5,631.1059632439865,75.38882749755712,66.53495848171313,93.09656552924508,-20.0,41.04801850545949,100.0,86888.45,1085994,60857.7,-871.0,-1.3065914614022955,
2023-07-17,15000,15070,14725,14760,139666,47543,,,,14898.0,14825.5,14818.75,15018.666666666666,14860.775261086697,183.57142857142858,50.476190476190474,-36.335976085940274,-57.27392920524115,20.93795311930088,15102.871452903515,14534.628547096485,14818.75,568.2429058070302,58.98937706186348,64.01976467509658,48.928601835397274,-60.78431372549019,8.284346654076053,64.84245439469319,88665.45,946328,60075.2,-18248.0,-27.736316517456792,
2023-07-18,14815,15015,14720,14975,98871,45755,,,,14910.0,14853.0,14804.75,15011.5,14871.65380764987,195.35714285714286,59.36254980079681,-23.23164748957788,-50.4654728621085,27.233825372530617,15016.81937792297,14592.68062207703,14804.75,424.13875584593916,64.93600747213662,64.3251789407766,66.15766453485668,-18.627450980392158,43.35120254113999,91.14784642524431,89428.8,1045199,59261.0,-1788.0,-3.7608060071934846,
2023-07-19,14900,15020,14900,15000,62441,40943,,,,14933.0,14879.0,14808.25,15004.25,14883.877254540359,191.78571428571428,66.95652173913044,-10.70567326177843,-42.51351294204249,31.80783968026406,15031.061579591376,14585.438420408624,14808.25,445.6231591827527,70.86268810899642,66.50434866351654,79.57936699995619,-13.72549019607843,82.77610710529665,100.0,86404.05,1107640,58818.6,-4812.0,-10.516883400721234,
2023-07-20,14965,15420,14965,15375,109726,36191,,,,15014.0,14931.5,14837.75,15004.166666666666,14930.650849346039,207.5,73.14487632508835,29.14465609916988,-28.181879133800017,57.326535232969896,15174.631597191536,14500.868402808464,14837.75,673.7631943830711,78.5883704391102,70.53235592204776,94.70039947323508,-5.625,150.17379693146148,100.0,87743.15,1217366,58519.15,-4752.0,-11.606379600908578,
2023-07-21,15350,15400,15230,15340,150987,113191,,,,15090.0,14991.0,14861.0,15005.166666666666,14969.636482741655,206.78571428571428,72.12543554006969,57.24226849194565,-11.097049608650885,68.33931810059653,15266.002923966058,14455.997076033942,14861.0,810.005847932116,81.91605648321631,74.32692277577061,97.09432389810769,-10.256410256410257,131.08108842123178,97.71289672126618,91997.55,1066379,62530.85,77000.0,212.76007847254843,
2023-07-24,15320,15580,15280,15505,188894,118474,,,,15239.0,15068.5,14898.75,15015.083333333334,15020.623484385305,219.64285714285714,75.23510971786834,91.76612699349789,9.475585711778871,82.29054128171902,15391.442655345685,14406.057344654315,14898.75,985.3853106913703,85.03706091129149,77.89696882094424,99.317245091986,-8.064516129032258,127.31946604509254,99.99999999999999,99538.0,1255273,67202.85,5283.0,4.667332208391128,
2023-07-25,15505,15640,15460,15505,142305,117792,,,,15345.0,15127.5,14936.5,15022.833333333334,15066.754581110514,216.42857142857142,74.59807073954984,117.7689662526227,31.13426181994764,86.63470443267506,15492.79507505129,14380.20492494871,14936.5,1112.59015010258,85.13340292636823,80.30911352275224,94.78198173360022,-13.775510204081632,115.84637021684212,98.63482913763416,102889.1,1255273,69943.8,-682.0,-0.5756537299323017,
2023-07-26,15530,15615,15495,15545,109022,115972,,,,15454.0,15193.5,14976.75,15031.5,15112.301763861893,206.78571428571428,73.4006734006734,139.99034782313174,52.905479020584465,87.08486880254728,15587.049969385205,14366.450030614795,14976.75,1220.5999387704105,86.64690629873824,82.42171111474758,95.09729666671956,-9.743589743589743,99.5995897564657,96.06881353522427,105102.1,1364295,72486.15,-1820.0,-1.545096441184457,
2023-07-27,15495,15520,15180,15215,225341,111453,,,,15422.0,15218.0,15007.0,15032.5,15122.082548255998,220.71428571428572,63.74269005847953,129.48014423509085,68.22041206348575,61.259732171605094,15600.50342525505,14413.49657474495,15007.0,1187.0068505101008,75.6993868078545,80.18093634578321,66.73628773199707,-43.58974358974359,52.25395374123621,75.37181084509096,112250.3,1138954,74499.3,-4519.0,-3.896630221087849,
2023-07-28,15215,15255,15065,15190,181709,104144,,,,15392.0,15241.0,15030.5,15030.666666666666,15128.55087699352,224.64285714285714,63.372093023255815,117.77579505090034,78.13148866096867,39.64430638993167,15613.278282295929,14447.721717704071,15030.5,1165.5565645918578,67.49524337914937,75.95237202357194,50.580986090304236,-48.91304347826087,25.656873974765382,54.2434053239448,116911.75,957245,76292.0,-7309.0,-6.557921276233037,
2023-07-31,15190,15330,15180,15315,158047,92886,,,,15354.0,15296.5,15061.0,15027.75,15146.30793632747,219.28571428571428,62.04819277108434,117.23505657267378,85.9522022433097,31.282854329364085,15635.846432582333,14486.153567417667,15061.0,1149.6928651646667,63.69052261312661,71.86508888675684,47.341390065866165,-35.32608695652174,39.79796797612161,46.73872143584588,120179.15,1115292,77409.15,-11258.0,-10.81003226302043,
2023-08-01,15320,15445,15270,15340,154612,82670,,,,15321.0,15333.0,15093.0,15026.166666666666,15164.75479953438,224.64285714285714,63.74622356495469,117.46969102338153,92.25569999932408,25.21399102405745,15654.327374223487,14531.672625776513,15093.0,1122.6547484469738,60.97886692726959,68.23634823359441,46.46390431461995,-32.608695652173914,48.58614896611735,53.596980382027894,124443.55,1269904,78087.7,-10216.0,-10.998428180780738,
2023-08-02,15340,15480,15330,15445,117611,83545,,,,15301.0,15377.5,15128.25,15025.416666666666,15191.444818626343,225.35714285714286,64.17910447761194,124.69090387195865,98.74274077385101,25.948163098107642,15684.764292623955,14571.735707376045,15128.25,1113.02858524791,62.68156345875944,66.38475330864942,55.275183758979466,-21.195652173913043,55.05899932803742,55.34536409955529,125443.6,1387515,78829.7,875.0,1.0584250635055081,
2023-08-03,15420,15420,15200,15295,149247,71210,,,,15317.0,15369.5,15150.5,15022.833333333334,15201.307216852405,232.85714285714286,59.22865013774105,116.96175833882808,102.38654428684643,14.575214051981646,15695.640252354242,14605.359747645758,15150.5,1090.280504708484,55.12104230583963,62.630182974379494,40.102760968759895,-37.5,30.537028180392007,35.350733915788794,127508.0,1238268,78900.55,-12335.0,-14.76449817463642,
2023-08-04,15305,15555,15305,15395,164166,72590,,,,15358.0,15375.0,15183.0,15019.166666666666,15219.754148580749,226.78571428571428,68.5131195335277,117.55047043294144,105.41932951606543,12.131140916876006,15703.287369987418,14662.712630012582,15183.0,1040.5747399748361,55.87779631983511,60.3793874228647,46.874614113775934,-26.630434782608695,47.26197800737046,58.00451592251993,130609.6,1402434,79346.9,1380.0,1.9379300660019583,
2023-08-07,15350,15355,15210,15250,107576,65749,,,,15345.0,15349.5,15209.0,15018.75,15222.634705858773,218.92857142857142,58.358662613981764,105.10515403450518,105.35649441975339,-0.2513403852482128,15683.969251082308,14734.030748917692,15209.0,949.9385021646158,48.463985425344625,56.407586757024674,32.57678276198453,-52.7027027027027,14.754919307954422,0.0,131632.25,1294858,79448.4,-6841.0,-9.424163107866102,
2023-08-08,15280,15395,15235,15260,82226,63381,,,,15329.0,15325.0,15226.25,15018.416666666666,15226.193305300794,221.78571428571428,57.97546012269939,94.95449128320251,103.27609379244322,-8.321602509240705,15680.885481515284,14771.614518484716,15226.25,909.270963030569,45.5746297393454,52.79660108446492,31.130687049106356,-56.2962962962963,16.405626267870268,0.0,129334.75,1377084,79055.9,-2368.0,-3.6015756893641004,
2023-08-09,15190,15380,15100,15325,104682,57983,,,,15305.0,15303.0,15248.25,15018.833333333334,15235.603466700719,209.28571428571428,48.1060606060606,91.10477555174293,100.84183014430316,-9.737054592560227,15675.0899798766,14821.4100201234,15248.25,853.6799597532008,48.07016132282891,51.22112116391958,41.768241640647574,-54.78260869565217,5.988307558450309,0.0,131070.35,1481766,78696.25,-5398.0,-8.516747921301338,
2023-08-10,15250,15335,15160,15255,93282,53611,,,,15297.0,15307.0,15262.5,15025.0,15237.450755586366,209.64285714285714,46.86346863468634,81.46633985841618,96.96673208712576,-15.500392228709586,15668.760222543453,14856.239777456547,15262.5,812.520445086906,43.40208557053063,48.61477596612326,32.97670477934537,-66.95652173913044,-1.9984789711897961,0.0,131070.45,1388484,78043.7,-4372.0,-7.540141075832574,
2023-08-11,15260,15500,15260,15465,115115,50811,,,,15311.0,15334.5,15287.75,15032.25,15259.122112197188,205.71428571428572,48.57142857142857,89.73860431682624,95.52110653306586,-5.782502216239621,15677.277041153086,14898.222958846914,15287.75,779.054082306171,55.67465045361382,50.968067461953446,65.08781643693457,-30.434782608695652,34.47155610526429,6.158227654698252,132776.3,1503599,77294.7,-2800.0,-5.222808751935237,
2023-08-14,15400,15740,15400,15725,103165,45415,,,,15406.0,15375.5,15336.0,15045.083333333334,15303.491434845075,217.14285714285714,56.62650602409638,115.9378017777799,99.60444558200868,16.333356195771216,15687.487066468655,14984.512933531345,15336.0,702.9741329373101,69.66851696907588,57.20155063099426,94.60244964523912,-2.2222222222222223,87.66900512732984,36.78999908054898,130951.25,1606764,77188.3,-5396.0,-10.619747692428804,
2023-08-15,15705,15840,15645,15745,114157,110018,,,,15503.0,15416.0,15374.5,15058.833333333334,15345.539869621734,222.5,56.09756097560975,136.73845162009457,107.03124678962587,29.707204830468697,15728.170974063098,15020.829025936902,15374.5,707.3419481261953,75.49973203343797,63.30094443180883,99.89730723669624,-12.258064516129032,113.24896397968655,42.65238448448884,131715.55,1720921,80401.45,64603.0,142.25035781129583,
2023-08-16,15705,15815,15705,15730,83518,115399,,,,15584.0,15444.5,15411.0,15073.583333333334,15382.15512013395,204.28571428571428,69.43396226415095,150.28040290258832,115.68107801221836,34.59932489036996,15752.399596090168,15069.600403909832,15411.0,682.7991921803368,78.71153306733703,68.43780731031822,99.25898458137465,-14.193548387096774,106.4408821606746,100.0,132769.4,1637403,84124.25,5381.0,4.891017833445432,
2023-08-17,15730,15865,15655,15765,124403,117867,,,,15686.0,15491.5,15430.5,15092.25,15418.61653726405,205.71428571428572,71.53558052434457,161.96961940137953,124.9387862900506,37.03083311132893,15806.082354834678,15054.917645165322,15430.5,751.164709669356,81.45039023661249,72.7753349524163,98.80050080500487,-13.071895424836601,93.7990897914821,100.0,133503.25,1761806,88208.05,2468.0,2.1386667128831194,
2023-08-18,15800,15940,15795,15860,119712,121098,,,,15765.0,15538.0,15456.5,15114.916666666666,15460.653057524616,207.5,70.88122605363985,176.86037740582833,135.32310451320615,41.537272892622184,15875.221110550992,15037.778889449008,15456.5,837.4422211019846,84.45899031647183,76.6698867404348,100.03719746854586,-9.523809523809524,101.80248900402103,97.34779708510075,131939.5,1881518,88603.4,3231.0,2.7412252793402647,
2023-08-21,15860,16040,15820,15955,142096,122521,,,,15811.0,15608.5,15479.0,15135.25,15507.733718712747,210.71428571428572,72.36363636363636,194.08977040184072,147.07643769093306,47.01333271090766,15953.359401830792,15004.640598169208,15479.0,948.7188036615844,86.62514248048477,79.98830532045146,99.89881680055137,-9.042553191489361,100.37824442798252,100.0,129599.6,2023614,88805.75,1423.0,1.1750813390807524,
2023-08-22,15995,16200,15965,16120,161422,124166,,,,15886.0,15694.5,15509.75,15156.583333333334,15566.044793121057,217.5,73.5191637630662,218.53912650524944,161.36897545379634,57.170151051453104,16064.181667281202,14955.318332718798,15509.75,1108.863334562404,88.51932575622061,82.83197879904118,99.89401967057947,-7.2727272727272725,109.9532015001748,100.0,130555.45,2185036,89124.45,1645.0,1.3426269782323086,
2023-08-23,16115,16175,16020,16065,111122,125453,,,,15953.0,15768.5,15535.75,15177.416666666666,15613.564336633337,211.07142857142858,78.73134328358209,230.81666617025257,175.2585135970876,55.55815257316496,16143.362021294062,14928.137978705938,15535.75,1215.2240425881246,87.55898312826055,84.40764690878098,93.86165556721971,-12.272727272727273,93.06348403616917,100.0,130660.45,2073914,89598.5,1287.0,1.0365156322986957,
2023-08-24,16085,16165,15825,15845,190033,117608,,,,15969.0,15827.5,15567.25,15193.75,15635.605828382542,216.78571428571428,65.41095890410958,220.2555742705208,184.25792573177426,35.997648538746546,16170.150663896067,14964.349336103933,15567.25,1205.8013277921345,76.91432208550704,81.90987196768967,66.9232223211418,-32.27272727272727,62.206036954172276,58.20121509127978,128895.05,1883881,89906.25,-7845.0,-6.253337903437939,
2023-08-25,15825,15875,15725,15840,136784,109392,,,,15965.0,15865.0,15599.75,15213.5,15655.071939965157,214.28571428571428,72.34848484848484,209.07231908673566,189.22080440276656,19.8515146839691,16186.897206503843,15012.602793496157,15599.75,1174.2944130076867,62.98792643538307,75.60255679025414,37.758665725640924,-32.72727272727273,36.7492933689952,79.97086876542481,126648.8,1747097,90168.65,-8216.0,-6.985919325215972,
2023-08-28,15840,15930,15740,15825,150748,104812,,,,15939.0,15875.0,15625.25,15226.5,15671.25556473038,216.42857142857142,71.32075471698113,196.731337742327,190.72291107067866,6.008426671648351,16204.573334862142,15045.926665137858,15625.25,1158.6466697242831,52.389504473741624,67.86487268474997,21.438768051724935,-34.09090909090909,35.80827096338061,76.74589646078658,126283.85,1596349,90764.95,-4580.0,-4.186777826532106,
2023-08-29,15825,15855,15630,15680,126321,99601,,,,15851.0,15868.5,15642.25,15235.083333333334,15672.088368089391,212.5,62.63345195729537,173.25357358083966,187.22904357271085,-13.975469991871194,16206.075980992458,15078.424019007542,15642.25,1127.6519619849169,37.85031292401489,57.86001943117161,-2.1691000902985564,-50.0,14.17003865347173,49.48551949684374,124869.3,1470028,91611.5,-5211.0,-4.971758958897832,
2023-08-30,15620,15770,15560,15705,133938,93689,,,,15779.0,15866.0,15655.25,15246.416666666666,15675.222809223735,215.0,66.54411764705883,154.87921620553425,180.75907809927554,-25.879861893741293,16211.870205015577,15098.629794984423,15655.25,1113.2404100311542,32.78562528267659,49.501888048339936,-0.6469002486500983,-52.659574468085104,4.408565123248998,59.59131266504481,125685.65,1603966,92118.7,-5912.0,-5.9356833766729284,
2023-08-31,15700,15820,15680,15815,148895,85370,,,,15773.0,15871.0,15681.25,15257.75,15688.534922630999,207.5,63.888888888888886,147.49327562709914,174.10591760484027,-26.612641977741134,16215.132255893468,15147.367744106532,15681.25,1067.764511786936,35.13833352178439,44.71403653948809,15.986927486376985,-48.125,17.538217345765858,34.423446365545274,125668.05,1752861,92826.7,-8319.0,-8.879377514969743,
2023-09-01,15790,15925,15710,15855,144136,77306,,,,15776.0,15870.5,15704.25,15269.25,15704.388739523285,198.57142857142858,56.25,143.2166181867069,167.9280577212136,-24.711439534506695,16225.69813538332,15182.80186461668,15704.25,1042.8962707666396,38.79013901452293,42.73940403116637,30.891608981236033,-53.90625,24.990400451371844,0.673502211499814,124666.55,1896997,93062.5,-8064.0,-9.445941197141849,
2023-09-04,15900,16000,15835,15865,114754,71811,,,,15784.0,15861.5,15735.0,15281.166666666666,15719.685050044878,196.42857142857142,55.8252427184466,139.0315832327051,162.1487628235119,-23.117179590806813,16214.506325077655,15255.493674922345,15735.0,959.0126501553095,42.39125798800173,42.623355350111495,41.9270632637822,-52.34375,34.38544025874937,0.0,125025.45,2011751,93365.6,-5495.0,-7.108115799549841,
2023-09-05,15885,15940,15630,15790,123824,62623,,,,15806.0,15828.5,15761.5,15291.166666666666,15726.381711945365,210.71428571428572,52.75229357798165,128.18539820341357,155.35608989949225,-27.170691696078677,16185.8893445758,15337.1106554242,15761.5,848.7786891516007,40.93301496720777,42.05990855581025,38.6792277900028,-64.0625,7.332646240829291,0.0,127105.35,1887927,93327.7,-9188.0,-12.794697191238114,
2023-09-06,15835,15860,15755,15850,80580,53034,,,,15835.0,15807.0,15787.75,15300.916666666666,15738.154882236282,203.21428571428572,53.81165919282511,123.01319741746192,148.8875114030862,-25.87431398562427,16160.230660041923,15415.269339958077,15787.75,744.9613200838467,49.25837361450215,44.45939690870755,58.85632702609135,-54.6875,10.333032322798557,4.07776892091278,125900.25,1968507,93080.25,-9589.0,-15.312265461571627,
2023-09-07,15820,15905,15670,15750,104954,45067,,,,15822.0,15797.5,15812.5,15310.083333333334,15739.282988689969,207.5,45.08928571428571,109.58183557755729,141.02637623798043,-31.444540660423144,16089.466651992245,15535.533348007755,15812.5,553.9333039844896,47.23285513694083,45.38388298478531,50.930799441251864,-70.3125,-10.59598186834522,0.0,126483.85,1863553,92653.05,-7967.0,-15.022438435720487,
2023-09-08,15795,15795,15480,15540,94357,38871,,,,15759.0,15767.5,15816.25,15313.833333333334,15720.303656433782,214.28571428571428,33.19838056680162,81.05775623771478,129.03265223792732,-47.97489600021254,16074.826569134302,15557.673430865698,15816.25,517.1531382686044,35.334723937447734,42.03416330233945,21.9358452076643,-91.66666666666667,-81.7291284564821,0.0,125445.95,1769196,92056.05,-6196.0,-13.748419020569369,
2023-09-11,15590,15710,15515,15655,108888,81912,,,,15717.0,15750.5,15812.75,15322.5,15714.084260582946,210.71428571428572,30.37974683544303,66.9598848889782,116.6180987681375,-49.658213879159305,16078.327325443039,15547.172674556961,15812.75,531.1546508860774,34.77443134291387,39.614252649197596,25.094788730346423,-74.82014388489209,-73.6986645538217,0.0,125732.1,1878084,93880.9,43041.0,110.72779192714361,
2023-09-12,15655,15690,15415,15465,117597,88370,,,,15652.0,15729.0,15798.75,15326.0,15690.361950051238,219.28571428571428,27.272727272727266,39.994773320720924,101.29343367865418,-61.29866035793326,16105.668041520094,15491.831958479906,15798.75,613.8360830401871,26.0319570776121,35.08682079200243,7.922229648831433,-93.33333333333333,-97.95601696072781,0.0,125904.1,1760487,92798.5,6458.0,7.884070710030278,
2023-09-13,15460,15490,15250,15315,133661,91204,,,,15545.0,15690.0,15778.0,15332.416666666666,15654.6131929035,212.14285714285714,28.80000000000001,6.4466685499101,82.32408065290537,-75.87741210299527,16153.042453737262,15402.957546262738,15778.0,750.0849074745238,20.24352694063029,30.139056174878384,0.45246847213410035,-91.33333333333333,-123.13923595225855,3.3882352941176865,128411.25,1626826,91588.75,2834.0,3.206970691411115,
2023-09-14,15275,15435,15275,15410,106722,95238,,,,15477.0,15649.5,15760.25,15342.833333333334,15631.316698341263,212.85714285714286,33.95522388059702,-12.332577849441805,63.39274895243594,-75.72532680187774,16169.890085929104,15350.609914070896,15760.25,819.2801718582086,20.60679573819797,26.961636029318246,7.897115155957415,-78.66666666666667,-98.77050611133976,15.170932719579692,127527.2,1733548,90457.3,4034.0,4.42305162054295,
2023-09-15,15470,15500,15380,15445,104608,90853,,,,15458.0,15608.5,15739.5,15352.333333333334,15613.572250880192,207.85714285714286,36.02941176470588,-24.11309764552243,45.89157963284427,-70.0046772783667,16169.406966680006,15309.593033319994,15739.5,859.813933360012,23.158153680537776,25.693808579724756,18.086843882163812,-74.0,-72.25089223566489,22.297872340425528,126772.0,1838156,88945.05,-4385.0,-4.60425460425461,
2023-09-18,15440,15525,15320,15490,126224,88642,,,,15425.0,15571.0,15716.25,15364.666666666666,15601.80346508208,206.42857142857142,42.460317460317455,-29.47831289720125,30.81760112683517,-60.29591402403642,16147.37917834572,15285.12082165428,15716.25,862.25835669144,27.65250957837378,26.346708912607767,30.26411090990581,-68.0,-64.048488580716,38.673421141506246,125978.4,1964380,87251.1,-2211.0,-2.4336015321453353,
2023-09-19,15445,15505,15365,15395,113061,90850,,,,15411.0,15531.5,15680.0,15375.416666666666,15582.107896979025,201.42857142857142,38.34586466165414,-40.92424150866282,16.469232599735577,-57.393474108398394,16089.569735724035,15270.430264275965,15680.0,819.1394714480703,25.81414124563341,26.16918635694965,25.10405102300094,-80.66666666666667,-64.35870101942965,30.241120041483043,123560.35,1851319,85585.3,2208.0,2.4909185262065314,
2023-09-20,15390,15595,15325,15475,159461,89853,,,,15443.0,15494.0,15650.5,15387.666666666666,15571.907144885783,210.71428571428572,36.92307692307693,-43.04370989076233,4.566644101635996,-47.61035399239832,16026.964159194336,15274.035840805664,15650.5,752.9283183886728,30.970895386997196,27.769756033632163,37.37317409372726,-70.0,-50.544578608252785,33.3031674208145,125977.3,2010780,83805.3,-997.0,-1.0974133186571255,
2023-09-21,15445,15450,15105,15150,187236,102698,,,,15391.0,15434.0,15615.75,15396.666666666666,15531.725512039518,221.78571428571428,27.760252365930597,-70.13966135946612,-10.374616990584428,-59.76504436888169,16041.676544198217,15189.823455801783,15615.75,851.853088396434,23.126602434306673,26.222038167190334,16.935730968539346,-94.97206703910615,-97.09740710630105,1.7074681007708623,125837.45,1823544,83059.8,12845.0,14.295571655926897,
2023-09-22,15100,15235,15060,15165,108130,102044,,,,15335.0,15396.5,15582.0,15404.083333333334,15496.79927279766,222.5,27.9874213836478,-89.3727895886841,-26.174251510204364,-63.198538078479736,16038.95099357187,15125.04900642813,15582.0,913.9019871437413,20.973290511760005,24.472455615380227,13.974960304519563,-88.06818181818181,-99.27858939480706,2.6930025408418845,124404.75,1931674,82692.4,-654.0,-0.6368186332742609,
2023-09-25,15150,15205,15015,15065,123700,101538,,,,15250.0,15337.5,15544.0,15410.083333333334,15455.675532531215,213.92857142857142,27.554179566563462,-111.40019444532118,-43.21944009722773,-68.18075434809344,16040.552324056911,15047.447675943089,15544.0,993.1046481138219,16.855756892897475,21.933556041219312,6.7001585962538,-94.38202247191012,-96.24759940434726,1.0605260780033623,123052.35,1807974,82528.7,-506.0,-0.49586452902669054,
2023-09-26,15085,15100,14915,14955,98292,99013,,,,15162.0,15286.5,15507.75,15414.333333333334,15407.992148480624,219.64285714285714,23.123123123123122,-136.1635436128272,-61.808260800347625,-74.35528281247957,16064.682151211111,14950.817848788889,15507.75,1113.864302422222,13.197955575657142,19.021689219365257,1.5504882882409134,-95.95959595959596,-99.28740255186096,0.0,121650.9,1709682,82499.3,-2525.0,-2.486753727668456,
2023-09-27,14950,14965,14725,14725,112776,94667,,,,15012.0,15227.5,15458.75,15414.083333333334,15342.945277196755,220.0,21.44846796657383,-172.36088505616863,-83.91878565151183,-88.4420994046568,16107.488654702543,14810.011345297457,15458.75,1297.477309405087,8.798637050438096,15.614005163056204,-4.83209917479812,-100.0,-109.26158416375013,0.0,120592.8,1596906,82548.2,-4346.0,-4.3893226142021735,
2023-09-28,14730,14925,14730,14800,98233,85279,,,,14942.0,15166.5,15408.0,15413.25,15291.236203178016,211.78571428571428,27.710843373493972,-192.773492909997,-105.68972710320887,-87.08376580678814,16096.953439722356,14719.046560277644,15408.0,1377.906879444712,8.739321252016202,13.322443859376204,-0.4269239627038033,-92.38578680203045,-91.98263704175731,29.80401800795686,118059.7,1695139,82543.65,-9388.0,-9.916866489906727,
2023-10-09,14755,14780,14540,14655,74620,84341,,,,14840.0,15087.5,15348.0,15411.75,15230.642279065825,216.42857142857142,20.414201183431956,-218.13637948595897,-128.17905757975888,-89.9573219062001,16080.669236781729,14615.330763218271,15348.0,1465.3384735634572,9.459705479227232,12.034864399326548,4.3093876390286,-90.0,-99.26231706767692,0.0,114583.9,1620519,82895.4,-938.0,-1.099919089107515,
2023-10-10,14680,14760,14525,14540,80404,84620,,,,14735.0,14992.5,15281.75,15408.583333333334,15164.866823916698,213.57142857142858,21.362229102167177,-244.69549142455253,-151.48234434871762,-93.21314707583491,16056.022323913849,14507.477676086151,15281.75,1548.5446478276972,6.77376003911099,10.281162945921363,-0.24104577450975384,-98.59813084112149,-93.37308955700816,4.300203749397764,112866.4,1540115,83535.85,279.0,0.33079996680143164,
2023-10-11,14580,14650,14475,14645,83240,81203,,,,14673.0,14917.5,15224.5,15404.083333333334,15115.355697829393,208.92857142857142,28.662420382165607,-254.3392914741671,-172.05373377380752,-82.28555770035959,16009.785063896514,14439.214936103486,15224.5,1570.5701277930275,10.327805838039804,10.296710576627511,10.38999636086439,-84.82142857142857,-84.6509595513329,37.41347952238458,110837.2,1623355,84464.85,-3417.0,-4.038052469865283,
2023-10-12,14605,14805,14590,14805,92959,76167,,,,14689.0,14850.5,15172.25,15402.75,15085.798012321831,212.85714285714286,31.49847094801224,-246.2329890460951,-186.88958482826504,-59.343404217830056,15920.486347405651,14424.013652594349,15172.25,1496.472694811302,21.358888102552847,13.98410308526929,36.10845813711997,-70.53571428571429,-60.438705093126565,50.277652650329685,111456.15,1716314,85621.5,-5036.0,-6.201741314976051,
2023-10-13,14805,14865,14745,14785,76410,68671,,,,14686.0,14814.0,15124.0,15399.666666666666,15057.150582576896,212.85714285714286,29.629629629629633,-238.67126504636872,-197.24592087188577,-41.425344174482944,15839.08998329618,14408.91001670382,15124.0,1430.1799665923609,28.39450987658774,18.787572015708772,47.608385598345684,-72.32142857142857,-47.467338633969206,41.80068874924559,110028.95,1639904,86801.7,-7496.0,-9.841532422177579,
2023-10-16,14785,14980,14740,14960,97217,63117,,,,14747.0,14793.5,15095.0,15399.666666666666,15047.898146141002,215.35714285714286,34.85714285714286,-216.06682299477143,-201.01010129646292,-15.056721698308507,15785.682347583288,14404.317652416712,15095.0,1381.364695166576,44.796339917725156,27.457161316380898,79.47469712041367,-56.69642857142857,-30.34552192858071,80.54434933631063,110171.95,1737121,88014.0,-5554.0,-8.087839116948924,
2023-10-17,14985,15005,14760,14785,69949,59134,,,,14796.0,14765.5,15051.5,15400.083333333334,15022.860227460907,222.85714285714286,33.33333333333333,-209.8546040313322,-202.7790018434368,-7.075602187895413,15702.10376817069,14400.89623182931,15051.5,1301.2075363413787,49.361081957728715,34.758468196830165,78.56630947952581,-72.32142857142857,-32.84128883688583,78.25567502986853,108225.0,1667172,86875.1,-3983.0,-6.310502717176036,
2023-10-18,14780,14905,14750,14795,81846,51516,,,,14826.0,14749.5,15018.0,15397.083333333334,15001.15925341701,214.64285714285714,30.681818181818187,-201.7982546550611,-202.58285240576166,0.7845977507005557,15647.614752719557,14388.385247280443,15018.0,1259.2295054391143,53.033174135341156,40.850036843000495,77.39944872002249,-67.17948717948718,-34.08341047417705,71.09089844955467,106437.45,1749018,85032.4,-7618.0,-12.88260560760307,
2023-10-19,14845,14915,14775,14860,74282,44471,,,,14837.0,14763.0,14995.25,15394.75,14987.715514996344,198.21428571428572,40.333333333333336,-188.00141962060297,-199.66656584872993,11.665146228126957,15612.437807295064,14378.062192704936,14995.25,1234.375614590128,59.5692859015482,47.08978652918306,84.52828464627848,-49.3421052631579,-25.234505890253804,100.0,103468.5,1823300,82695.75,-7045.0,-13.675362994021278,
2023-10-20,14825,14930,14565,14615,69130,39751,,,,14803.0,14744.5,14955.5,15382.083333333334,14952.218799282406,211.78571428571428,34.10404624277457,-194.59362670619157,-198.65197802022226,4.058351314030688,15562.536806306282,14348.463193693718,14955.5,1214.073612612563,48.51788871423968,47.5658205908686,50.422024960981844,-80.82191780821918,-44.946545715840784,68.72711600244288,101588.9,1754170,79921.4,-4720.0,-10.613658339142361,
2023-10-23,14575,14600,14420,14505,108733,99616,,,,14712.0,14729.5,14908.5,15368.166666666666,14909.62653268408,212.14285714285714,33.9080459770115,-206.31579890480134,-200.1847421971381,-6.131056707663248,15501.353048269222,14315.646951730778,14908.5,1185.7060965384444,37.1885639861313,44.106735055956165,23.35222184648157,-87.5,-71.28835496492258,67.74313605648904,101795.15,1645437,80359.55,59865.0,150.5999849060401,
2023-10-24,14500,14680,14490,14675,112700,97676,,,,14690.0,14743.0,14867.75,15354.333333333334,14887.28114861893,212.5,42.22222222222222,-199.5874061953964,-200.06527499678975,0.4778688013933561,15401.39165977989,14334.10834022011,14867.75,1067.2833195597814,39.32229052066873,42.51192021086035,32.943031140285484,-56.41025641025641,-49.154894438844956,100.0,101118.95,1758137,80811.25,-1940.0,-1.947478316736262,
2023-10-25,14660,14815,14635,14730,119152,88607,,,,14677.0,14751.5,14834.5,15341.416666666666,14872.301991607603,208.21428571428572,50.15384615384615,-187.6539087028941,-197.58300173801064,9.929093035116523,15309.461494284153,14359.538505715847,14834.5,949.9229885683053,43.878678010930145,42.967506144216955,45.701021744356524,-47.00854700854701,-24.825375299709762,100.0,101423.5,1877289,80699.1,-9069.0,-9.284778246447434,
2023-10-26,14730,14740,14535,14635,108516,90673,,,,14632.0,14734.5,14792.5,15326.25,14849.701801930687,208.57142857142858,44.984802431610944,-183.7441439016111,-194.81523017073073,11.071086269119633,15166.897762026605,14418.102237973395,14792.5,748.7955240532101,41.50316425799902,42.47939218214431,39.550708409708434,-63.24786324786325,-43.12690377742042,82.61901334942796,98876.25,1768773,80740.1,2066.0,2.3316442267540927,
2023-10-27,14635,14635,14500,14580,108664,87717,,,,14625.0,14714.0,14764.0,15315.666666666666,14824.015916032527,199.64285714285714,47.58842443729904,-182.9744518903335,-192.4470745146513,9.47262262431778,15109.476025522077,14418.523974477923,14764.0,690.9520510441544,36.78558528880846,40.58145655103236,29.193842764360667,-72.64957264957265,-57.883354562837205,91.08969214218722,94947.65,1660109,79991.05,-2956.0,-3.2600663924211126,
2023-10-30,14620,14835,14610,14780,128428,80859,,,,14680.0,14696.0,14744.75,15308.833333333334,14819.82392402943,201.07142857142858,57.3170731707317,-164.33182194542496,-186.82402400080605,22.492202055381085,15034.568000966494,14454.931999033506,14744.75,579.6360019329877,48.05313529057819,43.07201613088097,58.01537360997264,-38.46153846153846,-3.006420884985571,100.0,95962.55,1788537,78931.8,-6858.0,-7.818324840110813,
2023-10-31,14800,14830,14525,14575,145688,87104,,,,14660.0,14675.0,14720.25,15296.5,14796.50735983615,210.35714285714286,47.98850574712644,-164.20632188094896,-182.30048357683464,18.094161695885674,14977.04143697808,14463.45856302192,14720.25,513.5828739561584,42.1661424813005,42.77005824768747,40.958310948526545,-73.5042735042735,-34.0760783182324,66.307588456995,97061.95,1642849,78210.1,6245.0,7.723320842454151,
2023-11-01,14580,14580,14310,14320,155140,92592,,,,14578.0,14627.5,14688.5,15279.5,14751.125706518422,214.28571428571428,36.78474114441417,-182.57857884603436,-182.3561026306746,-0.22247621535976236,14978.020474687304,14398.979525312696,14688.5,579.0409493746083,28.648396062802487,38.062837519392474,9.819513149622509,-98.56115107913669,-115.18002491481272,25.842441914735677,99904.35,1487709,77889.05,5488.0,6.300514327700224,
2023-11-02,14330,14480,14270,14460,106003,90025,,,,14543.0,14587.5,14675.25,15263.083333333334,14723.399448754762,220.71428571428572,41.68797953964194,-183.72403853268406,-182.6296898110765,-1.0943487216075596,14981.508834459048,14368.991165540952,14675.25,612.5176689180953,30.308370236558588,35.47801509178118,19.9690805261134,-74.14965986394557,-97.29898245290114,41.321779582755575,99565.7,1593712,77656.95,-2567.0,-2.772377743217558,
2023-11-03,14475,14600,14450,14595,106766,85139,,,,14546.0,14585.5,14665.0,15251.416666666666,14711.170929825737,214.28571428571428,40.46997389033942,-171.75852645205305,-180.45545713927183,8.696930687218781,14967.37655158324,14362.62344841676,14665.0,604.7531031664803,39.37962145564083,36.778550546401064,44.58176327412036,-55.78231292517007,-41.59722217404701,36.74887179640439,99992.35,1700478,77649.95,-4886.0,-5.427381282976951,
2023-11-06,14615,14695,14490,14655,97913,79968,,,,14521.0,14600.5,14665.0,15239.083333333334,14705.821317461383,211.42857142857142,46.388888888888886,-155.64015058885525,-175.49239582918852,19.852245240333275,14967.37655158324,14362.62344841676,14665.0,604.7531031664803,48.96694527721188,40.841348790004666,65.21813825162629,-41.666666666666664,-17.560190211219656,58.97097930396576,101157.0,1798391,77431.3,-5171.0,-6.073597293837141,
2023-11-07,14665,14725,14510,14545,92075,77322,,,,14515.0,14587.5,14665.25,15227.333333333334,14690.50500151268,215.71428571428572,43.421052631578945,-150.01304527622233,-170.3965257185953,20.383480442372985,14967.199368359392,14363.300631640608,14665.25,603.8987367187838,48.86881897536839,43.51717218512591,59.572112555853366,-58.333333333333336,-24.341008773505592,40.63819728963126,101740.55,1706316,77066.4,-2646.0,-3.308823529411764,
2023-11-08,14525,14535,14380,14520,97881,76892,,,,14555.0,14566.5,14659.0,15215.0,14674.266429940044,217.5,40.86021505376344,-145.88909615348894,-165.49503980557404,19.605943652085102,14967.810962445183,14350.189037554817,14659.0,617.6219248903653,47.328475187118755,44.78760651912352,52.41021252310922,-62.121212121212125,-60.91705989507491,29.698667181765494,102472.6,1608435,76850.85,-430.0,-0.5561159825146822,
2023-11-09,14475,14580,14435,14495,93887,71938,,,,14562.0,14552.5,14643.5,15201.166666666666,14657.19343661242,201.78571428571428,46.34146341463415,-142.98983007552488,-160.99399785956422,18.00416778403934,14952.575020700568,14334.424979299432,14643.5,618.1500414011352,44.82665307459835,44.80062203761513,44.878715148564794,-60.176991150442475,-47.56789976376286,53.11377245508984,102519.0,1514548,76639.4,-4954.0,-6.442802892368515,
2023-11-10,14450,14630,14385,14445,107813,70541,,,,14532.0,14539.0,14626.5,15187.666666666666,14636.984537887429,205.35714285714286,48.10126582278481,-143.07741556913425,-157.41068140147823,14.333265832343983,14940.172641962594,14312.827358037406,14626.5,627.3452839251877,40.301102049732236,43.300782041654166,34.30174206588838,-69.02654867256638,-48.123826331542666,55.11563257337532,104089.15,1406735,76732.9,-1397.0,-1.9419500125107736,
2023-11-13,14425,14430,14110,14200,134361,66469,,,,14441.0,14481.0,14588.5,15166.583333333334,14595.36696285053,215.71428571428572,35.649546827794566,-161.05968436818512,-158.14048199481962,-2.9192023733654935,14915.899643121054,14261.100356878946,14588.5,654.7992862421088,31.745450146975962,39.4490047434281,16.338340954071683,-87.58620689655173,-110.98482007545627,0.0,105946.35,1272374,76900.5,-4072.0,-5.772529450957597,
2023-11-14,14140,14250,14045,14080,87412,54869,,,,14348.0,14431.5,14553.25,15139.166666666666,14546.284394960005,217.5,31.104651162790702,-182.8855680783472,-163.08949921152515,-19.796068866822054,14938.303311414904,14168.196688585096,14553.25,770.1066228298077,22.879319705827115,33.92577639756111,0.7864063223591273,-95.56962025316456,-122.01819447497154,0.0,106819.5,1184962,76687.25,-11600.0,-17.451744422211856,
2023-11-15,14040,14175,13970,14140,204882,132931,,,,14272.0,14413.5,14520.5,15112.416666666666,14507.590643059051,217.5,35.311572700296736,-193.11512861390474,-169.09462509200108,-24.020503521903663,14929.644164529356,14111.355835470644,14520.5,818.2883290587124,22.758398567681652,30.203317120934624,7.868561461175709,-80.34682080924856,-109.51349408260079,16.049343079519915,112971.3,1389844,80758.0,78062.0,142.26976981537845,
2023-11-16,14150,14150,14005,14100,168872,134617,,,,14193.0,14377.5,14482.5,15085.25,14468.772486577238,218.21428571428572,35.62874251497006,-202.11988255357028,-175.69967658431491,-26.420205969255363,14899.967300957123,14065.032699042877,14482.5,834.9346019142467,20.91178006057364,27.1061381008143,8.523063980092324,-84.97109826589596,-98.4689567519395,17.259341203986377,117700.8,1220972,85265.3,1686.0,1.2683271772573779,
2023-11-17,14080,14085,13850,13900,200756,147095,,,,14084.0,14308.0,14446.75,15054.166666666666,14414.603678331787,217.85714285714286,23.65269461077844,-222.82594467093077,-185.12493020163808,-37.70101446929269,14933.20089545011,13960.29910454989,14446.75,972.9017909002214,15.845948611811,23.352741604479867,0.8323626264732695,-94.89795918367346,-109.36923311224352,0.0,124282.1,1020216,90632.5,12478.0,9.26926019744907,
2023-11-20,13880,13950,13825,13880,155114,152531,,,,14020.0,14230.5,14415.5,15021.166666666666,14363.689042300188,205.0,26.599326599326602,-238.1047575016728,-195.72089566164505,-42.38386184002775,14962.702454595914,13868.297545404086,14415.5,1094.4049091918278,12.841398453422656,19.848960554127466,-1.173725747986964,-93.88888888888889,-101.70760612498071,12.052368880767602,126601.15,865102,93278.25,5436.0,3.6955708895611616,
2023-11-21,13880,13930,13730,13750,175634,157945,,,,13954.0,14151.0,14369.25,14984.416666666666,14305.242466843027,200.0,29.044117647058826,-257.73226319525384,-208.12316916836681,-49.60909402688702,14977.104509947208,13761.395490052792,14369.25,1215.709019894417,9.301673043022513,16.333198050425814,-4.761376971784088,-97.98994974874371,-98.60874849354295,22.052098625840067,129747.85,689468,96291.7,5414.0,3.5494424084284493,
2023-11-22,13725,13805,13515,13635,184989,153247,,,,13853.0,14062.5,14314.5,14943.0,14241.409850953216,205.71428571428572,19.101123595505626,-279.3466079615064,-222.36785692699473,-56.978751034511646,14980.057937689167,13648.942062310833,14314.5,1331.1158753783347,9.78855930820335,14.151651803018325,1.0623743185734007,-90.08264462809917,-104.73079632759547,0.0,133039.7,504479,99523.7,-4698.0,-2.974453132419508,
2023-11-23,13635,13695,13465,13545,157297,149827,,,,13742.0,13967.5,14260.0,14901.0,14175.085103243386,211.42857142857142,9.302325581395351,-300.27697371328213,-237.94968028425222,-62.32729342902991,14990.40724040915,13529.59275959085,14260.0,1460.8144808182988,9.289091352273736,12.530798319436794,2.8056774179476207,-93.65079365079364,-99.36426380258106,0.0,135478.75,347182,102481.4,-3420.0,-2.2316913218529577,
2023-11-24,13545,13780,13540,13695,180589,141969,,,,13701.0,13892.5,14215.75,14865.166666666666,14129.362712458302,213.92857142857142,15.217391304347828,-301.28763663888094,-250.61727155517798,-50.67036508370296,14971.327680704606,13460.172319295394,14215.75,1511.1553614092118,15.959181920624104,13.673592853165898,20.530360055540516,-81.74603174603175,-74.85594243610589,15.24543115392228,139075.0,527771,105194.0,-7858.0,-5.244715571959658,
2023-11-27,13665,13705,13510,13650,199782,134435,,,,13655.0,13837.5,14159.25,14828.666666666666,14083.709120795607,212.5,15.969581749049425,-302.23573281547397,-260.9409638072372,-41.294769008236756,14906.1190789239,13412.3809210761,14159.25,1493.7381578478016,19.324900623139072,15.557362109823622,26.859977649769974,-84.12017167381974,-73.57087820938494,17.18411927277761,142642.7,327989,107872.8,-7534.0,-5.306792327902565,
2023-11-28,13650,13830,13560,13805,224988,129362,,,,13666.0,13810.0,14120.75,14795.0,14057.16539500555,220.0,25.259515570934255,-287.16958899012025,-266.18668884381384,-20.982900146306406,14856.686746423798,13384.813253576202,14120.75,1471.873492847597,29.428279247542832,20.181001155730023,47.92283543116845,-70.81545064377683,-53.42143434868264,41.127901664995186,146607.7,552977,109985.7,-5073.0,-3.773570870680998,
2023-11-29,13805,14000,13785,13955,228984,117227,,,,13730.0,13791.5,14102.5,14766.25,14047.435357385973,225.0,32.80254777070064,-260.12723027805987,-264.9747971306631,4.847566852603222,14835.730056523515,13369.269943476485,14102.5,1466.4601130470292,45.9629388532006,28.774980388220214,80.33885578316136,-57.93991416309013,-25.51179038051223,60.56923731188928,150299.9,781961,111217.45,-12135.0,-9.380652741918027,
2023-11-30,14000,14090,13820,13830,220979,106797,,,,13787.0,13764.5,14071.0,14735.0,14026.727228111118,226.78571428571428,31.306990881458972,-245.94729418994393,-261.1692965425193,15.222002352575373,14793.616590483576,13348.383409516424,14071.0,1445.2331809671523,50.10862590213373,35.88619555952472,78.55348658735176,-62.17616580310881,-22.455480556553656,83.51797365754813,156048.7,560982,112056.05,-10430.0,-8.897267694302503,
2023-12-01,13800,13890,13640,13695,178029,99022,,,,13787.0,13744.0,14026.0,14699.666666666666,13995.134158767201,220.71428571428572,33.55048859934854,-242.8040702554972,-257.4962512851149,14.6921810296177,14722.854587262993,13329.145412737007,14026.0,1393.7091745259859,45.67241726808915,39.14826946237953,58.7207128795084,-70.70063694267516,-42.10444524034372,92.10582313246331,159611.85,382953,112750.2,-7775.0,-7.280167045890806,
2023-12-04,13765,13820,13540,13605,173490,94365,,,,13778.0,13716.5,13973.5,14662.166666666666,13957.978524598897,226.07142857142858,34.21926910299004,-244.7539196486723,-254.9477849578264,10.193865309154091,14627.733983574042,13319.266016425958,13973.5,1308.4679671480844,37.91494484539277,38.73716125671727,36.27051202274376,-80.28169014084507,-50.39550413383399,94.6461631465599,163390.7,209463,113470.05,-4657.0,-4.702995293975077,
2023-12-05,13565,13630,13080,13155,194613,93596,,,,13648.0,13657.0,13904.0,14617.0,13881.504379399003,250.71428571428572,24.01055408970977,-279.3897968695528,-259.8361873401717,-19.553609529381106,14596.794493718244,13211.205506281756,13904.0,1385.5889874364875,27.75187742168099,35.07539997837185,13.10483230829928,-92.99065420560747,-95.5751785229675,55.86870611912503,168517.6,14850,114283.75,-769.0,-0.8149207863084817,
2023-12-06,13185,13350,13010,13330,200407,83952,,,,13523.0,13626.5,13844.5,14576.0,13828.980152789574,264.64285714285717,31.034482758620683,-289.38212464238313,-265.745374800614,-23.63674984176913,14518.692694616078,13170.307305383922,13844.5,1348.3853892321567,28.377794824330536,32.84286492702474,19.447654618942124,-70.37037037037037,-93.01549534053441,87.21839080459765,173643.9,215257,114636.75,-9644.0,-10.303859139279458,
2023-12-07,13345,13405,13150,13320,159801,78204,,,,13421.0,13604.0,13785.75,14533.833333333334,13780.5058525239,265.0,34.23913043478261,-294.71079028044187,-271.5384578965796,-23.172332383862283,14425.151652863216,13146.348347136784,13785.75,1278.8033057264329,28.486431117454924,31.390720323834806,22.677852704695155,-71.29629629629629,-78.01523374691901,100.0,176939.6,55456,114950.05,-5748.0,-6.84676958261864,
2023-12-08,13320,13500,13245,13420,140078,70270,,,,13366.0,13576.5,13734.5,14495.0,13746.171961807338,274.2857142857143,38.020833333333336,-287.549935264331,-274.7407533701299,-12.809181894201117,14312.8087865765,13156.1912134235,13734.5,1156.6175731529984,31.645275065957605,31.475571904542406,31.984681388788005,-62.03703703703704,-60.49138778489155,100.0,178552.85,195534,114936.5,-7934.0,-10.145261111963578,
2023-12-11,13420,13500,13265,13365,120121,64140,,,,13318.0,13548.0,13692.75,14458.75,13709.86987020664,276.7857142857143,39.56639566395664,-283.050120818496,-276.40262685980315,-6.6474939586928485,14249.729400545102,13135.770599454898,13692.75,1113.9588010902044,32.053640167428526,31.668261325504446,32.824397851276686,-67.12962962962963,-57.93786443413483,100.0,177840.85,75413,114820.05,-6130.0,-8.723495090365729,
2023-12-12,13455,13530,13300,13520,156790,114112,,,,13391.0,13519.5,13664.75,14423.166666666666,13691.787025425056,272.5,46.94960212201592,-263.9343104028885,-273.90896356842023,9.97465316553172,14195.444430861462,13134.055569138538,13664.75,1061.388861722924,37.10983418569309,33.48211894556732,44.36526466594462,-52.77777777777778,-40.71215414668348,100.0,181309.75,232203,117782.2,49972.0,77.91082008107266,
2023-12-13,13505,13650,13405,13510,228472,113065,,,,13427.0,13475.0,13633.25,14390.583333333334,13674.473975384573,273.57142857142856,49.03047091412742,-246.74745824931597,-268.4766625045994,21.729204255283435,14117.966683391338,13148.533316608662,13633.25,969.4333667826759,43.67928339652266,36.881173762552436,57.27550266446312,-53.7037037037037,-23.388097832855404,100.0,182489.25,3731,116788.9,-1047.0,-0.9175196298373489,
2023-12-14,13500,13615,13455,13530,181423,113729,,,,13469.0,13445.0,13604.75,14360.833333333334,13660.71454915747,267.85714285714283,45.07462686567164,-228.87459735122684,-260.5562494739249,31.68165212269804,14038.236174125424,13171.263825874576,13604.75,866.9723482508489,50.51869921908096,41.427015581395274,68.70206649445232,-51.851851851851855,-17.00209402609516,88.03467133414453,183116.8,185154,115744.5,664.0,0.5872728076770084,
2023-12-15,13580,13715,13575,13670,174127,111364,,,,13519.0,13442.5,13593.25,14331.833333333334,13661.59887780914,267.14285714285717,50.564971751412436,-201.09529496837786,-248.66405857281546,47.568763604437606,14005.436403922971,13181.063596077029,13593.25,824.3728078459426,64.88480657158588,49.24627924479215,96.16186122517334,-38.888888888888886,14.093648446497179,100.0,181785.35,359281,113957.95,-2365.0,-2.079504787697073,
2023-12-18,13720,13760,13595,13730,168767,109716,,,,13592.0,13455.0,13585.75,14303.25,13668.113270398746,259.64285714285717,47.76119402985075,-172.25287521009705,-233.3818219002718,61.12894669017476,13981.081639592838,13190.418360407162,13585.75,790.6632791856755,75.25653771439059,57.91636540132496,109.93688234052185,-33.333333333333336,27.652427607794095,89.44138878403892,182468.0,528048,111817.2,-1648.0,-1.479831902589701,
2023-12-19,13705,13815,13605,13805,185064,108407,,,,13649.0,13520.0,13588.5,14275.166666666666,13681.15010178934,259.2857142857143,45.3125,-141.70963608084458,-215.0473847363864,73.33774865554182,13989.368793339776,13187.631206660224,13588.5,801.7375866795519,83.0031053434283,66.27861204869274,116.45209193289944,-26.38888888888889,40.79658204203482,80.21997010694133,182939.5,713112,109340.3,-1309.0,-1.1930803164533876,
2023-12-20,13805,13885,13795,13885,154642,109419,,,,13724.0,13575.5,13601.0,14250.0,13700.564377809404,246.42857142857142,51.768488745980704,-109.78305686469685,-193.99451916204848,84.21146229735163,14023.007732530807,13178.992267469193,13601.0,844.0154650616132,88.66873689561888,73.7419869976681,118.52223669152045,-0.5681818181818182,64.22678096291715,100.0,181422.15,867754,107148.9,1012.0,0.9335190531976734,
2023-12-21,13900,13940,13685,13940,210433,100974,,,,13806.0,13637.5,13620.75,14224.416666666666,13723.367770398985,246.78571428571428,58.30508474576271,-79.13080184504179,-171.02177569864716,91.89097385360537,14067.943293895678,13173.556706104322,13620.75,894.3865877913559,92.44582459707925,79.97659953080515,117.38427472962746,-0.0,58.406693034477556,100.0,184078.95,1078187,104706.25,-8445.0,-7.718038000712857,
2023-12-22,13960,14015,13810,13915,185471,98049,,,,13855.0,13687.0,13631.75,14203.833333333334,13741.618458932415,241.42857142857142,60.99290780141844,-56.2080288029174,-148.0590263195012,91.85099751658382,14097.08830364812,13166.41169635188,13631.75,930.6766072962382,90.30187840271483,83.41835915477505,104.06891689859444,-9.950248756218905,66.0156095857015,100.0,184323.05,892716,102510.25,-2925.0,-2.8967853110701713,
2023-12-25,13950,14185,13835,14100,219043,101536,,,,13929.0,13760.5,13654.25,14186.083333333334,13775.750034272185,227.14285714285714,91.26637554585153,-22.850209139680373,-123.01726288353706,100.16705374385668,14164.639686003695,13143.860313996305,13654.25,1020.7793720073896,89.90210696933126,85.57960842629379,98.54710405540618,-7.23404255319149,82.63048008082544,100.0,185286.1,1111759,100865.3,3487.0,3.556385072769741,
2023-12-26,14060,14115,13930,13970,138313,94474,,,,13962.0,13805.5,13662.5,14167.833333333334,13794.250031008169,216.07142857142858,79.0909090909091,-6.825134370596061,-99.77883718094886,92.9537028103528,14188.252593406525,13136.747406593475,13662.5,1051.5051868130504,83.45071971471398,84.86997885576719,80.61220143260758,-20.77294685990338,68.93978182584881,78.64973762763933,180952.35,973446,99120.9,-7062.0,-6.955168610148121,
2023-12-27,13970,14040,13875,14040,143451,92270,,,,13993.0,13858.5,13666.75,14152.583333333334,13817.654789959772,209.64285714285714,81.0344827586207,11.391948532482274,-77.54468003826264,88.93662857074492,14203.712950794856,13129.787049205144,13666.75,1073.9259015897114,81.04364920871643,83.5945356400836,75.94187634598208,-15.425531914893616,63.25110336195554,80.78356917393681,176675.7,1116897,97873.05,-2204.0,-2.332916993035117,
2023-12-28,14065,14080,13940,14020,129087,89824,,,,14009.0,13907.5,13676.25,14140.833333333334,13836.925762344556,201.42857142857142,77.77777777777777,23.93932746187602,-57.247878538234914,81.18720600011093,14231.77606646882,13120.72393353118,13676.25,1111.0521329376388,78.04039890750587,81.74315672922437,70.63488326406889,-17.934782608695652,66.19137572796538,73.90985876805456,172081.1,987810,97024.4,-2446.0,-2.6509157906145053,
2023-12-29,14015,14045,13625,13680,196387,78854,,,,13962.0,13908.5,13675.5,14122.166666666666,13821.980451645075,214.64285714285714,61.53846153846154,6.374575028072286,-44.523387824973476,50.89796285304576,14230.959980082893,13120.040019917107,13675.5,1110.9199601657856,56.33727743259013,73.27453029701296,22.462771703744465,-57.06214689265537,22.438725363915626,35.64237151267291,172999.0,791423,96016.0,-10970.0,-12.212771642322762,
2024-01-02,13705,13875,13650,13830,77318,74087,,,,13908.0,13918.5,13686.75,14108.416666666666,13822.744218155067,214.28571428571428,61.39705882352941,4.506184089590533,-34.71747344206068,39.22365753165121,14245.303347591138,13128.196652408862,13686.75,1117.1066951822759,49.76056590744104,65.43654216715566,18.408613388011787,-45.51282051282051,21.422663001154095,35.3362503568986,168190.4,868741,95002.1,-4767.0,-6.045349633499885,
2024-01-03,13800,14010,13800,13980,102595,72994,,,,13910.0,13936.0,13728.0,14099.083333333334,13837.720959283155,211.78571428571428,65.66666666666667,14.95680447579798,-24.782617858488948,39.73942233428693,14241.218943737007,13214.781056262993,13728.0,1026.4378874740141,54.30466298591307,61.72591577340813,39.46215741092294,-28.08219178082192,44.13593979392029,44.579476615118345,163589.5,971336,93972.0,-1093.0,-1.4752925614480272,
2024-01-04,13975,14020,13810,13880,103919,67087,,,,13878.0,13935.5,13755.5,14086.333333333334,13841.74753458952,215.35714285714286,61.07594936708861,14.996956579227117,-16.82670297094574,31.823659550172856,14236.878503007661,13274.121496992339,13755.5,962.757006015323,51.38168008584681,58.2778372108877,37.58936583576502,-50.0,35.447038839114796,34.30276376006692,158765.1,867417,93128.75,-5907.0,-8.092445954462013,
2024-01-05,13825,13865,13565,13610,141479,59324,,,,13796.0,13902.5,13770.0,14066.416666666666,13819.67634081909,224.64285714285714,48.245614035087726,-6.680952246624656,-14.797552826081523,8.116600579456867,14212.00500116247,13327.99499883753,13770.0,884.0100023249397,36.67380822927422,51.07649421701654,7.868436253789596,-92.74193548387096,-17.758413126759443,6.382734862397285,157849.0,725938,92184.75,-7763.0,-11.571541431275811,
2024-01-08,13590,13750,13535,13605,118738,53873,,,,13781.0,13871.5,13779.25,14046.75,13799.230975026796,228.21428571428572,46.22356495468278,-23.987793038995733,-16.635600868664365,-7.352192170331367,14197.52056214596,13360.97943785404,13779.25,836.5411242919217,28.47219399192994,43.54172747532101,-1.6668729748521969,-89.23076923076923,-34.960864924138704,1.98256391623323,156782.0,607200,91364.9,-5451.0,-9.188524037489042,
2024-01-09,13600,13685,13505,13630,91032,47575,,,,13741.0,13824.5,13792.5,14024.583333333334,13783.113739309958,226.07142857142858,44.54828660436137,-35.27961653115199,-20.36440400116189,-14.915212529990097,14170.354051467666,13414.645948532334,13792.5,755.7081029353321,26.22783947288083,37.77043147450762,3.1426554696272575,-81.61764705882354,-48.279398370024495,0.0,155327.55,698232,90536.65,-6298.0,-11.69045718634566,
2024-01-10,13615,13720,13585,13635,73879,43652,,,,13672.0,13791.0,13798.25,14005.416666666666,13769.007668899485,229.28571428571428,41.830065359477125,-43.32557947764326,-24.95663909645817,-18.36894038118509,14161.876109305182,13434.623890694818,13798.25,727.2522186103633,25.02145819931186,33.520773716109034,8.022827165717501,-80.88235294117646,-43.278901726849924,0.0,151182.0,772111,87013.65,-3923.0,-8.2459274829217,
2024-01-11,13620,14105,13545,13995,125940,40259,,,,13695.0,13786.5,13822.5,13992.083333333334,13790.530748051915,251.07142857142858,51.49863760217984,-20.41770908554463,-24.04885309427546,3.631144008730832,14169.494615459516,13475.505384540484,13822.5,693.9892309190327,43.903194355096794,36.98158059577162,57.74642187374715,-27.941176470588236,24.49558745974758,19.557633258332373,146055.4,898051,83373.35,-3393.0,-7.772839732429215,
2024-01-12,13990,14030,13820,13930,68293,34676,,,,13759.0,13777.5,13842.5,13976.583333333334,13803.813533951732,251.42857142857142,50.4,-7.422452122102186,-20.723572899840807,13.301120777738621,14163.657446220948,13521.342553779052,13842.5,642.3148924418965,52.879907347842305,42.281022846461845,74.07767635060323,-37.5,35.64326832146844,17.3353039662837,140398.9,829758,79420.7,-5583.0,-13.867706599766516,
2024-01-15,14000,14000,13770,13850,126696,91129,,,,13808.0,13794.5,13851.5,13963.833333333334,13808.212245003948,242.85714285714286,42.93785310734463,-3.5381630239953665,-17.28649092467172,13.748327900676355,14162.222418007834,13540.777581992166,13851.5,621.4448360156675,54.419938231894875,46.32732797493952,70.60515874580557,-43.442622950819676,13.297658495006797,2.825670731410243,138027.35,703062,78408.95,56453.0,162.80136117199214,
2024-01-16,13820,13935,13820,13895,97337,91256,,,,13861.0,13801.0,13859.75,13953.666666666666,13816.477745479762,237.85714285714286,47.774480712166174,3.1351479562745226,-13.202163148482473,16.337311104756996,14165.613316566494,13553.886683433506,13859.75,611.7266331329884,57.94662548792992,50.20042714593632,73.43902217191714,-35.0,13.923394525069845,15.162616222984367,134455.85,800399,77485.95,127.0,0.13936288119040796,
2024-01-17,13910,14230,13890,14070,317826,103256,,,,13948.0,13810.0,13873.0,13943.583333333334,13840.622722100738,250.35714285714286,50.837988826815646,22.28791128319608,-6.104148262146762,28.392059545342843,14191.57247378365,13554.42752621635,13873.0,637.1449475672998,64.60809515287282,55.00298314824848,83.81831916212151,-22.06896551724138,73.22588179766473,25.058405281868982,141093.95,1118225,77228.4,12000.0,13.149820285789438,
2024-01-18,14070,14150,13980,14130,216800,102233,,,,13975.0,13835.0,13885.25,13933.583333333334,13868.182462853048,252.5,53.00546448087432,41.825969031831846,3.481875196648959,38.34409383518289,14223.970114238107,13546.529885761893,13885.25,677.4402284762145,71.80769561915659,60.60455397188451,94.21397891370074,-13.793103448275861,72.82927621572465,46.88335798118375,144201.85,1335025,76869.1,-1023.0,-0.9907414581235008,
2024-01-19,14140,14235,14080,14215,174588,116083,,,,14032.0,13895.5,13899.0,13926.583333333334,13901.21270448609,233.57142857142858,66.98412698412699,63.43754169492968,15.473008496305102,47.96453319862458,14268.047137197524,13529.952862802476,13899.0,738.0942743950473,80.29188840363864,67.16699878246922,106.54166764597747,-2.73972602739726,89.18248431029569,100.0,142409.6,1509613,77624.55,13850.0,13.547484667377452,
2024-01-22,14210,14210,14040,14080,185078,115743,,,,14078.0,13943.0,13907.25,13918.25,13918.240065963606,230.0,58.01282051282051,68.87751980197027,26.153910757438137,42.723609044532125,14285.075844035391,13529.424155964609,13907.25,755.6516880707823,79.37333623044509,71.2357779317945,95.64845282774627,-21.232876712328768,62.473303721152774,64.3345611330021,142389.95,1324535,78509.25,-340.0,-0.2928938776565082,
2024-01-23,14040,14370,14035,14330,220513,128054,,,,14165.0,14013.0,13918.75,13910.75,13957.455297776596,238.92857142857142,60.5421686746988,92.29770185390407,39.382668976731324,52.91503287717275,14333.477240738452,13504.022759261548,13918.75,829.4544814769033,84.63272920413512,75.70142835590804,102.4953309005893,-4.624277456647399,91.68685209048964,74.38998756719529,142463.45,1545048,79835.15,12311.0,10.636496375590742,
2024-01-24,14310,14395,14280,14355,153237,127897,,,,14222.0,14085.0,13938.0,13907.083333333334,13995.316697988348,232.14285714285714,64.98422712933754,111.58932366833687,53.82399991505244,57.765323753284434,14396.20473475006,13479.79526524994,13938.0,916.4094695001186,87.62181946942341,79.67489206041316,103.51567428744391,-4.49438202247191,101.04559889901483,92.04939590022458,143209.65,1698285,81506.3,-157.0,-0.12260452621549733,
2024-01-25,14375,14430,14250,14295,133282,124539,,,,14255.0,14115.0,13950.75,13906.666666666666,14023.8579648466,222.5,74.9090909090909,120.64584419339735,67.18836877072142,53.45747542267593,14434.390525488447,13467.109474511553,13950.75,967.2810509768933,84.92969782810046,81.42649398297559,91.93610551835019,-14.594594594594595,84.9285833087793,100.0,142701.2,1565003,83119.75,-3358.0,-2.6255502474647585,
2024-01-26,14310,14395,14155,14180,203491,108527,,,,14248.0,14140.0,13958.75,13902.0,14038.72863486121,224.28571428571428,69.36026936026936,117.19273811823405,77.18924264022395,40.003495478010095,14452.403138400472,13465.096861599528,13958.75,987.306276800944,76.29192969960796,79.71497255518638,69.44584398845112,-27.027027027027028,61.53553252158533,83.22555922785841,146421.4,1361512,84054.9,-16012.0,-12.85701667750665,
2024-01-29,14190,14315,14090,14155,163120,98764,,,,14263.0,14170.5,13982.5,13894.666666666666,14049.802098207763,227.5,67.67676767676768,111.15748135714603,83.98289038360838,27.174590973537647,14465.271603403344,13499.728396596656,13982.5,965.5432068066875,67.21931115776333,75.5497520893787,50.55842929453257,-31.073446327683616,44.74536505124422,78.13622646932032,144758.05,1198392,85050.4,-9763.0,-8.995918066471942,
2024-01-30,14200,14255,14000,14055,173087,90490,,,,14208.0,14186.5,13993.75,13884.666666666666,14050.297136473691,236.07142857142858,63.291139240506325,97.1850439362679,86.6233210941403,10.561722842127608,14472.024035079872,13515.475964920128,13993.75,956.5480701597444,50.36842966073112,67.15597794649618,16.793333089200985,-42.3728813559322,23.924315195548317,63.66123907798776,149546.5,1025305,85870.55,-8274.0,-8.37754647442388,
2024-01-31,14040,14085,13865,13880,167241,81290,,,,14113.0,14167.5,13988.75,13873.583333333334,14034.078361571435,211.78571428571428,45.878136200716845,71.17034175254412,83.53272522582105,-12.362383473276935,14469.712576506741,13507.787423493259,13988.75,961.9251530134825,34.46390885936648,56.25862158411961,-9.125516590139796,-83.33333333333333,-10.686678765754671,9.196650788452166,152778.8,858064,86285.35,-9200.0,-10.166869267322355,
2024-02-01,13870,13905,13675,13715,146840,78308,,,,13997.0,14126.0,13980.5,13860.166666666666,14003.68994618368,213.21428571428572,42.80936454849498,36.815001389200916,74.18918045849703,-37.37417906929612,14474.792689767812,13486.207310232188,13980.5,988.5853795356234,24.741943654588688,45.753062274275976,-17.28029358478588,-94.70198675496688,-46.66184412690909,0.0,154924.85,711224,86846.4,-2982.0,-3.6683478902694078,
2024-02-02,13700,13750,13570,13655,111950,75310,,,,13892.0,14070.0,13982.75,13846.166666666666,13970.481379880473,209.64285714285714,43.38983050847457,4.692555219751739,60.28985541074798,-55.59730019099624,14470.305394963381,13495.194605036619,13982.75,975.1107899267627,19.789202746469982,37.09844243167398,-14.829276623938014,-90.11627906976744,-68.51540119527041,1.808320586471217,153448.4,599274,87645.7,-2998.0,-3.828472186749754,
2024-02-05,13655,13730,13600,13630,128676,68737,,,,13787.0,14025.0,13984.0,13832.583333333334,13938.05458179662,210.71428571428572,40.893470790378004,-22.522381867080185,43.72740795518235,-66.24978982226253,14467.589647706012,13500.410352293988,13984.0,967.1792954120247,15.518383226328826,29.905089363225596,-13.25502904746471,-93.02325581395348,-70.33395119479313,0.0,153945.3,470598,88388.9,-6573.0,-8.72792457840924,
2024-02-06,13600,13665,13525,13615,95363,61617,,,,13699.0,13953.5,13983.25,13822.833333333334,13907.287478768369,196.42857142857142,32.432432432432435,-44.784541899587566,26.02501798422837,-70.80955988381594,14469.192112645229,13497.307887354771,13983.25,971.8842252904578,13.660505944624374,24.490228223691858,-7.998938613510596,-90.05524861878453,-81.05657177694157,0.0,154161.85,375235,89091.0,-7120.0,-10.358322300944177,
2024-02-07,13635,13675,13450,13525,84674,53893,,,,13628.0,13870.5,13977.75,13813.583333333334,13870.879147457095,200.35714285714286,27.169811320754718,-68.89552720255415,7.040908946871868,-75.93643614942602,14482.41742566399,13473.08257433601,13977.75,1009.3348513279816,11.752506608585563,20.24432101865643,-5.231122211556169,-92.34693877551021,-87.92237957779462,0.0,154701.6,290561,89603.05,-7724.0,-12.535501566126229,
2024-02-08,13470,13640,13470,13630,63868,45700,,,,13611.0,13804.0,13959.5,13805.083333333334,13847.938276270706,201.42857142857142,28.25278810408922,-78.62469771396536,-10.092212385295579,-68.53248532866978,14487.404496944988,13431.595503055012,13959.5,1055.8089938899757,14.771420590694806,18.420020876002553,7.474220020079315,-81.63265306122449,-74.11631371207194,2.268523514961248,151598.0,354429,89875.1,-8193.0,-15.202345388083794,
2024-02-19,13680,13780,13630,13680,91932,113848,,,,13616.0,13754.0,13947.0,13798.083333333334,13831.944154721115,199.64285714285714,34.12698412698413,-81.36265526320312,-24.346300960877088,-57.016354302326036,14489.483567541576,13404.516432458424,13947.0,1084.9671350831522,19.371423250939394,18.7371550009815,20.639959750855184,-76.53061224489795,-48.2387247104548,14.573267268007134,152779.95,446361,93833.7,68148.0,149.1203501094092,
2024-02-20,13715,13805,13665,13710,122166,127135,,,,13632.0,13709.5,13940.0,13794.916666666666,13820.330425700058,185.71428571428572,20.192307692307693,-80.18740655946203,-35.51452208059408,-44.67288447886796,14491.295125853183,13388.704874146817,13940.0,1102.590251706366,26.56257613054752,21.345628710836838,36.99647096996889,-73.46938775510205,-40.595127189276056,0.0,152553.45,568527,95634.0,13287.0,11.670824256903934,
2024-02-21,13705,13800,13635,13750,138899,133748,,,,13659.0,13679.0,13932.75,13792.75,13813.6322899191,189.28571428571428,21.32701421800948,-75.16192787066939,-43.44400323860914,-31.717924632060246,14490.314959632982,13375.185040367018,13932.75,1115.1299192659644,39.68640606505365,27.459221162242443,64.14077587067607,-69.38775510204081,-38.2830586420519,2.073781496266287,154631.55,707426,97758.6,6613.0,5.201557399614587,
2024-02-22,13760,13885,13760,13870,151246,137872,,,,13728.0,13678.0,13922.75,13794.75,13819.000643260139,186.07142857142858,30.941704035874437,-60.7953912584162,-46.914280842570555,-13.881110415845647,14477.11521308041,13368.38478691959,13922.75,1108.7304261608188,58.64151208934611,37.85331813794366,100.21789999215099,-55.55555555555556,-16.32756629636186,21.86260316455453,146302.55,858672,99489.4,4124.0,3.083410593055591,
2024-02-23,13920,14075,13890,14070,191685,142084,,,,13816.0,13713.5,13919.75,13802.0,13842.90534390203,183.57142857142858,45.416666666666664,-32.89231680427656,-44.10988803491176,11.217571230635201,14470.027202871428,13369.472797128572,13919.75,1100.554405742856,72.16100805956407,49.289214778483796,117.90459462172461,-28.32369942196532,15.991000345589548,53.12129269789322,145046.8,1050357,101481.95,4212.0,3.055007543228494,
2024-02-26,14070,14090,13900,13940,172774,137504,,,,13868.0,13742.0,13906.0,13808.583333333334,13852.152454006598,181.07142857142858,41.76245210727969,-21.02646283816466,-39.49320299556234,18.46674015739768,14438.675471459632,13373.324528540368,13906.0,1065.3509429192636,73.62817203970937,57.402200532225656,106.0801150546768,-39.130434782608695,11.675686264717712,50.0480955982519,144956.1,877583,102553.0,-4580.0,-3.2234452858872165,
2024-02-27,13960,14150,13940,14130,191793,140536,,,,13952.0,13792.0,13908.5,13815.833333333334,13878.61412505359,177.85714285714286,52.688172043010745,3.6664593613622856,-30.861270524177417,34.5277298855397,14445.069022390855,13371.930977609145,13908.5,1073.13804478171,81.46640040742528,65.42360049062553,113.55200024102479,-2.857142857142857,30.272264965253974,100.0,145291.85,1069376,103792.65,3032.0,2.205026762857809,
2024-02-28,14160,14210,14085,14100,183082,137520,,,,14022.0,13840.5,13897.0,13823.333333333334,13899.698494096105,171.07142857142858,58.8,20.57782052211587,-20.57345231491876,41.15127283703463,14404.609464471512,13389.390535528488,13897.0,1015.2189289430244,82.68931198332857,71.17883765485988,105.71026064026594,-14.473684210526315,43.35191220336623,100.0,143420.3,886294,104265.95,-3016.0,-2.146069334547729,
2024-02-29,14100,14170,14045,14145,180568,136810,,,,14077.0,13902.5,13886.5,13829.0,13923.060542277428,163.57142857142858,69.02654867256638,37.18270096974629,-9.02222165798575,46.204922627732046,14361.884608833514,13411.115391166486,13886.5,950.769217667028,84.723909138311,75.69386148267691,102.78400444957919,-8.552631578947368,45.99352495051329,100.0,144786.85,1066862,104711.6,-710.0,-0.5162885398487527,
2024-03-01,14130,14160,13950,13955,197450,138602,,,,14054.0,13935.0,13869.5,13829.0,13926.102395393862,165.71428571428572,61.904761904761905,34.61179304729376,-0.29541871692984767,34.907211764223604,14306.112558586892,13432.887441413108,13869.5,873.2251171737844,75.03333072988849,75.47368456508076,74.15262305950395,-33.55263157894737,31.450617211094443,85.4164073714518,147995.25,869412,105414.75,1792.0,1.3098457715079226,
2024-03-04,13920,13995,13760,13890,267731,139389,,,,14044.0,13956.0,13855.0,13830.0,13922.664072023019,173.21428571428572,60.0,27.017927375318322,5.167250501519787,21.850676873798534,14266.748518036515,13443.251481963485,13855.0,823.4970360730294,64.8048291822445,71.91739943746867,50.57968867179616,-42.10526315789474,4.636522182162692,81.51594354417145,151207.25,601681,106957.85,787.0,0.5678128742730992,
2024-03-05,13900,13915,13750,13775,185824,148099,,,,13973.0,13962.5,13836.0,13831.333333333334,13908.600827068445,175.0,55.71428571428571,11.586631736303389,6.451126748476508,5.135504987826881,14223.836102116948,13448.163897883052,13836.0,775.6722042338952,45.01481365772822,62.94987084422186,9.144699284740938,-57.23684210526316,-7.872420720869238,72.73989993279066,152342.45,415857,109424.6,8710.0,6.2486996821844,
2024-03-06,13775,13800,13685,13710,156530,148568,,,,13895.0,13958.5,13818.75,13833.083333333334,13889.686462585736,167.14285714285714,56.72727272727273,-5.820641277014147,3.996773143378377,-9.817414420392524,14196.121449007896,13441.378550992104,13818.75,754.7428980157929,31.5971773591204,52.49897301585471,-10.206413954348207,-67.56756756756756,-25.327090300312246,74.81423751366249,151514.6,259327,112328.5,469.0,0.31668005860945314,
2024-03-07,13715,13795,13685,13765,164352,149509,,,,13819.0,13948.0,13813.0,13843.25,13877.811561387096,162.85714285714286,55.09433962264151,-15.005021657510952,0.19641418320051107,-15.201435840711463,14189.94617792549,13436.05382207451,13813.0,753.8923558509814,26.14414998544535,43.71403200571825,-8.99561405510046,-76.72413793103448,-18.312837688027862,71.4704093474966,151370.15,423679,115739.45,941.0,0.6333800010769552,
2024-03-08,13800,13900,13780,13885,174602,147878,,,,13805.0,13929.5,13821.5,13852.5,13878.496174588325,161.78571428571428,57.34767025089606,-12.457114301403635,-2.334291513720318,-10.122822787683317,14196.804788419398,13446.195211580602,13821.5,750.6095768387968,30.12784602204293,39.18530334449315,12.012931377142493,-56.52173913043478,9.587657370131351,76.08465251586172,152758.25,598281,119217.95,-1631.0,-1.0909042265014102,
2024-03-11,13890,13930,13635,13640,240726,151775,,,,13755.0,13899.5,13820.75,13857.833333333334,13855.78225319896,172.85714285714286,47.826086956521735,-29.863088716972925,-7.84005095437084,-22.023037762602087,14197.512873911295,13443.987126088705,13820.75,753.5257478225903,20.375085753825726,32.91523081427068,-4.705204367064184,-99.1304347826087,-24.628244100983316,55.55415381204147,159197.05,357555,123041.2,3897.0,2.6352804338711566,
2024-03-12,13640,13815,13640,13710,237070,157304,,,,13742.0,13857.5,13824.75,13862.666666666666,13841.898229084774,173.57142857142858,48.78048780487806,-37.57588247598687,-13.787217258694048,-23.788665217292824,14194.621599342263,13454.878400657737,13824.75,739.7431986845259,18.256287698812166,28.028916442451173,-1.2889697884658489,-86.95652173913044,-29.73435742996315,46.83958655779119,164616.75,594625,127469.55,5529.0,3.6428924394663165,
2024-03-13,13720,13795,13655,13690,226983,156147,,,,13738.0,13816.5,13828.5,13868.083333333334,13827.4317310767,173.92857142857142,44.15584415584416,-44.785896019649954,-19.98695301088523,-24.798943008764724,14190.862133492832,13466.137866507168,13828.5,724.7242669856641,15.66292195793827,23.906918280946876,-0.825070688078938,-90.43478260869566,-34.795922968982296,8.778548897937041,171197.75,367642,132196.05,-1157.0,-0.7355184864974773,
2024-03-14,13680,13715,13505,13560,281391,168207,,,,13697.0,13758.0,13830.25,13868.75,13801.962042402727,174.28571428571428,32.65306122448979,-60.29475681859185,-28.048513772426556,-32.24624304616529,14186.730973139564,13473.769026860436,13830.25,712.961946279127,14.183444570598304,20.665760377497353,1.2188129568002068,-92.19858156028369,-71.86764646106029,0.0,181033.6,86251,137911.75,12060.0,7.723491325481757,
2024-03-15,13550,13675,13515,13635,203023,166755,,,,13647.0,13726.0,13830.5,13870.833333333334,13786.060895507228,172.14285714285714,39.2226148409894,-65.77554796512595,-35.593920610966435,-30.181627354159517,14186.396200124645,13474.603799875355,13830.5,711.792400249291,19.65170814510475,20.32774296669982,18.299638501914608,-81.56028368794327,-68.7082148075771,18.061379530565212,187991.35,289274,143964.5,-1452.0,-0.8632221013394226,
2024-03-18,13655,13875,13635,13785,309832,157710,,,,13676.0,13715.5,13835.75,13875.083333333334,13785.959857839873,174.28571428571428,37.45454545454545,-57.35422424272474,-39.9459813373181,-17.408242905406638,14185.340361784525,13486.159638215475,13835.75,699.1807235690503,35.061923077128654,25.239136336842762,54.70749655770044,-60.283687943262414,-22.848336083884774,13.200505552044786,198886.35,599106,146157.6,-9045.0,-5.424125213636777,
2024-03-19,13785,13885,13710,13745,240153,152986,,,,13683.0,13712.5,13837.5,13876.333333333334,13782.05891899798,177.85714285714286,37.1841155234657,-53.293594839216894,-42.61550403769786,-10.678090801519033,14184.782684794245,13490.217315205755,13837.5,694.5653695884903,42.19814479651714,30.89213915673422,64.81015607608299,-63.909774436090224,-19.256574446375357,12.45702465413585,204785.7,358953,147450.15,-4724.0,-2.9953712510303765,
2024-03-20,13740,13770,13615,13690,191776,155164,,,,13683.0,13710.5,13834.5,13875.666666666666,13773.291402902934,180.0,33.691756272401435,-53.89232000924312,-44.870867232006916,-9.021452777236206,14185.976584531158,13483.023415468842,13834.5,702.9531690623153,42.64190045258006,34.8087262553495,58.308248847041185,-71.7557251908397,-45.505690095338366,3.5508877219305064,207429.55,167177,148520.95,2178.0,1.4236596812780222,
2024-03-21,13665,13680,13565,13675,228400,162552,,,,13706.0,13701.5,13824.75,13873.5,13763.93031691218,173.92857142857142,38.52459016393443,-54.943830384512694,-46.88545986250807,-8.058370522004623,14182.836655198966,13466.663344801034,13824.75,716.1733103979313,41.76126696838671,37.126239826361896,51.03132125243633,-65.3061224489796,-56.18871354678456,21.47051627110352,211287.25,-61223,149754.95,7388.0,4.761413729988906,
2024-03-22,13680,13730,13535,13595,236506,169389,,,,13698.0,13672.5,13801.0,13868.666666666666,13747.841715301496,171.07142857142858,38.05668016194332,-61.52328916417355,-49.813025722841175,-11.710263441332373,14153.563544104582,13448.436455895418,13801.0,705.127088209163,35.7355814876964,36.66268704680673,33.88137036947573,-78.82352941176471,-56.109295388380346,21.881775620239093,213528.3,-297729,151120.2,6837.0,4.206038683006064,
2024-03-25,13600,13650,13415,13420,257395,177546,,,,13625.0,13650.5,13775.0,13860.0,13716.618694796593,176.07142857142858,36.29343629343629,-79.93712964209408,-55.83784650669176,-24.099283135402317,14159.63927051337,13390.36072948663,13775.0,769.2785410267388,24.178330920875617,32.501235004829695,7.532522752967452,-99.02912621359224,-81.36350564342578,14.741578070961951,217759.35,-555124,153122.3,8157.0,4.815542921913463,
2024-03-26,13420,13465,13305,13330,190611,179678,,,,13542.0,13612.5,13735.0,13850.25,13679.797866720726,179.28571428571428,35.606060606060595,-100.6324504764525,-64.79676730064392,-35.83568317580858,14130.434471249833,13339.565528750167,13735.0,790.8689424996664,17.55566888977915,27.519379633146183,-2.37175259695492,-96.0,-101.64149959782947,11.958073028866844,217700.25,-745735,155079.4,2132.0,1.2008155632906359,
2024-03-27,13300,13475,13280,13450,256138,169192,,,,13494.0,13588.5,13702.5,13839.416666666666,13657.912355604467,185.35714285714286,38.628158844765345,-106.12727505634575,-73.06286885178429,-33.064406204561465,14077.964624446206,13327.035375553794,13702.5,750.9292488924111,21.07017044442577,25.369643236906047,12.471224859465217,-73.84615384615384,-85.88041228542731,24.195959587318452,221353.05,-489597,156663.0,-10486.0,-5.835995503066593,
2024-03-28,13450,13530,13400,13490,244451,155414,,,,13457.0,13581.5,13669.75,13831.416666666666,13641.920702689757,185.0,34.86590038314176,-106.03202622228673,-79.65670032588478,-26.375325896401947,13993.388443490983,13346.111556509017,13669.75,647.2768869819665,25.617028230168145,25.452104901326745,25.946874887850946,-67.6923076923077,-64.14703252894704,13.72096873374016,224547.2,-245146,157593.2,-13778.0,-8.143411035982783,
2024-03-29,13490,13525,13410,13435,180837,142935,,,,13425.0,13561.5,13643.75,13821.333333333334,13622.213969100256,172.14285714285714,40.80717488789238,-109.13652327568889,-85.55266491584561,-23.583858359843276,13954.180515998607,13333.319484001393,13643.75,620.861031997214,25.617963723693364,25.50739117544895,25.83910882018219,-74.3801652892562,-66.00831363173631,50.56053811659194,223716.55,-425983,157809.85,-12479.0,-8.02952114996075,
2024-04-01,13395,13425,13150,13390,313812,126967,,,,13419.0,13522.0,13618.75,13810.833333333334,13600.09835299547,180.0,35.321100917431195,-113.91484406367636,-91.22510074541177,-22.68974331826459,13926.19918279287,13311.30081720713,13618.75,614.898365585741,29.98186828891386,26.99888354660392,35.947837773533735,-67.34693877551021,-96.87084741762429,23.194732169280915,226020.6,-739795,157188.75,-15968.0,-11.171511526218215,
2024-04-02,13420,13485,13390,13455,185713,121053,,,,13444.0,13493.0,13602.75,13807.083333333334,13586.279462233995,176.78571428571428,39.647577092511014,-111.17518264043247,-95.21511712441591,-15.960065516016556,13909.266505952055,13296.233494047945,13602.75,613.03301190411,37.51664782479314,30.504804972666996,51.54033352904543,-58.50340136054422,-52.7990460493771,85.77898416371248,226015.05,-554082,155836.45,-5914.0,-4.657903234698779,
2024-04-03,13455,13495,13330,13465,204151,109427,,,,13447.0,13470.5,13590.5,13801.0,13574.729037259329,173.57142857142858,45.320197044334975,-106.96404981435444,-97.56490366240362,-9.399146151950816,13898.54818488433,13282.45181511567,13590.5,616.0963697686602,43.11454682572416,34.70805225701939,59.92753596313369,-57.142857142857146,-51.579342458309085,100.0,228396.1,-349931,153879.4,-11626.0,-9.604057726780834,
2024-04-08,13565,13695,13515,13685,153801,100032,,,,13486.0,13471.5,13586.5,13796.083333333334,13585.231033710823,178.57142857142858,52.1551724137931,-84.89590814361691,-95.03110455864629,10.135196415029384,13886.992578067558,13286.007421932442,13586.5,600.985156135117,61.464743755375736,43.62694942313817,97.14033241985086,-27.210884353741495,14.440809210072166,100.0,227868.55,-196130,151405.55,-9395.0,-8.58563243075292,
2024-04-09,13750,13780,13650,13740,165884,88617,,,,13547.0,13486.0,13579.25,13793.75,13599.970935262172,170.71428571428572,47.88732394366197,-62.25111443413698,-88.47510653374442,26.223992099607443,13855.432148133024,13303.067851866976,13579.25,552.3642962660488,72.19342705384837,53.1491086333749,110.28206389479529,-19.727891156462587,49.37758797394212,76.8848384424192,227432.65,-30246,148442.5,-11415.0,-11.411348368522079,
2024-04-10,13765,13840,13735,13840,164725,80450,,,,13637.0,13528.0,13589.25,13797.583333333334,13622.830846189585,165.71428571428572,54.22222222222222,-35.82284455424269,-77.94465413784408,42.12180958360139,13888.235565573083,13290.264434426917,13589.25,597.9711311461651,81.46228470256557,62.58683398977179,119.21318612815313,-0.0,74.00599442829625,100.0,223632.6,134479,144876.25,-8167.0,-9.216064637710597,
2024-04-11,13890,13950,13720,13835,168156,74705,,,,13713.0,13578.5,13595.5,13801.416666666666,13643.037432266767,171.07142857142858,56.74418604651162,-15.107557958262987,-65.37723490192786,50.26967694366488,13909.940187601635,13281.059812398365,13595.5,628.8803752032691,82.84985646837704,69.34117481597355,109.86721977318405,-14.375,78.2450531165076,99.99999999999999,220186.9,-33677,140746.3,-5745.0,-7.141081417029216,
2024-04-12,13790,13835,13665,13795,147326,66911,,,,13779.0,13613.0,13600.75,13804.166666666666,13657.510057765168,174.28571428571428,55.45454545454546,-1.8963498507782788,-52.68105789169795,50.78470804091967,13925.181080995322,13276.318919004678,13600.75,648.8621619906444,82.1082376455847,73.59686242584392,99.13098808506624,-19.375,54.206118498317366,94.10538553244432,216204.05,-181003,136284.5,-7794.0,-10.433036610668633,
2024-04-15,13820,13965,13750,13905,191402,54585,,,,13823.0,13654.5,13618.0,13808.666666666666,13681.0805284542,175.71428571428572,63.716814159292035,17.250851371334647,-38.694676039091426,55.945527410426074,13968.914594497839,13267.085405502161,13618.0,701.8291889956781,85.61817070032845,77.60396518400543,101.64658173297448,-7.361963190184049,77.97029351288076,100.0,211704.6,10399,130603.4,-12326.0,-18.421485256534798,
2024-04-16,13890,13920,13745,13750,120350,48390,,,,13825.0,13686.0,13623.75,13804.583333333334,13687.644287649038,171.42857142857142,64.86486486486487,19.690956586706307,-27.017549513931883,46.70850610063819,13979.571880336665,13267.928119663335,13623.75,711.6437606733307,79.12602456137382,78.1113183097949,81.1554370645317,-26.380368098159508,53.374910143869386,100.0,207570.95,-109951,124685.15,-6195.0,-11.349271777960979,
2024-04-17,13750,13915,13715,13890,100880,40705,,,,13835.0,13736.0,13629.0,13803.916666666666,13706.916260253893,174.28571428571428,74.13793103448276,32.54641273451489,-15.10475706424253,47.65116979875742,13997.70470283784,13260.29529716216,13629.0,737.4094056756803,82.14700850023347,79.45654837327442,87.52792875415156,-9.202453987730062,60.80902437587955,100.0,197123.35,-9071,118834.9,-7685.0,-15.881380450506299,
2024-04-18,14135,14290,13985,14285,249212,117067,,,,13925.0,13819.0,13656.0,13811.166666666666,13761.971854515426,188.92857142857142,79.09407665505226,73.75742353140777,2.667679054887529,71.08974447652024,14125.721081852673,13186.278918147327,13656.0,939.4421637053456,87.88295190338145,82.26534954997676,99.11815661019082,-0.43859649122807015,124.87237538430355,100.0,197576.3,240141,117038.95,76362.0,187.5985751136224,
2024-04-19,14285,14415,14190,14405,264925,131506,,,,14047.0,13913.0,13691.75,13819.666666666666,13823.212630275862,195.71428571428572,80.1980198019802,114.77736163687587,25.0896155712852,89.68774606559066,14268.914347660639,13114.585652339361,13691.75,1154.3286953212773,91.48623808809307,85.3389790626822,103.78075613891485,-0.7905138339920948,123.62179175418153,99.99999999999999,201233.75,505066,115856.05,14439.0,12.33396260261217,
2024-04-22,14460,14645,14270,14275,415410,136479,,,,14121.0,13972.0,13721.75,13823.083333333334,13866.239998821018,214.28571428571428,76.41509433962264,135.237115290598,47.11911551514777,88.11799977545024,14354.906461913768,13088.593538086232,13721.75,1266.312923827536,81.73912471178994,84.13902761238478,76.93931891060026,-24.74916387959866,109.50894902054165,91.57044298854481,210584.25,89656,114552.4,4973.0,3.7815765060149387,
2024-04-23,14285,14370,14155,14165,304205,132488,,,,14204.0,14014.5,13750.25,13823.666666666666,13894.693332266635,209.28571428571428,73.41389728096676,140.95074433222544,65.8854412785633,75.06530305366213,14410.134160488158,13090.365839511842,13750.25,1319.7683209763163,71.4995525289484,79.92586925123932,54.646919084366544,-36.50190114068441,73.41021637318933,83.26991749604443,213969.2,-214549,112707.35,-3991.0,-2.924259409872576,
2024-04-24,14100,14330,14090,14330,263697,133212,,,,14292.0,14063.5,13795.75,13825.583333333334,13936.151110146004,219.64285714285714,74.92877492877493,156.98335119581134,84.1050232620129,72.87832793379843,14484.610806350833,13106.889193649167,13795.75,1377.7216127016654,70.28541597167988,76.7123848247195,57.431478265600646,-23.954372623574145,68.05206685555626,84.89227693534784,214284.3,49148,110490.65,724.0,0.5464645854718952,
2024-04-25,14320,14385,14245,14380,241484,139785,,,,14311.0,14118.0,13848.25,13830.583333333334,13978.42243298924,217.85714285714286,75.4874651810585,171.74413034881218,101.63284467937277,70.11128566943941,14547.620205406643,13148.879794593357,13848.25,1398.7404108132869,70.69206942914859,74.70561302619586,62.664982235054026,-23.451327433628318,72.07904480173318,85.42106724789404,216827.95,290632,108496.0,6573.0,4.9342401585442675,
2024-04-26,14400,14425,14280,14395,209861,138655,,,,14309.0,14178.0,13895.5,13831.666666666666,14018.096486990265,211.78571428571428,72.32704402515724,182.54822649035123,117.81592104156846,64.73230544878277,14609.126026195207,13181.873973804793,13895.5,1427.2520523904132,71.50080614272989,73.63734406504054,67.22773029810858,-25.12562814070352,68.5849219920046,75.63972063202527,214514.1,500493,106969.15,-1130.0,-0.8083843044675798,
2024-04-29,14360,14405,14205,14295,194284,133589,,,,14313.0,14217.0,13935.75,13830.666666666666,14044.468250134049,216.78571428571428,66.97247706422019,180.9554445329759,130.44382573984996,50.51161879312593,14643.862948171705,13227.637051828295,13935.75,1416.2258963434106,68.45573456110307,71.91014089706138,61.54692188918645,-35.714285714285715,53.886913668230044,49.085133200813786,212005.75,306209,105877.9,-5066.0,-3.653672784969886,
2024-04-30,14305,14435,14225,14280,214183,127173,,,,14336.0,14270.0,13978.0,13830.416666666666,14066.899845359378,224.28571428571428,64.19354838709677,176.44878693636747,139.64481797915346,36.80396895721401,14660.691268745291,13295.308731254709,13978.0,1365.3825374905828,60.53614627305861,68.11880935572712,45.370820107721585,-37.244897959183675,50.48146787104582,35.31841490747365,213673.05,92026,105089.8,-6416.0,-4.802790648930677,
2024-05-06,14280,14475,14265,14430,133198,134125,,,,14356.0,14324.0,14030.0,13834.583333333334,14101.480812468008,222.85714285714286,67.55162241887905,182.8729294240802,148.2904402681388,34.5824891559414,14681.847576629612,13378.152423370388,14030.0,1303.6951532592248,60.77785126912616,65.67182332686014,50.98990715365821,-21.93877551020408,57.33415642170005,48.8899691064919,204642.35,225224,105447.7,6952.0,5.4665691616931245,
2024-05-07,14430,14495,14235,14260,189759,144134,,,,14332.0,14321.5,14070.25,13836.333333333334,14116.577877947246,229.28571428571428,62.73972602739726,172.2608139438089,153.08451500327283,19.17629894053607,14669.92951967346,13470.57048032654,14070.25,1199.3590393469203,50.728777722960984,60.69080812556042,30.804716917762107,-41.39784946236559,44.41212242030643,0.0,204844.65,35465,106601.75,10009.0,7.4624417520969155,
2024-05-08,14250,14250,14060,14105,211458,150478,,,,14274.0,14291.5,14102.25,13837.166666666666,14115.475222904652,228.21428571428572,55.347593582887704,149.61871989010433,152.39135598063913,-2.772636090534803,14629.920900227948,13574.579099772052,14102.25,1055.3418004558953,37.26746101070963,52.8830257539435,6.036331524241888,-58.064516129032256,8.462014483897443,0.0,205210.0,-175993,108654.3,6344.0,4.401459752730097,
2024-05-09,14105,14230,14070,14185,149164,145986,,,,14252.0,14282.5,14127.25,13842.25,14122.096630247066,227.14285714285714,62.116991643454035,136.55589725668688,149.2242642358487,-12.668366979161817,14617.7543054696,13636.7456945304,14127.25,981.0086109391996,34.423518068442434,46.72985652544315,9.810841154441007,-49.46236559139785,8.596455420752616,27.240571251713295,204978.15,-26829,110952.0,-4492.0,-2.9851539759964907,
2024-05-10,14185,14290,14030,14290,229289,142264,,,,14254.0,14295.0,14154.75,13851.833333333334,14138.087427366394,231.42857142857142,61.36363636363636,133.1413678743047,146.0076849635399,-12.866317089235196,14614.549441404393,13694.950558595607,14154.75,919.5988828087866,41.587004877169505,45.015572642685264,34.72986934613799,-53.78787878787879,13.126053032908233,24.209012464045998,208148.4,202460,113634.35,-3722.0,-2.5495595468058574,
2024-05-13,14240,14330,14125,14190,234500,141228,,,,14206.0,14281.0,14172.25,13860.75,14143.031481902926,217.5,46.75767918088737,120.97167826845725,141.00048362452338,-20.02880535606613,14607.601944740663,13736.898055259337,14172.25,870.7038894813268,39.194203968292214,43.07511641788758,31.432379069101486,-73.98373983739837,11.92330526343391,0.0,211637.15,-32040,116673.25,-1036.0,-0.7282235843221074,
2024-05-14,14220,14310,14125,14170,199433,141965,,,,14188.0,14260.0,14189.0,13869.75,14145.599912197886,214.64285714285714,41.39194139194139,108.46298495027622,134.49298388967395,-26.02999893939773,14594.470486952474,13783.529513047526,14189.0,810.9409739049479,36.16531160610162,40.77184814729226,26.952238523720325,-77.23577235772358,4.8822924182283005,0.0,213201.0,-231473,120036.25,737.0,0.521851190981959,
2024-05-15,14160,14215,14005,14075,254021,147641,,,,14182.0,14228.0,14203.0,13877.416666666666,14138.876111036183,202.85714285714286,42.4812030075188,89.84833366166822,125.56405384407282,-35.715720182404596,14568.562292193394,13837.437707806606,14203.0,731.1245843867873,28.872112499305842,36.80526959796346,13.005798301990609,-85.71428571428571,-28.450763184687393,3.194734952055768,218535.75,-485494,124072.75,5676.0,3.9981685626738983,
2024-05-16,14075,14175,14055,14115,235386,151676,,,,14168.0,14210.0,14213.5,13887.25,14136.602195699403,196.07142857142858,48.01587301587302,77.43117571576113,115.93747821841049,-38.50630250264936,14554.24376852626,13872.75623147374,14213.5,681.4875370525187,26.73106819681614,33.44720246424768,13.298799661953055,-77.55102040816327,-29.840154049624548,19.427569627324257,220734.95,-250108,128927.3,4035.0,2.7329806760994613,
2024-05-17,14090,14400,14075,14370,338888,157657,,,,14184.0,14219.0,14244.5,13899.583333333334,14158.830558013746,202.14285714285714,51.48148148148148,87.16210694656365,110.18240396404113,-23.020297017477475,14512.806580337932,13976.193419662068,14244.5,536.6131606758645,42.65064410399987,36.515016344165076,54.921899623669475,-25.510204081632654,18.13986491551433,29.591978559838275,231661.85,88780,134390.65,5981.0,3.9432738205121387,
2024-05-20,14400,14610,14365,14455,332771,158101,,,,14237.0,14221.5,14272.75,13912.5,14187.037171536245,209.64285714285714,52.70758122743682,100.57338233313021,108.26059963785895,-7.687217304728733,14499.685534551354,14045.814465448646,14272.75,453.87106910270813,53.22715116575198,42.08572795136071,75.5099975945345,-25.619834710743802,102.06328145725766,36.578640031229526,243256.4,421551,140260.45,444.0,0.2816240319173824,
2024-05-21,14435,14600,14390,14505,304743,155068,,,,14304.0,14246.0,14283.75,13925.75,14217.319345675649,214.28571428571428,53.87323943661972,113.92326040143234,109.39313179057362,4.530128610858725,14533.378671598864,14034.121328401136,14283.75,499.2573431977289,63.03297681022583,49.06814423764908,90.96264195537935,-17.355371900826448,95.427360060018,47.71196572246368,246032.95,726294,142160.5,-3033.0,-1.918393938052254,
2024-05-22,14550,14905,14420,14900,452434,184389,,,,14469.0,14325.5,14308.5,13944.916666666666,14282.336550849395,234.64285714285714,67.63848396501459,154.59426731646636,118.43335889575218,36.16090842071418,14678.081555702924,13938.918444297076,14308.5,739.1631114058473,75.17013268829871,57.76880705453229,109.97278395583155,-0.5555555555555556,143.70352078106407,100.0,255408.4,1178728,144804.65,29321.0,18.908478860886845,
2024-05-23,14785,14855,14455,14525,490912,170171,,,,14551.0,14359.5,14321.0,13955.833333333334,14305.447355530407,251.42857142857142,55.903614457831324,154.78272837734585,125.70323279207092,29.079495585274927,14702.528780731309,13939.471219268691,14321.0,763.0575614626177,69.3726810514584,61.63676505350766,84.84451304735987,-42.22222222222222,89.51882101040073,55.289846369242255,259183.5,687816,146489.25,-14218.0,-7.710872123608237,
2024-05-24,14550,14745,14505,14640,294460,165910,,,,14605.0,14394.5,14344.75,13965.333333333334,14337.309512146558,253.57142857142858,55.147058823529406,162.34026649196676,133.0306395320501,29.30962695991667,14744.11100276106,13945.38899723894,14344.75,798.7220055221187,69.76697255282411,64.34683421994647,80.6072492185794,-29.444444444444443,82.5860090273322,52.4073500092147,258696.25,982276,148160.35,-4261.0,-2.503951907199231,
2024-05-27,14625,14730,14615,14705,192926,163936,,,,14655.0,14446.0,14363.5,13978.083333333334,14372.327653846885,243.21428571428572,61.49870801033592,171.596568245679,140.74382527477587,30.852742970903137,14793.947747302618,13933.052252697382,14363.5,860.8954946052363,72.437240961142,67.04363646701165,83.2244499494027,-22.22222222222222,84.37590039974181,76.60729622736072,255157.7,1175202,149696.55,-1974.0,-1.1898016997167193,
2024-05-28,14720,14920,14665,14690,326678,165852,,,,14692.0,14498.0,14379.0,13987.416666666666,14402.582163004325,247.14285714285714,66.29526462395543,175.69655887043155,147.73437199390702,27.962186876524527,14833.597566390785,13924.402433609215,14379.0,909.1951327815696,72.76162884885382,68.94963392762571,80.38561869131001,-25.136612021857925,89.16978038463638,94.88229987885266,259417.4,848524,150999.9,1916.0,1.1687487800117191,
2024-05-29,14700,14775,14580,14775,242168,161471,,,,14667.0,14568.0,14398.0,13998.666666666666,14438.050528432484,249.64285714285714,66.38888888888889,183.6871890309012,154.92493540130587,28.762253629595335,14885.953837333434,13910.046162666566,14398.0,975.9076746668688,76.12116479469938,71.34014421665027,85.6832059507976,-15.846994535519126,69.80034076019284,95.23901072818757,261032.75,1090692,152140.7,-4381.0,-2.641511709234734,
2024-05-30,14720,14955,14615,14685,402637,163027,,,,14699.0,14625.0,14417.5,14007.666666666666,14461.56952572463,255.35714285714286,61.06442577030813,180.6748657773569,160.0749214765161,20.599944300840804,14919.102694528148,13915.897305471852,14417.5,1003.2053890562966,68.826539241664,70.50227589165485,65.47506594168229,-28.42105263157895,70.17967235105979,74.95266976058437,271450.4,688055,153612.6,1556.0,0.963640529878429,
2024-05-31,14650,14705,14525,14610,273856,158609,,,,14693.0,14649.0,14434.0,14018.583333333334,14475.705761369902,253.57142857142858,61.93181818181819,170.27290464392718,162.11451810999833,8.158386533928848,14938.26183674754,13929.73816325246,14434.0,1008.5236734950813,58.86371052689104,66.62275410340024,43.34562337387263,-36.31578947368421,37.75228431944642,78.25745708293414,274434.05,414199,155184.4,-4418.0,-2.70998055536813,
2024-06-03,14640,14670,14420,14485,259790,151869,,,,14649.0,14652.0,14436.75,14028.5,14476.59092695372,258.2142857142857,58.44504021447722,150.21127806196273,159.73387010039121,-9.522592038428485,14941.51961915418,13931.98038084582,14436.75,1009.5392383083599,43.292317921354154,58.845942042718214,12.18506967862605,-49.473684210526315,18.06738254309883,63.456131184963695,280763.65,154409,156071.6,-6740.0,-4.249443600300107,
2024-06-04,14450,14520,14355,14425,187086,150278,,,,14596.0,14644.0,14445.0,14039.333333333334,14471.67750533908,255.0,59.56284153005464,127.99534523493276,153.38616512729953,-25.39081989236678,14942.953707423538,13947.046292576462,14445.0,995.9074148470754,32.75043416979166,50.14743941840936,-2.043576327443745,-58.888888888888886,-1.880336873101397,58.84521965048065,280630.0,-32677,156378.8,-1591.0,-1.0476134036570994,
2024-06-05,14375,14400,14205,14205,192703,149069,,,,14482.0,14574.5,14450.0,14047.583333333334,14446.27964768774,262.14285714285717,52.23880597014925,91.5812058948377,141.02517328080717,-49.44396738596947,14935.429814971394,13964.570185028606,14450.0,970.8596299427882,21.83362277986111,40.70950053889328,-15.91813273820324,-85.22727272727273,-38.165931300554156,4.687283358652819,279692.25,-225380,156308.35,-1209.0,-0.8045089766965274,
2024-06-06,14200,14260,14165,14230,203515,154560,,,,14391.0,14545.0,14452.25,14055.333333333334,14425.681586003193,245.71428571428572,46.067415730337075,64.00225107402366,125.62058883945048,-61.618337765426816,14932.901695754403,13971.598304245597,14452.25,961.3033915088054,17.29836455366268,32.90578854381641,-13.916483426644788,-91.77215189873418,-50.50470779043375,0.0,282409.8,-21865,156737.05,5491.0,3.683529103971983,
2024-06-07,14210,14335,14210,14240,201622,155000,,,,14317.0,14505.0,14449.75,14061.25,14407.99762543146,237.14285714285714,43.6950146627566,42.46315825345482,108.98910272225136,-66.52594446879654,14934.457996741612,13965.042003258388,14449.75,969.4159934832242,14.696799997800436,26.83612569514442,-9.581851396887537,-90.50632911392405,-42.30288118519266,0.0,281026.45,179757,157373.85,440.0,0.28467908902691796,
2024-06-11,14170,14195,14060,14100,115580,157557,,,,14240.0,14444.5,14445.25,14068.916666666666,14378.664518247513,235.0,38.71866295264624,13.9357988270458,89.97844194321026,-76.04264311616446,14941.641982207613,13948.858017792387,14445.25,992.7839644152264,11.287624579539212,21.653291989942684,-9.44371024126773,-95.53072625698324,-70.7008567819859,0.0,275080.45,64177,158190.3,2557.0,1.6496774193548447,
2024-06-12,14070,14165,14030,14120,150930,161614,,,,14179.0,14387.5,14442.75,14075.75,14354.02980222394,210.0,22.535211267605646,-6.978067376861873,70.58714007919583,-77.5652074560577,14945.442487353957,13940.057512646043,14442.75,1005.3849747079148,10.768326296269384,18.024970092051586,-3.7449612952950204,-90.27027027027027,-70.61673337679359,0.0,272655.3,215107,159172.75,4057.0,2.5749411324155647,
2024-06-13,14120,14180,13910,13940,219888,164199,,,,14126.0,14304.0,14436.0,14079.916666666666,14314.598392488328,197.5,26.122448979591837,-37.64302731010139,48.94110660133639,-86.58413391143777,14962.543845327846,13909.456154672154,14436.0,1053.0876906556914,8.436745832733049,14.828895338945408,-4.347553179691669,-97.12918660287082,-86.76266115137211,8.180015694385501,270948.65,-4781,160000.65,2585.0,1.5994901431806596,
2024-06-14,13970,13975,13865,13930,176835,165299,,,,14066.0,14228.5,14426.75,14086.083333333334,14277.969974156105,188.21428571428572,18.30357142857143,-62.03702124856318,26.745481031356476,-88.78250227991965,14982.715494953554,13870.784505046446,14426.75,1111.9309899071086,8.316008608985594,12.657933095625472,-0.36784036429416034,-94.03669724770643,-95.953070269174,0.0,268021.1,-181616,160681.8,1100.0,0.6699188180195881,
2024-06-17,13900,13935,13805,13840,180466,166381,,,,13986.0,14151.5,14400.25,14089.5,14236.258548046,189.28571428571428,12.227074235807862,-87.62163733996749,3.872057357091684,-91.49369469705917,15015.01974722677,13785.48025277323,14400.25,1229.53949445354,7.175707371025362,10.830524520758768,-0.1339269284414506,-96.95652173913044,-94.0337063107264,0.0,260100.0,-362082,161118.0,1082.0,0.6545714130151925,
2024-06-18,13810,13920,13800,13825,151355,168567,,,,13931.0,14085.5,14368.75,14090.166666666666,14197.091067279714,179.64285714285714,12.227074235807862,-107.86460849602736,-18.475275813532125,-89.38933268249524,15034.181201710988,13703.318798289012,14368.75,1330.8624034219756,6.172693802905797,9.277914281474445,-0.03774715423149999,-97.83549783549783,-83.48300576254354,0.0,251029.2,-513437,161641.3,2186.0,1.3138519422289718,
2024-06-19,13810,13945,13780,13930,151737,167540,,,,13893.0,14036.0,14340.0,14093.25,14171.653822776883,177.5,13.733905579399135,-114.119191498683,-37.604058950562305,-76.51513254812069,15029.881759510474,13650.118240489526,14340.0,1379.7635190209476,13.124138210946207,10.559988924631698,18.252436783575224,-87.23404255319149,-69.18164826918127,3.0315644422753785,243378.9,-361700,162264.9,-1027.0,-0.6092532939424689,
2024-06-20,13930,14025,13910,13975,181008,167100,,,,13900.0,14013.0,14293.75,14098.0,14152.924887274325,161.42857142857142,18.30357142857143,-114.12925862043448,-52.909098884536746,-61.22015973589774,14948.69776810626,13638.80223189374,14293.75,1309.8955362125198,20.46113718567585,13.860371678313081,33.662668200401384,-78.91891891891892,-51.220633794716036,12.225185586639187,229807.6,-180692,161400.45,-440.0,-0.2626238510206491,
2024-06-21,13975,13995,13850,13855,161208,167477,,,,13885.0,13975.5,14260.25,14101.0,14124.551088486294,158.92857142857142,17.596566523605162,-122.40917720732978,-66.80911454909536,-55.60006265823442,14933.673890905357,13586.826109094643,14260.25,1346.847781810713,19.66485450932607,15.795199288650743,27.404164950676723,-91.57303370786516,-55.74029340814964,11.343414493356933,213322.4,-341900,161265.75,377.0,0.22561340514661854,
2024-06-24,13850,13970,13735,13915,210210,162761,,,,13900.0,13943.0,14224.0,14106.333333333334,14104.59384196379,157.85714285714286,24.090909090909093,-122.71499174455857,-77.99028998818801,-44.724701756370564,14889.357838032725,13558.642161967275,14224.0,1330.7156760654507,26.59304907363311,19.39448255031153,40.99018212027627,-77.07006369426752,-54.01435042907172,25.06315104465027,209109.9,-131690,161108.3,-4716.0,-2.81590905019794,
2024-06-25,13915,13925,13780,13920,161880,163810,,,,13919.0,13925.0,14184.75,14114.666666666666,14087.013476062477,156.42857142857142,25.837320574162675,-121.15726818546864,-86.62368562764414,-34.5335825578245,14822.68643471497,13546.81356528503,14184.75,1275.8728694299389,31.586377285043795,23.45844746188895,47.84223693135348,-72.18045112781955,-48.93224984119066,34.01563928479849,207557.6,30190,161102.0,1049.0,0.6445032901002179,
2024-06-26,13890,13970,13810,13960,172080,162261,,,,13925.0,13909.0,14148.25,14125.166666666666,14074.916954532717,152.14285714285714,35.83815028901735,-115.36523669973758,-92.37199584206283,-22.99324085767475,14746.785713220192,13549.714286779808,14148.25,1197.0714264403832,46.91965382221311,31.278849581997,78.20126230264533,-62.5,-39.35900521748494,69.77197927221438,199827.7,202270,160922.45,-1549.0,-0.9456077162566356,
2024-06-27,13960,14080,13930,14000,208809,162419,,,,13930.0,13915.0,14109.5,14134.333333333334,14067.782006481983,156.07142857142858,36.93181818181818,-106.32173355051964,-95.16194338375419,-11.159790166765447,14632.808302005014,13586.191697994986,14109.5,1046.6166040100288,56.88363394910825,39.81377770436741,91.02334643858993,-55.833333333333336,-20.7212573318354,78.50766084727138,198159.75,411079,160969.85,158.0,0.09737398389015883,
2024-06-28,14050,14065,13960,14045,140901,159264,,,,13968.0,13926.5,14077.5,14143.583333333334,14065.612291578936,154.64285714285714,39.34426229508197,-94.43498055839336,-95.01655081868202,0.5815702602886574,14525.483787300627,13629.516212699373,14077.5,895.9675746012545,67.87411345399487,49.16722295424323,105.28789445349813,-32.608695652173914,-12.471524916654808,100.00000000000001,185072.95,551980,160781.7,-3155.0,-1.9425067264297935,
2024-07-01,14055,14150,13985,14135,150817,158806,,,,14012.0,13956.0,14053.75,14155.25,14072.220644761896,153.57142857142858,52.02312138728324,-76.86632815079065,-91.38650628510375,14.520178134313099,14426.99854143615,13680.50145856385,14053.75,746.4970828723017,77.37792302555481,58.57078964468042,114.99218978730357,-10.112359550561798,8.802201072193476,100.0,178921.0,702797,160791.55,-458.0,-0.28757283504119435,
2024-07-02,14135,14175,14105,14145,112727,156076,,,,14057.0,13988.0,14036.75,14167.833333333334,14079.152011927428,148.92857142857142,51.461988304093566,-61.42802409183423,-85.39480984644985,23.966785754615614,14354.078901266415,13719.421098733585,14036.75,634.6578025328308,82.6458880776426,66.59582245566781,114.74601932159214,-7.865168539325842,32.00002405970257,98.5899778411312,171567.85,815524,161001.9,-2730.0,-1.719078624233339,
2024-07-03,14150,14200,14070,14190,147671,155361,,,,14103.0,14014.0,14025.0,14180.083333333334,14089.708963172434,138.92857142857142,67.36111111111111,-45.04270867137711,-77.32438961143531,32.281680940058195,14295.788322845498,13754.211677154502,14025.0,541.5766456909951,87.71374617362554,73.63513036165372,115.8709777975692,-2.150537634408602,47.10131933606178,100.0,169597.1,963195,161256.05,-715.0,-0.4581101514646746,
2024-07-04,14205,14285,14165,14175,161301,154205,,,,14138.0,14034.0,14023.5,14191.916666666666,14097.831919060774,139.64285714285714,66.89655172413794,-32.88848481009154,-68.43720865116656,35.54872384107502,14290.394420284409,13756.605579715591,14023.5,533.7888405688172,85.14249744908369,77.47091939079705,100.48565356565697,-20.0,70.59041296405327,99.15740001403512,168027.0,801894,161512.85,-1156.0,-0.7440734804745053,
2024-07-05,14185,14285,14150,14230,161132,147833,,,,14175.0,14071.5,14023.5,14201.0,14110.4193553407,140.0,78.26086956521739,-18.60368281267438,-58.47050348346812,39.86682067079374,14290.394420284409,13756.605579715591,14023.5,533.7888405688172,86.4646352630855,80.46882468155987,98.45625642613678,-10.0,75.35397898168189,100.0,165907.85,963026,161176.5,-6372.0,-4.132161732758344,
2024-07-08,14235,14325,14170,14225,212139,146096,,,,14193.0,14102.5,14022.75,14209.083333333334,14121.331797689205,142.5,79.41176470588235,-7.598738993468942,-48.29615058546828,40.69741159199934,14287.1554900298,13758.3445099702,14022.75,528.8109800595994,84.50393159933856,81.81386032081943,89.88407415637681,-16.949152542372882,83.82138340202117,100.0,166433.7,750887,160731.3,-1737.0,-1.1749744644294569,
2024-07-09,14260,14285,13980,14010,265921,141553,,,,14166.0,14111.5,14018.25,14211.916666666666,14110.728769337851,152.5,55.06329113924051,-16.041033847443032,-41.84512723786323,25.8040933904202,14280.171543094197,13756.328456905803,14018.25,523.8430861883935,63.08700925187972,75.57157663117286,38.11787449329344,-53.389830508474574,28.4767636010012,60.61086224322306,173950.75,484966,159931.1,-4543.0,-3.1095991676705736,
2024-07-10,14010,14055,13920,13930,200039,141172,,,,14114.0,14108.5,14008.75,14213.5,14093.51650559139,153.92857142857142,47.27272727272727,-28.854329999730908,-39.246967790236766,10.392637790505859,14268.90936411524,13748.59063588476,14008.75,520.3187282304789,42.88105143540953,64.67473489925175,-0.7063154922748822,-66.94915254237289,-16.011518953779184,48.00787123842055,176406.2,284927,158909.0,-381.0,-0.2691571354898836,
2024-07-11,13930,13960,13820,13870,168740,148315,,,,14053.0,14095.5,14005.25,14214.75,14072.229219344592,153.57142857142858,50.98039215686275,-43.35073775437559,-40.06772178306453,-3.283015971311059,14271.124426235994,13739.375573764006,14005.25,531.7488524719884,31.887697656609657,53.74572248503772,-11.828352000246468,-77.11864406779661,-45.183151276604924,48.60641211535364,173848.8,116187,158114.8,7143.0,5.059785226532165,
2024-07-12,13900,13930,13825,13905,147741,149871,,,,13988.0,14081.5,14004.0,14214.75,14056.30262702606,144.28571428571428,49.32432432432432,-51.42227388403444,-42.33863220325851,-9.083641680775926,14271.593564551686,13736.406435448314,14004.0,535.1871291033713,26.86902616051205,44.78682371019583,-8.966568938855517,-77.06422018348624,-42.79033042316788,43.83993923001016,172394.1,263928,157343.4,1556.0,1.0491184303677903,
2024-07-15,13940,13960,13835,13925,168171,147561,,,,13928.0,14060.5,14008.25,14217.666666666666,14043.797614928339,142.85714285714286,50.331125827814574,-55.564676562436944,-44.9838410750942,-10.580835487342746,14267.444602770325,13749.055397229675,14008.25,518.3892055406504,24.843377176314966,38.13900819890221,-1.747884868859515,-77.66990291262135,-36.82892880270382,33.260898212721536,171779.35,432099,156402.4,-2310.0,-1.5413255399643666,
2024-07-16,13920,13995,13870,13965,137700,147997,,,,13919.0,14042.5,14015.25,14218.916666666666,14036.293080173258,140.35714285714286,50.331125827814574,-54.98604986816645,-46.98428283370865,-8.0017670344578,14260.8100473247,13769.6899526753,14015.25,491.1200946493991,26.133208546586218,34.13707498146355,10.125475676831556,-71.2871287128713,-25.594749298273126,31.542665992778296,171096.6,569799,155373.9,436.0,0.29547102554197124,
2024-07-17,13920,13945,13765,13815,158267,161796,,,,13896.0,14005.0,14009.5,14211.083333333334,14015.217548728187,143.92857142857142,39.30635838150289,-65.87190018042747,-50.76180630305242,-15.110093877375057,14268.483844243132,13750.516155756868,14009.5,517.9676884862638,20.398329507247954,29.55749315672502,2.080002208293827,-91.07142857142857,-63.17009992882655,0.0,171423.1,411532,155086.7,13799.0,9.323837645357669,
2024-07-18,13790,13860,13755,13835,128835,163076,,,,13889.0,13971.0,14002.5,14201.583333333334,13998.053972658836,143.92857142857142,37.5,-72.05458176204957,-55.02036139485185,-17.03422036719772,14272.733816887298,13732.266183112702,14002.5,540.467633774595,18.277248911264717,25.797411741571587,3.2369232506509746,-85.96491228070175,-66.44590277367952,0.0,168814.45,540367,154885.5,1280.0,0.791119681574326,
2024-07-19,13800,13870,13670,13815,171873,163103,,,,13871.0,13929.5,14000.5,14193.916666666666,13980.620260977043,146.42857142857142,29.22077922077922,-77.67286981873985,-59.55086307962945,-18.122006739110404,14275.87343066424,13725.12656933576,14000.5,550.74686132848,20.04391119829572,23.879578227146297,12.372577140594572,-77.86259541984732,-72.39572526923446,0.0,169347.7,368494,154666.8,27.0,0.016556697490743844,
2024-07-22,13800,13900,13760,13850,136877,156625,,,,13856.0,13892.0,13997.25,14188.666666666666,13968.180236122085,151.42857142857142,31.446540880503136,-78.39747875411013,-63.32018621452559,-15.077292539584533,14278.347005170444,13716.152994829556,13997.25,562.1940103408888,28.947023049946065,25.568726501412883,35.703616147012426,-72.51908396946565,-53.12827046827774,4.434584494031363,165681.05,505371,154360.0,-6478.0,-3.971723389514603,
2024-07-23,13850,14085,13820,14035,227951,147850,,,,13870.0,13894.5,14003.0,14183.75,13974.544023158076,161.07142857142858,41.711229946524064,-63.31393898832721,-63.31893676928592,0.004997780958710507,14282.141541157893,13723.858458842107,14003.0,558.2830823157856,48.61528444293593,33.250912481920565,79.34402836496665,-44.274809160305345,-5.849792832638056,24.88584474885845,168984.6,733322,153562.0,-8775.0,-5.602553870710292,
2024-07-24,14005,14115,14000,14065,157664,135058,,,,13920.0,13908.0,14008.25,14178.5,13983.158878095403,160.71428571428572,44.21052631578947,-48.38166208934308,-60.33148183329735,11.949819743954272,14287.93544361197,13728.56455638803,14008.25,559.3708872239404,61.99820460989736,42.83334319124616,100.32792744719976,-39.69465648854962,19.63033028638025,29.865416967075223,168263.8,890986,152201.85,-12792.0,-8.65201217450119,
2024-07-25,14065,14090,13720,13765,266100,131305,,,,13906.0,13897.5,13996.5,14168.0,13962.381842086317,177.5,30.543933054393307,-60.06285070593185,-60.27775560782426,0.2149049018924103,14296.642071622588,13696.357928377412,13996.5,600.2841432451751,48.4482412755121,44.70497588600148,55.93477205453337,-85.49618320610686,-47.39667790577424,2.6362380033498303,171128.35,624886,150646.15,-3753.0,-2.778806142546164,
2024-07-26,13795,13935,13765,13860,167358,118569,,,,13915.0,13893.0,13987.25,14160.75,13952.63119045905,178.57142857142858,35.797665369649806,-60.951954599768214,-60.41259540621306,-0.5393591935551569,14292.458729267457,13682.041270732543,13987.25,610.4174585349137,46.53103725483578,45.31366300894624,48.965785746614856,-69.10569105691057,-45.182981397833935,25.449871783447687,172451.2,792244,148611.4,-12736.0,-9.699554472411565,
2024-07-29,13850,14020,13850,13950,153740,109720,,,,13935.0,13895.5,13978.0,14155.25,13952.38060089152,168.92857142857142,47.41379310344827,-53.774449620870655,-59.08496624914458,5.310516628273923,14275.47003387339,13680.52996612661,13978.0,594.9400677467784,51.99447427475943,47.54060009755064,60.90222262917703,-37.07865168539326,-13.815917935786358,83.60908779080322,172597.35,945984,146157.1,-8849.0,-7.463164908196918,
2024-07-30,13950,14045,13885,13905,160795,104850,,,,13909.0,13889.5,13966.0,14146.5,13947.868162711375,170.71428571428572,48.88888888888889,-51.12797763317758,-57.49356852595118,6.365590892773604,14254.3272993994,13677.6727006006,13966.0,576.6545987987993,52.26597910452127,49.11572643320751,58.56648444714878,-47.19101123595506,-9.092416046843649,90.3881412131851,175000.75,785189,143595.8,-4870.0,-4.438570907765216,
2024-07-31,13865,14080,13865,14080,186150,94541,,,,13912.0,13916.0,13960.5,14143.5,13960.452147215054,176.07142857142858,58.467741935483865,-34.51176194329673,-52.897207209420294,18.38544526612356,14234.685876253401,13686.314123746599,13960.5,548.3717525068023,65.55559655657223,54.595683140995746,87.47542338772519,-7.865168539325842,16.296710941566253,100.0,176924.7,971339,140554.8,-10309.0,-9.83214115402956,
2024-08-01,14115,14170,14055,14105,142929,87883,,,,13980.0,13943.0,13957.0,14143.5,13974.218609385049,176.78571428571428,58.130081300813,-19.105760910561003,-46.13891794964844,27.033157039087435,14221.264620170175,13692.735379829825,13957.0,528.529240340351,72.22224955623334,60.471205279408274,95.72433810988345,-13.0,58.554251894028106,98.84548478430173,176006.1,1114268,137238.7,-6658.0,-7.042447192223477,
2024-08-02,14105,14135,13965,14115,135669,82054,,,,14031.0,13973.0,13951.25,14142.333333333334,13987.626360872186,180.0,57.78688524590164,-6.020081914421098,-38.11515074260297,32.09506882818187,14194.687552783596,13707.812447216404,13951.25,486.8751055671928,77.40742563008149,66.11661206296601,99.98905276431245,-11.0,51.521867454000784,97.67204308965762,174732.95,1249937,133949.75,-5829.0,-6.632682088686092,
2024-08-05,14115,14160,14015,14065,128003,77119,,,,14054.0,13994.5,13943.25,14138.583333333334,13994.995278884358,181.42857142857142,54.06504065040651,0.31223162288915773,-30.42967426950455,30.741905892393707,14157.585570641246,13728.914429358754,13943.25,428.6711412824916,77.16050597560988,69.7979100338473,91.88569785913504,-21.0,68.14430577014008,84.9464666535654,170526.15,1121934,130500.9,-4935.0,-6.014332025251667,
2024-08-06,14020,14055,13870,13900,139717,68538,,,,14053.0,13981.0,13937.75,14133.75,13985.948109466799,181.07142857142858,53.4136546184739,-7.892505424777482,-25.922240500559138,18.029735075781655,14150.513149757518,13724.986850242482,13937.75,425.52629951503695,64.77367065040659,68.1231635727004,58.07468480581895,-54.0,3.102406748356531,82.71927459165222,164215.95,982217,126850.15,-8581.0,-11.126959633812683,
2024-08-07,13900,13980,13840,13885,89282,61212,,,,14014.0,13963.0,13935.5,14129.0,13976.334003803295,183.57142857142858,52.01612903225806,-15.427356326228619,-23.823263665693034,8.395907339464415,14149.556067421607,13721.443932578393,13935.5,428.1121348432134,53.05899031014761,63.101772485182806,32.97342596007721,-57.0,-16.403863369059085,77.94091316025066,158678.1,892935,122852.15,-7326.0,-10.688960868423358,
2024-08-08,13900,13915,13800,13800,64152,56813,,,,13953.0,13966.5,13932.0,14124.416666666666,13959.540289155362,177.5,49.42528735632183,-27.935545991738763,-24.64572013090218,-3.289825860836583,14152.749918042551,13711.250081957449,13932.0,441.4998360851023,35.372660206765076,53.85873505904357,-1.5994894977919074,-82.22222222222223,-48.001703096771,67.61740270581281,153448.7,828783,118277.05,-4399.0,-7.1864993792066905,
2024-08-09,13805,13895,13760,13820,76689,51312,,,,13894.0,13962.5,13927.75,14119.5,13946.250737807233,177.14285714285714,48.83720930232558,-35.8216142938727,-26.880898963496286,-8.940715330376413,14153.895621459418,13701.604378540582,13927.75,452.29124291883636,28.459822251664527,45.39243078991722,-5.4053948248408545,-77.77777777777777,-52.02898122346425,65.51139325523788,149896.1,905472,113349.1,-5501.0,-9.682643057046803,
2024-08-12,13830,13885,13650,13730,155938,139874,,,,13827.0,13940.5,13918.0,14108.833333333334,13925.65542944464,175.0,37.238493723849366,-48.77142149020074,-31.25900346883718,-17.51241802136356,14160.842812491848,13675.157187508152,13918.0,485.68562498369647,24.101419962648148,38.29542718082753,-4.286594473710622,-84.61538461538461,-78.04729534635885,23.97438221255511,149284.45,749534,112964.75,88562.0,172.59510445899596,
2024-08-13,13720,13775,13620,13675,159766,149571,,,,13782.0,13917.5,13903.5,14095.833333333334,13901.783483783245,177.85714285714286,34.016393442622956,-62.7489465415656,-37.556992083382866,-25.191954458182735,14168.17656528399,13638.82343471601,13903.5,529.353130567979,19.400946641765433,31.997267001140166,-5.7916940769840295,-90.0,-92.6866663736544,12.435482576952923,150387.75,589768,113043.45,9697.0,6.932667972603923,
2024-08-14,13675,13705,13535,13565,137024,155021,,,,13718.0,13866.0,13891.0,14080.166666666666,13869.708866280078,163.57142857142858,40.29126213592233,-81.75983999728851,-46.397561666163995,-35.362278331124514,14194.09977513059,13587.90022486941,13891.0,606.199550261179,14.533964427843623,26.17616614337465,-8.750439003218432,-95.2755905511811,-108.62246112613018,25.66266925986293,149325.6,452744,112704.7,5450.0,3.6437544711207304,
2024-08-15,13565,13690,13495,13620,129223,156518,,,,13682.0,13817.5,13880.25,14058.833333333334,13845.9270694915,165.35714285714286,37.87878787878788,-91.33521418627788,-55.38509217018678,-35.9501220160911,14206.108784396592,13554.391215603408,13880.25,651.7175687931849,15.954973778963417,22.76910202190424,2.3267172930817708,-81.48148148148148,-94.58086557605533,15.79624304685132,149345.0,581967,112376.8,1497.0,0.9656756181420478,
2024-08-16,13650,13695,13615,13655,113523,154001,,,,13649.0,13771.5,13872.25,14044.333333333334,13827.743539063738,158.92857142857142,34.22459893048128,-95.00440804732352,-63.30895534561413,-31.695452701709392,14212.396640204057,13532.103359795943,13872.25,680.2932804081138,20.160458709785132,21.89955425119787,16.682267626959657,-76.29629629629629,-71.12044909404484,0.8515092242013245,146427.5,695490,111921.7,-2517.0,-1.608121749575131,
2024-08-19,13635,13790,13585,13735,151050,147385,,,,13650.0,13738.5,13866.5,14029.25,13818.910821057669,162.14285714285714,41.23711340206185,-90.41469488378243,-68.73010325324779,-21.68459163053464,14212.075035648064,13520.924964351936,13866.5,691.1500712961279,29.935151167348163,24.578086556581297,40.64928038888189,-64.44444444444444,-52.02154002664606,29.53096824719969,147136.15,846540,111459.7,-6616.0,-4.296075999506499,
2024-08-20,13730,13760,13640,13655,108582,149322,,,,13646.0,13714.0,13847.5,14011.75,13803.300266671224,155.35714285714286,25.714285714285722,-92.17016525555482,-73.41811565370921,-18.752049601845613,14195.841937273079,13499.158062726921,13847.5,696.6838745461573,32.65518014331147,27.270451085491356,43.424638258951695,-76.29629629629629,-52.171371424843315,0.0,141167.7,737958,111533.3,1937.0,1.3142450045798393,
2024-08-21,13690,13830,13675,13825,143167,142417,,,,13698.0,13708.0,13835.5,13997.333333333334,13805.36690794063,159.64285714285714,36.27450980392157,-78.9339079655656,-74.52127411608049,-4.412633849485104,14168.491227954642,13502.508772045358,13835.5,665.9824559092849,49.270120095540975,34.60367408884123,78.60301210894048,-50.37593984962406,-20.739163173237294,32.925999899777345,140442.85,881125,111901.25,-6905.0,-4.624234874968192,
2024-08-22,13825,13835,13705,13710,130127,133761,,,,13716.0,13699.0,13832.75,13979.583333333334,13796.284345279619,156.78571428571428,32.0,-76.83787837408818,-74.98459496768203,-1.853283406406149,14169.084341799477,13496.415658200523,13832.75,672.6686835989531,51.22281510642903,40.1433877613705,73.38166979654609,-67.66917293233082,-27.25698225978472,22.171241294551386,133644.2,750998,112024.05,-8656.0,-6.077926090284169,
2024-08-23,13700,13750,13655,13730,110818,125033,,,,13731.0,13690.0,13826.25,13963.666666666666,13789.971550491084,153.21428571428572,34.70319634703196,-72.72460301467981,-74.53259657708159,1.8079935624017764,14165.380079064536,13487.119920935464,13826.25,678.2601581290728,57.18775909056053,45.82484487110051,79.9135875294806,-58.035714285714285,-36.543478327465486,32.451680266935995,130817.2,861816,112347.25,-8728.0,-6.525070835295788,
2024-08-26,13750,13825,13700,13810,119248,104606,,,,13746.0,13698.0,13819.25,13950.333333333334,13791.879021872886,148.21428571428572,45.54455445544555,-62.29141459332277,-72.08436018032982,9.792945587007054,14153.367454922985,13485.132545077015,13819.25,668.2349098459708,69.00752566821681,53.552405136805945,99.91776673103854,-35.05154639175258,-13.527265633111748,75.39497707983679,129092.6,981064,112091.55,-20427.0,-16.337286956243545,
2024-08-27,13805,13925,13800,13910,128231,91689,,,,13797.0,13721.5,13819.5,13940.75,13803.128638837374,147.14285714285714,51.141552511415526,-45.43018247296277,-66.75352463885642,21.32334216589365,14153.89497603882,13485.10502396118,13819.5,668.7899520776409,78.17555974780345,61.76012334047178,111.00643256246678,-3.488372093023256,19.097881408338505,100.0,127464.4,1109295,111433.5,-12917.0,-12.348240062711513,
2024-08-28,13910,13930,13820,13845,109378,78508,,,,13801.0,13749.5,13807.75,13931.083333333334,13807.116387519527,146.78571428571428,52.093023255813954,-36.887277735097086,-60.78027525810455,23.892997523007466,14119.3414160023,13496.1585839977,13807.75,623.1828320046006,77.23781277872887,66.91935315322414,97.87473202973831,-19.54022988505747,17.814441448878057,100.0,123625.8,999917,110631.85,-13181.0,-14.375770266880428,
2024-08-29,13840,13885,13800,13865,102658,65575,,,,13832.0,13774.0,13795.75,13925.416666666666,13812.629112517669,143.21428571428572,52.093023255813954,-28.178309319559048,-54.25988207039545,26.0815727508364,14076.055754114104,13515.444245885896,13795.75,560.6115082282085,78.5450152824376,70.79457386296195,94.04589812138892,-14.942528735632184,19.289441240851723,100.0,121612.25,1102575,109516.45,-12933.0,-16.473480409639784,
2024-08-30,13865,13930,13835,13860,83259,61144,,,,13858.0,13794.5,13783.0,13919.25,13817.140625611224,133.21428571428572,56.56565656565656,-21.432783531665336,-47.694462362649425,26.26167883098409,14022.371985345872,13543.628014654128,13783.0,478.743970691743,77.65069984346415,73.07994918979603,86.7922011508004,-16.091954022988507,36.134763097316394,100.0,118991.75,1019316,108470.95,-4431.0,-6.757148303469307,
2024-09-02,13840,13860,13555,13555,132923,64506,,,,13807.0,13776.5,13757.5,13907.833333333334,13792.17485174349,143.92857142857142,45.16129032258065,-40.23406351514859,-46.20238259314927,5.968319078000675,13978.323816411954,13536.676183588046,13757.5,441.64763282390777,51.76713322897611,65.97567720285605,23.35004528121624,-86.20689655172414,-54.11469305594129,63.03449108301398,119237.75,886393,107840.3,3362.0,5.4984953552269955,
2024-09-03,13585,13605,13525,13530,70595,58306,,,,13731.0,13764.0,13739.0,13898.333333333334,13767.20581824411,137.5,48.484848484848484,-56.50020522853265,-48.26194712022594,-8.23825810830671,13971.256663832795,13506.743336167205,13739.0,464.5133276655906,34.922944786395604,55.624766397369235,-6.480698435551659,-91.95402298850574,-93.48961789484375,73.80729653882133,115781.65,815798,107328.7,-6200.0,-9.611509006914087,
2024-09-04,13510,13530,13405,13430,69805,47725,,,,13648.0,13724.5,13716.25,13886.833333333334,13735.090978411337,132.5,42.08333333333333,-76.57766434609948,-53.92509056540065,-22.65257378069883,13975.822016170754,13456.677983829246,13716.25,519.1440323415081,24.869264778231994,45.37293252432349,-16.138070713950995,-95.23809523809524,-116.19485687033148,53.05776426566883,114807.8,745993,106654.35,-10581.0,-18.147360477480877,
2024-09-05,13420,13565,13400,13480,132766,164363,,,,13571.0,13701.5,13700.25,13879.166666666666,13710.796599515019,138.57142857142858,42.79835390946502,-87.44658343426636,-60.629389139173796,-26.817194295092563,13976.969029075766,13423.530970924234,13700.25,553.4380581515325,21.610956393035167,37.45227381389405,-10.071678448682604,-84.90566037735849,-90.26033639423845,55.37539410317707,118238.5,878759,112031.85,116638.0,244.39601885804086,
2024-09-06,13490,13530,13420,13465,108984,173475,,,,13492.0,13675.0,13682.5,13871.416666666666,13687.387399561208,131.78571428571428,38.26086956521739,-96.16215726762493,-67.73594276486403,-28.4262145027609,13972.11862400133,13392.88137599867,13682.5,579.2372480026606,18.495354576488854,31.133300734758986,-6.7805377400514075,-87.73584905660377,-82.40966463412,40.66783259446048,119853.25,769775,118140.0,9112.0,5.5438267736656055,
2024-09-09,13475,13480,13150,13275,167298,180776,,,,13436.0,13621.5,13659.75,13862.0,13648.112409126807,146.78571428571428,34.920634920634924,-117.05142842176429,-77.59903989624408,-39.452388525520206,14000.607664382693,13318.892335617307,13659.75,681.7153287653855,17.672116726206244,26.64623939857474,-0.2761286185307412,-83.97435897435898,-116.3262441561722,11.889097744360921,120421.25,602477,120185.1,7301.0,4.2086756016717075,
2024-09-10,13250,13295,13200,13235,87014,183078,,,,13377.0,13554.0,13637.75,13852.166666666666,13608.76837016235,141.07142857142858,23.893805309734503,-135.2746302841624,-89.13415797382775,-46.14047231033466,14027.722671107258,13247.777328892742,13637.75,779.9453422145161,15.413889783282796,22.902122860144093,0.4374236295602003,-89.1025641025641,-109.5481636538723,0.0,116783.65,515463,121860.45,2302.0,1.2733991237774855,
2024-09-11,13210,13280,13060,13265,145898,180246,,,,13344.0,13496.0,13622.75,13841.083333333334,13576.028525384983,147.5,28.708133971291858,-145.61731401926954,-100.43078918291612,-45.18652483635343,14046.15070606311,13199.34929393689,13622.75,846.8014121262204,18.13033265245673,21.311526124248307,11.767945708873576,-76.4367816091954,-101.56471209736516,14.735402116783069,117227.35,661361,123121.7,-2832.0,-1.5468816569986554,
2024-09-12,13250,13430,13245,13380,134146,165466,,,,13324.0,13447.5,13610.75,13831.166666666666,13557.359142014984,153.92857142857142,34.64912280701755,-142.88731051806462,-108.92209344994583,-33.96521706811879,14047.861030095995,13173.638969904005,13610.75,874.2220601919907,25.420221768304486,22.681091338933697,30.898482627046064,-63.2183908045977,-60.02623697181959,32.91921664626687,117473.5,795507,123569.1,-14780.0,-8.199904574858808,
2024-09-13,13395,13410,13285,13350,102144,159517,,,,13301.0,13396.5,13595.5,13822.75,13537.61065229927,153.92857142857142,28.899082568807344,-141.51323586021863,-115.44032193200039,-26.07291392821824,14047.150773333375,13143.849226666625,13595.5,903.3015466667493,34.68381757030697,26.682000082724787,50.68745254547134,-66.66666666666667,-55.34396112515629,15.319845881599962,116904.55,693363,123844.9,-5949.0,-3.5953005451271003,
2024-09-18,13350,13395,13275,13370,78273,160140,,,,13320.0,13378.0,13577.25,13813.666666666666,13521.647733032674,153.57142857142858,23.26732673267327,-137.22855359711866,-119.79796826502404,-17.430585332094623,14034.627823778344,13119.872176221656,13577.25,914.7556475566889,43.58459125149177,32.31619713898045,66.12137947651443,-64.36781609195403,-50.57241900997923,0.0,113265.7,771636,124482.65,623.0,0.390553984841735,
2024-09-19,13390,13460,13300,13460,120875,161278,,,,13365.0,13371.0,13567.5,13806.0,13515.776520362895,157.14285714285714,31.40096618357488,-125.12826346395377,-120.86402730481,-4.264236159143778,14026.211008668517,13108.788991331483,13567.5,917.422017337034,55.459034431687584,40.03047623654949,86.31615082196376,-54.02298850574713,-34.23976251512916,24.426568815006828,113880.35,892511,125080.45,1138.0,0.7106282003247255,
2024-09-20,13440,13465,13360,13365,117163,154911,,,,13385.0,13364.5,13544.5,13796.083333333334,13501.416851756905,158.57142857142858,27.47747747747748,-121.80036363353793,-121.05129457055558,-0.7490690629823433,13994.902159478794,13094.097840521206,13544.5,900.8043189575874,58.60389529488393,46.221615922660966,83.36845403932985,-64.94252873563218,-32.67592895648053,12.643729478088993,112580.15,775348,125705.15,-6367.0,-3.94784161509939,
2024-09-23,13390,13390,13070,13110,166332,157604,,,,13331.0,13327.5,13514.5,13781.25,13464.139056351487,174.64285714285714,22.42647058823529,-138.14687671644788,-124.47041099973406,-13.676465716713821,13997.254159948283,13031.745840051717,13514.5,965.5083198965658,43.03751749817659,45.16024978116617,38.792052932197436,-93.75,-69.34005409306562,0.0,114390.4,609016,126897.3,2693.0,1.7384175429763005,
2024-09-24,13110,13300,13085,13295,145292,144202,,,,13320.0,13310.5,13492.75,13768.75,13448.030574794204,168.21428571428572,39.516129032258064,-134.62181572195914,-126.50069194417908,-8.121123777780056,13973.817617525418,13011.682382474582,13492.75,962.135235050835,48.033242118125955,46.1179138934861,51.863898567405684,-56.88073394495413,-55.542714959099484,65.58220358852006,116114.1,754308,127855.75,-13402.0,-8.50359127940915,
2024-09-25,13310,13500,13300,13385,180457,122994,,,,13323.0,13321.5,13471.5,13756.25,13442.027662909042,177.14285714285714,44.44444444444444,-123.14637687189497,-125.82982892972227,2.683452057827296,13930.607830471234,13012.392169528766,13471.5,918.2156609424674,56.643373533296085,49.62640044008943,70.6773197197094,-35.64356435643565,-17.199361242875952,100.00000000000001,119174.55,934765,128775.15,-21208.0,-14.707146918905423,
2024-09-26,13400,13435,13335,13405,134905,96996,,,,13312.0,13338.5,13446.25,13743.916666666666,13438.501218822466,175.35714285714286,48.97959183673469,-111.15682931846277,-122.89522900747038,11.738399689007608,13856.793606248571,13035.706393751429,13446.25,821.0872124971429,63.7312412702594,54.32801405014608,82.53769571048605,-31.683168316831683,-13.86026281246402,100.0,119508.25,1069670,129040.5,-25998.0,-21.137616469096056,
2024-09-27,13425,13500,13365,13475,146975,72307,,,,13334.0,13359.5,13427.75,13732.0,13441.977293220327,173.21428571428572,49.799196787148595,-94.91251907781225,-117.29868702153875,22.386167943726505,13793.54365768149,13061.95634231851,13427.75,731.58731536298,73.88284301738223,60.84629037255813,99.95594830703041,-11.702127659574469,4.561272538412273,100.0,121388.1,1216645,128730.45,-24689.0,-25.45362695368881,
2024-09-30,13495,14010,13450,13930,183471,53081,,,,13498.0,13414.5,13431.0,13727.916666666666,13488.455646246963,205.35714285714286,63.798219584569736,-44.807574939664846,-102.80046460516398,57.992889665499135,13813.905787505577,13048.094212494423,13431.0,765.8115750111538,79.75168257896404,67.14808777469344,104.95887218750522,-8.421052631578947,101.49742449639112,100.0,125428.75,1400116,128105.75,-19226.0,-26.58940351556558,
2024-10-08,14210,14315,13890,13975,122127,43155,,,,13634.0,13477.0,13436.75,13723.666666666666,13534.793203747253,212.14285714285714,72.72727272727272,-1.4511933506364585,-82.53061035425849,81.07941700362203,13849.102365925326,13024.397634074674,13436.75,824.704731850652,77.39804273671231,70.56473942869972,91.06464935273749,-27.09163346613546,149.34723332284625,100.0,127372.15,1522243,127206.3,-9926.0,-18.699723064750096,
2024-10-09,14060,14060,13865,13905,72094,34615,,,,13738.0,13530.5,13454.25,13718.333333333334,13570.050993866562,219.28571428571428,71.3375796178344,26.949973915419832,-60.63449350032283,87.58446741574267,13914.64199544919,12993.85800455081,13454.25,920.7839908983806,73.95478618859804,71.6947550153325,78.4748485351291,-32.669322709163346,105.67158209440002,97.23723469538905,124330.7,1450149,125711.75,-8540.0,-19.789132197891323,
2024-10-10,13950,14045,13850,13965,125706,126703,,,,13850.0,13581.0,13476.0,13717.583333333334,13607.66518492689,217.5,71.875,53.68080326728341,-37.77143414680158,91.45223741408499,13989.497809148203,12962.502190851797,13476.0,1026.9956182964052,73.26570752599976,72.2184058522216,75.3603108735561,-28.11244979919679,93.47217018152577,98.30564784053158,127086.25,1575855,129131.6,92088.0,266.03495594395497,
2024-10-11,13985,14090,13910,13990,119052,133563,,,,13953.0,13643.5,13504.0,13718.583333333334,13644.078024457662,217.14285714285714,70.19867549668874,76.00631568521203,-15.01588418039886,91.02219986561089,14065.741652550823,12942.258347449177,13504.0,1123.4833051016467,73.36955027478575,72.60212065974298,74.9044095048713,-26.104417670682732,87.95514585025862,94.97304789773604,129548.6,1694907,133423.5,6860.0,5.414236442704601,
2024-10-14,14030,14235,14010,14045,150095,144743,,,,13976.0,13737.0,13532.25,13721.5,13682.261069747408,225.71428571428572,72.63843648208469,97.0191095660939,7.391114568899692,89.62799499719421,14143.551243681311,12920.948756318689,13532.25,1222.602487362623,73.37937177596554,72.8612043651505,74.41570659759563,-21.686746987951807,90.59901301452628,99.82339000292185,130415.05,1845002,132442.5,11180.0,8.370581673068145,
2024-10-15,14010,14055,13900,13915,123357,147654,,,,13964.0,13799.0,13554.75,13721.666666666666,13704.426682152418,228.21428571428572,66.56534954407294,102.00612346631533,26.31411634838282,75.6920071179325,14188.348536348658,12921.151463651342,13554.75,1267.197072697316,68.6474723404396,71.4566270235802,63.029162974158425,-32.1285140562249,61.698096506704765,87.74985105373175,131133.7,1721645,131151.45,2911.0,2.0111507983114896,
2024-10-16,13940,14110,13920,14030,124940,152058,,,,13989.0,13863.5,13592.5,13723.416666666666,13735.433664804568,230.71428571428572,67.06586826347305,113.92465431730125,43.83622394216651,70.08843037513473,14245.585792703823,12939.414207296177,13592.5,1306.1715854076465,69.0983148936264,70.67052298026226,65.95389872035466,-22.89156626506024,63.880240577237466,88.74490222213382,129015.8,1846585,129715.55,4404.0,2.982648624486983,
2024-10-17,14035,14120,13750,13780,186554,153839,,,,13952.0,13901.0,13619.75,13720.333333333334,13739.678077680324,249.64285714285714,61.369863013698634,102.02122801175028,55.47322475608327,46.54800325566701,14255.272785214125,12984.227214785875,13619.75,1271.0455704282504,58.78230626819794,66.70778407624083,42.93135065211217,-42.971887550200805,39.39595528477848,77.4210167023165,133992.8,1660031,128253.6,1781.0,1.1712635967854323,
2024-10-18,13785,13830,13715,13775,126914,155560,,,,13909.0,13931.0,13645.25,13719.666666666666,13743.042070282198,235.0,71.11111111111111,91.13368628504577,62.60531706187577,28.528369223169996,14261.473430088046,13029.026569911954,13645.25,1232.4468601760927,42.52153751213197,58.64570188820454,10.27320875998683,-43.90243902439025,19.418812049277435,95.13367672308073,133043.6,1533117,127019.3,1721.0,1.1187020196439024,
2024-10-21,13780,13890,13735,13865,112553,151120,,,,13873.0,13924.5,13669.5,13720.166666666666,13754.657111207704,230.71428571428572,69.25675675675676,88.74448765261332,67.8331511800233,20.911336472590023,14279.917458534906,13059.082541465094,13669.5,1220.834917069813,37.96307629013926,51.75149335551612,10.386242159385546,-44.33497536945813,24.96767930622071,87.72924710424714,131963.95,1645670,126302.0,-4440.0,-2.8542041655952644,
2024-10-22,13845,13860,13590,13630,137111,149533,,,,13816.0,13890.0,13683.5,13717.083333333334,13742.785005378399,235.71428571428572,57.53846153846154,67.11483644312648,67.68948823264394,-0.5746517895174605,14275.633519793602,13091.366480206398,13683.5,1184.2670395872046,27.37590098929181,43.62629590010802,-5.124888832340602,-69.89795918367346,0.5188604050258122,36.04086538461541,133712.3,1508559,125802.8,-1587.0,-1.0501588141873963,
2024-10-23,13635,13655,13480,13505,120412,154556,,,,13711.0,13850.0,13690.25,13711.333333333334,13720.138814389979,241.07142857142858,52.89017341040463,39.432177103008144,62.038026006716784,-22.60584890370864,14270.290606564024,13110.209393435976,13690.25,1160.0812131280472,19.354353418909774,35.53564840637527,-13.008236556021224,-85.26315789473684,-25.88881617536014,13.481186259710634,135819.25,1388147,125523.6,5023.0,3.359124741695818,
2024-10-24,13500,13680,13455,13640,129951,148526,,,,13683.0,13817.5,13699.25,13704.75,13712.506546352837,247.5,54.59610027855153,28.06334511741261,55.24308982885596,-27.179744711443348,14269.755546815604,13128.744453184396,13699.25,1141.0110936312085,20.808885185256088,30.626727332668878,1.1732008904305076,-78.03468208092485,-20.327810394114543,8.5996790200889,136273.05,1518098,124886.0,-6030.0,-3.901498485985666,
2024-10-25,13665,13745,13630,13675,121557,135254,,,,13663.0,13786.0,13714.75,13698.25,13708.934494319234,215.71428571428572,40.72727272727273,21.628353161548148,48.5201424953944,-26.891789333846255,14263.446781378148,13166.053218621852,13714.75,1097.393562756297,24.900159045809822,28.71787123704919,17.264734663331076,-74.4186046511628,-7.210100818572477,0.0,136492.75,1639655,123903.15,-13272.0,-8.935809218587988,
2024-10-28,13650,13800,13650,13740,118662,112897,,,,13638.0,13755.5,13746.25,13697.833333333334,13711.893113907878,196.07142857142858,41.57706093189964,21.525401023347513,43.12119420098502,-21.59579317763751,14215.323835507692,13277.176164492308,13746.25,938.1476710153838,30.885820316254165,29.440520930117515,33.77641908852746,-63.46153846153846,-4.140196435971289,2.6629809277913585,134109.25,1758317,121667.8,-22357.0,-16.529640528191404,
2024-10-29,13715,13760,13580,13620,118113,102991,,,,13636.0,13726.0,13762.5,13693.833333333334,13703.141388773794,195.0,40.13840830449826,11.62678722819328,36.82231280642668,-25.1955255782334,14186.062584700181,13338.937415299819,13762.5,847.1251694003622,28.8612235692321,29.247421809822377,28.088827088051545,-78.84615384615384,-26.99957726845658,0.0,132750.3,1640204,119607.25,-9906.0,-8.774369558092776,
2024-10-30,13630,13675,13540,13645,100171,94714,,,,13664.0,13687.5,13775.5,13688.75,13697.60411365248,190.71428571428572,38.65248226950355,5.733266024260956,30.604503449993537,-24.87123742573258,14164.857094924986,13386.142905075014,13775.5,778.7141898499722,33.80020268600148,30.76501543521541,39.8705771875736,-75.64102564102564,-39.86771452853388,0.0,128736.0,1740375,118193.25,-8277.0,-8.03662455942752,
2024-10-31,13630,13645,13490,13510,96324,95957,,,,13638.0,13660.5,13780.75,13682.166666666666,13679.737055209385,188.92857142857142,34.21052631578948,-9.718732252600603,22.53985630947471,-32.25858856207532,14151.457360823095,13410.042639176905,13780.75,741.4147216461897,26.748027844307497,29.426019571579438,21.392044389763612,-92.94871794871794,-63.353726181492085,0.0,126806.95,1644051,118141.3,1243.0,1.3123719830225644,
2024-11-01,13535,13575,13370,13545,109217,89459,,,,13612.0,13637.5,13784.25,13673.25,13666.904954713253,186.07142857142858,33.33333333333333,-18.922221133303537,14.247440820919063,-33.169661954222605,14143.961507212454,13424.538492787546,13784.25,719.4230144249086,29.736780467633572,29.529606536930814,30.151128329039096,-76.66666666666667,-79.33001187958644,0.0,124919.05,1753268,118998.9,-6498.0,-6.7717831945558915,
2024-11-04,13575,13620,13470,13550,99364,84632,,,,13574.0,13606.0,13765.25,13664.0,13655.771149502467,185.71428571428572,36.72727272727272,-25.518433548289977,6.294265947077255,-31.812699495367234,14132.608637330137,13397.891362669863,13765.25,734.7172746602737,33.77800868384874,30.945740585903458,39.4425448797393,-76.0,-60.07911613997966,8.983957219251327,120713.7,1852632,120576.45,-4827.0,-5.395767893671966,
2024-11-05,13530,13570,13475,13510,62495,82563,,,,13552.0,13594.0,13742.0,13653.916666666666,13641.888182883184,178.57142857142858,30.0,-33.58648106945111,-1.6818834562284177,-31.90459761322269,14112.311391015442,13371.688608984558,13742.0,740.622782030885,33.37138563419373,31.75428893533355,36.60557903191409,-81.33333333333333,-61.397467361583224,0.0,117732.1,1790137,122546.85,-2069.0,-2.4447017676529015,
2024-11-06,13535,13695,13420,13425,126640,81228,,,,13508.0,13586.0,13718.0,13643.25,13621.232165465739,171.78571428571428,34.36123348017621,-46.30547578182086,-10.606601921346908,-35.69887386047395,14105.643352091914,13330.356647908086,13718.0,775.286704183829,26.51115631426869,30.006578061645264,19.52031281951554,-89.42307692307692,-56.581552781799175,10.608405762590781,120459.4,1663497,124877.5,-1335.0,-1.6169470586097856,
2024-11-07,13400,13610,13345,13585,99140,76948,,,,13523.0,13580.5,13699.0,13638.0,13617.78148304043,182.5,42.63565891472869,-42.979269635878154,-17.08113546425316,-25.898134171624996,14072.66745700028,13325.33254299972,13699.0,747.3349140005594,35.25652179193004,31.756559305073523,42.256446765643076,-55.96330275229358,-51.27709796854049,32.187220643370836,119131.1,1762637,122389.75,-4280.0,-5.269119022996993,
2024-11-08,13615,13720,13525,13545,110177,69585,,,,13523.0,13567.5,13676.75,13632.333333333334,13610.849913227055,185.35714285714286,37.096774193548384,-43.07435861400518,-22.279780094203563,-20.794578519801615,14029.890422346041,13323.609577653959,13676.75,706.2808446920826,39.56860488939914,34.36057449984873,49.98466566849996,-61.16504854368932,-25.870089074933016,25.770409082717595,118687.35,1652460,119190.85,-7363.0,-9.568799708894316,
2024-11-11,13510,13545,13335,13415,89782,66747,,,,13496.0,13535.0,13645.25,13625.916666666666,13592.197540538764,180.71428571428572,40.52863436123348,-53.02835301437153,-28.429494678237155,-24.598858336134377,13971.447792757712,13319.052207242288,13645.25,652.3955855154236,33.30547685267302,34.00887528412349,31.898679989772063,-82.79569892473118,-69.13909689341381,42.806112521889226,115671.7,1562678,115291.05,-2838.0,-4.078465186462599,
2024-11-12,13565,13595,13420,13445,108538,107917,,,,13483.0,13517.5,13621.75,13619.666666666666,13578.17872715412,181.07142857142858,47.11538461538462,-57.82959246748578,-34.30951423608688,-23.520078231398898,13933.523787764214,13309.976212235786,13621.75,623.5475755284278,31.72746075892487,33.24840377572395,28.685574725326703,-76.34408602150538,-48.65783269033272,69.58576531056714,114930.75,1671216,113304.2,41170.0,61.680674786881816,
2024-11-13,13445,13470,13360,13395,85684,118127,,,,13477.0,13492.5,13590.0,13614.083333333334,13560.733134091823,172.85714285714286,37.17277486910995,-64.92082460348865,-40.43177630956724,-24.489048293921414,13852.096808149408,13327.903191850592,13590.0,524.1936162988168,26.346445700755112,30.947751084067672,17.14383493412999,-87.09677419354838,-75.38749535744036,41.90834754985588,112967.95,1585532,111607.65,10210.0,9.460974637916175,
2024-11-14,13395,13435,13255,13300,121494,127779,,,,13420.0,13471.5,13566.0,13607.833333333334,13535.901407035459,177.5,31.527093596059117,-77.31514237838019,-47.808449523329834,-29.506692855050353,13842.359795994476,13289.640204005524,13566.0,552.7195919889527,20.790103585449646,27.561868584528334,7.246573587292275,-91.74311926605505,-97.9744498674084,8.9223446061881,109714.95,1464038,110304.65,9652.0,8.170866948284484,
2024-11-15,13285,13340,13230,13265,95511,134234,,,,13364.0,13443.5,13540.5,13602.833333333334,13510.101273032082,174.64285714285714,25.88832487309645,-88.93672875610537,-56.03410536988494,-32.90262338622043,13829.489163883542,13251.510836116458,13540.5,577.9783277670831,16.241021437918814,23.78825286899183,1.1465585757727794,-93.39622641509433,-102.54186487710383,0.0,108144.8,1368527,109238.35,6455.0,5.051690809913989,
2024-11-18,13300,13340,13120,13310,143179,131238,,,,13343.0,13419.5,13512.75,13597.666666666666,13491.044008933788,177.5,32.96703296703298,-93.43869268445087,-63.51502283279814,-29.923669851652733,13775.978437913382,13249.521562086618,13512.75,526.4568758267633,21.382903180834766,22.986469639606142,18.17577026329201,-68.33333333333333,-101.09545952303621,33.347567585323425,109676.1,1511706,108244.25,-2996.0,-2.2319233577186126,
2024-11-19,13285,13375,13255,13330,111300,131970,,,,13320.0,13401.5,13497.75,13592.25,13475.706484273427,176.42857142857142,32.59668508287292,-94.30560239828992,-69.6731387458965,-24.632463652393426,13766.968655019538,13228.531344980462,13497.75,538.4373100390767,25.921935453889844,23.964958244367377,29.83588987293478,-65.0,-69.38610809292807,31.602870539871315,108385.55,1623006,107366.1,732.0,0.557765281397149,
2024-11-20,13300,13355,13270,13340,97552,134370,,,,13309.0,13393.0,13489.5,13585.666666666666,13462.782057199767,171.42857142857142,39.102564102564095,-93.11237664818327,-74.36098632635385,-18.75139032182942,13767.74449680093,13211.25550319907,13489.5,556.488993601859,29.50351252481545,25.811143004516733,36.88825156541288,-63.333333333333336,-61.88694853072839,62.251858664827104,107242.55,1720558,106356.8,2400.0,1.8185951352580165,
2024-11-21,13370,13380,13320,13355,71927,135002,,,,13320.0,13370.0,13475.25,13580.666666666666,13452.517099371218,161.07142857142858,37.5,-89.91982226678192,-77.47275351443946,-12.44706875234246,13750.213633959116,13200.286366040884,13475.25,549.9272679182322,36.1602364200524,29.26084080969529,49.95902764076662,-60.833333333333336,-46.20356927790228,54.702230397792576,104341.35,1792485,105680.6,632.0,0.4703430825333088,
2024-11-22,13345,13355,13170,13215,138567,141059,,,,13310.0,13337.0,13452.25,13570.5,13429.896423240625,163.57142857142858,31.284916201117326,-97.56189707033627,-81.49058222561882,-16.07131484471745,13733.739926902139,13170.760073097861,13452.25,562.9798538042778,30.7734909467016,29.765057522030727,32.790357796043345,-84.16666666666667,-75.69930212021954,25.423169263851847,105191.85,1653918,105970.85,6057.0,4.486600198515567,
2024-11-25,13250,13320,13200,13225,132128,138817,,,,13293.0,13318.0,13426.5,13562.416666666666,13410.38247817009,165.35714285714286,33.52601156069365,-101.63974032587976,-85.52041384567102,-16.11932648020874,13690.858209930953,13162.141790069047,13426.5,528.7164198619066,30.515660631134402,30.015258558398617,31.516464776605964,-82.5,-70.51947352806974,35.98089787433693,105865.15,1786046,107266.85,-2242.0,-1.5894058514522302,
2024-11-26,13245,13265,13025,13095,178184,147761,,,,13246.0,13283.0,13400.25,13551.833333333334,13380.3460516777,162.85714285714286,31.86813186813187,-114.04671449673697,-91.22567397588422,-22.821040520852748,13687.019208506372,13113.480791493628,13400.25,573.5384170127436,26.03483066465871,28.688449260485314,20.7275934730055,-89.92805755395683,-101.28812000190683,28.17067963078538,108868.7,1607862,109505.35,8944.0,6.443014904514577,
2024-11-27,13095,13105,12895,13060,219808,149018,,,,13190.0,13249.5,13371.0,13539.333333333334,13349.836903898871,158.92857142857142,16.56050955414014,-125.25962343975334,-98.03246386865806,-27.227159571095285,13671.65892548482,13070.34107451518,13371.0,601.3178509696409,28.696759962006148,28.69121949432559,28.707840897367255,-80.0,-116.33359615430095,0.0,114850.55,1388054,112220.55,1257.0,0.85069808677527,
2024-11-28,13075,13135,13020,13080,147302,139111,,,,13135.0,13227.5,13349.5,13525.5,13324.138151146599,153.21428571428572,19.607843137254903,-131.02176436730588,-104.63032396838763,-26.39144039891825,13669.202164028042,13029.797835971958,13349.5,639.4043280560836,31.845949940306504,29.74279630965256,36.052257201614395,-73.57142857142857,-85.15785586336753,9.973313839466401,117399.45,1535356,114378.25,-9907.0,-6.648190151525323,
2024-11-29,13100,13130,12995,13005,130168,132446,,,,13093.0,13201.5,13322.5,13511.5,13293.74404151359,147.85714285714286,21.126760563380273,-140.02604270807024,-111.70946771632416,-28.31657499174608,13663.203606333165,12981.796393666835,13322.5,681.4072126663305,28.790770750582343,29.425454456629154,27.521403338488724,-84.28571428571429,-83.58047505808194,14.944427035252138,118447.0,1405188,116527.6,-6665.0,-4.791138012091068,
2024-12-02,12985,13035,12930,12970,124143,125896,,,,13042.0,13167.5,13293.5,13496.583333333334,13262.911275655153,142.5,16.783216783216773,-148.27696114931678,-119.02296640292268,-29.2539947463941,13650.99273087936,12936.00726912064,13293.5,714.9854617587189,24.34848634231263,27.73313175185698,17.57919552322393,-86.95652173913044,-89.35484452251688,0.9879633136288535,119685.95,1281045,118590.8,-6550.0,-4.945411714963077,
2024-12-03,12955,13100,12920,13065,105964,119482,,,,13036.0,13141.0,13271.25,13483.333333333334,13244.062582735614,147.5,28.289473684210535,-145.47324242209652,-124.31302160675746,-21.16022081533906,13627.397145817129,12915.102854182871,13271.25,712.2942916342581,27.91617302545928,27.794145509724412,28.16022805692902,-68.51851851851852,-67.94075856029076,52.03147789778742,121859.4,1387009,120436.75,-6414.0,-5.094681324267647,
2024-12-04,13110,13175,13020,13020,125372,110211,,,,13028.0,13109.0,13251.0,13474.416666666666,13222.723289141746,145.71428571428572,30.281690140845072,-145.20852555692727,-128.49212239679144,-16.716403160135826,13616.277111822046,12885.722888177954,13251.0,730.5542236440924,27.668753031465606,27.752348016971474,27.501563060453876,-74.22680412371135,-51.073697245908605,60.86925465125475,121796.0,1261637,121885.9,-9271.0,-7.759327764851609,
2024-12-05,13010,13060,12800,12835,134060,112564,,,,12979.0,13057.0,13213.5,13462.833333333334,13185.797261604437,156.42857142857142,25.000000000000014,-158.10416304938008,-134.41453052730918,-23.689632522070895,13588.271509336728,12838.728490663272,13213.5,749.5430186734557,20.689425097900152,25.398040377281035,11.272194539138383,-93.96551724137932,-87.3660263035995,37.438869769969244,123542.0,1127577,123666.7,2353.0,2.134995599350331,
2024-12-06,12835,12925,12815,12850,78616,107483,,,,12948.0,13020.5,13178.75,13453.166666666666,13153.816570023064,148.57142857142858,22.289156626506028,-165.209244696749,-140.57347336119716,-24.63577133555185,13552.984306002905,12804.515693997095,13178.75,748.4686120058104,17.377179455947772,22.72442007016995,6.682698227503423,-91.37931034482759,-89.11473935502121,25.413154156200953,121963.95,1206193,125561.6,-5081.0,-4.513876550229201,
2024-12-09,12880,13025,12860,12925,100440,100678,,,,12939.0,12990.5,13154.25,13443.916666666666,13132.024515735155,152.5,27.11864406779661,-162.91027168888468,-145.04083302673467,-17.869438662150003,13527.518282239891,12780.981717760109,13154.25,746.5365644797821,22.695897415076292,22.71491251847206,22.657867208284756,-78.44827586206897,-62.66075561171045,46.837498733648694,122496.85,1306633,127258.15,-6805.0,-6.331233776504186,
2024-12-10,12950,13145,12935,13040,115591,94038,,,,12934.0,12985.0,13134.0,13436.833333333334,13123.26027614133,162.14285714285714,34.848484848484844,-150.07876552387643,-146.04841952616303,-4.030345997713397,13484.076683328853,12783.923316671147,13134.0,700.1533666577052,36.46393161005086,27.297918882331658,54.79595706548926,-58.62068965517241,-30.622909801408017,87.33725083534968,122849.5,1422224,126564.2,-6640.0,-6.5952839746518555,
2024-12-11,12980,13035,12910,13020,73942,90960,,,,12934.0,12981.0,13115.25,13432.583333333334,13113.425964127871,167.14285714285714,33.16582914572865,-139.9107334513028,-144.82088231119099,4.9101488598881815,13446.109725404498,12784.390274595502,13115.25,661.719450808996,43.86484329558945,32.82022702008425,65.95407584659985,-60.36036036036036,-42.06195384831984,90.79911430503446,122262.4,1348282,125205.85,-3078.0,-3.2731448988706724,
2024-12-12,13050,13100,12995,13080,54388,83324,,,,12983.0,12981.0,13104.25,13430.0,13110.242538972836,161.42857142857142,42.622950819672134,-125.56357745767673,-140.96942134048814,15.40584388281141,13423.678354540127,12784.821645459873,13104.25,638.8567090802535,54.13211775261519,39.92419059759456,82.54797206265644,-46.15384615384615,-16.408236138199115,100.0,118907.1,1402670,122983.1,-7636.0,-8.394898856640276,
2024-12-13,13160,13195,13045,13065,155187,107627,,,,13026.0,12987.0,13094.25,13426.666666666666,13105.933725737328,163.57142857142858,41.30434782608696,-114.08858541187146,-135.59325415476482,21.504668742893358,13404.890679208229,12783.609320791771,13094.25,621.2813584164578,58.45094770005569,46.09977629841494,83.15329050333722,-43.01075268817204,0.9169875092291203,94.94060061315496,121890.9,1247483,121652.75,24303.0,29.16686668906918,
2024-12-16,13065,13080,12940,13000,125193,121561,,,,13041.0,12990.0,13078.75,13420.333333333334,13095.84479947663,156.42857142857142,44.444444444444436,-108.98323739408261,-130.2712508026284,21.288013408545794,13374.64960957624,12782.85039042376,13078.75,591.799219152479,55.84493559750548,49.348162731445115,68.83848132962623,-49.36708860759494,-28.142378022948698,100.0,120991.6,1122290,121168.9,13934.0,12.9465654529068,
2024-12-17,12960,13015,12950,12985,101137,127284,,,,13030.0,12982.0,13061.5,13414.25,13085.288151907427,146.07142857142858,45.50898203592815,-104.93792783719255,-125.20458620954125,20.2666583723487,13335.113249910011,12787.886750089989,13061.5,547.2264998200226,52.84177141099522,50.51269895796182,57.49991631706203,-53.164556962025316,-32.62123239194497,100.0,120483.45,1021153,120934.6,5723.0,4.707924416548082,
2024-12-18,13000,13100,12900,12910,156746,133306,,,,13008.0,12971.0,13040.0,13406.583333333334,13068.594042201958,152.14285714285714,40.449438202247194,-106.5555579241045,-121.47478055245391,14.919222628349402,13287.832710979768,12792.167289020232,13040.0,495.6654219595366,43.56118094066349,48.19552628552904,34.29249025093239,-72.15189873417721,-34.2424801148732,82.38673960756053,123443.15,864407,120881.4,6022.0,4.731152383646009,
2024-12-19,12935,12970,12830,12865,143812,137818,,,,12965.0,12974.0,13015.5,13396.666666666666,13049.204133420819,152.5,41.860465116279066,-110.19836716115424,-119.21949787419399,9.021130713039753,13226.335430958297,12804.664569041703,13015.5,421.67086191659473,32.237134325739135,42.87606229893241,10.959278379352583,-83.54430379746836,-68.63657353076448,87.29879991863852,127037.4,720595,121022.2,4512.0,3.384693862241761,
2024-12-20,12850,12925,12830,12895,118015,139585,,,,12931.0,12978.5,12999.5,13388.833333333334,13034.51802547598,151.78571428571428,45.6140350877193,-109.403435741051,-117.2562854475654,7.852849706514405,13194.56813924209,12804.43186075791,12999.5,390.13627848418037,27.427495943186823,37.726540180350554,6.829407468859358,-75.9493670886076,-68.0656038610084,100.0,126009.8,838610,120948.5,1767.0,1.282125702012804,
2024-12-23,12870,13055,12840,13035,193085,115975,,,,12938.0,12989.5,12990.0,13387.583333333334,13034.5639278116,154.28571428571428,48.333333333333336,-96.365772255318,-113.07818280911593,16.712410553797923,13155.0199349999,12824.9800650001,12990.0,330.03986999980043,37.00645848267249,37.4865129477912,36.04634955243509,-40.50632911392405,-13.628253530190188,100.0,129057.65,1031695,119806.4,-23610.0,-16.914424902389225,
2024-12-24,13010,13075,12970,13030,138741,106067,,,,12947.0,12988.5,12986.75,13383.166666666666,13034.129268020019,150.71428571428572,50.581395348837205,-85.45175360119174,-107.5528969675311,22.101143366339357,13145.504195966107,12827.995804033893,12986.75,317.50839193221327,42.93581250443006,39.302946133337485,50.20154524661521,-41.77215189873418,23.90571841305458,100.0,127085.5,892954,117721.7,-9908.0,-8.543220521664152,
2024-12-25,13045,13065,12940,12965,116857,103959,,,,12958.0,12983.0,12982.0,13376.166666666666,13027.545528208588,141.07142857142858,58.78378378378378,-81.11226031262049,-102.26476963654898,21.152509323928484,13137.17053437056,12826.82946562944,12982.0,310.34106874111967,40.952642126241045,39.852844797638674,43.15223678344579,-60.526315789473685,-0.36386990903525673,100.0,121937.95,776097,115468.75,-2108.0,-1.9874230439250629,
2024-12-26,12985,13065,12965,13010,94978,99811,,,,12987.0,12976.0,12978.5,13369.583333333334,13025.874525522055,140.35714285714286,60.38961038961039,-73.1982725758462,-96.45147022440842,23.25319764856222,13127.39416940973,12829.60583059027,12978.5,297.7883388194605,49.52398363971625,43.076557744997864,62.41883542915302,-50.68493150684932,19.817548334830175,100.0,119321.75,871075,113503.75,-4148.0,-3.9900345328446774,
2024-12-27,13035,13050,12915,12935,127727,96956,,,,12995.0,12963.0,12975.0,13360.583333333334,13017.219808805668,137.5,50.649350649350644,-72.14659246782139,-91.59049467309103,19.443902205269637,13124.56076040404,12825.43923959596,12975.0,299.12152080807937,45.97895205610713,44.04402251536762,49.84881113758617,-71.23287671232876,-12.96609172058492,64.22150305645448,119199.7,743348,111729.25,-2855.0,-2.8604061676568704,
2024-12-30,12905,13040,12870,13020,142131,93816,,,,12992.0,12965.0,12977.5,13345.416666666666,13017.484588919415,133.92857142857142,48.64864864864865,-63.719816400649506,-86.01635901860273,22.29654261795322,13128.374642981316,12826.625357018684,12977.5,301.7492859626327,54.10942482752821,47.39915661942115,67.52996124374232,-47.945205479452056,-5.159996176299985,56.872406386969494,120099.1,885479,110125.25,-3140.0,-3.2385824497710325,
2024-12-31,13030,13050,12865,12915,151419,84525,,,,12969.0,12958.0,12970.0,13327.75,13007.72415187947,137.85714285714286,43.63636363636363,-64.76755804145796,-81.76659882317378,16.99904078171582,13117.434195847727,12822.565804152273,12970.0,294.8683916954542,47.63757573535894,47.47862965806708,47.95546788994267,-76.71232876712328,-27.80870230772772,15.982436882546622,122371.85,734060,108377.4,-9291.0,-9.903427986697366,
2025-01-02,12880,12905,12720,12740,108251,93096,,,,12924.0,12941.0,12956.0,13308.333333333334,12982.226613605237,144.28571428571428,31.914893617021278,-78.81046037495435,-81.17537113352991,2.3649107585755615,13133.544657095506,12778.455342904494,12956.0,355.0893141910128,33.6363180958731,42.86452580400242,15.179902679614472,-95.78947368421052,-120.32423169402018,0.0,121515.8,625809,107521.65,8571.0,10.140195208518188,
2025-01-03,12710,12760,12670,12715,110068,80212,,,,12865.0,12926.0,12950.0,13287.5,12956.776459928547,140.0,31.578947368421055,-90.90891137270955,-83.12207918136585,-7.786832191343706,13151.285343414982,12748.714656585018,12950.0,402.57068682996396,26.127915767619104,37.285655791874646,3.8124357191080236,-89.53488372093024,-131.73374990342901,0.0,120316.2,515741,105904.05,-12884.0,-13.839477528572653,
2025-01-06,12745,12795,12690,12775,96413,68747,,,,12833.0,12914.0,12946.25,13267.25,12939.464416125827,137.5,38.095238095238095,-94.5654309706897,-85.41074953923062,-9.154681431459082,13157.906996601881,12734.593003398119,12946.25,423.31399320376295,26.060585820388045,33.543965801379116,11.093825858405907,-75.5813953488372,-98.3358133666433,22.61763542902332,121206.05,612154,103967.25,-11465.0,-14.293372562708818,
2025-01-07,12900,12940,12840,12890,125695,160248,,,,12807.0,12899.5,12944.5,13248.0,12934.75351935194,144.64285714285714,45.45454545454546,-87.17876762471315,-85.76435315632713,-1.4144144683860134,13157.471458428743,12731.528541571257,12944.5,425.9429168574861,35.939124724140555,34.34235210896626,39.132669954489145,-48.83720930232558,-28.67225204873908,48.161328588374865,122468.8,737849,106945.75,91501.0,133.09817155657703,
2025-01-08,12900,13080,12875,13065,195487,164229,,,,12837.0,12903.0,12945.75,13233.833333333334,12947.157946080326,145.0,56.76855895196507,-66.4378915829966,-81.89906084166103,15.461169258664427,13161.358685500285,12730.141314499715,12945.75,431.21737100057,56.07323762097175,41.585980612968086,85.04775163697909,-3.658536585365854,30.31003593405978,87.43155811797129,126463.6,933336,110455.3,3981.0,2.4842743747191864,
2025-01-09,13065,13250,13005,13180,234476,181003,,,,12925.0,12924.5,12953.75,13219.666666666666,12969.333379786962,152.5,62.96296296296296,-40.257001332840446,-73.57064893989691,33.31364760705647,13191.67690164485,12715.82309835515,12953.75,475.8538032897013,66.69250324156738,49.95482148916785,100.16786674636644,-12.068965517241379,87.67527319854909,100.0,134490.3,1167812,114957.45,16774.0,10.213786846415672,
2025-01-10,13160,13190,13105,13125,134127,183695,,,,13007.0,12936.0,12956.0,13208.75,12984.158772188204,151.78571428571428,59.2741935483871,-23.67360297351479,-63.59123974662049,39.9176367731057,13199.734108793735,12712.265891206265,12956.0,487.46821758746955,70.61109411506791,56.84024569780121,98.15279094960133,-21.551724137931036,79.48315193048163,88.24634341815269,138477.25,1033685,119976.0,2692.0,1.4872681668259613,
2025-01-13,13150,13275,13130,13250,189309,198954,,,,13102.0,12967.5,12965.25,13200.0,13009.476984360756,147.14285714285714,58.77551020408164,-0.4396173304703552,-50.96091526339046,50.521297932920106,13238.639542786965,12691.860457213035,12965.25,546.7790855739295,79.02998560839238,64.23682566799826,108.6163054891806,-4.132231404958677,102.05478097255221,86.65737102294338,140183.35,1222994,124542.35,15259.0,8.306704047469982,
2025-01-14,13225,13250,13120,13185,187131,199093,,,,13161.0,12984.0,12974.5,13188.666666666666,13026.193462040685,148.92857142857142,56.03112840466927,12.583472473403162,-38.25203771603174,50.8355101894349,13264.833746248225,12684.166253751775,12974.5,580.66749249645,81.0613127196445,69.84498801854701,103.4939621218395,-14.87603305785124,79.21988473725126,77.91285013413251,143280.25,1035863,128418.95,139.0,0.0698653960211848,
2025-01-15,13185,13210,13135,13165,123908,194732,,,,13181.0,13009.0,12983.5,13180.916666666666,13039.413132322523,145.35714285714286,58.064516129032256,21.047904969618685,-26.392049178901654,47.43995414852034,13286.104483912934,12680.895516087066,12983.5,605.2089678258671,81.31360241915695,73.66785948541698,96.60508828663689,-18.181818181818183,66.60532342241989,84.39190542977359,144418.8,911955,131791.35,-4361.0,-2.1904336164506044,
2025-01-16,13155,13260,13130,13230,167845,193997,,,,13191.0,13058.0,12999.5,13176.333333333334,13057.56426257752,147.5,58.73015873015873,32.62490587155662,-14.58865816881,47.21356404036662,13319.103372619058,12679.896627380942,12999.5,639.2067452381161,84.97829904866873,77.4380060065009,100.0588851330044,-7.43801652892562,71.08247425301299,86.5128660159716,144973.75,1079800,134825.9,-735.0,-0.3774418174722127,
2025-01-17,13250,13340,13185,13320,181256,198685,,,,13230.0,13118.5,13022.25,13171.0,13082.55814233204,148.92857142857142,65.09803921568627,48.502899103883465,-1.9703467142713063,50.47324581815477,13365.446659902778,12679.053340097222,13022.25,686.3933198055565,88.65219936577915,81.17607045959365,103.60445717815017,-2.985074626865672,83.53294028733603,100.0,146845.95,1261056,137869.25,4688.0,2.4165322144156898,
2025-01-20,13330,13335,12955,12975,277753,186518,,,,13175.0,13138.5,13026.25,13159.333333333334,13072.314509728989,163.92857142857142,48.534201954397396,32.86881517930851,4.997485664444658,27.871329514863856,13365.0384761602,12687.4615238398,13026.25,677.5769523203999,66.26992502521477,76.2073553148007,46.39506444604294,-54.47761194029851,20.342273319078366,50.583872210009474,154832.85,983303,140215.9,-12167.0,-6.123763746634115,
2025-01-21,12985,13210,12980,13165,198171,168711,,,,13171.0,13166.0,13032.75,13149.75,13081.14169927861,167.5,57.71604938271605,35.40201079191684,11.078390689939095,24.323620101977742,13377.186610927716,12688.313389072284,13032.75,688.8732218554323,62.361768198628035,71.5921596094098,43.9009853770645,-26.119402985074625,27.42580804930404,77.97676062762271,155087.15,1181474,142852.7,-17807.0,-9.547067843318068,
2025-01-22,13170,13205,13110,13170,131992,160031,,,,13172.0,13176.5,13039.75,13142.25,13089.604394585409,160.35714285714286,64.82758620689654,37.3821268896354,16.339137929878355,21.042988959757047,13389.599215640414,12689.900784359586,13039.75,699.6984312808272,60.18923074713731,67.79118332198564,44.985325597440635,-25.37313432835821,38.264340950627066,99.19313742143704,154749.7,1313466,145550.9,-8680.0,-5.144892745582686,
2025-01-23,13150,13160,13015,13060,134886,150943,,,,13138.0,13164.5,13044.5,13132.5,13086.78492843442,165.0,61.237785016286644,29.73256398169724,19.017823140242132,10.714740841455107,13392.651509668152,12696.348490331848,13044.5,696.3030193363047,49.217062922333966,61.59980985543508,24.451569056131717,-43.07692307692308,11.143255899236989,85.70424534039763,155651.15,1178580,147900.1,-9088.0,-5.678899713180574,
2025-01-24,13040,13085,12975,13040,134337,135697,,,,13082.0,13156.0,13046.0,13124.666666666666,13082.329220964475,165.35714285714286,58.8628762541806,21.805042455745934,19.575267003342894,2.2297754524030395,13393.783961980032,12698.216038019968,13046.0,695.567923960065,40.17068264086334,54.456767450577836,11.598513021434357,-60.0,-3.0977867426909755,68.25838093099198,157619.1,1044243,149694.4,-15246.0,-10.100501513816473,
2025-01-27,13060,13465,13030,13330,219963,114350,,,,13153.0,13164.0,13065.75,13121.083333333334,13105.916914205953,184.64285714285714,63.17365269461078,38.47943393876449,23.356100390427216,15.123333548337271,13431.396867317293,12700.103132682707,13065.75,731.2937346345861,51.29025901547752,53.401264638877734,47.06824776867708,-22.88135593220339,64.2544328022651,88.38200055507096,162230.9,1264206,150564.1,-21347.0,-15.731372101078133,
2025-02-05,13330,13415,13265,13370,87049,118641,,,,13194.0,13182.5,13083.25,13118.083333333334,13131.067684281577,180.71428571428572,59.93485342019544,54.295786993110596,29.54403771096389,24.751749282146704,13472.422874588905,12694.077125411095,13083.25,778.3457491778099,61.317689016854295,56.04007276486992,71.87292152082304,-18.627450980392158,76.11793516861489,68.82856481838513,159476.8,1351255,151805.35,4291.0,3.7525142107564413,
2025-02-06,13355,13475,13350,13440,94903,123596,,,,13248.0,13210.0,13109.5,13116.916666666666,13160.489809588094,172.14285714285714,58.7248322147651,71.65280677080955,37.965791522933024,33.68701524787652,13521.068245923607,12697.931754076393,13109.5,823.1364918472136,71.96820293431313,61.349449488017655,93.20570982690407,-6.730769230769231,83.55055514415793,61.52336623219604,156651.0,1446158,153758.9,4955.0,4.176465134312757,
2025-02-07,13415,13440,13370,13400,73788,125764,,,,13316.0,13227.0,13142.5,13116.5,13183.300303913038,171.07142857142858,59.32203389830509,81.24417204654674,46.621467627655775,34.62270441889096,13534.706980801562,12750.293019198438,13142.5,784.4139616031243,76.50444298184978,66.4011139859617,96.71110097362595,-14.423076923076923,72.08629315229109,65.12882114049617,154927.85,1372370,155392.3,2168.0,1.7541020745007962,
2025-02-10,13400,13415,13270,13340,97215,123066,,,,13376.0,13229.0,13173.75,13112.416666666666,13198.22408449275,170.71428571428572,53.191489361702125,83.04659017373342,53.90649213687131,29.140098036862113,13519.367296716291,12828.132703283709,13173.75,691.2345934325822,75.3362953212332,69.37950776438552,87.24987043492854,-25.96153846153846,53.724557593347434,28.11720094708497,154285.2,1275155,157535.0,-2698.0,-2.14528799974556,
2025-02-11,13330,13345,13135,13200,108856,120981,,,,13350.0,13251.5,13195.0,13106.666666666666,13198.393219302963,176.42857142857142,50.5050505050505,72.34425007196842,57.594043723890735,14.750206348077683,13485.208636383519,12904.791363616481,13195.0,580.4172727670375,65.22419688082213,67.99440413653106,59.68378236940427,-52.88461538461539,14.634294259350343,11.898502258647191,154907.35,1166299,160146.7,-2085.0,-1.694212861391453,
2025-02-12,13190,13195,13110,13160,57083,119665,,,,13308.0,13251.0,13208.5,13102.416666666666,13194.736722226491,177.5,49.83388704318937,59.943906686577975,58.06401631642819,1.8798903701497878,13461.733821637346,12955.266178362654,13208.5,506.4676432746928,55.81613125388142,63.93497984231451,39.578434077015245,-60.57692307692308,-19.49789016941682,7.846521722532566,151476.75,1109216,158117.55,-1316.0,-1.0877741132905183,
2025-02-13,13160,13340,13150,13230,105985,110763,,,,13266.0,13257.0,13216.75,13098.833333333334,13198.095129633492,181.78571428571428,50.0,55.12946207766254,57.47710546867506,-2.347643391012525,13460.88704089475,12972.61295910525,13216.75,488.2740817894992,54.21075416925429,60.69357128462777,41.2451199385073,-47.11538461538461,13.066434376669786,8.849386905220937,147001.65,1215201,155444.25,-8902.0,-7.439100823131239,
2025-02-14,13080,13120,13020,13090,111743,139801,,,,13204.0,13260.0,13212.25,13093.75,13187.800355382682,185.71428571428572,42.628205128205124,39.56111416950807,53.89390720884167,-14.332793039333595,13462.480945959513,12962.019054040487,13212.25,500.4618919190252,41.268707907707984,54.21861682565451,15.368890071814945,-74.03846153846153,-59.72712524327256,0.0,140865.0,1103458,153384.15,29038.0,26.216335779998733,
2025-02-17,13115,13140,13000,13045,108507,147280,,,,13145.0,13260.5,13208.25,13089.5,13174.200321536713,168.57142857142858,52.77777777777778,23.323108097083605,47.77974738649006,-24.456639289406453,13466.773642408607,12949.726357591393,13208.25,517.047284817214,30.6703666753141,46.369200108874374,-0.7273001918064494,-86.0,-62.54695092318009,45.72007036410107,139584.0,994951,151563.4,7479.0,5.349747140578387,
2025-02-18,13035,13090,13025,13065,79255,150089,,,,13118.0,13234.0,13199.0,13086.166666666666,13163.800290914169,156.42857142857142,45.412844036697244,11.930674757184534,40.60993286062896,-28.679258103444425,13464.381552525896,12933.618447474104,13199.0,530.7631050517921,25.008314625647998,39.24890494779892,-3.4728660186538463,-82.0,-57.59559092565987,12.54376821867804,134081.3,1074206,149120.15,2809.0,1.9072514937533924,
2025-02-19,13050,13155,13035,13125,123284,150734,,,,13111.0,13209.5,13196.0,13083.083333333334,13160.10502511282,158.21428571428572,48.034934497816586,7.655341801339091,34.019014648770984,-26.363672847431893,13463.396807444631,12928.603192555369,13196.0,534.7936148892622,26.141906720128965,34.8799055385756,8.665909083235704,-70.0,-36.42068345130608,26.315948348830972,130888.95,1197490,146702.2,645.0,0.42974501795600695,
2025-02-20,13115,13250,13110,13245,143354,161537,,,,13114.0,13190.0,13200.0,13081.666666666666,13168.19026081636,157.14285714285714,58.008658008658,13.791131174381007,29.97343795389299,-16.182306779511983,13467.837342626575,12932.162657373425,13200.0,535.6746852531505,37.10665267285706,35.62215458333608,40.07564885189902,-46.0,3.046401894674202,74.86063679431261,131861.25,1340844,145042.45,10803.0,7.166929823397505,
2025-02-21,13265,13375,13225,13230,206623,175145,,,,13142.0,13173.0,13200.0,13079.833333333334,13174.076902643374,160.0,58.260869565217384,17.244628476059006,27.427676058326195,-10.18304758226719,13467.837342626575,12932.162657373425,13200.0,535.6746852531505,45.182212893015816,38.80884068656266,57.928957305922125,-51.578947368421055,32.375651954706804,76.08821558394082,133800.15,1134221,144099.85,13608.0,8.424076217832454,
2025-02-24,13220,13280,13175,13275,159500,175847,,,,13188.0,13166.5,13197.75,13078.5,13183.688626201147,136.42857142857142,46.96132596685083,23.343583587331523,26.610857564127265,-3.2672739767957424,13462.075855516898,12933.424144483102,13197.75,528.6517110337954,54.565919706454984,44.061200359860095,75.57535839964476,-42.10526315789474,19.649614162617787,25.037319563783562,132712.35,1293721,142957.95,702.0,0.40081075680151734,
2025-02-25,13270,13285,13120,13130,188605,170512,,,,13201.0,13159.5,13205.5,13077.083333333334,13178.575423705799,137.5,38.11881188118812,16.28899190998345,24.546484433298502,-8.257492523315051,13450.725996732986,12960.274003267014,13205.5,490.4519934659729,47.93283535985888,45.35174535985969,53.09501535985726,-72.63157894736842,-9.350788920636084,0.0,128254.95,1105116,142157.65,-5335.0,-3.033887413490133,
2025-02-26,13105,13185,13050,13165,162673,162846,,,,13209.0,13160.0,13205.5,13076.083333333334,13177.282526210009,138.21428571428572,35.8974358974359,13.368283423060348,22.310844231250872,-8.942560808190525,13450.725996732986,12960.274003267014,13205.5,490.4519934659729,46.62189023990592,45.77512698654177,48.31541674663423,-62.5,-28.845484479184456,0.0,126480.05,1267789,141864.4,-7666.0,-4.495871258327854,
2025-02-27,13170,13250,13155,13215,165888,158929,,,,13203.0,13158.5,13207.75,13078.083333333334,13180.874666570959,140.0,40.609137055837564,14.916237931334763,20.83192297126765,-5.915685039932889,13452.429704705437,12963.070295294563,13207.75,489.3594094108739,50.192371271048394,47.24754174804398,56.08203031705723,-48.19277108433735,1.3863431573320537,21.068773375305565,128174.85,1433677,141809.3,-3917.0,-2.405340014492219,
2025-02-28,13240,13290,13190,13230,174557,158130,,,,13203.0,13172.5,13216.25,13080.916666666666,13185.553269754677,136.78571428571428,44.148936170212764,17.155618381617387,20.0966620533376,-2.9410436717202124,13450.925027263353,12981.574972736647,13216.25,469.3500545267052,52.98539037117512,49.16015795575436,60.63585520201664,-38.666666666666664,11.148891346801825,36.89728686281581,130158.4,1608234,142168.65,-799.0,-0.5027402173297557,
2025-03-03,13225,13295,13165,13250,185618,155720,,,,13198.0,13193.0,13226.75,13083.75,13191.691053587565,131.07142857142858,53.04878048780488,20.31005470726268,20.139340584122614,0.1707141231400655,13446.541168827911,13006.958831172089,13226.75,439.5823376558219,56.40202495333243,51.57411362161372,66.05784761676983,-33.333333333333336,7.176648633876284,76.69369938963602,132722.45,1793852,143169.8,-2410.0,-1.5240624802377756,
2025-03-04,13270,13325,13205,13245,180802,157244,,,,13221.0,13211.0,13222.5,13087.75,13196.768096103035,133.21428571428572,55.4140127388535,22.151165165165366,20.541705500331165,1.6094596648342012,13437.111031256189,13007.888968743811,13222.5,429.2220625123773,57.601349968888286,53.58319240403857,65.63766509858772,-34.666666666666664,17.887498371610473,87.2700370226899,130764.4,1613050,145314.5,1524.0,0.9786796814795773,
2025-03-05,13260,13310,13185,13310,185963,154775,,,,13250.0,13229.5,13219.5,13093.416666666666,13207.552086950365,128.57142857142858,55.12820512820513,28.526380878163764,22.138640575897686,6.387740302266078,13426.988744146209,13012.011255853791,13219.5,414.97748829241755,65.06756664592552,57.411317151334224,80.38006563510812,-17.333333333333332,25.48654259420998,85.9920239282154,135710.1,1799013,147121.2,-2469.0,-1.5701711989010714,
2025-03-06,13300,13450,13230,13420,271036,170776,,,,13291.0,13247.0,13218.5,13099.333333333334,13227.785221526521,129.28571428571428,72.0,41.97104981708435,26.10512242413502,15.865927392949331,13421.66184888435,13015.33815111565,13218.5,406.3236977687011,74.21171109728368,63.011448466650705,96.61223635854964,-6.666666666666667,79.36387812051566,100.0,144516.75,2070049,149480.2,16001.0,10.338232918753022,
2025-03-07,13450,13490,13380,13385,202061,169704,,,,13322.0,13262.5,13217.75,13105.416666666666,13242.758057571615,127.14285714285714,72.97297297297297,49.23429699353619,30.730957338015255,18.503339655520936,13418.183083727798,13017.316916272202,13217.75,400.86616745559513,74.85326194364367,66.95871962564836,90.6423465796343,-22.580645161290324,104.07583619948223,100.0,150930.4,1867988,151677.2,-1072.0,-0.6277228650395816,
2025-03-10,13390,13515,13365,13490,243256,167409,,,,13370.0,13284.0,13225.25,13116.333333333334,13266.304909231461,133.21428571428572,75.75757575757575,62.73986903214245,37.1327396768407,25.60712935530175,13454.14839161561,12996.35160838439,13225.25,457.7967832312206,81.44339326708861,71.7869441727951,100.75629145567564,-5.208333333333333,108.86813444165476,100.0,158232.45,2111244,153894.35,-2295.0,-1.3523546881629156,
2025-03-11,13510,13540,13390,13510,216605,166308,,,,13423.0,13322.0,13240.75,13127.333333333334,13289.51396549513,135.35714285714286,74.52229299363057,74.20161499934511,44.54651474134158,29.65510025800353,13502.128431035402,12979.371568964598,13240.75,522.7568620708043,85.03152624732314,76.20180486430445,102.69096901336053,-6.122448979591836,100.30727563487818,96.90095727641824,163619.9,2327849,156160.7,-1101.0,-0.6576707345483213,
2025-03-12,13520,13570,13455,13565,174162,170007,,,,13474.0,13362.0,13261.0,13138.0,13315.75073068607,133.57142857142858,72.22222222222223,86.72347733832794,52.98190726073886,33.74157007758908,13556.55656685401,12965.44343314599,13261.0,591.1131337080187,89.60949486447058,80.67103486435983,107.48641486469211,-0.9615384615384616,100.6376832635707,91.13060428849906,169473.85,2502011,158677.8,3699.0,2.224186449238763,
2025-03-13,13585,13610,13515,13585,139940,166065,,,,13507.0,13399.0,13278.75,13147.083333333334,13341.393518239776,129.64285714285714,74.48275862068965,97.14119310433125,61.81376442945734,35.32742867487391,13607.269405819508,12950.230594180492,13278.75,657.0388116390168,91.20033740028376,84.18080237633447,105.23940744818236,-4.464285714285714,97.09030631687997,96.80177455132083,171171.6,2641951,161442.9,-3942.0,-2.3187280523743192,
2025-03-14,13580,13690,13555,13615,191834,165583,,,,13553.0,13437.5,13305.0,13157.0,13367.451278407416,131.78571428571428,73.94366197183099,106.58936137565252,70.76888381869638,35.820477556956135,13653.319272779265,12956.680727220735,13305.0,696.6385455585296,89.18306321735089,85.84822265667327,95.85274433870615,-11.71875,97.07205866167442,95.44930401120175,175176.15,2833785,162732.0,-482.0,-0.29024779453827865,
2025-03-17,13635,13680,13595,13650,135364,169785,,,,13585.0,13477.5,13335.25,13166.5,13394.360680463853,126.07142857142857,93.33333333333333,115.56910162952954,79.72892738086301,35.84017424866653,13693.439526427153,12977.060473572847,13335.25,716.3790528543068,90.14844478516461,87.28163003283706,95.88207428981974,-6.25,90.8278556798348,100.0,176519.0,2969149,163857.25,4202.0,2.5377001262206766,
2025-03-18,13665,13665,13405,13460,233850,158144,,,,13575.0,13499.0,13355.0,13173.083333333334,13400.6120442292,135.0,69.5364238410596,106.13078870445133,85.00929964558068,21.12148905887065,13693.464022810173,13016.535977189827,13355.0,676.9280456203451,76.76562985677641,83.77629664081684,62.74429628869558,-42.99065420560748,48.64335745235619,54.86529682306234,184248.75,2735299,164260.0,-11641.0,-6.856318284889717,
2025-03-19,13490,13520,13405,13495,174247,153847,,,,13561.0,13517.5,13373.5,13181.333333333334,13409.601373350228,136.42857142857142,68.91891891891892,100.31865420526628,88.0711705575178,12.247483647748481,13699.23964417841,13047.76035582159,13373.5,651.4792883568189,64.51041990451762,77.3543377287171,38.82258425611866,-37.142857142857146,33.81328146272184,50.36146456478109,186796.9,2909546,164415.65,-4297.0,-2.7171438688790017,
2025-03-20,13510,13530,13370,13430,199563,149366,,,,13530.0,13518.5,13382.75,13188.75,13411.544099697825,140.71428571428572,62.65822784810126,89.43656986310998,88.34425041863624,1.0923194444737447,13703.595511274922,13061.904488725078,13382.75,641.6910225498432,49.67361326967841,68.12742957570421,12.765980657626812,-49.523809523809526,21.159786059138646,23.853925838879007,189607.35,2709983,163807.1,-4481.0,-2.912633980513102,
2025-03-21,13450,13470,13340,13350,182272,146003,,,,13477.0,13515.0,13388.75,13196.083333333334,13405.68275686946,140.71428571428572,55.88235294117647,73.50973375614194,85.37734708613738,-11.867613329995436,13701.96549669265,13075.53450330735,13388.75,626.4309933853001,34.06812313216656,56.77432742785833,-11.344285459216977,-67.32673267326733,1.2179593453992588,1.9739439399920977,188389.8,2527711,162350.0,-3363.0,-2.2515164093568796,
2025-03-24,13350,13400,13315,13390,164789,142372,,,,13425.0,13505.0,13394.5,13204.833333333334,13404.189160977132,138.21428571428572,58.19209039548023,63.384608786225726,80.97879942615506,-17.594190639929337,13703.11149141207,13085.88850858793,13394.5,617.2229828241398,29.378748754777707,47.64246787016479,-7.148689475996463,-59.40594059405941,-6.922327429325491,8.019565464679786,188654.25,2692500,160676.25,-3631.0,-2.4869351999616485,
2025-03-25,13375,13420,13320,13355,164588,138991,,,,13404.0,13489.5,13405.75,13212.5,13399.50447897931,136.42857142857142,52.63157894736843,51.937464051548886,75.17053235123383,-23.233068299684945,13689.136940233207,13122.363059766793,13405.75,566.773880466415,23.141388058740695,39.47544126635676,-9.526718356491429,-72.82608695652173,-11.772578706375796,0.0,187453.4,2527912,159100.2,-3381.0,-2.3747647009243367,
2025-03-26,13355,13450,13345,13410,209306,132802,,,,13387.0,13474.0,13418.0,13218.75,13400.504052409851,128.21428571428572,49.375,46.76448781723957,69.48932344443499,-22.724835627195418,13677.765076053047,13158.234923946953,13418.0,519.5301521060937,23.87203648360491,34.27430633877281,3.0674967732690988,-74.66666666666667,-4.007591487144747,0.0,189785.05,2737218,157598.0,-6189.0,-4.452806296810586,
2025-03-27,13405,13450,13370,13440,166912,127750,,,,13389.0,13459.5,13429.25,13225.583333333334,13404.265571227961,126.07142857142857,53.459119496855344,44.571819966233306,64.50582274879466,-19.93400278256135,13670.851564128787,13187.648435871213,13429.25,483.20312825757355,27.33021610322519,31.959609593590272,18.071429122495033,-66.66666666666667,-1.090866429567613,9.29088795493159,189836.25,2904130,156039.05,-5052.0,-3.8041595759100044,
2025-03-28,13440,13565,13410,13535,206853,129740,,,,13426.0,13451.5,13444.5,13235.083333333334,13416.71646920625,126.42857142857143,52.86624203821657,49.92432441383244,61.58952308180221,-11.665198667969776,13671.190143263077,13217.809856736923,13444.5,453.3802865261532,39.17252502119774,34.36391473612609,48.789745591341045,-41.333333333333336,30.323407877435184,7.942161982672765,191451.05,3110983,154619.55,1990.0,1.5577299412915746,
2025-03-31,13535,13555,13325,13365,236424,117919,,,,13421.0,13423.0,13450.25,13241.0,13411.791091186607,132.14285714285714,42.24598930481283,39.98769029825962,57.2691565250937,-17.281466226834077,13661.473877238801,13239.026122761199,13450.25,422.44775447760185,32.78168334746516,33.836504273239115,30.672041495917256,-86.66666666666667,-14.764643881160236,0.0,193991.35,2874559,152729.5,-11821.0,-9.111299522121163,
2025-04-01,13355,13585,13335,13545,221519,110753,,,,13459.0,13431.5,13465.25,13251.166666666666,13424.47765393074,141.78571428571428,49.05660377358491,46.10585228408672,55.03649567689231,-8.930643392805585,13656.794278239573,13273.705721760427,13465.25,383.08855647914606,50.24951729337184,39.30750861328335,72.13353465354881,-38.666666666666664,17.523556005771685,13.331314434686451,196027.2,3096078,150404.95,-7166.0,-6.077052892239587,
2025-04-02,13555,13590,13525,13560,134040,110583,,,,13489.0,13438.0,13477.75,13260.166666666666,13437.384544032573,139.64285714285714,48.81516587677725,51.57044241789299,54.34328502509245,-2.7728426071994576,13658.98770375714,13296.51229624286,13477.75,362.47540751428096,63.19664789255093,47.270555039705876,95.04883359824105,-34.666666666666664,53.043834966885655,12.858716178897556,193431.05,3230118,148195.35,-170.0,-0.15349471346148835,
2025-04-03,13530,13535,13370,13430,185423,98312,,,,13487.0,13438.0,13478.25,13268.75,13436.681254124709,143.57142857142858,41.99134199134199,44.89374873448833,52.45337776697163,-7.559629032483301,13658.871004781902,13297.628995218098,13478.25,361.24200956380446,56.07049253442789,50.20386753794655,67.80374252739057,-68.4931506849315,-18.814550862695054,0.0,189150.4,3044695,144572.15,-12271.0,-11.09664234104699,
2025-04-07,12990,13030,12755,12910,211247,86943,,,,13362.0,13394.0,13454.5,13271.583333333334,13386.52113468426,185.71428571428572,27.4390243902439,-2.330370233814392,41.496628166814425,-43.82699840062882,13764.981798771561,13144.018201228439,13454.5,620.9635975431229,43.56795310678427,47.99189606089246,34.720067198567904,-82.96703296703296,-182.02686112638398,0.0,189609.7,2833448,140434.1,-11369.0,-11.56420375945968,
2025-04-08,12910,12995,12765,12775,187931,72550,,,,13244.0,13332.5,13418.75,13272.583333333334,13328.281026619092,183.57142857142858,28.391167192429023,-50.07199768494684,23.182902996462175,-73.25490068140901,13852.289593286901,12985.210406713099,13418.75,867.0791865738029,29.843705264802292,41.9424991288624,5.64611753668207,-97.60479041916167,-141.4371743170275,2.2954320713783556,186843.45,2645517,135691.15,-14393.0,-16.55452422851753,
2025-04-09,12760,12810,12635,12655,152297,66977,,,,13066.0,13262.5,13376.0,13270.583333333334,13264.15902408394,187.85714285714286,24.850299401197603,-96.47843517304318,-0.7493646374388945,-95.72907053560428,13924.918554019967,12827.081445980033,13376.0,1097.8371080399338,20.59388378910031,34.82629401560837,-7.870936663915806,-97.90575916230367,-131.78490691720427,0.0,183628.05,2493220,130724.6,-5573.0,-7.6815988973122025,
2025-04-10,12600,12795,12445,12675,162482,55764,,,,12889.0,13189.0,13331.5,13267.0,13208.04864083785,201.42857142857142,26.769230769230774,-130.14184420020683,-26.627860549992484,-103.51398365021436,13955.123536911073,12707.876463088927,13331.5,1247.2470738221455,20.425034607580702,30.02587421293248,1.2233553968771531,-79.91266375545851,-114.77635477761775,5.755333804240524,183044.05,2655702,125012.45,-11213.0,-16.741568000955553,
2025-04-11,12680,12720,12535,12700,76766,48409,,,,12743.0,13115.0,13287.25,13260.916666666666,13159.663055996149,205.35714285714286,29.29936305732484,-153.0389100283246,-51.91007044565891,-101.1288395826657,13958.881752172512,12615.618247827488,13287.25,1343.2635043450246,21.040270524413337,27.030672983426097,9.059465606387818,-77.7292576419214,-95.42382263694198,13.343805246965143,179885.35,2732468,119129.65,-7355.0,-13.189512947421278,
2025-04-14,12825,12860,12735,12805,132926,127087,,,,12722.0,13042.0,13246.75,13254.666666666666,13125.885622091753,210.71428571428572,32.110091743119256,-160.85810507852148,-73.69967737223143,-87.15842770629004,13932.70131789823,12560.79868210177,13246.75,1371.9026357964613,24.507196361253726,26.18951410936864,21.14256086502389,-68.5589519650655,-65.59942874413427,25.376063457519336,176939.95,2865394,117204.85,78678.0,162.52762915986696,
2025-04-15,12820,12870,12795,12860,118336,131677,,,,12739.0,12991.5,13207.25,13250.25,13100.56318189254,208.92857142857142,35.04531722054381,-160.76364986054432,-91.11247186989402,-69.6511779906503,13886.378505009025,12528.121494990975,13207.25,1358.2570100180492,28.4196447357412,26.93289098482616,31.393152237571286,-63.75545851528384,-53.90592000865791,35.63592551268345,176088.55,2983730,115299.45,4590.0,3.611699072289065,
2025-04-16,12880,12920,12775,12820,152774,134072,,,,12772.0,12919.0,13175.25,13243.083333333334,13073.842878855156,211.78571428571428,32.01219512195122,-162.0484652896448,-105.29967055384418,-56.74879473580063,13864.471337910822,12486.028662089178,13175.25,1378.4426758216432,30.414319732084348,28.09336723391222,35.0562247284286,-67.24890829694323,-49.19907268310939,25.033873109085878,172034.75,2830956,114095.85,2395.0,1.8188445970063194,
2025-04-17,12845,12915,12810,12845,136326,133003,,,,12806.0,12847.5,13142.75,13237.416666666666,13052.04831896419,213.57142857142858,31.804281345565755,-159.21407891313356,-116.08255222570206,-43.1315266874315,13829.783861112968,12455.716138887032,13142.75,1374.0677222259364,43.06823594674569,33.08499013819004,63.03472756385699,-65.06550218340611,-42.06878170339138,24.821516928648627,170138.7,2967282,113053.65,-1069.0,-0.7973327764186355,
2025-04-18,12865,12865,12760,12780,130618,136164,,,,12822.0,12782.5,13110.25,13231.0,13026.138955253315,210.0,26.479750778816197,-160.36418555360615,-124.93887889128288,-35.425306662323266,13801.552926973485,12418.947073026515,13110.25,1382.6058539469705,49.015187600860756,38.39505595908028,70.25545088442169,-70.74235807860262,-45.370675186172015,6.7315165196276165,166691.45,2836664,112393.55,3161.0,2.3766381209446408,
2025-04-21,12760,12825,12720,12790,136003,137093,,,,12819.0,12770.5,13082.25,13223.666666666666,13003.649530943476,201.07142857142858,30.1038062283737,-158.64003337102986,-131.67910978723228,-26.96092358379758,13778.015197840707,12386.484802159293,13082.25,1391.5303956814132,56.887318049696646,44.559143322619065,81.5436675038518,-69.86899563318778,-44.16900568085781,21.7030520080913,164378.0,2972667,111948.05,929.0,0.6822655033635883,
2025-04-22,12810,12820,12685,12690,134890,143261,,,,12785.0,12762.0,13047.25,13213.166666666666,12973.778147044097,192.85714285714286,18.681318681318686,-163.4585462380055,-138.03499707738692,-25.42354916061859,13748.237836819173,12346.262163180827,13047.25,1401.975673638346,55.117861155938115,48.07871593372541,69.19615160036354,-78.60262008733625,-46.14019248646554,0.0,162883.05,2837777,111992.5,6168.0,4.499135623263051,
2025-04-23,12700,12830,12680,12790,146037,132737,,,,12779.0,12775.5,13019.0,13210.083333333334,12956.27546637323,198.92857142857142,23.448275862068968,-157.3937509487314,-141.90674785165584,-15.487003097075558,13713.274327701425,12324.725672298575,13019.0,1388.5486554028503,58.82316284854748,51.660198238666105,73.14909206831022,-68.34862385321101,-37.01455174521498,20.450246305418716,161955.5,2983814,111679.8,-10524.0,-7.34603276537229,
2025-04-24,12770,12800,12710,12780,139543,127394,,,,12766.0,12786.0,12987.5,13203.666666666666,12939.487326718638,191.78571428571428,25.563909774436084,-151.6461905260967,-143.854636386544,-7.791554139552687,13664.019731691858,12310.980268308142,12987.5,1353.0394633837168,53.104330787920546,52.14157575508425,55.02984085359313,-42.73504273504273,-33.60285318040914,42.059348004826376,158467.35,2844271,111409.4,-5343.0,-4.025252943791102,
2025-04-25,12795,12810,12660,12680,176753,129015,,,,12746.0,12784.0,12949.5,13195.5,12914.774247983529,154.28571428571428,37.362637362637365,-153.39216238271,-145.76214158577721,-7.630020796932797,13604.021922756161,12294.978077243839,12949.5,1309.0438455123222,37.9669897560496,47.416713755406036,19.067541757336727,-57.27272727272727,-36.55714306847776,100.0,158959.4,2667518,111472.65,1621.0,1.2724304127353037,
2025-04-28,12655,12795,12635,12765,186219,103278,,,,12741.0,12780.0,12911.0,13190.583333333334,12900.51003388986,149.28571428571428,49.41860465116279,-146.23140343979503,-145.8559939565808,-0.3754094832142414,13508.623363173268,12313.376636826732,12911.0,1195.246726346537,40.51600486660617,45.11647745913942,31.315059681539665,-32.63157894736842,-30.53152573750493,100.0,157927.7,2853737,110149.55,-25737.0,-19.948843157772355,
2025-04-29,12765,12775,12645,12720,145309,97341,,,,12747.0,12766.0,12878.75,13185.25,12883.318602090825,146.07142857142858,54.14012738853503,-142.5444110664048,-145.1936773785456,2.64926631214081,13441.832446987353,12315.667553012647,12878.75,1126.1648939747065,37.1297175301184,42.454224149465745,26.480704291423706,-42.10526315789474,-29.896207331677864,100.0,153371.95,2708428,109120.65,-5937.0,-5.748562133271362,
2025-04-30,12715,12725,12640,12670,121971,94595,,,,12723.0,12751.0,12835.0,13174.25,12863.00254474884,127.14285714285714,49.693251533742334,-142.01990808364644,-144.55892351956578,2.539015435919339,13309.053072756074,12360.946927243926,12835.0,948.1061455121489,29.825608788194877,38.24468569570879,12.987454973167061,-64.93506493506493,-33.42678697456029,87.4590376357238,148394.55,2586457,108312.75,-2746.0,-2.821010673816793,
2025-05-06,12670,12800,12630,12735,150113,89353,,,,12714.0,12740.0,12793.75,13163.666666666666,12850.811826201332,126.07142857142857,52.046783625730995,-134.80532702212804,-142.60820422007822,7.802877197950181,13123.915429029628,12463.584570970372,12793.75,660.3308580592566,37.383739192129916,37.95770352784916,36.235810520691416,-63.793103448275865,-22.0295806630586,94.09640696028796,149198.2,2736570,107251.25,-5242.0,-5.54151910777525,
2025-05-07,12705,12850,12675,12710,180894,81343,,,,12720.0,12733.0,12757.75,13151.5,12837.40117608692,127.14285714285714,43.87096774193548,-129.61093642382184,-140.00875066082696,10.397814237005122,12898.480238399578,12617.019761600422,12757.75,281.460476799155,37.0437049159654,37.65303732388791,35.825040100120376,-72.41379310344827,-11.173571434315104,71.03918597098938,148971.75,2555676,106402.8,-8010.0,-8.964444394704152,
2025-05-08,12695,12805,12675,12705,123851,70897,,,,12708.0,12724.5,12747.5,13139.916666666666,12824.791540269118,131.07142857142858,39.31034482758621,-124.46306987046046,-136.89961450275368,12.43654463229322,12870.253497109588,12624.746502890412,12747.5,245.5069942191767,36.05943964094663,37.121838096240815,33.93464273035825,-74.13793103448276,-18.90087223700747,58.17743714009559,144601.95,2431825,105600.5,-10446.0,-12.841916329616565,
2025-05-09,12705,12760,12695,12720,64097,67770,,,,12708.0,12727.5,12744.75,13129.583333333334,12814.81139357682,125.35714285714286,42.857142857142854,-117.81487733013091,-133.08266706822914,15.26778973809823,12867.373729136618,12622.126270863382,12744.75,245.24745827323568,37.67599006366139,37.30655541871434,38.414859353555485,-68.42105263157895,-17.823875525631458,68.18002368732728,138410.25,2495922,105361.5,-3127.0,-4.4106238627868555,
2025-05-12,12750,12915,12730,12890,114512,53827,,,,12752.0,12737.5,12756.5,13124.416666666666,12821.972213236171,131.78571428571428,52.66272189349112,-97.7023062249682,-126.00659489957695,28.304288674608756,12887.652783544921,12625.347216455079,12756.5,262.30556708984295,55.52668343425378,43.37993142389415,79.82018745497305,-8.771929824561404,72.64046817233186,95.83345986820127,136521.0,2610434,104704.0,-13943.0,-20.574000295115834,
2025-05-13,12955,12980,12900,12930,119460,125014,,,,12791.0,12752.5,12769.25,13120.583333333334,12832.260573880345,130.71428571428572,59.146341463414636,-77.6402940345979,-116.33333472658114,38.69304069198324,12915.727050474781,12622.772949525219,12769.25,292.9541009495624,65.58921752759775,50.78302679179535,95.20159899920256,-14.285714285714286,121.55097872182027,100.0,134369.9,2729894,108166.5,71187.0,132.25147230943577,
2025-05-14,12930,13120,12910,13080,142909,131758,,,,12865.0,12792.5,12788.25,13118.083333333334,12855.854804939361,138.21428571428572,65.10416666666667,-49.07159167423015,-102.88098611611096,53.80939444188081,12986.38007423355,12590.11992576645,12788.25,396.2601484670995,74.33838991635768,58.634814499982795,105.74554074910745,-8.16326530612245,144.11106456378965,100.00000000000001,137677.05,2872803,112333.95,6744.0,5.3945958052698195,
2025-05-15,13100,13120,12975,12995,128580,127690,,,,12923.0,12815.5,12797.75,13116.5,12869.10672827847,138.92857142857142,66.13756613756614,-32.91011157224057,-88.88681120733689,55.976699635096324,13016.417616065552,12579.082383934448,12797.75,437.3352321311031,74.38885858369423,63.886162527886604,95.39425069530948,-25.510204081632654,113.1311764317698,100.0,137459.75,2744223,112364.1,-4068.0,-3.0874785591766707,
2025-05-16,13000,13035,12960,12965,94985,125581,,,,12972.0,12840.0,12803.0,13115.166666666666,12878.239420823378,133.57142857142858,60.0,-22.266101673847515,-75.56266930063902,53.2965676267915,13032.722945260044,12573.277054739956,12803.0,459.44589052008814,72.381688035388,66.7180043637204,83.7090553787232,-31.632653061224488,81.88824777526996,84.87302676733013,136292.2,2649238,112059.3,-2109.0,-1.6516563552353314,
2025-05-19,12950,13015,12920,12950,89358,125759,,,,12984.0,12868.0,12809.5,13113.25,12885.073761697342,133.92857142857142,59.659090909090914,-14.869614127539535,-63.424058266019124,48.55444413847959,13048.420819299488,12570.579180700512,12809.5,477.8416385989767,68.85370962658826,67.42990611800968,71.7013166437454,-34.69387755102041,64.65297659532732,77.48569499807125,133121.4,2559880,111643.65,178.0,0.14174118696299587,
2025-05-20,12940,12960,12800,12840,133035,128677,,,,12966.0,12878.5,12809.25,13108.5,12880.781022488072,134.64285714285714,58.98876404494382,-17.68011973510511,-54.27527055983632,36.59515082473121,13048.02483337369,12570.47516662631,12809.25,477.5496667473817,58.26202364618993,64.37394529406977,46.03818035043025,-57.142857142857146,23.146477343474057,73.35243180790062,132956.85,2426845,111427.35,2918.0,2.320311071175829,
2025-05-21,12825,12930,12825,12870,115812,126182,,,,12924.0,12894.5,12813.75,13102.25,12879.75425844159,130.71428571428572,56.287425149700596,-17.28743757880875,-46.87770396363081,29.59026638482206,13053.593699104233,12573.906300895767,12813.75,479.6873982084653,52.56683929353839,60.43824329389265,36.82403129282987,-51.02040816326531,25.000698809664712,63.283036755650805,132216.55,2542657,110928.25,-2495.0,-1.9389634511218001,
2025-05-22,12870,12920,12850,12880,117615,123141,,,,12901.0,12912.0,12818.25,13096.416666666666,12879.777662399532,126.42857142857143,60.0,-15.985051985373502,-40.699173567979344,24.71412158260584,13059.590009115775,12576.909990884225,12818.25,482.6800182315492,47.865072349538416,56.24718631244124,31.100844423732767,-48.97959183673469,26.206939793163016,77.12187159956473,131297.15,2660272,110230.65,-3041.0,-2.410010936583662,
2025-05-23,12890,12940,12830,12875,109100,117183,,,,12883.0,12927.5,12827.5,13089.75,12879.32264693291,128.21428571428572,63.57615894039735,-15.181358976436968,-35.59561064967087,20.4142516732339,13062.233891886115,12592.766108113885,12827.5,469.4677837722302,39.72254823302561,50.7389736193027,17.68969746047145,-50.0,22.53232986926851,90.45220834624446,130007.65,2551172,108926.75,-5958.0,-4.838356030891422,
2025-05-26,12855,12935,12820,12875,140112,97361,,,,12868.0,12926.0,12831.75,13085.5,12878.910966272633,124.28571428571429,60.14492753623188,-14.378678026683701,-31.352224125073434,16.973546098389733,13066.70296281776,12596.79703718224,12831.75,469.90592563552127,34.29419882201707,45.257382020207494,12.367832425636223,-55.056179775280896,18.067181532748574,77.6620972701897,129711.4,2551172,107157.95,-19822.0,-16.91542288557214,
2025-05-27,12860,12880,12825,12855,98902,92426,,,,12871.0,12918.5,12835.5,13080.333333333334,12876.633731389526,115.71428571428571,60.58394160583942,-15.181378957484412,-28.118055091555632,12.93667613407122,13069.366808697874,12601.633191302126,12835.5,467.7336173957483,28.591965881344716,39.702243307253234,6.371411029527678,-59.550561797752806,6.012967306022531,79.29854729434565,127679.35,2452270,105409.55,-4935.0,-5.0687647004447385,
2025-05-28,12855,12860,12665,12680,175163,102719,,,,12833.0,12878.5,12835.5,13071.416666666666,12857.906709352428,120.35714285714286,48.538011695906434,-29.59738249064867,-28.41392057137424,-1.1834619192744285,13069.366808697874,12601.633191302126,12835.5,467.7336173957483,20.412661938914496,33.27238285114032,-5.3067798855371535,-96.7032967032967,-46.855669722186995,24.4019138755981,127599.85,2277107,104094.75,10293.0,11.13647674896674,
2025-05-29,12660,12730,12600,12690,139550,101554,,,,12795.0,12848.0,12831.75,13062.416666666666,12841.915594176007,125.0,48.23529411764706,-39.75695924750653,-30.6825283066007,-9.074430940905827,13072.675299626258,12590.824700373742,12831.75,481.850599252517,20.837356955260265,29.127374219180304,4.257322427420192,-82.6923076923077,-70.63112024964855,0.0,125266.4,2416657,104008.55,-1165.0,-1.1341621316406925,
2025-05-30,12715,12740,12680,12685,124523,90669,,,,12757.0,12820.0,12830.0,13053.0,12826.97125187353,115.35714285714286,35.036496350364956,-47.662531245074206,-34.0785288942954,-13.584002350778803,13074.820019821225,12585.179980178775,12830.0,489.6400396424506,21.761941673877214,26.67223003741261,11.941364946806416,-83.65384615384616,-57.86264929579896,0.0,124227.1,2292134,103674.95,-10885.0,-10.718435512141323,
2025-06-03,12655,12690,12595,12630,75047,85193,,,,12708.0,12788.0,12828.0,13042.75,12808.212085028432,115.71428571428571,28.57142857142857,-57.700657097922885,-38.8029545350209,-18.897702562901983,13078.9015323735,12577.0984676265,12828.0,501.80306474700046,17.889603627995438,23.74468790094022,6.179435082105869,-93.33333333333333,-81.86249750693665,0.0,121880.9,2217087,103204.85,-5476.0,-6.039550452745701,
2025-06-04,12640,12730,12620,12720,95686,74015,,,,12681.0,12776.0,12827.25,13032.916666666666,12799.810934073343,108.57142857142857,21.875,-57.72824108978239,-42.5880118459732,-15.140229243809188,13079.408575837553,12575.091424162447,12827.25,504.3171516751063,24.00369710465396,23.831024302178133,24.34904270960562,-76.19047619047619,-58.84060048136127,0.0,119159.55,2312773,102437.95,-11178.0,-13.12079630955595,
2025-06-05,12710,12740,12640,12690,68912,68854,,,,12683.0,12758.0,12826.25,13020.75,12789.352749875881,105.35714285714286,23.931623931623918,-59.485143179246734,-45.9674381126279,-13.51770506661883,13080.516230139741,12571.983769860259,12826.25,508.5324602794826,25.18120869778863,24.281085767381633,26.98145455860262,-78.4090909090909,-56.466687367363924,4.931814807745296,113560.45,2243861,101813.5,-5161.0,-6.97291089643991,
2025-06-06,12705,12740,12660,12680,75548,62862,,,,12681.0,12738.0,12825.0,13009.0,12778.938202268655,105.71428571428571,24.778761061946895,-60.981460848435745,-48.97024265978947,-12.011218188646275,13082.007065231579,12567.992934768421,12825.0,514.0141304631579,25.120805798525755,24.560992444429672,26.240432506717923,-79.76190476190476,-53.674847937698615,6.963262258723274,111145.3,2168313,101411.75,-5992.0,-8.70247189705754,
2025-06-09,12665,12690,12550,12640,76193,61030,,,,12672.0,12714.5,12821.0,12994.833333333334,12765.705992528783,108.92857142857143,23.728813559322035,-64.64972727474196,-52.106139582779974,-12.543587691961989,13087.213210949818,12554.786789050182,12821.0,532.4264218996359,25.83811295659293,24.986699281817423,27.540940306143938,-78.04878048780488,-74.54958059563269,4.445472515456115,111750.1,2092120,101074.75,-1832.0,-2.914320257071046,
2025-06-10,12665,12670,12455,12460,214653,188420,,,,12638.0,12673.0,12799.5,12977.333333333334,12736.59113609747,112.85714285714286,21.212121212121204,-81.14595051729157,-57.9141017696823,-23.23184874760927,13108.299031904677,12490.700968095323,12799.5,617.5980638093533,17.63693127147348,22.536776611702777,7.837240591014883,-98.96907216494846,-94.68735892680925,0.0,116757.15,1877467,107804.4,127390.0,208.73340979845975,
2025-06-11,12455,12635,12435,12600,201940,187163,,,,12614.0,12647.5,12783.0,12961.25,12723.58245646914,119.64285714285714,32.467532467532465,-81.97751060171504,-62.726783536088845,-19.250727065626194,13097.649345345446,12468.350654654554,12783.0,629.2986906908918,29.790741066228218,24.95476476321126,39.462693672262134,-67.32673267326733,-75.17342038211744,26.56831562563444,120881.15,2079407,110911.85,-1257.0,-0.6671266319923541,
2025-06-12,12580,12625,12545,12585,132634,181372,,,,12593.0,12638.0,12758.25,12944.583333333334,12710.384127281603,120.35714285714286,30.967741935483872,-82.89138234191341,-66.75970329725376,-16.13167904465965,13051.69191570861,12464.80808429139,12758.25,586.8838314172208,36.25393666710296,28.721155397841827,51.319499205625235,-70.29702970297029,-60.73339898008435,23.028071086933284,120367.4,1946773,113392.55,-5791.0,-3.0940944524291636,
2025-06-13,12585,12605,12500,12550,130382,180346,,,,12567.0,12624.0,12736.0,12926.833333333334,12695.109448492878,120.0,29.8136645962733,-85.45477037378441,-70.4987167125599,-14.956053661224516,13021.225672425411,12450.774327574589,12736.0,570.4513448508224,36.73759712233094,31.393302639338195,47.42618608831643,-77.0,-66.64878393068017,21.84695373019753,120457.5,1816391,116025.35,-1026.0,-0.5656881988399531,
2025-06-16,12570,12590,12495,12550,104997,181026,,,,12549.0,12610.5,12715.25,12908.5,12681.289501017367,118.57142857142857,29.8136645962733,-86.48927928338344,-73.6968292267246,-12.792450056658836,12990.538843523349,12439.961156476651,12715.25,550.577687046698,37.060037425816255,33.28221423483088,44.61568380778699,-74.15730337078652,-63.783161699995425,21.84695373019753,120958.1,1816391,118797.6,680.0,0.3770529981258264,
2025-06-17,12550,12570,12465,12480,105310,186878,,,,12553.0,12595.5,12691.75,12892.166666666666,12662.119072349047,122.14285714285714,28.070175438596493,-91.89820473354484,-77.33710432808866,-14.561100405456187,12962.873879241093,12420.626120758907,12691.75,542.2477584821863,29.624724404096085,32.06305095791929,24.74807129644968,-89.41176470588235,-72.256605939492,25.09727626459147,121755.7,1711081,121853.55,5852.0,3.2326848077071757,
2025-06-18,12470,12540,12440,12525,130738,185884,,,,12538.0,12576.0,12676.0,12876.0,12649.06011307771,115.35714285714286,39.31034482758621,-91.49895026020931,-80.16947351451279,-11.329476745696525,12947.459990267058,12404.540009732942,12676.0,542.9199805341159,29.585881843167883,31.23732791966882,26.282989690166005,-70.49180327868852,-66.34288511815971,66.97297789100176,121640.85,1841819,124713.9,-994.0,-0.5318978156872434,
2025-06-19,12505,12590,12505,12575,121673,179438,,,,12536.0,12564.5,12661.25,12861.75,12642.006768975072,112.14285714285714,42.48366013071896,-86.15481698041549,-81.36654220769333,-4.788274772722161,12920.091040429312,12402.408959570688,12661.25,517.6820808586235,38.02457482354983,33.49974355429582,47.07423736205784,-54.09836065573771,-41.65168646430322,100.00000000000001,121933.9,1963492,127376.7,-6446.0,-3.4677540831916653,
2025-06-20,12575,12585,12490,12505,131240,180475,,,,12527.0,12547.0,12642.5,12847.666666666666,12628.958505263161,114.64285714285714,39.156626506024104,-86.57004227994548,-82.40724222214376,-4.162800057801718,12888.638600236367,12396.361399763633,12642.5,492.27720047273397,35.278794563217616,34.09276055726975,37.65086257511335,-77.04918032786885,-49.29153132462232,84.35922460792895,122615.15,1832252,130243.4,1037.0,0.5779154917018747,
2025-06-23,12505,12555,12370,12390,187168,192515,,,,12495.0,12522.0,12618.25,12831.0,12606.200552380955,121.07142857142857,36.516853932584276,-95.08259723222727,-84.94231322416047,-10.1402840080668,12863.505505866631,12372.994494133369,12618.25,490.5110117332624,26.034919645918663,31.40681358681939,15.29113176411721,-94.5945945945946,-79.95190380622712,71.94934404619926,126518.55,1645084,134010.0,12040.0,6.671284111372766,
2025-06-24,12375,12475,12315,12440,209087,185907,,,,12487.0,12520.0,12596.5,12815.75,12590.371928344674,124.64285714285714,33.529411764705884,-96.6798115426227,-87.28981288785292,-9.389998654769784,12822.264199296993,12370.735800703007,12596.5,451.5283985939859,30.797473312332873,31.203700161990554,29.985019613017514,-70.58823529411765,-87.25994039766726,57.9050279329609,129967.3,1854171,138437.3,-6608.0,-3.4324598083266267,
2025-06-25,12445,12580,12445,12540,175419,159994,,,,12490.0,12514.0,12580.75,12801.25,12585.574601835657,127.5,41.84782608695652,-88.852218064525,-87.60229392318733,-1.2499241413376723,12771.876163897876,12389.623836102124,12580.75,382.2523277957516,46.39371784040583,36.26703938812898,66.64707474495953,-47.05882352941177,-33.54795553873436,97.01086956521738,133793.15,2029590,141815.7,-25913.0,-13.938689774995028,
2025-06-26,12560,12680,12540,12635,250977,117031,,,,12502.0,12519.0,12578.5,12787.833333333334,12590.281782613214,131.78571428571428,47.76119402985074,-74.12857966357114,-84.9075510712641,10.77897140769295,12765.72629145109,12391.27370854891,12578.5,374.45258290218044,60.15288951917466,44.228989431810874,92.00068969390222,-14.666666666666666,23.51593982591784,100.0,137583.85,2280567,142531.3,-42963.0,-26.85288198307436,
2025-06-27,12625,12635,12555,12620,142077,107173,,,,12525.0,12526.0,12575.0,12772.583333333334,12593.112089031003,127.5,48.97959183673469,-62.94477658973483,-80.51499617495824,17.570219585223413,12755.962339786638,12394.037660213362,12575.0,361.9246795732761,67.95580762465525,52.13792882942566,99.59156521511443,-16.438356164383563,17.37222323065829,100.0,137710.2,2138490,142812.25,-9858.0,-8.423409182182496,
2025-06-30,12665,12735,12600,12610,146051,101013,,,,12569.0,12532.0,12571.25,12760.0,12594.720461504241,121.78571428571429,59.25925925925925,-54.26293912060828,-75.26458476408826,21.001645643479975,12745.602184415706,12396.897815584294,12571.25,348.70436883141156,68.71657016246859,57.66414260710663,90.82142527319247,-29.761904761904763,48.03554565147542,100.0,138786.6,1992439,143329.45,-6160.0,-5.747716309145023,
2025-07-01,12610,12620,12480,12560,113478,99607,,,,12593.0,12540.0,12567.75,12743.583333333334,12591.413750884789,117.5,47.22222222222223,-50.831152623477465,-70.37789833596611,19.546745712488644,12739.933347810293,12395.566652189707,12567.75,344.36669562058523,65.2554912194235,60.19459214454559,75.37728936917934,-41.666666666666664,-9.054426155382602,61.40625000000003,140708.15,1878961,144050.15,-1406.0,-1.3919000524684977,
2025-07-02,12560,12695,12550,12670,106769,94775,,,,12619.0,12554.5,12565.25,12728.75,12598.898155562427,122.14285714285714,55.214723926380366,-38.78822983941791,-64.05996463665647,25.271734797238565,12729.389703013212,12401.110296986788,12565.25,328.2794060264241,71.67826398755217,64.02248275888111,86.9898264448943,-15.476190476190476,49.10940875044488,87.03220858895706,141262.3,1985730,145088.15,-4832.0,-4.851064684208939,
2025-07-03,12680,12715,12640,12710,85411,94683,,,,12634.0,12568.0,12566.25,12716.75,12609.479283604102,120.0,59.75609756097561,-25.71997717567683,-56.39196714446055,30.67198996878372,12733.798107781182,12398.701892218818,12566.25,335.0962155623638,79.13471567424114,69.05989373066778,99.28435956138784,-5.9523809523809526,82.77250968480651,100.0,142087.25,2071141,146379.6,-92.0,-0.09707201266156984,
2025-07-04,12745,12795,12720,12730,102164,91359,,,,12656.0,12590.5,12568.75,12713.75,12620.957447070377,119.28571428571429,60.714285714285715,-13.592770932851636,-47.83212790213877,34.23935696928714,12744.724729046986,12392.775270953014,12568.75,351.94945809397177,81.5759215606052,73.23190300731358,98.26395866718843,-13.541666666666666,112.43711463340456,100.0,143418.05,2173305,147804.45,-3324.0,-3.510661892842437,
2025-07-07,12710,12720,12595,12640,111639,90442,,,,12662.0,12615.5,12568.75,12711.5,12622.771023539866,121.42857142857143,59.30232558139535,-11.115982327413803,-40.488898787193776,29.372916459779972,12744.724729046986,12392.775270953014,12568.75,351.94945809397177,72.9553762784987,73.13972743104196,72.58667397341219,-32.291666666666664,50.79831569307517,94.8060817368175,145190.35,2061666,149275.05,-917.0,-1.0037325277203135,
2025-07-08,12635,12790,12625,12700,103281,90238,,,,12690.0,12641.5,12580.75,12712.25,12630.126164155117,126.07142857142857,60.0,-4.2624757866578875,-33.2436141870866,28.981138400428712,12758.225721097138,12403.274278902862,12580.75,354.95144219427675,71.91734079942242,72.73226522050211,70.28749195726303,-19.791666666666668,73.73849179330436,97.3724884080371,139621.75,2164947,144365.95,-204.0,-0.225558921739899,
2025-07-09,12675,12775,12670,12770,98636,87766,,,,12710.0,12664.5,12589.25,12713.833333333334,12643.44748185463,127.5,60.893854748603346,6.739701426602551,-25.24695106434877,31.98665249095132,12785.860087014353,12392.639912985647,12589.25,393.2201740287055,78.6327245541123,74.69908499837217,86.50000366559254,-5.208333333333333,81.24153147766776,100.0,134456.55,2263583,139396.1,-2472.0,-2.73942241627696,
2025-07-10,12755,12875,12755,12865,101032,85345,,,,12741.0,12687.5,12603.25,12716.583333333334,12664.547721677998,129.28571428571428,69.56521739130434,22.8611827027853,-15.625324310921958,38.486507013707254,12835.272571497284,12371.227428502716,12603.25,464.04514299456787,84.91126784620144,78.10314594764858,98.52751164330715,-1.7857142857142858,107.51104574521631,100.0,132876.45,2364615,134594.75,-2421.0,-2.758471389832051,
2025-07-11,12850,12870,12685,12710,156045,78056,,,,12737.0,12696.5,12611.25,12715.0,12668.876510089618,129.28571428571428,66.66666666666666,22.866774213151075,-7.9269046061073505,30.793678819258425,12846.55215737039,12375.94784262961,12611.25,470.60431474077996,76.01679459788957,77.40769549772891,73.2349927982109,-29.464285714285715,64.5329138306934,91.95647030991245,134159.6,2208570,129480.25,-7289.0,-8.540629210850081,
2025-07-14,12670,12740,12650,12715,92687,66494,,,,12752.0,12707.0,12619.5,12712.583333333334,12673.269223414418,124.28571428571429,65.02732240437157,23.00942540545475,-1.7396386037949307,24.74906400924968,12857.316824689224,12381.683175310776,12619.5,475.63364937844744,67.60093998833665,74.13877699459815,54.52526597581365,-37.2093023255814,37.2067048718911,83.62798671381118,133544.1,2301257,123753.65,-11562.0,-14.81244234908271,
2025-07-15,12695,12750,12650,12695,66368,54791,,,,12751.0,12720.5,12630.25,12710.5,12675.338821184472,121.42857142857143,59.2814371257485,21.26353189053043,2.8609954950701413,18.402536395460288,12860.843627519569,12399.656372480431,12630.25,461.1872550391381,56.972055230319675,68.41653640650533,34.08309287794836,-45.56962025316456,32.00275760294266,53.97313481145816,131597.0,2234889,117149.3,-11703.0,-17.600084218124945,
2025-07-16,12675,12750,12650,12670,151703,100817,,,,12731.0,12720.5,12637.5,12707.583333333334,12674.830362024046,118.57142857142857,52.287581699346404,17.65904515501461,5.820605427059036,11.838439727955574,12863.226896002558,12411.773103997442,12637.5,451.45379200511525,46.90994158211788,61.24767146504285,18.234481816267945,-51.89873417721519,24.776927627976818,22.670906200317944,132645.25,2083186,112895.95,46026.0,84.00284718293149,
2025-07-17,12650,12735,12600,12730,152176,104645,,,,12704.0,12722.5,12645.25,12706.75,12680.08461325985,122.5,56.79012345679012,19.42009919237171,8.54050418012157,10.879595012250139,12872.579461818146,12417.920538181854,12645.25,454.65892363629246,47.34472295950716,56.613355296530955,28.807458285459575,-36.70886075949367,21.191927768747753,42.8228228228228,134170.4,2235362,109156.3,3828.0,3.796978684150498,
2025-07-18,12720,12780,12685,12725,162130,107630,,,,12707.0,12722.0,12656.25,12705.666666666666,12684.362269139865,119.64285714285714,57.14285714285714,20.179670313465977,10.868337406790452,9.311332906675524,12876.175226527472,12436.324773472528,12656.25,439.8504530549435,46.71466379118659,53.31379146141617,33.516408450727425,-37.9746835443038,36.5010332534765,44.40154440154438,135714.9,2073232,105514.05,2985.0,2.8525013139662603,
2025-07-21,12740,12960,12735,12905,255058,122622,,,,12745.0,12748.5,12682.0,12709.25,12705.37538636464,126.42857142857143,68.44919786096257,34.90378249878631,15.675426425189626,19.228356073596686,12890.992571008743,12473.007428991257,12682.0,417.9851420174855,59.38384993486513,55.33714428589916,67.47726123279708,-13.414634146341463,93.19552805327304,93.54066985645937,139109.4,2328290,102019.4,14992.0,13.929201895382338,
2025-07-22,12905,12945,12835,12930,192092,124058,,,,12792.0,12771.5,12706.5,12711.583333333334,12726.768206710864,123.92857142857143,65.29411764705883,48.03630592034824,22.147602324221353,25.888703596126888,12910.875814822137,12502.124185177863,12706.5,408.75162964427363,70.14478884546564,60.273025805754656,89.8883149248876,-8.219178082191782,107.15935145691742,75.27960526315793,138259.65,2520382,98926.95,1436.0,1.171078599272568,
2025-07-23,12950,13045,12835,12900,226003,122384,,,,12838.0,12784.5,12724.5,12713.583333333334,12743.2664727384,133.57142857142858,61.3095238095238,55.384735314215504,28.795028922220183,26.58970639199532,12930.537809509251,12518.462190490749,12724.5,412.07561901850204,69.23510267600331,63.26038476250421,81.18453850300152,-32.22222222222222,105.13127945410002,52.21745770676689,140788.85,2294379,97046.45,-1674.0,-1.349368843605414,
2025-07-24,12930,12960,12870,12935,144303,120333,,,,12879.0,12791.5,12739.5,12717.833333333334,12761.526808668075,133.92857142857142,61.988304093567244,63.30290950811104,35.69660503939836,27.606304468712686,12961.189683543182,12517.810316456818,12739.5,443.37936708636335,71.25036807613704,65.92371253371515,81.90367916098083,-24.444444444444443,88.82716528987349,56.14612188365648,135455.15,2438682,97211.55,-2051.0,-1.6758726630932141,
2025-07-25,12925,13045,12865,13030,200473,124753,,,,12940.0,12823.5,12760.0,12722.25,12787.095684033022,137.14285714285714,72.67441860465117,76.3635541385629,43.82999485923127,32.533559279331634,13009.272626064847,12510.727373935153,12760.0,498.54525212969384,79.70998321180672,70.519136093079,98.09167744926214,-3.3707865168539324,99.41356429352786,100.0,138374.95,2639155,98090.55,4420.0,3.6731403688098796,
2025-07-28,13045,13130,12760,12840,349991,112413,,,,12927.0,12836.0,12771.5,12724.25,12792.134190315592,151.78571428571428,57.070707070707066,70.56931783320579,49.177859454026176,21.39145837917961,13012.727125994967,12530.272874005033,12771.5,482.45425198993325,68.23432843051265,69.75753353889021,65.18791821375751,-54.716981132075475,61.73370109989279,23.46183173769378,148571.95,2289164,98660.55,-12340.0,-9.891545694291926,
2025-07-29,12840,12930,12830,12920,138761,103270,,,,12925.0,12858.5,12789.5,12728.416666666666,12804.311886476013,151.42857142857142,57.49999999999999,71.60723163575312,53.66373389037157,17.943497745381556,13017.64815131263,12561.35184868737,12789.5,456.29630262525825,65.61533845053044,68.37680184277029,60.092411666050765,-39.62264150943396,50.85514416231037,25.567567567567533,149836.1,2427925,98843.7,-9143.0,-8.133400941172287,
2025-07-30,12915,12995,12885,12920,153403,102650,,,,12929.0,12883.5,12802.0,12731.5,12815.329802049726,150.71428571428572,53.03867403314917,71.60437513762736,57.251862139822734,14.352512997804624,13029.975067888901,12574.024932111099,12802.0,455.95013577780264,61.34655522170194,66.03338630241417,51.97289306027747,-39.62264150943396,62.937320190567135,3.6842023963380433,152167.8,2427925,99237.45,-620.0,-0.6003679674639328,
2025-07-31,12885,12905,12765,12805,147342,94448,,,,12903.0,12891.0,12806.75,12733.083333333334,12814.346011378324,148.57142857142858,55.49132947976879,61.61234369165686,58.12395845018956,3.4883852414672987,13030.575002131016,12582.924997868984,12806.75,447.65000426203187,46.804876476915226,59.62388302724786,21.16686337624995,-61.320754716981135,9.61811100359843,15.7147859440066,155264.35,2280583,99225.7,-8202.0,-7.990258158792008,
2025-08-01,12820,12915,12805,12840,124683,89339,,,,12865.0,12902.5,12812.25,12735.333333333334,12816.789248389912,150.0,56.98324022346369,55.873716847188916,57.67391012958944,-1.800193282400521,13033.525608092814,12590.974391907186,12812.25,442.5512161856277,38.41045819181736,52.552741415437694,10.125891744576705,-54.716981132075475,20.743623626027397,23.032795847282465,156390.3,2405266,99124.7,-5109.0,-5.40932576655938,
2025-08-04,12805,12945,12755,12925,122249,87475,,,,12882.0,12904.5,12826.5,12738.75,12827.09503425754,156.42857142857142,61.979166666666664,57.52153095084395,57.64343429384034,-0.12190334299639005,13037.54003112406,12615.45996887594,12826.5,422.08006224811834,40.71808323898935,48.607855356621585,24.938539003724884,-38.679245283018865,27.395585871791962,47.53844361602981,156920.8,2527515,98976.35,-1864.0,-2.0864348157019874,
2025-08-05,12920,12985,12920,12960,79826,85949,,,,12890.0,12907.5,12839.5,12739.916666666666,12839.752650042536,153.92857142857142,64.94845360824743,60.94906016651839,58.304559468375956,2.644500698142437,13049.760490069373,12629.239509930627,12839.5,420.5209801387464,45.367611048215124,47.5277739204861,41.04728530367319,-32.075471698113205,61.64877089863274,60.65356743529511,155748.05,2607341,98761.9,-1526.0,-1.7444984281223208,
2025-08-06,12940,12975,12885,12935,82019,84046,,,,12893.0,12911.0,12847.75,12740.0,12848.82382622896,150.71428571428572,60.962566844919785,60.94556812562041,58.832761199824844,2.1128069257955673,13059.47163949767,12636.02836050233,12847.75,423.4432789953389,46.24507403214342,47.100207291038544,44.53480751435319,-43.82022471910113,45.032913202827814,40.35443006969454,154917.2,2525322,98575.9,-1903.0,-2.214103712666815,
2025-08-07,12980,13015,12915,13000,85499,81584,,,,12932.0,12917.5,12854.5,12738.666666666666,12863.221557064297,151.07142857142858,63.81909547738693,65.4334809924294,60.15290515834576,5.280575834083635,13076.877109764855,12632.122890235145,12854.5,444.7542195297101,52.60782713254005,48.93608057153905,59.951320254542054,-32.91139240506329,61.57796996202377,54.90202525797642,154140.55,2610821,98387.85,-2462.0,-2.9293482140732463,
2025-08-08,13000,13030,12945,12985,86671,71190,,,,12961.0,12913.0,12868.25,12738.5,12874.819504010553,140.35714285714286,54.81927710843374,67.00739015027284,61.52380215673118,5.483587993541661,13086.984999485683,12649.515000514317,12868.25,437.4699989713663,62.950672633814584,53.607611258964226,81.6367953835153,-38.666666666666664,59.81472098740536,9.06817191882204,150671.85,2524150,98044.55,-10394.0,-12.740243184938226,
2025-08-11,13050,13280,13000,13225,202613,135260,,,,13021.0,12951.5,12893.75,12742.833333333334,12908.170027438118,153.57142857142858,64.11483253588517,86.62219202436245,66.54348013025744,20.078711894105012,13152.509693436537,12634.990306563463,12893.75,517.5193868730748,71.80838493047956,59.674535816136,96.07608315916667,-10.476190476190476,120.31806134370578,56.40814109392722,156168.15,2726763,101482.85,64070.0,89.99859530832983,
2025-08-12,13210,13250,13180,13200,130429,143674,,,,13069.0,12979.5,12919.0,12747.0,12935.963358158297,143.57142857142858,64.42307692307692,99.00846480862856,73.03647706593166,25.971987742696896,13194.13824276458,12643.86175723542,12919.0,550.2764855291607,76.12622487428796,65.15843216885332,98.06181028515721,-15.238095238095237,115.24945169149488,57.977953667467794,159371.2,2596334,105927.0,8414.0,6.220612154369354,
2025-08-13,13200,13240,13115,13130,160324,144226,,,,13108.0,13000.5,12942.0,12751.833333333334,12954.443038333697,146.07142857142858,59.06976744186047,102.00046240531992,78.82927413380932,23.1711882715106,13206.18494319421,12677.81505680579,12942.0,528.3698863884201,74.56034039238244,68.29240157669636,87.0962180237546,-28.571428571428573,87.14721988728412,30.714869949288424,159802.25,2436010,108097.45,552.0,0.38420312652254207,
2025-08-14,13150,13155,13000,13025,160562,135237,,,,13113.0,13022.5,12956.75,12754.416666666666,12961.162748968583,144.28571428571428,49.76958525345621,94.80615325850886,82.02464995874924,12.78150329975962,13203.460463157891,12710.039536842109,12956.75,493.4209263157827,66.84975073777878,67.81151796372384,64.92621628588864,-48.57142857142857,44.72069408974194,0.0,160221.55,2275448,109627.05,-8989.0,-6.232579423959617,
2025-08-15,13025,13080,12965,13010,143960,134252,,,,13118.0,13039.5,12971.0,12756.583333333334,12965.813915733479,126.07142857142857,59.34065934065934,86.89259306361419,82.99823857972224,3.894354483891945,13193.038403506198,12748.961596493802,12971.0,444.0768070123959,55.11502369860358,63.579353208683756,38.186364678443226,-51.42857142857143,23.467976859121364,63.05525460455037,159313.05,2131488,110958.15,-985.0,-0.7283509690395373,
2025-08-18,13015,13070,12970,13010,121765,134400,,,,13075.0,13048.0,12976.25,12758.833333333334,12970.022114235051,126.07142857142857,55.421686746987945,79.70228130905525,82.33904712558885,-2.6367658165335968,13196.677216774015,12755.822783225985,12976.25,440.8544335480292,47.29187233915344,58.15019291884032,25.575231179779706,-51.42857142857143,19.612419123108747,37.236646114976296,152648.4,2131488,111547.05,148.0,0.11024044334535521,
2025-08-19,13000,13025,12855,12885,134082,133538,,,,13012.0,13040.5,12974.0,12759.0,12961.92477002219,130.35714285714286,48.167539267015705,63.18904809612286,78.50904731969565,-15.319999223572793,13197.314741305208,12750.685258694792,12974.0,446.62948261041674,33.880856069239556,50.0604139689734,1.5217402697718683,-75.23809523809524,-26.0430956028966,0.0,149747.9,1997406,112021.05,-862.0,-0.6413690476190448,
2025-08-20,12870,12895,12765,12820,149736,135764,,,,12950.0,13029.0,12970.0,12758.416666666666,12948.408125258173,128.57142857142858,50.828729281767956,44.34604146950733,71.67644614965799,-27.330404680150664,13201.607653723187,12738.392346276813,12970.0,463.21530744637494,26.14710792965485,42.08931195586722,-5.737300122769881,-87.61904761904762,-65.9826117566843,15.858432744713705,145934.55,1847670,112690.05,2226.0,1.6669412451886245,
2025-08-21,12830,12860,12785,12795,99736,138810,,,,12904.0,13008.5,12963.0,12760.333333333334,12933.797827614537,126.07142857142857,47.486033519553075,27.083332101427004,62.7578233400118,-35.67449123858479,13207.18284779627,12718.81715220373,12963.0,488.36569559253985,19.3731528592521,34.51725892366218,-10.915059269568061,-92.38095238095238,-66.47801025257542,0.0,143706.2,1747934,113613.9,3046.0,2.2435991868241967,
2025-08-22,12780,12810,12700,12750,113666,144460,,,,12852.0,12985.0,12949.0,12761.333333333334,12916.293272603629,120.35714285714286,39.76608187134504,9.660031803341553,52.13826503267775,-42.4782332293362,13208.627263186045,12689.372736813955,12949.0,519.2545263720895,15.945738269804432,28.326752039042933,-8.81628926867257,-91.37931034482759,-81.08693088070729,0.0,139365.85,1634268,114599.25,5650.0,4.0703119371803265,
2025-08-25,12770,12905,12760,12880,156339,141999,,,,12826.0,12950.5,12951.0,12764.583333333334,12912.836770450902,126.78571428571429,45.78947368421053,6.26958248941628,42.964528524025454,-36.694946034609174,13207.6915002796,12694.3084997204,12951.0,513.383000559199,21.74160329098073,26.131702456355534,12.961404960231121,-68.96551724137932,-40.919141529450954,24.428734321550728,129683.25,1790607,116078.55,-2461.0,-1.7035857676865551,
2025-08-26,12860,12910,12830,12840,102727,133659,,,,12817.0,12914.5,12947.0,12768.083333333334,12905.899935169864,126.07142857142857,45.07772020725389,0.35091613247459463,34.44180604571528,-34.09088991324069,13208.17951076244,12685.82048923756,12947.0,522.3590215248805,24.75081245039741,25.671405787702824,22.909625775786594,-75.86206896551724,-35.33877967852701,21.54211543119797,127881.55,1687880,117598.0,-8340.0,-5.8732807977521,
2025-08-27,12850,12915,12845,12850,128526,128304,,,,12823.0,12886.5,12943.5,12770.25,12900.576131820355,124.28571428571429,41.75824175824176,-3.492493875186483,26.85494606153493,-30.34743993672141,13208.05722692036,12678.94277307964,12943.5,529.1144538407207,29.65843637044038,27.000415981948677,34.974477147423784,-74.13793103448276,-29.868706916852815,8.079491773904522,126637.7,1816406,118880.7,-5355.0,-4.006464211164229,
2025-08-28,12825,12855,12750,12850,121866,127116,,,,12834.0,12869.0,12945.75,12772.916666666666,12895.759357361272,125.71428571428571,42.45810055865922,-6.463912042154334,20.191174440797077,-26.65508648295141,13206.079244975426,12685.420755024574,12945.75,520.6584899508525,33.285804427140434,29.09554546367926,41.66632235406278,-74.13793103448276,-49.75717365246448,10.917870087843882,125363.9,1816406,120514.1,-1188.0,-0.92592592592593,
2025-08-29,12855,12875,12760,12815,109373,99772,,,,12847.0,12849.5,12944.5,12775.166666666666,12888.067989993533,112.85714285714286,20.28985507246378,-11.510306195283192,13.850878313581024,-25.361184508864216,13207.19654296205,12681.80345703795,12944.5,525.3930859241009,33.98540807963209,30.72549966899687,40.50522490090251,-79.0909090909091,-49.064091553159884,0.0,124598.4,1707033,121035.75,-27344.0,-21.511060763397218,
2025-09-01,12830,12970,12765,12950,164893,99418,,,,12861.0,12843.5,12945.75,12780.333333333334,12893.966276660816,122.5,34.375,-4.563631458329837,10.167976359198853,-14.73160781752869,13208.293730693227,12683.206269306773,12945.75,525.0874613864544,53.52113625061892,38.324045196204224,83.91531835944832,-53.7037037037037,-19.43565348648993,36.06877039151711,126730.6,1871926,121632.9,-354.0,-0.35480896443892407,
2025-09-02,12940,13030,12935,12960,130629,91035,,,,12885.0,12851.0,12945.75,12788.666666666666,12900.255202693119,120.35714285714286,38.513513513513516,1.7286479675840383,8.48011068087589,-6.751462713291852,13208.293730693227,12683.206269306773,12945.75,525.0874613864544,61.943383763038874,46.19715805181578,93.43583518548508,-42.857142857142854,11.005757013954476,46.666538071513585,129270.75,2002555,121887.2,-8383.0,-8.432074674606206,
2025-09-03,12940,12990,12885,12915,87549,99616,,,,12898.0,12860.5,12944.75,12793.916666666666,12901.659469103299,116.78571428571429,41.91176470588235,3.049053238972192,7.393899192495152,-4.3448459535229595,13207.61828801152,12681.88171198848,12944.75,525.7365760230387,63.01276089253096,51.802358998720834,85.43356468015122,-43.421052631578945,-6.288495619108807,55.36866663467994,129547.25,1915006,122665.7,8581.0,9.426044927775035,
2025-09-04,12930,12930,12855,12855,99009,99743,,,,12899.0,12866.5,12937.5,12798.416666666666,12897.21571014108,113.92857142857143,39.31034482758621,-0.7375130383079522,5.767616746334531,-6.505129784642484,13201.945795858755,12673.054204141245,12937.5,528.8915917175109,54.50850726168731,52.704408419709665,58.116704945642596,-58.108108108108105,-23.567579792527333,54.14033043120588,130222.75,1815997,123573.65,127.0,0.1274895599100656,
2025-09-05,12855,12890,12630,12850,153413,99439,,,,12906.0,12876.5,12930.75,12803.416666666666,12892.71897584193,125.35714285714286,39.04109589041096,-4.094651710953258,3.7951630548769737,-7.889814765830232,13196.976555676496,12664.523444323504,12930.75,532.453111352992,54.67233817445821,53.36038500462585,57.29624451412293,-45.0,-52.76263343110832,61.401218294531304,133559.85,1662584,124986.1,-304.0,-0.3047832930631711,
2025-09-08,12860,12885,12780,12855,69046,98956,,,,12887.0,12874.0,12912.25,12808.5,12889.126692428412,120.71428571428571,47.540983606557376,-6.279365466320087,1.7802573506375616,-8.05962281695765,13141.19437384612,12683.30562615388,12912.25,457.8887476922391,55.19822544963881,53.97299848629683,57.648679376322775,-43.75,-30.484416716196524,89.2342276513621,126881.5,1731630,123170.9,-483.0,-0.485724916783159,
2025-09-09,12930,12980,12880,12950,109512,123179,,,,12885.0,12885.0,12899.75,12816.333333333334,12894.924150292374,120.35714285714286,60.15625,-0.3411284887133661,1.3559801827673763,-1.6971086714807424,13085.830769107344,12713.669230892656,12899.75,372.16153821468833,63.465483633092546,57.137160201895405,76.12213049548681,-20.0,17.128342687300478,100.0,125835.65,1841142,122146.15,24223.0,24.478556125954974,
2025-09-10,12940,12955,12860,12915,115463,123168,,,,12885.0,12891.5,12889.0,12822.833333333334,12896.836135978814,121.78571428571429,59.230769230769226,1.5232010919025925,1.3894243645944198,0.1337767273081727,13040.747713066967,12737.252286933033,12889.0,303.4954261339335,66.0603224220617,60.11154760861751,77.95787204895011,-28.75,12.765712952438546,97.67854411989599,123592.6,1725679,121093.25,-11.0,-0.008930093603620737,
2025-09-11,12905,12930,12860,12870,112848,97554,,,,12888.0,12893.5,12881.25,12827.75,12894.280313504642,118.92857142857143,59.230769230769226,-0.623243836012989,0.9868907244729381,-1.6101345604859272,13018.932892718633,12743.567107281367,12881.25,275.365785437265,64.04021494804114,61.42110338842538,69.27843806727267,-40.0,4.413695040191628,97.67854411989599,121206.9,1612831,119209.1,-25614.0,-20.795985970381913,
2025-09-12,12880,12980,12840,12950,138100,96949,,,,12908.0,12907.0,12878.25,12835.166666666666,12899.586950313724,117.85714285714286,55.833333333333336,4.083937418026835,1.6063000631837174,2.4776373548431176,13006.405949407053,12750.094050592947,12878.25,256.3118988141068,69.3601432986941,64.06745002518161,79.94552984571908,-20.0,36.75777606635364,89.15648963362682,120913.9,1750931,117343.95,-605.0,-0.6201693421079568,
2025-09-15,12945,13100,12925,13070,180934,96349,,,,12951.0,12919.0,12881.25,12846.5,12915.81676456956,124.64285714285714,66.91176470588235,17.298008914289312,4.744641833404836,12.553367080884476,13024.33168443604,12738.16831556396,12881.25,286.16336887207945,77.44576929132798,68.52688978056374,95.28352831285648,-6.382978723404255,116.39055245579877,99.99999999999999,123872.35,1931865,115441.4,-600.0,-0.6188820926466443,
2025-09-16,13080,13140,12940,12970,230776,95745,,,,12955.0,12920.0,12885.5,12855.333333333334,12920.977072705791,133.57142857142858,57.79220779220778,19.476577648803868,7.691028996484643,11.785548652319225,13033.997740546347,12737.002259453653,12885.5,296.9954810926938,73.85273508310755,70.30217154807833,80.95386215316597,-33.333333333333336,92.61891000747237,80.43933209647494,128707.05,1701089,113551.75,-604.0,-0.6268876687874236,
2025-09-17,12970,12995,12885,12935,170126,95265,,,,12959.0,12922.0,12891.25,12861.916666666666,12922.312589590954,133.92857142857142,55.27950310559005,18.169455402072344,9.786714277602183,8.382741124470162,13037.964007511218,12744.535992488782,12891.25,293.42801502243674,69.16979724494752,69.92471344703472,67.65996484077311,-40.19607843137255,35.34759630849361,75.04979591836732,129726.55,1530963,111526.8,-480.0,-0.5013316622277886,
2025-09-18,12920,12985,12850,12875,175834,90146,,,,12960.0,12924.0,12895.25,12865.916666666666,12917.806628677528,135.35714285714286,53.6144578313253,12.151972668567396,10.259765955795226,1.89220671277217,13035.117418424892,12755.382581575108,12895.25,279.7348368497842,54.90949445959464,64.91964045122137,34.88920247634118,-51.96078431372549,8.559173157071298,59.13144101831055,133531.45,1355129,109093.6,-5119.0,-5.373432005458456,
2025-09-19,12880,12905,12830,12860,116925,89732,,,,12942.0,12925.0,12900.75,12869.916666666666,12912.301235470144,126.07142857142857,43.66197183098591,6.102355453786004,9.428283855393381,-3.325928401607378,13024.26326372415,12777.23673627585,12900.75,247.02652744829902,39.83213609134267,56.557138997928476,6.382130278171047,-54.90196078431372,-24.930333670867853,18.129490730245703,133694.4,1238204,106357.2,-414.0,-0.4592549863554729,
2025-09-22,12860,12970,12855,12910,138615,130017,40.0,0.31,8948683264.0,12910.0,12930.5,12902.25,12874.916666666666,12912.082070187273,127.5,46.666666666666664,5.281688343018686,8.598964752918443,-3.3172764098997565,13025.43044103117,12779.06955896883,12902.25,246.36088206234126,35.156907931862854,49.42372864257327,6.623266510442008,-45.09803921568628,9.368461103219678,27.360558968798937,132808.2,1376819,105758.1,40285.0,44.894797842464214,
2025-09-23,12910,12955,12865,12890,139017,123891,-20.0,-0.15,8972889856.0,12894.0,12924.5,12904.75,12880.416666666666,12909.979015883722,126.42857142857143,48.275862068965516,2.983083759447254,7.475788554224206,-4.492704794776952,13024.59529501338,12784.90470498662,12904.75,239.6905900267593,29.88955152446771,42.91233626987142,3.8439820336602963,-49.01960784313726,1.0080110365182835,33.13435439851452,134622.7,1237802,105269.7,-6126.0,-4.7116915480283295,
2025-09-24,12905,12950,12870,12895,122330,116704,-10.0,-0.08,7895661824.0,12886.0,12922.5,12907.0,12884.166666666666,12908.552442942417,126.78571428571429,52.985074626865675,1.5470478747774905,6.290040418334863,-4.7429925435573725,13024.17732850595,12789.82267149405,12907.0,234.3546570118997,26.915614994806432,37.58009584484976,5.586653294719781,-48.03921568627451,0.9478573625090557,50.03101586394017,134312.9,1360132,104689.7,-7187.0,-5.801067067018584,
2025-09-25,12910,12950,12855,12930,129897,109896,25.0,0.19,8389986560.0,12897.0,12928.5,12911.0,12887.833333333334,12910.59506742409,115.0,55.71428571428571,3.196341151748129,5.671300565017517,-2.4749594132693877,13025.413837955868,12796.586162044132,12911.0,228.82767591173615,28.696431501913967,34.61887439720449,16.851545711332918,-58.333333333333336,2.722203608190124,51.838370983137125,134714.45,1490029,103828.7,-6808.0,-5.833561831642442,
2025-09-26,12920,12925,12805,12840,175317,98722,-75.0,-0.58,11268342528.0,12893.0,12917.5,12912.25,12889.666666666666,12903.871727669415,116.42857142857143,49.044585987261144,-2.727390225576528,3.9915624068987086,-6.718952632475236,13022.726241789816,12801.773758210184,12912.25,220.95248357963283,22.61354139928593,30.61709673123164,6.606430735394497,-89.55223880597015,-48.52926961921729,23.15123487438469,138011.65,1314712,103776.2,-11174.0,-10.167795006187664,
2025-09-29,12850,12855,12740,12760,163271,87251,-90.0,-0.7,10438244352.0,12863.0,12886.5,12902.75,12891.666666666666,12890.169658367566,115.71428571428571,37.66233766233766,-13.719175319196438,0.44941486167967915,-14.168590180876118,13030.832004981192,12774.667995018808,12902.75,256.1640099623837,17.690073351157938,26.30808893787374,0.45404217772633615,-95.0,-96.56317692466429,0.0,137930.55,1151441,103167.85,-11471.0,-11.619497173882209,
2025-09-30,12765,12840,12720,12730,128152,67834,-55.0,-0.43,8193243136.0,12831.0,12862.5,12891.25,12892.166666666666,12874.915405189702,117.5,37.90849673202615,-24.567791272100294,-4.554026365076316,-20.013764907023976,13037.67673756417,12744.82326243583,12891.25,292.8534751283405,13.051243869325418,21.889140581690967,-4.624549555405679,-97.61904761904762,-97.25836831354673,0.8415859542206497,137806.7,1023289,102007.8,-19417.0,-22.254186198438987,
2025-10-09,12770,12885,12715,12860,88195,60514,75.0,0.59,5645324288.0,12824.0,12855.0,12888.5,12893.666666666666,12873.494890409731,124.64285714285714,49.411764705882355,-22.417073955748492,-8.126635883210751,-14.290438072537741,13035.11442450757,12741.88557549243,12888.5,293.22884901514044,27.65507761223001,23.81111959187065,35.342993652948735,-65.88235294117646,-50.080285531433624,40.16976820111004,137839.0,1111484,100052.7,-7320.0,-10.791048736621756,
2025-10-10,12885,12895,12770,12780,71114,53409,-20.0,-0.16,4565961472.0,12794.0,12845.5,12884.75,12892.25,12864.590615132614,123.57142857142857,39.99999999999999,-26.858340172786484,-11.872976741125898,-14.985363431660586,13038.628797144143,12730.871202855857,12884.75,307.7575942882868,26.933450434297132,24.851896539346143,31.096558224199114,-84.70588235294117,-49.936183169115985,7.992164544564128,136444.25,1040370,97736.0,-7105.0,-11.741084707670957,
2025-10-13,12800,12810,12610,12655,209989,176416,-205.0,-1.59,13322560256.0,12757.0,12825.0,12875.0,12891.333333333334,12844.629604167603,125.35714285714286,25.73099415204679,-40.00339672262635,-17.49906073742599,-22.50433598520036,13059.76158178925,12690.23841821075,12875.0,369.5231635784985,22.303459709821276,24.002417596171185,18.90554393712145,-91.50943396226415,-117.44301119242279,0.0,139273.05,830381,101584.85,123007.0,230.3113707427587,
2025-10-14,12660,12685,12535,12565,150756,190251,-120.0,-0.95,9493790464.0,12718.0,12790.5,12860.5,12888.833333333334,12817.998213294497,121.78571428571429,26.03550295857987,-57.02583821640292,-25.404416233221376,-31.62142198318154,13091.582122563435,12629.417877436565,12860.5,462.1642451268708,17.27861169409772,21.761148962146695,8.313537157999768,-93.47826086956522,-133.24873913106438,1.0155949886321969,143358.55,679625,106149.6,13835.0,7.842259205514246,
2025-10-15,12540,12585,12525,12560,113216,193490,-30.0,-0.24,7109166848.0,12684.0,12757.5,12841.0,12886.583333333334,12793.426954885497,118.21428571428571,26.993865030674854,-70.11150219908995,-34.345833426395096,-35.76566877269486,13103.910831391862,12578.089168608138,12841.0,525.8216627837246,14.264172501947499,19.262156808746965,4.268203888348566,-92.3913043478261,-119.44618633244913,4.2119154129779695,143543.75,566409,109665.15,3239.0,1.7024877661615534,
2025-10-16,12565,12615,12495,12615,125870,201245,60.0,0.48,7897427968.0,12635.0,12729.5,12826.0,12885.666666666666,12776.433911563068,117.14285714285714,33.95061728395062,-75.17734717470921,-42.51213617605792,-32.66521099865129,13104.8812235381,12547.1187764619,12826.0,557.7624470761984,18.811773916027015,19.112029177840316,18.21126339240041,-74.73684210526316,-94.74159446979256,27.414011950094427,144064.1,692279,113569.0,7755.0,4.007959067652078,
2025-10-17,12610,12650,12595,12630,116914,197724,9469.0,299.56,7375037440.0,12605.0,12699.5,12814.0,12884.0,12762.487824747539,115.71428571428571,35.80246913580247,-77.09301093424256,-49.42831112769485,-27.66469980654771,13105.287522995122,12522.712477004878,12814.0,582.5750459902447,23.791182610684675,20.671746988788435,30.03005385447716,-71.57894736842105,-68.0769404146625,33.590291322250074,144267.4,809193,118577.5,-3521.0,-1.749608685930082,
2025-10-20,12620,12660,12565,12595,124780,198194,-20.0,-0.16,7869363712.0,12593.0,12675.0,12796.25,12881.833333333334,12746.536603343011,114.28571428571429,30.188679245283026,-80.5073570599834,-55.64412031415256,-24.863236745830847,13095.791316015006,12496.708683984994,12796.25,599.0826320300112,24.194121740456453,21.84587190601111,28.89062140934714,-78.26086956521739,-66.46438392587645,14.86723058401721,143601.4,684413,123639.75,470.0,0.23770508385425604,
2025-10-21,12600,12725,12600,12665,126078,188332,55.0,0.44,7985278720.0,12613.0,12665.5,12776.0,12877.833333333334,12738.77121254844,117.14285714285714,36.68639053254437,-76.68090622334239,-59.85147749599053,-16.82942872735186,13051.405920511223,12500.594079488777,12776.0,550.8118410224452,30.2960811603043,24.662608324108838,41.56302683269523,-62.637362637362635,-43.216754415322,36.53833788647426,140858.6,810491,128238.9,-9862.0,-4.975932672028415,
2025-10-22,12660,12730,12645,12710,99210,179530,45.0,0.36,6297415424.0,12643.0,12663.5,12763.0,12874.166666666666,12736.031097067636,117.5,39.54802259887005,-69.21937458525281,-61.72505691384299,-7.494317671409817,13024.018249009128,12501.981750990872,12763.0,522.0364980182567,38.11405410686953,29.14642358502907,56.049315150550456,-52.747252747252745,-28.26245282925064,46.082427001525346,134280.3,909701,132428.15,-8802.0,-4.6736614064524336,
2025-10-23,12700,12820,12665,12765,151385,166411,70.0,0.55,9630719744.0,12673.0,12654.0,12754.5,12871.916666666666,12738.790040204052,121.78571428571429,40.88397790055248,-58.19715607010585,-61.01947674509557,2.8223206749897187,13002.691352324015,12506.308647675985,12754.5,496.3827046480292,53.10167709688737,37.13150808898183,85.04201511269844,-37.2093023255814,-3.9550645830678013,63.98855862420983,133343.25,1061086,135985.45,-13119.0,-7.307413802707064,
2025-10-24,12770,12840,12765,12810,137431,144179,90.0,0.71,8800069376.0,12709.0,12657.0,12751.25,12869.833333333334,12745.571941137,118.21428571428571,48.25581395348837,-45.30855573977897,-57.877292544032244,12.568736804253277,12994.449614785017,12508.050385214983,12751.25,486.39922957003364,65.83590067328723,46.69963895041696,104.10842411902776,-21.25,20.608587457030815,95.11861005634906,131423.1,1198517,138687.1,-22232.0,-13.359693770243553,
2025-10-27,12820,12870,12780,12815,158384,115124,10.0,0.08,10152114432.0,12753.0,12673.0,12749.0,12866.25,12752.18413721919,116.42857142857143,53.5031847133758,-34.29545228166171,-53.160924491558134,18.865472209896424,12988.771821354787,12509.228178645213,12749.0,479.54364270957376,72.3350448933026,55.24477426471217,106.51558615048343,-20.0,28.772691792398543,100.0,133496.05,1356901,139956.7,-29055.0,-20.15203323646301,
2025-10-28,12800,12825,12730,12750,97090,100253,-65.0,-0.51,6199103488.0,12770.0,12691.5,12741.0,12864.75,12751.976124150695,114.64285714285714,51.21951219512195,-30.461306241466445,-48.621000841539804,18.159694600073358,12968.517494989545,12513.482505010455,12741.0,455.034989979089,70.8900299288684,60.459859486097585,91.75037081441005,-36.25,9.963504354256155,91.77712498691508,131419.8,1259811,138468.5,-14871.0,-12.91737604669747,
2025-10-29,12750,12820,12740,12805,93841,98223,40.0,0.31,5995019008.0,12789.0,12716.0,12736.75,12862.833333333334,12757.026017088723,108.21428571428571,46.30872483221476,-22.722743888132754,-43.4413494508584,20.718605562725642,12955.557172979705,12517.942827020295,12736.75,437.61434595940955,73.48952814930024,64.80308237383181,90.8624197002371,-22.5,22.388873610966375,74.09473384797067,129161.0,1353652,137185.1,-2030.0,-2.0248770610355793,
2025-10-30,12805,12820,12675,12725,105051,89093,-50.0,-0.39,6703111424.0,12781.0,12727.0,12728.25,12859.583333333334,12753.97592022313,109.64285714285714,46.30872483221476,-22.782585418846793,-39.30959664445608,16.527011225609286,12933.990638976158,12522.509361023842,12728.25,411.4812779523163,66.47935756401438,65.36184077055933,68.71439115092448,-38.666666666666664,4.128574611570804,74.09473384797067,128297.05,1248601,135804.55,-9130.0,-9.295175264449263,
2025-10-31,12710,12725,12625,12655,119880,82014,-105.0,-0.82,7600047104.0,12750.0,12729.5,12714.5,12857.083333333334,12744.549642106642,102.5,50.0,-28.153884789990116,-37.07845427356288,8.924569483572768,12899.144751375521,12529.855248624479,12714.5,369.28950275104216,51.109695166133044,60.6111255690839,32.10683436023133,-57.333333333333336,-27.69140249297413,87.24615806805707,127796.2,1128721,134410.45,-7079.0,-7.945629847462765,
2025-11-03,12675,12690,12575,12630,107662,77047,-45.0,-0.36,6803189760.0,12713.0,12733.0,12704.0,12853.583333333334,12733.6401523822,100.0,55.2,-34.03562777547086,-36.46988897394448,2.434261198473621,12882.37276166855,12525.62723833145,12704.0,356.74552333710017,40.287819376292084,53.83669017148663,13.190077785903,-64.0,-43.306902975191036,100.0,124413.45,1021059,133326.7,-4967.0,-6.056283073621582,
2025-11-04,12625,12640,12520,12545,111422,76075,-90.0,-0.71,7003764224.0,12672.0,12721.0,12693.25,12847.25,12715.674423583896,104.28571428571429,48.93617021276596,-45.03658734785131,-38.183228648725844,-6.853358699125465,12882.966547567825,12503.533452432175,12693.25,379.43309513564964,29.239498631813774,45.637626324929016,-3.5567567544167105,-86.66666666666667,-70.35894857011053,74.95602152056394,121821.0,909637,132767.9,-972.0,-1.2615676145729227,
2025-11-05,12555,12605,12505,12535,90380,74412,-35.0,-0.28,5674625536.0,12618.0,12703.5,12683.5,12840.166666666666,12698.467335623525,102.85714285714286,43.93939393939394,-53.94005610287422,-41.33459413955552,-12.605461963318703,12884.944781515933,12482.055218484067,12683.5,402.8895630318657,22.232725115273112,37.835992588377046,-8.973809830934755,-91.78082191780823,-71.97753353461188,54.97796309504213,119932.4,819257,133096.8,-1663.0,-2.1860006572461343,
2025-11-06,12545,12570,12485,12535,79499,68991,-20.0,-0.16,4981397625.0,12580.0,12680.5,12667.25,12833.5,12682.899017945096,105.0,42.63565891472869,-60.30100676731854,-45.127876665108126,-15.173130102210415,12861.034334818516,12473.465665181484,12667.25,387.56866963703214,19.150821072519737,31.607602083091276,-5.762740948623339,-87.01298701298701,-73.43791740900105,49.76538340982349,119497.6,819257,133520.65,-5421.0,-7.2851153039832255,
2025-11-07,12610,12620,12545,12570,64374,108548,,,,12563.0,12656.5,12656.75,12826.333333333334,12672.146730521754,104.28571428571429,48.06201550387597,-61.805443820459914,-48.463390096178486,-13.342053724281428,12847.545426404418,12465.954573595582,12656.75,381.59085280883664,21.100547381679824,28.105250515954125,7.091141113131222,-77.92207792207792,-44.18245422558866,61.44466313458958,119160.6,883631,136277.6,39557.0,57.33646417648679,12580.0
2025-11-10,12555,12630,12520,12610,98839,120218,,,,12559.0,12636.0,12654.5,12820.083333333334,12666.227994281588,102.85714285714286,45.52845528455285,-59.08891508636407,-50.58849509421561,-8.500419992148458,12846.440231925411,12462.559768074589,12654.5,383.8804638508227,26.50484253306018,27.57178118832281,24.37096522253492,-67.53246753246754,-36.43264375239363,38.208799645027966,113603.1,982470,133467.7,11670.0,10.751004164056454,12570.0
2025-11-11,12610,12640,12510,12520,104543,125896,,,,12554.0,12613.0,12652.25,12808.333333333334,12652.301518635722,106.07142857142857,35.606060606060595,-63.466689837869126,-53.164134042946316,-10.30255579492281,12849.586874671879,12454.913125328121,12652.25,394.67374934375766,21.152482086716738,25.432014821120788,12.593416617908638,-90.9090909090909,-50.490673983975654,0.0,111292.45,877927,130249.95,5678.0,4.723086393052611,12555.0
2025-11-12,12520,12545,12460,12485,85852,137838,,,,12544.0,12581.0,12648.5,12796.416666666666,12636.368040670415,101.07142857142857,28.125,-68.96532601254876,-56.32437243686681,-12.640953575681948,12855.816183642286,12441.183816357714,12648.5,414.63236728457196,17.24630881252814,22.703446151589908,6.3320341344046085,-93.90243902439025,-77.05260890422679,0.0,109924.25,792075,127467.35,11942.0,9.485607167821053,12495.0
2025-11-13,12470,12520,12445,12475,118571,150646,,,,12532.0,12556.0,12641.5,12785.5,12620.999655844662,101.07142857142857,22.31404958677686,-73.28516545410639,-59.71653104031473,-13.568634413791663,12862.576314520817,12420.423685479183,12641.5,442.1526290416332,15.57917186141332,20.32868805486438,6.080139474511199,-92.94117647058823,-78.41669495937154,0.0,109559.3,673504,124937.4,12808.0,9.292067499528422,12475.0
2025-11-14,12470,12480,12355,12380,119652,167736,,,,12494.0,12528.5,12629.0,12774.75,12598.04730766898,103.57142857142857,18.705035971223012,-83.41284404274302,-64.4557936408004,-18.957050401942624,12879.17046819698,12378.82953180302,12629.0,500.3409363939609,13.310091182462681,17.989155764063813,3.9519620192604137,-94.68085106382979,-96.88628235652303,0.0,109696.2,553852,123438.0,17090.0,11.34447645473493,12410.0
2025-11-17,12360,12440,12310,12415,137113,172728,5.0,0.04,8487558912.0,12455.0,12507.0,12620.0,12764.833333333334,12580.614230748124,106.07142857142857,24.812030075187977,-87.60503844645973,-69.08564260193226,-18.519395844527466,12887.66042901998,12352.33957098002,12620.0,535.3208580399587,19.479454727702393,18.485922085276673,21.466520012553836,-79.41176470588235,-90.08017709640403,16.733799488470464,110312.85,690965,122164.7,4992.0,2.97610530834167,
2025-11-18,12415,12420,12325,12365,92400,177321,-15.0,-0.12,5710593280.0,12424.0,12489.0,12605.0,12754.083333333334,12560.079542105446,107.14285714285714,16.666666666666657,-93.87977721351126,-74.04446952424807,-19.83530768926319,12894.754887339013,12315.245112660987,12605.0,579.5097746780266,18.54185870735715,18.504567625970168,18.616440870131115,-89.2156862745098,-84.2073020541237,0.0,108628.95,598565,121614.15,4593.0,2.659094066972356,
2025-11-19,12340,12380,12310,12335,88679,183832,-25.0,-0.2,5472338944.0,12394.0,12469.0,12586.25,12744.916666666666,12538.643395238261,101.78571428571429,18.032786885245898,-100.11919046731782,-79.25941371286203,-20.859776754455794,12895.287129433378,12277.212870566622,12586.25,618.0742588667563,14.886491663490625,17.298542305143652,10.062390380184574,-93.97590361445783,-81.9938424550864,3.5452946848942215,108102.4,509886,121829.25,6511.0,3.6718719159039237,
2025-11-20,12330,12380,12255,12285,119724,192398,-55.0,-0.45,7370976768.0,12356.0,12444.0,12562.25,12736.0,12514.486881406046,103.57142857142857,18.644067796610173,-107.85526420785209,-84.97858381186005,-22.87668039599204,12886.99240803897,12237.50759196103,12562.25,649.4848160779402,12.521730373063015,15.706271661116773,6.152647796955499,-93.10344827586206,-82.03803268395126,5.131663832033344,106519.35,390162,123128.6,8566.0,4.659689281517898,
2025-11-21,12315,12420,12285,12290,178634,171197,-20.0,-0.16,11040896768.0,12338.0,12416.0,12536.25,12727.583333333334,12493.107178414995,105.0,20.175438596491233,-112.28831042384991,-90.44052913425801,-21.847781289591893,12860.739477568432,12211.760522431568,12536.25,648.9789551368631,11.378123279011707,14.263555533748418,5.607258769538287,-90.9090909090909,-67.5580095204592,10.873337189126705,108579.5,568796,124479.5,-21201.0,-11.019345315439866,
2025-11-24,12280,12385,12265,12335,147594,162927,-25.0,-0.2,9097050368.0,12322.0,12388.5,12512.25,12720.666666666666,12478.04935189928,105.0,30.188679245283026,-110.8921123261407,-94.53084577263455,-16.361266553506155,12820.530033325824,12203.969966674176,12512.25,616.5600666516475,16.78081781819171,15.102642961896182,20.137167530782772,-79.22077922077922,-63.65186056672844,43.070114139296564,108040.0,716390,126869.65,-8270.0,-4.830692126614366,
2025-11-25,12350,12450,12315,12405,150286,147237,80.0,0.65,9301106944.0,12330.0,12377.0,12495.0,12712.75,12471.092270766016,107.5,38.983050847457626,-102.95045156780907,-96.21476693166946,-6.735684636139609,12785.353686317045,12204.646313682955,12495.0,580.7073726340896,30.055136407096356,20.08680744362957,49.991794334029926,-61.03896103896104,-39.39214436116563,71.08181627955639,110699.8,866676,129218.85,-15690.0,-9.630079728958362,
2025-11-26,12410,12475,12410,12455,151599,131410,80.0,0.65,9434820864.0,12354.0,12374.0,12477.5,12706.333333333334,12469.559673550204,106.42857142857143,43.75,-91.56652417518308,-95.2851183803722,3.7185942051891203,12728.739034848451,12226.260965151549,12477.5,502.4780696969028,49.66638723436053,29.94666737387322,89.10582695533516,-48.05194805194805,-15.188195099921804,86.26543209876544,113587.7,1018275,130878.2,-15827.0,-10.749336104375939,
2025-11-27,12435,12450,12380,12410,126697,122062,-35.0,-0.28,7858597120.0,12379.0,12367.5,12461.75,12699.0,12463.88732368828,105.71428571428571,37.69230769230769,-85.19374317896109,-93.26684334008998,8.073100161128892,12685.669040820801,12237.830959179199,12461.75,447.8380816416029,56.59577330775551,38.82970268516731,92.1279145529319,-59.74025974025974,-24.89225963518664,72.84940411700975,114670.0,891578,132526.65,-9348.0,-7.113613880222203,
2025-11-28,12420,12425,12325,12365,123220,117426,-40.0,-0.32,7613762304.0,12394.0,12366.0,12447.25,12690.916666666666,12454.469483337014,105.0,31.297709923664115,-82.81969831663628,-91.17741433539925,8.357716018762972,12655.487592035743,12239.012407964257,12447.25,416.4751840714853,54.39718220517034,44.018862525168316,75.15382156517438,-71.42857142857143,-40.19964399241694,54.022313564298294,114837.0,768358,134297.25,-4636.0,-3.798069833363371,
2025-12-01,12375,12470,12330,12445,163599,108469,90.0,0.73,10140534016.0,12416.0,12369.0,12438.0,12684.75,12453.567627781109,105.71428571428571,44.1860465116279,-73.63411105052,-87.6687536784234,14.034642627903395,12627.6645237754,12248.3354762246,12438.0,379.32904755080017,65.05266692465901,51.03013065833188,93.09773945731327,-34.48275862068966,-14.879125127622062,100.00000000000001,117633.85,931957,135868.35,-8957.0,-7.627782603512001,
2025-12-02,12460,12490,12395,12465,95108,102135,70.0,0.56,5916644608.0,12428.0,12379.0,12434.0,12676.666666666666,12454.656425135288,106.42857142857143,48.412698412698404,-64.00284910640767,-82.93557276402026,18.9327236576126,12617.435059496907,12250.564940503093,12434.0,366.8701189938147,73.15567865899253,58.405313325218756,102.65640932654006,-20.754716981132077,7.511694446090048,100.00000000000001,116818.15,1027065,137171.35,-6334.0,-5.839456434557344,
2025-12-03,12475,12500,12435,12465,80361,96947,25.0,0.2,5008845824.0,12430.0,12392.0,12430.5,12668.416666666666,12455.641527503356,105.71428571428571,49.193548387096776,-55.72761141109004,-77.49398049343422,21.766369082344184,12608.408906318291,12252.591093681709,12430.5,355.81781263658195,77.13924676556948,64.64995780533566,102.11782468603712,-14.285714285714286,20.1007583598177,100.0,116317.2,1027065,138298.1,-5188.0,-5.079551573897289,
2025-12-04,12465,12480,12400,12425,84742,96076,-40.0,-0.32,5269426944.0,12433.0,12406.0,12425.0,12660.25,12452.72328678875,102.5,53.98230088495575,-51.79997377047221,-72.35517914884183,20.55520537836962,12595.972450843317,12254.027549156683,12425.0,341.9449016866347,74.12119997137256,67.80703852734796,86.74952285942177,-30.612244897959183,4.349397835128443,100.0,116579.35,942323,139652.35,-871.0,-0.898429038546833,
2025-12-05,12450,12530,12440,12500,109509,89414,65.0,0.52,6840649984.0,12460.0,12427.0,12421.5,12654.333333333334,12457.225830904108,100.71428571428571,57.02479338842975,-42.14954571847011,-66.31405246276749,24.164506744297384,12582.552459580238,12260.447540419762,12421.5,322.10491916047613,78.09630385688403,71.23679363719332,91.81532429626546,-10.909090909090908,44.34439920459233,100.0,118836.1,1051832,138695.65,-6662.0,-6.934093842374789,
2025-12-08,12500,12575,12480,12510,101640,85685,9561.0,324.21,6373221888.0,12473.0,12444.5,12416.5,12648.666666666666,12462.251942246574,100.71428571428571,62.83185840707965,-33.310611538488956,-59.713364277911786,26.40275273942283,12557.925077802987,12275.074922197013,12416.5,282.8501556059746,76.73086923792269,73.06815217076976,84.05630337222854,-20.3125,73.83199120476536,100.00000000000001,118976.15,1153472,136969.0,-3729.0,-4.170487843067083,
2025-12-09,12510,12565,12495,12500,69080,78164,-40.0,-0.32,4327584000.0,12480.0,12454.0,12415.5,12642.75,12465.846995365948,100.71428571428571,65.13761467889908,-26.80363334575486,-53.131418091480406,26.327784745725545,12554.09824560294,12276.90175439706,12415.5,277.1964912058793,74.48724615861514,73.54118350005155,76.37937147574232,-23.4375,77.8400009364733,100.0,117203.0,1084392,134582.4,-7521.0,-8.777498978817766,
2025-12-10,12510,12595,12500,12555,79931,71481,30.0,0.24,5018214400.0,12498.0,12464.0,12419.0,12636.166666666666,12474.337757712048,98.57142857142857,74.54545454545455,-17.01265460961804,-45.907665395107934,28.895010785489895,12568.123756446934,12269.876243553066,12419.0,298.2475128938677,78.05322583413849,75.04519761141387,84.06928227958772,-12.121212121212121,92.65940728363664,99.99999999999999,116906.95,1164323,131264.55,-6683.0,-8.549971854050453,
2025-12-11,12550,12565,12485,12500,69415,64258,-55.0,-0.44,4348931840.0,12513.0,12473.0,12420.25,12629.25,12476.781780787092,94.64285714285714,67.5,-13.535247854983027,-39.43318188708295,25.897934032099926,12571.75039082806,12268.74960917194,12420.25,303.0007816561192,73.4191316881678,74.50317563699852,71.25104379050634,-28.78787878787879,65.42117761200181,84.11639597834493,114449.15,1094908,126945.15,-7223.0,-10.104783089212521,
2025-12-12,12635,12645,12515,12565,120808,112227,-90.0,-0.71,7590426624.0,12526.0,12493.0,12429.5,12624.166666666666,12485.183515950226,96.42857142857143,68.54838709677419,-5.471350849444207,-32.6408156795552,27.169464830110996,12592.78534919937,12266.21465080063,12429.5,326.5706983987402,71.61275445877853,73.53970191092519,67.75885955448521,-24.242424242424242,90.75007089756994,86.13322497825996,114506.95,1215716,124169.7,47969.0,74.65062715926423,
2025-12-15,12560,12630,12460,12480,177564,118271,-85.0,-0.68,11143725056.0,12520.0,12496.5,12432.75,12616.333333333334,12484.68984776449,98.92857142857143,55.90551181102362,-5.871758029155899,-27.287004149475344,21.415246120319445,12597.401945502921,12268.098054497079,12432.75,329.30389100584216,58.62619004734895,68.5685312897331,38.74150756258064,-51.5625,52.586923806899506,56.89961893402606,116529.5,1038152,121446.85,6044.0,5.385513290028254,
2025-12-16,12480,12485,12290,12320,210658,141751,-230.0,-1.83,13016062464.0,12484.0,12482.0,12430.5,12603.833333333334,12469.005100358348,107.85714285714286,40.939597315436245,-18.882085500110406,-25.60602041960236,6.723934919491953,12600.202526110908,12260.797473889092,12430.5,339.40505222181673,41.90102810668334,59.67936356204985,6.344357195950323,-91.54929577464789,-44.89613010902998,22.294543856777334,122442.4,827494,119668.35,23480.0,19.852711146434878,
2025-12-17,12320,12405,12310,12380,143017,136601,25.0,0.2,8835317504.0,12449.0,12473.5,12432.75,12594.0,12460.528424133743,109.28571428571429,48.026315789473685,-24.073856760825947,-25.29958768784708,1.2257309270211323,12598.262759883379,12267.237240116621,12432.75,331.0255197667575,36.38472296314101,51.91448336241357,5.325202164595893,-74.64788732394366,-46.35561656466268,38.68087460306737,125159.3,970511,117306.8,-5150.0,-3.6331313359341366,
2025-12-18,12380,12435,12365,12420,101495,133015,65.0,0.53,6293677312.0,12433.0,12473.0,12439.5,12585.416666666666,12456.668574216244,107.14285714285714,53.64238410596026,-24.676254680069178,-25.1749210862915,0.4986664062223234,12589.969440856212,12289.030559143788,12439.5,300.9388817124236,36.46305474538039,46.76400715673584,15.861149922669483,-63.38028169014085,-25.24613302051808,37.799323801141725,124247.85,1072006,114337.65,-3586.0,-2.6251637982152354,
2025-12-19,12435,12835,12415,12720,276896,116737,320.0,2.58,17474752256.0,12464.0,12495.0,12461.0,12582.833333333334,12481.74775762422,127.14285714285714,64.1025641025641,-0.9353840506428241,-20.32701367916177,19.391629628518945,12641.426395548237,12280.573604451763,12461.0,360.8527910964731,50.608397353189375,48.045470555553685,55.73425094846074,-21.10091743119266,117.95007831768287,68.92538591884997,129160.95,1348902,111614.65,-16278.0,-12.237717550652183,
2025-12-22,12720,12855,12705,12850,169487,108021,230.0,1.82,10832842496.0,12538.0,12529.0,12486.75,12582.666666666666,12516.819399755248,131.07142857142858,67.74193548387098,28.046043183818256,-10.652402306565765,38.69844549038402,12728.155424436509,12245.344575563491,12486.75,482.8108488730177,66.77727965138878,54.28940692083205,91.75302511250226,-0.8849557522123894,148.1567973767157,79.75496052662405,130255.6,1518389,108869.35,-8716.0,-7.466355996813345,
2025-12-23,12845,12950,12830,12905,168990,100771,125.0,0.98,10896377856.0,12655.0,12569.5,12511.75,12582.583333333334,12553.788980730938,135.0,69.2982456140351,54.820140952309885,2.442106345209366,52.37803460710052,12813.52152389114,12209.97847610886,12511.75,603.5430477822811,75.57879249486524,61.38586877884312,103.96463992690948,-6.818181818181818,138.59633134195727,84.3860286154748,131190.8,1687379,106546.05,-7250.0,-6.711657918367719,
2025-12-24,12920,13105,12915,13075,244883,106172,180.0,1.4,15921090816.0,12794.0,12621.5,12542.75,12585.666666666666,12603.42812542323,143.57142857142858,75.59055118110237,88.73352078856624,19.700389233880742,69.0331315546855,12934.069965999022,12151.430034000978,12542.75,782.6399319980446,82.49220113154615,68.4213128964108,110.63397760181687,-3.6809815950920246,136.52520429873812,100.0,135855.0,1932262,105284.15,5401.0,5.359676891169096,
2025-12-25,13065,13080,12870,12990,163852,101925,-10.0,-0.08,10613995520.0,12908.0,12670.5,12571.75,12587.25,12640.24449443054,151.07142857142858,69.140625,107.51199763134719,37.262710913374036,70.24928671797315,13005.330867222085,12138.169132777915,12571.75,867.1617344441693,83.62465760507985,73.48909446596714,103.89578388330526,-14.110429447852761,101.76217644512931,81.386006843831,137712.75,1768410,104277.3,-4247.0,-4.000113024149499,
2025-12-26,12965,13010,12895,12955,129760,92451,0.0,0.0,8408120064.0,12955.0,12709.5,12601.25,12587.666666666666,12670.22120924668,152.5,67.04980842911877,118.20724874599,53.451618479897235,64.75563026609277,13055.399001748849,12147.100998251151,12601.25,908.2980034976972,82.94813574489986,76.64210822561138,95.56019078347683,-18.404907975460123,83.16210829475226,75.35207029193448,138039.75,1638650,103028.55,-9474.0,-9.295069904341425,
2025-12-29,12955,13010,12840,12910,169875,84501,-45.0,-0.35,10978392320.0,12967.0,12752.5,12624.5,12588.833333333334,12693.05728455652,159.64285714285714,65.29850746268656,121.64988424896183,67.09127163371016,54.55861261525166,13092.372002289427,12156.627997710573,12624.5,935.7440045788535,80.45598986766909,77.91340210629728,85.54116539041271,-23.926380368098158,67.284320530511,70.29794978136611,138353.55,1468775,101830.15,-7950.0,-8.599149819904595,
2025-12-30,12925,13200,12925,13090,181552,88597,165.0,1.28,11848882432.0,13004.0,12829.5,12655.75,12594.333333333334,12730.861352693993,173.57142857142858,68.25938566552901,137.3197566886247,81.13696864469307,56.18278804393162,13160.780223170645,12150.719776829355,12655.75,1010.0604463412892,82.57944234690913,79.46874885316791,88.80082933439158,-12.087912087912088,87.51041202394335,78.84281759170433,142675.75,1650327,101153.25,4096.0,4.847279913847169,
2025-12-31,13090,13165,13025,13125,145530,73838,75.0,0.57,9538966175.0,13014.0,12904.0,12688.75,12600.916666666666,12768.398366723137,177.85714285714286,71.62629757785467,150.82384755515704,95.07434442678587,55.749503128371174,13226.492601309548,12151.007398690452,12688.75,1075.4852026190965,85.20158152214324,81.37969307615968,92.84535841411036,-8.241758241758241,82.32509013697893,88.55946760191304,145934.2,1795857,99997.8,-14759.0,-16.658577604207814,
