时间,MA5,MA10,MA20,MA60,EMA20,ATR14,RSI14,MACD,MACD_SIGNAL,MACD_HIST,BOLL_UP,BOLL_LOW,BOLL_MID,BOLL_WIDTH,KDJ_K,KDJ_D,KDJ_J,WILLIAMS_R14,CCI20,STOCH_RSI,VOL_MA20,OBV,OI_MA20,OI_CHANGE,OI_CHANGE_PCT
2021-01-08,26810.0,26810.0,26810.0,26810.0,26810.0,4295.0,0.0,0.0,0.0,0.0,26810.0,26810.0,26810.0,0.0,9.89522700814901,9.89522700814901,9.89522700814901,-90.104772991851,0.0,0.0,91056.0,0,14984.0,0.0,0.0
2021-01-11,26420.0,26420.0,26420.0,26420.0,26735.714285714286,2537.5,0.0,-62.222222222222626,-12.444444444444526,-49.7777777777781,27523.086578651015,25316.913421348985,26420.0,2206.1731573020297,6.596818005432675,8.795757340576898,2.198939335144228,-100.0,-35.355339059327335,0.0,57041.0,-23026,16292.0,2616.0,17.458622530699408
2021-01-12,26133.333333333332,26133.333333333332,26133.333333333332,26133.333333333332,26623.74149659864,2026.6666666666667,0.0,-147.75561886673313,-39.50667932890225,-108.24893953783088,27396.08165874633,24870.585007920334,26133.333333333332,2525.4966508259968,6.559218091901844,8.050244257685215,3.5771657603351024,-93.51598173515981,-40.544884866812126,0.0,51161.333333333336,-62428,16592.666666666668,-406.0,-2.306818181818182
2021-01-13,26067.5,26067.5,26067.5,26067.5,26551.956592160674,1717.5,19.871794871794876,-188.35579437035994,-69.27650233719379,-119.07929203316615,27131.627185380894,25003.372814619106,26067.5,2128.254370761788,8.421518301754958,8.17400227237513,8.916550360514613,-87.85388127853881,-23.64982732476775,100.0,42488.5,-45958,16707.0,-144.0,-0.8375014539955816
2021-01-14,25832.0,25832.0,25832.0,25832.0,26393.675011954896,1633.0,12.204724409448815,-296.1951820798058,-114.6602382857162,-181.5349437940896,27231.4570375685,24432.5429624315,25832.0,2798.9140751369996,5.78616684034523,7.378057128365164,2.6023862643053626,-99.48453608247422,-45.14877014235264,61.41732283464564,38834.0,-70174,17109.4,1669.0,9.788856304985337
2021-01-15,25415.0,25647.5,25647.5,25647.5,26234.753582244906,1476.6666666666667,11.46025878003698,-390.4716803469819,-169.82252669796935,-220.64915364901253,27191.43976566445,24103.56023433555,25647.5,3087.879531328901,5.277594613820722,6.6779029568503505,2.4769779277614656,-95.73954983922829,-55.22507858382179,57.67097966728285,35737.833333333336,-90431,17356.833333333332,-125.0,-0.6677707142475509
2021-01-18,25237.0,25575.0,25575.0,25575.0,26130.49133631682,1416.4285714285713,23.23717948717949,-426.7798008657446,-221.2139815315244,-205.5658193342202,27035.696181049752,24114.303818950248,25575.0,2921.3923620995047,7.162555037295272,6.839453650331992,7.8087578112218345,-89.06752411575563,-30.85077424705175,99.99999999999999,33468.857142857145,-70576,17525.14285714286,-59.0,-0.3173066580617445
2021-01-19,25130.0,25506.25,25506.25,25506.25,26025.206447143788,1303.125,22.41112828438949,-459.53653573524934,-268.8784923722694,-190.65804336297992,26913.402646811486,24099.097353188514,25506.25,2814.3052936229724,7.802903786921393,7.160603695861791,9.087503969040597,-90.91639871382637,-34.28121566086354,96.4451313755796,30387.25,-79392,17559.5,-735.0,-3.9654707310493698
2021-01-20,24938.0,25440.0,25440.0,25440.0,25918.996309320573,1223.888888888889,21.641791044776113,-489.13754982691535,-312.9303038631986,-176.20724596371673,26814.981818061606,24065.018181938394,25440.0,2749.9636361232115,7.6135114206485595,7.311572937457381,8.217388387030915,-92.7652733118971,-42.76946801443201,93.13432835820892,27881.11111111111,-87224,17561.0,-227.0,-1.2752808988764075
2021-01-21,24934.0,25383.0,25383.0,25383.0,25819.09189890909,1140.0,21.38643067846607,-509.94589363289197,-352.3334218171373,-157.61247181575465,26728.537480381394,24037.462519618606,25383.0,2691.0749607627877,11.122871920550367,8.582005931821708,16.204603898007683,-93.40836012861736,-34.091247053407564,92.03539823008845,25762.4,-93918,17532.7,-295.0,-1.6787116599328522
2021-01-22,24902.0,25158.5,25308.636363636364,25308.636363636364,25699.65457520346,1083.1818181818182,19.621109607577807,-544.7678622144122,-390.8203098965923,-153.94755231781988,26677.11793756486,23940.154789707867,25308.636363636364,2736.9631478569936,9.26709979888543,8.810370554176282,10.180558288303725,-98.31189710610933,-42.73642781859257,84.43843031123139,24161.0,-102065,17521.727272727272,134.0,0.7755527260099537
2021-01-25,24860.0,25048.5,25277.083333333332,25277.083333333332,25626.354139469797,1058.75,26.847290640394093,-536.7250414482041,-420.00125620691466,-116.72378524128948,26600.06521552449,23954.101451142174,25277.083333333332,2645.9637643823153,14.467308155165242,10.696016421172601,22.009891623150523,-92.44372990353698,-30.390501157554628,100.0,23053.583333333332,-91193,17469.916666666668,-512.0,-2.940500804043189
2021-01-26,24966.0,25048.0,25298.46153846154,25298.46153846154,25619.55850713934,1042.3076923076924,36.60618996798292,-474.44961160062303,-430.8909272856564,-43.55868431496663,26574.466923869353,24022.456153053725,25298.46153846154,2552.0107708156283,31.178795407278294,17.523609416541163,58.48916738875255,-82.39549839228296,-2.9970286445277483,100.0,22648.23076923077,-73409,17509.153846153848,1080.0,6.390532544378691
2021-01-27,25039.0,24988.5,25296.785714285714,25296.785714285714,25586.74341122131,999.6428571428571,34.541792547834845,-442.5876695650477,-433.2302757415347,-9.357393823513007,26522.79617441713,24070.775254154298,25296.785714285714,2452.020920262832,41.36667168566028,25.471296839580866,73.1574213778191,-86.89710610932475,-5.264748359050125,94.36052366565963,21627.071428571428,-81761,17540.071428571428,-38.0,-0.21134593993326067
2021-01-28,25103.0,25018.5,25289.666666666668,25289.666666666668,25548.958324438325,729.6428571428571,33.960396039603964,-419.3615022201957,-430.4565210372669,11.095018817071207,26472.36616156725,24106.967171766086,25289.666666666668,2365.398989801164,45.54653112377352,32.16304160097842,72.31351016936372,-67.69911504424779,-12.200811717310069,92.7722772277228,20765.933333333334,-90471,17542.8,-361.0,-2.0120387916620186
2021-01-29,25304.0,25103.0,25307.1875,25307.1875,25550.962293539436,704.6428571428571,45.053763440860216,-366.07192379080516,-417.5796015879746,51.507677797169436,26458.349051072077,24156.025948927923,25307.1875,2302.3231021441534,58.44834358382801,40.92480892859495,93.49541289429415,-41.26984126984127,2.45845445973092,99.99999999999999,20005.3125,-81875,17556.375,179.0,1.0181445879074102
2021-02-01,25455.0,25157.5,25329.41176470588,25329.41176470588,25563.727789392826,672.1428571428571,51.455180442374854,-310.97528059067554,-396.25873738851476,85.28345679783922,26458.98514851579,24199.838380895973,25329.41176470588,2259.1467676198154,65.8363106885384,49.2286428485761,99.05164636846303,-35.18518518518518,14.71753185114847,100.0,19190.941176470587,-75714,17614.176470588234,779.0,4.386261261261271
2021-02-02,25420.0,25193.0,25332.222222222223,25332.222222222223,25546.22990468875,668.5714285714286,44.28904428904429,-288.5950013815673,-374.7259901871253,86.13098880555805,26428.328819776772,24236.115624667673,25332.222222222223,2192.2131951090996,62.84512215837201,53.76746928517474,81.00042790476652,-45.72271386430678,6.837326950391584,82.08238482417453,18783.055555555555,-87563,17681.777777777777,292.0,1.575057985867634
2021-02-03,25428.0,25233.5,25331.315789473683,25331.315789473683,25524.20800900411,600.7142857142857,56.2962962962963,-272.9569478544108,-354.3721817205825,81.41523386617166,26396.569239259556,24266.06233968781,25331.315789473683,2130.5068995717447,59.434874467237115,55.65660434586219,66.99141470998697,-45.88607594936709,-7.252979032729695,100.00000000000001,18165.315789473683,-94609,17719.526315789473,-432.0,-2.2940895332165034
2021-02-04,25479.0,25291.0,25337.0,25337.0,25516.664389098954,567.8571428571429,60.778443113772454,-247.22392075644893,-332.9425295277558,85.71860877130689,26375.08730998789,24298.91269001211,25337.0,2076.1746199757836,59.99362001519511,57.102276235639835,65.77630757430566,-38.63636363636363,-4.838024471121035,100.0,17460.95,-90531,17751.75,-35.0,-0.19022772976792224
2021-02-05,25599.0,25451.5,25305.0,25376.666666666668,25578.88682823239,544.6428571428571,64.10958904109589,-166.41059273659994,-299.6361421695247,133.22554943292477,26178.275744719725,24431.724255280275,25305.0,1746.551489439451,73.19574667679674,62.466766382692136,94.65370726500596,-0.29850746268656714,70.42551841441973,100.0,13348.25,-81729,17963.2,849.0,4.6231757786974415
2021-02-08,25842.0,25648.5,25348.5,25445.909090909092,25704.707130305498,596.0714285714286,71.98124267291911,-42.96527200610217,-248.3019681368402,205.33669613073803,26434.57986524206,24262.42013475794,25348.5,2172.15973048412,75.12769666408299,66.68707647648908,92.00893703927082,-17.24137931034483,146.40455826469707,100.00000000000001,12869.95,-68269,18068.45,492.0,2.560766147920668
2021-02-09,26135.0,25777.5,25412.75,25506.739130434784,25813.306451228786,604.6428571428571,73.00832342449465,49.853315711592586,-188.67091136715365,238.52422707874624,26687.20953457266,24138.29046542734,25412.75,2548.9190691453186,75.64535519902451,69.67316938400089,87.58972682907176,-19.20415224913495,114.6044854206697,100.0,11217.0,-74612,18177.5,-330.0,-1.6747018523217472
2021-02-10,26413.0,25920.5,25454.5,25556.666666666668,25898.229646349853,603.5714285714286,71.31242740998839,110.83821132275989,-128.76908682917096,239.60729815193085,26841.746041244078,24067.253958755922,25454.5,2774.4920824881556,73.18518352689914,70.84384076496697,77.86786905076346,-24.048442906574394,94.86277745662393,96.82340415755338,10615.3,-79048,18295.6,37.0,0.19096774193547716
2021-02-18,26724.0,26101.5,25560.0,25614.4,26003.160156221296,607.8571428571429,78.34691501746217,180.88805020532163,-66.83765942227245,247.72570962759409,27080.972680470244,24039.027319529756,25560.0,3041.945360940488,76.03517562371663,72.57428571788353,82.95695543538284,-13.84083044982699,92.90064661100334,100.0,9694.65,-73245,18371.9,833.0,4.291160107150227
2021-02-19,27156.0,26377.5,25740.25,25718.846153846152,26224.763950866887,650.7142857142857,82.31939163498099,339.80586642151684,14.491045746485405,325.31482067503146,27649.46994266603,23831.03005733397,25740.25,3818.43988533206,83.39451959820101,76.18103034465602,97.821498105291,-1.7316017316017316,128.60048728648022,100.0,9498.5,-56911,18501.0,931.0,4.598666337367252
2021-02-22,27652.0,26747.0,25952.25,25854.444444444445,26525.262622212897,684.2857142857143,83.64116094986807,544.2023792242726,120.43331244204285,423.76906678222974,28436.00453274823,23468.49546725177,25952.25,4967.509065496459,88.53473502439309,80.29893190456838,105.00634126404253,-1.1337868480725624,137.532797281247,100.00000000000001,9297.25,-41081,18517.05,-2320.0,-10.955799017755952
2021-02-23,28079.0,27107.0,26150.0,25966.071428571428,26759.047134383098,747.5,81.91214470284237,666.231528807919,229.59295571521807,436.6385730927009,28934.479541276873,23365.520458723127,26150.0,5568.959082553745,88.76797326985057,83.12194569299578,100.06002842356014,-10.204081632653061,106.66476965093464,96.51974712919832,9665.8,-57268,18454.65,-2304.0,-12.21892235893084
2021-02-24,28518.0,27465.5,26349.5,26067.241379310344,26962.94740729899,796.7857142857143,81.98275862068965,747.8642639084064,333.2472173538557,414.6170465545507,29325.09175892619,23373.90824107381,26349.5,5951.183517852383,85.50462639205679,83.91617259268278,88.68153399080478,-19.69532100108814,99.83569825620137,95.78573538121927,9774.6,-67276,18360.85,-855.0,-5.165538907684875
2021-02-25,28901.0,27812.5,26551.75,26162.166666666668,27148.85717803242,802.5,80.77276908923643,804.4954465209448,427.49686318727356,376.99858333367126,29651.22240841507,23452.27759158493,26551.75,6198.944816830139,82.04963919619428,83.29399479385329,79.56092800087626,-19.368879216539717,81.07776609737921,92.7109591452111,9805.75,-59959,18240.95,-817.0,-5.204816206918517
2021-02-26,29029.0,28092.5,26772.0,26252.74193548387,27322.29935155314,826.4285714285714,80.55813953488372,844.0840317983348,510.81429690948585,333.2697348888489,29902.91612622786,23641.08387377214,26772.0,6261.8322524557225,79.85883924875996,82.14894294548884,75.2786318553022,-18.171926006528835,73.01890942820073,92.16555124199053,9822.65,-51474,18095.0,-387.0,-2.6008064516129026
2021-03-01,28990.0,28321.0,26984.75,26344.375,27499.699413309983,818.9285714285714,85.99810785241249,882.6325355706722,585.1779446417231,297.4545909289491,30166.503033851157,23802.996966148843,26984.75,6363.506067702314,80.31940770895646,81.53909786664471,77.88002739357995,-13.492927094668117,72.11244805866251,100.0,9542.6,-46203,17950.65,-480.0,-3.3119436969571536
2021-03-02,28944.0,28511.5,27144.5,26417.272727272728,27618.775659661413,847.8571428571429,80.37135278514589,868.0750096308111,641.7573576395407,226.3176519912704,30344.776139401263,23944.223860598737,27144.5,6400.552278802526,76.15806042385715,79.74541871904886,68.98334383347375,-23.161361141602633,56.088562008644374,77.68901717933772,8981.4,-52763,17727.55,-495.0,-3.5324341682723137
2021-03-03,28921.0,28719.5,27320.0,26486.91176470588,27729.844644455567,866.0714285714286,80.03597122302158,849.5689706792873,683.3196802474902,166.24929043179714,30473.230590663286,24166.769409336714,27320.0,6306.461181326573,71.74173725226841,77.0775248967887,61.070161963227804,-23.693379790940767,48.81575257336347,72.76135182656388,8749.25,-49054,17485.7,-413.0,-3.055185678354788
2021-03-04,28907.0,28904.0,27502.75,26554.285714285714,27836.04991641218,854.2857142857143,77.3237997957099,830.1745644274743,712.6906570834869,117.48390734398731,30558.35309319746,24447.14690680254,27502.75,6111.20618639492,62.927539934560706,72.36086324271271,44.06089331825669,-26.81564245810056,46.477113433818566,40.93356388414812,8498.5,-45359,17247.3,-292.0,-2.228157191911484
2021-03-05,28793.0,28911.0,27644.25,26605.555555555555,27889.75944818245,900.7142857142857,66.26898047722344,770.020262498816,724.1565781665528,45.86368433226323,30582.866350024546,24705.633649975454,27644.25,5877.232700049091,58.58865110313555,67.77012586285366,40.22570158369933,-41.262848751835534,18.180603650697183,0.0,8480.35,-53592,16991.8,-163.0,-1.2721454772496643
2021-03-08,28665.0,28827.5,27787.25,26657.972972972973,27952.163310260312,885.7142857142857,68.08510638297872,725.6826155461786,724.4617856424779,1.2208299037006327,30600.08426083859,24974.41573916141,27787.25,5625.66852167718,57.41917203667147,64.31980792079293,43.61790026842857,-38.12405446293495,32.494355744715996,9.20530275474428,8354.85,-49941,16690.65,-134.0,-1.0592885375494077
2021-03-09,28495.0,28719.5,27913.25,26690.657894736843,27947.195375949806,916.0714285714286,61.47934678194044,631.2222640528416,705.8138813245507,-74.59161727170908,30487.72035942909,25338.77964057091,27913.25,5148.940718858183,50.599776566542104,59.746464136042654,32.30640142754099,-58.079268292682926,10.365985470230243,0.0,8007.25,-54838,16391.5,332.0,2.6526046660274805
2021-03-10,28348.0,28634.5,28050.0,26725.51282051282,27956.986292526017,953.5714285714286,60.37549407114624,561.9872620104579,677.0485574617322,-115.0612954512743,30315.359272075613,25784.640727924387,28050.0,4530.7185441512265,48.10690101013827,55.8666097607412,32.58748350893242,-62.5668449197861,-5.219884282138352,0.0,8131.7,-45303,16100.65,-266.0,-2.070361145703614
2021-03-11,28298.0,28602.5,28207.5,26772.25,28017.74950276163,922.1428571428571,53.09941520467836,544.8146847748467,650.6017829243551,-105.78709814950844,30120.95237724904,26294.04762275096,28207.5,3826.9047544980785,53.905627367470686,55.21294896298436,51.29098417644333,-43.13725490196079,13.649263275875063,0.0,8226.8,-39323,15800.55,-220.0,-1.748529645525354
2021-03-12,28368.0,28580.5,28336.5,26820.48780487805,28087.48764535576,856.7857142857143,40.68047337278106,537.5163443791389,627.9846952153118,-90.46835083617293,30003.59675152565,26669.40324847435,28336.5,3334.1935030512977,61.86301083757304,57.42963625451392,70.7297600036913,-37.61140819964349,26.898401195993888,0.0,7966.1,-35735,15443.55,-289.0,-2.337809415952108
2021-03-15,28340.0,28502.5,28411.75,26858.214285714286,28117.72691722664,812.8571428571429,41.353383458646626,498.15136151208935,602.0180284746674,-103.86666696257805,29935.53778395363,26887.96221604637,28411.75,3047.575567907261,63.385427240809136,59.41489991661233,71.32648188920277,-49.91087344028521,14.12523223205445,1.4848746930248857,7512.1,-40115,15042.35,-392.0,-3.2469146028327622
2021-03-16,28450.0,28472.5,28492.0,26895.232558139534,28149.371972728863,767.8571428571429,43.16109422492401,465.22265571583193,574.6589539229003,-109.43629820706838,29825.544544674674,27158.455455325326,28492.0,2667.089089349349,65.10959136778922,61.313130400337954,72.70251330269176,-40.4517453798768,-0.23458909931107905,5.4738533478791656,7324.55,-37523,14634.75,-458.0,-3.9208971834603257
2021-03-17,28562.0,28455.0,28587.25,26934.204545454544,28193.241308659446,763.5714285714286,45.56040756914119,446.8856622205749,549.1042955824353,-102.21863336186038,29622.036909159768,27552.463090840232,28587.25,2069.5738183195353,70.30697904051445,64.31107994706345,82.29877722741645,-33.880903490759756,3.881613653400901,10.768289767096027,7243.05,-34717,14247.75,449.0,4.000712821883634
2021-03-18,28537.0,28417.5,28660.75,26968.333333333332,28219.599279263308,719.2857142857143,42.89772727272727,416.2582666078197,522.5350897875121,-106.27682317969243,29382.234398197295,27939.265601802705,28660.75,1442.9687963945908,70.45534907250638,66.35916965554443,78.64770790643027,-39.630390143737166,-14.76161550475982,4.892695581766932,7073.35,-37126,13787.9,-624.0,-5.346127484578478
2021-03-19,28488.0,28428.0,28669.5,27001.739130434784,28246.78030028585,707.1428571428571,39.82035928143713,390.31078267636985,496.0902283652837,-105.77944568891382,29378.226805059985,27960.773194940015,28669.5,1417.45361011997,71.20421600191233,67.97418510433373,77.66427779706953,-33.111111111111114,-30.621248585900275,0.0,6397.85,-34302,13283.15,33.0,0.2986965966690791
2021-03-22,28457.0,28398.5,28613.0,27028.297872340427,28247.086938353863,694.2857142857143,42.088607594936704,345.1916909047068,465.9105208731683,-120.71882996846153,29260.78488957207,27965.21511042793,28613.0,1295.5697791441416,66.96808457694804,67.63881826187183,65.62661720710045,-40.8983451536643,-53.39859507991472,5.640218323158531,5785.05,-37876,12885.05,-187.0,-1.6875733237072477
2021-03-23,28394.0,28422.0,28570.75,27051.354166666668,28236.411991843972,685.3571428571429,39.96913580246914,296.7343775120389,432.07529220094244,-135.34091468890352,29227.907154960514,27913.592845039486,28570.75,1314.3143099210283,53.889087196956964,63.05557457356687,35.55611244373716,-46.335697399527184,-58.31564484567343,0.3967009932739151,5060.9,-39580,12580.4,-435.0,-3.9930236827611543
2021-03-24,28272.0,28417.0,28525.75,27070.714285714286,28213.896564049308,669.2857142857143,37.254901960784316,244.61842681964117,394.5839191246822,-149.96549230504104,29210.64933951141,27840.85066048859,28525.75,1369.798679022817,40.292870358378885,55.46800650183755,9.94259807146156,-49.87468671679198,-69.57390132194493,0.0,4658.65,-41543,12314.2,-86.0,-0.8222583420977148
2021-03-25,28082.0,28309.5,28456.0,27079.7,28147.811176996995,569.2857142857143,36.86567164179104,162.70856884901514,348.2088490695488,-185.50028022053368,29249.51052127141,27662.48947872859,28456.0,1587.0210425428231,26.861913572252593,45.9326421919759,-11.27954366719402,-82.17270194986072,-100.30831513176037,0.0,4446.05,-44608,12103.5,293.0,2.8246408946302815
2021-03-26,27824.0,28156.0,28368.25,27082.352941176472,28058.972017283,558.9285714285714,31.054131054131048,72.34946566577491,293.036972388794,-220.6875067230191,29298.757925812566,27437.742074187434,28368.25,1861.0158516251322,17.90794238150173,36.591075588484514,-19.458324032463835,-99.16434540389972,-117.37146100296899,0.0,4178.6,-47744,11923.75,232.0,2.1751359459966313
2021-03-29,27485.0,27971.0,28236.75,27072.21153846154,27915.73658706557,551.7857142857143,30.921985815602838,-51.91877147967534,224.04582361510018,-275.9645950947755,29396.39729211311,27077.10270788689,28236.75,2319.2945842262197,12.459461587667821,28.547204254878952,-19.716023746754438,-98.58585858585859,-143.190636880705,0.0,4172.2,-52887,11795.9,558.0,5.120205542301348
2021-03-30,27264.0,27829.0,28150.75,27071.415094339623,27831.380721630754,538.9285714285714,36.753246753246756,-110.79652113517659,157.07735466504482,-267.8738758002214,29401.653988911094,26899.846011088906,28150.75,2501.8079778221872,18.651135311318775,25.248514607025562,5.456376719905201,-73.18435754189944,-106.98828819709502,26.293673785819223,4074.95,-48272,11687.9,-98.0,-0.8554469273743037
2021-03-31,27061.0,27666.5,28060.75,27069.814814814814,27750.773033856396,505.0,25.97014925373135,-159.2529173480616,93.81130026242354,-253.06421761048514,29376.829804811085,26744.670195188915,28060.75,2632.1596096221692,22.25941771846288,24.252148977504667,18.273955200379305,-74.86033519553072,-88.02508072512187,0.0,4063.55,-51753,11574.75,-516.0,-4.543053354463811
2021-04-01,27145.0,27613.5,28015.5,27085.636363636364,27768.794649679596,556.7857142857143,40.24096385542168,-119.22014609208054,51.20501099152273,-170.42515708360327,29279.236731410383,26751.763268589617,28015.5,2527.473462820766,39.993932799962906,29.499410251657416,60.982977896573885,-39.292364990689016,-30.98380096974538,72.84648508419517,4205.5,-45219,11511.45,705.0,6.502490315439946
2021-04-02,27234.0,27529.0,27978.5,27095.89285714286,27758.433254472016,534.6428571428571,40.8812729498164,-108.8329874602714,19.197411301163903,-128.0303987614353,29238.162026518476,26718.837973481524,27978.5,2519.324053036951,48.99512807011588,35.997982857810236,74.98941849472719,-44.89795918367347,-20.427809484484552,76.11499274798153,3956.6,-48474,11416.5,-796.0,-6.89356542824976
2021-04-06,27347.0,27416.0,27907.25,27096.315789473683,27697.630087379443,536.4285714285714,35.480349344978166,-142.5315613247003,-13.14838322400894,-129.38317810069137,29192.930139479737,26621.569860520263,27907.25,2571.3602789594734,47.02512084107016,39.67369551889688,61.72797148541673,-66.93877551020408,-54.06815636979383,48.54555737923079,3895.85,-50910,11328.9,13.0,0.12091898428052694
2021-04-07,27303.0,27283.5,27852.75,27091.379310344826,27613.0938885814,536.7857142857143,30.972515856236782,-192.03863131734397,-48.92643284267595,-143.11219847466802,29228.94794705329,26476.55205294671,27852.75,2752.3958941065794,41.24127739553045,40.19622281110807,43.33138656437521,-78.44827586206897,-73.52187076169655,29.55157906755377,3823.25,-54355,11223.95,-15.0,-0.1393534002229635
2021-04-08,27290.0,27175.5,27796.25,27088.474576271186,27547.08494681174,568.2142857142857,33.51063829787235,-219.8628185615271,-83.1137099864462,-136.7491085750809,29229.934524499542,26362.565475500458,27796.25,2867.369048999084,39.561445068830395,39.98463023034885,38.71507474579349,-73.36244541484716,-60.860169163367395,46.781701354554684,3475.65,-51772,11131.0,-26.0,-0.2418829658572874
2021-04-09,27024.0,27084.5,27697.0,27080.5,27457.838761401097,578.2142857142857,30.954773869346738,-263.8861810056951,-119.26820419029599,-144.61797681539912,29172.096428605335,26221.903571394665,27697.0,2950.19285721067,32.3090148134438,37.426091758047164,22.074860924237072,-86.11111111111111,-69.52079094882693,30.924946481219326,3354.4,-55327,11044.8,-85.0,-0.7926886132612165
2021-04-12,26911.0,27072.5,27614.25,27085.25,27423.282688886706,590.0,38.90489913544668,-256.68071077243076,-146.75070550672297,-109.93000526570779,29024.902238094885,26203.597761905115,27614.25,2821.304476189769,37.068522239625246,37.30690191857319,36.59176288172935,-61.04218362282879,-39.38787280058241,86.74564134365932,3383.75,-51152,10970.75,-46.0,-0.43241210753901527
2021-04-13,27008.0,27177.5,27574.25,27111.5,27440.589099468925,602.8571428571429,45.267857142857146,-207.4265023472508,-158.88586487482854,-48.54063747242225,28934.978423347315,26213.521576652685,27574.25,2721.4568466946293,49.5489494669397,41.387584434695356,65.87167953142841,-31.117021276595743,-8.709737463012573,100.0,3336.55,-47716,10919.65,67.0,0.6325528700906302
2021-04-14,27131.0,27217.0,27523.0,27142.583333333332,27439.10442332903,603.5714285714286,44.906997342781224,-180.832162386243,-163.27512437711144,-17.55703800913156,28820.594535649474,26225.405464350526,27523.0,2595.189071298948,53.947665657698366,45.574278175696364,70.69444062170237,-33.82789317507418,-2.399168317358187,98.13003802239506,3322.7,-50031,10882.4,-181.0,-1.6980955061450365
2021-04-15,27185.0,27237.5,27452.0,27164.583333333332,27415.380192535788,593.9285714285714,46.94444444444445,-176.68181441239358,-165.95646238416788,-10.7253520282257,28650.79939939925,26253.20060060075,27452.0,2397.598798798499,52.34929122942603,47.832615860272924,61.38264196773224,-47.774480712166174,-15.800486461516169,100.0,3294.15,-52266,10824.6,38.0,0.36266463065470766
2021-04-16,27247.0,27135.5,27374.5,27198.416666666668,27368.20112658,597.5,47.25069897483691,-192.95511084983082,-171.35619207730048,-21.59891877253034,28493.982493222466,26255.017506777534,27374.5,2238.964986444931,47.18022924066999,47.615153653738616,46.310380414532744,-63.798219584569736,-41.14799420009257,100.0,3347.6,-55744,10803.4,108.0,1.0270064663369993
2021-04-19,27264.0,27087.5,27308.25,27239.333333333332,27350.277209762855,579.6428571428571,56.29405840886203,-182.76518514298368,-173.63799069043714,-9.127194452546547,28294.99518120515,26321.50481879485,27308.25,1973.4903624103026,50.75173177448174,48.660679693986324,54.93383593547256,-48.367952522255194,-25.68619235888655,100.0,3334.6,-53180,10784.05,70.0,0.6588855421686857
2021-04-20,27165.0,27086.5,27251.25,27272.166666666668,27327.393665975917,540.3571428571429,50.87719298245614,-178.28287656761677,-174.56696786587307,-3.7159087017437002,28135.300933279064,26367.199066720936,27251.25,1768.1018665581287,51.24339473224559,49.52158470673941,54.687014783257965,-57.84313725490196,-3.7299654098869435,82.13665197750608,3243.65,-54935,10774.3,5.0,0.0467551898260643
2021-04-21,27114.0,27122.5,27203.0,27307.916666666668,27312.403793025827,536.7857142857143,52.02185792349727,-167.95305786534664,-173.2441858657678,5.291128000421168,27983.198355345754,26422.801644654246,27203.0,1560.396710691508,53.19060323580206,50.74459088309362,58.08262794121893,-53.92156862745098,-24.192196737718287,83.1400113973128,3246.5,-53174,10791.2,98.0,0.915973455463126
2021-04-22,27115.0,27150.0,27162.75,27346.0,27301.22247940432,476.42857142857144,39.78052126200274,-155.95159810869154,-169.78566831435256,13.834070205661021,27846.981993590358,26478.518006409642,27162.75,1368.4639871807158,50.980684344150234,50.823288703445826,51.29547562555905,-50.50847457627118,3.9159566634697893,34.830294355362376,3239.25,-51356,10814.5,42.0,0.38899694359544323
2021-04-23,27275.0,27261.0,27172.75,27393.5,27341.106052794385,504.2857142857143,50.771208226221084,-102.89117695337336,-156.40677004215672,53.51559308878336,27884.267836444706,26461.232163555294,27172.75,1423.0356728894112,60.033006836720936,53.893194747870865,72.31263101442107,-17.704918032786885,77.64128481118911,78.20439573174077,3412.2,-44832,10885.8,1253.0,11.560107020942901
2021-04-26,27313.0,27288.5,27180.5,27440.25,27343.85785729016,489.2857142857143,53.378378378378386,-88.06730081227943,-142.73887619618128,54.67157538390185,27897.31238828581,26463.68761171419,27180.5,1433.624776571618,56.62119484121477,54.80252811231884,60.25852829900663,-40.65573770491803,46.860113803507545,88.49343979725712,3427.7,-48278,10904.6,-818.0,-6.764803175653322
2021-04-27,27298.0,27231.5,27204.5,27475.333333333332,27314.442823262525,512.5,53.02013422818792,-102.17318359846104,-134.62573767663724,32.452554078176206,27862.894378693152,26546.105621306848,27204.5,1316.7887573863045,47.145959468078026,52.25033856423857,36.93720127575695,-62.622950819672134,-25.017426242333627,87.07965027359555,3304.8,-50963,10880.35,-303.0,-2.687599787120809
2021-04-28,27314.0,27214.0,27215.5,27503.583333333332,27308.305411523237,498.2142857142857,54.30809399477807,-94.9094372503314,-126.68247759137608,31.77304034104469,27868.95156466905,26562.04843533095,27215.5,1306.9031293380976,46.217607063931716,50.23942806413629,38.17396506352256,-48.52459016393443,-9.430541350994059,92.16250793905823,3176.9,-48906,10852.2,-176.0,-1.60422933187494
2021-04-29,27339.0,27227.0,27232.25,27537.666666666668,27309.41918185436,477.14285714285717,59.888579387186624,-82.55283327672441,-117.85654872844576,35.303715451721345,27877.952188156025,26586.547811843975,27232.25,1291.4043763120499,47.353091426079786,49.27731585145079,43.50464257533777,-50.37593984962406,7.235108661665802,100.00000000000001,3082.9,-47305,10859.65,196.0,1.8156553960166688
2021-04-30,27253.0,27264.0,27199.75,27572.666666666668,27307.569735963465,444.64285714285717,53.110047846889955,-74.32412266176834,-109.15006351511028,34.82594085334193,27754.48535653452,26645.01464346548,27199.75,1109.4707130690367,47.35820130159705,48.637611001499536,44.79938190179209,-52.63157894736842,22.698251762718424,66.28947709372765,2854.55,-49272,10823.4,-169.0,-1.5376216904740225
2021-05-06,27119.0,27216.0,27151.75,27591.5,27249.70595158599,468.92857142857144,35.92534992223949,-114.09565568239486,-110.1391819485672,-3.9564737338276643,27704.934798284117,26598.565201715883,27151.75,1106.3695965682346,37.776129994965856,45.017117332654976,23.294155319587617,-81.38801261829653,-82.08450495749868,0.0,2967.2,-54780,10871.2,885.0,8.177785991498808
2021-05-07,27092.0,27195.0,27140.75,27611.75,27216.40062286352,476.7857142857143,41.88562596599691,-128.0010373289515,-113.71155302464408,-14.289484304307422,27705.22716843484,26576.27283156516,27140.75,1128.9543368696832,35.594181300534544,41.8761386552815,23.03026659104063,-68.76971608832808,-69.2711475149615,24.87259095221691,2984.05,-52007,10899.85,-370.0,-3.160502263602971
2021-05-10,26643.0,26978.5,27050.5,27605.5,27005.79103973366,589.6428571428571,27.681307456588357,-288.60495699700914,-148.6902338191171,-139.91472317789203,28155.76443608949,25945.23556391051,27050.5,2210.5288721789766,24.061129158896996,35.93780215648667,0.3077831637176587,-99.0049751243781,-172.75275122374026,0.0,3348.4,-62739,10979.25,1000.0,8.82067566375584
2021-05-11,26169.0,26754.0,26952.0,27599.416666666668,26810.001416901883,591.4285714285714,28.952991452991455,-415.5327577968019,-202.0587386146541,-213.4740191821478,28403.218725579878,25500.781274420122,26952.0,2902.437451159756,18.316065628115634,30.06388998036299,-5.179583076379082,-93.82716049382717,-156.9722830626113,3.9484374806515192,3518.65,-68727,11058.65,-26.0,-0.21074815595363283
2021-05-12,25762.0,26507.5,26884.25,27596.25,26661.906043863608,598.9285714285714,29.629629629629633,-485.91171559952636,-258.8293340116286,-227.08238158789777,28517.76179655174,25250.73820344826,26884.25,3267.0235931034767,18.37676658479992,26.168182181841967,2.7939353907158235,-84.41358024691358,-110.3229864541852,6.049323821153223,3605.85,-63428,11126.15,-323.0,-2.623669888717406
2021-05-13,25426.0,26272.5,26780.5,27577.083333333332,26505.53403968612,611.4285714285714,28.629856850715754,-554.2609080022339,-317.91564880974965,-236.34525919248426,28609.53166787928,24951.46833212072,26780.5,3658.063335758561,15.981622969890681,22.772662444524872,2.399544020622301,-90.54878048780488,-105.02324663707671,2.9451404520425566,3646.2,-68410,11179.85,-322.0,-2.68601935268602
2021-05-14,25040.0,26066.0,26648.75,27544.916666666668,26359.292702573155,631.7857142857143,27.459016393442624,-605.4830854345346,-375.42913613470665,-230.05394929982793,28603.03779596908,24694.46220403092,26648.75,3908.5755919381627,16.645700716310564,20.730341868453436,8.47641841202482,-84.593837535014,-96.36257558085981,0.0,3824.05,-75403,11247.15,339.0,2.9058803360191954
2021-05-17,25027.0,25835.0,26524.5,27513.166666666668,26224.12196899476,626.0714285714286,26.91914022517912,-641.1074912810982,-428.56480716398494,-212.54268411711325,28584.131801535106,24464.868198464894,26524.5,4119.263603070212,16.761621828302903,19.40743518840326,11.46999510810219,-85.43417366946778,-80.94662364525384,0.0,3831.7,-77871,11322.35,-23.0,-0.19158683881715932
2021-05-18,24954.0,25561.5,26394.25,27477.833333333332,26068.015114804784,611.4285714285714,16.75503711558855,-690.0313706049747,-480.8581198521829,-209.17325075279177,28600.908047102475,24187.591952897525,26394.25,4413.316094204951,13.18171382227493,17.33219473302715,4.880752000770485,-94.93865030674847,-79.14349012736292,0.0,4001.8,-83508,11454.1,1169.0,9.75630111834418
2021-05-19,24613.0,25187.5,26225.75,27420.333333333332,25828.20415149004,657.5,14.629629629629633,-803.0625424900063,-545.2990043797477,-257.76353811025865,28754.5260197168,23696.9739802832,26225.75,5057.552039433598,8.787809214849954,14.484066226968086,-2.604704809386309,-100.0,-99.66542399999682,0.0,4315.25,-93255,11707.25,2536.0,19.283704661242496
2021-05-20,24322.0,24874.0,26045.0,27340.916666666668,25612.66089896718,658.2142857142857,15.846456692913392,-881.2714373573071,-612.4934909752596,-268.7779463820475,28793.796865999073,23296.203134000927,26045.0,5497.593731998146,10.263625761761912,13.077252738566028,4.6363718081536796,-88.97727272727273,-96.96002592530147,2.688588820116363,4575.15,-85493,11949.4,-150.0,-0.9562057754828879
2021-05-21,24106.0,24573.0,25884.0,27249.416666666668,25448.597956208403,680.7142857142857,17.630057803468205,-906.5773072692136,-671.3102542340505,-235.26705303516314,28745.057220863055,23022.942779136945,25884.0,5722.114441726109,17.99944196789637,14.717982481676142,24.562360940336823,-81.5909090909091,-75.05867767731527,6.629469287094058,4852.5,-78191,12164.95,-527.0,-3.3919031988157267
2021-05-24,23906.0,24466.5,25722.5,27165.416666666668,25304.92196037903,702.8571428571429,17.311411992263046,-912.0838742113701,-719.4649782295144,-192.61889598185576,28641.963721482534,22803.036278517466,25722.5,5838.927442965069,23.845358006145787,17.760440989832688,36.015192038771985,-80.45454545454545,-67.47565512242801,6.969213139763914,5014.85,-73183,12376.55,19.0,0.12658227848101333
2021-05-25,23768.0,24361.0,25557.5,27082.0,25170.64367843817,731.4285714285714,17.261330761812914,-909.5937614257491,-757.4907348687614,-152.10302655698774,28499.483756082387,22615.516243917613,25557.5,5883.967512164774,28.41610656630917,21.312329515324848,42.62366066827782,-80.02450980392157,-56.76469692836537,9.655494151471691,5202.4,-78752,12571.0,-301.0,-2.002794597112245
2021-05-26,23682.0,24147.5,25327.5,26985.416666666668,24975.344280491678,725.0,16.666666666666657,-959.1004393125077,-797.8126757575106,-161.287763554997,28276.88084492679,22378.11915507321,25327.5,5898.761689853578,19.594477548271154,20.739712192973617,17.304008258866226,-98.96507115135834,-70.52200218682438,7.473720688460158,5241.75,-86063,12781.45,1573.0,10.680336773492671
2021-05-27,23458.0,23890.0,25081.25,26876.666666666668,24734.35911092104,743.5714285714286,11.890504704875951,-1040.8039568669483,-846.4109319793982,-194.39302488755004,28133.212052257702,22029.287947742298,25081.25,6103.924104515405,13.620605850024637,18.366676745323957,4.128464059425994,-98.96551724137932,-84.65332488747106,0.0,5543.35,-95541,13073.1,806.0,4.944481933623712
2021-05-28,23177.0,23641.5,24853.75,26765.0,24520.134433690466,675.3571428571429,18.421052631578945,-1089.764787351287,-895.081703053776,-194.68308429751096,27970.157977818457,21737.342022181543,24853.75,6232.815955636914,10.13368766705484,15.622347052567584,-0.8436311039706474,-97.25806451612904,-71.46275977104081,36.814374747370316,5753.05,-88662,13366.35,-271.0,-1.584146840474665
2021-05-31,22838.0,23372.0,24603.5,26656.583333333332,24303.454963815184,691.7857142857143,17.604790419161674,-1134.8507395843044,-943.0355103598818,-191.81522922442264,27713.51963100929,21493.48036899071,24603.5,6220.039262018581,9.57837242319785,13.607688842777673,1.5197395840382057,-93.93939393939394,-77.76616317757254,32.21289515984999,6096.55,-97589,13694.65,525.0,3.1183178902352005
2021-06-01,22464.0,23116.0,24338.75,26543.916666666668,24086.45925297564,689.6428571428571,10.513447432762831,-1174.7915769225983,-989.3867236724251,-185.40485325017323,27375.73235788509,21301.76764211491,24338.75,6073.964715770177,6.747900456044944,11.321092713866765,-2.398484059598701,-99.23076923076923,-75.71877444623613,0.0,6403.45,-105328,14052.7,791.0,4.556189159610624
2021-06-02,22145.0,22913.5,24050.5,26421.916666666668,23842.510752692247,704.6428571428571,9.87370838117107,-1232.582357436393,-1038.0258504252188,-194.5565070111743,27001.183952827494,21099.816047172506,24050.5,5901.367905654988,5.54572072287813,9.395968716870554,-2.154775265106718,-97.56427604871448,-84.87169333243203,0.0,6844.05,-116107,14495.4,1524.0,8.395769061260472
2021-06-03,21784.0,22621.0,23747.5,26292.583333333332,23537.50972862632,750.7142857142857,8.285163776493249,-1334.411802483537,-1097.3030408368825,-237.10876164665456,26795.589133936384,20699.410866063616,23747.5,6096.178267872769,7.490528908068875,8.76082211393666,4.949942496333303,-90.44715447154472,-104.08616463988906,0.0,7622.75,-137189,15019.0,2503.0,12.72108152063427
2021-06-04,21261.0,22219.0,23396.0,26148.0,23188.223087804763,794.2857142857143,7.251264755480605,-1460.410236039177,-1169.9244798773416,-290.4857561618355,26533.45555640571,20258.54444359429,23396.0,6274.911112811416,5.291970800755834,7.604538342876385,0.6668357165147327,-99.23954372623574,-112.18960065154727,0.0,8529.05,-158088,15709.0,2958.0,13.336940348978764
2021-06-07,20817.0,21827.5,23147.0,26016.75,22886.96374610907,826.7857142857143,10.209424083769633,-1530.1194334284774,-1241.9634705875687,-288.1559628409086,26527.81179911758,19766.18820088242,23147.0,6761.623598235157,8.883785777282915,8.030954154345228,10.589449023158288,-86.26320845341019,-100.77231259015966,26.483576600582026,9434.85,-129240,16372.5,470.0,1.8697537494529959
2021-06-08,20366.0,21415.0,22888.0,25878.75,22590.110056003443,800.0,11.818181818181813,-1587.639523309801,-1311.0986811320154,-276.54084217778563,26474.632198360432,19301.367801639568,22888.0,7173.264396720864,9.676093822962171,8.57933404388421,11.869613381118093,-90.78156312625251,-85.98926871716276,40.886336547838305,10011.85,-146768,17065.95,573.0,2.2376693872769193
2021-06-09,20104.0,21124.5,22636.0,25739.083333333332,22363.90909828883,823.2142857142857,18.866171003717483,-1579.1137871961946,-1364.7017023448514,-214.41208485134325,26230.61087858214,19041.38912141786,22636.0,7189.221757164283,13.835470137380735,10.33137940838305,20.8436515953761,-81.86372745490982,-72.62468914456132,100.0,11428.2,-113142,17795.85,406.0,1.5508021390374438
2021-06-10,19963.0,20873.5,22381.75,25592.166666666668,22132.584422261323,806.0714285714286,12.933458294283028,-1576.7746630365764,-1407.1162944831965,-169.6583685533799,25985.69268749336,18777.80731250664,22381.75,7207.885374986719,15.37825040177918,12.013669739515093,22.10741172630735,-87.4749498997996,-67.31250153374955,48.92156180481414,12002.85,-129617,18618.45,1532.0,5.7624313548484185
2021-06-11,19948.0,20604.5,22123.0,25448.666666666668,21909.957334426912,791.7857142857143,11.797235023041466,-1568.1411650421542,-1439.3212685949882,-128.819896447166,25687.38877907855,18558.61122092145,22123.0,7128.777558157097,15.288511690490378,13.105283723173521,19.654967625124087,-90.28056112224449,-65.73741085992444,39.13910427172782,12289.25,-142338,19385.85,-765.0,-2.720677146311967
2021-06-15,19705.0,20261.0,21816.5,25288.0,21614.72330257673,832.1428571428571,10.05498821681067,-1622.0819724249632,-1475.8734093609833,-146.2085630639799,25415.030548051964,18217.969451948036,21816.5,7197.061096103927,12.573293507945966,12.927953651431004,11.863973220975893,-95.00959692898273,-82.7723575968115,24.1390106937425,13336.7,-165755,20305.5,3022.0,11.048148283552074
2021-06-16,19545.0,19955.5,21535.75,25127.333333333332,21362.84489280752,808.9285714285714,13.91304347826086,-1633.0944913439744,-1507.3176257575817,-125.77686558639266,25100.823668685953,17970.676331314047,21535.75,7130.147337371905,13.127958383828386,12.994621895563466,13.394631360358225,-91.3312693498452,-73.73180269168483,57.355423973323084,13985.45,-147143,21168.45,35.0,0.11522633744855959
2021-06-17,19195.0,19649.5,21281.5,24960.583333333332,21086.85966492109,811.0714285714286,14.336917562724011,-1663.3966700828678,-1538.533434622639,-124.86323546022868,24965.05534775847,17597.94465224153,21281.5,7367.110695516938,9.706450963668264,11.898564918265066,5.322223054474659,-98.69869869869869,-74.5494774639561,61.00482135461916,14633.2,-169845,22072.5,3358.0,11.042420256494578
2021-06-18,18728.0,19345.5,20983.25,24778.833333333332,20754.77779207146,803.5714285714286,11.865729898516776,-1737.1844549058442,-1578.2636386792801,-158.92081622656406,24849.725717456946,17116.774282543054,20983.25,7732.951434913892,6.470967309112177,10.089365715214104,-0.7658295030916769,-100.0,-84.78678445223913,39.72881953943139,15774.05,-200424,23152.0,3359.0,9.947287372660508
2021-06-21,18116.0,19032.0,20625.5,24586.916666666668,20371.941811874178,820.0,10.810810810810807,-1844.2012725887325,-1631.4511654611706,-212.75010712756193,24679.075289985245,16571.924710014755,20625.5,8107.15057997049,4.5244159165124955,8.234382448980234,-2.8955171484229822,-99.5697074010327,-94.51450850925653,30.646360627065196,17363.95,-239524,24490.25,4648.0,12.519190885339505
2021-06-22,17762.0,18733.5,20280.5,24402.0,20054.614020267112,826.0714285714286,14.968376669009132,-1882.699334618479,-1681.7007992926324,-200.99853532584666,24320.794283184932,16240.205716815068,20280.5,8080.588566369865,6.061750786227353,7.5101718947292735,3.1649085692235133,-93.38168631006346,-84.1544467929679,66.44144815805096,19374.7,-194301,25800.1,-549.0,-1.3141831238779211
2021-06-23,17600.0,18572.5,19993.75,24238.0,19874.174589765484,852.5,28.248222365869424,-1802.0616415122277,-1705.7729677365514,-96.28867377567622,23758.58154722059,16228.91845277941,19993.75,7529.663094441181,17.188577549383968,10.736307112947504,30.0931184222569,-69.22279792746114,-59.56977095127462,100.0,21723.1,-141764,26895.7,-4586.0,-11.12404793091738
2021-06-24,17475.0,18335.0,19729.75,24076.666666666668,19680.443676454484,804.6428571428571,30.474198047419804,-1743.8747122522036,-1713.3933166396819,-30.481395612521737,23307.387378288404,16152.112621711596,19729.75,7155.274756576808,22.63411165162768,14.702241959174229,38.497851036534584,-70.83854818523155,-51.58247314407059,100.0,23533.0,-185273,27926.7,281.0,0.766921397379905
2021-06-25,17740.0,18234.0,19553.75,23938.5,19608.496659649296,825.3571428571429,43.68737474949899,-1591.8607396154075,-1689.0868012348271,97.22606161941962,22908.341315605652,16199.15868439435,19553.75,6709.182631211303,41.68515244860285,23.696545455650433,77.66236643450767,-43.67959949937422,-29.61785984350635,100.0,25383.6,-138783,28737.55,-3597.0,-9.742423011294388
2021-06-28,18178.0,18147.0,19375.75,23811.333333333332,19543.401739682697,835.0,42.496589358799454,-1454.6206101750067,-1642.1935630228631,187.5729528478564,22440.74811110099,16310.751888899009,19375.75,6129.996222201982,51.7901016324019,33.06106418123426,89.24817653473718,-43.67959949937422,-10.796695379834661,96.4594085836217,27764.75,-138783,29635.0,1461.0,4.384227583723432
2021-06-29,18618.0,18190.0,19225.5,23681.5,19514.506335903396,821.0714285714286,46.41407307171854,-1305.3912140587381,-1574.8330932300382,269.4418791713001,21976.83823897811,16474.16176102189,19225.5,5502.676477956222,61.88673442160126,42.66962092802326,100.32096140875727,-35.794743429286605,-6.2563053991462265,100.0,28751.65,-110118,30447.25,-1179.0,-3.389391979301426
2021-06-30,18860.0,18230.0,19092.75,23554.583333333332,19500.74382772212,771.0714285714286,44.028268551236756,-1163.2269724968864,-1492.5118690834079,329.2848965865214,21511.45229451119,16674.04770548881,19092.75,4837.404589022379,70.00448961440084,51.78124382348245,106.45098119623763,-28.41965471447543,6.474432631129436,93.43821625323515,29597.35,-85465,31168.8,-1023.0,-3.0440992679878542
2021-07-01,19070.0,18272.5,18961.0,23403.75,19442.57774889144,792.8571428571429,42.81786941580756,-1076.879182412853,-1409.385331749297,332.50614933644397,21091.785869357274,16830.214130642726,18961.0,4261.571738714549,70.29632640960055,57.95293801885515,94.98310319109135,-36.2589928057554,2.997041404877094,90.10920194976921,30797.1,-120239,31831.55,348.0,1.0680416167940354
2021-07-02,19001.0,18370.5,18858.0,23252.416666666668,19360.427487092253,801.7857142857143,41.840161182001346,-1021.6849972198033,-1331.8452648433981,310.1602676235948,20841.092746722974,16874.907253277026,18858.0,3966.185493445948,67.18421760640037,61.030031214703556,79.492590389794,-39.04,-12.42128806480974,87.42016772982726,31210.75,-149594,32308.4,-1215.0,-3.689532659196504
2021-07-05,18965.0,18571.5,18801.75,23112.833333333332,19301.81534546442,750.3571428571429,49.50943396226415,-953.6361626985272,-1256.203444414424,302.5672817158968,20726.95477379749,16876.54522620251,18801.75,3850.40954759498,65.09812037957555,62.38606093632755,70.52223926607152,-33.76,-1.2569979397505713,100.0,31380.35,-125303,32651.4,281.0,0.8859881447849771
2021-07-06,18914.0,18766.0,18749.75,22982.416666666668,19271.642455420188,738.5714285714286,50.11185682326622,-870.3086010342959,-1179.0244757383985,308.7158747041026,20590.15177249712,16909.34822750288,18749.75,3680.80354499424,64.00764621714092,62.92658936326534,66.16975992489206,-26.08,6.846164909289677,100.0,30724.2,-109578,32874.0,-1938.0,-6.056817826671246
2021-07-07,18765.0,18812.5,18692.5,22844.166666666668,19210.057459665884,739.2857142857143,51.21951219512195,-823.8233763568023,-1107.9842558620794,284.1608795052771,20469.411868797575,16915.588131202425,18692.5,3553.8237375951503,54.484950957947426,60.11270989482604,43.22943308419019,-37.6,-2.6534017000421306,100.0,31096.15,-134545,33153.85,1718.0,5.715426328221174
2021-07-08,18760.0,18915.0,18625.0,22715.083333333332,19177.194844459613,708.9285714285714,60.65711878685762,-758.8697288019939,-1038.1613504500624,279.2916216480685,20254.875681407055,16995.124318592945,18625.0,3259.7513628141096,48.309602008494636,56.17834059938224,32.57212482671943,-29.92,6.780760058625737,100.0,30283.6,-117170,33280.05,-2667.0,-8.392862762375309
2021-07-09,18877.0,18939.0,18586.5,22582.916666666668,19176.033430701555,670.3571428571429,72.62569832402235,-675.400406885241,-965.6091617370982,290.2087548518573,20119.588042927877,17053.411957072123,18586.5,3066.1760858557536,53.775028789976815,55.37723666291376,50.57061304410291,-20.32,30.80530531006098,100.0,30141.5,-103537,33306.2,-469.0,-1.6111301958089963
2021-07-12,18880.0,18922.5,18534.75,22435.5,19136.41119920617,658.2142857142857,65.72212065813528,-634.6150360742758,-899.4103366045338,264.7953005302579,19962.318691314384,17107.181308685616,18534.75,2855.137382628767,46.830411350180626,52.52829489200272,35.43464426653645,-38.51851851851852,19.68306583120421,84.4435098733488,30353.1,-120490,33358.35,-245.0,-0.8554170594602173
2021-07-13,18737.0,18825.5,18507.75,22282.916666666668,19053.89584690082,621.7857142857143,51.13636363636364,-634.5169246289406,-846.4316542094152,211.9147295804746,19933.82475628956,17081.67524371044,18507.75,2852.149512579119,32.64376177793774,45.90011718731439,6.131050959184435,-71.66276346604215,-7.544937188752768,49.018814166415304,30211.0,-141065,33418.15,3175.0,11.181152274968298
2021-07-14,18654.0,18709.5,18469.75,22133.25,18973.52481386265,607.1428571428571,54.03930131004367,-631.995419369734,-803.544407241479,171.548987871745,19884.419293695995,17055.080706304005,18469.75,2829.3385873919906,29.613215702666345,40.47115002576504,7.897347056468959,-83.90501319261213,-24.49678030874635,39.62620522671015,30472.55,-164908,33474.1,-42.0,-0.1330334800924926
2021-07-15,18505.0,18632.5,18452.5,21986.583333333332,18892.236736351922,551.4285714285714,38.77266387726639,-629.9971412393606,-768.8349540410554,138.83781280169478,19875.800463895914,17029.199536104086,18452.5,2846.6009277918274,25.276249335883097,35.40618312913773,5.016381749373835,-88.65435356200528,-26.01403115668635,0.0,30000.85,-178176,33338.4,-475.0,-1.506549525833356
2021-07-16,18352.0,18614.5,18492.5,21840.25,18845.357047175552,496.07142857142856,43.20827943078914,-598.9159017783641,-734.8511435885172,135.93524181015312,19858.74533513915,17126.25466486085,18492.5,2732.4906702782973,29.592145631901474,33.46817063005898,21.840095635586465,-71.05263157894737,-12.941821895967802,13.102564145317862,29099.4,-165626,32919.15,-2312.0,-7.445095639853161
2021-07-19,18357.0,18618.5,18595.0,21701.5,18839.608756968355,498.2142857142857,44.21855146124524,-537.0270001860881,-695.2863149080314,158.25931472194327,19685.929106674437,17504.070893325563,18595.0,2181.8582133488744,42.37931973915697,36.43855366642497,54.26085188462096,-48.538011695906434,12.09963347428135,16.086852103447747,27982.55,-148863,32243.85,-473.0,-1.6456753183494488
2021-07-20,18471.0,18604.0,18685.0,21562.666666666668,18839.646018209463,495.0,43.134715025906736,-478.0311143210747,-651.83527479064,173.80416046956532,19497.157620169884,17872.842379830116,18685.0,1624.315240339769,52.31980389302871,41.732303741959555,73.49480419516703,-45.32163742690059,24.12862992272123,12.885258943333364,26565.3,-131985,31519.85,-1523.0,-5.3875269730093045
2021-07-21,18577.0,18615.5,18714.0,21421.75,18830.155921237132,463.92857142857144,47.8448275862069,-434.33882637189527,-608.3359851068911,173.99715873499588,19487.737341534077,17940.262658465923,18714.0,1547.4746830681543,56.37279075494064,46.612466079619914,75.89344010558209,-35.52123552123552,10.731549424405056,26.798672134426244,24579.55,-144807,30994.25,-618.0,-2.310625887983253
2021-07-22,18628.0,18566.5,18740.75,21266.0,18786.807738262167,451.07142857142856,47.10042432814709,-424.2740557408033,-571.5235992336736,147.24954349287032,19418.270828967066,18063.229171032934,18740.75,1355.0416579341327,51.02964304978875,48.08485840300953,56.91921234334721,-63.706563706563706,-40.61137102530231,24.599745892731125,22965.1,-156027,30420.7,-678.0,-2.594917330067359
2021-07-23,18607.0,18479.5,18709.25,21114.75,18739.96890604672,444.64285714285717,43.47826086956522,-417.9352860926192,-540.8059366054628,122.87065051284355,19408.921163363273,18009.578836636727,18709.25,1399.3423267265462,45.17856031645431,47.11609237415779,41.30349620104735,-69.88416988416988,-66.80016386246268,13.900074451818465,21324.55,-169706,30096.2,1384.0,5.438113948919443
2021-07-26,18542.0,18449.5,18686.0,20971.833333333332,18713.305200708935,451.42857142857144,42.22222222222222,-395.0438251307387,-511.65351431051795,116.60968917977925,19386.387862469608,17985.612137530392,18686.0,1400.7757249392162,45.9988685371498,46.74368442848846,44.50923675447247,-57.142857142857146,-41.2078066269837,10.189805437918118,19290.05,-155894,29591.0,-2153.0,-8.023403145263474
2021-07-27,18452.0,18461.5,18643.5,20824.166666666668,18682.514229212848,412.14285714285717,46.19124797406807,-378.191041469654,-484.9610197423452,106.76997827269116,19304.38537106235,17982.61462893765,18643.5,1321.7707421247032,43.6703966630326,45.71925517333651,39.57267964242479,-62.54826254826255,-39.021395715205664,21.914088996865633,18244.2,-163642,29108.25,-730.0,-2.9577407722539584
2021-07-28,18390.0,18483.5,18596.5,20676.0,18658.465255002102,393.92857142857144,42.461005199306754,-357.4865409776976,-459.4661239894157,101.97958301171809,19167.418926864964,18025.581073135036,18596.5,1141.8378537299286,41.53189842894984,44.323469591874286,35.94875610310095,-59.45945945945946,-32.362193794592,10.895157206191922,17302.4,-157825,28607.8,-1377.0,-5.74923802763977
2021-07-29,18435.0,18531.5,18582.0,20531.166666666668,18652.897135478095,391.7857142857143,39.745916515426494,-323.62989197712886,-432.2988775869583,108.66898560982946,19136.013110238197,18027.986889761803,18582.0,1108.026220476393,45.66178849511688,44.76957589295515,47.44621369944035,-40.34334763948498,1.5378471096853952,3.611399836641626,16111.9,-146861,28099.45,190.0,0.8416762647293297
2021-07-30,18529.0,18568.0,18591.25,20398.916666666668,18663.5735987659,382.14285714285717,50.09940357852883,-280.2535442760891,-401.8898109247845,121.63626664869543,19151.2676219032,18031.2323780968,18591.25,1120.0352438064,53.80720540197335,47.782119062627885,65.85737808066426,-26.180257510729614,32.55867643834398,74.19276020103858,15231.15,-135121,27544.0,-2157.0,-9.475487612018973
2021-08-02,18469.0,18505.5,18562.0,20253.25,18615.61420840724,403.2142857142857,47.90874524714829,-291.33756195446404,-379.7793611307205,88.44179917625644,19148.680223128868,17975.319776871132,18562.0,1173.360446257735,44.379141118749324,46.64779308133503,39.841837193577916,-74.89711934156378,-65.13241450159582,59.843442343543494,14729.2,-149373,26982.05,151.0,0.7327607123792879
2021-08-03,18348.0,18400.0,18502.0,20132.916666666668,18536.508093320837,408.2142857142857,42.78438030560272,-326.6160651274986,-369.1467019300761,42.53063680257753,19148.890538206477,17855.109461793523,18502.0,1293.7810764129536,31.81761430231824,41.7044001549961,12.044042596962512,-94.13919413919415,-100.45570345501464,35.41810383343758,14778.2,-166078,26637.05,2401.0,11.566624915695156
2021-08-04,18150.0,18270.0,18442.75,20007.75,18432.078751099805,427.85714285714283,39.375,-378.0551651618989,-370.9283945764407,-7.126770585458189,19241.462615466462,17644.037384533538,18442.75,1597.425230932924,21.325508510988044,34.91143627366009,-5.846347014356041,-99.69418960244649,-116.84109167857866,0.0,14438.55,-184252,26307.45,2026.0,8.748218835010157
2021-08-05,17910.0,18172.5,18369.5,19876.833333333332,18333.78553670935,420.7142857142857,33.10810810810811,-417.239016583022,-380.190518977757,-37.04849760526503,19267.678859224547,17471.321140775453,18369.5,1796.3577184490932,17.876748502874324,29.2332070167315,-4.836168524840026,-90.02695417789758,-120.59087621163695,0.0,14192.0,-196696,26136.35,503.0,1.9972205677982968
2021-08-06,17667.0,18098.0,18288.75,19752.333333333332,18259.139295117984,409.64285714285717,27.33944954128441,-431.21794272112675,-390.396003726431,-40.821938994695756,19176.12267433582,17401.37732566418,18288.75,1774.7453486716404,18.544934214576948,25.67044941601332,4.2939038117042045,-81.94070080862534,-96.49950459089561,0.0,14107.45,-184754,25964.9,-476.0,-1.8530052943008357
2021-08-09,17508.0,17988.5,18219.0,19625.583333333332,18173.983171773412,426.42857142857144,24.168126094570923,-452.01376299775075,-402.719555580695,-49.29420741705576,19167.597857227633,17270.402142772367,18219.0,1897.1957144552653,15.330648526829735,22.22384911961879,1.5442473412516264,-91.82561307901908,-78.47708936480458,0.0,13784.7,-195252,25767.65,-761.0,-3.018403934634306
2021-08-10,17356.0,17852.0,18156.75,19493.666666666668,18064.556203033088,426.07142857142856,22.294022617124384,-490.2781377102292,-420.23127200660184,-70.04686570362736,19244.45775390026,17069.04224609974,18156.75,2175.4155078005206,10.572235341545243,18.339977860260944,-4.963249695886162,-98.94459102902374,-100.540203612591,0.0,13337.65,-206886,25406.8,-97.0,-0.3967117909287943
2021-08-11,17285.0,17717.5,18100.5,19368.666666666668,17971.265136077556,422.85714285714283,26.881720430107535,-509.8838086364158,-438.1617793325646,-71.72202930385117,19288.359197752085,16912.640802247915,18100.5,2375.718395504169,11.15443708760021,15.944797602707368,1.5737160573858944,-87.68115942028986,-96.63298685323858,16.49931651485428,12717.8,-195440,25029.5,-371.0,-1.5233637184856708
2021-08-12,17216.0,17563.0,18047.25,19260.416666666668,17884.001789784455,415.0,27.372262773722625,-521.8268977251755,-454.8948030110868,-66.93209471408869,19323.6160380776,16770.8839619224,18047.25,2552.7320761551964,11.673579527326694,14.521058244247143,5.9786220934857965,-89.1304347826087,-83.11791014001423,18.263515841222052,12615.15,-206655,24537.35,-2772.0,-11.558187049159818
2021-08-13,17050.0,17358.5,17963.25,19146.333333333332,17773.14447647165,415.0,20.103092783505147,-551.9609202565407,-474.30802646017764,-77.65289379636306,19357.547691539217,16568.952308460783,17963.25,2788.5953830784347,8.628947198111977,12.557021228868756,0.7727991365984188,-98.1981981981982,-86.49767126529873,0.0,12514.45,-217191,24139.9,-418.0,-1.9706755928527664
2021-08-16,16809.0,17158.5,17832.0,19017.5,17619.511669188636,452.85714285714283,17.205882352941174,-613.9524089035476,-502.23690294885165,-111.71550595469597,19385.68627870352,16278.31372129648,17832.0,3107.3725574070413,6.105365151475004,10.40646920307084,-2.496842951716669,-99.27536231884058,-100.0998507109837,0.0,12408.9,-231843,23757.45,-173.0,-0.8320107728562509
2021-08-17,16619.0,16987.5,17693.75,18886.416666666668,17472.4153197421,461.42857142857144,15.820029027576211,-662.3052571722437,-534.2505737935301,-128.05468337871366,19357.920015985528,16029.579984014472,17693.75,3328.3400319710563,6.095559890012872,8.969499432051517,0.3476808059355818,-95.92529711375212,-102.19995150770059,0.0,12166.85,-243880,23332.65,-2370.0,-11.493695441319108
2021-08-18,16401.0,16843.0,17556.5,18754.75,17331.70909881428,457.14285714285717,11.177347242921002,-699.0226709762392,-567.2049932300719,-131.8176777461673,19307.848653256446,15805.151346743552,17556.5,3502.697306512893,4.738812078573982,7.559270314225673,-0.9021043927293988,-98.64176570458405,-91.05191037854814,0.0,11883.65,-251038,22861.0,-1555.0,-8.52054794520548
2021-08-19,16462.0,16839.0,17505.75,18658.75,17334.403470355777,550.3571428571429,34.57738748627881,-610.9349163101251,-575.9509778460825,-34.98393846404258,19215.5646252245,15795.935374775501,17505.75,3419.6292504489975,26.872288221159025,13.996942949870121,52.62297876373683,-46.880907372400756,-8.855031171509555,63.7058253014622,12133.85,-234814,23243.1,16397.0,98.21503444144955
2021-08-20,16673.0,16861.5,17479.75,18580.916666666668,17376.365044607606,530.7142857142857,45.58991981672394,-501.8526593345632,-561.1313141437787,59.27865480921548,19154.48635002805,15805.013649971948,17479.75,3349.4727000561033,48.40062095815961,25.464835619299947,94.27219163587893,-20.869565217391305,9.558574159891977,100.0,12532.65,-213159,23551.95,-81.0,-0.24477215036866617
2021-08-23,16841.0,16825.0,17406.75,18489.5,17340.52075464498,550.0,41.76285414480588,-472.49359578579606,-543.4037704721823,70.9101746863862,19028.004468808518,15785.49553119148,17406.75,3242.508937617038,49.77126824346318,33.56697982735436,82.17984507568084,-49.63855421686747,-18.056856415545774,88.87887366249547,13002.7,-236372,24153.2,3695.0,11.193238617430556
2021-08-24,17005.0,16812.0,17332.0,18400.333333333332,17298.09020658355,530.0,43.97790055248619,-452.4830064437592,-525.2196176664977,72.73661122273847,18899.335654105907,15764.664345894093,17332.0,3134.671308211815,48.92623913048299,38.686732928397234,69.4052515346545,-52.76381909547739,-32.23030058678524,95.31560954711964,13654.1,-257148,24908.2,2345.0,6.388601318585518
2021-08-25,17203.0,16802.0,17259.75,18316.333333333332,17268.27209167083,527.1428571428571,45.46448087431694,-424.4692056037784,-505.06953525395386,80.60032965017547,18745.044494988157,15774.455505011843,17259.75,2970.5889899763133,49.87042407693841,42.41462997791096,64.78201227499332,-48.24120603015076,-25.01599364936347,99.63548513515525,14286.75,-238678,25818.6,1731.0,4.432664976569112
2021-08-26,17159.0,16810.5,17186.75,18243.25,17256.055701987894,525.0,45.52401746724891,-385.319142773551,-481.1194567578733,95.80031398432232,18531.561765345075,15841.938234654923,17186.75,2689.6235306901526,53.09619561578139,45.975151857201105,67.33828313294195,-40.45226130653266,-9.655344518555788,99.80849339486697,14565.55,-222138,26646.4,-1462.0,-3.5849149134422054
2021-08-27,17039.0,16856.0,17107.25,18185.5,17248.33611132238,499.2857142857143,47.855530474040634,-347.46289249033725,-454.38814390436613,106.92525141402888,18228.65173091773,15985.848269082271,17107.25,2242.8034618354577,55.832974631626456,49.261092782009555,68.97673833086026,-38.69346733668342,-1.088871887715394,100.0,14541.2,-210885,27580.05,-40.0,-0.10172939979654627
2021-08-30,16925.0,16883.0,17020.75,18128.166666666668,17170.399338815485,521.7857142857143,43.846949327817995,-373.2739454879338,-438.16530422107974,64.89135873314592,18064.434137537493,15977.065862462505,17020.75,2087.3682750749886,45.0502659160338,47.8574838266843,39.43583009473281,-76.13065326633166,-43.63929117724827,89.07093865319491,15040.55,-235124,28760.95,5096.0,12.973523421588595
2021-08-31,16898.0,16951.5,16969.5,18073.75,17131.313687499725,535.3571428571429,46.81684622918708,-362.9176599961538,-423.1157753760946,60.19811537994076,17954.166120276852,15984.833879723148,16969.5,1969.3322405537037,37.54985047997025,44.421606044446285,23.806339351018195,-59.54773869346734,-26.70104100956531,97.16811424843888,15261.45,-214001,29749.25,-1451.0,-3.269785469623221
2021-09-01,16814.0,17008.5,16925.75,18020.333333333332,17077.379050594987,555.0,45.35104364326376,-366.2235028730138,-411.7373208754784,45.51381800246463,17900.09606950401,15951.403930495992,16925.75,1948.692139008017,30.403041150780577,39.74875107989105,11.711621292559627,-69.34673366834171,-42.371209382431694,93.17172605034607,15557.3,-238092,30746.1,2197.0,5.1182294700058195
2021-09-02,16603.0,16881.0,16860.0,17951.5,16982.86676006213,571.7857142857143,44.13665743305633,-402.9306617893744,-409.97598905825765,7.045327268883227,17876.174456634195,15843.825543365803,16860.0,2032.3489132683917,21.242720074546362,33.58007407810949,-3.4319879325798937,-93.46733668341709,-69.7418211418017,89.86080358029012,16058.85,-260567,31828.05,2205.0,4.8867514737821915
2021-09-03,16386.0,16712.5,16787.0,17887.416666666668,16897.831830532403,548.9285714285714,49.2798353909465,-426.69916906812796,-413.32062506023175,-13.37854400789621,17804.232571865046,15769.767428134955,16787.0,2034.4651437300909,19.2713024341258,28.810483530114926,0.19294024214755012,-89.83050847457628,-78.80895761739137,100.0,16882.2,-232158,32999.9,1322.0,2.793331502102392
2021-09-06,16293.0,16609.0,16717.0,17823.583333333332,16808.99070381503,556.4285714285714,48.87755102040817,-450.4300603085394,-420.7425121098933,-29.687548198646084,17759.135459424295,15674.864540575703,16717.0,2084.2709188485915,17.239426847975757,24.95346463606854,1.811351271790194,-91.03448275862068,-81.58111629152468,98.94420445988858,17300.1,-251014,34226.85,341.0,0.7009393821044707
2021-09-07,16123.0,16510.5,16661.25,17775.25,16723.37254154693,560.0,49.12820512820513,-468.2769972027818,-430.24940912847103,-38.027588074310756,17752.164030092496,15570.335969907506,16661.25,2181.828060184989,14.646104385136992,21.517677885758022,0.902957383894929,-93.5632183908046,-72.16230606631318,98.96867335477357,17467.15,-265989,35458.3,-7.0,-0.014288630332726093
2021-09-08,15927.0,16370.5,16586.25,17718.833333333332,16614.95610901865,474.2857142857143,26.857887874837033,-502.84907599795406,-444.7693425023677,-58.07973349558637,17757.77116588019,15414.728834119811,16586.25,2343.042331760378,9.963074565215708,17.66614344557725,-5.443063195507378,-99.57805907172995,-84.6891473746129,0.0,17773.5,-283562,36755.65,947.0,1.9333238062184899
2021-09-09,15709.0,16156.0,16483.25,17661.0,16460.674574826397,473.92857142857144,15.336658354114718,-571.2705157833661,-470.0695771585674,-101.20093862479871,17830.32197088235,15136.178029117651,16483.25,2694.143941764698,7.2695006905359625,14.200595860563489,-6.592689649519091,-98.47619047619048,-110.5563272160449,0.0,18674.0,-312787,38332.15,2811.0,5.6298818345684065
2021-09-10,15505.0,15945.5,16400.75,17618.833333333332,16328.229377223883,449.64285714285717,20.845921450151053,-612.3839456348087,-498.5324508538157,-113.851494780993,17882.17632195072,14919.32367804928,16400.75,2962.8526439014386,9.52066329560635,12.64061833891111,3.280753208996831,-87.72635814889335,-100.32967886268165,16.230841002473714,19917.4,-277383,39944.65,302.0,0.5726095447564417
2021-09-13,15227.0,15760.0,16321.5,17582.833333333332,16161.25515082161,464.2857142857143,18.648648648648646,-677.1037673630344,-534.2467141556594,-142.85705320737497,18011.984514787655,14631.015485212343,16321.5,3380.9690295753117,6.701718792815583,10.660985156879269,-1.2168139353117908,-99.07407407407408,-101.51757317936418,9.757455205033056,20846.5,-310617,41625.2,1188.0,2.239692325094733
2021-09-14,14922.0,15522.5,16237.0,17538.583333333332,15992.087993600504,468.92857142857144,15.78947368421052,-735.2505933055108,-574.4474899856298,-160.80310331988107,18135.515763764728,14338.48423623527,16237.0,3797.031527529458,4.75641281714401,8.692794376967516,-3.116350302503001,-99.30675909878683,-99.08013419180757,1.334039325795732,21802.75,-341779,43521.4,1943.0,3.5828216333831264
2021-09-15,14627.0,15277.0,16142.75,17471.083333333332,15812.841518019502,473.57142857142856,11.352040816326522,-794.3656211145135,-618.4311162114066,-175.93450490310693,18265.73814980455,14019.76185019545,16142.75,4245.976299609101,3.246872022363281,6.8774869254327715,-4.014357783775699,-99.84101748807632,-96.23477438467089,0.0,22850.4,-369890,45493.55,-36.0,-0.06408658810125312
2021-09-16,14544.0,15126.5,16003.75,17416.75,15695.428040112882,533.5714285714286,20.206659012629174,-794.1353366786643,-653.5719603048581,-140.56337637380625,18155.013704503894,13852.486295496106,16003.75,4302.527409007787,13.459347188462571,9.071440346442705,22.235160872502302,-75.3012048192771,-78.27481044367484,23.34598754188536,25767.1,-295332,46565.95,-1598.0,-2.8465566995617975
2021-09-17,14365.0,14935.0,15823.75,17337.583333333332,15550.625369625941,523.2142857142857,21.917808219178085,-817.2126313607932,-686.3000945160452,-130.91253684474805,17953.32587820971,13694.17412179029,15823.75,4259.15175641942,14.736787014530602,10.959889235805337,22.29058257198113,-86.9496855345912,-72.94393626901963,27.857584447902024,27033.8,-342321,47708.35,1319.0,2.418408507517422
2021-09-22,14187.0,14707.0,15658.0,17250.25,15372.9467629949,532.8571428571429,13.17365269461078,-865.0684875207444,-722.0537731169851,-143.01471440375929,17914.35570170831,13401.644298291689,15658.0,4512.7114034166225,11.933368213768702,11.284382228459792,13.231340184386521,-95.40059347181008,-88.51292739852815,4.802841553838252,27581.6,-376490,48721.1,1102.0,1.97282443294724
2021-09-23,14030.0,14476.0,15493.25,17156.25,15204.094690328719,520.0,13.530135301352999,-899.4846883580758,-757.5399561652033,-141.9447321928725,17848.323526620665,13138.176473379333,15493.25,4710.147053241331,10.394603199423038,10.987789218780875,9.208231160707363,-95.34883720930233,-82.39761775081998,5.742739617356992,28616.8,-417970,49727.05,2209.0,3.878092027878721
2021-09-24,13942.0,14284.5,15327.5,17061.25,15057.990434106936,504.64285714285717,16.963064295485637,-910.6143649302521,-788.154837918213,-122.45952701203908,17707.005698337594,12947.994301662406,15327.5,4759.011396675189,12.337536884721741,11.437705107427831,14.13720043930956,-89.60817717206133,-74.80663446502341,14.793961900737107,29848.4,-374868,50746.65,2004.0,3.3868514449890252
2021-09-27,13898.0,14221.0,15188.5,16985.75,14991.515154668181,536.0714285714286,30.06912442396313,-853.9140902796171,-801.306688390494,-52.60740188912314,17443.749081820602,12933.2509181794,15188.5,4510.498163641203,27.850271138137963,16.908560450997875,49.73369251241813,-64.65364120781527,-49.363496105924575,49.54733745096263,31891.65,-317463,51763.9,-1509.0,-2.4667342334978914
2021-09-28,13847.0,14106.0,15025.75,16908.083333333332,14889.466092318831,554.2857142857143,28.03437164339421,-834.8592985700925,-808.0172104264137,-26.84208814367878,17142.965835652303,12908.534164347697,15025.75,4234.431671304606,31.06684742542531,21.627989442473684,49.94456339132856,-80.14311270125224,-44.1901877015019,44.160997102138225,33753.3,-365949,52841.05,1158.0,1.9408363362105163
2021-09-29,13884.0,14035.5,14897.75,16826.833333333332,14792.374083526562,563.5714285714286,28.064516129032256,-814.4048686145361,-809.2947420640382,-5.110126550497853,16966.490972312957,12829.009027687043,14897.75,4137.4819446259135,32.08510549082408,25.113694791923812,46.027926888624606,-80.68833652007648,-51.060468935063085,89.28995383600792,34550.4,-406130,53636.65,-535.0,-0.8796014665504837
2021-09-30,13940.0,13985.0,14753.75,16741.75,14705.481313666889,563.2142857142857,30.334486735870826,-788.3006301181395,-805.0959196748585,16.795289556719013,16672.17280340691,12835.327196593093,14753.75,3836.8456068138166,32.98916942631515,27.73885300338759,43.489802272170266,-75.87822014051523,-45.68352855839553,100.0,35154.85,-372918,54480.55,-485.0,-0.8044718683651753
2021-10-08,14051.0,13996.5,14636.75,16668.416666666668,14659.721188555757,550.7142857142857,40.58679706601466,-731.3437409244598,-790.3454839247787,59.001743000318925,16366.174227277616,12907.325772722384,14636.75,3458.848454555231,42.690733889504926,32.72281329876004,62.62657507099469,-54.255319148936174,-29.229053040942294,100.0,35891.4,-334096,55247.7,662.0,1.106967877865661
2021-10-11,14236.0,14067.0,14596.75,16608.75,14719.271551550448,592.1428571428571,52.11822660098522,-593.8265913747182,-751.0417054147666,157.21511404004843,16218.809363570708,12974.690636429292,14596.75,3244.1187271414165,61.793822593003284,42.41314973017445,100.55516831866095,-0.0,22.767283636357703,100.0,37705.85,-275332,55731.3,-3466.0,-5.732241792772674
2021-10-12,14510.0,14178.5,14556.75,16544.166666666668,14773.626641878978,608.5714285714286,57.79716466739367,-478.9191198884564,-696.6171883095046,217.69806842104822,16058.777664613139,13054.722335386861,14556.75,3004.0553292262775,67.7659300378476,50.864076499398834,101.56963711474512,-20.28985507246377,52.414277771004045,100.00000000000001,39784.5,-205350,56115.75,-661.0,-1.1596694678854047
2021-10-13,14818.0,14351.0,14529.0,16488.333333333332,14834.233628366695,665.3571428571429,61.351052048726466,-373.86148131787013,-632.0660469111778,258.2045655933076,15939.179533176368,13118.820466823632,14529.0,2820.3590663527357,71.34491305146334,57.691022016753664,98.6526951208827,-21.497120921305182,60.74590825059479,100.0,42478.25,-132619,56470.65,-250.0,-0.4437502218751055
2021-10-14,14979.0,14459.5,14467.75,16428.583333333332,14820.020901855583,695.7142857142857,55.79053373615308,-345.1255937617916,-574.6779562813006,229.55236251950896,15723.308064221494,13212.191935778506,14467.75,2511.1161284429872,63.269722555570894,59.55058886302608,70.70798994066053,-49.32821497120921,35.64625144908458,88.45824310336427,44158.1,-181191,56936.35,2209.0,3.9384538582228013
2021-10-15,15169.0,14610.0,14447.25,16378.0,14853.828435012194,657.1428571428571,55.967903711133395,-279.59034745703866,-515.6604345164483,236.07008705940962,15637.70093181226,13256.79906818774,14447.25,2380.90186362452,64.04128689851913,61.04748820819043,70.02888427917654,-30.518234165067177,48.92035690764694,88.82640323105527,45489.3,-136994,57240.15,-2291.0,-3.9298763229668743
2021-10-18,15281.0,14758.5,14489.75,16340.083333333334,14948.225726915794,687.8571428571429,65.9047619047619,-171.6115607800166,-446.85065976916195,275.23909898914536,15815.536658236513,13163.963341763487,14489.75,2651.5733164730264,71.14471209901276,64.41322950513121,84.60767728677587,-13.134851138353765,107.47254744161164,100.0,46543.35,-86688,57146.45,-5139.0,-9.175802592579362
2021-10-19,15498.0,15004.0,14555.0,16306.333333333334,15084.108991019051,702.8571428571429,75.42533081285444,-42.77790670793365,-366.0361091569163,323.2582024489827,16109.717777740094,13000.282222259906,14555.0,3109.4355554801878,79.78634042254086,69.53759981093442,100.28382164575373,-2.588996763754045,108.07442901470083,100.0,47289.15,-36368,56988.1,-991.0,-1.9482179015864909
2021-10-20,15661.0,15239.5,14637.5,16263.666666666666,15192.765277588665,737.5,74.50980392156862,46.68182690076901,-283.4925219453793,330.1743488461483,16362.475972372717,12912.524027627283,14637.5,3449.951944745433,81.86004784388297,73.64508248858394,98.28997855448102,-11.591962905718702,94.37927089393472,98.43398666212535,47892.2,-81663,56696.75,-1472.0,-2.9513192717940506
2021-10-21,15887.0,15433.0,14709.0,16213.25,15252.025727342127,763.2142857142857,68.83230904302019,83.5328224414825,-210.08745306800694,293.62027550948943,16506.912825004547,12911.087174995453,14709.0,3595.825650009094,76.14639893712048,74.47885463809612,79.48148753516921,-25.65359477124183,74.14567641416164,86.08801787222966,48799.3,-130967,56399.3,1821.0,3.7620857780348738
2021-10-22,16117.0,15643.0,14819.75,16173.0,15354.213753309543,740.0,67.81504986400725,152.136504731885,-137.64266150802854,289.77916623991354,16731.57876077497,12907.92123922503,14819.75,3823.6575215499397,79.3232937358581,76.09366767068346,85.78254586620739,-9.353741496598639,73.88274329315075,83.94149204358915,49588.1,-87080,56005.05,-1972.0,-3.9263315082130434
2021-10-25,16385.0,15833.0,14950.0,16153.166666666666,15528.574348232443,774.2857142857143,77.50631844987363,272.7560677259935,-55.56291566122413,328.3189833872176,17129.29491253238,12770.70508746762,14950.0,4358.589825064759,82.81051123609177,78.33261552581956,91.76630265663619,-7.480314960629921,105.5060320599707,100.00000000000001,49330.95,-17665,55443.1,-4952.0,-10.262574347708952
2021-10-26,16574.0,16036.0,15107.25,16136.916666666666,15699.186315067449,780.7142857142857,78.65448504983388,374.91947385840285,30.533562242701258,344.3859116157016,17494.982848937412,12719.517151062588,15107.25,4775.465697874824,86.74822612872067,81.13781906011994,97.96904026592216,-4.005340453938585,89.52185040994067,100.0,48851.0,19725,54824.6,188.0,0.4341701115447627
2021-10-27,16828.0,16244.5,15297.75,16120.833333333334,15870.216189822931,795.7142857142857,79.22392886014552,464.649555883987,117.35676097095842,347.29279491302856,17812.28767854891,12783.21232145109,15297.75,5029.0753570978195,89.74583615849976,84.00715809291322,101.22319228967285,-3.3783783783783785,86.67249809900835,100.0,49320.45,63283,54179.9,578.0,1.3290717192853352
2021-10-28,17142.0,16514.5,15487.0,16104.083333333334,16014.4813146017,818.5714285714286,76.5546218487395,520.880821791392,198.06157313504514,322.8192486563469,18033.069003075347,12940.930996924655,15487.0,5092.138006150692,88.59658308002548,85.53696642195064,94.71581639617517,-8.649468892261002,75.5210548800406,90.15223075246489,49824.9,11714,53317.75,-2140.0,-4.856241632060277
2021-10-29,17218.0,16667.5,15638.75,16075.333333333334,16080.24499892535,803.9285714285714,62.74685816876122,504.7556788779184,259.4003942836198,245.3552845942986,18088.806658850765,13188.693341149235,15638.75,4900.113317701529,76.85826955737609,82.64406746709246,65.28667373794335,-32.274247491638796,56.33420119455967,29.685516741387005,50225.5,-39400,52520.9,3310.0,7.894674076370833
2021-11-01,16958.0,16671.5,15715.0,16030.083333333334,16061.650237122934,824.2857142857143,54.65935787000783,420.9567130183277,291.7116580305614,129.2450549877663,18091.301859258587,13338.698140741413,15715.0,4752.603718517174,54.445597426436386,73.24457745354043,16.84763737222829,-59.69899665551839,21.118380537718895,0.0,49741.95,-87134,51869.4,1398.0,3.090390609456861
2021-11-02,16735.0,16654.5,15829.25,15987.416666666666,16075.30259549218,794.6428571428571,56.03644646924829,376.0320906153047,308.57574454751006,67.45634606779464,18057.270776148056,13601.229223851942,15829.25,4456.041552296114,45.92489666616795,64.13801719108294,9.49865561633797,-48.99665551839465,10.53933625697706,5.6059949094707955,49846.5,-36557,51113.95,-921.0,-1.9749115471212608
2021-11-03,16485.0,16656.5,15948.0,15955.5,16091.464253064352,762.5,63.220338983050844,339.74035408170676,314.8086664543494,24.93168762735735,17980.966202116353,13915.033797883647,15948.0,4065.932404232706,40.89167868359417,56.38923768858668,9.896560673609159,-47.73869346733668,16.589507853411938,34.850928666656216,49662.3,-60,50371.75,-270.0,-0.590628691429318
2021-11-04,16349.0,16745.5,16089.25,15937.5,16149.896228962985,776.4285714285714,63.03236797274276,344.13012911570513,320.6729589866206,23.457170129084545,17897.355361974245,14281.144638025753,16089.25,3616.210723948492,44.97956572433786,52.58601370050374,29.766669772006082,-46.39423076923077,24.090295882608967,34.0857168077414,50015.55,40217,49644.85,-179.0,-0.39389138280081504
2021-11-05,16343.0,16780.5,16211.75,15924.75,16199.906111918892,731.7857142857143,57.93499043977055,341.25453828347236,324.789274845991,16.465263437481383,17807.56450907317,14615.935490926831,16211.75,3191.629018146339,47.21938685829644,50.79713808643464,40.06388440202002,-48.067632850241544,29.366340941565227,13.334784357023123,49954.65,2613,48890.45,112.0,0.24743179056665454
2021-11-08,16415.0,16686.5,16259.75,15905.5,16204.200767926617,731.7857142857143,48.732943469785575,300.81064759402034,319.99354939559686,-19.18290180157652,17794.788058845865,14724.711941154135,16259.75,3070.0761176917295,41.75467214501316,47.78298277262748,29.698050889784525,-69.1747572815534,15.028556552370183,0.0,49000.25,-37063,48421.85,2250.0,4.95845913127797
2021-11-09,16405.0,16570.0,16303.0,15882.25,16199.514980505035,701.0714285714286,49.30966469428008,258.51630990178273,307.69810149683406,-49.18179159505132,17770.24015900961,14835.759840990391,16303.0,2934.4803180192175,36.65521832321266,44.07372795615587,21.818199057326225,-73.54368932038835,-10.942151519432079,1.8914482989350758,47202.45,-71089,47979.4,-138.0,-0.2897516114808818
2021-11-10,16396.0,16440.5,16342.5,15862.833333333334,16199.56117283789,672.5,54.0913921360255,226.0234093178169,291.36316306103066,-65.33975374321375,17749.828562991082,14935.171437008918,16342.5,2814.657125982165,34.67986777103066,40.9424412277808,22.15472085753038,-71.35922330097087,-14.056019294694698,17.573878304156263,44895.05,-44506,47512.55,-738.0,-1.5540440944218692
2021-11-11,16238.0,16293.5,16404.0,15844.333333333334,16172.460108758092,657.8571428571429,45.424107142857146,175.25520049199986,268.14157054722455,-92.88637005522469,17597.626054463773,15210.373945536227,16404.0,2387.252108927547,30.330313738606726,37.40506539805611,16.180810419707967,-85.19417475728156,-32.707622880148676,0.0,43678.95,-68756,46955.4,403.0,0.8620136467669237
2021-11-12,16153.0,16248.0,16457.75,15830.416666666666,16179.84486030494,611.4285714285714,38.1795195954488,160.20597476815965,246.5544513914116,-86.34847662325194,17506.360484101908,15409.139515898092,16457.75,2097.2209682038156,35.35023279973309,36.720121198615104,32.61045600196907,-68.93203883495146,-36.69811140846441,0.0,42970.4,-38730,46424.05,-1775.0,-3.7642617805488388
2021-11-15,16249.0,16332.0,16501.75,15824.916666666666,16231.764397418756,615.0,43.07334109429569,184.4812996310411,234.1398210393375,-49.658521408296394,17515.369231944835,15488.130768055165,16501.75,2027.2384638896692,49.095922395589255,40.845388264273154,65.59699065822147,-45.87378640776699,19.4706314518499,11.923235311504857,42022.35,-7385,46057.15,-1850.0,-4.0767756010489435
2021-11-16,16274.0,16339.5,16497.0,15817.583333333334,16236.358264331257,615.0,36.692223439211396,165.89950230559407,220.49175729258883,-54.59225498699476,17514.004890533197,15479.995109466805,16497.0,2034.009781066392,46.48722868700659,42.72600173851763,54.009682583984514,-67.47572815533981,-4.525763509411814,0.0,41035.4,-37966,45748.45,173.0,0.3974361919639735
2021-11-17,16253.0,16324.5,16490.5,15816.5,16222.895572490184,577.5,36.099137931034484,134.6926867109487,203.3319431762608,-68.63925646531212,17516.4470592682,15464.552940731799,16490.5,2051.894118536402,39.85391965377159,41.76864104360229,36.024476874110206,-74.73958333333333,-37.73550574028598,0.0,39832.15,-59196,45509.85,-70.0,-0.16017573566426968
2021-11-18,16318.0,16278.0,16511.75,15819.25,16224.524565586356,535.7142857142857,44.33617539585871,120.27489458738455,186.72053345848556,-66.44563887110101,17495.52508661922,15527.974913380784,16511.75,1967.5501732384346,39.26769246759376,40.93499151826611,35.933094366249065,-55.319148936170215,-34.94432685425061,30.371211986616032,38284.7,-40841,45143.5,-734.0,-1.6822515584891784
2021-11-19,16366.0,16259.5,16520.0,15827.5,16249.807940292418,482.14285714285717,58.55728429985856,127.55126948103134,174.88668066299473,-47.335411181963394,17499.9409219572,15540.059078042797,16520.0,1959.8818439144034,48.502620666469234,43.45753456766715,58.5927928640734,-37.5886524822695,-13.787345214184775,82.80660700000377,36966.4,-23320,44816.45,-1186.0,-2.764697654902326
2021-11-22,16261.0,16255.0,16470.75,15808.166666666666,16245.064326931235,465.0,49.928673323823105,108.66465414720915,161.64227535983764,-52.97762121262849,17408.048890710073,15533.451109289928,16470.75,1874.597781420145,45.79073793666757,44.23526902400062,48.90167576200146,-65.07936507936508,-17.729508819773553,50.991603824125065,34657.75,-46562,44808.65,1433.0,3.4354622171077764
2021-11-23,16268.0,16271.0,16420.5,15783.833333333334,16251.724867223498,457.85714285714283,50.977653631284916,101.802893938122,149.67439907549453,-47.87150513737254,17269.71573726649,15571.28426273351,16420.5,1698.4314745329812,47.49963568866523,45.32339124555549,51.85212457488471,-55.95238095238095,-14.23700486567607,55.24222559718924,33667.05,-28986,44694.8,-1933.0,-4.480241047630084
2021-11-24,16361.0,16307.0,16373.75,15776.5,16281.084403678404,423.2142857142857,47.84546805349183,114.81088358697707,142.70169597779105,-27.890812390813977,17061.49899797131,15686.00100202869,16373.75,1375.49799594262,56.13125559672483,48.92601269594527,70.54174139828395,-36.507936507936506,16.38119188597102,52.30320405589373,32422.45,-10320,44506.75,-906.0,-2.198388818790642
2021-11-25,16477.0,16397.5,16345.5,15775.25,16332.409698566174,413.92857142857144,52.01668984700974,144.43468307155854,143.04829339654455,1.3863896750139872,16889.809316086878,15801.190683913124,16345.5,1088.6186321737532,69.5346582026946,55.795561198195045,97.01285221169371,-15.873015873015873,74.7288009783303,70.87651694207347,30968.7,12174,44349.55,-1523.0,-3.7785937577531903
2021-11-26,16524.0,16445.0,16346.5,15770.916666666666,16369.799251083681,379.2857142857143,57.36196319018405,158.41988570965987,146.12261185916762,12.297273850492246,16893.656284803543,15799.343715196457,16346.5,1094.3125696070856,71.53759822208626,61.04290687282545,92.52698092060787,-18.907563025210084,86.58979953324825,94.67756113953453,29453.45,-8635,43946.55,-1606.0,-4.140989608849233
2021-11-29,16500.0,16380.5,16356.25,15753.25,16342.199322409044,393.57142857142856,49.017038007863704,116.11860702771992,140.1218108928781,-24.003203865158184,16874.992152762476,15837.507847237524,16356.25,1037.4843055249512,49.50332635095606,57.19638003220232,34.117218988463534,-73.10924369747899,-37.229257676215354,57.51988550026362,28516.4,-37628,43540.65,1340.0,3.604379051564144
2021-11-30,16458.0,16363.0,16351.25,15735.416666666666,16319.60891075104,392.5,48.74835309617919,83.64759259568382,128.82696723343926,-45.179374637755444,16877.99646852663,15824.503531473367,16351.25,1053.4929370532645,39.76322385661222,51.38532797367229,16.519015622492077,-71.00840336134453,-58.354989187827094,56.323504876181936,26933.15,-18716,43035.9,-2898.0,-7.523950463431728
2021-12-01,16389.0,16375.0,16349.75,15731.833333333334,16309.646157346178,384.2857142857143,54.14364640883978,66.02901897975062,116.26737758270153,-50.23835860295091,16877.93931016108,15821.560689838921,16349.75,1056.378620322159,36.728941690571666,46.49986587930542,17.187093313104157,-61.76470588235294,-29.345485759953952,80.34727435410386,25719.75,-6487,42420.15,-2490.0,-6.990651057020125
2021-12-02,16162.0,16319.5,16298.75,15713.916666666666,16250.156047122731,389.2857142857143,42.59501965923984,9.19362348031973,94.85262676222517,-85.65900328190544,16877.104062017937,15720.395937982064,16298.75,1156.708124035873,25.383397024483678,39.46104292769817,-2.7718947819453206,-97.3076923076923,-93.2580018651038,28.92438949112381,24759.0,-27549,42013.4,4001.0,12.077032207431548
2021-12-03,15908.0,16216.0,16237.75,15695.416666666666,16174.426899777709,380.0,32.212885154061624,-53.78788152328343,65.12452510512344,-118.91240662840687,16900.24508439091,15575.254915609088,16237.75,1324.990168781822,18.31115357187801,32.411079809091454,-9.888698902548882,-95.83333333333333,-119.29729912194043,0.0,23848.15,-46936,41599.45,-32.0,-0.08618367896580104
2021-12-06,15736.0,16118.0,16186.5,15681.0,16083.52909979888,370.35714285714283,34.22619047619047,-121.26583693609791,27.84645269687917,-149.11228963297708,16990.176420877022,15382.823579122978,16186.5,1607.3528417540438,14.114792662814223,26.312317426999044,-10.280256865555423,-94.27792915531334,-125.07807446249753,7.6422518159805986,22941.05,-68470,41061.6,-228.0,-0.6145883875141478
2021-12-07,15508.0,15983.0,16127.0,15662.25,15977.002518865653,384.2857142857143,33.52769679300292,-193.09311440270722,-16.341460723038107,-176.75165367966912,17099.059127506367,15154.940872493635,16127.0,1944.1182550127323,10.545303786563903,21.056646213520665,-10.477381067349622,-96.59367396593674,-123.26184653227507,4.990858328803686,22177.0,-87215,40454.15,-1530.0,-4.149715215622463
2021-12-08,15201.0,15795.0,16051.0,15640.833333333334,15853.478469449878,399.2857142857143,28.151260504201687,-269.9025982936073,-67.05368823715195,-202.84891005645534,17217.301396453095,14884.698603546905,16051.0,2332.6027929061893,8.703842691739952,16.93904503959376,-7.766562003967664,-94.97907949790795,-122.65184271762831,0.0,21778.25,-105823,39730.1,-3070.0,-8.687040181097904
2021-12-09,15019.0,15590.5,15994.0,15621.916666666666,15750.766234264174,407.14285714285717,24.89019033674964,-319.42680819908855,-117.52831222953927,-201.8984959695493,17292.252266459964,14695.747733540034,15994.0,2596.5045329199293,9.697489330725185,14.525193136637569,0.04208171890041967,-91.00418410041841,-102.00091589365503,0.0,21455.75,-88023,38865.05,-2417.0,-7.489928726371242
2021-12-10,14902.0,15405.0,15925.0,15610.0,15666.883735762825,399.64285714285717,29.34782608695653,-347.0092882310273,-163.4245074298369,-183.58478080119042,17309.770549110654,14540.229450889345,15925.0,2769.541098221309,12.336205008362244,13.795530427212462,9.417554170661809,-87.02928870292887,-85.91336049469383,13.727725216381046,20831.25,-70487,37912.9,-3517.0,-11.781060529929988
2021-12-13,14740.0,15238.0,15809.25,15600.25,15547.180522833032,449.2857142857143,23.281907433380084,-401.36012827621016,-211.01163159911155,-190.3484966770986,17295.73747051565,14322.76252948435,15809.25,2972.9749410313016,14.974310645797516,14.188457166740813,16.546017603910922,-83.96694214876032,-104.77296667132295,0.0,20442.75,-94062,38206.45,23064.0,87.57594167679221
2021-12-14,14599.0,15053.5,15708.25,15586.75,15424.59190161084,456.7857142857143,16.85878962536023,-451.33460263324923,-259.0762258059391,-192.25837682731014,17328.540016275518,14087.95998372448,15708.25,3240.580032551037,14.912969422437492,14.42996125197304,15.878985763366394,-88.92561983471074,-86.930145481337,0.0,19929.05,-114369,38594.4,2061.0,4.172064777327944
2021-12-15,14523.0,14862.0,15618.5,15582.166666666666,15317.487910981235,450.0,11.23076923076924,-482.15409561801425,-303.69179976835414,-178.4622958496601,17344.02692181106,13892.97307818894,15618.5,3451.0538436221195,16.469394758561464,15.109772420835847,19.188639434012696,-87.60330578512396,-77.30267828022725,0.0,19578.8,-100144,38997.6,235.0,0.456656497153185
2021-12-16,14438.0,14728.5,15524.0,15581.583333333334,15225.346205173499,434.2857142857143,12.948517940717636,-496.81718447368075,-342.3168767094195,-154.50030776426127,17312.093957262878,13735.906042737122,15524.0,3576.1879145257553,19.488105014216153,16.569216618629284,25.32588180538989,-82.82828282828282,-66.27941034191022,4.002874714786555,19283.5,-87695,39449.9,248.0,0.4797276385020144
2021-12-17,14302.0,14602.0,15409.0,15582.916666666666,15126.741804680783,419.2857142857143,15.257352941176464,-515.4071579705851,-376.93493296165263,-138.47222500893247,17231.027788799587,13586.972211200413,15409.0,3644.0555775991743,19.234708407592866,17.457713881617146,22.78869745954431,-88.93528183716076,-66.27415815642644,9.383159497086575,19476.95,-109085,40108.25,2935.0,5.650315724626531
2021-12-20,14229.0,14484.5,15301.25,15574.0,15023.718775663567,405.35714285714283,13.73239436619717,-535.6653177419994,-408.681009917722,-126.98430782427738,17180.30876494198,13422.19123505802,15301.25,3758.117529883959,16.410582884583583,17.10867021593929,15.014408221872166,-94.98956158663883,-65.59439893756083,5.8295441833164166,19039.15,-123571,40713.7,375.0,0.6833214890941797
2021-12-21,14221.0,14410.0,15196.5,15574.75,14947.174130362275,418.57142857142856,15.662650602409641,-531.4725333151382,-433.2393145972053,-98.23321871793291,17071.1820081227,13321.817991877298,15196.5,3749.364016245403,20.555773205107002,18.25770454566186,25.151910523997287,-86.78414096916299,-56.76517614211653,14.130359600806537,19006.95,-106639,41421.85,121.0,0.2189886705034949
2021-12-22,14176.0,14349.5,15072.25,15581.25,14864.10992747063,396.07142857142856,18.055555555555557,-533.6978727719816,-453.3310262321606,-80.36684653982098,16895.112049808376,13249.387950191624,15072.25,3645.724099616753,18.72003003317813,18.411813041500615,19.336464016533156,-91.92708333333333,-52.307077341129336,29.678892384479564,18655.6,-118278,42253.45,1563.0,2.8225733634311467
2021-12-23,14206.0,14322.0,14956.25,15596.25,14829.432791521047,396.07142857142856,32.41252302025782,-495.45621140316143,-461.7560632663608,-33.700148136800635,16596.990766592306,13315.509233407693,14956.25,3281.481533184613,43.167850709949434,26.66382559765022,76.17590093454785,-65.26946107784431,-36.62802922567786,92.11291919127692,18736.5,-94166,43051.6,-2192.0,-3.8498015385155737
2021-12-24,14284.0,14293.0,14849.0,15611.416666666666,14805.677287566661,385.0,37.5,-453.46680478766575,-460.09821157062186,6.631406782956105,16268.427608876944,13429.572391123056,14849.0,2838.8552177538877,54.969043330442474,36.09889817524764,92.70933364083214,-53.521126760563384,-18.989487591728906,100.0,18924.75,-69592,43901.5,-571.0,-1.0429985752383741
2021-12-27,14373.0,14301.0,14769.5,15613.583333333334,14775.612783988883,381.7857142857143,40.083507306889345,-422.58089584632216,-452.59474842576196,30.0138525794398,16071.910316136571,13467.089683863429,14769.5,2604.820632273142,56.85879484440845,43.018863731634575,84.53865706995619,-49.107142857142854,-14.22753115301505,100.0,18599.7,-92084,44712.2,556.0,1.0263036455929964
2021-12-28,14450.0,14335.5,14694.5,15625.0,14759.363947418515,370.7142857142857,48.31460674157304,-384.3930082615516,-438.95440039291987,54.56139213136828,15835.902184757168,13553.097815242832,14694.5,2282.804369514335,62.1966433714496,49.41145694490625,87.76701622453632,-34.13461538461539,-14.50636295067173,100.0,18673.55,-71695,45643.05,-495.0,-0.9044234528877593
2021-12-29,14542.0,14359.0,14610.5,15636.083333333334,14737.995952426274,354.2857142857143,44.54545454545455,-355.6772215981364,-422.29896463396324,66.62174303582685,15500.289448778703,13720.710551221297,14610.5,1779.578897557407,63.272939552597606,54.03195114747003,81.75491636285274,-40.29126213592233,-7.335442767244872,89.83613226376475,18554.35,-81540,46664.35,-681.0,-1.2556235710598163
2021-12-30,14531.0,14368.5,14548.5,15645.5,14710.091576004725,343.92857142857144,40.31890660592255,-336.3052836527495,-405.10022843772055,68.79494478497105,15282.150569341258,13814.849430658742,14548.5,1467.3011386825165,60.798980978327485,56.28762775775585,69.82168741947076,-44.148936170212764,-11.61899986261087,78.43885457290912,18279.2,-97099,47510.55,499.0,0.9317524040705738
2021-12-31,14505.0,14394.5,14498.25,15649.25,14685.32094971856,291.07142857142856,51.149425287356316,-316.89644014963415,-387.4594707801033,70.56303063046914,15095.456435259874,13901.043564740126,14498.25,1194.4128705197472,59.32698022668641,57.30074524739938,63.37945018526048,-43.61702127659574,-9.368322626332223,100.0,17933.55,-84625,48365.05,134.0,0.24790024790024567
2022-01-04,14440.0,14406.5,14445.5,15630.583333333334,14635.766573554887,287.5,47.46666666666666,-320.8137685714155,-374.13033033836575,53.31656176695026,14954.077996916289,13936.922003083711,14445.5,1017.1559938325772,44.283830439190126,52.961773644662955,26.927944028244468,-73.93617021276596,-41.82652150091731,90.774342163551,17791.3,-103314,49355.0,2481.0,4.5785044659334195
2022-01-05,14368.0,14409.0,14409.5,15613.166666666666,14598.550709406802,290.7142857142857,48.56396866840731,-313.8451367814014,-362.0732916269729,48.22815484557151,14862.093694865045,13956.906305134955,14409.5,905.1873897300902,36.90651987085249,47.610022386726136,15.499514839105203,-65.42553191489361,-40.43436659269066,93.23194971394705,17767.15,-85052,50356.6,-1297.0,-2.2887292876175636
2022-01-06,14276.0,14409.0,14379.25,15590.916666666666,14548.688737082344,298.57142857142856,43.24324324324324,-318.3700533358733,-353.332643968753,34.96259063287971,14836.567982198514,13921.932017801486,14379.25,914.6359643970281,25.63315316493047,40.28439931279425,-3.669339130797084,-83.51063829787235,-57.879103367504996,78.87009778843205,17678.1,-101879,51678.2,3330.0,6.013869825904794
2022-01-07,14170.0,14350.5,14336.25,15578.083333333334,14488.337428788787,288.92857142857144,43.24324324324324,-331.05059988612084,-348.87623515222657,17.825635266105735,14798.588165142553,13873.911834857447,14336.25,924.6763302851068,19.23398329807246,33.267593974553655,-8.833238054889932,-93.56435643564356,-88.5366894146066,78.87009778843205,17693.75,-119992,53191.35,1414.0,2.4087765323157706
2022-01-10,13982.0,14243.5,14268.25,15550.333333333334,14395.162435570806,313.57142857142856,38.344226579520694,-369.52053692820846,-353.00509550742294,-16.51544142078552,14795.539743579586,13740.960256420414,14268.25,1054.5794871591715,15.698472525512358,27.411220158206557,-7.727022739876041,-92.46575342465754,-147.47436787116604,63.91557468515861,18261.6,-148885,55099.65,4386.0,7.295894603766051
2022-01-11,13882.0,14161.0,14231.0,15514.0,14325.623155992633,307.5,37.802197802197796,-383.0850683779572,-359.02109008152985,-24.063978296427365,14818.004886557275,13643.995113442725,14231.0,1174.0097731145506,17.47623036092358,24.099556892445566,4.229577297879608,-81.84931506849315,-111.80284273172389,59.668580334282204,18120.1,-128140,55762.35,-1848.0,-2.865027441009582
2022-01-12,13784.0,14076.0,14205.75,15470.333333333334,14271.278093517143,306.42857142857144,42.792792792792795,-382.16742129866543,-363.650356324957,-18.517064973708443,14829.779984097437,13581.720015902563,14205.75,1248.0599681948734,21.51193135172683,23.237015045539323,18.061763964101843,-75.68493150684931,-73.03801406873134,55.40013831828783,18183.3,-106569,56243.8,-1564.0,-2.4962492418680426
2022-01-13,13711.0,13993.5,14176.25,15428.416666666666,14217.823036991702,287.5,28.532608695652172,-380.6830263357024,-367.0568903271061,-13.62613600859629,14836.264951983756,13516.235048016244,14176.25,1320.029903967512,23.287896514426834,23.253975535168493,23.355738472943514,-78.76712328767124,-70.77191186286399,0.0,18206.05,-121249,56646.9,-1332.0,-2.1803895891307934
2022-01-14,13680.0,13925.0,14146.75,15394.166666666666,14174.220842992492,285.35714285714283,27.348066298342545,-371.19316673411595,-367.88414560850805,-3.3090211256078987,14826.512148804553,13466.987851195447,14146.75,1359.5242976091067,27.232581416121953,24.58017749548631,32.537389257393244,-75.34246575342466,-63.61282549421894,0.0,18304.45,-106832,57039.95,47.0,0.07865055724756154
2022-01-17,13736.0,13859.0,14126.75,15351.916666666666,14137.628381755112,273.92857142857144,30.0,-357.13480759630147,-365.73427800606675,8.599470409765274,14824.455072663994,13429.044927336006,14126.75,1395.4101453279873,31.696720944081303,26.952358645017974,41.18544554220796,-69.41176470588235,-45.226661267704216,11.141942369263598,18079.2,-89947,57288.7,49.0,0.08193294875009638
2022-01-18,13781.0,13831.5,14119.0,15297.0,14114.044726349865,262.5,29.39481268011528,-334.0733033419292,-359.4020830732392,25.32877973131002,14823.934487437637,13414.065512562363,14119.0,1409.8689748752731,39.07986524477215,30.99486084493603,55.24987404444439,-61.111111111111114,-36.49234115736575,8.599283690975259,18101.5,-75015,57438.8,-1598.0,-2.669829919470712
2022-01-19,13787.0,13785.5,14097.25,15238.083333333334,14082.707133364163,271.07142857142856,28.813559322033896,-320.5741384321864,-351.6364941450287,31.062355712842304,14815.77535390934,13378.72464609066,14097.25,1437.0507078186783,42.50623494950622,34.83198554645943,57.85473375559981,-67.91666666666667,-36.03801420819294,6.157182135557023,18000.9,-89935,57560.4,-449.0,-0.7707360615215597
2022-01-20,13811.0,13761.0,14085.0,15177.0,14058.63978732948,266.7857142857143,32.173913043478265,-302.7548595036751,-341.860167216758,39.10530771308288,14813.408503086308,13356.591496913692,14085.0,1456.817006172616,50.5597121885597,40.07456109382619,71.53001437802672,-62.77056277056277,-35.79522381279451,20.27550925711105,18040.05,-77513,57558.0,-917.0,-1.5863130762710398
2022-01-21,13829.0,13754.5,14052.5,15118.083333333334,14038.76933139334,263.2142857142857,32.758620689655174,-283.7482465596404,-330.23778308533446,46.489536525694064,14760.666647054219,13344.333352945781,14052.5,1416.3332941084373,56.55593715796453,45.56835311520564,78.5311052434823,-56.09756097560975,-28.58669455898307,25.502353361819853,17468.75,-64827,57572.2,-1860.0,-3.2694673932149754
2022-01-24,13772.0,13754.0,13998.75,15064.75,13987.934156974927,266.07142857142856,31.66666666666667,-293.144794862068,-322.81918544068117,29.674390578613156,14701.503044892213,13295.996955107787,13998.75,1405.5060897844269,38.0097685028632,43.048824911091494,27.931655686406614,-89.0625,-63.23338183575805,20.355487563034742,17339.1,-86808,57685.5,1411.0,2.5640559694712017
2022-01-25,13701.0,13741.0,13951.0,15025.583333333334,13944.797570596362,258.92857142857144,29.714285714285722,-294.7729190891896,-317.2099321703829,22.4370130811933,14642.905074109853,13259.094925890147,13951.0,1383.8101482197053,29.613349942079743,38.570333254754246,11.699383316730746,-85.16483516483517,-65.21969975207601,14.886398711668827,16867.2,-73754,57667.25,-2075.0,-3.6764054499388688
2022-01-26,13637.0,13712.0,13894.0,14979.916666666666,13899.102563872899,252.85714285714286,31.515151515151516,-298.2733250324982,-313.422610742806,15.149285710307822,14545.715146040786,13242.284853959214,13894.0,1303.4302920815717,22.62937240233138,33.25667963727996,1.3747579324342212,-91.66666666666667,-66.24753341451006,26.216035412841414,16433.05,-85460,57559.7,-2281.0,-4.195636978994221
2022-01-27,13519.0,13665.0,13829.25,14929.833333333334,13836.3308911231,255.0,30.32069970845481,-315.5654000589384,-313.8511686060325,-1.7142314529058922,14470.049459556916,13188.450540443084,13829.25,1281.5989191138324,16.47513715710981,27.66283214388991,-5.900252816450397,-95.83333333333333,-82.74456919663051,19.24691519257671,16876.0,-104164,57311.6,-3492.0,-6.704425458385332
2022-01-28,13434.0,13631.5,13778.25,14875.166666666666,13797.156520539946,236.78571428571428,47.1571906354515,-310.7593004351056,-313.2327949718471,2.473494536741498,14373.443688067846,13183.056311932154,13778.25,1190.3873761356917,19.713583501565267,25.013082596448363,9.114585311799075,-73.80952380952381,-70.05912264425017,100.0,16958.4,-86957,56795.35,-4864.0,-10.009672175004635
2022-02-07,13474.0,13623.0,13741.0,14825.666666666666,13788.379709059951,258.2142857142857,51.23456790123458,-281.1162389015026,-306.80948375777825,25.69324485627567,14245.522703051856,13236.477296948144,13741.0,1009.0454061037126,32.98365884231335,27.669941345070026,43.6110938368,-40.476190476190474,-20.02280899344485,100.0,17212.7,-69397,56143.1,-2586.0,-5.913695716801204
2022-02-08,13725.0,13713.0,13772.25,14801.416666666666,13883.77211772091,331.42857142857144,69.78967495219885,-168.13530762700975,-279.0746485316246,110.93934090461482,14438.768645848091,13105.731354151909,13772.25,1333.0372916961824,52.008045288814955,35.78264265965167,84.45885054714151,-9.943181818181818,149.0632481518501,100.00000000000001,17590.2,-43158,56158.25,15829.0,38.47313030163089
2022-02-09,13947.0,13792.0,13788.75,14775.083333333334,13949.603344604633,341.42857142857144,65.52962298025135,-94.85240924811114,-242.2302006749219,147.37779142681075,14517.937543560794,13059.562456439206,13788.75,1458.3750871215889,60.618999889513006,44.06142840293878,93.73414286266144,-22.15909090909091,116.75694855633792,89.9625577185552,17903.0,-67676,56453.1,4297.0,7.54230148142947
2022-02-10,14225.0,13872.0,13816.5,14748.916666666666,14014.403026070859,344.2857142857143,65.59139784946237,-31.968629501134274,-200.17788644016437,168.2092569390301,14629.034047869616,13003.965952130384,13816.5,1625.0680957392324,67.40130295664503,51.84138658750753,98.52113569492002,-19.03409090909091,91.73494430393195,89.75433118007437,18441.15,-40086,56740.3,3177.0,5.185330264897425
2022-02-11,14483.0,13958.5,13856.5,14728.916666666666,14081.126547397444,351.7857142857143,66.25659050966608,24.44423075078521,-155.25346300197447,179.69769375275968,14762.805978307439,12950.194021692561,13856.5,1812.6119566148773,73.53268681958153,59.07181999819886,102.45442046234686,-14.204545454545455,92.78549626388572,91.37769798772274,18945.25,-11891,56912.25,-891.0,-1.3825528349315719
2022-02-14,14639.0,14056.5,13905.25,14699.5,14119.590685740544,368.92857142857144,60.0,50.01619555498655,-114.19953129058227,164.21572684556884,14837.59551422461,12972.90448577539,13905.25,1864.6910284492187,73.26421545547859,63.802618483958774,92.18740939851823,-27.272727272727273,69.69446177311792,76.10882632078456,18548.05,-32840,56944.4,1590.0,2.5017701203681852
2022-02-15,14516.0,14120.5,13930.75,14657.0,14124.867763289065,372.14285714285717,56.13207547169811,44.75188085109767,-82.4092488622463,127.16112971334397,14863.325804735981,12998.174195264019,13930.75,1865.1516094719627,67.21402242486451,64.93975313092736,71.76256101273881,-44.88636363636363,34.472641224606264,65.92023249126665,18947.5,-61574,57177.75,2176.0,3.3402410008442684
2022-02-16,14472.0,14209.5,13960.75,14624.916666666666,14146.785119166296,382.85714285714283,57.918552036199095,54.476399178807696,-55.03211925403551,109.5085184328432,14908.007954085877,13013.492045914123,13960.75,1894.5159081717538,66.35524200304977,65.41158275496817,68.24256049921297,-34.65909090909091,34.23010275466583,70.3780221683558,18943.2,-40089,57465.7,-472.0,-0.7011185217094207
2022-02-17,14414.0,14319.5,13992.25,14595.666666666666,14165.186536388554,385.35714285714283,57.40181268882176,60.277928932096984,-31.97010961680901,92.248038548906,14946.274577637734,13038.225422362266,13992.25,1908.0491552754684,64.78897524129698,65.20404691707776,63.95883188973542,-35.51136363636363,38.18895186665619,69.0886040062273,19139.9,-58703,57810.3,-199.0,-0.2976858292569773
2022-02-18,14309.0,14396.0,14013.75,14561.5,14167.549723399166,377.14285714285717,60.99518459069021,52.17054707006537,-15.141978279434136,67.31252534949951,14965.113979270103,13062.386020729897,14013.75,1902.7279585402066,46.13382663145289,58.84730682186947,20.70686625061971,-44.03409090909091,22.945742634516712,78.05513426382728,19442.45,-79171,58243.65,1822.0,2.733683420855204
2022-02-21,14202.0,14420.5,14021.75,14519.166666666666,14146.830702123054,395.35714285714283,56.24060150375939,26.07877441952587,-6.897827739642135,32.976602159168,14967.868246754664,13075.631753245336,14021.75,1892.2364935093283,31.623939976524156,49.77285120675437,-4.673882483936268,-57.67045454545455,1.7887393038641426,65.6715854294012,19791.25,-103032,58799.1,2491.0,3.6379834092767904
2022-02-22,14134.0,14325.0,14019.0,14479.75,14117.132540016097,399.64285714285717,55.48961424332345,-3.834480784395055,-6.285158348592719,2.4506775641976644,14967.048410933587,13070.951589066413,14019.0,1896.0968218671733,22.79602228964539,40.78057490105138,-13.173082933166597,-64.20454545454545,-18.41380012946854,63.76885738592363,20473.85,-131616,59424.25,-204.0,-0.2874737539281025
2022-02-23,14053.0,14262.5,14027.25,14440.333333333334,14101.21515525266,393.92857142857144,60.889570552147234,-18.053304881093936,-8.638787655092964,-9.414517226000973,14969.579001659418,13084.920998340582,14027.25,1884.6580033188366,20.49329834886017,34.01814938365431,-6.556403720728113,-58.84057971014493,-9.341591233735429,60.67553046544779,20997.0,-106233,59975.3,-1931.0,-2.7289814723215455
2022-02-24,14024.0,14219.0,14045.5,14400.916666666666,14110.147045228596,397.85714285714283,61.596385542168676,-9.443514018037604,-8.799732927681893,-0.6437810903557111,14985.88010232146,13105.11989767854,14045.5,1880.7602046429201,27.158133858589704,31.731477541966107,18.011446491836892,-47.239263803680984,2.986438883987438,55.84348078657737,21729.2,-79167,60443.25,-2579.0,-3.747021560992614
2022-02-25,14038.0,14173.5,14066.0,14358.25,14124.418755206825,371.7857142857143,58.937198067632856,2.594852202511902,-6.520815901643134,9.115668104155036,15006.311258657424,13125.688741342576,14066.0,1880.6225173148487,40.800458033386036,34.75447103910608,52.89243202194595,-59.49367088607595,15.208903919179908,24.108875441134636,22320.8,-54649,60944.0,-1204.0,-1.8173859228063804
2022-02-28,14103.0,14152.5,14104.5,14317.416666666666,14138.759826139509,304.64285714285717,37.34643734643735,13.193630840234619,-2.5779265532675835,15.771557393502203,15010.526024954444,13198.473975045556,14104.5,1812.0520499088889,50.11697202225736,39.875304700156505,70.60030666645906,-55.203619909502265,22.15011002907047,0.0,22518.7,-28710,61369.2,-100.0,-0.15373971865630942
2022-03-01,14152.0,14143.0,14131.75,14284.083333333334,14133.163652221461,310.7142857142857,37.71712158808933,5.791606914344811,-0.9040198597451048,6.6956267740899165,14997.546104597877,13265.953895402123,14131.75,1731.5922091957545,47.3002035703938,42.3502709902356,57.2000687307102,-71.96261682242991,4.369537747299108,1.2821939737194408,23287.4,-57138,61966.7,1371.0,2.111017014396799
2022-03-02,14189.0,14121.0,14165.25,14251.25,14133.338542486083,301.7857142857143,37.71712158808933,4.313763588768779,0.13953682995767203,4.174226758811107,14972.274913200534,13358.225086799466,14165.25,1614.0498264010675,47.96865423211439,44.2230654041952,55.45983188795279,-66.82242990654206,-2.333559752305939,1.2821939737194408,23827.65,-34627,62632.75,-910.0,-1.372217865975034
2022-03-03,14124.0,14074.0,14196.75,14212.166666666666,14108.258681296933,300.35714285714283,30.75170842824602,-18.032851707208465,-3.4949408774755555,-14.53791082973291,14893.337735812385,13500.162264187615,14196.75,1393.1754716247706,36.14576948807626,41.530633432155554,25.37604159991767,-91.21951219512195,-35.57132110421133,0.0,24180.35,-60385,63548.85,1509.0,2.3071277864416206
2022-03-04,14050.0,14044.0,14220.0,14182.25,14087.472140221034,286.42857142857144,35.012594458438286,-33.73993945525581,-9.543940593031607,-24.1959988622242,14834.311767239107,13605.688232760893,14220.0,1228.6235344782144,29.189772251310103,37.417013038540404,12.735290676849502,-84.72222222222223,-58.71875411784761,13.814007565892108,24440.4,-37977,64759.6,1029.0,1.5377718000448404
2022-03-07,13872.0,13987.5,14204.0,14147.75,14020.570031628555,299.64285714285717,31.88073394495413,-85.94646188514889,-24.824444851455066,-61.12201703369382,14887.55571905489,13520.44428094511,14204.0,1367.1114381097796,19.756144463836367,31.530056846972393,-3.7916803024356796,-99.11111111111111,-114.1444172657432,3.660357709494363,25349.75,-73724,66170.0,1407.0,2.0708230307311837
2022-03-08,13714.0,13933.0,14129.0,14115.583333333334,13950.991933378216,301.42857142857144,24.582338902147967,-133.44790866771473,-46.54913761470701,-86.89877105300772,14868.691258495564,13389.308741504436,14129.0,1479.3825169911288,15.237946438423212,26.099353377456,-6.484867439642365,-93.7984496124031,-117.64300302360782,0.0,25608.1,-105130,66641.6,-2947.0,-4.249397989935256
2022-03-09,13571.0,13880.0,14071.25,14089.833333333334,13900.421273056481,308.57142857142856,29.18552036199094,-158.77299764359486,-68.99390962048459,-89.77908802311028,14843.940957491732,13298.559042508268,14071.25,1545.3819149834635,15.584987548096095,22.594564767669365,1.5658331089495547,-83.72093023255815,-92.67525143380175,12.436309665384904,25928.35,-74207,66774.7,-2473.0,-3.7241732425757457
2022-03-10,13461.0,13792.5,14005.75,14067.166666666666,13845.14305657491,313.92857142857144,29.861111111111114,-184.78242065724953,-92.15161182783757,-92.63080882941196,14800.782438927736,13210.717561072264,14005.75,1590.0648778554714,13.232368959712641,19.47383283168379,0.7494412157703394,-91.47286821705427,-83.66302567532479,14.261537681361158,26233.75,-107905,66816.6,1353.0,2.1163441835729158
2022-03-11,13309.0,13679.5,13926.5,14039.75,13777.034194043967,307.85714285714283,30.568720379146924,-218.21108631573043,-117.36350672541616,-100.84757959031427,14739.636228633188,13113.363771366812,13926.5,1626.2724572663756,10.038124318640545,16.328596660669376,-2.5428203654171178,-96.47887323943662,-99.09607655656724,16.17326939477701,26500.6,-141437,67071.35,3366.0,5.155934072667123
2022-03-14,13200.0,13536.0,13844.25,14005.916666666666,13687.792842230256,313.92857142857144,28.227571115973745,-265.0488034405698,-146.9005660684469,-118.14823737212294,14747.334043416613,12941.165956583387,13844.25,1806.168086833226,7.370048980788613,13.342414100709123,-4.574681259052408,-98.22485207100591,-112.91413380517756,9.848240181024797,26962.25,-171619,67277.9,626.0,0.9118718135469717
2022-03-15,13104.0,13409.0,13776.0,13979.25,13604.193523922613,311.07142857142856,24.090909090909093,-301.1176837698258,-177.7439896087227,-123.37369416110312,14775.055343285538,12776.944656714462,13776.0,1998.1106865710753,6.961147557158279,11.215325252858843,-1.5472078342428475,-94.9438202247191,-102.89131951985111,0.0,27087.4,-202856,67284.9,-1815.0,-2.6199549627576646
2022-03-16,12945.0,13258.0,13689.5,13952.0,13510.936997834746,311.07142857142856,13.317757009345797,-340.70307224693533,-210.33580613636525,-130.36726611057009,14773.444550922093,12605.555449077907,13689.5,2167.8891018441864,5.352508810347512,9.261053105355067,-2.4645797796675986,-98.4251968503937,-97.8396886809577,0.0,27519.05,-232974,67334.95,389.0,0.5766294599842903
2022-03-17,12807.0,13134.0,13604.0,13924.166666666666,13427.038236136199,302.5,10.817307692307693,-367.4357490053899,-241.7557947101702,-125.67995429521969,14740.395965090382,12467.604034909618,13604.0,2272.7919301807633,6.203385320205324,8.241830510305153,2.126494940005667,-94.9238578680203,-93.05521031992757,0.0,27688.7,-210967,67403.9,179.0,0.2638172439204167
2022-03-18,12711.0,13010.0,13527.0,13895.833333333334,13353.034594599418,296.7857142857143,11.031175059952034,-382.5974102947166,-269.9241178270795,-112.67329246763711,14704.175030584489,12349.824969415511,13527.0,2354.350061168978,7.805314984112417,8.096325334907574,7.2232942825221045,-93.75,-75.92513403717781,0.7950514768352301,28232.3,-179627,67406.2,489.0,0.7188110952681903
2022-03-21,12766.0,12983.0,13485.25,13877.916666666666,13330.364633208996,304.64285714285717,29.511677282377917,-353.02210321034727,-286.5437149037331,-66.47838830661419,14658.479797565145,12312.020202434855,13485.25,2346.459595130291,23.093451579622343,13.095367416479164,43.089619905908705,-66.66666666666667,-44.42787998905155,69.49627853374045,29080.45,-138803,67087.85,-3922.0,-5.7240433170845595
2022-03-22,12791.0,12947.5,13440.25,13859.416666666666,13292.710858617662,313.92857142857144,25.80645161290323,-340.18649676862697,-297.2722712767119,-42.91422549191509,14625.969745888331,12254.530254111669,13440.25,2371.439491776662,27.780955487332324,17.990563440096885,47.36173958180321,-75.52870090634441,-38.65800921604399,61.950676863139584,29439.5,-174568,66867.2,1750.0,2.709146077156488
2022-03-23,12827.0,12886.0,13383.0,13835.833333333334,13246.26220541598,305.7142857142857,27.292110874200432,-336.6237111317405,-305.1425592477176,-31.481151884022893,14575.637060423142,12190.362939576858,13383.0,2385.274120846283,29.17955172023705,21.720226200143607,44.098202760423945,-81.29251700680273,-46.70192682054573,68.09096061202608,29440.25,-199966,66789.2,922.0,1.3896843818768323
2022-03-24,12871.0,12839.0,13315.75,13815.416666666666,13208.522947757316,303.92857142857144,28.059071729957807,-326.40644362555395,-309.3953361232849,-17.011107502269056,14466.54960759557,12164.95039240443,13315.75,2301.5992151911414,34.58305812081997,26.00783684036906,51.73350068172179,-74.70355731225297,-43.8113590783801,81.85640755137753,29275.65,-176192,66864.0,477.0,0.7091038829755592
2022-03-25,12882.0,12796.5,13238.0,13785.5,13160.568381304238,289.2857142857143,33.08457711442787,-326.2486819768292,-312.76600529399377,-13.482676682835404,14328.738040816505,12147.261959183495,13238.0,2181.476081633009,31.329603759033645,27.781759146590588,38.42529298391976,-83.94495412844037,-47.6844891354493,100.0,29483.2,-204861,67035.7,734.0,1.0834747951878443
2022-03-28,12788.0,12777.0,13156.5,13753.25,13111.466630703833,277.14285714285717,33.67088607594937,-327.1934706340726,-315.65149836200953,-11.541972272063049,14161.17905323044,12151.82094676956,13156.5,2009.3581064608807,26.323754751885314,27.295757681688833,24.379748892278272,-89.44954128440367,-53.67471747993663,100.0,29254.35,-226223,67227.65,305.0,0.4453920179909199
2022-03-29,12799.0,12795.0,13102.0,13728.25,13099.89838016061,286.07142857142856,40.182648401826484,-296.68362162611265,-311.8579230148302,15.174301388717538,14009.282814376626,12194.717185623374,13102.0,1814.565628753251,39.29857881804175,31.29669806047314,55.30234033317896,-57.79816513761468,-24.51676753108424,100.0,29930.75,-184267,67084.15,-5338.0,-7.760525703652011
2022-03-30,12817.0,12822.0,13040.0,13699.75,13080.384248716742,281.07142857142856,40.274599542334094,-276.97723141615825,-304.8817846950958,27.904553278937556,13808.99113676366,12271.00886323634,13040.0,1537.9822735273192,42.61696299312236,35.070119704689546,57.71064956998798,-57.55813953488372,-18.93473343037834,100.0,30202.25,-212208,66790.85,-3906.0,-6.1564164801563575
2022-03-31,12848.0,12859.5,12996.75,13674.25,13073.204796458005,278.92857142857144,47.03087885985748,-249.60638744635435,-293.8267052453475,44.220317798993165,13659.092533421312,12334.407466578688,12996.75,1324.6850668426232,50.301855925763164,40.14736511171408,70.61083755386133,-32.6241134751773,-1.955806444675175,100.0,30612.6,-178243,66246.5,-3512.0,-5.89855559287874
2022-04-01,12898.0,12890.0,12950.0,13649.416666666666,13061.94719679534,288.2142857142857,53.083109919571044,-229.30608077546458,-280.9225803513709,51.616499575906346,13461.746236455463,12438.253763544537,12950.0,1023.4924729109262,52.9375556918023,44.41076197174348,69.99114313191996,-39.716312056737586,-2.5241073402300884,100.0,30941.6,-207231,65627.0,-474.0,-0.846005568644248
2022-04-06,12918.0,12853.0,12918.0,13621.0,13031.761749481499,292.14285714285717,48.41075794621027,-227.54024414413834,-270.2461131099244,42.70586896578607,13394.007518737626,12441.992481262374,12918.0,952.015037475252,44.74052269217267,44.520682211886545,45.18020365274491,-69.50354609929079,-26.97335337629438,88.94531340435105,29999.65,-224139,64899.65,-750.0,-1.3500378010584346
2022-04-07,12875.0,12837.0,12892.25,13597.833333333334,13007.308249530879,282.5,53.96825396825397,-221.1705402974385,-260.43099854742724,39.260458249988744,13338.3025694768,12446.1974305232,12892.25,892.1051389536005,40.8506371753592,43.29733386637743,35.95724379332276,-65.2482269503546,-37.34636579215266,99.99999999999999,29152.15,-209683,64301.75,-358.0,-0.6532369900007273
2022-04-08,12831.0,12824.0,12855.0,13571.666666666666,12975.659844813652,290.0,51.13350125944584,-221.63677756515426,-252.67215435097265,31.035376785818386,13235.027699821465,12474.972300178535,12855.0,760.0553996429298,33.00803633212924,39.86756802162803,19.288972953131648,-83.58208955223881,-43.108144514610665,93.39789109812959,28381.65,-225196,63821.35,-123.0,-0.22591191272086641
2022-04-11,12735.0,12791.5,12815.25,13545.833333333334,12932.739859593305,300.7142857142857,47.04491725768322,-231.44209989666342,-248.42614346011084,16.984043563447415,13154.622098223535,12475.877901776465,12815.25,678.7441964470709,28.55297660237187,36.09603754854265,13.466854710030319,-81.14285714285714,-89.54550305927876,75.41586073500967,27689.35,-245048,63140.5,-2656.0,-4.889273420098306
2022-04-12,12683.0,12790.5,12793.5,13525.5,12910.097968203465,281.7857142857143,38.46153846153846,-222.92556212338422,-243.32602719276554,20.400465069381312,13102.319483977653,12484.680516022347,12793.5,617.6389679553067,32.32896852856537,34.840347875216885,27.306209835262337,-61.714285714285715,-48.71452871459043,44.93706293706292,26906.55,-227172,62113.6,-3555.0,-6.8806007703176135
2022-04-13,12684.0,12801.0,12789.0,13512.833333333334,12894.850542660277,268.92857142857144,44.54277286135694,-209.32513438508067,-236.52584863122857,27.200714246147896,13097.589320004867,12480.410679995133,12789.0,617.1786400097335,37.02883616190072,35.569843970778166,39.94682054414582,-53.57142857142857,-26.880770067661633,64.66700199625899,26044.05,-214240,60915.8,-2792.0,-5.803126039241768
2022-04-14,12668.0,12771.5,12783.25,13496.666666666666,12875.817157645011,270.7142857142857,46.604938271604944,-200.6715213777461,-229.3549831805321,28.683461802785985,13094.466205098326,12472.033794901674,12783.25,622.4324101966522,37.97954156825128,36.3730765032692,41.19247169821543,-60.11904761904762,-26.525699140772403,71.58028520959891,25090.05,-226397,59679.75,-2580.0,-5.692850838481911
2022-04-15,12665.0,12748.0,12785.0,13478.416666666666,12855.263142631202,267.14285714285717,44.099378881987576,-194.39679299447562,-222.3633451433208,27.96655214884518,13092.844800268977,12477.155199731023,12785.0,615.6896005379531,37.22445628359609,36.65686976337817,38.35962932403194,-64.28571428571429,-38.10475207801238,52.74359417001648,24241.8,-239550,58190.1,-4683.0,-10.956948993916704
2022-04-18,12840.0,12787.5,12823.5,13473.25,12907.142843332993,310.7142857142857,65.75963718820861,-128.23400815864443,-203.53747774638555,75.30346958774112,13227.351197192354,12419.648802807646,12823.5,807.7023943847089,53.23160473551215,42.18178142075616,75.33125136502413,-14.754098360655737,132.6740098516248,100.0,24626.8,-209843,56222.15,-9387.0,-24.665633129253482
2022-04-19,13907.0,13295.0,13092.5,13544.416666666666,13395.034001110804,650.3571428571429,89.74169741697418,294.4090170906129,-103.94817877898586,398.35719586959874,15450.243122475169,10734.756877524831,13092.5,4715.486244950338,67.19914588631458,50.520902909275634,100.5556318403925,-4.865771812080537,210.1863184881229,100.0,25027.25,-170494,55104.1,17487.0,60.99407045692362
2022-04-20,14928.0,13806.0,13329.5,13612.166666666666,13819.79266767168,670.0,86.82816048448146,608.224389954381,38.4863349676875,569.7380549866934,16507.13715592842,10151.86284407158,13329.5,6355.27431185684,74.92552708210445,58.65577763355191,107.46502597920954,-9.62171052631579,144.25199757378223,94.31839332825649,25082.5,-212423,54293.6,2229.0,4.82917000671621
2022-04-21,15949.0,14308.5,13572.75,13677.333333333334,14198.86003265533,683.5714285714286,87.35719725818736,842.772338608851,199.3435356959202,643.4288029129308,17317.469053477,9828.030946522998,13572.75,7489.438106954003,79.7749127915784,65.69548935289407,107.93375966894706,-10.526315789473685,111.89714106748289,95.35005310560945,24665.5,-239848,53397.75,43.0,0.08886868102344625
2022-04-22,17023.0,14844.0,13834.0,13748.083333333334,14563.730505735773,697.5,87.58414360508601,1035.278311616099,366.530490879956,668.747820736143,18052.292994740135,9615.707005259865,13834.0,8436.58598948027,84.20022434692797,71.86373435090536,108.87320433897318,-6.743421052631579,95.79248786118129,95.79261481275213,24906.85,-209623,52575.75,2399.0,4.953643478081315
2022-04-25,18029.0,15434.5,14113.0,13824.75,14931.946648046653,711.7857142857143,88.91257995735607,1206.2128681133308,534.466966326631,671.7459017866998,18772.33403870237,9453.66596129763,14113.0,9318.668077404742,88.09281238407453,77.27342702862842,109.73158309496677,-3.9556962025316458,92.18860275133385,98.38316129179975,25508.25,-173821,51741.25,227.0,0.446604233886827
2022-04-26,18089.0,15998.0,14394.25,13899.416666666666,15255.570776804116,715.0,90.32490974729242,1318.4127301198423,691.2561190852733,627.156611034569,19364.439316525608,9424.060683474392,14394.25,9940.378633051216,90.13826953662127,81.56170786462603,107.29139288061177,-5.537974683544304,78.47653136198326,100.0,25203.75,-196400,50874.05,80.0,0.15669376162961157
2022-04-27,18233.0,16580.5,14690.75,13983.916666666666,15571.70689329896,733.9285714285714,90.61624649859944,1410.8381179583357,835.1725188598858,575.6655990984499,19922.20876304819,9459.291236951809,14690.75,10462.917526096382,92.84700062771996,85.32347211899068,107.89405764517852,-1.6613924050632911,72.3636681095994,100.00000000000001,25483.2,-169449,50098.7,2142.0,4.188911704312126
2022-04-28,18357.0,17153.0,14962.25,14065.333333333334,15842.972903460965,743.5714285714286,89.92355802640722,1454.8085714732988,959.0997293825685,495.7088420907303,20382.276679872186,9542.223320127812,14962.25,10840.053359744374,93.73191045308205,88.12628489702114,104.9431615652039,-4.113924050632911,63.89833264365141,98.67185821134308,24655.0,-194841,49459.35,-2618.0,-4.91394034949415
2022-04-29,18462.0,17742.5,15245.25,14150.166666666666,16101.261198369444,745.7142857142857,91.991643454039,1483.4485727004285,1063.9694980461406,419.47907465428784,20800.17808708012,9690.32191291988,15245.25,11109.856174160239,91.40727059124801,89.21994679509676,95.78191818355052,-2.353896103896104,58.881232811322896,100.00000000000001,24583.1,-168338,48987.65,-553.0,-1.0916125466353455
2022-05-05,18455.0,18242.0,15514.75,14236.083333333334,16319.712512810449,757.8571428571429,89.7489539748954,1476.2183904971735,1146.4192765363473,329.79911396082616,21134.66615876776,9894.833841232241,15514.75,11239.832317535518,84.9868866346524,87.80892674161531,79.34280642072656,-5.012325390304026,51.503910525545784,95.31721980745016,24154.45,-193730,48703.3,235.0,0.46900570789925045
2022-05-06,18486.0,18287.5,15791.25,14320.416666666666,16525.93036873326,762.8571428571429,89.79875086745315,1460.9102034091866,1209.3174619109152,251.59274149827138,21425.0286468857,10157.471353114299,15791.25,11267.557293771402,83.44635669098592,86.35473672473884,77.6295966234801,-3.533278553820871,46.759780752781566,95.42119670852743,23475.05,-178330,48413.1,-591.0,-1.1739933652490042
2022-05-09,18602.0,18417.5,16111.75,14411.25,16776.317952663427,800.0,91.30434782608695,1485.715353657526,1264.5970402602375,221.1183133972886,21745.1693365178,10478.3306634822,16111.75,11266.8386730356,87.23131220785402,86.64692855244391,88.40007951867426,-1.285930408472012,52.29252637173552,98.56491307292842,24558.8,-139747,48478.65,6365.0,12.793969849246235
2022-05-10,18709.0,18533.0,16420.75,14480.666666666666,16983.811480981196,814.2857142857143,89.41765810895429,1472.2639431266543,1306.130420833521,166.1335222931334,21960.724610430138,10880.775389569864,16420.75,11079.949220860273,82.89025640402937,85.3947045029724,77.88136020614331,-4.495268138801261,46.33497422385023,90.18761539243164,25079.45,-164616,48463.25,-1977.0,-3.5231221598503115
2022-05-11,18862.0,18662.0,16753.0,14559.75,17206.305625649653,779.2857142857143,88.89618922470433,1474.063961165124,1339.7171288998416,134.3468322652825,22142.091711381818,11363.908288618182,16753.0,10778.183422763635,86.98707856654167,85.92549585749549,89.11024398463405,-3.380281690140845,46.19054009211927,40.051042143750564,25555.15,-139589,48541.3,1746.0,3.2250914330045344
2022-05-12,19050.0,18752.5,17093.5,14638.166666666666,17409.038423206828,446.7857142857143,71.78631051752922,1459.8723632047804,1363.7481757608293,96.12418744395109,22211.53632162509,11975.463678374908,17093.5,10236.072643250183,87.54867737769445,86.46655636422847,89.7129194046264,-7.733333333333333,44.389357705324706,0.0,25617.75,-118485,48755.1,59.0,0.10557583565957707
2022-05-13,19297.0,18891.5,17444.75,14721.583333333334,17629.130001949034,430.35714285714283,79.09516380655226,1462.8291184984737,1383.564364308358,79.26475419011558,22246.220690264985,12643.279309735017,17444.75,9602.941380529968,90.13172013267405,87.688277620377,95.01860515726815,-3.4246575342465753,45.9683717612214,36.172892136889296,26113.4,-90696,49248.75,2042.0,3.6501438964660515
2022-05-16,19424.0,19013.0,17796.75,14810.0,17834.927144620553,417.5,80.90062111801242,1454.0592929479644,1397.6633500362796,56.39594291168487,22161.405017415767,13432.09498258423,17796.75,8729.310034831537,92.20902554299482,89.19519359458293,98.2366894398186,-2.6726057906458798,45.43364616942586,45.10844057419226,26453.2,-70968,49871.95,-201.0,-0.3466413727688189
2022-05-17,19397.0,19053.0,18103.0,14887.416666666666,17928.743607037643,464.64285714285717,59.974747474747474,1353.2389533520036,1388.7784706994246,-35.539517347421,21763.081103501743,14442.918896498257,18103.0,7320.162207003486,73.52321819484398,83.97120179466995,52.627250995192014,-61.51685393258427,29.31835984121502,0.0,28664.25,-127346,50439.85,-3686.0,-6.3789284230928995
2022-05-18,19329.0,19095.5,18419.0,14964.5,18028.863263510248,447.85714285714283,57.39247311827957,1271.5906650263678,1365.3409095648135,-93.75024453844571,21045.89250075566,15792.10749924434,18419.0,5253.785001511322,63.40251020487065,77.11497126473685,35.97758808513825,-52.52808988764045,20.207186613580745,0.0,29493.0,-97618,51124.2,-2354.0,-4.351362342415621
2022-05-19,19275.0,19162.5,18702.25,15043.25,18127.542952699747,455.0,59.91902834008097,1199.9107734319114,1332.254882338233,-132.3441089063217,19863.014153931643,17541.485846068357,18702.25,2321.5283078632856,51.99056235880266,68.74016829609212,18.491350484223744,-49.56268221574344,32.445103655685294,7.3023578232745106,29322.1,-71329,52224.1,-1076.0,-2.079468150896724
2022-05-20,19144.0,19220.5,18754.0,15124.5,18216.82457625215,442.5,57.08092485549133,1130.0771173572575,1291.8193293420381,-161.74221198478062,19880.34761391341,17627.65238608659,18754.0,2252.695227826822,44.28380586821154,60.588047486798594,11.675322631037417,-49.56268221574344,27.954709964767837,0.0,28204.05,-71329,52416.55,-662.0,-1.3065445646167184
2022-05-23,19005.0,19214.5,18816.0,15210.25,18300.460330894803,432.5,60.119940029985,1064.8789296365794,1246.4312494009464,-181.55231976436698,19868.04862805361,17763.95137194639,18816.0,2104.0972561072194,39.98278829149946,53.71962775503222,12.50910936443394,-47.8134110787172,32.307949141291665,8.705106329779467,26858.4,-56313,52519.35,436.0,0.871895372555298
2022-05-24,19054.0,19225.5,18879.25,15297.416666666666,18373.273632714347,428.57142857142856,57.89473684210526,999.2691936202464,1196.9988382448064,-197.72964462456002,19820.36510006957,17938.13489993043,18879.25,1882.2302001391436,36.27862315667607,47.905959555580175,13.02395035886785,-49.56268221574344,15.714888144530814,2.3779386045432855,26423.95,-75049,52553.1,-1338.0,-2.652551445224216
2022-05-25,19083.0,19206.0,18934.0,15383.666666666666,18444.866620074885,411.42857142857144,61.66134185303515,941.264195959353,1145.8519097877158,-204.5877138283629,19790.710968886553,18077.289031113447,18934.0,1713.421937773106,35.482819900824495,43.76491300399495,18.91863369448359,-48.02431610942249,25.405541429535823,13.383865785369442,25533.35,-62636,52418.85,-961.0,-1.9570707070707072
2022-05-26,19004.0,19139.5,18946.0,15458.25,18466.307894353467,436.7857142857143,52.646638054363365,848.795731171369,1086.4406740644465,-237.64494289307754,19779.392559298885,18112.607440701115,18946.0,1666.7851185977706,26.585616197619263,38.03848073520305,3.6798871224516887,-91.20879120879121,-19.114343782297226,0.0,24851.65,-84804,52321.05,956.0,1.9857507841223088
2022-05-27,18938.0,19041.0,18966.25,15532.833333333334,18491.897618700757,403.92857142857144,42.73356401384083,771.8612276346721,1023.5247847784917,-251.66355714381962,19755.112438812008,18177.387561187992,18966.25,1577.7248776240158,22.657558812853274,32.91150676108646,2.149662916386916,-85.1985559566787,-33.95122533235142,0.0,24706.8,-65122,52191.15,-562.0,-1.1446261634656563
2022-05-30,18894.0,18949.5,18981.25,15609.5,18528.383559776874,415.35714285714283,48.58657243816254,713.9568590217605,961.6111996271455,-247.65434060538507,19749.939075463448,18212.560924536552,18981.25,1537.3781509268956,32.17331230093832,32.66544194103708,31.1890530207408,-70.98976109215018,-29.008917655562453,12.679106523049994,24435.45,-43598,52046.6,1849.0,3.809464944269325
2022-05-31,18897.0,18975.5,19014.25,15692.833333333334,18580.918458845746,410.35714285714283,45.5056179775281,676.8072043076972,904.650400563256,-227.84319625555872,19736.769531697395,18291.730468302605,19014.25,1445.03906339479,46.75007968656932,37.360321189547825,65.5295966806123,-56.996587030716725,-3.8049577867003466,7.262949187099597,24233.0,-22255,52060.65,554.0,1.0995117691422251
2022-06-01,18862.0,18972.5,19034.0,15773.083333333334,18616.069081812817,407.5,43.08797127468581,629.6180764911769,849.6439357488402,-220.02585925766334,19724.5497428632,18343.4502571368,19034.0,1381.0994857264013,51.247041076186775,41.98922781842747,69.76266759170538,-65.8703071672355,-8.720563374682603,0.9285684769398962,23553.35,-35165,52089.7,-253.0,-0.4966627404789925
2022-06-02,18932.0,18968.0,19065.25,15858.916666666666,18654.538693068742,397.5,35.82995951417004,591.0554484128079,797.9262382816338,-206.8707898688259,19687.203416769768,18443.296583230232,19065.25,1243.906833539535,57.056260315851425,47.01157198423546,77.14563697908335,-61.092150170648466,-16.232651199759868,0.0,23120.6,-18428,52139.6,652.0,1.2863258823761603
2022-06-06,19035.0,18986.5,19103.5,15948.25,18711.24929372886,406.42857142857144,39.73384030418251,572.4544668880117,752.8318840029094,-180.37741711489775,19666.500420678545,18540.499579321455,19103.5,1126.0008413570904,68.16933361923051,54.06415919590047,96.3796824658906,-45.39249146757679,18.091844418941363,15.112937971340411,23238.05,-679,52226.65,152.0,0.2960712129180587
2022-06-07,18999.0,18946.5,19080.5,16036.75,18709.70174194516,375.35714285714283,47.17832957110609,507.0838464125991,703.6822764848473,-196.59843007224822,19671.528541478427,18489.471458521573,19080.5,1182.0570829568533,54.67409435255669,54.267470914785875,55.48734122809833,-72.31638418079096,-40.79307785798665,43.932492299731244,22545.05,-25402,51968.5,-539.0,-1.0467848750267073
2022-06-08,18923.0,18910.0,19067.75,16126.916666666666,18708.777766521813,363.57142857142856,43.20388349514563,450.4876754257348,653.0433562730249,-202.5556808472901,19680.7707775306,18454.7292224694,19067.75,1226.0415550612015,45.86559209191162,51.46684464049446,34.66308699474595,-71.75141242937853,-63.29030225271742,28.546377751844158,22160.5,-8224,51788.6,-412.0,-0.8086041764798213
2022-06-09,18878.0,18870.0,19038.0,16215.333333333334,18710.32274113878,345.35714285714283,41.50000000000001,403.0064853314616,603.0359820847123,-200.02949675325067,19657.19642321829,18418.80357678171,19038.0,1238.3928464365817,40.93487683716896,47.95618870605263,26.892253099401614,-68.92655367231639,-55.5077511263167,21.95020154728226,21488.3,3359,51480.65,-815.0,-1.6125840918084666
2022-06-10,18814.0,18873.0,19006.25,16305.0,18709.339622935087,350.0,40.98765432098765,359.21915422817983,554.2726165134058,-195.05346228522592,19626.444154659406,18386.055845340594,19006.25,1240.3883093188124,36.706113748319794,44.20616372014169,21.706013804676004,-71.75141242937853,-62.476491678339166,19.96677815827727,21486.25,-17704,51208.1,767.0,1.5424836601307224
2022-06-13,18803.0,18919.0,18980.0,16406.083333333332,18755.592992179365,376.42857142857144,52.00803212851405,360.3063545976547,515.4793641302556,-155.17300953260087,19511.02681070189,18448.97318929811,18980.0,1062.0536214037784,52.47074249887986,46.96102331305441,63.490180870530736,-15.819209039548022,35.98044595903396,62.62952714691919,21533.35,11027,50868.6,703.0,1.39229977026063
2022-06-14,18949.0,18974.0,18961.75,16515.833333333332,18819.346040543234,379.2857142857143,56.69144981412639,375.3996727834492,487.46342586089435,-112.06375307744514,19390.877327442457,18532.622672557543,18961.75,858.2546548849132,66.98712849842406,53.63639170817763,93.68860207891692,-3.9408866995073892,91.56495777774428,80.76025520542426,21695.2,33992,50629.9,1815.0,3.5452680925871727
2022-06-15,19087.0,19005.0,18990.25,16625.5,18873.694036681976,382.5,54.971857410881796,380.15484033319444,466.0017087553544,-85.84686842215996,19454.049809355183,18526.450190644817,18990.25,927.5996187103665,74.46577797330835,60.5795204632212,102.23829299348264,-10.476190476190476,98.0751364888746,91.75709703132668,19708.3,17352,50554.35,-423.0,-0.7979626485568714
2022-06-16,19208.0,19043.0,19007.75,16737.25,18917.15174747417,352.5,64.53744493392071,374.7618252757784,447.7537320594392,-72.9919067836608,19495.704646296268,18519.795353703732,19007.75,975.9092925925361,77.52846736682095,66.22916943108778,100.12706323828726,-16.19047619047619,72.41987547450537,100.0,18866.75,4455,50592.1,-88.0,-0.16734173845246447
2022-06-17,19385.0,19099.5,19033.75,16853.166666666668,18980.75634295282,361.42857142857144,67.27642276422765,386.60761888861816,435.524509425275,-48.916890536656865,19585.759486951283,18481.740513048717,19033.75,1104.0189739025664,83.19824995323077,71.88552960513545,105.82369064942142,-5.416666666666667,95.09890304912471,100.0,18654.0,26489,50805.1,2429.0,4.626754795329435
2022-06-20,19498.0,19150.5,19068.5,16971.666666666668,19054.970024576363,345.35714285714283,67.73547094188376,405.4428404498067,429.5081756301814,-24.065335180374746,19709.174808718373,18427.825191281627,19068.5,1281.3496174367465,86.98065148397203,76.91723689808097,107.10748065575416,-5.454545454545454,113.92077875727664,100.0,18814.3,46683,51049.2,-40.0,-0.07282260413632446
2022-06-21,19558.0,19253.5,19100.0,17081.833333333332,19118.78240318814,346.07142857142856,63.87096774193548,412.78732639718146,426.1640057835815,-13.376679386400042,19804.892675668103,18395.107324331897,19100.0,1409.785351336206,85.91204580167673,79.91550653261288,97.90512433980439,-16.225165562913908,102.20918890351571,87.88766257922603,19057.65,26800,51265.55,-119.0,-0.21680513044746164
2022-06-22,19554.0,19320.5,19115.25,17189.083333333332,19142.707888598794,382.85714285714283,58.23529411764706,385.5183358841823,418.03487180370166,-32.516535919519356,19830.081411850675,18400.418588149325,19115.25,1429.6628237013501,77.36299742186837,79.0646701623647,73.95965194087569,-39.735099337748345,58.656876392882126,70.22402588417789,19810.6,-6995,51463.7,-1702.0,-3.1075973634720366
2022-06-23,19642.0,19425.0,19147.5,17305.166666666668,19202.449994446528,402.14285714285717,63.020833333333336,391.66920273714277,412.7617379903899,-21.09253525324715,19920.05216141389,18374.94783858611,19147.5,1545.1043228277777,78.03581271423528,78.7217176796549,76.66400278339603,-13.245033112582782,67.6890143144869,83.16298907891934,20414.05,17487,51666.35,-871.0,-1.6413213484839928
2022-06-24,19660.0,19522.5,19197.75,17418.916666666668,19247.45475688019,390.35714285714283,57.741347905282325,384.4464436876151,407.098679129835,-22.652235442219876,19970.267926891298,18425.232073108702,19197.75,1545.035853782596,74.55134767029604,77.33159434320194,68.99085432448425,-19.5364238410596,67.55398969627086,62.63574265424805,20127.55,1049,51781.95,-785.0,-1.5039466625795028
2022-06-27,19838.0,19668.0,19293.5,17551.333333333332,19381.030494320174,423.92857142857144,80.88467614533965,452.1842086067845,416.1157850252249,36.068423581559614,20271.81810562285,18315.18189437715,19293.5,1956.636211245699,79.04650171884767,77.90323013508385,81.33304488637532,-8.176100628930818,132.2925483613578,100.0,21192.65,42033,52061.45,2716.0,5.2829161074478215
2022-06-28,19996.0,19777.0,19375.5,17682.5,19489.027590099206,442.5,77.54172989377845,489.3327798841201,430.75918399700396,58.57359588711614,20473.699004111546,18277.300995888454,19375.5,2196.398008223092,77.38902583725647,77.73182870247471,76.70342010681998,-18.127490039840637,119.55824922758178,91.62106318040821,21696.25,10437,52168.5,-1600.0,-2.9560108633399196
2022-06-29,20254.0,19904.0,19454.5,17810.333333333332,19600.54877199452,456.07142857142856,78.33089311859443,524.4282955015915,449.4930062979215,74.93528920366998,20682.80606506428,18226.19393493572,19454.5,2456.6121301285602,79.03807800356509,78.1672451361715,80.77974373835227,-12.350597609561753,97.98078822771343,93.59906351409302,21790.85,33672,52206.0,-837.0,-1.5934662173739178
2022-06-30,20466.0,20054.0,19548.5,17942.583333333332,19717.639365137897,455.0,79.91573033707866,559.5096448258009,471.49633400349745,88.01331082230348,20896.18846938984,18200.81153061016,19548.5,2695.3769387796783,83.36631600997407,79.90026876077236,90.29841050837749,-7.106598984771574,96.2095530378876,96.64453456677161,22047.35,51712,52242.7,-269.0,-0.5204101373573189
2022-07-01,20806.0,20233.0,19666.25,18082.083333333332,19875.483235124764,470.0,80.19390581717451,624.0946376601423,502.01599473482645,122.07864292531588,21215.90148883293,18116.59851116707,19666.25,3099.3029776658586,88.83389504591035,82.87814418915168,100.74539675942768,-0.21551724137931033,100.15618128722978,97.33425245920243,22909.05,85683,52347.25,2009.0,3.9069640808230055
2022-07-04,21215.0,20526.5,19838.5,18244.416666666668,20144.00864130336,539.6428571428571,84.7872340425532,772.8823712179874,556.1892700314586,216.6931011865288,21880.862151503683,17796.137848496317,19838.5,4084.724303007366,91.99095827919447,85.91574888583261,104.14137706591816,-1.694915254237288,135.39794123522924,100.0,25593.0,157111,52366.5,-1554.0,-2.9084783829309346
2022-07-05,21555.0,20775.5,20014.5,18402.25,20341.245913560186,580.0,77.45383867832847,842.3555827380333,613.4225325727735,228.93305016525971,22240.37865560405,17788.62134439595,20014.5,4451.757311208101,89.51042426052163,87.11397401072895,94.30332476010699,-15.254237288135593,108.04616295057359,72.88535739962735,27003.15,104185,52425.4,254.0,0.4896291155833232
2022-07-06,21667.0,20960.5,20140.5,18543.0,20424.936778935407,657.5,65.54276315789474,807.8134483706854,652.3007157323559,155.51273263832945,22338.194725220765,17942.805274779235,20140.5,4395.389450441529,76.86604519576312,83.69799773907368,63.20214010914199,-43.36158192090395,58.814318551774996,28.845108690528694,29141.55,44239,52321.25,-3673.0,-7.045846921158638
2022-07-07,21900.0,21183.0,20304.0,18698.333333333332,20574.466609512987,702.1428571428571,68.25757575757575,833.3680331441756,688.5141792147199,144.85385392945568,22544.429000272754,18063.570999727246,20304.0,4480.858000545508,75.51355905120046,80.96985150978261,64.60097413403616,-21.468926553672315,69.49124555838,38.88291106055285,30936.15,91714,52275.1,345.0,0.7119714385950493
2022-07-08,22213.0,21509.5,20516.0,18871.916666666668,20799.755503845085,754.2857142857143,71.57394843962008,919.2769752528184,734.6667384223397,184.6102368304787,22914.224343133897,18117.775656866103,20516.0,4796.448686267795,82.96785532628293,81.63585278194938,85.63186041495004,-1.4550264550264551,98.15117144630082,51.144933703154194,32523.3,144520,52259.1,1370.0,2.8072619974591095
2022-07-11,22215.0,21715.0,20691.5,19038.75,20981.207360621745,803.5714285714286,69.68295904887715,957.3620213464492,779.2057950071617,178.1562263392875,23194.138817854386,18188.861182145614,20691.5,5005.277635708771,84.91293315188489,82.72821290526122,89.28237364513222,-7.671957671957672,79.29539786152168,44.1531517325238,33689.45,92466,52004.2,-4075.0,-8.12206011321056
2022-07-12,22305.0,21930.0,20853.5,19204.0,21141.568564372054,815.7142857142857,72.70847691247415,973.0997409771153,817.9845842011524,155.11515677596287,23429.339362431718,18277.660637568282,20853.5,5151.6787248634355,82.28264170909972,82.57968917320738,81.6885467808844,-15.508684863523573,80.95822123705847,55.33976195576088,34930.2,44686,51667.8,185.0,0.4013276352040185
2022-07-13,22598.0,22132.5,21018.25,19370.5,21288.56203443186,818.9285714285714,71.2,975.9358490526865,849.5748371714593,126.36101188122723,23621.313529159845,18415.186470840155,21018.25,5206.127058319689,80.77421211979197,81.97786348873558,78.36690938190475,-16.329284750337383,67.16415284707995,49.76228926798164,35644.15,75605,51285.7,-1337.0,-2.8888120651657245
2022-07-14,22659.0,22279.5,21166.75,19531.166666666668,21384.88945972406,853.9285714285714,68.3182135380321,936.3238442793845,866.9246385930444,69.39920568634011,23702.281242996334,18631.218757003666,21166.75,5071.062485992668,72.95867014882684,78.971465708766,60.9330790289485,-29.72972972972973,52.477283512161556,14.422066456240817,37034.3,34905,50885.55,-449.0,-0.9989987762821229
2022-07-15,22303.0,22258.0,21245.5,19660.5,21363.471415940818,856.0714285714286,53.47885402455661,803.6782696646369,854.2753648073628,-50.59709514272595,23669.565528035604,18821.434471964396,21245.5,4848.131056071208,51.3689984900225,69.77064330251817,14.565708865031155,-73.83015597920277,11.799369743532624,0.0,38039.1,-7225,50232.15,-2636.0,-5.9241280115066575
2022-07-18,22105.0,22160.0,21343.25,19721.916666666668,21396.950328708357,866.4285714285714,57.74193548387097,734.8684517224319,830.3939821903767,-95.5255304679448,23670.844816882647,19015.655183117353,21343.25,4655.189633765294,44.95002198185408,61.4971028622968,11.855860220968623,-54.592720970537265,13.794915319637134,13.616423005163044,38546.6,23119,49514.15,-1332.0,-3.1820353559483983
2022-07-19,21882.0,22093.5,21434.5,19783.5,21411.52648787899,881.0714285714286,55.727155727155726,659.4206632865462,796.1993184096107,-136.77865512306448,23634.57392220305,19234.42607779695,21434.5,4400.1478444060995,36.93637829093302,53.31019467184221,4.188745529114641,-63.970588235294116,9.151928757588074,7.1811499071710285,38676.95,629,48747.65,-1089.0,-2.6870311883142484
2022-07-20,21566.0,22082.0,21521.25,19838.583333333332,21382.33348903337,908.2142857142857,51.709136109384715,557.2958072380716,748.4186161753029,-191.1228089372313,23504.73145547432,19537.76854452568,21521.25,3966.9629109486414,28.107858751332397,44.90941603167228,-5.49525580934737,-80.33088235294117,-16.690588680975953,0.0,38552.5,-30677,47991.65,-1492.0,-3.783057379751009
2022-07-21,21217.0,21938.0,21560.5,19880.666666666668,21303.539823411145,897.1428571428571,44.90683229813665,427.0578623882611,684.1464654178945,-257.0886030296334,23425.60307320647,19695.39692679353,21560.5,3730.2061464129365,19.337016546370016,36.38528286990486,-14.759516100699678,-98.20466786355476,-44.954148353097175,0.0,38734.05,-58790,47179.45,-1995.0,-5.257332595462094
2022-07-22,21179.0,21741.0,21625.25,19923.0,21271.77412594342,832.8571428571429,37.92862141357593,353.25824334766367,617.9688210038483,-264.7105776561847,23294.357782461542,19956.142217538458,21625.25,3338.2155649230845,18.456873987226928,30.409146575678886,-5.4476711896769885,-83.30341113105925,-48.671786111094285,0.0,39104.1,-34951,46303.4,-2062.0,-5.735425011125949
2022-07-25,20876.0,21490.5,21602.75,19954.166666666668,21169.700399663092,836.0714285714286,36.44922663080027,229.98779260818992,540.3726153247167,-310.38482271652674,23338.032397767005,19867.467602232995,21602.75,3470.56479553401,13.142404321825733,24.653565824394505,-9.879918683311814,-97.78481012658227,-81.22034070567612,0.0,38287.0,-59593,45227.6,-1279.0,-3.7739746237828276
2022-07-26,20620.0,21251.0,21590.5,19982.416666666668,21084.014647314227,788.9285714285714,42.703533026113675,136.3714817142063,459.5723886026146,-323.20090688840827,23361.211721314343,19819.788278685657,21590.5,3541.4234426286857,12.366803826843633,20.55797849187755,-4.015545503224203,-90.82706766917293,-78.22836196112911,17.248857454933233,37725.8,-39221,44186.05,-915.0,-2.8058017233448806
2022-07-27,20536.0,21051.0,21591.75,20020.166666666668,21046.01325233192,766.4285714285714,39.34959349593496,94.57669133613672,386.57324914931905,-291.99655781318233,23359.729146697693,19823.770853302307,21591.75,3535.958293395386,19.079750331515015,20.065235771756704,17.108779451031637,-78.34586466165413,-63.51928656685638,7.998970862893414,37651.65,-17469,43225.5,783.0,2.470343260979302
2022-07-28,20610.0,20913.5,21596.5,20059.666666666668,21034.48818068126,735.0,31.496786042240586,79.89898729250854,325.23839677795695,-245.3394094854484,23356.353761867133,19836.646238132867,21596.5,3519.707523734265,29.343210177719968,23.157893907077792,41.71384271900432,-71.12781954887218,-37.59814565562426,0.0,37877.6,5090,42190.65,-1755.0,-5.403491486806855
2022-07-29,20616.0,20897.5,21577.75,20103.083333333332,21031.20359204495,705.7142857142857,33.86944181646169,73.4717378304922,274.885064988464,-201.41332715797182,23355.440621949845,19800.059378050155,21577.75,3555.38124389969,37.4842180405579,27.933335284904494,56.585983551864715,-68.87218045112782,-30.595826442169745,5.7572395699367584,37207.95,25668,40960.45,-1898.0,-6.177581044134883
2022-08-01,20738.0,20807.0,21483.5,20141.833333333332,21010.136583278763,680.7142857142857,32.9346826126955,52.442163604348025,230.39648471164085,-177.95432110729283,23210.950509611754,19756.049490388246,21483.5,3454.9010192235073,43.33909867198974,33.068589747266245,63.88011652143672,-71.35593220338983,-35.4755155625877,3.621612527350306,34495.75,8484,39714.05,-1878.0,-6.514951779643374
2022-08-02,20846.0,20733.0,21413.25,20169.416666666668,20991.075956299836,661.7857142857143,32.686980609418285,35.36836996729107,191.3908617627709,-156.02249179547982,23129.68533614229,19696.81466385771,21413.25,3432.870672284582,48.65881431933819,38.26533127129022,69.44578041543411,-70.0354609929078,-37.66269171728923,3.2323422749260096,32439.95,8484,38365.9,-1781.0,-6.609024788481522
2022-08-03,20815.0,20675.5,21378.75,20195.666666666668,20947.163960461756,639.6428571428571,33.33333333333333,-0.7477745627948025,152.96313449765776,-153.71090906045256,23138.72570258348,19618.77429741652,21378.75,3519.951405166961,45.65558381523131,40.72874878593725,55.509253873819446,-74.49209932279909,-47.29894431439351,6.997663683254126,30020.1,-3065,37166.9,-690.0,-2.7416855405888674
2022-08-04,20731.0,20670.5,21304.25,20215.416666666668,20905.053107084444,573.5714285714286,42.19308700834327,-31.029679541490623,116.16457168982808,-147.1942512313187,23080.459076716626,19528.040923283374,21304.25,3552.418153433253,43.068634824189296,41.50871079868793,46.18848287519202,-71.94805194805195,-48.73906417048315,40.755344106123005,28093.55,-12009,35871.1,-1591.0,-6.499979572660052
2022-08-05,20627.0,20621.5,21181.25,20234.5,20864.57185879069,548.2142857142857,33.151432469304225,-56.39550618244539,81.65255611537339,-138.04806229781877,22815.5529256021,19546.9470743979,21181.25,3268.6058512042,40.75920684185719,41.25887614641102,39.75986823274954,-73.24675324675324,-42.21022398136624,6.828812141870687,25824.8,-19440,34453.8,-1060.0,-4.631652538669928
2022-08-08,20825.0,20781.5,21136.0,20269.166666666668,20953.660253191578,647.5,52.593360995850624,29.6728120468033,71.25660730165937,-41.58379525485607,22637.373406339397,19634.626593660603,21136.0,3002.7468126787935,51.57142999079139,44.69639409453781,65.32150178329854,-26.156941649899398,54.67048802446328,100.0,24252.8,1174,34056.35,16322.0,74.7823696508751
2022-08-09,21053.0,20949.5,21100.25,20305.166666666668,21048.54975288762,648.9285714285714,59.33701657458564,108.73291536548277,78.75186891442405,29.981046451058717,22477.2240852968,19723.2759147032,21100.25,2753.9481705935978,59.8895605259423,49.76078290500597,80.14711576781497,-20.120724346076457,51.26407707965544,100.0,22974.85,23395,33700.95,1026.0,2.689525007864102
2022-08-10,21296.0,21055.5,21053.25,20353.916666666668,21114.878347850703,626.7857142857143,64.23444976076556,153.08219385885968,93.61793390331118,59.4642599555485,22255.560385531917,19850.939614468083,21053.25,2404.6207710638337,62.22684316752961,53.91613632584718,78.84825685089447,-28.37022132796781,54.49805527855643,100.0,22004.65,11880,33418.55,123.0,0.3139837647419208
2022-08-11,21541.0,21136.0,21024.75,20399.75,21173.461362341113,615.3571428571429,60.05291005291005,184.8876719507207,111.8718815127931,73.01579043792759,22125.345413018746,19924.154586981254,21024.75,2201.190826037491,63.55028981121692,57.12752082097042,76.39582779170993,-28.973843058350102,64.30259218236527,87.22712853364263,20531.9,635,33165.75,143.0,0.36389546275796825
2022-08-12,21803.0,21215.0,21056.25,20445.166666666668,21232.179327832437,579.2857142857143,75.8957654723127,212.48583658735515,131.99467252770552,80.49116405964963,22208.016949197263,19904.483050802737,21056.25,2303.5338983945257,65.37155470982536,59.875532117255396,76.36359989496528,-26.559356136820927,59.16461625863814,99.99999999999999,19031.2,12751,33054.65,198.0,0.5020283975659234
2022-08-15,21890.0,21357.5,21082.25,20498.0,21327.686058515064,585.0,78.51959361393324,267.18541473186997,159.03282096853843,108.15259376333154,22317.109783218537,19847.390216781463,21082.25,2469.719566437074,73.54973756867857,64.43360060106312,91.78201150390947,-8.8659793814433,83.19490858620067,100.00000000000001,18460.35,31678,33099.55,1788.0,4.510822947676463
2022-08-16,22013.0,21533.0,21133.0,20555.833333333332,21445.52548151363,568.9285714285714,77.97619047619048,333.32114786809325,193.8904863484494,139.43066151964385,22522.541385910437,19743.458614089563,21133.0,2779.0827718208748,81.01321535917603,69.96013885376742,103.11936836999325,-4.05982905982906,98.30977058645928,98.84438389410444,18248.15,49924,33280.45,1631.0,3.9371409259885137
2022-08-17,22167.0,21731.5,21203.5,20613.333333333332,21547.38019755995,550.3571428571429,75.0788643533123,377.34975761450187,230.5823406016599,146.76741701284197,22723.967725820963,19683.032274179037,21203.5,3040.935451641926,84.02995188849931,74.65007653201138,102.78970260147517,-9.670781893004115,91.4541273565594,92.49283635588921,17487.95,33822,33514.95,-420.0,-0.975451146155093
2022-08-18,22332.0,21936.5,21303.5,20670.5,21643.343988268523,524.2857142857143,74.80063795853269,410.73570818374355,266.61301411807665,144.1226940656669,22905.28551688585,19701.71448311415,21303.5,3203.571033771703,84.46608321388676,77.92207875930318,97.55409212305395,-8.024691358024691,78.63612876892422,91.88578740855513,16612.15,44419,33838.6,-212.0,-0.4972207237845083
2022-08-19,22531.0,22167.0,21394.25,20739.083333333332,21752.07313224295,516.0714285714286,81.10236220472441,450.559621499433,303.40233559434796,147.15728590508502,23117.531065751886,19670.968934248114,21394.25,3446.5621315037715,87.475105704235,81.10642107428046,100.21247496414406,-3.7109375,77.4572493019481,99.99999999999999,16305.65,62128,34319.8,1089.0,2.566882734236886
2022-08-22,22745.0,22317.5,21549.5,20815.25,21899.970929172192,530.0,83.7618403247632,518.1075920858057,346.3433868926395,171.76420519316616,23376.130201966684,19722.869798033316,21549.5,3653.2604039333673,90.81441587338972,84.34241934065021,103.75840893886871,-1.4851485148514851,91.40166402703187,100.0,16198.75,84632,35047.25,3646.0,8.378912533897132
2022-08-23,22904.0,22458.5,21704.0,20890.0,22039.02131687008,522.8571428571429,90.77809798270893,569.51289562686,390.9772886394836,178.53560698737635,23596.485416755328,19811.514583244672,21704.0,3784.970833510655,91.47696276734979,86.7206004828834,100.98968733628257,-4.40251572327044,89.96991960715482,100.0,16019.5,101419,35759.3,-1223.0,-2.593299406276506
2022-08-24,23054.0,22610.5,21833.0,20959.75,22155.781191453883,529.6428571428571,88.98305084745763,595.7191830664087,431.92566752486863,163.7935155415401,23783.852445255125,19882.147554744875,21833.0,3901.7048905102492,90.29055444130088,87.91058513568922,95.05049305252425,-7.544141252006421,76.88828669069244,96.88504077190838,15778.95,84478,36440.9,174.0,0.3787796329755899
2022-08-25,23285.0,22808.5,21972.25,21039.083333333332,22303.802030363036,543.2142857142857,90.78282828282828,644.9609275496296,474.53271952982084,170.42820801980872,24044.041685829852,19900.458314170148,21972.25,4143.583371659704,93.361610322323,89.72759353123381,100.62964390450136,-0.43478260869565216,79.94508558501569,100.0,15635.45,104167,37302.05,1836.0,3.981696341436969
2022-08-26,23490.0,23010.5,22112.75,21118.916666666668,22447.249456042744,422.5,86.67883211678833,684.1678677852033,516.4597491808973,167.70811860430592,24285.585825900293,19939.914174099707,22112.75,4345.671651800585,95.57440688154867,91.6765313146721,103.3701580153018,-0.0,77.6309337100141,86.94898956936704,15357.15,119179,38262.75,93.0,0.19396416876968914
2022-08-29,23547.0,23146.0,22251.75,21191.25,22556.08284118153,454.2857142857143,79.1814946619217,689.5389136360354,551.0755820719249,138.4633315641105,24429.36162019793,20074.13837980207,22251.75,4355.223240395862,88.98166403568213,90.77824222167544,85.38850766369552,-15.734989648033126,58.87151866435542,62.24743087792641,15916.2,90814,39287.2,-603.0,-1.2552039966694406
2022-08-30,23592.0,23248.0,22390.5,21272.75,22654.074951545197,450.7142857142857,85.24904214559388,685.4901442754526,577.9584945126305,107.5316497628221,24534.68896457133,20246.31103542867,22390.5,4288.377929142662,84.48034502591123,88.6789431564207,76.08314876489231,-15.942028985507246,55.446458614830256,81.9921872364542,16204.2,73244,40337.6,-1262.0,-2.660370596791539
2022-08-31,23607.0,23330.5,22531.0,21350.083333333332,22719.40114663613,451.42857142857144,78.3450704225352,654.9620184883788,593.3591993077802,61.60281918059866,24524.86585622794,20537.13414377206,22531.0,3987.731712455883,75.97278159164983,84.44355596816375,59.031232838622,-26.08695652173913,48.88240775728989,22.17738865626187,16378.9,58201,41349.85,-1453.0,-3.1467244179750997
2022-09-01,23522.0,23403.5,22670.0,21426.083333333332,22773.26770409936,453.92857142857144,76.3668430335097,619.1925522051934,598.5258698872628,20.66668231793051,24444.737934694054,20895.262065305946,22670.0,3549.4758693881085,64.38242664049903,77.75651285894219,37.63425420361273,-30.242825607064017,38.519264997597915,9.799689799689807,16755.05,41734,42392.35,-986.0,-2.204731452081754
2022-09-02,23365.0,23427.5,22797.25,21498.166666666668,22797.242208470845,440.7142857142857,64.90566037735849,563.3709754624688,591.494891002304,-28.123915539835252,24245.815442810668,21348.684557189332,22797.25,2897.1308856213363,49.21632448422397,68.24311673403611,11.162739984599682,-52.06611570247934,22.934106330742217,0.0,17373.0,21944,43379.55,-2166.0,-4.95244192427291
2022-09-05,23323.0,23435.0,22876.25,21567.916666666668,22852.742950521242,448.92857142857144,65.23364485981308,541.5350281516476,581.5029184321727,-39.967890280525125,24267.00093309145,21485.49906690855,22876.25,2781.5018661829017,49.2629573814712,61.91639694984781,23.956078244717986,-37.5796178343949,40.33668378581369,1.2674666858936612,17371.3,42524,43593.05,848.0,2.0399326437334553
2022-09-06,23212.0,23402.0,22930.25,21628.0,22869.624574281122,460.0,58.65546218487395,490.3355249519773,563.2694397361337,-72.9339147841564,24251.714399026605,21608.785600973395,22930.25,2642.92879805321,39.27973982799082,54.370844575895475,9.097530332181492,-59.87261146496815,20.880941443433223,0.0,16996.4,27801,43701.65,-1072.0,-2.5272290065538217
2022-09-07,23214.0,23410.5,23010.5,21694.0,22915.374614825778,491.7857142857143,62.21198156682028,470.161150365886,544.6477818620841,-74.48663149619813,24219.00886807277,21801.99113192723,23010.5,2417.0177361455426,43.92234227526431,50.88801047568509,29.99100587442274,-40.39087947882736,12.771230283465966,11.07006211185419,17458.3,48554,43801.1,-60.0,-0.14511681903932594
2022-09-08,23145.0,23333.5,23071.0,21754.166666666668,22917.719889604276,493.2142857142857,52.25618631732169,416.29050189683403,518.9763258690341,-102.68582397220007,24120.253368628833,22021.746631371167,23071.0,2098.506737257667,36.70294516464162,46.15965537200394,17.78952474991698,-77.73584905660377,4.8354936879341235,0.0,17697.15,32532,43849.0,-888.0,-2.150850167126872
2022-09-09,23158.0,23261.5,23136.0,21812.583333333332,22934.127519165773,471.42857142857144,46.49265905383361,381.3059140433397,491.44224350389527,-110.13632946055554,23994.92588982434,22277.07411017566,23136.0,1717.8517796486776,39.082751620434315,43.80068745481407,29.646879951674805,-66.41509433962264,-7.080304835563023,0.0,17730.95,45324,43826.5,-1210.0,-2.995197782068415
2022-09-13,23145.0,23234.0,23190.0,21871.833333333332,22970.401088769035,482.85714285714283,49.30448222565688,367.4996880721592,466.6537324175481,-99.15404434538891,23939.21011036537,22440.78988963463,23190.0,1498.420220730739,48.0584518192058,45.21994224294464,53.73547097172812,-49.43396226415094,26.435225360976833,6.348639485401885,17616.4,61960,43783.1,1370.0,3.4959681535163822
2022-09-14,23213.0,23212.5,23230.25,21932.583333333332,23008.45812793389,473.2142857142857,51.64319248826291,356.88227811671095,444.69944155738074,-87.81716344066979,23922.405101267435,22538.094898732565,23230.25,1384.3102025348708,56.205634546137205,48.88183967734216,70.85322428372729,-45.283018867924525,24.169387123975255,11.629066955692483,17231.2,72502,43659.95,36.0,0.08876177326297974
2022-09-15,23201.0,23207.5,23269.0,21997.916666666668,23035.271639559232,463.92857142857144,42.579505300353354,338.1149936431575,423.3825519745361,-85.26755833137861,23873.81924224472,22664.18075775528,23269.0,1209.638484489442,58.97042303075814,52.24470079514748,72.42186750197948,-51.320754716981135,4.481726985540914,0.0,17144.75,58129,43580.4,452.0,1.1134650440951965
2022-09-16,23292.0,23218.5,23311.0,22058.333333333332,23069.531483410734,465.35714285714283,42.68077601410935,327.93418679187744,404.2928789380044,-76.35869214612694,23815.37663454376,22806.62336545624,23311.0,1008.7532690875232,64.31361535383876,56.267672314711234,80.40550143209379,-43.39622641509434,29.184753085996086,0.2373372697324937,17600.9,77849,43534.35,458.0,1.1158212736929407
2022-09-19,23354.0,23256.0,23341.75,22120.416666666668,23101.004675466855,405.0,46.37404580152672,316.6194898366957,386.7582011177427,-70.138711281047,23782.016366742017,22901.483633257983,23341.75,880.5327334840331,68.68770938119164,60.4076846702047,85.24775880316551,-25.61576354679803,32.58669293916206,8.892856078883405,17433.15,92203,43447.05,264.0,0.636083269082488
2022-09-20,23240.0,23192.5,23313.75,22155.333333333332,23067.099468279535,436.42857142857144,37.1559633027523,251.89578720985446,359.7857183361651,-107.88993112631061,23828.744890112623,22798.755109887377,23313.75,1029.9897802252453,49.210609672931184,56.6753263377802,34.281176343233156,-90.14778325123153,-91.55261403637998,0.0,17572.85,66905,43195.4,359.0,0.8595096724765439
2022-09-21,23091.0,23152.0,23277.0,22190.5,23024.994757014818,440.7142857142857,38.63275039745628,188.74307675053205,325.5771900190385,-136.83411326850643,23876.125678758115,22677.874321241885,23277.0,1198.2513575162302,35.98889129710564,49.77984799088868,8.406977909539549,-90.66666666666667,-126.88734246010507,3.766268711246418,17609.65,49382,42961.95,-859.0,-2.0390723289101964
2022-09-22,22866.0,23033.5,23222.0,22215.583333333332,22943.090494441978,463.92857142857144,34.22535211267605,100.41838249607463,280.5454285144457,-180.12704601837106,24000.787181253145,22443.212818746855,23222.0,1557.5743625062896,24.106749449211982,41.22214847699645,-10.12404860635695,-99.66329966329967,-137.03342609239044,0.0,17918.35,26267,42836.55,2335.0,5.658137055345547
2022-09-23,22648.0,22970.0,23151.75,22240.166666666668,22882.31997116179,455.7142857142857,39.50437317784257,41.24184560159847,232.68471193187625,-191.44286633027778,23995.92056769851,22307.57943230149,23151.75,1688.3411353970223,22.09401157465638,34.8461028428831,-3.41017096179705,-82.20858895705521,-126.20210037370796,17.02454600843487,18007.9,47747,42598.25,-422.0,-0.9678233149095217
2022-09-26,22327.0,22840.5,23051.0,22247.166666666668,22778.765688194002,459.2857142857143,27.894002789400275,-46.275291231417214,176.89271129921755,-223.16800253063477,24033.952587602114,22068.047412397886,23051.0,1965.9051752042287,17.41615884993885,29.036121511901683,-5.823766473986822,-91.93954659949623,-132.76096862520484,0.0,18264.5,27603,42412.6,1146.0,2.6539450221161998
2022-09-27,22260.0,22750.0,22992.0,22242.416666666668,22743.64514646124,482.14285714285717,41.94805194805195,-65.2556657731584,128.46303588474237,-193.71870165790077,23980.371334437037,22003.628665562963,22992.0,1976.7426688740743,24.62504628618929,27.565763103330887,18.74361265190609,-60.957178841309826,-87.48056055200247,40.9524385156935,17967.2,50022,42124.1,-2660.0,-6.0008572653236225
2022-09-28,22215.0,22653.0,22932.75,22245.5,22710.917037274456,454.64285714285717,36.5819209039548,-80.18039607482933,86.73434949282803,-166.91474556765735,23913.488041101275,21952.011958898725,22932.75,1961.4760822025492,29.26304513117909,28.131523779280286,31.526087834976693,-61.46095717884131,-63.32832346508977,35.661491937277844,17817.15,35453,41895.8,-58.0,-0.13919888640890887
2022-09-29,22252.0,22559.0,22883.25,22264.333333333332,22676.54398610546,444.64285714285717,40.72327044025157,-94.94842812229399,50.39779396980363,-145.3462220920976,23877.28629606506,21889.21370393494,22883.25,1988.07259213012,31.51541379861981,29.25948711906013,36.02726715773917,-63.97984886649874,-56.835577738429684,54.019812101065895,17649.8,23757,41751.45,226.0,0.543151721983226
2022-09-30,22309.0,22478.5,22848.5,22274.25,22668.301701714463,454.64285714285717,42.35474006116208,-86.29149108686397,23.059936958470114,-109.35142804533409,23831.937044783568,21865.062955216432,22848.5,1966.8740895671363,38.54930249568226,32.356092244600845,50.93572299784509,-51.88916876574307,-39.06657476123218,60.889392249262045,17527.3,37774,41589.1,-1346.0,-3.2174016971435404
2022-10-10,22703.0,22515.0,22885.5,22288.0,22772.749158694038,519.6428571428571,55.33175355450237,15.20658198746969,21.489265964270032,-6.282683976800342,23949.296082556786,21821.703917443214,22885.5,2127.5921651135723,56.369081433406606,40.360421974202765,88.38640035181427,-7.991360691144709,73.63509615097975,100.0,17985.55,66729,41640.95,2118.0,5.231050408753002
2022-10-11,22978.0,22619.0,22905.75,22306.0,22869.154000723178,529.6428571428571,54.95818399044205,96.15001152448531,36.42141507631309,59.72859644817222,24023.24378898545,21788.25621101455,22905.75,2234.9875779708964,68.53691102039922,49.75258498960158,106.1055630819945,-7.1274298056155505,72.41300136427294,98.63848328072335,17867.5,84948,41647.1,-66.0,-0.15490412373553308
2022-10-12,23285.0,22750.0,22951.0,22327.166666666668,22970.663143511447,532.5,57.57931844888366,170.43731373696573,63.22459480844362,107.21271892852212,24159.281075699997,21742.718924300003,22951.0,2416.562151399994,76.1750380957731,58.56006935832542,111.40497557066846,-8.548707753479125,84.93590239031634,100.0,18430.35,110928,41786.9,1601.0,3.7634282221856497
2022-10-13,23610.0,22931.0,22982.25,22348.666666666668,23066.31427270083,528.2142857142857,56.92124105011934,229.88819366142343,96.55731457903958,133.33087908238383,24264.072202138323,21700.427797861677,22982.25,2563.644404276645,81.79727523150945,66.30580464938676,112.78021639575482,-6.958250497017892,76.65450407231823,97.78315512520385,17954.1,122156,41917.25,-249.0,-0.5640886230800612
2022-10-14,23868.0,23088.5,23029.25,22375.0,23143.808151491226,558.5714285714286,55.60747663551402,266.2683623354387,130.49952413031943,135.7688382051193,24372.032950678025,21686.467049321975,23029.25,2685.5659013560507,82.54165623798983,71.71775517892112,104.18945835612723,-15.75984990619137,66.70416421703507,93.35751778425266,18374.35,97729,42117.3,506.0,1.1528034082883387
2022-10-17,23871.0,23287.0,23063.75,22418.666666666668,23204.397851349204,543.9285714285714,63.89261744966443,283.7597382215172,161.15156694855898,122.6081712729582,24447.923228434865,21679.576771565135,23063.75,2768.346456869731,80.3549455751341,74.59681864432545,91.8711994367514,-19.51219512195122,43.9352123958163,100.0,18795.05,76523,42397.6,395.0,0.8896596770197496
2022-10-18,23923.0,23450.5,23100.25,22457.5,23284.455198839754,538.9285714285714,68.34625322997415,315.3696795770302,191.9951894742532,123.37449010277697,24549.298598945275,21651.201401054725,23100.25,2898.097197890551,82.9032970500894,77.3656447795801,93.97860159110803,-9.568480300187618,60.73255262530752,100.0,18860.5,94468,42717.15,2155.0,4.810912175737814
2022-10-19,23854.0,23569.5,23111.25,22491.5,23313.55470371216,524.6428571428571,68.4346701164295,300.24505038744974,213.64516165689253,86.59988873055721,24572.211741636762,21650.288258363238,23111.25,2921.9234832735237,77.22399290518781,77.318427488116,77.03512373933145,-26.641651031894934,42.96899907527098,100.0,19484.55,71445,42994.35,-811.0,-1.7274063345332213
2022-10-20,23729.0,23669.5,23114.25,22528.916666666668,23317.025684311004,538.2142857142857,63.17780580075662,265.8283745222543,224.0818042299649,41.74657029228942,24577.002542298254,21651.497457701746,23114.25,2925.505084596509,57.865640660196135,70.83416521214271,31.92859155630299,-35.647279549718576,19.082889729441955,87.03310857399718,19793.1,50901,43209.3,-793.0,-1.7187567731587805
2022-10-21,23640.0,23754.0,23116.25,22576.916666666668,23328.26133342424,511.7857142857143,73.1638418079096,242.61498602932625,227.7884405898372,14.826545439489053,24580.72718352067,21651.77281647933,23116.25,2928.9543670413404,47.37142001459884,63.01325014629475,16.087759751207017,-32.88973384030418,18.779455636272637,100.0,19547.6,65711,43442.1,815.0,1.797331569081484
2022-10-24,23388.0,23629.5,23072.25,22602.75,23251.284063574312,522.8571428571429,51.432291666666664,148.67156215561045,211.96506490299186,-63.29350274738141,24553.613081404208,21590.886918595792,23072.25,2962.726162808416,31.859498208432655,52.62866616700739,-9.678837708716813,-82.21709006928407,-23.144726928995897,40.5948359073359,20225.2,37805,43684.3,452.0,0.9792027729635944
2022-10-25,23175.0,23549.0,23084.0,22649.083333333332,23225.447486091045,539.2857142857143,56.759906759906755,110.07005841232603,191.58606360485868,-81.51600519253265,24558.144176338115,21609.855823661885,23084.0,2948.2883526762307,31.168743486472835,45.47535860682921,2.555513245760082,-62.11764705882353,-18.642106064341277,49.43388985942177,20121.6,61031,43800.6,-2159.0,-4.631854458079465
2022-10-26,22939.0,23396.5,23073.25,22684.75,23147.78582074904,558.2142857142857,50.62370062370063,33.10226991360105,159.88930486660718,-126.78703495300613,24564.52382850332,21581.97617149668,23073.25,2982.5476570066385,21.12820246393128,37.359639892529906,-11.334672393265969,-90.86538461538461,-34.28673993275779,26.839343225615103,20361.25,38715,43937.8,-441.0,-0.9920590286369824
2022-10-27,22743.0,23236.0,23083.5,22712.833333333332,23073.7109806777,561.4285714285714,47.613882863340564,-30.76824551889149,121.75779478950746,-152.52604030839893,24551.11926799476,21615.88073200524,23083.5,2935.2385359895197,17.47227757844973,30.73051912116985,-9.044205506990508,-91.0377358490566,-46.27988025844307,0.0,20126.55,20294,43978.55,406.0,0.9224756884486096
2022-10-28,22438.0,23039.0,23063.75,22729.25,22962.881363470304,504.2857142857143,26.187419768934532,-117.15376905695302,73.97548202021537,-191.1292510771684,24585.127059737242,21542.372940262758,23063.75,3042.7541194744845,13.136280290395058,24.86577284424492,-10.322704817304661,-95.9839357429719,-70.08640805243952,0.0,20192.35,-2502,44100.4,1200.0,2.701607456436572
2022-10-31,22308.0,22848.0,23067.5,22743.75,22858.79742409218,536.0714285714286,25.54278416347381,-186.69053229552446,21.842279157067402,-208.53281145259186,24576.024898177373,21558.975101822627,23067.5,3017.049796354746,11.978808709002868,20.57011813249757,-5.203810137986537,-91.35338345864662,-72.98828335173864,0.0,20712.95,-33058,44249.85,1698.0,3.7222149151650674
2022-11-01,22043.0,22609.0,23029.75,22757.833333333332,22744.150050369113,548.2142857142857,21.356783919597987,-256.1943720716663,-33.76505108867934,-222.42932098298695,24641.788510053262,21417.711489946738,23029.75,3224.0770201065243,11.319205806001913,17.486480690332353,-1.0153439626589673,-92.1602787456446,-87.10769394020316,0.0,20921.3,-59644,44605.15,1457.0,3.0792966438414116
2022-11-02,22019.0,22479.0,23024.25,22782.5,22700.89766461967,588.9285714285714,31.584699453551906,-257.0740827558584,-78.42685742211516,-178.64722533374322,24646.05625424734,21402.44374575266,23024.25,3243.6125084946834,21.39476844393686,18.78924327486719,26.6058187820762,-70.03484320557492,-61.51085687647825,19.742320739393843,21531.45,-32872,44909.85,-1070.0,-2.1938367539417247
2022-11-03,21940.0,22341.5,23005.5,22806.583333333332,22631.76455370351,568.9285714285714,30.135557872784148,-279.9619007248875,-118.73386608266964,-161.2280346422179,24668.28111988066,21342.71888011934,23005.5,3325.562239761319,24.497920746662132,20.6921357654655,32.10949070905539,-79.19847328244275,-61.046969777866764,16.94513124468852,21911.2,-52163,45155.75,-950.0,-1.9914890048843836
2022-11-04,21998.0,22218.0,22986.0,22834.833333333332,22590.64412001746,569.6428571428571,33.943089430894304,-276.75478488039516,-150.33804984221473,-126.41673503818043,24678.18513358196,21293.81486641804,22986.0,3384.3702671639185,32.73237314953194,24.70554822682098,48.78602299495385,-70.61068702290076,-47.49525424617507,24.294576886474687,22468.3,-27004,45510.55,832.0,1.7795649477038822
2022-11-07,22079.0,22193.5,22911.5,22864.75,22560.582775253893,574.6428571428571,31.28964059196616,-265.1052806161315,-173.2914959969981,-91.8137846191334,24590.425408204843,21232.574591795157,22911.5,3357.8508164096856,41.04797572881196,30.153024060817973,62.83787906479994,-67.37451737451738,-46.0534728640556,19.172786638032893,21818.5,-11045,45733.75,-514.0,-1.0801723232110927
2022-11-08,22048.0,22045.5,22797.25,22859.75,22459.57489189638,594.6428571428571,29.306930693069305,-314.78039515989803,-201.5892758295781,-113.19111933031994,24535.823144549107,21058.676855450893,22797.25,3477.1462890982148,29.31789734779933,29.87464848981176,28.20439506377447,-96.88888888888889,-64.32754176622952,15.34568280370343,22367.25,-40239,46129.6,3387.0,7.195513160969602
2022-11-09,21833.0,21926.0,22661.25,22847.5,22341.04394981101,581.7857142857143,29.048086359175656,-372.84744621088976,-235.84090990584045,-137.0065363050493,24449.9068762769,20872.5931237231,22661.25,3577.313752553797,21.7350459204307,27.161447633351408,10.882242494589278,-96.21052631578948,-83.19940804021647,14.84605139353596,22398.75,-66849,46449.85,89.0,0.17638431963216128
2022-11-10,21669.0,21804.5,22520.25,22837.666666666668,22228.087383162343,607.1428571428571,27.51479289940829,-418.8789255675256,-272.44851303817745,-146.43041252934813,24317.433395731983,20723.066604268017,22520.25,3594.3667914639664,17.43787641860913,23.920257228437315,4.473114798952757,-94.03669724770643,-73.56851095913923,17.393971169116778,23027.2,-90646,46756.95,-512.0,-1.0129186697529047
2022-11-11,21537.0,21767.5,22403.25,22834.5,22162.555251432597,577.5,39.20704845814978,-419.4576751994464,-301.85034547043125,-117.60732972901513,24131.04529428326,20675.45470571674,22403.25,3455.5905885665197,23.30325548088681,23.714589979253812,22.480586484152816,-73.85786802030456,-58.21043372354187,50.420028253067265,23072.0,-65323,46894.05,-2894.0,-5.783951234136109
2022-11-14,21400.0,21739.5,22293.75,22831.166666666668,22108.02617986759,563.5714285714286,33.17191283292978,-411.1423630854297,-323.70874899343096,-87.43361409199872,23929.28910313839,20658.21089686161,22293.75,3271.078206276783,28.347295037144495,25.258824998550708,34.52423511433207,-69.78609625668449,-47.67746793672298,40.37025503159868,22973.15,-46094,47035.1,474.0,1.0054941558303776
2022-11-15,21458.0,21753.0,22181.0,22823.75,22077.73797226115,548.2142857142857,41.75531914893617,-383.9877184025354,-335.7645428752519,-48.2231755272835,23605.509518543506,20756.490481456494,22181.0,2849.0190370870114,36.245135466939864,28.920928488013757,50.89354942479207,-52.1875,-37.825274382955854,77.68769608951574,22974.8,-28116,47017.2,-1024.0,-2.150582799537959
2022-11-16,21566.0,21699.5,22089.25,22810.25,22047.001022521996,544.2857142857143,41.81091877496671,-361.12880626177866,-340.83739555255727,-20.291410709221395,23359.696564670947,20818.803435329053,22089.25,2540.8931293418937,40.71671162648599,32.852856200837834,56.4444224777823,-50.34013605442177,-36.671327871867604,100.0,23032.4,-52291,47073.6,675.0,1.4487776609216407
2022-11-17,21656.0,21662.5,22002.0,22795.083333333332,22004.905687043713,532.8571428571429,45.573294629898406,-351.0697861371191,-342.8838736694696,-8.185912467649473,23140.736141518308,20863.263858481692,22002.0,2277.4722830366154,42.30787311046778,36.00452850404782,54.914562323307706,-60.54421768707483,-31.849228796447832,100.0,22832.55,-68838,47123.4,-925.0,-1.9570092667033356
2022-11-18,21621.0,21579.0,21898.5,22775.25,21943.962288277646,504.2857142857143,43.07270233196159,-358.3332913256345,-345.9737572007026,-12.359534124931884,22849.671576752087,20947.328423247913,21898.5,1902.3431535041746,37.61050461859678,36.539853875564134,39.751806104662066,-76.87074829931973,-50.349649553545106,89.67401898708222,22900.45,-85006,47144.35,238.0,0.5135840832092509
2022-11-21,21483.0,21441.5,21817.5,22743.833333333332,21844.53730844168,503.57142857142856,40.30808729139923,-397.03451856648826,-356.18590947385974,-40.84860909262852,22820.335453785126,20814.664546214874,21817.5,2005.670907570253,27.965602774650517,33.681770175259594,16.53326797343236,-94.37869822485207,-91.90614953995059,70.84360919262002,22571.1,-106325,47196.4,1074.0,2.3057601064857547
2022-11-22,21304.0,21381.0,21713.25,22703.666666666668,21754.105183828186,466.42857142857144,28.637059724349157,-423.2302434011581,-369.5947762593194,-53.63546714183866,22637.680265509236,20788.819734490764,21713.25,1848.860531018472,22.461650014231036,29.941730121583408,7.50148979952629,-92.48554913294798,-94.0230014896563,6.21461758948707,22139.85,-120926,47274.05,-1647.0,-3.456235703943089
2022-11-23,20992.0,21279.0,21602.5,22650.916666666668,21605.618975844547,486.42857142857144,25.616438356164394,-494.77127860323526,-394.6300767281026,-100.14120187513265,22691.538687631386,20513.461312368614,21602.5,2178.077375262772,15.83157619996355,25.238345481043456,-2.9819623621962634,-98.08102345415779,-128.61694134964378,0.0,22487.55,-150196,47343.95,-596.0,-1.2954831978437609
2022-11-24,20732.0,21194.0,21499.25,22601.583333333332,21481.75050195459,472.14285714285717,23.196605374823207,-536.4085993045446,-422.98578124339105,-113.42281806115358,22670.37305524497,20328.12694475503,21499.25,2342.246110489941,15.071095967094038,21.849262309726985,1.5147632818281451,-88.8641425389755,-114.43914985729786,0.0,22628.05,-128965,47222.8,-3415.0,-7.520369962563311
2022-11-25,20520.0,21070.5,21419.0,22544.833333333332,21369.67902557796,468.2142857142857,21.53179190751446,-562.9175132522396,-450.9721276451608,-111.94538560707878,22687.524215066675,20150.475784933325,21419.0,2537.048430133349,14.564109145181032,19.420877921545003,4.850571592453086,-88.50574712643679,-93.05800749860957,0.0,22427.3,-128965,47021.5,-403.0,-0.9596380521490699
2022-11-28,20469.0,20976.0,21357.75,22492.083333333332,21300.66197552292,446.07142857142856,35.86776859504131,-550.1490838579557,-470.8075188877198,-79.34156497023588,22652.608151142027,20062.891848857973,21357.75,2589.716302284054,20.368846024519964,19.736867289203325,21.63280349515324,-68.02168021680217,-62.792622451217945,59.63011901988671,22059.5,-105765,46625.5,-2196.0,-5.279861511829198
2022-11-29,20393.0,20848.5,21300.75,22440.833333333332,21225.837025473116,446.42857142857144,37.80487804878049,-544.2461937757325,-485.4952538653224,-58.750939910410125,22640.114637273564,19961.385362726436,21300.75,2678.7292745471277,21.889980457177717,20.454571678528122,24.76079801447691,-75.06775067750678,-60.337345150417185,67.68747498514267,21533.6,-121833,46090.7,-1319.0,-3.348055640166514
2022-11-30,20451.0,20721.5,21210.5,22389.166666666668,21155.281118285202,411.42857142857144,38.20422535211267,-535.8123489104546,-495.5586728743489,-40.25367603610573,22511.911784017244,19909.088215982756,21210.5,2602.823568034488,23.201928913393754,21.370357423483334,26.86507189321459,-76.69376693766938,-58.26671711728034,69.34854961905218,20734.6,-132625,45525.3,-1682.0,-4.4173648134044114
2022-12-01,20549.0,20640.5,21151.5,22346.75,21120.96863082947,404.64285714285717,36.52802893309222,-498.36916733326507,-496.1207717661322,-2.2483955671328886,22413.370374525555,19889.629625474445,21151.5,2523.7407490511105,35.769735873675394,26.17015024021402,54.96890714059815,-59.89159891598916,-38.27527049681209,62.3764545783382,20589.7,-116232,44951.8,-1112.0,-3.0553647479049317
2022-12-02,20761.0,20640.5,21109.75,22314.75,21144.209713607615,428.57142857142856,46.57534246575342,-417.88383513081135,-480.473384439068,62.589549308256665,22277.28214764711,19942.21785235289,21109.75,2335.0642952942217,55.48900265974494,35.94310104672432,94.58080588578619,-28.99728997289973,5.57405100499122,100.0,20415.0,-94567,44228.85,-2157.0,-6.113425729104671
2022-12-05,20843.0,20656.0,21048.75,22281.916666666668,21135.71355040689,438.2142857142857,39.175257731958766,-374.79266220717545,-459.33723999268955,84.5445777855141,22079.400663160744,20018.099336839256,21048.75,2061.301326321489,61.14725781181063,44.344486635086426,94.75280016525906,-45.799457994579946,0.17955427654966788,70.45113584599075,20496.8,-112162,43519.4,-244.0,-0.7365815371611406
2022-12-06,20938.0,20665.5,21023.25,22242.083333333332,21121.836069415756,426.7857142857143,38.83211678832117,-341.9458154754684,-435.85895508924534,93.91313961377693,22031.893043635202,20014.606956364798,21023.25,2017.286087270404,63.349379604009016,50.67945095806063,88.6892368959058,-49.32249322493225,-5.42044579956399,69.08095895018832,19564.65,-122713,42617.6,-460.0,-1.398941670214704
2022-12-07,20872.0,20661.5,20970.25,22194.166666666668,21029.756443757113,459.64285714285717,32.36009732360097,-378.92397469734715,-424.4719590108657,45.547984313518555,22045.656777383378,19894.843222616622,20970.25,2150.8135547667553,42.871489340092864,48.076797085404706,32.46087384946918,-93.993993993994,-57.80286071678283,43.237900276581,19419.95,-146429,41704.6,-135.0,-0.4163839368330091
2022-12-08,20545.0,20547.0,20870.5,22124.333333333332,20851.68440149453,502.85714285714283,27.33812949640287,-482.9504644045446,-436.1676600896015,-46.78280431494312,22211.139674499493,19529.860325500507,20870.5,2681.2793489989854,29.014832372787872,41.722808847865764,3.5988794226320806,-98.69848156182212,-122.448066205929,23.184961634676082,19586.95,-173566,40719.45,-1955.0,-6.055068603462699
2022-12-09,20072.0,20416.5,20743.5,22058.666666666668,20675.3335061141,506.07142857142856,29.166666666666657,-571.712523697599,-463.276632811201,-108.43589088639794,22283.50717701677,19203.49282298323,20743.5,3080.014354033541,21.094194344504498,34.84660401341201,-6.410624993310535,-94.74708171206225,-116.8696001283836,30.48639106263003,19578.3,-198716,39772.4,-2132.0,-7.028880390346826
2022-12-12,19440.0,20141.5,20558.75,21972.083333333332,20410.539838865137,581.7857142857143,23.4982332155477,-722.8883533579938,-515.1989769205595,-207.68937643743425,22504.322233505987,18613.177766494013,20558.75,3891.1444670119745,16.22043603592242,28.637881354248815,-8.614454600730376,-93.52708058124175,-144.42402738029605,7.852086721730075,19934.7,-225073,38554.35,-4946.0,-17.539007092198577
2022-12-13,18791.0,19864.5,20356.5,21879.25,20156.678901830364,583.5714285714286,26.027397260273972,-845.0587229966768,-581.170926135783,-263.8877968608938,22583.750133661404,18129.249866338596,20356.5,4454.500267322808,12.648877971878285,23.308213560125306,-8.669793204615758,-94.49423815620999,-118.03843569519424,17.9511501067109,20233.25,-249022,37192.2,-3906.0,-16.79711017459362
2022-12-14,18332.0,19602.0,20161.75,21787.416666666668,19937.94757784652,581.0714285714286,26.099706744868044,-921.9721610555098,-649.3311731197284,-272.64098793578137,22549.491225069152,17774.008774930848,20161.75,4775.482450138305,11.24948672303623,19.288637947762282,-4.8288157264158755,-91.54929577464789,-102.40019211709236,18.239885062347145,19625.35,-237005,35700.1,-1924.0,-9.944180277031222
2022-12-15,17828.0,19186.5,19913.5,21676.583333333332,19623.857332337328,664.2857142857143,21.07340173638515,-1069.047109266212,-733.2743603490252,-335.77274891718673,22672.920419695336,17154.079580304664,19913.5,5518.840839390672,9.404419720119392,15.993898538547986,-3.7745379167377955,-94.48275862068965,-122.08961173416753,0.0,19829.0,-257625,35140.8,17731.0,101.76193755739212
2022-12-16,17207.0,18639.5,19640.0,21551.583333333332,19268.728062590915,688.9285714285714,14.762611275964389,-1231.5240959353832,-832.9243074662968,-398.59978846908643,22842.42835492397,16437.57164507603,19640.0,6404.85670984794,6.683494076386504,12.89043038449416,-5.730378539828806,-98.84032114183765,-114.10789196992894,0.0,20724.95,-291712,34807.1,4750.0,13.511591523254163
2022-12-19,16722.0,18081.0,19368.5,21419.416666666668,18906.944437582257,702.5,14.143567874911156,-1378.6895516341901,-942.0773562998756,-436.6121953343145,23011.54398459368,15725.456015406318,19368.5,7286.087969187363,4.819961442545465,10.200274070511263,-5.940663813386131,-99.00414937759336,-106.41727794006653,0.0,21410.35,-326739,34573.3,3072.0,7.698283423129926
2022-12-20,16320.0,17555.5,19110.5,21302.583333333332,18604.854491145852,728.2142857142857,17.331499312242087,-1457.1389593567947,-1045.0896769112594,-412.04928244553525,23019.51104736493,15201.48895263507,19110.5,7818.0220947298585,6.00025298956643,8.800267043529653,0.4002248816399856,-93.75,-90.4776935352821,9.829654644402668,22309.55,-294154,34282.6,-2785.0,-6.4802103450682935
2022-12-21,15948.0,17140.0,18900.75,21192.166666666668,18356.773111036724,736.4285714285714,16.8166089965398,-1480.8569972094701,-1132.2431409709015,-348.6138562385686,23009.813505804803,14791.686494195197,18900.75,8218.127011609606,9.224956023015935,8.941830036691748,9.791207995664308,-89.39144736842105,-75.10337751011159,8.24204396876706,22620.45,-258666,33994.4,-546.0,-1.358479299363058
2022-12-22,15904.0,16866.0,18706.5,21096.416666666668,18172.318529033226,731.4285714285714,15.053003533568912,-1449.0593687782675,-1195.6063865323747,-253.45298224589283,22902.44929977899,14510.55070022101,18706.5,8391.898599557979,18.20430005382726,12.029320042403583,30.554260076674616,-81.96443691786621,-59.14607832109262,3.6331372905761166,23349.9,-222846,33796.05,-1618.0,-4.0811178933562005
2022-12-23,15905.0,16556.0,18486.25,20989.666666666668,17955.90724055387,736.4285714285714,14.619080301990394,-1449.1146813318446,-1246.3080454922688,-202.80663583957585,22789.969168836476,14182.530831163524,18486.25,8607.438337672953,18.30484746089899,14.121162515235385,26.672217352226202,-90.4553415061296,-57.107135193846474,1.9260444538356607,24155.8,-257745,33719.7,2037.0,5.3565793625749425
2022-12-26,16197.0,16459.5,18300.5,20908.583333333332,17858.20178907255,798.5714285714286,25.39393939393939,-1350.4786477902671,-1267.1421659518685,-83.33648183839864,22531.989597119,14069.010402880998,18300.5,8462.979194238003,32.79146693471697,20.344597321729246,57.68520616069243,-71.59603246167718,-35.50302553468866,61.75913776944706,25088.5,-215891,33557.1,-3921.0,-9.786596780232127
2022-12-27,16412.0,16366.0,18115.25,20815.25,17758.37304725612,758.2142857142857,27.803583278035845,-1267.3822836446998,-1267.190189490435,-0.19209415426485066,22262.090871136283,13968.409128863717,18115.25,8293.681742272565,51.344260631250016,30.677818424902835,92.67714504394436,-67.98679867986799,-32.59614244760496,90.92674948407544,25673.75,-243664,33464.1,73.0,0.2019698981850393
2022-12-28,16565.0,16256.5,17929.25,20721.333333333332,17663.766090374582,707.1428571428571,31.81473044798784,-1191.424935283987,-1252.0371386491454,60.61220336515839,21960.65079481327,13897.84920518673,17929.25,8062.801589626541,62.80093565892858,41.385524169578076,105.63175863762959,-65.73511543134872,-29.339329994749452,100.0,26102.4,-263029,33471.4,324.0,0.8946075047629565
2022-12-29,16541.0,16222.5,17704.5,20620.5,17533.883605577,702.5,30.40638606676343,-1155.4307172203662,-1232.7158543633896,77.28513714302335,21560.584597237546,13848.415402762455,17704.5,7712.169194475091,61.01622660949849,47.92909164955155,87.19049652939236,-67.91171477079796,-33.94052418219214,92.03026753106711,26721.9,-291812,33711.05,3535.0,9.67406474918584
2022-12-30,16590.0,16247.5,17443.5,20513.083333333332,17401.60897647443,644.2857142857143,35.26936026936026,-1126.4274897663017,-1211.458181443972,85.03069167767035,20946.880472749443,13940.119527250557,17443.5,7006.760945498885,56.68558977613983,50.84792435841431,68.36092061159086,-73.1748726655348,-38.15751860836544,100.00000000000001,26814.85,-315336,34153.75,1904.0,4.7509731510130715
2023-01-03,16327.0,16262.0,17171.5,20377.25,17231.45574061972,643.5714285714286,33.14873417721519,-1133.1465851824432,-1195.7958621916664,62.64927700922317,20321.12838242362,14021.87161757638,17171.5,6299.2567648472395,42.537555206797045,48.07780130787522,31.457063004640702,-89.80392156862744,-49.43264529882412,89.96190981833999,27329.55,-343225,34851.7,4861.0,11.579323487374937
2023-01-04,16109.0,16260.5,16908.0,20242.833333333332,17087.507574846415,642.5,33.04278922345483,-1117.121413953697,-1180.0609725440725,62.939558590375555,19554.070373412742,14261.92962658726,16908.0,5292.140746825482,35.272714823107215,43.80943914628589,18.199266176749873,-77.81155015197568,-44.496717511563396,89.46041405533043,27890.5,-321455,35544.4,-565.0,-1.2062082363741178
2023-01-05,15934.0,16249.5,16694.75,20108.75,16973.459234384853,567.1428571428571,42.87072243346008,-1078.2740984445227,-1159.7035977241626,81.42949927963991,18887.648766473274,14501.851233526726,16694.75,4385.797532946548,33.93825983047189,40.51904604101456,20.776687409386554,-67.47720364741642,-38.199157126287545,100.0,27908.35,-297382,36232.05,-236.0,-0.509983576800066
2023-01-06,15830.0,16185.5,16525.75,19972.166666666668,16859.796450157723,538.9285714285714,48.75675675675676,-1044.3250723510719,-1136.6278926495445,92.30282029847262,18419.22431986811,14632.275680131888,16525.75,3786.9486397362216,30.778241331769706,37.272111137932946,17.790501719443228,-74.16413373860182,-39.431446999351806,100.0,27792.3,-322198,37103.75,1726.0,3.748913987836655
2023-01-09,15753.0,16171.5,16363.75,19836.833333333332,16755.05393109508,532.8571428571429,53.43601895734597,-1007.4211337040542,-1110.7865408604466,103.3654071563924,17883.410194011532,14844.08980598847,16363.75,3039.320388023063,28.71554886598855,34.41992371395148,17.306799170062675,-75.37993920972644,-37.46174398006175,100.0,27592.6,-343354,38170.5,1769.0,3.7034710882217547
2023-01-10,15710.0,16018.5,16239.0,19697.166666666668,16626.00117575269,530.0,46.11819235225956,-995.745157456915,-1087.7782641797403,92.03310672282532,17633.902750807574,14844.097249192428,16239.0,2789.8055016151466,19.898823300087297,29.579556909330087,0.5373560816017147,-97.85932721712538,-52.1531811587956,81.1478523073154,27567.4,-369207,39618.3,2675.0,5.400222065206428
2023-01-11,15540.0,15824.5,16095.25,19544.25,16458.76296853815,532.5,37.66375545851528,-1017.5289919361421,-1073.7284097310207,56.19941779487863,17427.85123541575,14762.64876458425,16095.25,2665.2024708315002,13.971349572192237,24.376821130284135,-6.839593543991562,-98.15668202764977,-86.94381948677955,59.36757496806208,28231.8,-406444,41510.4,4980.0,9.53840260486496
2023-01-12,15321.0,15627.5,15942.0,19397.666666666668,16300.309352486898,505.0,30.814639905549,-1028.9832327168915,-1064.779374328195,35.79614161130348,17115.547926947216,14768.452073052782,15942.0,2347.095853894434,10.541226913158834,19.764956391242368,-7.9062320430082345,-97.35099337748345,-103.33527727051579,41.72291830469764,28984.3,-433511,43444.35,-1087.0,-1.9006819374016382
2023-01-13,15129.0,15479.5,15851.0,19255.5,16159.327509392908,487.85714285714283,35.56149732620321,-1024.2367463460614,-1056.6708487317683,32.434102385706865,17077.70547230763,14624.294527692373,15851.0,2453.410944615256,9.157810423308899,16.22924106859788,-4.985050867269063,-96.24724061810154,-85.53979179472697,36.258216546578595,29330.5,-405967,44531.95,804.0,1.4330784450029332
2023-01-16,15013.0,15383.0,15815.25,19117.916666666668,16066.05822278406,440.0,21.498371335504885,-980.1278268663955,-1041.3622443586937,61.234417492298235,17077.70990035328,14552.790099646723,15815.25,2524.919800706555,17.258089154386383,16.572190430527378,18.629886602104392,-79.54022988505747,-57.87634698711827,0.0,28937.8,-379734,45226.95,-3102.0,-5.450998998365753
2023-01-17,14928.0,15319.0,15790.5,18992.166666666668,15962.147915852245,446.07142857142856,20.919175911251983,-950.7532850875505,-1023.2404525044651,72.48716741691464,17099.991263209136,14481.008736790864,15790.5,2618.9825264182728,17.520430363575883,16.88827040821021,18.78475027430723,-88.96551724137932,-60.83900164160768,0.0,28428.1,-404567,45859.3,1819.0,3.3807266982622375
2023-01-18,14964.0,15252.0,15756.25,18860.0,15875.27668577108,434.64285714285717,23.07692307692308,-910.9213416985713,-1000.7766303432863,89.85528864471507,17107.03485956947,14405.46514043053,15756.25,2701.569719138941,19.575023751155854,17.783854855858756,23.15736154175005,-84.1309823677582,-57.17821003214699,6.635783069753726,27656.65,-387411,46483.3,-2952.0,-5.307061699985615
2023-01-19,14999.0,15160.0,15704.75,18736.0,15789.059858554787,421.7857142857143,26.25,-875.7148750354263,-975.7642792817144,100.04940424628808,17094.386359097705,14315.113640902297,15704.75,2779.2727181954087,18.939740144880844,18.16914995219945,20.48092053024363,-85.58282208588957,-55.498072416446,16.39403948652503,26789.85,-405563,47085.55,-981.0,-1.8624696233292881
2023-01-20,15086.0,15107.5,15646.5,18617.416666666668,15738.197014882902,414.64285714285717,34.81228668941981,-815.4167615525002,-943.6947757358716,128.2780141833714,17007.26642490837,14285.733575091632,15646.5,2721.5328498167364,28.17208386340337,21.50346125593409,41.50932907834192,-60.902255639097746,-35.874196665314024,42.72589057453627,26275.1,-380038,47531.9,-4736.0,-9.162136542144673
2023-01-30,14933.0,14973.0,15572.25,18492.5,15612.178251560721,430.7142857142857,31.48148148148148,-825.8906981507498,-920.1339602188474,94.24326206809758,17033.14905627719,14111.35094372281,15572.25,2921.798112554381,23.058675377962132,22.021865963276774,25.132294207332848,-91.92200557103064,-81.79627014287854,32.482567742683344,25973.3,-408901,48038.7,3246.0,6.913001810243857
2023-01-31,14849.0,14888.5,15453.5,18370.583333333332,15511.494608554938,426.7857142857143,32.213740458015266,-813.5168228570619,-898.8105327464904,85.29370988942844,16833.57284323386,14073.427156766142,15453.5,2760.1456864677166,23.816894696419197,22.62020887432425,26.210266340609095,-84.12256267409471,-71.44876787237381,34.73450522473158,25048.55,-385542,48471.5,-5401.0,-10.758749825700686
2023-02-01,14738.0,14851.0,15337.75,18251.25,15414.685598216372,414.2857142857143,27.96208530805687,-799.3376690189089,-878.9159600009741,79.57829098206525,16623.91310253241,14051.58689746759,15337.75,2572.326205064819,22.544596464279465,22.595004737642654,22.443779917553087,-87.46518105849582,-66.07316779332069,21.659265589901416,24415.45,-400653,48898.85,-36.0,-0.0803571428571459
2023-02-02,14636.0,14817.5,15222.5,18120.75,15323.763160291004,401.7857142857143,28.640776699029132,-781.9114069631596,-859.5150493934113,77.60364243025174,16376.465702308898,14068.534297691102,15222.5,2307.931404617797,20.65936060581594,21.94979002703375,18.078501763380324,-89.4150417827298,-64.67140082769477,23.74646510681082,24316.9,-418047,49265.55,-889.0,-1.985970869448661
2023-02-03,14399.0,14742.5,15111.0,17989.0,15204.357145025195,397.5,25.578034682080926,-790.458792452664,-845.7037980052619,55.24500555259783,16257.516922086885,13964.483077913115,15111.0,2293.0338441737695,14.630750207798863,19.510110087288787,4.872030448819018,-98.07162534435261,-87.48365922739724,18.488256403719614,23936.95,-439231,49442.0,-270.0,-0.6153846153846176
2023-02-06,14424.0,14678.5,15030.75,17861.333333333332,15141.085035975177,400.7142857142857,37.95518207282913,-750.6545070959783,-826.6939398234052,76.03943272742697,16094.206504442993,13967.293495557007,15030.75,2126.9130088859856,22.131284452258065,20.38383487561188,25.626183605550445,-63.00366300366301,-59.16007791611315,100.0,23958.9,-415268,49396.0,-2545.0,-5.836486641440198
2023-02-07,14403.0,14626.0,14972.5,17730.916666666668,15075.267413501351,374.64285714285717,43.290734824281145,-718.0938333026097,-804.9739185192461,86.88008521663642,16028.811855865544,13916.188144134456,14972.5,2112.6237117310884,24.92575826228969,21.897809337837813,30.981656111193445,-69.48529411764706,-47.635123895474514,100.0,23386.15,-431702,49054.65,-1046.0,-2.547491475888941
2023-02-08,14369.0,14553.5,14902.75,17611.333333333332,15003.81337412027,372.5,42.61006289308176,-694.371438355638,-782.8534224865246,88.48198413088653,15935.194595174613,13870.305404825387,14902.75,2064.889190349226,23.725015312114696,22.506877995930108,26.161289944483876,-78.67647058823529,-55.408946566405774,96.95742288749058,22941.65,-444582,48675.7,-1317.0,-3.291348028190133
2023-02-09,14361.0,14498.5,14829.25,17498.083333333332,14948.21210039453,369.2857142857143,43.84615384615385,-660.2941039857233,-758.3415587863643,98.04745480064105,15771.091840561134,13887.408159438866,14829.25,1883.6836811222674,36.026650628023965,27.013468873294727,54.05301413748245,-71.69117647058823,-49.64392485349165,100.00000000000001,22472.45,-429893,48169.65,-2778.0,-7.178851073726644
2023-02-10,14424.0,14411.5,14759.5,17385.25,14894.572852737909,358.57142857142856,36.41025641025641,-628.8626413997717,-732.4457753090459,103.58313390927412,15606.748798356064,13912.251201643936,14759.5,1694.4975967121281,42.3904704974228,32.13913608133741,62.893139329593566,-74.26470588235294,-45.32551275007714,67.56704064089611,21917.7,-443614,47398.55,-3575.0,-9.952949692363378
2023-02-13,14912.0,14668.0,14820.5,17309.25,15093.184962000965,518.2142857142857,68.86171213546567,-390.06177878798917,-663.9689760048345,273.90719721684536,16057.209981744862,13583.790018255138,14820.5,2473.419963489723,61.36880157950727,41.8823579140607,100.3416889104004,-0.6745362563237775,169.13646734524954,100.0,22121.8,-418376,47256.5,14350.0,44.36680682661389
2023-02-14,15398.0,14900.5,14894.5,17230.75,15263.357822762779,527.1428571428571,67.13483146067415,-206.49914535952303,-572.4750098757722,365.9758645162492,16420.49199832351,13368.508001676491,14894.5,3051.983996647017,71.9038197893883,51.88951187250323,111.93243562315841,-7.026143790849673,135.26391946656557,96.01031895533526,21786.5,-437523,46980.75,1.0,0.0021416027755183364
2023-02-15,15928.0,15148.5,14999.75,17150.5,15426.371363452037,515.0,68.72082166199813,-52.7506531251438,-468.5301385256466,415.7794854005028,16786.68644042122,13212.813559578777,14999.75,3573.872880842444,79.96202365044186,61.24701579848277,117.39203935436005,-3.9215686274509802,110.91833882824038,99.67449514053126,20620.5,-423606,46426.9,-582.0,-1.2463861227112072
2023-02-16,16487.0,15424.0,15120.75,17074.833333333332,15596.716947885176,508.57142857142856,68.45574387947269,87.45401347586812,-357.33330812534365,444.7873216012118,17159.326063928216,13082.173936071784,15120.75,4077.1521278564323,86.31614584826205,69.60339248174253,119.74165258130108,-0.9345794392523364,100.68098569942018,99.06207540606921,20269.05,-403568,45979.35,1039.0,2.253160713898472
2023-02-17,17112.0,15768.0,15255.25,17006.583333333332,15778.93438141992,465.7142857142857,82.47639034627491,219.83711108662283,-241.8992242829504,461.7363353695732,17549.23636025863,12961.26363974137,15255.25,4587.97272051726,90.82677200421116,76.67785232256541,119.12461136750264,-0.14367816091954022,96.22554129778165,100.0,20181.8,-377769,45441.6,-1000.0,-2.1208008143875134
2023-02-20,17171.0,16041.5,15360.0,16938.416666666668,15921.41682128469,481.42857142857144,77.98353909465021,302.30435723650953,-133.05850797905842,435.3628652155679,17824.508064502934,12895.491935497064,15360.0,4929.0161290058695,90.63007679965162,81.32859381492749,109.23304276909985,-9.243697478991596,82.42030043558891,92.1037239140251,20063.35,-401633,45040.8,-363.0,-0.7865314612584551
2023-02-21,17297.0,16347.5,15486.75,16881.916666666668,16072.710457352816,482.5,79.94041708043694,382.2168223711906,-30.003441909008615,412.2202642801992,18122.67643256498,12850.82356743502,15486.75,5271.852865129958,92.81650090390976,85.15789617792157,108.13371035588614,-2.661064425770308,75.71159258302463,95.54297617877586,19651.5,-385037,44578.3,585.0,1.2775994234423216
2023-02-22,17438.0,16683.0,15618.25,16828.333333333332,16225.785651890643,489.2857142857143,81.14119922630562,454.0318098998305,66.8036084527592,387.2282014470713,18419.650542585798,12816.849457414202,15618.25,5602.801085171595,93.719159110765,88.01165048886938,105.13417635455625,-4.204993429697766,75.32816344578455,97.65337485700043,19809.95,-364712,44314.95,1031.0,2.2232285332298263
2023-02-23,17488.0,16987.5,15743.0,16782.833333333332,16343.806065996296,485.7142857142857,83.98398398398399,487.9719646883659,151.03727969988057,336.93468498848534,18643.318312839037,12842.681687160963,15743.0,5800.636625678075,85.56687110116575,87.1967240263015,82.30716525089423,-10.217983651226158,62.6448458949893,100.0,19798.5,-382635,44043.8,-1137.0,-2.398481172872058
2023-02-24,17494.0,17303.0,15857.25,16736.75,16457.72929780617,463.2142857142857,82.6086956521739,514.9852259649888,223.8268689529022,291.1583570120866,18855.013157317208,12859.486842682792,15857.25,5995.526314634415,80.57399249881638,84.98914685047313,71.74368379550288,-8.298755186721992,56.128979939139676,97.10914321422737,19342.0,-366240,44023.8,287.0,0.620299126826307
2023-02-27,17460.0,17315.5,15991.75,16683.416666666668,16519.374126586536,486.7857142857143,76.84529828109201,495.579829803195,278.1774611229608,217.40236868023425,18958.274237661237,13025.225762338763,15991.75,5933.048475322474,62.54932833254426,77.50920734449684,32.6295703086391,-20.33195020746888,42.32104299246632,84.99447895515698,19338.9,-395041,43949.55,2161.0,4.641821501449894
2023-02-28,17409.0,17353.0,16126.75,16626.916666666668,16589.433733578295,497.5,79.47686116700201,486.6943504194169,319.880838982252,166.8135114371649,19063.56939483768,13189.930605162323,16126.75,5873.638789675357,54.28820470396568,69.76887313098646,23.326867849924128,-16.182572614107883,36.51836493156093,90.52602550431423,19309.3,-372274,44106.35,-780.0,-1.601116676245995
2023-03-01,17305.0,17371.5,16260.0,16571.0,16643.77337799941,496.07142857142856,77.56539235412475,466.6080705555578,349.22628529691315,117.38178525864464,19126.07011336723,13393.92988663277,16260.0,5732.14022673446,44.057305008636305,61.19835042353641,9.77521417883608,-19.02097902097902,33.220520167473374,86.5081170696326,19569.55,-392590,44341.55,1532.0,3.1959279038718202
2023-03-02,17262.0,17375.0,16399.5,16517.083333333332,16701.50924676137,496.7857142857143,78.50746268656717,452.7329729920675,369.927622835944,82.8053501561235,19166.565517646333,13632.434482353667,16399.5,5534.131035292667,40.60749172860398,54.33473085855894,13.15301346869407,-48.36065573770492,30.207676970642133,67.4967551641522,19427.2,-378043,44622.6,28.0,0.0566022479178363
2023-03-03,17160.0,17327.0,16547.5,16454.333333333332,16732.794080403142,335.0,50.94339622641509,419.1529623882816,379.7726907464115,39.38027164187008,19098.123246849373,13996.87675315063,16547.5,5101.2464936987435,31.68159023041684,46.783683982511576,1.4774027262273677,-79.41176470588235,20.365386723362477,0.0,19581.8,-402319,44983.4,1325.0,2.676983998706972
2023-03-06,17090.0,17275.0,16658.25,16377.5,16734.908929888556,342.85714285714283,47.78761061946903,366.12984339799004,377.0441212767272,-10.914277878737153,19027.778656216586,14288.721343783413,16658.25,4739.057312433173,21.273965352387986,38.28044443913705,-12.738992821110145,-99.54128440366972,9.534703622773254,0.0,19701.0,-428666,45506.05,692.0,1.3616418409712505
2023-03-07,17004.0,17206.5,16777.0,16307.0,16743.489031803932,345.35714285714283,47.32142857142857,325.999139421001,366.83512490558195,-40.83598548458093,18906.446184488253,14647.553815511747,16777.0,4258.892368976507,19.01130400439573,31.85739762755661,-6.680883241926033,-86.75213675213675,1.2000431386431964,0.0,19810.25,-410047,46037.9,-862.0,-1.6733640052025711
2023-03-08,16897.0,17101.0,16892.0,16234.25,16732.20436210832,343.2142857142857,39.311594202898554,274.88819881884774,348.4457396882351,-73.55754086938737,18685.870851421292,15098.129148578708,16892.0,3587.7417028425843,15.213885209279693,26.309560154797637,-6.977464681756196,-93.82239382239382,-11.768676538996552,0.0,20049.3,-427708,46666.0,608.0,1.200371167400438
2023-03-09,16703.0,16982.5,16985.0,16169.666666666666,16689.137280002768,342.14285714285717,28.113879003558708,204.1900180186567,319.59459535431944,-115.40457733566274,18389.96488062495,15580.03511937505,16985.0,2809.9297612498995,10.781159743606642,21.133426684400643,-9.923374137981362,-98.42271293375394,-44.9367061632461,0.0,20372.7,-448865,47513.25,1605.0,3.1311574552761456
2023-03-10,16482.0,16821.0,17062.0,16115.75,16616.362300954886,345.0,26.96245733788396,118.15366533453198,279.30640935036195,-161.15274401582997,17935.12747004511,16188.87252995489,17062.0,1746.2549400902208,7.187439829071096,16.484764399290796,-11.407209311368305,-100.0,-124.78731499061607,0.0,21164.1,-478414,48564.9,513.0,0.9704146489104115
2023-03-13,16278.0,16684.0,16999.75,16061.333333333334,16532.42303419728,349.2857142857143,19.237435008665514,34.24309083461412,230.29374564721238,-196.05065481259825,18055.84745862078,15943.652541379219,16999.75,2112.1949172415625,7.71064726834495,13.560058688975515,-3.9881755729161803,-93.14159292035399,-130.81397517473857,0.0,21262.35,-505617,48925.35,526.0,0.9854431684058751
2023-03-14,16162.0,16583.0,16968.0,16033.833333333334,16505.049411892778,364.64285714285717,27.751937984496124,8.79471376676156,185.9939392711222,-177.19922550436064,18076.15351397102,15859.846486028979,16968.0,2216.3070279420426,17.699449453684167,14.939855610545065,23.21863713996237,-69.21296296296296,-83.76721849111546,13.150512437468068,21795.75,-475802,49204.3,-1629.0,-3.0220952451626037
2023-03-15,16039.0,16468.0,16919.75,16004.916666666666,16457.90184885537,365.7142857142857,27.580893682588595,-29.99013679940981,142.7971240570158,-172.7872608564256,18107.775673123273,15731.724326876727,16919.75,2376.051346246546,20.512905512182556,16.797538911090896,27.943638714365875,-78.66004962779157,-74.2432219215364,13.16599762920728,22594.3,-505690,49589.3,1539.0,2.9441022305543907
2023-03-16,15979.0,16341.0,16858.0,15973.583333333334,16412.38738705962,378.92857142857144,25.625,-62.428522436161074,101.75199475838043,-164.1805171945415,18108.16798871192,15607.83201128808,16858.0,2500.3359774238415,22.249761231058468,18.614946351080086,29.51939099101523,-79.79797979797979,-73.39032536527644,10.603628551415932,22912.45,-532091,49857.95,-1288.0,-2.3934736959470793
2023-03-17,16002.0,16242.0,16784.5,15963.583333333334,16376.921921625371,356.42857142857144,31.150442477876112,-82.34545109816281,64.93250558707179,-147.27795668523459,18046.065026381708,15522.93497361829,16784.5,2523.1300527634176,26.493503685090943,21.241132129083702,36.99824679710542,-74.01129943502825,-61.007071681994844,19.77609719903011,22505.65,-514428,50141.55,-701.0,-1.3346025702046682
2023-03-20,16024.0,16151.0,16713.0,15962.75,16326.262690994383,351.07142857142856,25.43554006968641,-112.56702824248714,29.432598821160003,-141.99962706364715,18018.830649131247,15407.169350868753,16713.0,2611.661298262494,24.563377456727295,22.34854723829823,28.993037893585424,-85.02824858757062,-62.62903857099489,10.457402002077703,22360.1,-535381,50442.35,-19.0,-0.03666255016980813
2023-03-21,15954.0,16058.0,16632.25,15969.833333333334,16285.190053756822,356.42857142857144,27.610619469026545,-130.9734829482386,-2.6486175327197152,-128.32486541551887,17930.27876863748,15334.221231362519,16632.25,2596.057537274961,26.981645577212134,23.892913351269534,33.159110029097334,-82.15297450424929,-65.27782753112733,14.127181626883067,22594.5,-514097,50648.7,-1304.0,-2.517131551008589
2023-03-22,15926.0,15982.5,16541.75,15972.083333333334,16245.64814387522,355.7142857142857,25.0,-145.89622115988823,-31.298138258153422,-114.59808290173481,17783.363021330257,15300.136978669743,16541.75,2483.2260426605135,29.495700226077933,25.760508976205667,36.96608272582247,-82.37082066869301,-52.8238939775508,18.175020627062704,22578.1,-534094,50739.65,-1277.0,-2.5286627987564647
2023-03-23,15873.0,15926.0,16454.25,15967.333333333334,16195.110225410912,351.7857142857143,25.602968460111327,-168.28986253756375,-58.69648311403549,-109.59337942352826,17668.257175041665,15240.242824958337,16454.25,2428.0143500833274,25.91380015071862,25.811606034376652,26.118188383402554,-91.31832797427653,-56.85780019089362,22.295952004712245,22558.75,-551630,50893.75,126.0,0.25597269624573205
2023-03-24,15809.0,15905.5,16363.25,15955.666666666666,16149.861632514634,346.42857142857144,28.659793814432987,-183.51804467064176,-83.66079542535675,-99.857249245285,17505.29468066341,15221.205319336592,16363.25,2284.089361326818,26.136626260816634,25.919946109856646,26.569986562736617,-84.83754512635379,-60.87895836157491,33.55063725075306,22833.4,-529742,51078.3,896.0,1.8156028368794264
2023-03-27,15729.0,15876.5,16280.25,15948.083333333334,16082.731953227527,356.07142857142856,23.764258555133082,-215.29490480714958,-109.98761730171532,-105.30728750543426,17436.512012739877,15123.987987260123,16280.25,2312.5240254797536,20.438601904374213,24.092831374695837,13.130142963730968,-94.33333333333333,-73.33781836048269,22.550501381736808,22488.3,-551641,51191.35,731.0,1.4548421764916553
2023-03-28,15645.0,15799.5,16191.25,15923.833333333334,16024.85271958681,346.7857142857143,26.6260162601626,-235.3446396171512,-135.05902176480248,-100.28561785234871,17304.835366472216,15077.664633527784,16191.25,2227.1707329444325,18.358244890981986,22.18130254679122,10.71212957936352,-90.49586776859505,-64.0862904601467,62.02112498118566,22180.4,-535032,51326.3,-342.0,-0.6708907938874353
2023-03-29,15507.0,15716.5,16092.25,15896.666666666666,15944.390555816639,350.35714285714283,27.17842323651452,-271.9038946435976,-162.4279963405615,-109.4758983030361,17195.210012635856,14989.289987364144,16092.25,2205.920025271713,14.924453939959555,19.762353011180664,5.248655797517337,-93.58490566037736,-77.36892331872205,66.65813186445693,22681.7,-565374,51437.45,1056.0,2.085513972548636
2023-03-30,15400.0,15636.5,15988.75,15870.25,15871.591455262675,327.85714285714283,31.873479318734795,-297.44856573675315,-189.43211021979985,-108.0164555169533,17020.462296698017,14957.037703301983,15988.75,2063.4245933960337,13.705504504573977,17.743403508978435,5.629706495765056,-90.3225806451613,-81.18353924072889,100.0,22993.2,-565374,51344.4,-4056.0,-7.846627072411061
2023-03-31,15271.0,15540.0,15891.0,15849.833333333334,15795.725602380515,318.2142857142857,33.248730964467,-322.4485380662991,-216.0353957890997,-106.41314227719937,16876.75965897533,14905.24034102467,15891.0,1971.5193179506605,11.200495066541382,15.562434028166084,2.476617143291982,-94.96124031007751,-81.00512457040541,100.0,23058.45,-590955,51007.7,-3548.0,-7.448304817886009
2023-04-03,15170.0,15449.5,15800.25,15829.75,15714.227925963323,305.35714285714283,9.090909090909093,-349.1300145288624,-242.6543195370523,-106.47569499181009,16785.282593636533,14815.217406363467,15800.25,1970.0651872730668,8.4770977211286,13.20065525915359,-0.9700173549213851,-97.4910394265233,-80.93731747404185,0.0,23003.5,-616203,50594.05,-847.0,-1.9212012611427354
2023-04-04,15068.0,15356.5,15707.25,15818.916666666666,15642.872885395387,289.2857142857143,12.274368231046935,-364.06131358609855,-266.93571834686156,-97.12559523923699,16634.432915014473,14780.067084985527,15707.25,1854.3658300289462,8.654401483755402,11.685237334020862,2.5927297832244847,-92.33716475095785,-83.94515444822228,13.177757319348052,22801.85,-601617,50139.3,-1684.0,-3.894542090656794
2023-04-06,14996.0,15251.5,15617.0,15803.916666666666,15564.504039167254,274.64285714285717,11.333333333333343,-383.1777295017546,-290.1841205778402,-92.9936089239144,16519.099306005017,14714.900693994983,15617.0,1804.1986120100337,7.356902576471856,10.242459081504526,1.5857895664065147,-96.3768115942029,-89.81822603556849,9.282394141993027,22623.75,-615716,49587.55,-1332.0,-3.2053133121570876
2023-04-07,14953.0,15176.5,15551.25,15788.5,15507.40841638942,276.7857142857143,16.088328075709782,-382.2213290994714,-308.5915622821664,-73.62976681730498,16441.494644081493,14661.005355918507,15551.25,1780.4892881629858,12.831430985940585,11.105449716316546,16.283393525188664,-85.60885608856088,-68.9167873724352,28.965438280922818,22558.6,-595862,48897.65,-1158.0,-2.8788782816229097
2023-04-10,14891.0,15081.0,15493.25,15771.583333333334,15436.702852923761,275.7142857142857,16.037735849056602,-393.07062987717836,-325.4873758011688,-67.58325407600955,16430.85767802676,14555.64232197324,15493.25,1875.2153560535207,11.832975848550554,11.347958427061215,12.80301069152923,-93.50180505415162,-79.40065541910397,28.756014488836016,21964.9,-613537,48062.65,-2389.0,-6.115292069830547
2023-04-11,14861.0,15015.5,15446.0,15755.416666666666,15375.112105026259,261.7857142857143,14.696485623003198,-395.0970549323356,-339.4093116274022,-55.687743304933406,16426.572335558754,14465.427664441246,15446.0,1961.1446711175086,12.452142629192434,11.716019827771621,13.924388232034055,-91.69675090252707,-69.43360041336727,23.203981556920592,21232.9,-600974,47084.05,-2346.0,-6.396379202224822
2023-04-12,14820.0,14944.0,15371.75,15744.75,15316.529999785664,252.14285714285714,14.649681528662413,-394.57534174270404,-350.4425176504626,-44.132824092241435,16322.00356726784,14421.49643273216,15371.75,1900.507134535681,13.023650641683844,12.15189676574236,14.76715839356681,-93.46153846153847,-65.64211752128035,23.010238534119285,20217.5,-610481,46072.4,-2290.0,-6.670356237802566
2023-04-13,14772.0,14884.0,15300.25,15739.916666666666,15246.384285520362,246.42857142857142,14.42006269592477,-404.0289813605941,-361.1598103924889,-42.86917096810521,16263.405313485177,14337.094686514823,15300.25,1926.310626970353,9.83984116852997,11.381211566671565,6.757100372246779,-98.02371541501977,-72.11281020774567,22.059743767084957,19495.25,-625924,44821.4,-3248.0,-10.13701195343466
2023-04-14,14921.0,14937.0,15286.75,15755.166666666666,15290.538163089852,315.0,49.81617647058824,-316.68891004856414,-352.265630323704,35.57672027513985,16216.788341031952,14356.711658968048,15286.75,1860.0766820639037,36.28962384208304,19.68401565847539,69.50084020929833,-10.81081081081081,44.47792503438848,100.0,19303.05,-603367,44143.4,10172.0,35.32803111867469
2023-04-17,15194.0,15042.5,15291.25,15777.0,15370.486909462248,327.14285714285717,61.95462478184991,-211.14681531636597,-324.0418673222364,112.89505200587041,16237.36602159343,14345.13397840657,15291.25,1892.2320431868611,56.500774869081,31.95626872867725,105.5897871498885,-3.076923076923077,75.3011460128523,100.0,19889.7,-573971,43471.05,-588.0,-1.5090465802643394
2023-04-18,15487.0,15174.0,15311.75,15794.916666666666,15454.726251418226,336.42857142857144,63.17567567567568,-116.07939847129273,-282.4493735520477,166.36997508075495,16323.851903544246,14299.648096455754,15311.75,2024.2038070884919,68.13313306684252,44.015223508065674,116.36895218439622,-8.602150537634408,97.09626259039243,100.0,20216.6,-546480,42770.3,-587.0,-1.5295619772259461
2023-04-19,15869.0,15344.5,15350.5,15823.166666666666,15570.466608426013,343.57142857142856,74.18831168831169,-7.168124322348376,-227.39312370610781,220.22499938375944,16505.834993570443,14195.165006429557,15350.5,2310.6699871408855,77.91056797390115,55.31367166334417,123.10436059501512,-2.5345622119815667,108.04204189567014,100.0,21055.25,-508423,42215.65,1618.0,4.2815559671870895
2023-04-20,16265.0,15518.5,15385.0,15848.333333333334,15664.707883814011,347.85714285714283,71.63009404388714,69.46798077238054,-168.02090281041015,237.4888835827907,16642.357295449885,14127.642704550117,15385.0,2514.714590899768,82.73914977061919,64.45549769910251,119.30645391365258,-7.6036866359447,97.69163421356753,96.07016940407601,21277.85,-532872,41666.4,-1169.0,-2.9664027608607424
2023-04-21,16485.0,15703.0,15439.75,15879.0,15773.783323450773,355.0,76.0119940029985,148.66187529648596,-104.68434718903092,253.34622248551688,16844.34949339379,14035.150506606207,15439.75,2809.1989867875836,87.62883562821698,72.179943675474,118.52661953370296,-2.591792656587473,98.96117845095534,100.0,21966.45,-501564,41105.8,-101.0,-0.2641282460315364
2023-04-24,16675.0,15934.5,15507.75,15909.416666666666,15898.184911693555,360.0,80.835734870317,230.55268296868599,-37.636941157487534,268.1896241261735,17089.93195440414,13925.56804559586,15507.75,3164.363908808278,89.6498978399616,78.0032617303032,112.94317005927843,-6.307977736549165,104.02738002356791,100.0,22115.4,-476697,40500.1,-6.0,-0.015732340447849325
2023-04-25,16693.0,16090.0,15552.75,15941.583333333334,15940.738729627503,406.7857142857143,66.50717703349282,233.4522880341574,16.58090468084145,216.87138335331593,17178.025604158778,13927.474395841222,15552.75,3250.5512083175563,81.90636355688225,79.30429567249621,87.11049932565436,-33.580705009276436,62.80612091396207,79.3840823914557,22909.25,-514473,39957.2,1987.0,5.210846533095559
2023-04-26,16617.0,16243.0,15593.5,15970.5,15974.001707758216,423.57142857142856,67.97066014669926,228.6761690622734,58.99995755712784,169.67621150514555,17251.114328834632,13935.885671165368,15593.5,3315.228657669264,68.77589905788159,75.79483013429135,54.738036905062074,-35.62152133580705,44.0431243862366,80.62945942964032,23859.35,-550084,39418.35,-261.0,-0.650564570403056
2023-04-27,16562.0,16413.5,15648.75,16000.333333333334,16003.620592733625,424.64285714285717,66.70886075949367,221.92933888131302,91.58583382196488,130.34350505934813,17321.921822428412,13975.578177571586,15648.75,3346.3436448568264,59.07976603858773,70.22314210239014,36.79301391098289,-35.80705009276438,40.065927754707246,78.72960756351391,23588.95,-575018,38761.25,-1309.0,-3.2841587636108227
2023-04-28,16504.0,16494.5,15715.75,16034.666666666666,16052.799583901851,428.92857142857144,72.02007528230865,232.86069029074315,119.84080511572054,113.01988517502261,17416.97022770654,14014.52977229346,15715.75,3402.4404554130815,51.56042373587008,64.0022359802168,26.67679924717666,-27.087198515769945,46.544383165488775,86.726537126869,23889.75,-548225,38311.15,84.0,0.21790448520064842
2023-05-04,16269.0,16472.0,15757.25,16065.25,16038.723433054056,464.2857142857143,62.18579234972678,189.71162726063267,133.81496954470296,55.896657715929706,17432.960297157595,14081.539702842405,15757.25,3351.42059431519,35.21902645193271,54.40783280412211,-3.158586252446071,-49.90723562152134,16.90093587331226,71.91936494805056,24150.0,-579011,38158.75,2406.0,6.227836305748968
2023-05-05,16233.0,16463.0,15818.5,16092.333333333334,16050.749772763193,491.07142857142856,64.62018730489073,174.48416617139264,141.94880887004092,32.53535730135172,17457.585431767235,14179.414568232767,15818.5,3278.1708635344676,32.62093402258168,47.1455332102753,3.57173564719443,-40.25974025974026,14.998192775628224,75.58475728010706,24904.5,-538673,38117.4,1374.0,3.3480347961694967
2023-05-08,16187.0,16402.0,15873.25,16119.166666666666,16051.630746785746,493.92857142857144,65.64482029598308,152.1893272419711,143.99691254442698,8.192414697544137,17464.757974085882,14281.742025914118,15873.25,3183.0159481717637,28.5477352792685,40.94626723327303,3.7506713712594433,-71.25748502994011,9.819871061544102,51.02794701788292,25493.05,-565030,38151.8,-169.0,-0.39846273548204136
2023-05-09,16130.0,16346.0,15932.25,16147.083333333334,16046.71353280615,421.07142857142856,53.96174863387978,128.2011847503527,140.83776698561212,-12.636582235259425,17444.889641226728,14419.61035877327,15932.25,3025.279282453457,24.494476808252582,35.46233709159955,2.5587562415586405,-78.125,8.021533172262934,0.0,25839.25,-586053,38260.85,161.0,0.3811192121958129
2023-05-10,15966.0,16235.0,15969.0,16168.416666666666,16013.693196348422,408.92857142857144,43.92655367231638,84.01444992357938,129.47310357320558,-45.4586536496262,17417.028060210814,14520.971939789184,15969.0,2896.05612042163,16.922771015703383,29.282481732967497,-7.796650418824846,-98.41269841269842,-12.352272144959532,0.0,26333.55,-615793,38577.15,2987.0,7.043980662657701
2023-05-11,15901.0,16085.0,16009.75,16188.333333333334,15972.389082410476,409.2857142857143,40.452616690240454,38.86513403452773,111.35150966547002,-72.48637563094229,17357.514132886292,14661.985867113708,16009.75,2695.528265772584,13.075569316896427,23.880177594277143,-8.533647237865004,-96.53179190751445,-28.474108950195262,0.0,26852.15,-643840,39026.45,271.0,0.5970215015861813
2023-05-12,15840.0,16036.5,16063.25,16169.666666666666,15961.685360276146,397.14285714285717,38.08823529411765,25.385013220775363,94.15821037653109,-68.77319715575572,17286.327546278455,14840.172453721543,16063.25,2446.1550925569118,18.88147072546458,22.213941971339622,12.216528233714499,-80.34682080924856,-22.157945872656907,0.0,27876.15,-610797,39465.0,-2561.0,-5.60847951295359
2023-05-15,15794.0,15990.5,16116.75,16152.166666666666,15949.143897392703,399.64285714285717,39.006024096385545,12.14121471175713,77.7548112435763,-65.61359653181917,17183.403769110624,15050.096230889376,16116.75,2133.3075382212483,21.855210677962937,22.09436487354739,21.376902286794035,-82.08092485549133,-33.91080346932676,2.1469999681078256,28671.5,-636211,39956.95,-1222.0,-2.835135260544752
2023-05-16,15766.0,15948.0,16180.75,16133.583333333334,15940.654002402922,401.07142857142856,34.67741935483872,4.019820270656055,63.007813048992254,-58.9879927783362,16978.999894918157,15382.500105081845,16180.75,1596.4997898363126,27.825501075756968,24.00474360761725,35.46701601203641,-80.34682080924856,-37.341730312906705,0.0,29358.1,-607036,40653.35,841.0,2.0081184336198765
2023-05-17,15746.0,15856.0,16175.25,16106.666666666666,15908.210764078834,391.42857142857144,26.05177993527508,-23.129646260355003,45.7803211871228,-68.90996744747781,16988.531041603444,15361.968958396556,16175.25,1626.562083206889,22.082342880526724,23.36394336525374,19.519141911072694,-94.87179487179488,-67.68409379122666,0.0,29514.95,-632730,40876.4,705.0,1.6502422696097918
2023-05-18,15768.0,15834.5,16153.25,16076.333333333334,15887.428786547516,352.14285714285717,36.60531697341514,-36.95752292983343,29.232752363731556,-66.19027529356498,16994.99177187919,15311.508228120809,16153.25,1683.4835437583824,24.78867601431088,23.83885424827279,26.688319546387063,-80.76923076923077,-65.51154719739463,22.958295404402254,29224.25,-609148,41130.3,29.0,0.06678026988440333
2023-05-19,15690.0,15765.0,16114.0,16046.25,15847.673664019181,344.2857142857143,34.29118773946361,-64.92001863464066,10.402198164057117,-75.32221679869777,17007.388581690375,15220.611418309625,16114.0,1786.7771633807497,17.40297699199673,21.693561829514103,8.821807316961987,-98.31223628691983,-66.07925981068189,17.924109958800628,28931.75,-630789,41458.95,908.0,2.089517892072257
2023-05-22,15559.0,15676.5,16039.25,16007.333333333334,15783.609505541164,349.64285714285717,30.86206896551724,-109.62089112547619,-13.602419693849546,-96.01847143162665,16985.379372482268,15093.120627517734,16039.25,1892.2587449645343,13.180932029752206,18.856018562926806,1.8307589634030066,-97.00996677740864,-88.50262366475327,10.464362434863657,28231.9,-654849,41841.05,2687.0,6.056849176115242
2023-05-23,15449.0,15607.5,15976.75,15967.833333333334,15738.503838346769,340.0,28.392857142857153,-132.62447052854986,-37.406829860789614,-95.21764066776025,16942.97039002769,15010.529609972307,15976.75,1932.4407800553836,15.103077493519015,17.605038206457543,10.099156067641957,-85.5421686746988,-73.10884693559115,5.912850304634224,27947.1,-636096,42060.25,-4427.0,-9.409139213602547
2023-05-24,15478.0,15612.0,15923.5,15939.166666666666,15739.12252040898,327.5,46.94656488549618,-114.43497324573036,-52.81245853777777,-61.62251470795259,16810.506200654767,15036.493799345235,15923.5,1774.012401309532,31.64766569743373,22.285914036782938,50.37116901873532,-46.2882096069869,-33.48056054224077,52.77388338925599,28100.7,-601716,42233.0,-1030.0,-2.4165356732280707
2023-05-25,15478.0,15623.0,15854.0,15908.333333333334,15734.444185131935,311.7857142857143,40.165631469979296,-103.26730473929638,-62.90342777808149,-40.363876961214885,16558.516258076943,15149.483741923057,15854.0,1409.0325161538858,40.747566605306694,28.439798226290854,65.36310336333837,-48.148148148148145,-28.444909138403123,35.647304188113715,28268.75,-629944,42337.85,-1364.0,-3.2793979756209013
2023-05-26,15540.0,15615.0,15825.75,15886.25,15738.78283416699,305.7142857142857,44.166666666666664,-86.16138434549066,-67.55501909156332,-18.606365253927336,16491.619237992913,15159.880762007087,15825.75,1331.738475985825,49.97206194739744,35.61721946665972,78.6817469088729,-39.81481481481482,-10.618194780470244,64.90471890890082,27507.9,-607385,42287.95,-1108.0,-2.7542320216759064
2023-05-29,15619.0,15589.0,15789.75,15858.166666666666,15722.70827853204,309.2857142857143,41.568627450980394,-88.52955059711712,-71.74992539267409,-16.779625204443036,16427.18296861214,15152.317031387862,15789.75,1274.8659372242764,53.685078335302,41.63983908954047,77.77555682682507,-53.68421052631579,-38.6786214999707,74.26181964864453,26998.0,-632798,42160.9,-1804.0,-4.611334066102602
2023-05-30,15605.0,15527.0,15737.5,15826.166666666666,15676.736061528987,310.0,41.08527131782945,-115.70085406380713,-80.5401111269007,-35.16074293690643,16375.321126550134,15099.678873449866,15737.5,1275.6422531002681,40.88264481612727,41.38744099840274,39.87305245157633,-88.42105263157895,-71.25400868077486,71.94853365741528,27041.25,-658597,42088.65,-213.0,-0.5707854329126127
2023-05-31,15495.0,15486.5,15671.25,15791.916666666666,15630.856436621465,305.35714285714283,42.31536926147705,-139.26012767373504,-92.28411443626757,-46.97601323746747,16238.161067006751,15104.338932993249,15671.25,1133.8221340135024,30.26435580334411,37.679745933383195,15.433575543265945,-93.15789473684211,-84.59592457398739,77.83563872491483,26969.75,-683960,41684.15,-6561.0,-17.682729624838288
2023-06-01,15400.0,15439.0,15636.75,15761.666666666666,15591.251061705134,295.7142857142857,35.6347438752784,-154.53579642597288,-104.73445083420864,-49.80134559176423,16227.256250245451,15046.243749754549,15636.75,1181.0125004909023,26.02039304638525,33.79329497105055,10.474589197054655,-86.5,-83.04543301142662,45.862946007022295,26285.05,-666868,41022.65,-2734.0,-8.951314540156496
2023-06-02,15420.0,15480.0,15622.5,15747.083333333334,15618.75096059036,343.2142857142857,50.868055555555564,-111.69438822415395,-106.1264383121977,-5.567949911956248,16171.638080612649,15073.361919387351,15622.5,1098.276161225298,42.15313024797776,36.57990673002629,53.299577283880694,-25.58139534883721,61.19432673928816,100.0,25775.45,-636722,41367.35,21498.0,77.30590815922902
2023-06-05,15479.0,15549.0,15612.75,15731.083333333334,15642.203250057944,340.7142857142857,50.08726003490401,-78.05289304353573,-100.51172925846531,22.458836214929576,16135.470364006766,15090.029635993234,15612.75,1045.440728013531,52.443172103303,41.86766185445185,73.59419260100529,-26.976744186046513,54.17666008532456,96.85369580593526,26062.05,-668811,41846.5,2520.0,5.110836189587675
2023-06-06,15666.0,15635.5,15621.5,15723.583333333334,15692.945797671475,351.42857142857144,59.86277873070326,-26.07675986164395,-85.62473537910104,59.54797551745709,16176.383581910368,15066.616418089632,15621.5,1109.7671638207357,64.88014752242057,49.538490410441426,95.56346174637886,-10.245901639344263,90.69507999347586,100.0,27125.0,-626529,42295.85,-435.0,-0.8393308507148811
2023-06-07,15815.0,15655.0,15633.5,15717.916666666666,15716.47476932181,353.2142857142857,54.084967320261434,-3.8039858888041636,-69.26058548104167,65.45659959223751,16205.643706644256,15061.356293355744,15633.5,1144.2874132885117,66.75069944117655,55.27589342068647,89.7003114821567,-29.508196721311474,69.05771332415006,81.64021033762836,27028.25,-654334,42625.15,586.0,1.1402552926525589
2023-06-08,15956.0,15678.0,15650.5,15717.833333333334,15735.858124624494,347.14285714285717,57.86713286713287,12.094101820843207,-52.9896480206647,65.08374984150791,16235.999337048479,15065.000662951521,15650.5,1170.998674096958,67.45128596624885,59.33435760254059,83.68514269366534,-31.147540983606557,52.77762073902865,93.65856105488001,26947.9,-680774,43039.95,1981.0,3.811227827157637
2023-06-09,15961.0,15690.5,15652.75,15720.666666666666,15751.966874660257,337.85714285714283,64.14728682170542,23.215462826168732,-37.74862585129802,60.964088677466755,16241.973172803326,15063.526827196674,15652.75,1178.4463456066514,67.5085075840566,62.05907426304593,78.40737422607796,-32.377049180327866,35.34631259836516,100.0,26901.65,-712892,43712.8,2600.0,4.81847328527214
2023-06-12,16008.0,15743.5,15666.25,15718.25,15785.112886597375,345.35714285714283,64.96212121212122,47.21977172975858,-20.754946335086707,67.97471806484529,16284.242292576702,15048.257707423298,15666.25,1235.9845851534046,72.8745241817208,65.66422423593755,87.2951240732873,-16.39344262295082,61.55121966466335,100.0,27405.8,-677395,44383.65,-1262.0,-2.2312982902809475
2023-06-13,16012.0,15839.0,15683.0,15721.333333333334,15824.149754540482,328.57142857142856,59.78260869565217,73.06679697639265,-1.9905976727908357,75.0573946491835,16340.03000011615,15025.96999988385,15683.0,1314.0600002323008,78.08037061850169,69.80293969679227,94.63523246192054,-11.507936507936508,82.94412223304246,82.33898497987329,27589.35,-644549,44912.6,-1997.0,-3.6114074904606053
2023-06-14,16113.0,15964.0,15725.25,15729.083333333334,15883.27834934615,335.35714285714283,65.13026052104209,112.42766522402417,20.893054906572168,91.534610317452,16463.466021728625,14987.033978271373,15725.25,1476.4320434572528,81.61332884000741,73.73973607786398,97.36051436429429,-6.185567010309279,92.33283799290635,100.0,28177.8,-607086,45426.0,394.0,0.739212007504686
2023-06-15,16222.0,16089.0,15764.0,15736.166666666666,15938.680411313184,340.0,64.12371134020619,143.5801669539469,45.43047731604712,98.14968963789978,16572.4462030079,14955.553796992099,15764.0,1616.8924060158024,84.24427683984032,77.24124966518943,98.25033118914212,-5.782312925170068,88.07092791771335,96.58745024566142,28613.4,-574792,45946.25,166.0,0.3091593101650192
2023-06-16,16238.0,16099.5,15789.75,15738.5,15943.091800711929,417.85714285714283,57.69944341372912,128.06055814457977,61.95649348175365,66.10406466282612,16591.54715901874,14987.95284098126,15789.75,1603.5943180374816,73.30913420018132,75.93054451018673,68.06631358017049,-42.721518987341774,23.55907425873913,74.80696067624154,29618.4,-616533,46478.2,1142.0,2.1203119197920506
2023-06-19,16200.0,16104.0,15826.5,15738.75,15939.940200644127,414.64285714285717,63.72950819672131,108.45903491052195,71.25700176750732,37.20203314301463,16575.282169153423,15077.717830846577,15826.5,1497.5643383068455,64.22047795599617,72.02718899212321,48.607055883742106,-47.46835443037975,22.50216267749075,95.25096528688212,30520.2,-658629,46968.9,1862.0,3.3853314424930003
2023-06-20,16139.0,16075.5,15855.5,15739.083333333334,15935.183991058973,408.92857142857144,64.38923395445136,90.27027414411896,75.05965624282965,15.21061790128931,16563.89254654464,15147.10745345536,15855.5,1416.78509308928,57.68175748625164,67.24537849016602,38.5545154784229,-48.734177215189874,5.345634905984924,97.4876637168613,30875.8,-684494,47700.15,384.0,0.6752954417557744
2023-06-21,16033.0,16073.0,15864.0,15742.416666666666,15933.261706196214,404.2857142857143,64.46280991735537,76.98540147364292,75.4448052889923,1.5405961846506244,16570.88791637415,15157.112083625849,15864.0,1413.7758327483025,53.922130890115,62.80429595681568,36.15780075671364,-53.597122302158276,4.51982620861438,95.5630487129096,30376.0,-660110,48487.35,89.0,0.15546394633874083
2023-06-26,15836.0,16029.0,15853.5,15738.416666666666,15890.093924653716,376.7857142857143,40.86757990867581,30.99884423639196,66.55561307847223,-35.556768842080274,16577.30645857417,15129.693541425828,15853.5,1447.6129171483426,40.98405848309825,55.53088346557654,11.890408518141683,-84.89208633093526,-50.46061656169218,0.0,31161.3,-704044,49535.35,3852.0,6.718175000436011
2023-06-27,15762.0,16000.0,15845.25,15741.25,15863.894503258125,372.85714285714283,44.58874458874459,5.385457862632393,54.32158203530427,-48.936124172671875,16576.308893156467,15114.191106843533,15845.25,1462.1177863129342,35.59608695036287,48.885951293838644,9.01635826341132,-75.17985611510791,-42.293078624299255,15.336989096630017,31774.55,-669220,50536.75,-2040.0,-3.333932569579501
2023-06-28,15678.0,15939.0,15841.25,15741.5,15828.285502947827,357.5,33.88235294117648,-24.714892804702686,38.51428706730288,-63.22917987200557,16579.49026184605,15103.009738153949,15841.25,1476.480523692102,29.006504010074046,42.259468865917114,2.500574298387903,-84.1726618705036,-44.62138866037431,0.0,31972.6,-698594,51703.9,1511.0,2.5545655885982788
2023-06-29,15611.0,15875.0,15857.0,15747.75,15802.25831219089,348.92857142857144,40.15345268542199,-42.83095224145109,22.24523920555209,-65.07619144700317,16553.490450306694,15160.509549693306,15857.0,1392.9809006133873,26.172201714150084,36.89704648199477,4.722512178460718,-79.49640287769785,-44.03357247950055,20.068862941358205,31987.75,-672492,52911.5,596.0,0.9825255522584841
2023-06-30,15530.0,15781.5,15872.75,15753.25,15774.42418722033,346.07142857142856,39.64646464646465,-60.126087672049835,5.7709738300317035,-65.89706150208154,16518.615188801243,15226.884811198759,15872.75,1291.7303776024837,23.203530159553296,32.332541041180946,4.9455083962979955,-82.73381294964028,-55.25640446893187,18.446392580225886,32343.25,-704965,54518.2,1421.0,2.31977275695443
2023-07-03,15608.0,15722.0,15905.5,15766.5,15783.526645580298,358.2142857142857,49.247311827956985,-44.27326115560027,-4.237873167094691,-40.035387988505576,16472.550540771696,15338.449459228303,15905.5,1134.1010815433929,35.82830154349461,33.49779454195217,40.489315546579505,-56.83453237410072,-17.988581421955658,49.171160812958945,33507.2,-664594,56096.15,-3309.0,-5.279448601560377
2023-07-04,15635.0,15698.5,15899.0,15780.0,15780.333631715508,354.2857142857143,42.22222222222222,-40.921066464299656,-11.574511826535685,-29.346554637763973,16470.246098685286,15327.753901314714,15899.0,1142.4921973705714,44.68553436232973,37.22704114874469,59.602520789499806,-65.46762589928058,-17.449080511794413,26.689368751267956,33734.35,-699283,56636.05,737.0,1.2414095135426573
2023-07-05,15686.0,15682.0,15893.0,15793.0,15776.96852393308,347.5,39.583333333333336,-38.22722656126825,-16.9050547734822,-21.322171787786054,16468.256464544294,15317.743535455706,15893.0,1150.5129290885889,50.828607607673376,41.76089663505425,68.96402955291163,-65.8273381294964,-30.082668018450246,18.244358850543478,33209.3,-720871,57100.3,1007.0,1.67540138091673
2023-07-06,15708.0,15659.5,15867.5,15807.083333333334,15766.304854987071,334.64285714285717,30.40201005025125,-42.06279670491858,-21.936603159769476,-20.126193545149107,16435.288878480653,15299.711121519349,15867.5,1135.5777569613037,50.55240507178225,44.69139944729692,62.27441632075292,-71.58273381294964,-43.68611070909385,0.0,32789.75,-754762,57681.15,1897.0,3.10413666710303
2023-07-07,15722.0,15626.0,15849.5,15817.333333333334,15748.561535464492,325.35714285714283,28.46715328467154,-51.36915169831991,-27.823112867479566,-23.546038830840345,16430.288030904652,15268.711969095346,15849.5,1161.5760618093063,43.820651000235785,44.4011499649432,42.65965307082095,-77.6978417266187,-43.61813815365602,0.0,32528.85,-777349,58230.05,-53.0,-0.08411496770303062
2023-07-10,15597.0,15602.5,15815.75,15825.333333333334,15700.603293991684,252.85714285714286,30.6282722513089,-84.7986987535678,-39.21823004469722,-45.58046870887058,16454.814077176023,15176.685922823977,15815.75,1278.1281543520454,30.95668672346874,39.919662217785046,13.030735734836128,-95.95959595959596,-85.57279835670946,6.003832597611451,33175.15,-816715,59089.5,8192.0,13.012262532562424
2023-07-11,15498.0,15566.5,15783.25,15833.083333333334,15658.164885040096,239.28571428571428,32.24932249322494,-109.22585158883703,-53.21975435352519,-56.00609723531184,16467.703489250634,15098.796510749367,15783.25,1368.906978501267,24.179457815645826,34.672927417071975,3.1925186127935206,-89.57055214723927,-83.23624408169418,10.507293274709182,32908.95,-789921,59765.55,-1068.0,-1.5010963062911165
2023-07-12,15364.0,15525.0,15732.0,15838.333333333334,15602.625372179135,246.78571428571428,29.67581047381546,-141.47816960405908,-70.87143740363197,-70.6067322004271,16468.13785894248,14995.86214105752,15732.0,1472.2757178849588,17.374118830502237,28.906657888215396,-5.690959284924084,-96.23655913978494,-85.25606467626108,3.3577861948112577,32846.7,-824173,60697.05,3847.0,5.489440639269416
2023-07-13,15216.0,15462.0,15668.5,15844.083333333334,15538.089622447787,257.14285714285717,26.760563380281695,-177.1006048626623,-92.11727089543804,-84.98333396722425,16453.92713823351,14883.07286176649,15668.5,1570.85427646702,12.958892675992317,23.590736150807704,-8.304794273638457,-95.87155963302752,-93.19894999841662,0.0,33027.5,-860635,61849.2,2416.0,3.268088790293122
2023-07-14,15087.0,15404.5,15593.0,15831.166666666666,15480.652515547998,234.64285714285714,34.01759530791789,-202.19395892723514,-114.13260850179748,-88.06135042543767,16354.068500962883,14831.931499037117,15593.0,1522.1370019257665,11.441621666000778,19.54103132253873,-4.757197647075124,-91.59292035398231,-90.16680949727089,32.27248236677114,33068.65,-822349,62944.55,-742.0,-0.9719293189945355
2023-07-17,15041.0,15319.0,15520.5,15812.583333333334,15436.30465692438,228.92857142857142,31.818181818181813,-213.1680231211085,-133.9396914256597,-79.22833169544879,16204.127322295904,14836.872677704096,15520.5,1367.2546445918088,13.735950220614829,17.606004288564094,5.995842084716301,-84.51327433628319,-77.80674555989263,22.491550744514072,33072.5,-789978,63958.0,-1472.0,-1.947064192272585
2023-07-18,15020.0,15259.0,15478.75,15794.166666666666,15409.037546741105,227.14285714285714,39.75903614457832,-208.56744067333238,-148.86524127519425,-59.702199398138134,16144.695113907172,14812.804886092828,15478.75,1331.8902278143432,21.172804023045543,18.794937533391245,25.92853700235414,-72.56637168141593,-53.51903107845301,57.80503479434983,32704.4,-755599,64688.25,-4522.0,-6.10017671896289
2023-07-19,15035.0,15199.5,15440.75,15768.833333333334,15384.367304194333,235.35714285714286,37.304075235109714,-202.58615880486468,-159.60942478112835,-42.97673402373633,16089.597358580457,14791.902641419543,15440.75,1297.6947171609136,26.490452183028367,21.360109083270284,36.75113838254453,-72.56637168141593,-50.98147836115597,46.88766754945409,32784.8,-755599,65241.5,-1678.0,-2.4106770870745753
2023-07-20,15118.0,15167.0,15413.25,15748.5,15380.141846652017,240.35714285714286,45.11494252873563,-180.43459997566788,-163.77445982003627,-16.66014015563161,16027.632659774486,14798.867340225514,15413.25,1228.765319548973,44.54202188545977,29.08741335066678,75.45123895504574,-55.75221238938053,-18.03103842616984,81.62309100029728,33598.4,-713462,65564.25,-4226.0,-6.221201548675825
2023-07-21,15161.0,15124.0,15375.0,15720.833333333334,15358.2235755423,229.64285714285714,27.070063694267503,-176.17985046589092,-166.25553794920722,-9.924312516683699,15951.970308457981,14798.029691542019,15375.0,1153.940616915963,47.6656957497268,35.28017415035345,72.43673894847349,-72.56637168141593,-32.17707168893218,1.6862477966838685,34056.0,-746998,65884.85,46.0,0.0722100999952957
2023-07-24,15328.0,15184.5,15393.5,15700.333333333334,15405.059425490654,271.42857142857144,52.32558139534884,-114.99815383611167,-156.0040611265881,41.00590729047644,16007.204026041007,14779.795973958993,15393.5,1227.4080520820135,60.800119005564994,43.786822435423964,94.82671214584705,-12.931034482758621,66.35128677242179,99.99999999999999,35078.35,-682617,65560.6,-9045.0,-14.188457858162485
2023-07-25,15506.0,15263.0,15414.75,15695.25,15465.529956396305,279.2857142857143,56.316916488222695,-50.59656070638448,-134.9225610425474,84.3260003361629,16087.35276068732,14742.14723931268,15414.75,1345.205521374639,72.15396603006046,53.24253696696946,109.97682415624244,-5.138339920948616,92.1180802017373,100.0,35663.5,-636090,65089.2,-4983.0,-9.1090231061714
2023-07-26,15683.0,15359.0,15442.0,15691.0,15519.765198644276,282.5,58.1858407079646,0.0382665115648706,-107.93039553172494,107.96866204328981,16169.370172897574,14714.629827102426,15442.0,1454.7403457951477,78.74366966106594,61.74291453166829,112.74517991986122,-8.076923076923077,83.26578808548317,100.0,36168.45,-675563,64584.05,836.0,1.6813821121860029
2023-07-27,15886.0,15502.0,15482.0,15692.166666666666,15599.311370201964,318.2142857142857,65.5310621242485,65.23605687876989,-73.29710504962598,138.53316192839588,16315.74488083333,14648.25511916667,15482.0,1667.4897616666603,84.4498027625497,69.31187727529543,114.72565373705822,-3.8095238095238093,93.89347713720215,100.0,37675.0,-619330,64055.95,137.0,0.27098126866704764
2023-07-28,16160.0,15660.5,15532.5,15692.166666666666,15686.996001611302,318.2142857142857,77.41935483870968,128.7359090823793,-32.89050222322493,161.62641130560422,16486.993527865347,14578.006472134652,15532.5,1908.987055730695,87.78704799554595,75.47026751537894,112.42060895587997,-5.084745762711864,106.03322884273076,100.0,38513.7,-570083,63203.4,-5068.0,-9.997238331952495
2023-07-31,16418.0,15873.0,15596.0,15712.75,15825.377334791177,354.2857142857143,82.11243611584327,226.47811910990822,18.983222043401707,207.49489706650652,16785.164235481105,14406.835764518893,15596.0,2378.328470962211,91.55151858706895,80.83068453927561,112.99318668265568,-0.8620689655172413,128.8987837370549,100.0,39619.95,-507587,62382.5,-2676.0,-5.865076929820711
2023-08-01,16601.0,16053.5,15656.25,15725.916666666666,15932.960445763447,361.42857142857144,81.97278911564626,285.71799170572376,72.33017597586613,213.38781572985764,16991.409659287783,14321.090340712217,15656.25,2670.3193185755663,89.93379148876647,83.86505352243923,102.07126742142097,-11.691022964509395,108.6220746819856,99.74771043273613,40970.8,-569293,61278.65,-4922.0,-11.459837019790452
2023-08-02,16805.0,16244.0,15721.75,15742.5,16039.821355690738,365.7142857142857,86.85121107266436,336.85215978841916,125.23457273837674,211.6175870500424,17196.478431735286,14247.021568264714,15721.75,2949.456863470572,89.80082223282106,85.84364309256651,97.71518051333015,-9.221311475409836,96.9645312948843,100.0,42006.9,-526983,59990.6,-2677.0,-7.039549805406542
2023-08-03,16907.0,16396.5,15781.75,15756.916666666666,16118.409798005905,367.14285714285717,81.43322475570032,357.91907598097714,171.77147338689684,186.1476025940803,17341.926356428303,14221.573643571697,15781.75,3120.3527128566056,85.4290125746897,85.7054329199409,84.87617188418727,-17.92656587473002,74.78137936757322,90.93696498886213,41891.65,-558569,58377.4,-4606.0,-13.029334389409064
2023-08-04,17101.0,16630.5,15877.25,15786.75,16249.037436291057,404.64285714285717,84.23236514522821,420.2031946391817,221.45781763735383,198.74537700182785,17609.739766051644,14144.760233948355,15877.25,3464.979532103289,89.13658309577013,86.84914964521731,93.71144999687581,-2.3391812865497075,93.4201754967367,95.61927791238327,42553.95,-522736,57858.0,21823.0,70.98064725971702
2023-08-07,17173.0,16795.5,15990.0,15818.75,16368.17672807286,415.35714285714283,83.66762177650429,465.01037370598897,270.1683288510809,194.84204485490807,17838.843166045077,14141.156833954923,15990.0,3697.686332090154,89.87483918096387,87.8577128237995,93.90909189529262,-5.981308411214953,83.45645633665231,94.674593185693,42791.1,-478627,57123.95,3899.0,7.417059808248361
2023-08-08,17274.0,16937.5,16100.25,15845.416666666666,16472.159896827827,420.7142857142857,82.71954674220963,491.6255667217956,314.4597764252238,177.1657902965718,18025.928212720748,14174.571787279252,16100.25,3851.356425441496,88.04955178134165,87.92165914298022,88.30533705806454,-11.574952561669829,76.28976974902761,93.08868345349326,43734.65,-524292,56493.6,1006.0,1.7815715373580954
2023-08-09,17363.0,17084.0,16221.5,15873.25,16570.049430463274,419.64285714285717,81.95266272189349,510.06623855216094,353.58106885061125,156.4851697015497,18180.46078787225,14262.539212127753,16221.5,3917.9215757444963,86.25961404159159,87.367644109184,84.04355390640677,-10.056925996204933,65.91379479257753,91.80586428064936,43728.8,-490157,55769.5,1972.0,3.431176378473366
2023-08-10,17405.0,17156.0,16329.0,15893.5,16618.139960895343,436.7857142857143,76.62517289073305,484.7982037918846,379.8244958388659,104.97370795301867,18223.29503621018,14434.704963789818,16329.0,3788.590072420362,69.9306517853035,81.55531333455717,46.68132868679615,-30.4635761589404,44.75827789366309,70.38131302019337,44355.9,-539161,55070.9,2926.0,4.922196988813199
2023-08-11,17351.0,17226.0,16443.25,15920.5,16675.459964619597,393.57142857142856,72.38562091503269,471.0434961729552,398.0682959056838,72.97520026727142,18257.478196057054,14629.021803942947,16443.25,3628.456392114107,61.128206544261054,74.7462777377918,33.89206415719957,-27.877237851662404,39.430864075773016,52.62510447841682,44176.65,-504460,54428.1,374.0,0.5996376521139712
2023-08-14,17296.0,17234.5,16553.75,15946.083333333334,16727.797110846303,391.7857142857143,70.6086956521739,455.2978591931933,409.5142085631857,45.78365063000757,18268.165275492527,14839.334724507475,16553.75,3428.8305509850525,55.43262128857472,68.30839225471944,29.681079356285295,-27.62148337595908,41.25073979047883,43.3375002177106,44447.0,-466682,53885.5,532.0,0.8478763248067622
2023-08-15,17253.0,17263.5,16658.5,15975.666666666666,16777.054528860943,385.35714285714283,70.93425605536332,439.3683959276459,415.4850460360778,23.883349891568116,18264.354748625858,15052.645251374142,16658.5,3211.709497251715,52.32641073815172,62.9810650825302,31.01710204939478,-26.59846547314578,37.0257398663086,25.343134066219957,44101.95,-439204,53590.2,424.0,0.6700696935695527
2023-08-16,17169.0,17266.0,16755.0,16007.416666666666,16805.906478493234,366.07142857142856,63.25411334552102,408.71860680588725,414.1317581900397,-5.413151384152457,18203.411107677,15306.588892323001,16755.0,2896.8222153539973,38.94410288526354,54.96874435010798,6.894819955574661,-44.77124183006536,27.844646847873086,0.0,43846.2,-477793,53468.65,1797.0,2.820991821164509
2023-08-17,17105.0,17255.0,16825.75,16031.5,16801.05824244626,372.5,54.05872193436961,354.1215514335054,402.12971683873286,-48.00816540522749,18112.33370562469,15539.166294375313,16825.75,2573.1674112493765,27.384536204709658,45.77400830164188,-9.394407989154786,-91.81818181818181,4.316738062622239,0.0,44100.15,-525009,53480.45,-1559.0,-2.380225350392373
2023-08-18,16992.0,17171.5,16901.0,16046.666666666666,16787.147933641852,346.42857142857144,39.78947368421053,299.33329948723986,381.5704333684343,-82.23713388119444,17923.940035285294,15878.059964714706,16901.0,2045.8800705705871,20.36606211115665,37.30469290481347,-13.511199476156989,-93.67088607594937,-18.76360108426016,0.0,44289.0,-562322,53489.45,-10.0,-0.015639906786157898
2023-08-21,16955.0,17125.5,16960.5,16069.166666666666,16811.22908281882,350.35714285714283,51.650485436893206,283.70907588845876,361.9981618724392,-78.28908598398044,17856.613832054838,16064.386167945162,16960.5,1792.227664109676,28.46410613235686,34.35783064732793,16.676657102414723,-61.18143459915612,-0.4728794030756396,25.203089411638828,43350.1,-516719,53872.55,-1563.0,-2.44489981072753
2023-08-22,16895.0,17074.0,17005.75,16088.583333333334,16823.96917016941,343.92857142857144,47.85992217898833,260.65637562287884,341.7298046225271,-81.07342899964829,17790.648753108697,16220.851246891305,17005.75,1569.7975062173919,33.813469128888315,34.17637680784806,33.08765377096883,-69.19831223628692,-7.260983550123527,18.159143632354915,42754.85,-551341,54515.3,210.0,0.3367219318218151
2023-08-23,16934.0,17051.5,17067.75,16117.0,16866.92448729613,356.42857142857144,57.56457564575646,265.94948651881714,326.57374100178515,-60.62425448296801,17713.313605248204,16422.186394751796,17067.75,1291.1272104964082,51.50064608592554,39.95113323387389,74.59967179002882,-41.35021097046413,13.338188926070506,39.99537693702278,43445.75,-498050,55164.35,962.0,1.5373306059831338
2023-08-24,17027.0,17066.0,17111.0,16150.0,16900.550726601265,321.7857142857143,43.69158878504673,262.6782829584372,313.79464939311555,-51.116366434678355,17664.900998184225,16557.099001815775,17111.0,1107.8019963684492,61.00043072395036,46.967565730566044,89.06616071071899,-45.9915611814346,26.91793483653245,8.893071541279397,42800.8,-541384,55827.1,411.0,0.6468569989612538
2023-08-25,17168.0,17080.0,17153.0,16186.083333333334,16944.307800258288,315.0,46.91629955947136,268.28998064807456,304.6937156441074,-36.403734996032824,17641.772899584692,16664.227100415308,17153.0,977.5457991693838,69.23838238739548,54.39117128284252,98.9328045965014,-34.177215189873415,45.1632195843323,16.601010358478536,42368.7,-500779,56848.7,2109.0,3.2979405463728906
2023-08-28,17157.0,17056.0,17145.25,16215.583333333334,16948.183247852736,350.0,40.882917466410746,239.71464430066044,291.697901375418,-51.983257074757546,17639.77236392408,16650.72763607592,17145.25,989.0447278481588,62.40257641393201,57.061639659872355,73.0844499220513,-56.56108597285068,-45.118385538123015,2.593361192918692,41864.5,-553191,57919.7,-1688.0,-2.555330164400982
2023-08-29,17124.0,17009.5,17136.5,16230.583333333334,16932.165795676283,357.5,37.00361010830325,198.24149309626955,273.0066197195883,-74.76512662331874,17650.985946818462,16622.014053181538,17136.5,1028.9718936369245,50.90797818458412,55.010419168109614,42.703096217533115,-72.08121827411168,-64.68583334953789,0.0,40723.7,-592081,59267.6,616.0,0.9569675314587522
2023-08-30,17043.0,16988.5,17127.25,16247.333333333334,16926.245243707115,342.5,45.790554414784395,170.6686083282002,252.5390174413107,-81.8704091131105,17654.401980482216,16600.098019517784,17127.25,1054.303960964433,46.29059797754,52.10381210458641,34.66416972344717,-62.944162436548226,-47.79153281731595,24.834496700820416,40381.6,-556613,60724.8,-491.0,-0.7555473486597131
2023-08-31,16968.0,16997.5,17126.25,16258.5,16918.507601449295,337.5,41.90064794816415,145.1266774320975,231.05654943946806,-85.92987200737056,17655.56808166636,16596.93191833364,17126.25,1058.6361633327178,42.36632081751398,48.85798167556227,29.382999101417397,-65.48223350253807,-58.669250448770036,14.432492229889908,40126.55,-583098,62463.75,1029.0,1.5954725172494078
2023-09-01,16864.0,17016.0,17093.75,16273.5,16911.03068702555,334.64285714285717,41.68466522678186,123.06246744304735,209.45773304018394,-86.39526559713659,17608.652903468224,16578.847096531776,17093.75,1029.8058069364488,39.58093130643064,45.7656315525184,27.211530814255127,-65.98984771573605,-47.81488762406543,13.795950497913234,40222.5,-620850,63336.05,4490.0,6.85245101031684
2023-09-04,16833.0,16995.0,17060.25,16288.666666666666,16903.313478737404,346.7857142857143,40.99783080260303,103.57555115597643,188.28129666334246,-84.70574550736603,17550.453770734286,16570.046229265714,17060.25,980.4075414685722,37.385595490243105,42.97228619842664,26.21221407387604,-67.00507614213198,-68.27291269179736,15.215787134460749,40828.4,-677077,64202.3,3778.0,5.396063644413984
2023-09-05,16846.0,16985.0,17029.5,16304.333333333334,16897.759814095745,336.7857142857143,44.5475638051044,88.3242571856972,168.2898887678134,-79.9656315821162,17490.401861914004,16568.598138085996,17029.5,921.8037238280085,36.42965249264938,40.79140829650089,27.706140884946365,-65.48223350253807,-45.87016143343734,36.69065872932535,40555.7,-636866,64996.75,-430.0,-0.5827189939288768
2023-09-06,16818.0,16930.5,16991.0,16314.833333333334,16881.78268894377,322.14285714285717,49.3573264781491,66.19490427809433,147.8708918698696,-81.67598759177528,17413.456475490926,16568.543524509074,16991.0,844.9129509818522,31.90064819306913,37.82782159535697,20.046301388493447,-77.15736040609137,-53.604412492309365,60.08334748357369,40752.5,-674937,65728.65,721.0,0.9827976336522992
2023-09-07,16803.0,16885.5,16975.75,16324.416666666666,16871.136718568174,315.35714285714283,53.05039787798409,51.29361747837174,128.55543699157005,-77.2618195131983,17407.359899403575,16544.140100596425,16975.75,863.2197988071493,31.720747710566798,35.79213030042691,23.57798253084657,-73.09644670050761,-57.294296958188575,78.0449135058882,39963.65,-641710,66141.75,-3450.0,-4.656938838869918
2023-09-08,16719.0,16791.5,16935.75,16324.0,16828.171316799777,312.5,33.243243243243256,11.114049558604165,105.06715950497687,-93.9531099463727,17417.427714922163,16454.072285077837,16935.75,963.3554298443269,22.188831807044537,31.25769746929945,4.051100482534707,-98.1651376146789,-92.06241291976369,0.0,40463.1,-686400,66708.75,3452.0,4.8872340124304525
2023-09-11,16693.0,16763.0,16909.5,16327.916666666666,16815.964524723608,317.85714285714283,43.98034398034398,1.8438576037005987,84.42249912472163,-82.57864152102103,17381.9393584032,16437.0606415968,16909.5,944.8787168064009,30.41755453802969,30.977649825542862,29.29736396300335,-72.4770642201835,-60.846320758425094,44.146844257558946,40424.0,-649404,67037.2,-4239.0,-5.721806033610044
2023-09-12,16730.0,16788.0,16898.75,16345.333333333334,16836.348855702312,316.07142857142856,43.98034398034398,20.88466040138519,71.71493138005434,-50.83027097866915,17348.274602687172,16449.225397312828,16898.75,899.0492053743437,49.855834480752186,37.27037804394597,75.02674735436463,-42.20183486238532,16.085260455332648,54.208193630539675,41766.85,-595069,67222.25,-2444.0,-3.4991266500587037
2023-09-13,16774.0,16796.0,16892.25,16362.666666666666,16847.172774206854,314.64285714285717,43.44660194174758,29.182900081603293,63.208525120364136,-34.02562503876084,17334.43923074797,16450.06076925203,16892.25,884.3784614959368,59.05881923129958,44.533191773063834,88.11007414777106,-49.54128440366973,13.11066697983055,51.51350048334608,41439.2,-627105,67162.85,-3092.0,-4.587400967330346
2023-09-14,16818.0,16810.5,16904.0,16381.0,16860.775367139533,311.42857142857144,40.56122448979592,38.542684445521445,58.2753569853956,-19.73267253987415,17343.312860583083,16464.687139416917,16904.0,878.625721166165,65.42111127561252,51.49583160724673,93.27167061234408,-37.89473684210526,31.669987870316476,36.94615093132692,40875.2,-591169,67287.25,2117.0,3.2918675167159073
2023-09-15,16971.0,16845.0,16930.5,16402.166666666668,16891.653903602433,272.14285714285717,55.61797752808988,60.99217151758785,58.81871989183405,2.173451625753799,17370.51076541855,16490.48923458145,16930.5,880.0215308370971,72.85057325264299,58.614078822378815,101.32356211317133,-12.29050279329609,62.02308232717598,100.00000000000001,41553.6,-540288,67386.05,-522.0,-0.785825041022481
2023-09-18,16979.0,16836.0,16915.5,16423.166666666668,16877.210674687918,285.7142857142857,49.00990099009901,42.38715800974387,55.53240751541602,-13.145249505672147,17360.222266967652,16470.777733032348,16915.5,889.4445339353042,61.229991106976144,59.48604958391125,64.71787415310592,-62.01117318435754,-37.74750142991247,70.46634630889801,41212.45,-579068,67510.95,-1041.0,-1.5795463166679347
2023-09-19,16933.0,16831.5,16908.25,16442.916666666668,16869.857277098592,281.07142857142856,48.24120603015076,32.113860725708946,50.84869815747461,-18.734837431765662,17355.66685496332,16460.83314503668,16908.25,894.8337099266428,55.717573214706626,58.22989079417638,50.69293805576713,-55.3072625698324,-36.507279489064985,67.03079730902068,41069.2,-547311,67572.2,-1063.0,-1.638813517513571
2023-09-20,16946.0,16860.0,16895.25,16468.333333333332,16883.68039356539,291.7857142857143,53.89908256880734,40.85000831542129,48.848960189063945,-7.998951873642653,17311.84616947478,16478.65383052522,16895.25,833.1923389495569,60.05007674276531,58.83661944370603,62.47699134088387,-31.28491620111732,8.563424154748857,92.31769665999263,40419.8,-507008,67502.6,-1655.0,-2.594003228789521
2023-09-21,16898.0,16858.0,16871.75,16488.25,16870.948927511545,299.64285714285717,48.15573770491803,26.089440092939185,44.297056169838996,-18.20761607689981,17263.497434747933,16480.002565252067,16871.75,783.4948694958657,50.79943004383112,56.15755631041439,40.08317751066457,-60.89385474860335,-8.705341529401377,66.6488114309108,40113.45,-544215,67328.05,-1688.0,-2.716184468831462
2023-09-22,16814.0,16892.5,16842.0,16509.166666666668,16860.858553462826,287.5,48.67075664621677,15.424157980251039,38.522476531921406,-23.098318551670367,17161.29857335631,16522.70142664369,16842.0,638.5971467126219,40.6332039891205,50.98277220331643,19.93406756072865,-59.21787709497207,-37.45894980960126,68.95059939738306,39511.75,-515644,67087.1,781.0,1.2918058817691591
2023-09-25,16821.0,16900.0,16831.5,16524.25,16852.68154837113,293.57142857142856,48.5655737704918,7.690114638626255,32.356004153262376,-24.66588951463612,17144.7528825423,16518.2471174577,16831.5,626.5057650845993,34.356973085478835,45.440839164037236,12.189240928362025,-58.100558659217874,-0.8778035055812053,68.48050275004005,38611.1,-481245,66821.15,-2188.0,-3.572886559218802
2023-09-26,16784.0,16858.5,16823.25,16538.666666666668,16830.04521043102,295.7142857142857,47.686116700201204,-11.220490425483149,23.64070523751327,-34.86119566299642,17150.588148033345,16495.911851966655,16823.25,654.6762960666892,26.800752619756455,39.22747698261031,1.9473038940487442,-75.97765363128492,-60.33759583383501,64.54992167991662,38551.35,-518940,66486.45,-759.0,-1.2853296303195538
2023-09-27,16703.0,16824.5,16810.25,16553.083333333332,16809.088523723305,300.7142857142857,46.734693877551024,-26.307483106185828,13.65106756877345,-39.95855067495928,17150.179946343447,16470.320053656553,16810.25,679.8598926868945,25.10526365126621,34.52007253882894,6.275645876140743,-76.53631284916202,-78.74123601062183,60.29770214274635,38406.3,-551507,65751.15,-8503.0,-14.586907294311402
2023-09-28,16666.0,16782.0,16796.25,16568.083333333332,16785.841997654417,287.85714285714283,53.37995337995338,-41.41771972945935,2.637310109126892,-44.05502983858624,17152.810690929044,16439.689309070956,16796.25,713.1213818580873,24.470175767510806,31.170106948389567,11.070313405753282,-83.42857142857143,-61.311502913196435,85.13607719775625,38476.15,-579389,64570.1,-7886.0,-15.83883990439655
2023-10-09,16502.0,16658.0,16751.5,16574.166666666668,16705.761807401617,312.5,34.808853118712264,-102.24291685903881,-18.33873528450625,-83.90418157453257,17271.93605198961,16231.06394801039,16751.5,1040.8721039792217,18.17325022555084,26.837821374109993,0.8441079284325355,-95.40636042402826,-157.9305757164376,0.0,37905.45,-605727,63150.05,-290.0,-0.6920745531346251
2023-10-10,16258.0,16539.5,16687.75,16579.333333333332,16596.16544479194,315.0,21.021611001964644,-179.84393550063032,-50.639775327731066,-129.20416017289926,17431.951974565625,15943.548025434375,16687.75,1488.4039491312506,13.092698847435633,22.256113865218538,-5.234131188130178,-97.47899159663865,-151.39280324376202,0.0,36602.85,-635902,61393.4,-2954.0,-7.098743181217404
2023-10-11,16061.0,16422.5,16627.0,16585.583333333332,16504.149688145088,322.5,24.01574803149606,-232.61004485799458,-87.03382923378378,-145.57621562421082,17503.718763044166,15750.281236955836,16627.0,1753.4375260883298,13.591687782788902,19.367971837741994,2.0391196728827197,-87.4015748031496,-127.13564457324692,8.654484069216954,35953.6,-608676,59511.6,-2933.0,-7.586849116635197
2023-10-12,16075.0,16389.0,16624.5,16612.333333333332,16520.897336893173,383.92857142857144,45.63380281690141,-187.53950324501056,-107.13496403602915,-80.40453920898142,17500.266731739142,15748.733268260858,16624.5,1751.5334634782848,35.769199722687425,24.83504779939047,57.63750356928133,-32.28346456692913,1.2899300561761133,71.14097313182012,35405.1,-581575,59008.75,28300.0,79.21401780216088
2023-10-13,16087.0,16376.5,16617.25,16640.666666666668,16530.81187623668,380.7142857142857,41.78885630498534,-154.47808741438348,-116.60358871170003,-37.874498702683454,17490.3417537844,15744.158246215598,16617.25,1746.1835075688014,49.41549132651211,33.028528975097686,82.18941602934098,-25.377643504531722,3.6087586065561545,63.1655790829265,35172.7,-610154,58697.65,385.0,0.601318214475377
2023-10-16,16262.0,16382.0,16637.25,16672.083333333332,16558.353602309377,361.42857142857144,51.265822784810126,-111.25927914350177,-115.53472679806039,4.275447654558619,17509.64220416894,15764.85779583106,16637.25,1744.7844083378804,64.5109898026637,43.52268258428636,106.4876042394184,-13.595166163141993,20.40876990109925,91.99068645335585,34365.6,-581606,58320.35,2128.0,3.303783515238079
2023-10-17,16504.0,16381.0,16640.5,16701.25,16578.034211613245,358.92857142857144,49.44532488114105,-80.51794184701794,-108.53136980785192,28.01342796083398,17514.359557546748,15766.640442453254,16640.5,1747.719115093494,73.36052741811133,53.46863086222801,113.14432052987797,-16.91842900302115,12.846134050110061,86.45346653676995,33715.95,-605609,58177.7,454.0,0.6823066171718795
2023-10-18,16694.0,16377.5,16618.0,16725.083333333332,16578.22142955484,359.64285714285717,43.040000000000006,-70.27309989852438,-100.87971582598642,30.606615927462045,17472.593778537965,15763.406221462035,16618.0,1709.1875570759294,75.17633395203006,60.704531892162024,104.11993807176614,-27.659574468085108,3.6700011515876216,68.04547878513404,32866.55,-642956,58417.35,5202.0,7.764990372128433
2023-10-19,16670.0,16372.5,16598.5,16748.583333333332,16576.48605531152,351.07142857142856,46.701388888888886,-63.04112287450698,-93.31199723569054,30.27087436118356,17438.87648204775,15758.12351795225,16598.5,1680.7529640955017,75.94537053755647,65.78481144062684,96.26648873141573,-27.32919254658385,-5.976422402430674,79.3606099686754,32786.5,-673391,58797.0,-292.0,-0.40446014266916075
2023-10-20,16594.0,16340.5,16561.25,16763.666666666668,16544.915954805663,365.0,41.82389937106918,-81.78483178304668,-91.00656414516178,9.221732362115091,17394.574824517967,15727.925175482033,16561.25,1666.649649035935,69.50441921046811,67.0246806972406,74.46389623692315,-46.8944099378882,-27.385265440853086,64.28724971788102,32992.7,-713451,59450.3,7590.0,10.555887793277051
2023-10-23,16520.0,16391.0,16524.5,16785.333333333332,16535.876340062267,377.14285714285717,45.18518518518518,-79.184776577109,-88.64220663155123,9.457430054442227,17305.167056197188,15743.83294380281,16524.5,1561.3341123943774,69.73583797254165,67.92839978900761,73.35071433960971,-29.801324503311257,-21.5685158481449,74.67494441142152,33021.9,-661986,59935.5,-3884.0,-4.885964801932241
2023-10-24,16407.0,16455.5,16497.5,16791.166666666668,16503.888117199192,378.2142857142857,44.01154401154401,-96.1883256143119,-90.15143042810337,-6.03689518620854,17284.114999790076,15710.885000209923,16497.5,1573.2299995801532,50.28802700279148,62.04827552693557,26.767529954503317,-46.35761589403973,-33.66558866028152,71.04793175443349,33041.0,-701148,60695.75,4460.0,5.898768665106013
2023-10-25,16267.0,16480.5,16451.5,16788.5,16444.47020127546,386.42857142857144,40.34391534391534,-133.9410967903059,-98.90936370054388,-35.031733089762014,17270.563007665663,15632.436992334337,16451.5,1638.126015331327,34.933802039419675,53.01011769776361,-1.218829277268199,-67.54966887417218,-63.97730552890885,59.71351720134589,35105.85,-774202,61931.45,8446.0,10.548402003272184
2023-10-26,16164.0,16417.0,16403.0,16788.666666666668,16406.425420201605,393.92857142857144,43.33333333333333,-148.83069133798926,-108.89362922803296,-39.9370621099563,17196.03149204078,15609.96850795922,16403.0,1586.06298408156,30.59513743267248,45.5384576093999,0.7084970792176364,-56.62251655629139,-55.63236954342741,73.77187572804887,35960.9,-716798,62999.3,-5012.0,-5.662317121391858
2023-10-27,16129.0,16361.5,16369.0,16783.916666666668,16374.38490399193,357.85714285714283,51.8910741301059,-156.80594984300842,-118.47609335102806,-38.329856491980365,17157.68711693615,15580.312883063849,16369.0,1577.3742338723023,28.730091621781654,39.93566894686049,6.318936971623984,-54.966887417218544,-47.46092211436421,100.0,36228.45,-674240,64159.4,157.0,0.18801719698693375
2023-10-30,16094.0,16307.0,16344.5,16779.833333333332,16364.919675040317,345.35714285714283,61.53846153846154,-144.91413300400018,-123.76370128162249,-21.15043172237769,17111.537362707633,15577.462637292369,16344.5,1534.0747254152648,33.93326862835758,37.93486884069286,25.93006820368703,-41.390728476821195,-20.858489285260646,100.0,37286.3,-624512,65293.2,255.0,0.30480516375805955
2023-10-31,16110.0,16258.5,16319.75,16765.5,16356.83208694124,338.92857142857144,60.65573770491804,-133.54687897908843,-125.7203368211157,-7.826542157972739,17059.76760292008,15579.732397079917,16319.75,1480.035205840164,41.359851669398154,39.07652978359462,45.926495441005216,-56.62100456621005,-8.274816066580929,95.83513690059263,37638.5,-583069,66509.7,-534.0,-0.636358219627009
2023-11-01,16170.0,16218.5,16298.0,16752.583333333332,16339.99093580398,277.5,38.095238095238095,-131.09621694841553,-126.79551284657566,-4.3007041018398695,17026.96754674713,15569.032453252868,16298.0,1457.9350934942631,43.396019256392016,40.51635960786042,49.15533855345521,-65.75342465753425,-9.769567014211226,0.0,37828.85,-624571,67956.75,3852.0,4.61975749871073
2023-11-02,16212.0,16188.0,16280.25,16739.25,16331.896560965506,273.92857142857144,41.27358490566037,-121.69930262867638,-125.77627080299581,4.076968174319433,16994.36686350124,15566.13313649876,16280.25,1428.23372700248,48.79822917313551,43.27698279628545,59.84072192683564,-58.9041095890411,-9.823059728677759,13.557635613207522,38129.2,-585997,69851.45,450.0,0.5158598236905787
2023-11-03,16228.0,16178.5,16259.5,16727.333333333332,16314.573078968791,267.85714285714283,33.4975369458128,-121.32622955618717,-124.88626255363408,3.5600329974469105,16962.81470832578,15556.185291674223,16259.5,1406.6294166515563,51.080539878864535,45.87816849047848,61.48528265563665,-67.45283018867924,-12.117302294323657,0.0,38727.6,-625847,72272.55,2642.0,3.0131268318830395
2023-11-06,16201.0,16147.5,16269.25,16704.833333333332,16297.947071447954,279.2857142857143,34.25692695214106,-120.44902154148622,-123.99881435120452,3.549792809718298,16959.49232968155,15579.007670318448,16269.25,1380.4846593631028,53.47398310764882,48.41010669620192,63.60173593054262,-68.39622641509433,-27.10334162898987,2.708148955000376,40198.55,-681604,74718.95,216.0,0.23913645170219322
2023-11-07,16098.0,16104.0,16279.75,16675.916666666668,16247.19020750053,284.64285714285717,31.264367816091948,-148.3036417973035,-128.85977984042432,-19.443861956879175,16929.44203230616,15630.057967693838,16279.75,1299.3840646123226,37.44419386663768,44.754802419680516,22.822976760552024,-96.19565217391305,-62.79013354547199,0.0,42151.3,-750834,77608.3,5905.0,6.521907202261956
2023-11-08,16004.0,16087.0,16283.75,16646.75,16196.029235357622,285.0,30.769230769230774,-172.82445662112332,-137.65271519656415,-35.17174142455917,16917.38508508655,15650.11491491345,16283.75,1267.2701701730984,30.379462577758456,39.96302247237317,11.212342788529028,-87.19211822660098,-97.59814055727497,0.0,43482.45,-804683,80678.5,684.0,0.7092051510689812
2023-11-09,15870.0,16041.0,16229.0,16614.833333333332,16137.835974847372,281.7857142857143,33.66336633663367,-200.03792172102476,-150.12975650145628,-49.908165219568474,16906.20478128073,15551.795218719271,16229.0,1354.4095625614573,26.818631617495537,35.581558854080626,9.292777144325356,-83.33333333333333,-100.19312551461408,9.40594059405942,45918.7,-880509,82306.3,-548.0,-0.5641923195717102
2023-11-10,15760.0,15994.0,16177.75,16590.25,16086.613501052385,262.14285714285717,26.77595628415301,-217.88279697911275,-163.6803645969876,-54.20243238212515,16883.31789370803,15472.182106291972,16177.75,1411.1357874160585,24.949794815704095,32.03763750795511,10.774109431202064,-79.71014492753623,-81.84183615647477,0.0,46563.05,-839043,83696.65,-4364.0,-4.518440289080782
2023-11-13,15686.0,15943.5,16125.25,16566.083333333332,16056.459834285492,263.57142857142856,37.71428571428571,-215.8195762043506,-174.1082069184602,-41.711369285890385,16784.328104148837,15466.171895851161,16125.25,1318.1562082976761,29.42780933841552,31.16769478477525,25.948038445696056,-61.61616161616162,-51.838294015303255,31.465883572292245,47738.8,-786980,84877.7,-2058.0,-2.2316684378320906
2023-11-14,15709.0,15903.5,16081.0,16543.666666666668,16039.654135782112,248.21428571428572,50.0,-202.96868156652272,-179.88030184807275,-23.08837971844997,16674.833221314577,15487.166778685423,16081.0,1187.6664426291536,37.37216274734948,33.23585077229999,45.64478669744845,-50.505050505050505,-40.59752884746407,66.80773881499394,48573.95,-746274,85784.75,-5026.0,-5.574534161490686
2023-11-15,15730.0,15867.0,16042.75,16519.833333333332,16018.258503802863,241.42857142857142,42.013888888888886,-195.77246859880506,-183.0587351982192,-12.713733400585852,16598.584839157334,15486.915160842667,16042.75,1111.6696783146672,40.48254073266522,35.65141409242173,50.14479401315219,-57.07070707070707,-36.09434012686884,43.834391374445765,48655.15,-785245,86497.65,1319.0,1.549322244931517
2023-11-16,15760.0,15815.0,16001.5,16497.416666666668,15991.281503440685,240.0,38.79598662207358,-194.2851511044537,-185.30401837946613,-8.98113272498756,16516.67089653006,15486.329103469941,16001.5,1030.341793060119,40.76081557826384,37.35454792103577,47.57335089271997,-65.15151515151516,-52.33127519861971,34.57757215708952,49132.7,-825231,87277.85,1054.0,1.2191595433356905
2023-11-17,15760.0,15760.0,15969.25,16478.166666666668,15954.016598351096,233.21428571428572,26.31578947368422,-201.67502883845918,-188.57822047126473,-13.096808367194456,16500.735257507087,15437.764742492913,15969.25,1062.9705150141745,36.507210385509225,37.07210207586026,35.37742700480716,-78.78787878787878,-67.4435043626274,0.0,49241.35,-867464,87793.1,2291.0,2.618076268184266
2023-11-20,15785.0,15735.5,15941.5,16465.5,15948.395969936706,247.85714285714286,38.775510204081634,-181.6337646262,-187.1893293022518,5.555564676051802,16422.891623043906,15460.108376956092,15941.5,962.7832460878144,51.9337686723067,42.0259909413424,71.74932413423528,-48.98989898989899,-9.557896940630991,52.60770975056688,49595.15,-808923,88333.35,-3384.0,-3.76845809483507
2023-11-21,15786.0,15747.5,15925.75,16446.25,15942.358258514163,241.42857142857142,40.92307692307693,-164.6597397917958,-182.6834114001606,18.023671608364793,16391.901940443193,15459.598059556807,15925.75,932.3038808863857,61.671692776073314,48.57455821958604,87.86596188904787,-46.19565217391305,-11.397384900102068,61.675213675213676,49486.2,-845906,88555.3,-1906.0,-2.2056611197259657
2023-11-22,15734.0,15732.0,15909.5,16423.083333333332,15905.466995798528,255.35714285714286,31.38297872340425,-175.80932443957863,-181.3085940080442,5.499269568465564,16404.154584427095,15414.845415572905,15909.5,989.3091688541899,45.92215415840786,47.690423532526644,42.385615410170274,-81.86813186813187,-61.12512644261085,21.39479905437347,48977.3,-908782,88546.55,3832.0,4.534481942537982
2023-11-23,15677.0,15718.5,15879.75,16392.666666666668,15862.089186674857,255.71428571428572,31.38297872340425,-190.9172973181594,-183.23033467006726,-7.686962648092134,16410.355165924033,15349.144834075969,15879.75,1061.210331848064,32.609071433240565,42.663306166097954,12.500601967525796,-92.81437125748504,-79.03007471698017,21.39479905437347,48301.25,-952665,88582.15,-4125.0,-4.669458908761603
2023-11-24,15643.0,15701.5,15847.75,16362.833333333334,15820.937835562965,266.07142857142856,31.216931216931215,-202.17377410544395,-187.01902255714262,-15.154751548301334,16406.493656504677,15289.006343495323,15847.75,1117.4873130093547,27.53648240476907,37.62103157898832,7.367384056330565,-85.5421686746988,-67.99433528183418,20.693709582598434,50345.05,-1036099,88618.85,179.0,0.21255120821705997
2023-11-27,15396.0,15590.5,15767.0,16317.833333333334,15710.372327414112,295.0,25.820568927789935,-270.11347786636,-203.6379136189861,-66.47556424737388,16504.095294846073,15029.90470515393,15767.0,1474.1905896921435,19.440687427487447,31.56091686182136,-4.799771441180383,-96.75090252707581,-145.61739007332105,0.0,52776.8,-1134462,88436.85,-4119.0,-4.880678721236109
2023-11-28,15187.0,15486.5,15695.0,16282.083333333334,15627.479724803245,304.2857142857143,31.95020746887967,-305.9053998686013,-224.09141086890915,-81.81398899969216,16499.356558799776,14890.643441200225,15695.0,1608.713117599551,19.348379307058995,27.490071010233905,3.064995900709178,-80.8362369337979,-121.44999242911413,25.35063179437111,53812.95,-1072296,88028.55,-5060.0,-6.303332295235132
2023-11-29,15038.0,15386.0,15626.5,16249.25,15549.624512917222,295.7142857142857,33.261339092872575,-332.85456497156883,-245.8440416894411,-87.01052328212774,16488.243031669874,14764.756968330126,15626.5,1723.4860633397475,18.589976448608436,24.523372823025415,6.723183699774474,-82.92682926829268,-96.29663352254346,30.77313995875807,54340.85,-1124356,87138.55,-5782.0,-7.687296416938105
2023-11-30,14874.0,15275.5,15545.25,16211.916666666666,15462.041225972725,307.5,30.44354838709677,-364.5343431579804,-269.58210198314896,-94.95224117483144,16462.14679726898,14628.353202731021,15545.25,1833.7935945379577,13.903189873985182,20.983311840012004,-0.25705405806846215,-95.47038327526133,-97.35675584256215,19.11947160998392,55197.45,-1180062,85858.9,-7343.0,-10.575662869240855
2023-12-01,14620.0,15131.5,15445.75,16167.166666666666,15338.037299689608,324.2857142857143,21.043165467625897,-422.69332215692884,-300.204346017905,-122.48897613902386,16506.882835575663,14384.617164424337,15445.75,2122.2656711513264,10.873071324189766,17.613231668071258,-2.6072493635732172,-95.33678756476684,-119.30778331613782,0.0,56506.65,-1246096,84178.0,-5383.0,-8.669673055242388
2023-12-04,14470.0,14933.0,15334.25,16118.333333333334,15202.033747338217,351.7857142857143,16.267123287671225,-483.38547582098363,-336.8405719785207,-146.54490384246293,16546.157044376974,14122.342955623026,15334.25,2423.8140887539485,8.88671585412815,14.704393063423556,-2.7486385644626594,-95.4337899543379,-116.07324357091265,0.0,56587.05,-1303461,82251.9,-4688.0,-8.267056977092778
2023-12-05,14198.0,14692.5,15220.0,16062.5,15038.030533306004,367.5,14.459665144596656,-559.7296363746336,-381.41838485774326,-178.31125151689037,16668.63274921744,13771.367250782563,15220.0,2897.2654984348756,6.14092745253565,11.849904526460922,-5.277026695314891,-99.40828402366864,-120.72404019326282,0.0,55646.3,-1353876,79764.05,-5330.0,-10.246256175628133
2023-12-06,13980.0,14509.0,15120.5,16010.416666666666,14912.50381584829,404.64285714285717,20.754716981132077,-594.0194529180953,-423.9385984698137,-170.08085444828163,16695.297898478606,13545.702101521392,15120.5,3149.5957969572137,10.405588715891616,11.368465922937819,8.479834301799208,-82.6086956521739,-98.8657453660866,23.787756050618093,56715.95,-1278634,77089.15,-3057.0,-6.547580800616847
2023-12-07,13754.0,14314.0,15016.25,15956.583333333334,14777.979642910357,412.85714285714283,20.254957507082153,-631.6650988946749,-465.4838985547859,-166.18120033988896,16731.374285814145,13301.125714185855,15016.25,3430.24857162829,11.559281366149968,11.432071070675203,11.813701957099497,-90.57971014492753,-89.36020391485474,21.899263825075494,55015.55,-1320452,74286.15,-3110.0,-7.127796112944629
2023-12-08,13801.0,14210.5,14956.0,15917.0,14741.50539120461,454.64285714285717,31.84019370460048,-582.5650768091491,-488.9001342056586,-93.66494260349049,16669.440982351014,13242.559017648986,14956.0,3426.881964702028,30.155167169270044,17.67310310354015,55.11929530072983,-57.22222222222222,-46.431989836785164,65.67758044764834,58266.45,-1213968,73884.75,43668.0,107.76368392478162
2023-12-11,13862.0,14166.0,14878.25,15880.25,14691.362020613693,466.07142857142856,30.581395348837205,-551.8164546417538,-501.48339829287767,-50.33305634887614,16577.228872889926,13179.271127110074,14878.25,3397.9577457798514,39.05388209729762,24.800029434792634,67.56158742230758,-62.57197696737044,-38.37141155972787,85.74624923606274,59029.15,-1281285,73683.4,1943.0,2.307875044542107
2023-12-12,14094.0,14146.0,14816.25,15845.916666666666,14686.470399602864,492.85714285714283,39.590443686006836,-487.53401328961627,-498.69352129222545,11.159508002609186,16450.578688837682,13181.921311162318,14816.25,3268.657377675365,52.93313561529735,34.177731494960874,90.44394385597032,-44.773175542406314,-14.49135514871455,100.0,65401.6,-1113130,74255.1,10435.0,12.114984965112097
2023-12-13,14254.0,14117.0,14751.5,15804.083333333334,14670.616075831163,498.2142857142857,39.45578231292517,-441.1869835887701,-487.1922137515344,46.00523016276429,16320.529535799289,13182.470464200711,14751.5,3138.059071598578,59.880495789641074,42.7453195931876,94.150848182548,-49.5069033530572,-14.165086603057548,99.46415757530247,68844.8,-1220965,74859.7,1977.0,2.0472620329715863
2023-12-14,14421.0,14087.5,14681.5,15760.5,14638.652640037719,490.7142857142857,38.03278688524591,-414.6052710472104,-472.6748252106696,58.0695541634592,16189.514030368908,13173.485969631092,14681.5,3016.0280607378154,60.957794503372625,48.81614456324928,85.24109438361933,-41.6,-20.54972481376533,93.80179647759724,71674.4,-1317543,75612.05,4009.0,4.068192196458464
2023-12-15,14407.0,14104.0,14617.75,15716.083333333334,14608.780960034126,451.07142857142856,45.609436435124515,-389.852017391604,-456.11026364685654,66.25824625525252,16069.005264281674,13166.494735718326,14617.75,2902.510528563347,61.48387068716677,53.038719937888445,78.37417218572344,-37.46397694524496,-18.222885272858097,100.0,73864.65,-1403581,76282.9,661.0,0.6445384870409798
2023-12-18,14406.0,14134.0,14533.5,15666.5,14570.801820983257,461.42857142857144,41.60000000000001,-375.1894737310413,-439.92610566369353,64.73663193265224,15863.090756190555,13203.909243809445,14533.5,2659.18151238111,59.62517411805355,55.23420466461015,68.40711302494034,-44.09221902017291,-22.572916388621866,87.12852047057017,76915.1,-1523131,77394.4,5429.0,5.259894395194498
2023-12-19,14252.0,14173.0,14432.75,15618.666666666666,14504.058790413425,477.5,38.423645320197046,-386.5485694530362,-429.25059842156213,42.70202896852595,15629.919798447903,13235.580201552097,14432.75,2394.3395968958066,49.2431042124672,53.2371711805625,41.25497027627662,-63.68876080691643,-38.76601635057279,76.93148033766607,80653.65,-1634885,79034.05,8657.0,7.968226501233389
2023-12-20,14151.0,14202.5,14355.75,15572.25,14457.481762755004,475.0,42.360248447204974,-379.4760824038549,-419.2956952180207,39.819612814165794,15441.9567022441,13269.5432977559,14355.75,2172.413404488201,41.45164476455342,49.30866237522614,25.73760954320798,-55.331412103746395,-37.24988241498359,89.56914335705711,82188.4,-1541314,80386.05,-1921.0,-1.6376671980630975
2023-12-21,14106.0,14263.5,14288.75,15523.833333333334,14424.38826154024,452.85714285714283,49.31506849315069,-362.0320987339401,-407.8429759212046,45.81087718726451,15248.738349710013,13328.761650289987,14288.75,1919.9766994200254,36.11144133728849,44.90958869591359,18.515146620038294,-49.85590778097983,-25.372383764087395,100.0,84379.4,-1453611,81762.0,-3646.0,-3.1599930663893216
2023-12-22,14038.0,14222.5,14216.5,15477.75,14382.541760441169,437.85714285714283,51.06382978723405,-354.2109480098279,-397.11657033892925,42.905622329101334,15019.508160147307,13413.491839852693,14216.5,1606.0163202946133,28.959351696123363,39.59284302931685,7.692369029736383,-57.06051873198847,-27.853796335958773,100.0,85046.95,-1550396,83228.15,1983.0,1.7747507473105717
2023-12-25,14018.0,14212.0,14189.0,15433.5,14356.585402303914,431.07142857142856,59.78260869565217,-334.0751638469501,-384.50828904053344,50.43312519358335,14965.283995780712,13412.716004219288,14189.0,1552.5679915614237,30.602530760378535,36.59607227300408,18.615447735127447,-49.85590778097983,-24.16140479164807,100.0,83976.2,-1473448,84741.1,-3183.0,-2.7990537914296065
2023-12-26,14068.0,14160.0,14153.0,15389.25,14334.05345922735,401.07142857142856,56.68896321070235,-313.69441940199613,-370.345515112826,56.65109571082985,14866.401046138555,13439.598953861445,14153.0,1426.8020922771102,33.445165434455255,35.54576999348781,29.243956316390154,-55.33980582524272,0.1658147283274145,92.17346492410762,84209.35,-1406619,86503.05,-80.0,-0.07237592053124242
2023-12-27,14051.0,14101.0,14109.0,15344.5,14295.572177396174,398.2142857142857,57.26351351351351,-309.30842965849115,-358.138098021959,48.829668363467874,14757.371238688069,13460.628761311931,14109.0,1296.7424773761377,27.965711196666316,33.01908372788064,17.85896613423766,-80.6949806949807,-26.00998850039628,91.37332016919966,85354.55,-1481583,88897.65,6871.0,6.220689155666603
2023-12-28,13967.0,14036.5,14062.0,15295.833333333334,14237.898636691776,345.35714285714283,34.70715835140997,-321.4925296639103,-350.8089843503493,29.316454686438988,14687.219119484062,13436.780880515938,14062.0,1250.4382389681232,18.843408262847404,28.293858572869564,-0.0574923571969137,-99.6124031007752,-55.79019344248338,14.128738260195522,86752.25,-1565243,91815.7,3126.0,2.664393777967189
2023-12-29,13913.0,13975.5,14039.75,15248.333333333334,14188.098766530653,334.2857142857143,38.372093023255815,-325.38044243551667,-345.7232759673828,20.34283353186612,14681.7327428407,13397.7672571593,14039.75,1283.9654856814013,16.58118470478243,24.389633950173852,0.9642862139995856,-93.68029739776952,-57.32763910068598,14.615628519259598,86958.3,-1495088,94687.45,-6309.0,-5.237814546994213
2024-01-02,13857.0,13937.5,14035.75,15213.083333333334,14153.994122099162,308.57142857142856,27.98913043478261,-315.5446995365128,-339.6875606812088,24.14286114469604,14682.11860104824,13389.38139895176,14035.75,1292.7372020964795,23.98341606581455,24.25422798872075,23.441792220002142,-73.22175732217573,-45.66135100276311,0.0,87619.65,-1424496,97787.2,-128.0,-0.11214101732929249
2024-01-03,13786.0,13927.0,14050.0,15183.25,14116.947062851625,301.7857142857143,28.851540616246496,-309.42786735596565,-333.6356220161602,24.207754660194553,14656.091881170716,13443.908118829284,14050.0,1212.1837623414322,26.29197434690667,24.933476774782722,29.008969491154566,-76.81818181818181,-48.17835463836734,2.7125380066556426,87710.8,-1476734,100989.15,-3286.0,-2.882102197975689
2024-01-04,13750.0,13900.5,14051.5,15151.916666666666,14081.999723532423,291.7857142857143,31.888544891640876,-302.3058151648729,-327.36966064590274,25.06384548102983,14654.29262385038,13448.70737614962,14051.5,1205.585247700761,27.224952594907478,25.697302048157642,30.28025368840715,-76.69902912621359,-43.512971801263056,12.26482495832344,87078.4,-1539328,104298.35,-912.0,-0.8236399104111003
2024-01-05,13728.0,13847.5,14055.5,15100.25,14034.190226053144,292.14285714285717,29.01408450704224,-306.8420327910535,-323.26413507493294,16.42210228387944,14643.770435482835,13467.229564517165,14055.5,1176.5408709656695,20.978251224887813,24.1242851070677,14.686183460528042,-93.06930693069307,-74.29061944140106,3.2237871674490997,88116.85,-1601915,107818.6,1111.0,1.0116922852771992
2024-01-08,13691.0,13802.0,14012.25,15048.666666666666,13986.172109286177,275.0,30.116959064327474,-310.88787813588533,-320.7888836871234,9.901005551238086,14622.215270797406,13402.284729202594,14012.25,1219.930541594811,16.652167483258545,21.633579232464648,6.689343984846339,-92.0,-78.71807961320971,6.692657569850517,85668.5,-1659432,109005.15,-3006.0,-2.7098902882075615
2024-01-09,13632.0,13744.5,13978.25,14993.916666666666,13943.203336973207,268.2142857142857,37.81818181818182,-310.1159577862709,-318.6542985069529,8.538340720682015,14615.813412738813,13340.686587261187,13978.25,1275.126825477626,17.140092331834197,20.13575026558783,11.148776464326929,-86.48648648648648,-69.25700575908768,30.91530691530692,86527.55,-1574934,110145.4,1017.0,0.9423559826169159
2024-01-10,13568.0,13677.0,13918.5,14938.583333333334,13895.755400118616,257.14285714285717,28.409090909090907,-313.1565790760433,-317.554754620771,4.398175544727735,14517.77236580795,13319.22763419205,13918.5,1198.5447316159007,14.998156792651368,18.423219107942344,8.148032162069413,-93.6842105263158,-80.12285531326948,1.320901320901311,81298.55,-1638509,110710.0,-1078.0,-0.9895536910903502
2024-01-11,13516.0,13633.0,13867.0,14887.083333333334,13857.112028678748,250.0,25.59055118110237,-308.3803526896718,-315.7198742345512,7.339521544879403,14424.177095535593,13309.822904464407,13867.0,1114.3541910711865,16.723917393931323,17.856785203272004,14.458181775249962,-88.02083333333333,-73.93529178344221,0.0,78640.5,-1583835,111223.5,955.0,0.885407009085859
2024-01-12,13509.0,13618.5,13827.5,14836.833333333334,13827.387073566486,239.28571428571428,31.66666666666667,-296.7365245785313,-311.92320430334723,15.186679724815917,14356.267185859817,13298.732814140183,13827.5,1057.5343717196338,21.090798730457138,18.934789712333714,25.402816766703985,-82.29166666666667,-60.160326221478165,17.770546516478927,76360.0,-1532867,111378.15,-3168.0,-2.91136332307127
2024-01-15,13572.0,13631.5,13803.5,14796.833333333334,13829.06449513158,239.28571428571428,40.36363636363636,-260.3006304791634,-301.5986895385105,41.29805905934711,14277.975888134537,13329.024111865463,13803.5,948.9517762690739,41.54591260393048,26.471830676199303,71.69407645939285,-51.041666666666664,-9.278544695603529,46.64257491133565,77164.9,-1430731,111467.05,-654.0,-0.6190426609368971
2024-01-16,13626.0,13629.0,13783.25,14752.75,13826.772638452383,235.0,38.79003558718861,-231.97848404257456,-287.6746484393233,55.69616439674871,14217.546466774296,13348.953533225704,13783.25,868.5929335485926,52.84347389969634,35.262378417364985,88.00566486435906,-40.689655172413794,8.5730345736773,41.67429704729301,74425.3,-1495489,111149.45,-2701.0,-2.5725524558780077
2024-01-17,13666.0,13617.0,13772.0,14710.166666666666,13809.460958599775,235.0,39.63636363636364,-219.90867148920552,-274.12145304929976,54.21278156009424,14208.485967701145,13335.514032298855,13772.0,872.9719354022891,51.158186139620575,40.56098099145018,72.35259643596137,-52.63157894736842,-16.882829877312865,95.07704234906488,72175.95,-1562256,110571.15,3443.0,3.365854612286401
2024-01-18,13697.0,13606.5,13753.5,14672.916666666666,13793.798010161701,226.07142857142858,48.01762114537445,-207.94618391617587,-260.886399222675,52.94021530649911,14177.814927730267,13329.185072269733,13753.5,848.6298554605346,50.03466096623673,43.71887431637903,62.66623426595211,-52.63157894736842,-29.858756402065826,100.0,69865.4,-1562256,109939.1,-2996.0,-2.833498841443227
2024-01-19,13726.0,13617.5,13732.5,14633.666666666666,13783.912485384395,224.64285714285714,48.917748917748916,-192.6143639211714,-247.2319921623743,54.61762824120291,14122.729352264058,13342.270647735942,13732.5,780.458704528115,51.940511440617996,46.45942002445868,62.90269427293663,-44.73684210526316,-15.233267950291149,99.99999999999999,67729.3,-1517275,109475.8,-271.0,-0.2637751973447289
2024-01-22,13728.0,13650.0,13726.0,14596.75,13790.682724871594,216.78571428571428,51.037344398340245,-165.24482558979798,-230.83455884785906,65.58973325806107,14102.613720855796,13349.386279144204,13726.0,753.2274417115914,60.22700762707866,51.04861589199867,78.58379109723866,-23.2,43.143301201883084,99.99999999999999,66974.0,-1435596,108720.05,-3866.0,-3.7728851934262453
2024-01-23,13729.0,13677.5,13711.0,14555.666666666666,13792.522465360014,216.78571428571428,51.89873417721519,-145.50806677644505,-213.76926043357625,68.2611936571312,14044.665448584286,13377.334551415714,13711.0,667.3308971685728,63.351338418052435,55.14952340068326,79.7549684527908,-30.4,21.187111613684912,100.0,65787.55,-1488815,108031.8,-1833.0,-1.8589886614875928
2024-01-24,13784.0,13725.0,13701.0,14516.333333333334,13804.663182944776,210.0,56.640625,-119.6116538397564,-194.9377391148123,75.3260852750559,13992.359788433125,13409.640211566875,13701.0,582.7195768662496,71.00915438696373,60.43606706277674,92.1553290353377,-12.8,63.690541298012505,100.0,64892.8,-1439881,107120.35,-4544.0,-4.695718670235305
2024-01-25,13876.0,13786.5,13709.75,14481.75,13833.266689330989,210.71428571428572,70.27027027027027,-83.20151089688261,-172.59049347122638,89.38898257434377,14038.214930435992,13381.285069564008,13709.75,656.9298608719837,75.91086482940439,65.59433298498595,96.54392851824127,-10.975609756097562,119.00445801218318,100.0,65287.15,-1357030,105877.35,240.0,0.26023312550826905
2024-01-26,13949.0,13837.5,13728.0,14445.083333333334,13854.384147489942,209.64285714285714,70.27027027027027,-57.71548425050605,-149.61549162708232,91.90000737657627,14090.627835898496,13365.372164101504,13728.0,725.2556717969928,76.47390988626958,69.22085861874716,90.98001242131443,-17.073170731707318,92.50019873154366,100.0,64383.9,-1422625,104346.1,-2639.0,-2.8540528848753577
2024-01-29,14000.0,13864.0,13747.75,14411.083333333334,13878.728514395661,202.14285714285714,71.37546468401487,-32.702608852343474,-126.23291507213456,93.53030621979109,14148.42673017692,13347.07326982308,13747.75,801.3534603538392,76.51452148446342,71.6520795739859,86.23940530541844,-18.333333333333332,100.11632298725881,100.0,63564.7,-1368854,102978.2,-3042.0,-3.3865473248280042
2024-01-30,14000.0,13864.5,13746.75,14372.25,13872.182941596075,218.21428571428572,61.736334405144696,-36.664571331250045,-108.31924632395767,71.65467499270763,14146.661503368334,13346.838496631666,13746.75,799.8230067366676,62.35719872013873,68.55378595603685,49.9640242483425,-51.666666666666664,36.86598320141556,78.94692914892805,63314.1,-1434434,101397.6,-4382.0,-5.0493178466076705
2024-01-31,13999.0,13891.5,13754.25,14341.416666666666,13876.260756682163,223.57142857142858,63.15789473684211,-30.974774739723216,-92.85035200711079,61.87557726738757,14161.167488079916,13347.332511920084,13754.25,813.8349761598329,56.72298096494097,64.61018429233823,40.948574310146455,-41.86046511627907,37.99028937595777,79.30541754604955,63636.35,-1375751,99522.1,-9184.0,-11.145360549501227
2024-02-01,13961.0,13918.5,13762.5,14311.5,13879.950208426719,224.64285714285714,61.85897435897436,-26.163968011436737,-79.51307520797597,53.34910719653924,14175.696779933452,13349.303220066548,13762.5,826.393559866905,50.27908875923601,59.833152447970825,31.17096138176639,-50.70422535211268,44.576402779299876,70.79525852870418,62923.3,-1375751,97660.1,-642.0,-0.876833565516677
2024-02-02,13867.0,13908.0,13762.75,14278.166666666666,13851.859712386078,225.71428571428572,41.82389937106918,-48.42143888800456,-73.29474794398169,24.87330905597713,14175.487650840165,13350.012349159835,13762.75,825.4753016803297,35.1285879084562,51.59829760146595,2.189168522436688,-95.17241379310344,-26.97968752781235,9.310492044973747,62620.4,-1432280,95457.85,-5694.0,-7.84556878306878
2024-02-05,13760.0,13880.0,13765.0,14244.416666666666,13825.492120730261,225.35714285714286,42.628205128205124,-66.10553784955482,-71.85690592509633,5.751368075541507,14172.857044098859,13357.142955901141,13765.0,815.7140881977175,26.05063755300589,43.082410918645934,-8.0129091782742,-92.10526315789474,-42.80391149111563,9.426358633628936,61293.3,-1463255,93288.3,-2352.0,-3.5166412487664833
2024-02-06,13723.0,13861.5,13769.5,14208.666666666666,13806.397633041664,215.71428571428572,49.310344827586206,-75.21865768724274,-72.52925627752562,-2.689401409717121,14168.56337710616,13370.43662289384,13769.5,798.1267542123205,22.1916531055127,36.11882498093485,-5.662690645331608,-85.52631578947368,-39.93475618983137,25.333498842572066,58203.6,-1440551,90873.95,-3879.0,-6.011157601115757
2024-02-07,13638.0,13818.5,13771.75,14168.833333333334,13776.264525132934,221.78571428571428,45.110410094637224,-92.27060448101838,-76.47752591822417,-15.793078562794207,14163.551171380002,13379.948828619998,13771.75,783.6023427600048,16.21719963131741,29.484949864395706,-10.318300834839185,-95.73170731707317,-63.00054570634744,11.121274588213833,56364.1,-1467336,88117.4,-7922.0,-13.06161481261644
2024-02-08,13553.0,13757.0,13771.75,14130.083333333334,13749.001237025035,222.5,43.5064935064935,-104.57887499487515,-82.09779573355436,-22.481079261320787,14163.551171380002,13379.948828619998,13771.75,783.6023427600048,12.23423064852055,23.734710125770654,-10.766728305979662,-95.73170731707317,-66.89133641757184,5.693756380096796,54630.95,-1467336,84994.0,-6382.0,-12.103396612869577
2024-02-19,13556.0,13711.5,13774.5,14094.5,13734.81064302265,221.78571428571428,41.41414141414141,-104.25539605279846,-86.52931579740319,-17.726080255395274,14160.326522239158,13388.673477760842,13774.5,771.6530444783166,18.263680647400797,21.9110336329807,10.96897467624099,-74.17582417582418,-64.39244150197312,0.0,53083.25,-1447322,81831.8,-3944.0,-8.50972015448681
2024-02-20,13743.0,13751.5,13807.75,14076.333333333334,13808.638200830017,284.64285714285717,64.8936170212766,-30.221269861111068,-75.26770661014476,45.04643674903369,14314.748131419794,13300.751868580206,13807.75,1013.9962628395879,41.76235040576073,28.528139223907374,68.23077276946744,-11.24031007751938,142.03412237212356,78.36594998040069,49671.0,-1413431,79690.1,19756.0,46.59104308657407
2024-02-21,13891.0,13807.0,13835.75,14050.833333333334,13861.625038846207,292.14285714285717,59.329140461215935,16.560125529653305,-56.90214018218515,73.46226571183846,14400.655907395676,13270.844092604324,13835.75,1129.811814791352,53.681360218827564,36.912546222214104,87.21898821205448,-22.48062015503876,91.72660155833663,59.793751049334695,48665.3,-1458075,78057.3,7477.0,12.028829292620546
2024-02-22,14125.0,13881.5,13886.5,14030.416666666666,13937.660749432282,307.85714285714283,61.122244488977955,76.55626008903164,-30.210460127941797,106.76672021697344,14552.565430640821,13220.434569359179,13886.5,1332.1308612816429,65.76442533107023,46.52983925849948,104.23359747621171,-10.069444444444445,106.94898659696578,65.77848013359718,48534.45,-1393925,76337.2,1697.0,2.436957895341485
2024-02-23,14368.0,13960.5,13939.5,14016.25,14010.740678057778,305.7142857142857,63.05220883534136,126.27908619579284,1.0874491368051302,125.19163705898771,14688.217499953653,13190.782500046347,13939.5,1497.4349999073056,74.86146873923201,55.973715752076984,112.63697471354206,-6.944444444444445,99.84941916952863,72.21999918460656,48375.3,-1349748,74614.8,-3042.0,-4.264505908906113
2024-02-26,14575.0,14065.5,13986.75,14002.666666666666,14070.193946814179,302.5,60.47904191616767,158.21259284700864,32.512477878845836,125.70011496816281,14786.692596624747,13186.807403375253,13986.75,1599.8851932494945,79.30579397430282,63.751075159485595,110.41523160393726,-11.805555555555555,84.42986597566923,81.19815289329807,48097.7,-1389177,73031.0,2501.0,3.6622688201959352
2024-02-27,14620.0,14181.5,14030.75,13991.083333333334,14133.508809022353,289.64285714285717,70.0650759219089,189.4059374558292,63.89116979424251,125.51476766158669,14894.446309931609,13167.053690068391,14030.75,1727.392619863218,84.04231543679346,70.51482191858821,111.09730247320397,-6.484641638225256,83.14474197036265,100.0,46321.35,-1343025,71625.55,-299.0,-0.42236410893886633
2024-02-28,14694.0,14292.5,14077.0,13992.333333333334,14190.793684353557,285.35714285714283,68.63636363636364,211.68669534073342,93.4502749035407,118.23642043719272,14988.657830548285,13165.342169451715,14077.0,1823.3156610965707,86.37151040193761,75.80038474637135,107.51376171307015,-8.970099667774086,76.40853436329262,95.01338329764452,45413.45,-1343025,70230.7,-1621.0,-2.299519101187353
2024-02-29,14710.0,14417.5,14118.0,13990.666666666666,14243.099047748456,281.7857142857143,68.70748299319727,227.12960598741847,120.18614112031625,106.94346486710222,15072.66941095362,13163.33058904638,14118.0,1909.3388219072403,88.03504901657413,79.87860616977227,104.34793471017787,-8.637873754152825,64.39986428040781,95.26161030334431,44478.9,-1312782,69096.45,668.0,0.9699152050180126
2024-03-01,14718.0,14543.0,14150.0,13989.583333333334,14290.89913843908,267.5,80.85106382978724,237.03924132613247,143.5567611614795,93.48248016465297,15144.892218441673,13155.107781558327,14150.0,1989.7844368833466,84.96121911839406,81.57281048597953,91.73803638322309,-8.305647840531561,56.463879258147394,100.0,42561.45,-1268280,68080.25,2601.0,3.740293356341673
2024-03-04,14731.0,14653.0,14182.25,13990.75,14329.861125254405,265.7142857142857,79.37336814621409,238.51215515189142,162.54783995956188,75.96431519232954,15205.585490597192,13158.914509402808,14182.25,2046.6709811943838,80.36962630491807,81.17174909229237,78.76538073016945,-11.295681063122924,53.345888516229294,96.25301470535922,41253.95,-1307725,67147.85,-963.0,-1.3348858485465964
2024-03-05,14737.0,14678.5,14215.0,14000.833333333334,14371.302922849223,265.7142857142857,79.53367875647669,242.1332454125095,178.46492105015142,63.66832436235808,15270.033050118389,13159.966949881611,14215.0,2110.066100236778,80.66308420327871,81.00219412928783,79.98486435126048,-6.976744186046512,51.70007653707787,96.65951348985615,40259.8,-1273837,66367.95,8.0,0.011239427913123379
2024-03-06,14804.0,14749.0,14278.0,14020.166666666666,14437.845501625488,276.7857142857143,87.61904761904762,266.541413047893,196.08021944969974,70.46119359819326,15380.611254680167,13175.388745319833,14278.0,2205.222509360334,86.78192541656489,82.92877122504684,94.48823379960098,-0.29239766081871343,63.46363564210235,100.0,41265.7,-1188139,66476.45,13386.0,18.804259264462118
2024-03-07,14858.0,14784.0,14332.75,14045.666666666666,14492.336406232584,279.64285714285717,85.18518518518519,277.8407875423054,212.43233306822088,65.40845447408452,15467.73655220413,13197.76344779587,14332.75,2269.973104408258,84.04509313485278,83.3008785283155,85.53352234792735,-6.798866855524079,63.551996438700314,94.73245887986675,40727.7,-1236062,66832.5,-4233.0,-5.005202667549547
2024-03-08,14934.0,14826.0,14393.25,14069.083333333334,14552.590081829481,273.2142857142857,85.21939953810623,292.70108621978216,228.48608369853315,64.215002521249,15562.94305465377,13223.55694534623,14393.25,2339.3861093075393,85.91511956116622,84.1722922059324,89.4007742716339,-6.629834254143646,62.01513536348753,91.51765303592707,40778.65,-1186710,67229.9,185.0,0.23027421302230788
2024-03-11,15025.0,14878.0,14471.75,14096.666666666666,14609.96245498858,210.71428571428572,75.09727626459144,303.4013078477801,243.46912852838256,59.93217931939756,15623.646719602753,13319.853280397247,14471.75,2303.7934392055067,84.23753068783631,84.19403836656704,84.32451533037485,-12.935323383084578,63.07986941296696,55.73767250420371,40275.1,-1140252,67835.15,-1537.0,-1.908747702548308
2024-03-12,15129.0,14933.0,14557.25,14111.5,14674.251744989668,207.5,86.22047244094487,318.6974779797092,258.5147984186479,60.18267956106132,15682.428231495607,13432.071768504393,14557.25,2250.3564629912144,86.99735605946456,85.12847759753288,90.73511298332795,-5.339805825242719,64.58380232291444,94.84681324899523,41189.95,-1090980,68469.8,-1764.0,-2.2332788939952164
2024-03-13,15141.0,14972.5,14632.5,14126.75,14717.656340704938,189.28571428571428,70.79646017699115,314.68510440239334,269.748859615397,44.936244786996326,15694.704757741381,13570.295242258619,14632.5,2124.409515482763,81.80776118250019,84.02157212585531,77.38013929578992,-27.096774193548388,50.77410907367398,38.01553460885475,42721.35,-1144312,69167.0,-2628.0,-3.4031311914843987
2024-03-14,15137.0,14997.5,14707.5,14132.583333333334,14743.593832066372,192.14285714285714,61.632653061224495,296.78726066629315,275.15653982557626,21.63072084071689,15633.080898679313,13781.919101320687,14707.5,1851.1617973586253,70.84021061801715,79.62778495657594,53.265061940899585,-45.45454545454545,36.51549136656736,4.250592861645616,43515.3,-1186976,70048.2,-4242.0,-5.686708224411818
2024-03-15,15145.0,15039.5,14791.25,14143.333333333334,14783.727752821955,199.28571428571428,69.92481203007519,293.34265647799475,278.79376315606,14.54889332193477,15539.024769073658,14043.475230926342,14791.25,1495.5495381473156,71.51621276343262,76.9239275588615,60.70078317257486,-23.80952380952381,39.72096237405246,31.909616974373087,44806.1,-1141149,71168.9,-1592.0,-2.262874362145184
2024-03-18,15213.0,15119.0,14886.0,14162.666666666666,14851.467966838913,216.07142857142858,74.35897435897436,313.62574258143104,285.7601590411342,27.865583540296825,15457.73420397944,14314.26579602056,14886.0,1143.4684079588806,78.44670594485251,77.43152035419183,80.47707712617387,-6.806282722513089,96.20347556914555,48.973016512283536,47444.15,-1068374,72666.55,3595.0,5.228254388388764
2024-03-19,15266.0,15197.5,14938.0,14183.083333333334,14917.99482713997,216.78571428571428,75.23219814241486,330.33043120854927,294.6742134746172,35.65621773393207,15553.265454050017,14322.734545949983,14938.0,1230.5309081000341,82.39039655582759,79.08447908807042,89.00223149134195,-6.896551724137931,103.35366792437398,52.33332793023517,48195.7,-1019452,72951.25,-4503.0,-6.223395433688983
2024-03-20,15362.0,15251.5,15000.25,14206.416666666666,14983.900081698068,220.71428571428572,76.04790419161677,344.44002564622315,304.6273759089384,39.812649737284744,15623.294097450915,14377.205902549085,15000.25,1246.0881949018294,86.48248659277395,81.55048158963827,96.34649659904531,-3.827751196172249,97.58488047018639,55.4723014703577,48282.95,-973063,72868.05,119.0,0.17537912840994707
2024-03-21,15475.0,15306.0,15045.0,14234.5,15038.290550107775,236.07142857142858,73.54651162790698,347.18184435783587,313.1382695987179,34.04357475911797,15693.203996479995,14396.796003520005,15045.0,1296.4079929599902,79.06021982001924,80.7203943330986,75.73987079386052,-28.85375494071146,98.02232410950131,45.8465238037258,49557.0,-1062694,72535.35,-3293.0,-4.84464191137527
2024-03-22,15555.0,15350.0,15088.0,14260.333333333334,15088.453354859415,235.71428571428572,75.66765578635014,346.1712254639933,319.744860771773,26.426364692220318,15755.062689392049,14420.937310607951,15088.0,1334.1253787840978,74.43883935713701,78.62654267444474,66.06343272252158,-28.979591836734695,70.8562490616356,54.009041900352614,49908.8,-1011481,72196.4,-3167.0,-4.896488813989086
2024-03-25,15595.0,15404.0,15141.0,14286.75,15146.219702015662,250.35714285714286,76.57142857142857,351.8048291743562,326.1568544522897,25.64797472206652,15824.748183871352,14457.251816128648,15141.0,1367.496367742704,75.60628506162075,77.61979013683674,71.57927491118878,-18.672199170124482,78.20651095049817,57.48691099476438,50706.95,-956089,71777.45,901.0,1.4647548445831715
2024-03-26,15598.0,15432.0,15182.5,14313.083333333334,15186.103539918931,245.71428571428572,65.71428571428572,341.83907904231273,329.29329937029433,12.545779672018398,15863.238762784888,14501.761237215112,15182.5,1361.477525569775,72.13621618487136,75.79193215284829,64.8247842489175,-34.80392156862745,67.38927201742399,16.600222207698863,50816.7,-1004436,71236.65,-2736.0,-4.383702113341769
2024-03-27,15547.0,15454.5,15213.5,14333.833333333334,15202.188917069509,259.64285714285717,60.0,313.383416357181,326.1113227676717,-12.727906410490732,15864.241277718203,14562.758722281797,15213.5,1301.482555436407,62.96009183566588,71.51465204712082,45.850971412755996,-55.3921568627451,32.0415611481242,0.0,51887.55,-1060914,70797.95,421.0,0.7054644167769908
2024-03-28,15482.0,15478.5,15238.0,14352.333333333334,15204.837591634318,262.85714285714283,53.02593659942362,277.54626278498836,316.3983107711351,-38.852047986146715,15849.386689592218,14626.613310407782,15238.0,1222.7733791844366,47.25794740263904,63.42908383229356,14.915674543329999,-67.6470588235294,-0.9275358560559392,0.0,53013.1,-1113668,70010.45,-6308.0,-10.496189557056812
2024-03-29,15375.0,15465.0,15252.25,14370.666666666666,15188.18639243105,272.85714285714283,46.71916010498688,230.3513844844365,299.18892551379537,-68.83754102935887,15827.470552667002,14677.029447332998,15252.25,1150.4411053340045,32.23789900102676,53.032022221871294,-9.350347440662304,-87.25490196078431,-22.657353600007966,0.0,52941.85,-1156745,68885.65,-4145.0,-7.705893288715371
2024-04-01,15262.0,15428.5,15273.75,14394.666666666666,15182.64483124714,273.57142857142856,45.86666666666667,198.72746120640477,279.0966326523173,-80.36917144591251,15791.313878589935,14756.186121410065,15273.75,1035.127757179871,25.88753706295557,43.983860502232716,-10.305109815598726,-77.45098039215686,-27.40880809678257,0.0,52517.3,-1125791,67668.0,-2820.0,-5.680330345452711
2024-04-02,15151.0,15374.5,15286.0,14416.25,15166.20246636646,270.7142857142857,46.7391304347826,162.11353315431188,255.7000127527162,-93.58647959840431,15762.86034588094,14809.13965411906,15286.0,953.7206917618787,19.79642910796023,35.921383370808556,-12.453479417736425,-89.2156862745098,-53.91493561385977,2.841460783255992,52494.4,-1159221,66390.75,-1184.0,-2.5285638013881506
2024-04-03,15094.0,15320.5,15286.0,14436.916666666666,15157.040326712511,267.14285714285717,52.272727272727266,136.366284302625,231.83326706269798,-95.466982760073,15762.86034588094,14809.13965411906,15286.0,953.7206917618787,18.25379918058772,30.032188640734944,-5.302979739706728,-83.33333333333333,-52.975443710729465,20.8634107827656,49609.4,-1131223,64338.5,-2114.0,-4.631800354944016
2024-04-08,15708.0,15595.0,15450.5,14512.5,15456.369819406558,485.35714285714283,82.55451713395638,372.3037242700757,259.9273585041735,112.37636576590216,16868.203480243574,14032.796519756426,15450.5,2835.4069604871474,44.493887253917265,34.85275484512905,63.77615207149371,-3.025936599423631,200.7714692799601,100.0,49588.6,-1083716,63431.1,18664.0,42.879132492475925
2024-04-09,16421.0,15898.0,15624.0,14593.25,15755.286979463077,487.85714285714283,82.42677824267783,576.4449809480484,323.2308829929485,253.21409795509987,17609.57057953521,13638.429420464789,15624.0,3971.141159070423,62.63556447558448,44.113691388614185,99.67931064952506,-1.0810810810810811,147.1489884377405,99.65182236175858,49841.85,-1029299,62732.75,4366.0,7.020308404753095
2024-04-10,17084.0,16173.0,15788.5,14674.333333333334,16011.450124276116,496.7857142857143,79.6923076923077,717.8497264256857,402.15465167949594,315.6950747461898,18124.655411196603,13452.344588803398,15788.5,4672.310822393205,73.25098645613214,53.82612307778683,112.10071321282277,-5.518169582772543,117.01298124720209,92.19848149948008,50226.1,-1083442,62078.05,-664.0,-0.9976411196418122
2024-04-11,17706.0,16428.5,15930.25,14750.833333333334,16212.264398154583,510.35714285714283,74.41634241245137,794.5303705870756,480.6297954610119,313.9005751260637,18472.699036905786,13387.800963094214,15930.25,5084.8980738115715,77.41182856608899,61.688024907220885,108.85943588382518,-14.266487213997308,89.70919660216275,77.81779358057274,50829.45,-1144781,61543.95,648.0,0.9834125020867113
2024-04-12,18269.0,16681.5,16068.0,14823.333333333334,16371.57255071129,506.07142857142856,71.8984962406015,826.8068824447219,549.8652128577539,276.9416695869679,18723.8919603898,13412.108039610202,16068.0,5311.783920779597,78.07715444109834,67.15106808518004,99.92932715293495,-20.592193808882907,71.68032480260247,70.95490534978164,51455.55,-1210635,61118.25,-460.0,-0.6913031063554786
2024-04-15,18221.0,16964.5,16221.5,14900.25,16532.37516492926,518.2142857142857,72.74384685505925,856.6325611657267,611.2186825193485,245.41387864637818,18968.368264616616,13474.631735383384,16221.5,5493.736529233232,80.09091588132442,71.46435068389484,97.3440462761836,-15.88156123822342,64.88346279617382,73.25907581409228,51694.95,-1163183,60850.6,-1081.0,-1.635871127858235
2024-04-16,18035.0,17228.0,16346.5,14969.833333333334,16640.24419684076,537.8571428571429,67.13043478260869,838.7280922301525,656.7205644615093,182.00752776864317,19118.35497456126,13574.64502543874,16346.5,5543.709949122522,77.88923328831228,73.60597821870066,86.45574342753554,-26.51413189771198,51.32885454385718,57.9586098534185,52632.15,-1227754,60796.85,2686.0,4.132307692307702
2024-04-17,17914.0,17499.0,16463.75,15041.416666666666,16754.506654284494,532.5,69.62899050905953,829.1023334660458,691.1969182624166,137.90541520362922,19281.948145885715,13645.551854114285,16463.75,5636.396291771431,77.9720394661623,75.06133196785454,83.79345446277782,-21.80349932705249,46.72486612442076,64.76891815610448,51316.15,-1181299,60377.1,-3725.0,-5.503353721596782
2024-04-18,17883.0,17794.5,16584.5,15110.083333333334,16869.79173482883,535.7142857142857,72.85464098073555,822.0838349076585,717.374301591465,104.70953331619341,19444.490614633112,13724.509385366888,16584.5,5719.981229266225,64.74412240687096,71.62226211419335,50.98784299222618,-18.438761776581426,45.761839515051975,73.56106713891816,51736.95,-1123961,60313.95,2629.0,4.110317224558724
2024-04-19,17940.0,18104.5,16712.5,15182.833333333334,16993.621093416557,541.0714285714286,75.38860103626942,823.5698108529905,738.6134034437703,84.95640740922022,19617.643351839433,13807.356648160569,16712.5,5810.286703678865,62.08166719016623,68.44206380618431,49.36087395813007,-12.920592193808883,47.25559696544007,80.46787694995658,51914.2,-1074027,60169.85,-1500.0,-2.252590479050909
2024-04-22,17926.0,18073.5,16834.25,15255.25,17088.51432261498,545.3571428571429,75.64991334488735,800.9896517121197,751.0886530974401,49.900998614679565,19739.238948253278,13929.261051746722,16834.25,5809.977896506556,54.901291640291,63.928473084219874,36.84692875243326,-17.765814266487215,43.661716779244,81.18013538235209,49751.4,-1120402,60234.0,872.0,1.3396835151328945
2024-04-23,17940.0,17987.5,16942.75,15323.416666666666,17150.08438712784,563.5714285714286,71.98312236286921,753.8286762973403,751.6366577374203,2.1920185599200295,19809.986841501443,14075.513158498557,16942.75,5734.473683002885,43.98722472989097,57.28139029944357,17.398893590785775,-24.629878869448184,31.299121322514868,70.4836503375488,50093.95,-1178466,60577.4,2418.0,3.665746945210868
2024-04-24,17943.0,17928.5,17050.75,15392.833333333334,17217.21920740138,567.8571428571429,74.0084388185654,717.8612035216902,744.8815668942742,-27.02036337258403,19882.59945146974,14218.900548530259,17050.75,5663.698902939483,42.368294747463544,52.31035844878357,22.48416734482349,-21.45748987854251,26.75603464286755,71.77815989558516,49419.9,-1136555,60752.4,-2467.0,-3.6077800526469694
2024-04-25,17853.0,17868.0,17148.25,15453.833333333334,17245.579282886963,585.7142857142857,69.70185334407736,654.3782980305477,726.780913121529,-72.40261509098127,19897.79402918394,14398.70597081606,17148.25,5499.088058367881,30.317092920154607,44.97926993924058,0.9927388819826604,-95.3781512605042,16.581165086612273,16.671452491590177,49539.95,-1187303,61200.05,2717.0,4.122100344393376
2024-04-26,17753.0,17846.5,17264.0,15518.166666666666,17286.000303564397,371.07142857142856,39.93610223642173,609.5483487365709,703.3344002445374,-93.78605150796648,19887.716929532566,14640.283070467434,17264.0,5247.433859065131,29.35118022633963,39.769906701606935,8.51372727580501,-79.35222672064778,12.902238544501552,0.0,48860.9,-1144406,61481.2,-2909.0,-4.238671135072125
2024-04-29,17622.0,17774.0,17369.25,15575.083333333334,17290.666941320167,365.7142857142857,30.12618296529969,540.7551024380227,670.8185406832345,-130.06343824521173,19812.06174275185,14926.438257248152,17369.25,4885.623485503696,21.288893233835186,33.60956887901635,-3.3524580565271407,-95.98540145985402,1.3863096788264428,0.0,48508.4,-1190110,62115.35,752.0,1.1442309155368813
2024-04-30,17544.0,17742.0,17485.0,15629.083333333334,17295.841518337296,357.85714285714283,31.848184818481855,481.492529384308,632.9533384234492,-151.46080903914117,19666.518061495615,15303.481938504385,17485.0,4363.0361229912305,16.661731291692593,27.96028968324177,-5.9353854914057536,-93.07359307359307,-6.4142940603435505,3.7826466302820614,47955.05,-1158100,62810.2,-2931.0,-4.40930904276925
2024-05-06,17496.0,17719.5,17609.25,15688.416666666666,17326.237564209932,359.64285714285717,41.5126050420168,451.11310571676586,596.5852918821125,-145.47218616534667,19488.077391864685,15730.422608135314,17609.25,3757.654783729371,22.519232272539806,26.14660387967445,15.264489058270513,-65.76576576576576,-6.129298390731879,25.012058506133883,48412.0,-1118007,63810.05,3280.0,5.161940134084553
2024-05-07,17518.0,17685.5,17740.0,15747.0,17354.69112952327,356.42857142857144,45.27272727272727,422.96839366137647,561.8619122379653,-138.8935185765888,19166.78881261015,16313.21118738985,17740.0,2853.5776252202995,26.72453322673825,26.339246995362384,27.495105689489982,-64.86486486486487,-3.064284756678829,33.271755590177044,49380.7,-1065203,64969.0,1998.0,2.9900332225913706
2024-05-08,17531.0,17642.0,17873.25,15812.416666666666,17390.911021949625,349.64285714285717,43.94785847299814,404.87246947369204,530.4640236851106,-125.59155421141861,18551.59376473725,17194.90623526275,17873.25,1356.6875294744968,36.43832941372867,29.70560780148448,49.90377263821704,-54.95495495495496,-25.459065150240676,30.361473878458646,49977.45,-1025270,66159.55,-1482.0,-2.1534437663469963
2024-05-09,17618.0,17620.0,17846.75,15876.666666666666,17427.014734144897,323.2142857142857,52.25806451612903,388.8728426089947,502.14578746988747,-113.27294486089278,18495.670358425403,17197.829641574597,17846.75,1297.8407168508056,50.13763023717176,36.516281946713576,77.38032681808812,-51.8018018018018,-19.89264651834624,48.616142320254646,49358.55,-990141,66429.2,246.0,0.3653212153613028
2024-05-10,17763.0,17653.5,17820.5,15945.916666666666,17488.251426131097,351.7857142857143,54.693877551020414,395.83754700150894,480.8841393762118,-85.04659237470287,18378.012331702186,17262.987668297814,17820.5,1115.0246634043724,64.69849506448155,45.91035298596957,102.2747792215055,-24.774774774774773,13.768509773429447,53.96678695016744,50876.95,-905356,66776.0,5909.0,8.743193655303028
2024-05-13,17875.0,17685.5,17807.0,16022.416666666666,17553.65605221385,346.7857142857143,54.320987654320994,405.1593234115826,465.73917618328596,-60.57985277170337,18311.38498245519,17302.61501754481,17807.0,1008.7699649103815,74.15543235321871,55.32537944171928,111.81553817621759,-15.315315315315315,64.49253818970938,53.14767592040301,51315.3,-842446,67261.55,2111.0,2.8723824037663492
2024-05-14,17974.0,17746.0,17807.0,16098.166666666666,17607.593571050627,340.0,48.90350877192982,403.45804483358734,453.2829499133463,-49.824905079758935,18311.38498245519,17302.61501754481,17807.0,1008.7699649103815,78.07773160117493,62.909496828204496,108.41420114711579,-20.27027027027027,73.1631785460545,41.24733551064541,50639.1,-890261,67634.65,-1601.0,-2.1176128247182735
2024-05-15,18029.0,17780.0,17813.25,16171.25,17645.917992855328,333.92857142857144,50.4524886877828,388.7523930151183,440.3768385337007,-51.624445518582434,18324.752173684745,17301.747826315255,17813.25,1023.0043473694896,77.13272721631726,67.65057362424209,96.0970344004676,-24.75728155339806,53.2519231648072,46.320102117016454,49675.9,-936851,68047.4,333.0,0.4499817574963094
2024-05-16,18083.0,17850.5,17812.25,16247.083333333334,17683.44961258339,313.2142857142857,57.68261964735517,375.193806627256,427.34023215241183,-52.14642552515585,18321.795463081926,17302.704536918074,17812.25,1019.0909261638517,77.47359807948659,70.92491510932359,90.5709640198126,-21.844660194174757,47.94268146081033,62.79630831696346,48811.55,-906686,68402.85,-2227.0,-2.995856650882478
2024-05-17,18120.0,17941.5,17841.75,16326.5,17737.882982813542,315.35714285714283,59.61538461538462,377.44626678916393,417.3614390797623,-39.91517229059838,18382.745913983992,17300.754086016008,17841.75,1081.9918279679841,81.95209568935469,74.60064196933396,96.65500312939616,-6.8493150684931505,76.34828574583575,74.51346084057346,48180.85,-854729,68850.65,4533.0,6.286316548558424
2024-05-20,18110.0,17992.5,17856.0,16401.916666666668,17774.751270164634,311.7857142857143,66.31016042780749,364.5392624511769,406.79700375404525,-42.25774130286834,18411.618195299052,17300.381804700948,17856.0,1111.2363905981038,76.05096534730728,75.08408309532507,77.98472985127171,-27.93522267206478,71.51441925640756,100.0,48902.4,-915615,69414.85,-1397.0,-1.8227603663787506
2024-05-21,18140.0,18057.0,17871.25,16464.583333333332,17821.917815863242,305.35714285714283,66.12903225806451,361.83959509291526,397.8055220218193,-35.965926928904025,18455.471254050397,17287.028745949603,17871.25,1168.442508100794,77.12551403119276,75.76456007394764,79.84742194568301,-16.194331983805668,62.992384413168466,99.49942437939374,48167.45,-872976,69796.8,-1016.0,-1.3502558309522183
2024-05-22,18228.0,18128.5,17885.25,16532.666666666668,17881.73516673341,292.85714285714283,82.69794721407624,369.9599173040406,392.23640107826355,-22.27648377422298,18511.52112843863,17258.97887156137,17885.25,1252.5422568772628,83.55986649698565,78.36299554829364,93.95360839436967,-2.8,87.35081339682485,100.0,47795.2,-830487,70290.6,737.0,0.992873405272876
2024-05-23,18255.0,18169.0,17894.5,16591.25,17909.665150854038,306.7857142857143,71.06598984771574,350.16860373949385,383.8228416105096,-33.654237871015766,18532.63791612786,17256.36208387214,17894.5,1276.2758322557202,71.22381904396744,75.98327004685157,61.70491703819917,-24.8,58.27726996750299,71.75704570386758,48136.7,-883692,70723.25,-351.0,-0.4682122562228219
2024-05-24,18249.0,18184.5,17919.0,16649.916666666668,17939.69704124889,291.42857142857144,67.42857142857143,334.66066742835756,373.9904067740792,-39.329739345721634,18568.871242308007,17269.128757691993,17919.0,1299.7424846160138,65.20026374702934,72.38893461357749,50.82292201393304,-26.53061224489796,48.0918447633833,60.5952495037306,46950.1,-849360,70853.4,-3632.0,-4.867653956979156
2024-05-27,18259.0,18184.5,17935.0,16708.916666666668,17962.106846844235,288.92857142857144,65.3631284916201,314.70817410848395,362.13396024096016,-47.42578613247622,18593.930553005564,17276.069446994436,17935.0,1317.8611060111289,58.181557212734276,67.65314214662976,39.238387344943305,-31.632653061224488,46.163922826099856,55.26508638913158,46885.8,-889985,71271.15,3285.0,4.627868644605049
2024-05-28,18177.0,18158.5,17952.25,16761.0,17952.382385240024,309.64285714285717,53.1328320802005,270.3612557056367,343.77941933389553,-73.41816362825881,18582.316621373033,17322.183378626967,17952.25,1260.1332427460657,39.31263919169162,58.20630782831705,1.5253019184407606,-63.775510204081634,12.076083049349416,12.514850085498443,48631.1,-975639,71838.4,5707.0,7.684332417730388
2024-05-29,18071.0,18149.5,17964.75,16814.083333333332,17949.2983485505,308.2142857142857,53.712871287128706,237.3218039004896,322.4878962472144,-85.16609234672478,18581.007593099377,17348.492406900623,17964.75,1232.5151861987542,31.432306724809344,49.28164079381448,-4.266361413200926,-57.6530612244898,-8.369580018574863,14.231224831364363,48613.65,-933091,72257.95,-5863.0,-7.331040950296963
2024-05-30,18017.0,18136.0,17993.25,16866.833333333332,17945.079458212356,277.5,45.24495677233429,207.53509033349474,299.49733506447046,-91.96224473097573,18535.111071726544,17451.388928273456,17993.25,1083.7221434530875,25.432483090171402,41.33192155926679,-6.366393848019371,-86.56716417910448,-14.349655059882046,0.0,47991.5,-966352,72553.2,-1734.0,-2.339702072538863
2024-05-31,17965.0,18107.0,18024.25,16920.5,17946.976652668323,275.0,43.7869822485207,186.6191741162329,276.9217028748229,-90.30252875859003,18472.87685233007,17575.62314766993,18024.25,897.2537046601428,26.38027608310277,36.348039733878785,6.444748781550743,-71.72413793103448,-19.99328388404955,0.0,48437.25,-925427,73013.1,362.0,0.5001519798834009
2024-06-03,17985.0,18122.0,18057.25,16980.083333333332,17978.216971461818,310.7142857142857,53.984575835475574,192.83469076520123,260.1043004528986,-67.26960968769737,18475.170604396284,17639.329395603716,18057.25,835.8412087925681,35.849262069586246,36.181780512447936,35.184225183862864,-45.212765957446805,71.7027625414776,26.20750627999565,52346.0,-807159,73721.9,8258.0,11.35276326642838
2024-06-04,18049.0,18113.0,18085.0,17037.0,17997.43440275117,305.0,54.40414507772021,187.92850362960598,245.6691410882401,-57.740637458634126,18452.76708876537,17717.23291123463,18085.0,735.5341775307388,38.793125067667425,37.0522286975211,42.274917807960065,-55.319148936170215,34.20888567287666,27.28578650927303,52082.55,-854694,74193.5,-2746.0,-3.390207165609027
2024-06-05,18077.0,18074.0,18101.25,17086.833333333332,18003.39303106058,308.57142857142856,50.495049504950494,172.37033987801624,231.00938084619534,-58.6390409681791,18430.617416021756,17771.882583978244,18101.25,658.7348320435121,36.50038125078538,36.868279548609195,35.76458465513775,-68.08510638297872,3.9852820764684735,17.23952942921836,52338.75,-899751,74740.45,25.0,0.03194806522517357
2024-06-06,18129.0,18073.0,18121.0,17139.416666666668,18018.784170959574,302.5,47.64397905759162,166.59262936178493,218.12603054931327,-51.53340118752834,18411.8535533111,17830.1464466889,18121.0,581.7071066221979,38.69528962818316,37.47728290846719,41.13130306761511,-56.91489361702128,-5.258595261862492,9.912364837225656,52618.3,-859031,75123.25,-3037.0,-3.8798114388645444
2024-06-07,18128.0,18046.5,18115.5,17186.666666666668,18013.185678487233,307.5,45.843828715365234,143.8141652324084,203.26365748593233,-59.449492253523914,18414.461359939458,17816.538640060542,18115.5,597.9227198789158,32.88905833368239,35.947874716872256,26.77142556730267,-78.72340425531915,-27.321231003554203,5.2860330466368,51604.95,-923549,75391.2,3612.0,4.800637958532694
2024-06-11,18142.0,18063.5,18124.0,17239.833333333332,18044.78704244083,321.42857142857144,51.68539325842697,155.0411330486204,193.61915259846995,-38.57801954984956,18439.304364234416,17808.695635765584,18124.0,630.6087284688329,42.67071974018542,38.18882305797665,51.63451310460297,-37.765957446808514,23.260780801138154,20.298676778892634,51742.7,-857884,75497.2,-1128.0,-1.430528077918125
2024-06-12,18172.0,18110.5,18134.5,17290.583333333332,18071.950181255987,322.14285714285717,47.0873786407767,160.87375873883138,187.07007382654223,-26.196315087710843,18462.955716794128,17806.044283205872,18134.5,656.911433588255,48.65991245090375,41.67918618895234,62.62136497480657,-39.361702127659576,72.69099739650578,12.098667373637841,52643.1,-923707,75863.3,3601.0,4.633060573310699
2024-06-13,18124.0,18100.5,18125.0,17335.416666666668,18047.954925898273,339.2857142857143,42.26579520697168,122.9263998495262,174.24133903113903,-51.31493918161283,18478.642698065072,17771.357301934928,18125.0,707.2853961301444,36.29253794884371,39.8836367755828,29.110340295365518,-88.44221105527639,-74.61018624811743,0.0,54794.2,-1013319,76292.95,1604.0,1.9723332308638097
2024-06-14,18067.0,18098.0,18117.0,17383.583333333332,18031.959218669865,337.14285714285717,42.51626898047723,96.58101724565859,158.70927467404294,-62.12825742838436,18485.659020890875,17748.340979109125,18117.0,737.3180417817493,30.057671865393292,36.608315138852966,16.95638531847395,-82.41206030150754,-79.99119079971871,1.0844272384986704,55572.6,-967586,76657.35,-3532.0,-4.259064983298966
2024-06-17,18004.0,18066.0,18086.5,17424.916666666668,17995.105959748926,339.2857142857143,39.3574297188755,56.09297084951686,138.18601390913773,-82.09304305962087,18504.69285402539,17668.30714597461,18086.5,836.3857080507805,21.34198608530875,31.51953878767156,0.986880680583134,-96.78899082568807,-106.75394044820766,0.0,55375.05,-1015592,76901.2,2122.0,2.6726450621560094
2024-06-18,17844.0,17993.0,18057.5,17459.083333333332,17952.238725487125,314.2857142857143,43.07692307692308,15.755122865652083,113.6998357004406,-97.94471283478852,18539.95534290206,17575.04465709794,18057.5,964.9106858041196,15.238091733640179,26.0923897696611,-6.4705043384016605,-97.46835443037975,-112.67979425469768,24.71963660734234,54254.45,-1054066,77139.5,-1508.0,-1.849875489149766
2024-06-19,17706.0,17939.0,18026.0,17493.916666666668,17922.50170401216,311.42857142857144,43.93939393939394,-8.449802168612223,89.26990812663004,-97.71971029524227,18531.74176893165,17520.25823106835,18026.0,1011.4835378632997,14.367482031180995,22.184087190167734,-1.2657282867924877,-89.45147679324894,-91.10850788844994,30.451591003381896,53826.05,-1019995,77366.1,-1250.0,-1.562285185786949
2024-06-20,17655.0,17889.5,17981.75,17526.5,17888.45392267767,315.35714285714283,42.827004219409275,-33.300386714898195,64.75584915832441,-98.0562358732226,18486.154547331236,17477.345452668764,17981.75,1008.8090946624725,11.261823037622348,18.543332472652605,-3.301195832438168,-95.78059071729957,-80.73479529263334,23.058683691349962,54293.3,-1071829,77804.7,4977.0,6.319117329642854
2024-06-21,17574.0,17820.5,17946.75,17558.5,17849.07735861313,307.5,39.79166666666667,-59.57021350512878,39.890636625633775,-99.46085013076255,18490.31789146489,17403.18210853511,17946.75,1087.1357829297776,9.197590166402609,15.42808503723594,-3.263399575264053,-95.703125,-89.50747496220288,2.8859251832388697,53488.35,-1108935,78125.4,-2709.0,-3.2350904010126857
2024-06-24,17525.0,17764.5,17905.5,17589.083333333332,17806.30808636426,274.2857142857143,29.79214780600462,-85.45602978231545,14.82130334404393,-100.27733312635938,18484.236373034986,17326.763626965014,17905.5,1157.4727460699723,11.022331668206629,13.959500580892836,5.147993842834211,-85.32818532818533,-97.96677795837972,0.0,54038.25,-1154265,78608.6,-382.0,-0.4714361524886135
2024-06-25,17466.0,17655.0,17859.25,17615.0,17753.32636385338,282.14285714285717,29.05405405405405,-116.72889404755188,-11.488736134275234,-105.24015791327665,18492.572691508012,17225.927308491988,17859.25,1266.6453830160244,9.42158634339772,12.446862501727797,3.3710340267375685,-95.07575757575758,-91.47119188981237,0.0,54419.75,-1202520,78998.05,1410.0,1.7483601373888602
2024-06-26,17454.0,17580.0,17845.25,17648.583333333332,17736.819091105437,292.85714285714283,40.12345679012345,-113.5753957476918,-31.90606805695855,-81.66932769073325,18490.76468653031,17199.73531346969,17845.25,1291.0293730606209,23.2703048740931,16.054676625849563,37.70156137058017,-70.07575757575758,-58.74939825495437,48.911832552668926,52745.5,-1150351,79021.85,-1606.0,-1.957176109289882
2024-06-27,17464.0,17559.5,17830.0,17686.25,17725.21727290492,291.7857142857143,38.347457627118644,-107.01837690024695,-46.92852982561624,-60.08984707463071,18482.452861777856,17177.547138222144,17830.0,1304.905723555712,36.1370377817695,22.748797011156206,62.913519322996095,-67.42424242424242,-38.88668033916784,41.06431125944542,52824.6,-1106221,79275.05,-1275.0,-1.5848156020434767
2024-06-28,17493.0,17533.5,17815.75,17726.083333333332,17715.19658024731,271.07142857142856,42.129629629629626,-100.26266837988078,-57.59535753646915,-42.66731084341163,18473.731562691624,17157.768437308376,17815.75,1315.9631253832486,49.09135852117966,31.529650847830688,84.21477386787761,-67.04545454545455,-29.909073402075347,57.77641109744429,52853.75,-1072377,79547.0,-1359.0,-1.7164292209760568
2024-07-01,17552.0,17538.5,17802.25,17770.5,17713.273096414232,256.42857142857144,32.432432432432435,-87.84423385959599,-63.64513280109452,-24.19910105850147,18458.414894230908,17146.085105769092,17802.25,1312.329788461815,62.03791717503931,41.699072956900224,102.7156056113175,-61.36363636363637,-24.238727947343964,18.734085121862535,52598.75,-1036552,79707.25,-1872.0,-2.40564401094876
2024-07-02,17660.0,17563.0,17778.0,17814.833333333332,17720.580420565257,254.64285714285714,36.010362694300525,-69.53526967578728,-64.82316017603307,-4.712109499754206,18395.298017253637,17160.701982746363,17778.0,1234.5960345072745,71.23515465990275,51.54443352456773,110.61659693057278,-42.10526315789474,-2.7855166097454473,46.73261540435183,48390.55,-1002448,79342.75,-2237.0,-2.9455527026137296
2024-07-03,17718.0,17586.0,17762.5,17862.5,17734.8108567019,225.0,51.66666666666666,-48.01644850983212,-61.46181784279288,13.445369332960766,18352.25017012113,17172.74982987887,17762.5,1179.500340242259,80.10915072564944,61.0660059249283,118.19544032709173,-11.612903225806452,7.499399767675414,99.99999999999999,47905.85,-964607,79032.75,-1656.0,-2.2467032072502335
2024-07-04,17766.0,17615.0,17752.25,17908.916666666668,17746.25744177791,222.85714285714286,49.14089347079038,-31.806358439527685,-55.53072596213985,23.724367522612162,18327.168529697454,17177.331470302546,17752.25,1149.8370593949076,82.03857911624493,68.05686365536718,110.00201003800044,-14.102564102564102,23.084607559567527,88.8302460262045,47235.35,-996254,78603.15,-2367.0,-3.285127407983124
2024-07-05,17811.0,17652.0,17736.25,17901.333333333332,17755.66149494192,216.78571428571428,58.130081300813,-19.541400595961022,-48.33286088890409,28.791460292943064,18279.755919204687,17192.744080795313,17736.25,1087.011838409373,82.89751428262483,73.0037471977864,102.68504845230169,-15.384615384615385,18.04058168312164,100.0,46809.2,-1028451,78290.85,-691.0,-0.9916050800028664
2024-07-08,17859.0,17705.5,17735.0,17890.333333333332,17772.7413525665,223.92857142857142,65.98360655737704,-2.529921936802566,-39.172273098483785,36.64235116168122,18276.450294166174,17193.549705833826,17735.0,1082.900588332348,81.36024761698798,75.78924733752027,92.5022481759234,-20.21276595744681,46.490788993146225,100.0,46080.1,-978515,77736.2,-1235.0,-1.7900107255703346
2024-07-09,17916.0,17788.0,17721.5,17884.166666666668,17801.52789041731,231.42857142857142,67.19367588932806,21.995081821074564,-26.938802114572116,48.933883935646676,18209.7633025649,17233.2366974351,17721.5,976.5266051298022,84.98951908315993,78.85600458606682,97.25654807734617,-5.319148936170213,54.25682709193471,100.0,44729.1,-939870,77091.9,-2921.0,-4.310866453164897
2024-07-10,17844.0,17781.0,17680.5,17874.0,17773.763329425186,254.64285714285714,48.433048433048434,-4.112052919288544,-22.373452275515405,18.26139935622686,18083.970471103697,17277.029528896303,17680.5,806.940942207395,56.92849659307437,71.54683525506934,27.69181926908442,-65.42553191489361,-2.3116810201678533,50.810662105389376,44487.55,-1000862,76223.15,-888.0,-1.3695672290940486
2024-07-11,17842.0,17804.0,17681.75,17873.333333333332,17780.547774241837,268.57142857142856,59.25,2.204146961274091,-17.457932428157505,19.662079389431597,18087.190306463566,17276.309693536434,17681.75,810.8806129271325,56.2319009545227,66.44185715488712,35.81198855379387,-29.78723404255319,20.35008035844997,79.17211679854353,42218.15,-956638,75095.2,-3580.0,-5.598123534010946
2024-07-12,17840.0,17825.5,17679.5,17869.583333333332,17785.73370050452,267.14285714285717,61.24031007751938,6.329897329680534,-12.700366476589897,19.030263806270433,18080.78609035923,17278.21390964077,17679.5,802.57218071846,55.229869453552766,62.704527921109005,40.28055251844029,-30.851063829787233,37.85657612922982,84.39060083626048,41793.0,-993868,74076.2,-1353.0,-2.2411793937386126
2024-07-15,17902.0,17880.5,17709.5,17879.25,17829.473348075517,287.85714285714283,72.66514806378132,42.19673995643825,-1.720945189984267,43.917685146422514,18183.118767409098,17235.881232590902,17709.5,947.2375348181959,62.92220573799461,62.77708719340421,63.21244282717541,-17.083333333333332,119.49104146730674,100.0,42220.5,-937312,72907.7,-868.0,-1.4707626616059732
2024-07-16,17932.0,17924.0,17743.5,17885.666666666668,17867.142553020705,272.5,67.10875331564986,68.22122645937998,12.267489139888584,55.953737319491395,18262.82243305454,17224.17756694546,17743.5,1038.6448661090835,67.34496255548848,64.29971231409897,73.4354630382675,-23.195876288659793,100.56549047765375,86.18936191371091,41828.6,-967948,71673.9,-2814.0,-4.83929216323582
2024-07-17,18078.0,17961.0,17773.5,17890.25,17902.652786066352,270.35714285714283,66.75603217158178,89.02991273422958,27.619973858756786,61.4099388754728,18335.23696785296,17211.76303214704,17773.5,1123.4739357059225,70.82256762958491,66.47399741926095,79.51970805023282,-22.22222222222222,84.22965234288783,85.31265961178315,41668.9,-937071,70511.6,180.0,0.32529140688533076
2024-07-18,18176.0,18009.0,17812.0,17893.0,17943.82871120289,277.14285714285717,68.28644501278772,111.89677619475697,44.47533432595682,67.42144186880014,18417.417646187983,17206.582353812017,17812.0,1210.8352923759667,76.49194102995256,69.81331195615815,89.84919917754138,-12.16931216931217,86.73034820323299,89.1165610317844,40740.65,-903802,69139.85,788.0,1.4194361884175555
2024-07-19,18288.0,18064.0,17858.0,17899.75,17986.797405374044,273.2142857142857,68.04123711340206,133.32355780976286,62.244979022718034,71.07857878704482,18494.606132880497,17221.393867119503,17858.0,1273.2122657609943,82.38792541326643,74.00484977519424,99.1540766894108,-5.8201058201058204,83.57274010840712,87.38524614516179,40182.1,-877867,67866.9,-733.0,-1.3018844466547108
2024-07-22,18373.0,18137.5,17921.5,17915.333333333332,18051.864319147942,288.92857142857144,70.75471698113208,170.52888747610632,83.9017607133957,86.62712676271062,18616.437331517634,17226.562668482366,17921.5,1389.874663035269,86.62596388095314,78.21188781044721,103.454116021965,-4.8979591836734695,101.37493246185115,92.11611411408076,40505.85,-826062,66913.55,6010.0,10.815188051106706
2024-07-23,18465.0,18198.5,17993.25,17929.166666666668,18112.162955419568,287.85714285714283,69.82968369829683,198.93159433747496,106.90772743821157,92.0238668992634,18692.57505054216,17293.92494945784,17993.25,1398.6501010843203,88.67433736641856,81.69937099577099,102.62427010771367,-7.086614173228346,103.90590243610912,88.29872603408933,39914.9,-789626,65687.7,-4040.0,-6.5605716141604375
2024-07-24,18553.0,18315.5,18048.25,17948.583333333332,18166.242673951037,292.85714285714283,70.17114914425429,218.51854023355918,129.22988999728108,89.2886502362781,18782.862500789222,17313.637499210778,18048.25,1469.2250015784448,88.59770639242718,83.99881612798973,97.79548692130209,-9.96168582375479,93.38372769708661,89.70787113980019,38921.75,-821932,64601.75,1192.0,2.0716023635731773
2024-07-25,18603.0,18389.5,18096.75,17963.833333333332,18206.12432405094,295.7142857142857,67.37089201877934,223.7958506623072,148.1430821302863,75.6527685320209,18838.96769398416,17354.53230601584,18096.75,1484.4353879683185,83.0234709282848,83.67370106142141,81.72301066201157,-17.24137931034483,67.44978128274131,78.15188891726321,38792.05,-863468,63428.0,-3031.0,-5.16073009602942
2024-07-26,18586.0,18437.0,18131.25,17980.083333333332,18216.017245569896,301.7857142857143,58.09935205183585,203.4427935832682,159.20302442088268,44.23976916238553,18843.70960180949,17418.79039819051,18131.25,1424.919203618978,63.99095592749851,77.11278601678045,37.74729574893465,-38.31417624521073,37.42253367199251,39.89049139814496,39402.95,-909530,62034.5,-5754.0,-10.330155652501748
2024-07-29,18553.0,18463.0,18171.75,17999.416666666668,18243.53941265848,302.5,59.071729957805914,200.73378540358317,167.50917661742278,33.22460878616039,18871.77462362707,17471.72537637293,18171.75,1400.0492472541373,60.93224222327061,71.71927141894383,39.35818383192418,-23.371647509578544,42.701731554693325,43.90325925890773,39207.25,-877619,60723.35,-225.0,-0.4504775061565214
2024-07-30,18521.0,18493.0,18208.5,18014.583333333332,18270.34518288148,277.85714285714283,77.8082191780822,197.91922018697733,173.5911853313337,24.328034855643637,18901.27550096467,17515.72449903533,18208.5,1385.5510019293433,58.875463069481995,67.43800196912322,41.75038527019953,-22.265625,49.33230260572308,100.0,39101.0,-845640,59432.9,-1823.0,-3.6663851011624615
2024-07-31,18520.0,18536.5,18248.75,18032.083333333332,18308.883736892767,263.92857142857144,75.3048780487805,205.42439877582729,179.9578280202324,25.466570755594887,18952.176762731076,17545.323237268924,18248.75,1406.853525462153,64.75755508979958,66.54451967601534,61.18362591736806,-12.0,57.44034257324269,87.29840171296301,38646.2,-816895,58085.6,-2793.0,-5.831019436731455
2024-08-01,18524.0,18563.5,18286.25,18046.583333333332,18337.085285760124,255.71428571428572,72.6470588235294,203.37946007733626,184.64215443165318,18.73730564568308,18981.208347862063,17591.291652137937,18286.25,1389.916695724125,64.62097875551856,65.90333936918307,62.05625752818955,-25.625,51.548125659116565,73.8130034491954,38063.0,-836878,56738.85,-2356.0,-5.223251895534964
2024-08-02,18655.0,18620.5,18342.25,18066.5,18396.886687116305,242.5,71.81818181818181,228.17753420156805,193.34923038563616,34.82830381593189,19067.34509358211,17617.15490641789,18342.25,1450.1901871642185,75.74284489741505,69.1831745452604,88.86218560172435,-1.7751479289940828,75.50232692565645,69.60739893606853,38671.8,-792505,55683.3,5133.0,12.007017543859643
2024-08-05,18789.0,18671.0,18404.25,18084.916666666668,18470.992716914752,260.7142857142857,75.81521739130434,261.75804772680567,207.03099385387006,54.72705387293561,19192.06693705822,17616.43306294178,18404.25,1575.6338741164436,78.22384350093157,72.19673086381746,90.27806877515977,-15.447154471544716,107.76960020838236,89.88779124638896,38446.3,-747079,54560.5,-2580.0,-5.388133575590503
2024-08-06,18893.0,18707.0,18452.75,18099.416666666668,18525.660077208584,268.57142857142856,70.58823529411765,274.71419880524627,220.5676348441453,54.14656396110098,19273.94601480819,17631.55398519181,18452.75,1642.3920296163778,76.04303431035555,73.47883201266349,81.17143890573968,-27.0042194092827,83.48679094269677,63.366824497235186,37940.7,-775612,53454.1,-2593.0,-5.723682758316229
2024-08-07,18796.0,18658.0,18486.75,18100.583333333332,18493.692450807765,339.64285714285717,47.32965009208104,213.52925507690088,219.15995889069643,-5.630703813795549,19191.67459469828,17781.82540530172,18486.75,1409.849189396562,58.84112255202696,68.59959552578465,39.32417660451159,-75.56270096463022,-54.46746509480491,0.0,36424.6,-806282,53714.0,26438.0,61.90119409974244
2024-08-08,18725.0,18624.5,18507.0,18104.583333333332,18470.48364596893,344.64285714285717,47.32965009208104,167.94527631450183,208.91702237545752,-40.971746060955695,19155.296553324664,17858.703446675336,18507.0,1296.5931066493285,48.659355013248415,61.95284868827257,22.07236766320011,-71.70418006430869,-36.658005428769236,0.0,36154.95,-767451,54346.15,3865.0,5.589460288077741
2024-08-09,18641.0,18648.0,18542.5,18113.0,18477.580441590937,336.07142857142856,47.714808043875685,153.85019008966265,197.90365591829857,-44.05346582863592,19108.37612555549,17976.62387444451,18542.5,1131.7522511109782,48.19519701847858,57.36696479834124,29.851661458753256,-52.733118971061096,-11.286588955154993,1.263700899828495,36557.8,-722164,55318.0,5441.0,7.452097571665317
2024-08-12,18525.0,18657.0,18560.0,18118.666666666668,18488.763256677514,347.85714285714283,48.375451263537904,145.0423568355618,187.33139610175124,-42.289039266189434,19108.51953858594,18011.48046141406,18560.0,1097.0390771718812,48.95756971649912,54.56383310439387,37.74504294070964,-49.51768488745981,0.17660269568125683,3.4312672898321965,36501.15,-666741,56509.8,3531.0,4.500726540393107
2024-08-13,18421.0,18657.0,18575.0,18125.333333333332,18492.214375089177,347.5,47.266313932980594,130.90468284063172,176.04605344952736,-45.14137060889564,19100.887720656083,18049.112279343917,18575.0,1051.7754413121656,47.965282276165546,52.364316161651104,39.16721450519444,-54.01929260450161,-4.809946245606592,0.0,37212.35,-711601,57663.7,-3572.0,-4.356894553881807
2024-08-14,18541.0,18668.5,18602.5,18134.0,18520.57491079497,358.2142857142857,53.41098169717138,139.4759675130881,168.73203626223952,-29.25606874915141,19111.89076097671,18093.10923902329,18602.5,1018.7815219534168,52.98435753030543,52.57099661786921,53.81107935517787,-36.97749196141479,21.469157338325164,20.118809599071376,38359.4,-657783,58974.8,3324.0,4.23909300753702
2024-08-15,18637.0,18681.0,18622.25,18138.666666666668,18540.520157385927,359.2857142857143,57.52688172043011,139.81556698566055,162.9487424069237,-23.13317542126316,19118.429880370233,18126.070119629767,18622.25,992.3597607404663,55.04423406629151,53.395409100676645,58.34188399752125,-40.836012861736336,37.194352162061264,33.59504819724741,40183.85,-727541,60254.8,166.0,0.2030903996965927
2024-08-16,18646.0,18643.5,18632.0,18145.583333333332,18545.232523349172,352.85714285714283,51.553930530164536,127.32020398570239,155.82303472267947,-28.502830736977074,19116.913448598392,18147.086551401608,18632.0,969.8268971967846,54.504375222276536,53.76506447454327,55.98299671774306,-49.839228295819936,0.5039972894084397,14.038471283226842,40984.85,-769496,61394.75,-3534.0,-4.314860261528885
2024-08-19,18628.0,18576.5,18623.75,18150.25,18541.400854458778,357.5,49.642857142857146,109.2988203933055,146.51819185680466,-37.21937146349916,19111.54714291044,18135.95285708956,18623.75,975.59428582088,55.64180570373991,54.39064488427549,58.14412734266875,-55.30546623794212,-30.176293100542864,8.324464066880454,40437.0,-810344,62313.85,1593.0,2.032691497913719
2024-08-20,18603.0,18512.0,18609.5,18154.0,18527.934106415087,361.42857142857144,45.00907441016334,85.55786378509583,134.3261262424629,-48.76826245736706,19106.33101013482,18112.66898986518,18609.5,993.6620202696431,47.581428521594404,52.120906096715125,38.50247337135296,-62.057877813504824,-29.826596903287612,0.0,40414.85,-846337,63462.25,546.0,0.6828243415622381
2024-08-21,18476.0,18508.5,18583.25,18158.916666666668,18492.416572470793,371.07142857142856,42.32081911262799,46.4382212711389,116.7485452481981,-70.3103239770592,19118.39656133182,18048.10343866818,18583.25,1070.2931226636429,32.6679220446993,45.63657807937652,6.730609975344862,-77.81350482315112,-62.3858420294043,0.0,41040.65,-891159,64505.1,-919.0,-1.1415014656928513
2024-08-22,18382.0,18509.5,18567.0,18164.583333333332,18470.281660806908,353.2142857142857,36.822429906542055,23.635786580474814,98.12599351465344,-74.49020693417863,19121.317028803067,18012.682971196933,18567.0,1108.6340576061339,27.334170252021757,39.53577547025827,2.930959815548732,-71.06109324758843,-58.11542512485711,0.0,40644.0,-857556,65604.4,-1902.0,-2.389777481812816
2024-08-23,18237.0,18441.5,18544.75,18163.916666666668,18412.635788349107,354.2857142857143,27.097902097902093,-26.008694007141457,73.29905601029446,-99.30775001743592,19173.260980517913,17916.239019482087,18544.75,1257.0219610358254,18.511380456614795,32.52764379904378,-9.521146228243175,-96.23287671232876,-86.87827107578038,0.0,41175.15,-914241,67145.5,3082.0,3.967201719721447
2024-08-26,18119.0,18373.5,18515.25,18163.083333333332,18365.24190374443,350.35714285714283,29.676258992805757,-60.618942968867486,46.51545621446208,-107.13439918332956,19204.10469402022,17826.39530597978,18515.25,1377.7093880404427,15.001984730180173,26.685757442755914,-8.365560694971307,-91.25,-86.53096156015337,8.473359694896846,41594.35,-873946,68504.35,-3870.0,-4.791442261263601
2024-08-27,18015.0,18309.0,18483.0,18156.5,18319.028389102103,272.5,42.09183673469388,-89.8364435175863,19.2450762680524,-109.0815197856387,19228.03549897763,17737.96450102237,18483.0,1490.070997955263,12.958312400765278,22.109942428759037,-5.344947655222242,-91.12903225806451,-84.40213229129081,49.275180511445946,41698.75,-908013,69954.55,4.0,0.00520162810959679
2024-08-28,18010.0,18243.0,18455.75,18155.666666666668,18301.025685378096,275.35714285714283,47.2093023255814,-91.76085057407545,-2.9561091003731708,-88.80474147370228,19211.014157343925,17700.485842656075,18455.75,1510.52831468785,21.54210074029513,21.920661865937735,20.784978489009923,-70.96774193548387,-53.521511779146586,66.09291694023773,42876.15,-855720,71654.85,2209.0,2.8724497093741475
2024-08-29,17989.0,18185.5,18433.25,18157.25,18287.118477246848,265.0,39.62765957446808,-90.22856720723212,-20.41060072174496,-69.81796648548716,19196.56186287127,17669.93813712873,18433.25,1526.6237257425382,30.303429479037334,24.714917736970932,41.48045296317014,-68.95161290322581,-35.651328478618744,41.17705434752605,43796.0,-817340,73447.75,-504.0,-0.6370714935787225
2024-08-30,18067.0,18152.0,18397.75,18158.75,18284.05957465191,250.35714285714286,41.19170984455958,-80.02260653853955,-32.33300188510388,-47.689604653435666,19121.973540657244,17673.526459342756,18397.75,1448.4470813144871,40.285102054347874,29.904979176096578,61.045347810850465,-60.88709677419355,-18.91508561277381,46.317056705454476,43896.05,-770966,74960.4,-472.0,-0.6004477915733775
2024-09-02,18118.0,18118.5,18347.5,18162.25,18273.196758018395,252.85714285714286,40.87403598971722,-77.89517175208675,-41.44543585850046,-36.44973589358629,18978.05948423436,17716.94051576564,18347.5,1261.1189684687197,48.190068036231914,36.000008796141685,72.57018651641238,-67.74193548387096,-23.03558408091773,45.273072126335784,43940.0,-817271,76707.55,2110.0,2.7004197808948582
2024-09-03,18227.0,18121.0,18316.5,18163.583333333332,18287.65420963569,246.42857142857142,40.56847545219638,-54.998803509111895,-44.15610938862275,-10.842694120489142,18857.241206707597,17775.758793292403,18316.5,1081.4824134151932,64.47239103650028,45.49080287626121,102.43556735697842,-47.17741935483871,8.679223920773289,44.26889603725451,45127.3,-764992,78527.95,-1128.0,-1.4056775415597023
2024-09-04,18273.0,18141.5,18325.0,18164.083333333332,18294.54428490848,230.71428571428572,40.4639175257732,-41.61847165482686,-43.648581841863574,2.030110187036712,18862.704673393753,17787.295326606247,18325.0,1075.4093467875064,70.48742153016103,53.823009094227814,103.81624640202745,-36.55913978494624,14.885119067891255,54.65325436994762,45776.15,-808639,79062.0,711.0,0.8986577011552255
2024-09-05,18297.0,18143.0,18326.25,18171.666666666668,18292.682924441007,235.71428571428572,41.644562334217504,-37.4416478754938,-42.40719504858962,4.965547173095821,18863.336438206432,17789.163561793568,18326.25,1074.1728764128638,69.28742009295503,58.977812760470215,89.90663475792468,-37.267080745341616,6.875965726957041,64.52290637665546,46518.4,-862315,79463.6,1216.0,1.5232559596136674
2024-09-06,18332.0,18199.5,18320.5,18180.833333333332,18305.760741160913,228.21428571428572,48.08184143222506,-21.377849781991245,-38.20132599526995,16.823476213278703,18850.136419482376,17790.863580517624,18320.5,1059.2728389647527,75.33068624298548,64.4287705879753,97.13451755300585,-18.012422360248447,12.95221043444327,100.0,46312.4,-821148,79499.55,-1872.0,-2.3098278734036692
2024-09-09,18298.0,18208.0,18290.75,18186.75,18276.64067057416,247.14285714285714,41.228070175438596,-42.85062506734175,-39.13118580968431,-3.7194392576574415,18822.304572135265,17759.195427864735,18290.75,1063.1091442705292,57.62786490273106,62.16180202622722,48.559990655738744,-69.5364238410596,-47.848670374218834,67.33801433758482,46412.9,-878581,79397.3,767.0,0.9687646040948295
2024-09-10,18203.0,18215.0,18262.0,18193.5,18245.532035281383,243.57142857142858,45.08393285371702,-63.17430228444209,-43.93980910463587,-19.234493179806222,18802.335178628196,17721.664821371804,18262.0,1080.670357256393,42.711505894750005,55.678369982401485,16.77777771944703,-76.15894039735099,-58.29829473640379,85.71331850161982,46030.45,-915792,79371.95,-2034.0,-2.544408306229673
2024-09-11,18082.0,18177.5,18210.25,18195.416666666668,18198.814698587918,265.0,38.39080459770115,-93.9330317020067,-53.93845362411004,-39.99457807789666,18735.711952150585,17684.788047849415,18210.25,1050.9239043011694,35.48288427171368,48.946541412172216,8.555569990796599,-78.97435897435898,-85.60461258251239,53.81688499893585,46530.1,-979603,79208.4,560.0,0.7188149821579781
2024-09-12,17958.0,18127.5,18156.5,18196.916666666668,18147.022822531926,255.71428571428572,44.41489361702128,-124.93849740862424,-68.13846238101289,-56.80003502761136,18678.01701793902,17634.98298206098,18156.5,1043.0340358780377,27.244999770886047,41.71269419841016,-1.6903890841621774,-89.23076923076923,-94.64598735681957,80.07698030055127,45156.95,-1021898,78942.45,-1882.0,-2.398491066194275
2024-09-13,17830.0,18081.0,18116.5,18202.166666666668,18113.020648957456,255.0,46.81933842239186,-137.03749763564701,-81.9182694319397,-55.11922820370731,18620.44339698862,17612.55660301138,18116.5,1007.886793977239,26.368461385718906,36.59794992751308,5.909484302130565,-75.38461538461539,-81.56707918729971,86.97246712203601,44626.5,-990552,78717.8,-2708.0,-3.5359866290609054
2024-09-18,17746.0,18022.0,18070.25,18205.166666666668,18062.256777628172,270.7142857142857,42.99065420560748,-161.70722718519028,-97.87606098258982,-63.83116620260046,18593.48361995636,17547.01638004364,18070.25,1046.467239912723,22.275943954115636,31.8239479363806,3.179935989585715,-85.9090909090909,-94.77608088512511,47.46498941702044,44955.75,-1037985,78393.8,-394.0,-0.5333261140289092
2024-09-19,17712.0,17957.5,18039.25,18214.0,18035.375179758823,269.64285714285717,41.62679425837321,-163.23812951391665,-110.9484746888552,-52.28965482506145,18553.614963609965,17524.885036390035,18039.25,1028.7299272199307,25.608205060319513,29.75203364436024,17.320547892238068,-67.72727272727273,-62.7293193881925,33.39157322304238,45050.8,-1000091,77944.15,-1967.0,-2.6768460303203456
2024-09-20,17716.0,17899.0,18020.25,18217.25,18010.577543591316,270.7142857142857,40.821256038647334,-162.97615122999923,-121.354009997084,-41.622141232915226,18544.588932170293,17495.911067829707,18020.25,1048.677864340585,28.454250528017887,29.31943927224612,26.72387303956141,-68.18181818181819,-49.29189820028442,25.07937470929637,44133.45,-1026566,77492.95,-950.0,-1.3283926448996675
2024-09-23,17644.0,17801.0,17972.0,18211.916666666668,17942.427301344524,303.92857142857144,30.40816326530613,-199.2042178026495,-136.9240515581971,-62.2801662444524,18575.12693959329,17368.87306040671,17972.0,1206.253879186581,23.27057562082913,27.303151388440458,15.205424085606474,-89.78102189781022,-117.22024467381466,0.0,44936.85,-1076237,77063.9,-1459.0,-2.06759725076171
2024-09-24,17549.0,17689.5,17944.5,18206.833333333332,17882.672320264093,302.85714285714283,32.07547169811322,-223.72245551281958,-154.2837323491216,-69.43872316369797,18614.605254890295,17274.394745109705,17944.5,1340.2105097805907,21.24848410564236,25.284928960841093,13.175594395244886,-88.32116788321167,-94.97727115104206,9.433850820752799,43940.35,-1039482,76341.35,-2788.0,-4.03438196393946
2024-09-25,17409.0,17577.5,17892.75,18193.25,17787.17971833418,321.42857142857144,19.88304093567251,-275.0832120605264,-178.44362829140258,-96.63958376912385,18715.028445604206,17070.471554395794,17892.75,1644.5568912084127,15.687094521327273,22.08565081433649,2.889981935308839,-96.76470588235294,-110.2120326951491,0.0,45214.7,-1105264,75830.9,372.0,0.5609336831629452
2024-09-26,17211.0,17461.5,17838.25,18176.583333333332,17692.210221349975,325.0,19.691119691119695,-319.36775679664424,-206.62845399245091,-112.73930280419333,18797.214765282144,16879.285234717856,17838.25,1917.9295305642881,12.49590872018616,18.88907011628638,-0.29041407201427916,-96.1218836565097,-111.21176026065154,0.0,45552.0,-1146077,74936.25,-7680.0,-11.515969410706251
2024-09-27,17032.0,17374.0,17775.75,18160.083333333332,17614.85686693569,321.42857142857144,23.121387283237,-343.2446194041804,-233.95168707479684,-109.29293232938358,18814.287813213217,16737.212186786783,17775.75,2077.0756264264346,13.05036982525685,16.942836685943202,5.2654361038841415,-90.7514450867052,-89.66946461295055,12.082354310671882,44975.35,-1105317,73410.3,-10417.0,-17.652940179630573
2024-09-30,16985.0,17314.5,17721.0,18146.833333333332,17562.013355798957,339.64285714285717,23.85496183206108,-343.68096908924053,-255.8975434776856,-87.78342561155495,18790.351008297734,16651.648991702266,17721.0,2138.7020165954673,18.729745075244978,17.538472815710463,21.112289594314007,-77.63157894736842,-64.05152898501937,15.348748777749636,44955.25,-1067339,71418.3,-9825.0,-20.21896157882823
2024-10-08,16979.0,17264.0,17672.5,18137.5,17535.631131437152,326.7857142857143,35.196687370600415,-322.1575283115635,-269.1495404444612,-53.007987867102315,18727.769982915328,16617.230017084672,17672.5,2110.539965830656,29.15316338349665,21.410036338305858,44.63941747387824,-58.608058608058606,-43.54557380353062,57.15660078192533,43894.7,-1042176,69215.0,-4698.0,-12.118241848947587
2024-10-09,17124.0,17266.5,17644.25,18132.0,17542.2376903479,334.2857142857143,43.57541899441341,-276.09605729416216,-270.5388438144014,-5.557213479760776,18673.369577728055,16615.130422271945,17644.25,2058.239155456111,45.54163694592992,29.45390320751388,77.71710442276202,-32.44274809160305,-12.448536048602731,88.04226897419178,42749.7,-1018771,66807.05,-1983.0,-5.820369826827121
2024-10-10,16892.0,17051.5,17504.5,18091.25,17360.119815076672,441.7857142857143,26.203807390817474,-394.41147393529536,-295.31336983858023,-99.09810409671513,18809.364985957916,16199.635014042082,17504.5,2609.7299719158345,30.52859548489131,29.81213396663969,31.961518521394545,-99.55456570155901,-136.83589428898762,24.007059822878276,42396.05,-1063977,65974.6,30382.0,94.68632156324992
2024-10-11,16571.0,16801.5,17350.25,18054.0,17161.53697554556,457.85714285714283,24.788135593220346,-510.9331083528741,-338.43731754143903,-172.49579081143509,18929.765165452598,15770.734834547402,17350.25,3159.030330905196,20.91380049869947,26.846022810659615,9.049355874779174,-98.47036328871893,-130.08203306385263,18.788612524069062,42572.3,-1111149,65345.9,4786.0,7.661400054426992
2024-10-14,16213.0,16599.0,17200.0,18011.083333333332,16981.390596922174,458.2142857142857,22.549019607843135,-596.8012480435355,-390.1101036418583,-206.69114440167715,18969.412629273225,15430.587370726775,17200.0,3538.8252585464506,15.308653884378883,23.00023316856604,-0.07450468399543553,-96.26865671641791,-114.65870091637075,11.96560083439135,41776.4,-1148907,64747.6,1824.0,2.712066017396486
2024-10-15,15831.0,16405.0,17047.25,17970.083333333332,16828.40101626292,448.92857142857144,25.418060200668904,-648.8996338633624,-441.8680096861592,-207.03162417720318,18895.291566518175,15199.208433481823,17047.25,3696.0831330363526,13.00631570434002,19.668927347157368,-0.318907581294674,-92.35074626865672,-95.97030524646296,23.977846018532546,41459.2,-1114084,64194.4,-970.0,-1.4041894063318794
2024-10-16,15366.0,16245.0,16911.25,17920.666666666668,16680.934252809308,443.57142857142856,21.46118721461187,-689.9009374673478,-491.47459524239696,-198.42634222495087,18861.580268927482,14960.919731072518,16911.25,3900.660537854965,10.173609376663839,16.50382135699286,-2.486814583994203,-95.8955223880597,-85.56197276296179,7.411008801284263,39899.15,-1140316,63590.35,-250.0,-0.3670586853426139
2024-10-17,15258.0,16075.0,16768.25,17868.416666666668,16529.416704922707,453.92857142857144,20.591456736035042,-729.3190421432082,-539.0434846225593,-190.27555752064893,18814.91423081174,14721.585769188257,16768.25,4093.3284616234832,7.494380361141589,13.50067435837577,-4.518207633326771,-97.86407766990291,-82.03954970203812,3.769576965530604,40124.1,-1182026,63318.55,4611.0,6.7949719270840925
2024-10-18,15234.0,15902.5,16638.25,17817.0,16398.519875882448,427.5,24.216867469879517,-746.7056592864756,-580.5759195553426,-166.129739731133,18750.263942836755,14526.236057163245,16638.25,4224.027885673509,7.5651758798588045,11.522174865536783,-0.34882209149715493,-92.29323308270676,-75.21499584480418,18.94863115425667,38971.95,-1141258,62847.25,-3430.0,-4.73299296260522
2024-10-21,15226.0,15719.5,16517.0,17765.25,16287.232268655549,424.64285714285717,25.208085612366233,-745.8352805891918,-613.6277917621125,-132.20748882707937,18661.428276156363,14372.571723843635,16517.0,4288.856552312727,8.552222516397098,10.53219074915689,4.592286050877515,-89.47368421052632,-62.87959583597407,23.098713724818094,38491.4,-1108574,62525.5,1109.0,1.6063151796060327
2024-10-22,15215.0,15523.0,16393.5,17714.0,16195.114909735972,398.92857142857144,29.792746113989637,-729.4743254207897,-636.7970984938479,-92.67722692694178,18513.602033294377,14273.397966705623,16393.5,4240.204066588754,15.979259455375841,12.34788031789654,23.242017730334446,-86.09022556390977,-54.291644220161714,42.294003665734074,38492.65,-1077203,62285.05,-1082.0,-1.5424311109210387
2024-10-23,15236.0,15301.0,16283.75,17659.25,16117.961108808737,402.85714285714283,31.681877444589304,-703.1576303410329,-650.069204863285,-53.08842547774793,18372.2570845236,14195.2429154764,16283.75,4177.014169047201,28.89183334760905,17.86253132780071,50.95043738722573,-83.64661654135338,-45.18538582661875,48.252866863769135,38243.6,-1034751,62090.4,522.0,0.755787858166701
2024-10-24,15305.0,15281.5,16166.5,17605.083333333332,16052.917193684096,400.0,30.961791831357047,-670.5373406877661,-654.1628320281812,-16.374508659584876,18162.575359826194,14170.424640173806,16166.5,3992.150719652389,48.39035136086849,28.0384713388233,89.09411140495888,-81.76691729323308,-38.10608396410941,45.1198752362278,37976.45,-1002200,61899.85,-1885.0,-2.7087614421819506
2024-10-25,15317.0,15275.5,16038.5,17547.333333333332,15973.115556190372,391.42857142857144,25.945241199478488,-654.8885400683939,-654.3079736362238,-0.5805664321701443,17925.625633839663,14151.374366160338,16038.5,3774.251267679325,48.17615015649491,34.75103094471383,75.02638858005707,-90.0375939849624,-41.11392915347958,23.293566197411526,38747.2,-1044090,61943.15,3727.0,5.5048446177478505
2024-10-28,15301.0,15263.5,15931.25,17490.083333333332,15894.723598457957,379.64285714285717,20.95238095238095,-640.3501516621254,-651.5164092414041,11.166257579278636,17760.629748209187,14101.870251790815,15931.25,3658.759496418372,44.12944544967529,37.87716911303431,56.63399812295722,-92.4812030075188,-44.41372755510368,1.5703307040296723,37664.25,-1072102,62048.25,-223.0,-0.3121893855608904
2024-10-29,15268.0,15241.5,15823.25,17437.5,15824.273731938152,368.2142857142857,13.541666666666657,-621.2633783904093,-645.4658030712052,24.202424680795843,17561.42894724093,14085.07105275907,15823.25,3476.3578944818582,41.731942612095835,39.162093612721485,46.87164061084454,-82.91666666666667,-40.3400672446093,0.0,37334.1,-1041950,62380.95,1764.0,2.477249747219412
2024-10-30,15243.0,15239.5,15742.25,17383.416666666668,15770.533376515472,238.57142857142858,37.58389261744966,-590.8533608311955,-634.5433146232033,43.68995379200783,17423.122189010657,14061.377810989341,15742.25,3361.744378021316,46.439913693349176,41.588033639597384,56.14367380085275,-61.0062893081761,-30.331996190717028,99.99999999999999,36098.95,-1000871,62726.65,632.0,0.8660856218823731
2024-10-31,15191.0,15248.0,15661.5,17327.583333333332,15713.815912085427,215.71428571428572,45.90163934426229,-567.0751036457004,-621.0496724277027,53.97456878200228,17284.616236068596,14038.383763931406,15661.5,3246.2324721371897,39.848831351121675,41.00829954343881,37.529894966487404,-59.45945945945946,-28.31963050549147,100.0,35775.1,-1035207,63456.6,5.0,0.006793109070168946
2024-11-01,15222.0,15269.5,15586.0,17272.5,15681.071539505861,221.42857142857142,53.54609929078014,-526.4274650685093,-602.125230955864,75.69776588735476,17107.78081276683,14064.219187233171,15586.0,3043.561625533657,49.89922090074778,43.97193999587513,61.753782710493084,-24.324324324324323,-20.881438365656553,100.0,36015.35,-989642,64822.65,2305.0,3.1314105612085585
2024-11-04,15285.0,15293.0,15506.25,17220.166666666668,15660.493297648161,221.07142857142858,53.214285714285715,-481.0035036183617,-577.9008854883637,96.89738187000194,16860.766324628174,14151.733675371825,15506.25,2709.032649256349,58.34259986655356,48.762159952767945,77.50347969412479,-20.76923076923077,-2.4589999225115737,99.17055797388208,36936.65,-933238,66703.35,468.0,0.6164870774824083
2024-11-05,15323.0,15295.5,15409.25,17159.833333333332,15630.446316919764,221.07142857142858,52.280701754385966,-449.5060579965284,-552.2219199899966,102.71586199346825,16474.368105633068,14344.131894366932,15409.25,2130.236211266136,56.63206963580635,51.38546318044742,67.12528254652423,-39.23076923076923,-3.4073564240765863,96.83685668464791,37406.6,-967800,68835.2,325.0,0.4254929171794375
2024-11-06,15330.0,15286.5,15293.75,17095.166666666668,15598.499048641692,210.35714285714286,57.976653696498055,-423.6945999395757,-526.5164559799125,102.8218560403368,15550.734025716953,15036.765974283047,15293.75,513.9680514339052,52.433612173106376,51.73484617800041,53.8311441633183,-46.92307692307692,-3.546148792892533,100.0,38109.7,-1005267,71018.95,-945.0,-1.231960577261526
2024-11-07,15398.0,15294.5,15288.0,17036.333333333332,15590.546758294864,211.42857142857142,62.50000000000001,-381.09366157655313,-497.4318970992407,116.33823552268757,15516.919659545272,15059.080340454728,15288.0,457.83931909054445,63.090298023661134,55.519996793220656,78.23090048454208,-15.596330275229358,73.99877797981634,100.0,38116.95,-959916,71640.4,-864.0,-1.1404133998574428
2024-11-08,15404.0,15313.0,15294.25,16989.833333333332,15572.399447981066,215.0,55.74324324324325,-352.5476994792971,-468.455057575252,115.90735809595492,15528.440093727313,15060.059906272687,15294.25,468.38018745462614,63.16111611363342,58.06703656669157,73.34927520751711,-36.69724770642202,67.95674312443012,86.19896492236917,37556.8,-995885,71927.45,-1902.0,-2.5394536569734893
2024-11-11,15410.0,15347.5,15305.5,16943.916666666668,15565.02807198287,222.85714285714286,55.892255892255896,-318.5866442808274,-438.4813749163671,119.8947306355397,15555.845025073308,15055.154974926692,15305.5,500.69005014661525,68.57799897771639,61.57069070369984,82.5926155257495,-19.26605504587156,55.0202944177158,86.50333118418224,37548.85,-958286,72042.35,-1619.0,-2.2179297495753203
2024-11-12,15479.0,15401.0,15321.25,16896.333333333332,15576.930160365453,222.14285714285714,59.44272445820433,-272.79280736714645,-405.343661406523,132.55085403937653,15624.1287320295,15018.3712679705,15321.25,605.7574640589992,78.5055512310459,67.21564421281519,101.08536526750731,-1.550387596899225,112.5051182889209,93.75535208484288,38322.35,-907993,72278.1,1447.0,2.0272636843801317
2024-11-13,15550.0,15440.0,15339.75,16847.25,15583.8891927116,221.78571428571428,56.69781931464174,-236.9965783622156,-371.6742447976616,134.67766643544599,15675.44213652739,15004.05786347261,15339.75,671.3842730547804,81.05498287197932,71.82875709920324,99.50743441753147,-13.138686131386862,105.93845986886639,88.14873732352355,38789.35,-943565,72425.25,-2022.0,-2.7765571789519994
2024-11-14,15505.0,15451.5,15349.75,16793.333333333332,15555.899745786686,233.57142857142858,52.14899713467049,-234.96823280721583,-344.3330423995725,109.36480959235666,15665.435969879807,15034.064030120193,15349.75,631.3719397596142,58.753636380061685,67.47038352615606,41.32014208787294,-65.94202898550725,29.502967818579414,78.85752606230567,40136.2,-1012212,72606.0,5283.0,7.4616536256038035
2024-11-15,15469.0,15436.5,15353.0,16733.833333333332,15523.909293807,233.21428571428572,51.99999999999999,-236.28541810962452,-322.7235175415829,86.43809943195839,15661.50061844177,15044.49938155823,15353.0,617.0012368835414,43.09065954749211,59.34380886660141,10.5843609092735,-76.08695652173913,-42.98378251977666,78.55319148936168,39936.9,-1048994,72712.85,-4908.0,-6.450680160346978
2024-11-18,15426.0,15418.0,15355.5,16676.333333333332,15500.679837253952,235.0,53.46260387811634,-229.83836479260026,-304.1464869917864,74.30812219918613,15660.595325914286,15050.404674085714,15355.5,610.1906518285723,37.26043969832807,51.9826858105103,7.815947473963618,-70.99236641221374,-40.87276854366605,63.72869973978005,39906.1,-1016926,72773.75,190.0,0.2669401632549917
2024-11-19,15367.0,15423.0,15359.25,16623.083333333332,15490.615090848813,236.07142857142858,53.71900826446281,-212.99422484572824,-285.9160345625748,72.92180971684655,15664.351794919607,15054.148205080393,15359.25,610.2035898392132,39.506959798885376,47.82411047330199,22.872658450052143,-53.43511450381679,0.48060730472258634,47.09723497602283,39978.05,-984116,72713.75,-3500.0,-4.904227444056774
2024-11-20,15347.0,15448.5,15367.5,16573.833333333332,15496.27079648226,234.64285714285714,59.94694960212202,-185.00529212557922,-265.7338860751757,80.72859394959647,15684.234988012986,15050.765011987014,15367.5,633.4699760259718,49.271306532590245,48.306509159731405,51.200901278307924,-29.770992366412212,53.08487045881924,75.68523430592396,39436.3,-952499,72632.55,98.0,0.1444000766204434
2024-11-21,15390.0,15447.5,15371.0,16525.583333333332,15497.102149198236,225.0,53.89048991354467,-164.558062306367,-245.49872132141397,80.94065901504698,15692.388435255218,15049.611564744782,15371.0,642.7768705104354,53.38087102172683,49.99796311372988,60.14668683772075,-38.4,48.77842360742379,18.004665843282613,39228.1,-980886,72664.7,382.0,0.5620539983815176
2024-11-22,15455.0,15462.0,15387.5,16482.083333333332,15501.663849274595,218.57142857142858,52.38095238095237,-143.47196415961844,-225.09336988905488,81.62140572943645,15709.050519890907,15065.949480109093,15387.5,643.1010397818136,58.25391401448455,52.749946747314766,69.2618485488241,-32.0,53.893376737830884,3.628117913832182,38600.6,-951546,72432.05,-1569.0,-2.295638433288949
2024-11-25,15501.0,15463.5,15405.5,16436.25,15502.4577683913,218.57142857142858,55.17241379310345,-128.10853154709912,-205.69640222066374,77.58787067356462,15710.974609161078,15100.025390838922,15405.5,610.9492183221555,59.635942676323026,55.04527872365085,68.81727058166737,-37.6,52.602997066438476,30.21346469622338,38693.4,-981414,72267.7,1143.0,1.7116415585971323
2024-11-26,15472.0,15419.5,15410.25,16392.666666666668,15478.414171401651,232.14285714285714,48.75346260387812,-135.35246859943254,-191.62761549641752,56.27514689698498,15701.968591869138,15118.531408130862,15410.25,583.437183738275,46.690628450882016,52.260395299394574,35.551094753856916,-79.2,-23.651796738975516,0.0,39499.2,-1027682,72158.95,2876.0,4.234331061085683
2024-11-27,15429.0,15388.0,15414.0,16349.666666666666,15464.755678887208,220.35714285714286,44.61077844311377,-132.70481280169224,-179.84305495747248,47.13824215578023,15699.447017850962,15128.552982149038,15414.0,570.8940357019237,44.15738866422437,49.55939308767117,33.35337981733079,-65.6,-43.32694830337578,0.0,38673.75,-1003112,71744.45,-5483.0,-7.744678446826847
2024-11-28,15364.0,15377.0,15414.25,16304.666666666666,15437.63609042176,225.71428571428572,43.567251461988306,-141.48280540686392,-172.17100504735077,30.688199640486857,15698.823087457811,15129.676912542189,15414.25,569.1461749156224,35.995636158663245,45.03814077800187,17.910626919986,-82.48175182481752,-80.79827450739394,0.0,39100.65,-1045986,71415.75,1721.0,2.6349634075389705
2024-11-29,15270.0,15362.5,15399.5,16253.75,15403.099319905403,216.78571428571428,37.7906976744186,-155.12387875385684,-168.761579788652,13.637701034795157,15721.809103028048,15077.190896971952,15399.5,644.6182060560968,25.84894262429402,38.64174139343258,0.26334508601689777,-95.0354609929078,-102.2933207434216,0.0,38748.75,-1084513,70730.4,-4828.0,-7.2022078018945335
2024-12-02,15132.0,15316.5,15367.25,16198.166666666666,15347.566051342983,219.64285714285714,25.561797752809,-184.38541623365018,-171.88634707765164,-12.49906915599854,15778.710492443823,14955.789507556177,15367.25,822.9209848876453,18.36899205255965,31.884158279808272,-8.661340401937586,-96.8586387434555,-130.92889837350484,0.0,38062.15,-1127185,70050.0,567.0,0.9114729853553438
2024-12-03,15029.0,15250.5,15336.75,16139.5,15289.226427405556,225.0,24.93150684931507,-211.9904907123073,-179.90717580458278,-32.083314907724514,15836.18415350196,14837.31584649804,15336.75,998.8683070039187,15.320428358664362,26.3629149727603,-6.764544869527512,-91.4027149321267,-129.1084089703146,0.0,38068.0,-1161864,69092.25,-5222.0,-8.318730684678366
2024-12-04,14907.0,15168.0,15308.25,16082.083333333334,15235.490577176455,202.85714285714286,30.847457627118644,-232.00027281709845,-190.32579520708592,-41.67447761001253,15877.841497201476,14738.658502798524,15308.25,1139.1829944029523,12.964427967264914,21.89675263759517,-4.9002213733955955,-91.74757281553399,-107.75015299428267,16.895261955039345,37655.55,-1191082,68044.0,-2755.0,-4.786975257158743
2024-12-05,14818.0,15091.0,15269.25,16020.583333333334,15187.824807921555,207.5,32.86219081272084,-244.23585397820716,-201.10780696131016,-43.128047016897,15884.240586149608,14654.259413850392,15269.25,1229.9811722992163,14.39516436755714,19.39622321424916,4.3930466741730925,-82.7433628318584,-99.72184099215325,22.64910376656603,36857.45,-1161693,66858.5,-3609.0,-6.586126977754258
2024-12-06,14727.0,14998.5,15230.25,15958.25,15133.746254786169,209.64285714285714,27.551020408163268,-260.21261011322713,-212.92876759169354,-47.283842521533586,15906.232520795516,14554.267479204484,15230.25,1351.9650415910328,12.173265778049366,16.988570735515896,2.542655863116302,-92.92035398230088,-87.90417130084678,7.481023665303244,36195.25,-1184418,65662.6,-2110.0,-4.1220598577791705
2024-12-09,14685.0,14908.5,15186.0,15897.166666666666,15083.865659092247,213.92857142857142,21.24542124542124,-270.56234657099776,-224.4554833875544,-46.10686318344335,15903.595399856176,14468.404600143824,15186.0,1435.1907997123526,14.67579420664284,16.217645225891545,11.592092168145427,-85.14056224899599,-88.48615742395307,0.0,35758.4,-1213280,64413.0,-2693.0,-5.487183666816087
2024-12-10,14669.0,14849.0,15134.25,15834.25,15043.021310607272,217.14285714285714,14.342629482071715,-271.99803927641915,-233.96399456532737,-38.03404471109178,15848.077894634205,14420.422105365795,15134.25,1427.6557892684104,17.939891173222883,16.791727208335324,20.236219102998,-81.52610441767068,-68.66428103892244,0.0,34467.0,-1188815,62872.75,-4366.0,-9.412525600948584
2024-12-11,14643.0,14775.0,15081.5,15777.5,15000.35261435896,219.28571428571428,14.173228346456682,-274.8095017746691,-242.13309600719572,-32.6764057674734,15790.762775147923,14372.237224852077,15081.5,1418.5255502958462,19.178611100619925,17.587355172430193,22.361122956999388,-86.34538152610442,-66.95034982569159,0.0,33659.75,-1208242,61308.15,-2509.0,-5.971108308146311
2024-12-12,14575.0,14696.5,15036.75,15718.25,14942.699984420013,226.07142857142858,9.790209790209786,-289.8348982986572,-251.67345646548802,-38.16144183316919,15801.398353992321,14272.101646007679,15036.75,1529.2967079846421,14.174629622635507,16.4497799891653,9.62432888957592,-97.70114942528735,-78.95804291146409,0.0,31612.2,-1235938,59176.0,-6068.0,-15.358137180460641
2024-12-13,14526.0,14626.5,14994.5,15661.916666666666,14888.633319237153,222.85714285714286,9.89399293286219,-299.89941240379267,-261.31864765314896,-38.58076475064371,15808.314281154204,14180.685718845796,14994.5,1627.6285623084077,14.491769888479695,15.797109955603432,11.881089754232221,-93.02325581395348,-79.33577908173139,0.2663615975512097,30670.3,-1253882,57136.2,-3061.0,-9.153160696130612
2024-12-16,14189.0,14437.0,14876.75,15583.083333333334,14701.620622166949,304.2857142857143,5.374280230326292,-420.03657402571844,-293.0622329276629,-126.97434109805556,16096.751186366984,13656.748813633016,14876.75,2440.0023727339685,10.426486048102111,14.006901986436326,3.265654171433681,-98.18913480885311,-159.36820391632668,0.0,30678.2,-1286108,57323.05,44723.0,147.20713603897173
2024-12-17,13834.0,14251.5,14751.0,15501.25,14528.132943865334,305.7142857142857,2.1442495126705694,-512.9641328574198,-337.0426129136143,-175.92151994380555,16235.805852983021,13266.194147016979,14751.0,2969.611705966043,7.379439713302008,11.797747895391554,-1.4571766508770843,-99.00398406374502,-126.37102101734095,0.0,30249.75,-1310349,57753.3,1368.0,1.8214742224115898
2024-12-18,13472.0,14057.5,14612.75,15421.333333333334,14362.120282544825,300.35714285714283,2.19560878243513,-587.5032272941389,-387.13473578971923,-200.3684915044197,16287.11232952319,12938.38767047681,14612.75,3348.72465904638,6.495670604770291,10.030388798517802,-0.5737657827247276,-96.03960396039604,-109.7589621145542,0.14407962760136622,30899.7,-1354965,58275.5,1937.0,2.532953237786373
2024-12-19,13105.0,13840.0,14465.5,15334.333333333334,14190.489779445317,307.5,2.095238095238088,-657.1563271828036,-441.1390540683361,-216.01727311446746,16317.985954204869,12613.014045795131,14465.5,3704.971908409738,4.630747370147161,8.230508322394256,-2.5687745343470283,-99.21414538310412,-100.57174588303165,0.0,31745.2,-1400262,59009.75,4623.0,5.896006835949952
2024-12-20,12764.0,13645.0,14321.75,15249.25,14045.681229021953,301.07142857142856,6.653225806451616,-695.4639544211259,-492.0040341388941,-203.4599202822318,16265.47478829478,12378.02521170522,14321.75,3887.449576589559,5.526189303675343,7.329068649487952,1.920430612050124,-93.05263157894737,-88.00204230524494,14.814556882078008,32152.55,-1362775,59647.25,-3504.0,-4.2200597360054
2024-12-23,12727.0,13458.0,14183.25,15173.333333333334,13921.330635781767,297.85714285714283,9.53346855983773,-711.9674919506251,-535.9967257012403,-175.97076624938484,16164.858264968,12201.641735032,14183.25,3963.2165299359986,7.2206198066639224,7.292919035213275,7.076021349565217,-89.93576017130621,-74.6650486913767,24.176038923650065,32558.8,-1324782,60340.4,2256.0,2.8367367468061566
2024-12-24,12732.0,13283.0,14066.0,15099.833333333334,13824.53724189779,299.2857142857143,15.26717557251908,-703.6216311324188,-569.521706787476,-134.0999243449428,16059.314087802419,12072.685912197581,14066.0,3986.6281756048375,11.178106124092574,8.58798139817304,16.358355575931643,-82.57080610021787,-60.63059453894383,42.81196645710149,32531.2,-1279066,60738.8,-3019.0,-3.69143108676514
2024-12-25,12734.0,13103.0,13939.0,15031.75,13726.486076002762,295.0,14.338235294117652,-697.839299937159,-595.1852254174125,-102.65407451974647,15915.476396866006,11962.523603133994,13939.0,3952.9527937320127,12.460706327978814,9.878889708108298,17.624339567719847,-87.36383442265796,-57.53941182764529,48.09515201056374,33099.7,-1315006,61524.05,2254.0,2.861677140862051
2024-12-26,12764.0,12934.5,13815.5,14963.75,13629.677878288214,291.7857142857143,14.498141263940525,-692.1370256395949,-614.575585461849,-77.56144017774591,15774.070638850799,11856.929361149201,13815.5,3917.1412777015976,19.791731389520887,13.183170268579161,33.008853631404335,-90.9090909090909,-55.14995445196074,64.76649894903912,32678.1,-1349448,62372.0,2975.0,3.671978177958257
2024-12-27,12787.0,12775.5,13701.0,14895.5,13549.23236607029,283.57142857142856,16.87840290381125,-673.7989244020191,-626.420253249883,-47.37867115213612,15616.827703493635,11785.172296506365,13701.0,3831.655406987269,33.052643621382714,19.80632805284701,59.54527475845412,-87.58314855875831,-48.91674481669702,99.99999999999999,32347.55,-1317532,63362.2,-1983.0,-2.3608829202085846
2024-12-30,12802.0,12764.5,13600.75,14824.75,13479.305474063596,278.57142857142856,16.423357664233563,-649.3596835531862,-631.0081393105437,-18.35154424264249,15479.50735807643,11721.99264192357,13600.75,3757.5147161528585,46.066103499526456,28.559586535073493,81.07913742843238,-86.00451467268623,-42.97037993870723,96.92186858855965,31773.75,-1286336,64262.7,-1227.0,-1.496140761605147
2024-12-31,12781.0,12756.5,13504.0,14750.0,13414.609714628967,275.35714285714283,16.69758812615956,-624.0086010242903,-629.608231653293,5.599630629002718,15335.518208309279,11672.481791690721,13504.0,3663.0364166185573,53.57895272061454,36.899375263587174,86.93810763466925,-85.91885441527447,-37.5969961225704,98.77688722277634,31719.05,-1319921,65330.4,-1878.0,-2.3247177658942353
2025-01-02,12840.0,12787.0,13422.25,14674.75,13383.694503711922,279.64285714285717,26.57091561938958,-573.9015295156187,-618.4668912257582,44.56536171013954,15168.257400358107,11676.242599641893,13422.25,3492.0148007162134,68.77014927137014,47.52296659951483,111.26451461508077,-69.68911917098445,-23.995947772660553,100.0,33464.2,-1255800,66525.65,-204.0,-0.25853547258763987
2025-01-03,12888.0,12826.0,13333.0,14630.083333333334,13342.390265263168,284.64285714285717,25.473321858864026,-539.2717552052272,-602.627864021652,63.35610881642481,14975.90948592653,11690.09051407347,13333.0,3285.8189718530593,68.84676618091343,54.63089979331436,97.27849895611156,-25.833333333333332,-21.734761268411933,95.51557353440982,34468.5,-1305275,67716.65,-3694.0,-4.693654544992498
2025-01-06,12932.0,12859.5,13252.25,14592.25,13310.25785904763,196.42857142857142,52.64900662251655,-501.60715419047665,-582.423722055417,80.81656786494034,14783.797119401612,11720.702880598388,13252.25,3063.0942388032236,67.05169027445511,58.771163287027946,83.61274424930946,-27.536231884057973,-13.885466364188828,100.0,36072.05,-1250479,69186.15,3460.0,4.612841296928338
2025-01-07,12923.0,12862.5,13160.25,14550.583333333334,13258.804729614523,205.35714285714286,46.76470588235294,-485.12796930210425,-562.9645715047544,77.83660220265017,14564.122370117368,11756.377629882632,13160.25,2807.744740234735,50.790870439380335,56.11106567114541,40.150479975850175,-61.594202898550726,-23.950948410716617,88.36031237317455,36955.9,-1297018,70621.35,-3379.0,-4.306213998062902
2025-01-08,12942.0,12861.5,13072.25,14509.25,13224.156660127426,199.28571428571428,53.17919075144508,-456.7168931724427,-541.7150358382921,84.9981426658494,14289.90726316001,11854.59273683999,13072.25,2435.3145263200204,47.96314439548432,53.39509191259172,37.099249361269514,-43.47826086956522,-18.768081221977507,100.00000000000001,37336.75,-1264936,72158.75,-2322.0,-3.092330434551005
2025-01-09,12856.0,12848.0,12975.5,14465.583333333334,13170.427454401006,203.57142857142858,52.87356321839081,-447.999190869461,-522.971866844526,74.97267597506493,13970.9364290152,11980.0635709848,12975.5,1990.8728580304014,35.33677413480468,47.37565265332937,11.259017097755304,-77.53623188405797,-25.623888083328392,99.34310328992508,38769.75,-1313023,73923.4,2036.0,2.79797160800912
2025-01-10,12818.0,12853.0,12893.75,14426.75,13131.339125410434,200.35714285714286,52.601156069364166,-428.0864703657626,-503.9947875487733,75.9083171830107,13634.239702831854,12153.260297168146,12893.75,1480.9794056637074,32.52143485737679,42.42424672134518,12.715811129440013,-73.10924369747899,-22.088978518037507,98.67562122229688,38960.9,-1281504,75737.75,-5074.0,-6.78315040840608
2025-01-13,12805.0,12868.5,12822.0,14389.833333333334,13113.116351561821,203.92857142857142,55.434782608695656,-393.247883414253,-481.84540672186927,88.59752330761626,13077.309925178683,12566.690074821317,12822.0,510.61985035736507,40.72857561920357,41.85902302063131,38.46768081634808,-42.857142857142854,17.290539913029004,100.0,40026.75,-1242243,77602.85,-2046.0,-2.9342167534311403
2025-01-14,12855.0,12889.0,12826.75,14353.0,13104.248127603552,202.14285714285714,53.276353276353284,-355.089470464618,-456.494219470419,101.40474900580102,13093.411129328488,12560.088870671512,12826.75,533.3222586569755,50.681795510841596,44.79994718403474,62.4454921644553,-29.41176470588235,74.09464366270802,94.74790591087752,40121.2,-1208128,77051.25,-3611.0,-5.33516540342479
2025-01-15,12872.0,12907.0,12831.75,14314.0,13092.414972593691,203.92857142857142,55.48961424332345,-324.3375575215741,-430.06288708065006,105.72532955907593,13106.250023967033,12557.249976032967,12831.75,549.000047934067,55.07637908005686,48.22542448270878,68.77828827475302,-36.134453781512605,62.455590348127366,100.0,40409.5,-1238135,76472.75,830.0,1.2954176551379648
2025-01-16,12931.0,12893.5,12840.25,14273.5,13079.327832346673,202.5,57.53846153846154,-298.5423259277759,-403.75877485007527,105.21644892229938,13119.147736398898,12561.352263601102,12840.25,557.7954727977958,56.605541235444065,51.01879673362055,67.7790302390911,-40.33613445378151,51.2543813258172,100.00000000000001,39560.6,-1265773,75685.65,-2235.0,-3.443653508366462
2025-01-17,12970.0,12894.0,12860.0,14232.166666666666,13067.487086408895,210.35714285714286,55.48387096774194,-274.9301948964203,-377.9930588593443,103.06286396292398,13109.757777393275,12610.242222606725,12860.0,499.51555478655064,61.88668735424162,54.64142694049424,76.37720818173639,-40.33613445378151,46.48044861189661,95.00283259163193,39195.25,-1265773,74733.7,1326.0,2.115946191775575
2025-01-20,12953.0,12879.0,12869.25,14192.833333333334,13047.250221036618,214.28571428571428,51.23456790123458,-261.274762380157,-354.64939956350685,93.37463718334988,13102.539406892873,12635.960593107127,12869.25,466.5788137857453,58.604730345004626,55.962528075331036,63.88913488435182,-57.142857142857146,-9.648135368727047,84.56474333056717,39060.6,-1300567,73813.1,-2877.0,-4.495804228587497
2025-01-21,12945.0,12900.0,12881.25,14156.666666666666,13040.845438080749,219.64285714285714,55.202312138728324,-237.62706154969237,-331.24493196074394,93.61787041105157,13111.21281163886,12651.28718836114,12881.25,459.92562327771884,64.9201603660575,58.94840550557319,76.86367008702612,-36.134453781512605,30.40018722147488,92.71436387592078,39133.1,-1261124,72747.05,-653.0,-1.068459977747238
2025-01-22,12936.0,12904.0,12882.75,14119.666666666666,13030.764920168296,206.07142857142858,44.78114478114478,-219.9814035024665,-308.99222626908846,89.01082276662197,13113.754101125607,12651.745898874393,12882.75,462.00820225121424,64.8710160016141,60.92260900425349,72.76782999633531,-43.69747899159664,27.533828289667422,60.21437335127526,37866.65,-1281511,71643.9,-3761.0,-6.220333096273755
2025-01-23,12945.0,12938.0,12893.0,14082.0,13027.834927771317,203.21428571428572,51.773049645390074,-198.46436197256116,-286.88665340978304,88.42229143722187,13125.79536982194,12660.20463017806,12893.0,465.59073964388153,68.46101921475127,63.43541240775275,78.51223282874832,-32.773109243697476,54.903565558076586,54.80701778636323,37994.1,-1243022,70285.45,-2852.0,-5.0298049451518505
2025-01-24,12949.0,12959.5,12906.25,14045.333333333334,13022.803029888335,201.07142857142858,48.913043478260875,-181.3388808653981,-265.777098900906,84.43821803550793,13124.927243539682,12687.572756460318,12906.25,437.354487079363,67.20930692748124,64.69337724766224,72.24116628711923,-24.242424242424242,35.43204133348717,32.388462054501446,37886.25,-1275307,68321.35,-9138.0,-16.96935933147632
2025-01-27,12985.0,12969.0,12918.75,14006.416666666666,13023.964646089446,198.92857142857142,60.995850622406635,-161.06861639835552,-244.83540240039594,83.76678600204042,13136.824709554721,12700.675290445279,12918.75,436.14941910944253,66.26214331563884,65.21629927032112,68.35383140627428,-26.271186440677965,76.21930109719885,100.0,37495.65,-1251203,66088.35,-7361.0,-16.4631418858472
2025-02-05,13066.0,13005.5,12947.25,13971.75,13058.348965509498,216.42857142857142,67.13286713286713,-115.43158735553516,-218.9546393914238,103.52305203588864,13243.284759694492,12651.215240305508,12947.25,592.0695193889842,75.51804579251544,68.65021477771921,89.25370782210788,-4.848484848484849,140.14401505264425,100.0,37563.95,-1218641,63861.2,-1110.0,-2.9718079837219857
2025-02-06,13123.0,13029.5,12968.25,13936.333333333334,13073.744302127641,209.64285714285714,70.58823529411765,-91.52301374813396,-193.46831426276583,101.94530051463187,13279.500026421487,12656.999973578513,12968.25,622.5000528429737,73.47969221988592,70.26004059177478,79.9189954761082,-26.451612903225808,101.46639864630824,99.99999999999999,37046.7,-1241881,61637.5,-1809.0,-4.991584117436054
2025-02-07,13136.0,13040.5,12967.0,13899.166666666666,13072.911511448818,211.42857142857142,60.777385159010606,-84.11290036628816,-171.5972314834703,87.48433111718214,13276.386489685648,12657.613510314352,12967.0,618.772979371297,64.40934705206325,68.30980941187094,56.60842233244787,-50.0,46.97011733958988,61.98389690548314,34844.3,-1261954,59358.15,-1317.0,-3.824930297397766
2025-02-10,13135.0,13042.0,12968.0,13856.75,13063.11041512036,210.35714285714286,51.127819548872175,-84.92705198602562,-154.26319558398137,69.33614359795575,13277.284403268692,12658.715596731308,12968.0,618.5688065373834,51.611651422242716,62.74375674866154,29.34744076940507,-67.91044776119404,18.281974673029076,24.592755872797852,34404.8,-1302639,59076.15,36253.0,109.47606824701799
2025-02-11,13116.0,13050.5,12964.75,13815.75,13051.385613680326,206.42857142857142,46.875,-86.99025280506794,-140.80860702819868,53.81835422313074,13273.7632853557,12655.7367146443,12964.75,618.0265707114013,39.37852784874661,54.95534711535656,8.224889315526696,-72.38805970149254,-5.011195727663415,8.113488104374516,32917.5,-1327689,58607.3,-277.0,-0.39931957098373605
2025-02-12,13041.0,13053.5,12976.75,13774.333333333334,13047.444126663151,200.35714285714286,51.14503816793893,-82.03133318688015,-129.053152259935,47.02181907305484,13272.265161246125,12681.234838753875,12976.75,591.03032249225,35.31667938454452,48.40912453841922,9.131789076795116,-61.940298507462686,6.9227344416078695,24.65947636985697,31980.3,-1299894,58392.15,1695.0,2.4532862456760007
2025-02-13,13011.0,13067.0,12985.5,13730.666666666666,13049.592305076185,196.42857142857142,54.27509293680298,-72.42498495967448,-117.72751879988289,45.30253384020841,13281.18653387633,12689.81346612367,12985.5,591.3730677526582,36.11755233823436,44.31193380502427,19.72878940465455,-52.985074626865675,25.147990717582438,36.78813832534015,31929.55,-1268827,58276.35,-335.0,-0.47325742378436786
2025-02-14,12993.0,13064.5,13001.25,13686.083333333334,13042.488276021311,192.85714285714286,50.69444444444444,-71.65163538041452,-108.51234211598923,36.86070673557471,13254.437573487383,12748.062426512617,13001.25,506.3751469747658,28.840272987394336,39.154713532480955,8.211391897221091,-67.16417910447761,4.13812932842987,22.913468917881797,31013.15,-1298586,58189.15,2608.0,3.7018637066897453
2025-02-17,13002.0,13068.5,13014.0,13648.166666666666,13039.870344971663,185.35714285714286,55.79710144927537,-67.03830866868338,-100.21753542652806,33.179226757844674,13240.288125604242,12787.711874395758,13014.0,452.5762512084839,26.528435959850192,34.945954341604036,9.693399196342511,-66.66666666666667,2.2004426439335534,42.685775301144524,30670.25,-1273925,58400.2,891.0,1.2195622715887255
2025-02-18,13024.0,13070.0,13019.5,13612.0,13040.835074021981,178.57142857142858,52.713178294573645,-59.86788678719677,-92.1476056986618,32.27971891146504,13243.551215949454,12795.448784050546,13019.5,448.1024318989075,28.211939762707146,32.70128281530508,19.233253657511284,-65.78947368421052,20.20275182234982,30.735868925020966,30160.55,-1244858,58712.7,-17.0,-0.022988505747123522
2025-02-19,13031.0,13036.0,13020.75,13574.75,13041.231733638935,180.0,54.400000000000006,-53.966640164526325,-84.51141259183471,30.544772427308388,13245.09172711808,12796.40827288192,13020.75,448.6834542361612,34.39935769126713,33.2673077739591,36.66345752588319,-66.66666666666667,4.791781242440366,31.733333333333352,29654.5,-1268852,59133.3,-1449.0,-1.9598825964048494
2025-02-20,13027.0,13019.0,13024.25,13535.666666666666,13042.066806625704,173.57142857142858,52.100840336134446,-48.32929149816482,-77.27498837310074,28.94569687493592,13248.098515507127,12800.401484492873,13024.25,447.6970310142533,41.8008296558133,36.1118150679105,53.17885883161891,-65.78947368421052,6.64659014501196,22.037652270210373,29245.55,-1247024,59557.8,908.0,1.2526902488825042
2025-02-21,13029.0,13011.0,13025.75,13492.916666666666,13036.63187266135,165.71428571428572,50.40650406504064,-48.54698936357272,-71.52938857119514,22.98239920762242,13248.041297743837,12803.458702256163,13025.75,444.58259548767455,40.18606035025235,37.46989682869111,45.61838739337482,-83.80952380952381,-6.830422831275911,14.892544274279919,29172.55,-1273202,60214.15,2402.0,3.2728362764333996
2025-02-24,13026.0,13014.0,13028.0,13451.166666666666,13033.14312288408,162.5,48.52320675105485,-46.967727128625484,-66.61705628268122,19.649329154055735,13248.176962320878,12807.823037679122,13028.0,440.35392464175675,45.18151149786938,40.040435051750535,55.463664390107056,-72.64957264957265,-38.34593638878135,6.950577306773941,29043.8,-1237787,60958.75,3091.0,4.078159221046529
2025-02-25,13018.0,13021.0,13035.75,13408.916666666666,13030.939015942738,138.92857142857142,27.81065088757397,-44.39744786046322,-62.173134598237624,17.775686737774407,13240.67039532721,12830.82960467279,13035.75,409.84079065441983,49.661237550303724,43.24736921793493,62.48897421504131,-68.22429906542057,-10.760416741346909,0.0,28367.55,-1216518,61693.75,-3069.0,-3.890473474044498
2025-02-26,12994.0,13012.5,13033.0,13365.833333333334,13020.849585852955,132.14285714285714,30.718954248366018,-48.65836925594158,-59.47018152977842,10.811812273836843,13242.495634925024,12823.504365074976,13033.0,418.9912698500484,42.87760664273122,43.12411502620036,42.384589875792955,-77.02702702702703,-44.945182035811456,8.821933458273687,27812.6,-1244862,62530.3,1378.0,1.8175582990397787
2025-02-27,12973.0,13000.0,13033.5,13327.416666666666,13013.625815771722,122.85714285714286,40.47619047619048,-49.8467450586013,-57.545494235543,7.698749176941703,13242.056441937648,12824.943558062352,13033.5,417.11288387529567,40.65403661239553,42.30075555493208,37.360598727322426,-67.6923076923077,-56.549368835357484,45.255969708244876,27676.7,-1227193,63492.7,-1244.0,-1.6115242117263007
2025-02-28,12963.0,12996.0,13030.25,13287.416666666666,13006.137642841082,111.42857142857143,46.788990825688074,-51.00747544463047,-56.2378904773605,5.230415032730029,13242.988411150773,12817.511588849227,13030.25,425.4768223015453,38.02223130481541,40.87458080489319,32.31753230465985,-67.24137931034483,-50.744594008363286,67.81260058781939,26601.8,-1244184,64628.25,611.0,0.804476629361428
2025-03-03,12988.0,13007.0,13037.75,13253.166666666666,13017.457867332409,118.57142857142857,63.12056737588653,-36.17890266508584,-52.22609291490557,16.047190249819728,13252.850343781092,12822.649656218908,13037.75,430.2006875621846,55.99331549353285,45.91415903443975,76.15162841171903,-8.064516129032258,17.481701672041392,100.0,27764.75,-1188640,66479.8,5182.0,6.7684591371586
2025-03-04,13025.0,13021.5,13045.75,13221.833333333334,13034.366641872179,130.35714285714286,63.12056737588653,-18.564734217690784,-45.493821175462614,26.92908695777183,13272.030566414462,12819.469433585538,13045.75,452.5611328289233,61.72750242524182,51.18527349804044,82.8119602796446,-26.804123711340207,73.02587539059536,100.0,30199.35,-1115844,69059.1,7194.0,8.80075358134642
2025-03-05,13054.0,13024.0,13030.0,13192.666666666666,13037.760295027208,133.57142857142858,50.0,-14.524405841895714,-39.29993810874923,24.775532266853517,13191.408276054715,12868.591723945285,13030.0,322.81655210943063,56.95922842095159,53.10992513901082,64.65783498483312,-52.577319587628864,48.31347058773688,62.84169241739956,30742.0,-1159259,71360.15,-6675.0,-7.505312749474347
2025-03-06,13083.0,13028.0,13023.5,13165.25,13042.735505024617,128.92857142857142,58.27338129496402,-9.59794451223388,-33.35953938944616,23.761594877212282,13161.458803919702,12885.541196080298,13023.5,275.9176078394048,55.1549495314935,53.79159993650505,57.881648721470384,-48.45360824742268,36.29321038015921,86.27245101945537,31086.85,-1129122,73633.15,-2370.0,-2.8810386326614923
2025-03-07,13125.0,13044.0,13027.5,13138.916666666666,13052.474980736557,130.0,59.154929577464785,-1.2413386897114833,-26.935899249499226,25.694560559787742,13174.844922938652,12880.155077061348,13027.5,294.689845877303,55.98565262883881,54.522950833949636,58.91105621861715,-37.11340206185567,73.99128768015487,88.76905358942338,31625.25,-1098281,76025.8,1076.0,1.3468182045761834
2025-03-10,13162.0,13075.0,13044.5,13115.166666666666,13077.001173047362,138.21428571428572,65.47619047619048,18.48239907653806,-17.85223958429177,36.334638660829825,13235.808513580627,12853.191486419373,13044.5,382.61702716125365,65.7959906414481,58.28063076978246,80.82671038477937,-12.962962962962964,142.07097195070278,100.0,32942.9,-1031243,76977.9,7442.0,9.191285446102171
2025-03-11,13216.0,13120.5,13070.75,13095.916666666666,13113.953442280947,146.78571428571428,71.21212121212122,46.089516710189855,-5.063888325395446,51.1534050355853,13332.711728823942,12808.788271176058,13070.75,523.9234576478848,76.6176169493712,64.39295949631205,101.06693185548949,-1.5748031496062993,139.4361019355408,100.0,34857.6,-967899,78023.05,1584.0,1.7916525279945805
2025-03-12,13284.0,13169.0,13090.75,13075.916666666666,13142.148352539903,148.21428571428572,67.30769230769232,62.80632378259361,8.510154096202367,54.29616968639124,13391.403236172606,12790.096763827394,13090.75,601.3064723452117,79.85334007450957,69.54641968904455,100.46718084543963,-12.307692307692308,121.08782863668148,91.00392480892378,35723.5,-1013012,78916.95,-1330.0,-1.4778763028646336
2025-03-13,13333.0,13208.0,13104.0,13053.916666666666,13160.515176107532,148.57142857142858,66.66666666666666,69.20488973638385,20.649101224238663,48.555788512145185,13423.565494481438,12784.434505518562,13104.0,639.1309889628756,77.17495398906699,72.0892644557187,87.34633305576358,-23.846153846153847,77.35769841054685,89.52695724023958,36063.9,-1050887,79671.65,-3119.0,-3.5177749706758132
2025-03-14,13417.0,13271.0,13133.5,13036.75,13199.037540287767,154.28571428571428,72.33201581027669,91.77692984563328,34.874666948517586,56.90226289711569,13507.258999187567,12759.741000812433,13133.5,747.5179983751332,83.63387737202167,75.93746876115303,99.02669459375895,-2.9197080291970803,108.55283332101307,100.0,37336.55,-995675,80323.55,552.0,0.6452744169735292
2025-03-17,13476.0,13319.0,13163.0,13023.583333333334,13237.700631688933,164.28571428571428,72.97297297297297,111.60656890734754,50.221047340283576,61.38552156706396,13587.120141866488,12738.879858133512,13163.0,848.2402837329755,84.32734681944302,78.73409478058302,95.51385089716302,-12.422360248447205,111.65673350178145,100.0,39228.0,-933185,81068.2,2746.0,3.1894258801119735
2025-03-18,13524.0,13370.0,13195.75,13012.416666666666,13282.205333432845,168.21428571428572,79.77099236641222,133.84794915333805,66.94642770289448,66.90152145044357,13680.02129195373,12711.47870804627,13195.75,968.5425839074596,88.85226384699465,82.10681780272023,102.34315593554345,-1.829268292682927,101.9365578718832,100.0,40111.5,-886448,81660.25,-3069.0,-3.4544083383046487
2025-03-19,13566.0,13425.0,13224.5,13024.0,13314.376254058288,178.92857142857142,74.54545454545455,142.96757243263346,82.15065664884227,60.81691578379119,13738.451666783445,12710.548333216555,13224.5,1027.90333356689,84.92928700910754,83.047640871516,88.69257928429062,-18.75,89.58889221386048,84.15639567991197,42142.4,-951060,82356.55,636.0,0.7414834332081899
2025-03-20,13602.0,13467.5,13247.75,13034.583333333334,13333.483277481308,191.42857142857142,69.72789115646259,140.10724796561408,93.74197491219664,46.36527305341744,13770.460295126839,12725.039704873161,13247.75,1045.4205902536778,74.30068409302822,80.13198861202007,62.63807505504454,-31.952662721893493,63.7346175136471,66.26548055119486,44357.15,-1017183,82831.8,-3513.0,-4.065501678046523
2025-03-21,13560.0,13488.5,13266.25,13044.083333333334,13335.532489149755,192.85714285714286,57.986111111111114,123.50605645480937,99.6947912207192,23.811265234090172,13775.830580890854,12756.669419109146,13266.25,1019.161161781707,57.041296902859656,72.43509137563326,26.253707957312457,-55.12820512820513,31.059998309072938,26.825142450142458,46322.55,-1082669,82892.75,-5884.0,-7.0979649444491315
2025-03-24,13534.0,13505.0,13290.0,13059.333333333334,13348.81510923073,183.57142857142858,59.39597315436242,118.66459807506544,103.48875259158845,15.17584548347699,13791.54498145337,12788.45501854663,13290.0,1003.089962906739,50.69419793523977,65.1881268955021,21.706340014715124,-39.743589743589745,32.42098034413962,31.560832903114804,46620.85,-1041288,82570.9,-4565.0,-5.927570669886906
2025-03-25,13484.0,13504.0,13312.25,13072.416666666666,13358.927955970661,180.35714285714286,63.898916967509024,111.92368797042036,105.17573966735483,6.747948303065527,13800.808297981237,12823.691702018763,13312.25,977.1165959624741,45.12946529015985,58.50190636038802,18.384583149703502,-42.30769230769231,33.59001249507219,27.141786026302512,47029.25,-1070725,82206.25,-3925.0,-5.417678886925792
2025-03-26,13467.0,13516.5,13342.75,13085.666666666666,13375.696722068693,180.71428571428572,65.39792387543253,111.74863090301733,106.49031791448733,5.258312988529994,13804.969758624797,12880.530241375203,13342.75,924.4395172495933,44.901125008254716,53.968312576343585,26.76674987207697,-34.72222222222222,35.8476990142808,34.022736582591335,47427.65,-1034413,81858.1,1708.0,2.4925937276534915
2025-03-27,13467.0,13534.5,13371.25,13095.833333333334,13388.963700919294,178.57142857142858,63.12056737588653,108.74254766327795,106.94076386424547,1.8017837990324779,13799.23026270281,12943.26973729719,13371.25,855.9605254056187,43.26741667216981,50.40134727495233,28.99955546660476,-46.95652173913044,34.37555724165724,23.5688971842617,47828.25,-1060094,81415.25,-3138.0,-4.4681123720294424
2025-03-28,13441.0,13500.5,13385.75,13103.0,13373.348110355551,183.92857142857142,47.23127035830619,82.0142197955247,101.95545505050133,-19.941235254976633,13768.78875027278,13002.71124972722,13385.75,766.0775005455616,29.994369735469533,43.599021428458066,2.7850663494924675,-96.55172413793103,-19.651534585750326,0.0,50140.2,-1123324,80742.35,-3990.0,-5.9469691323983165
2025-03-31,13395.0,13464.5,13391.75,13111.916666666666,13361.124480797878,172.85714285714286,42.142857142857146,61.734028790357115,93.9111697984725,-32.177141008115385,13761.106125397195,13022.393874602805,13391.75,738.7122507943895,22.295097065025665,36.49771330731394,-6.110135419550872,-93.10344827586206,-38.3036583503094,0.0,48937.4,-1091836,79326.9,-9669.0,-15.322567865236202
2025-04-01,13352.0,13418.0,13394.0,13119.5,13349.588815959985,173.57142857142858,43.70370370370371,44.74260815906746,84.0774574705915,-39.33484931152404,13758.830169574265,13029.169830425735,13394.0,729.6603391485296,19.105822285774686,30.700416300134187,-4.083365742944316,-88.6178861788618,-46.6419383440317,4.148083745243585,46566.5,-1117214,77453.3,-1969.0,-3.684919714039747
2025-04-02,13291.0,13379.0,13402.0,13126.416666666666,13338.199404916177,171.42857142857142,45.91439688715953,30.12263349741079,73.28649267595536,-43.16385917854457,13743.165186105696,13060.834813894304,13402.0,682.3303722113924,17.737214857183123,26.379349152483833,0.452946266581705,-90.2439024390244,-53.88331341969868,10.023190684032139,45407.6,-1137451,75820.8,-1853.0,-3.6005051977071822
2025-04-03,13242.0,13354.5,13411.0,13134.25,13331.704223495588,160.35714285714286,36.529680365296805,21.51584271124193,62.93236268301268,-41.41651997177075,13726.003759376075,13095.996240623925,13411.0,630.0075187521506,20.596739729350148,24.451812678105938,12.886593831838567,-83.73983739837398,-49.96714165403227,0.0,45176.95,-1111927,74237.4,-1388.0,-2.7977102313956337
2025-04-07,13263.0,13352.0,13420.25,13138.25,13331.541916496008,163.21428571428572,37.66816143497758,19.31376055442888,54.20864225729592,-34.89488170286704,13712.40127660351,13128.09872339649,13420.25,584.3025532070205,27.76624753886501,25.55662429835896,32.18549401987711,-73.98373983739837,-21.287228999589423,2.6328550568757136,45912.25,-1066380,72484.15,-2321.0,-4.812956204379559
2025-04-08,13332.0,13363.5,13434.25,13148.916666666666,13356.156972067816,172.14285714285714,45.490196078431374,38.10912341670519,50.98873848917778,-12.879615072472589,13730.956039177194,13137.543960822806,13434.25,593.4120783543876,47.67749835924334,32.93024898532042,77.17199710708917,-31.70731707317073,34.410545717726166,23.57052014953175,44919.4,-1019199,70190.15,-3373.0,-7.34810360978585
2025-04-09,13381.0,13366.5,13435.25,13156.916666666666,13368.427736632786,170.71428571428572,44.78764478764479,44.024474680121784,49.59588572736658,-5.571411047244794,13732.526674249157,13137.973325750843,13435.25,594.5533484983134,53.65999890616223,39.84016562560102,81.29966546728465,-42.72727272727273,32.75804961071002,24.874727358937875,43569.2,-1055539,67617.1,-3997.0,-9.398071949212316
2025-04-10,13594.0,13442.5,13479.5,13182.333333333334,13456.67271409633,218.21428571428572,69.5,112.77269034598794,62.231246651090856,50.54144369489708,13964.896202791306,12994.103797208694,13479.5,970.7924055826115,66.38557750206733,48.68863625108979,101.77946000402241,-8.16326530612245,169.89609530329508,100.0,44062.5,-1000560,66430.25,26394.0,68.49713232813433
2025-04-11,13809.0,13525.5,13530.0,13206.5,13541.275312753824,212.5,76.19047619047619,169.33869760162816,83.65273684119833,85.68596076042982,14144.962557696344,12915.037442303656,13530.0,1229.925115392689,76.22984078369115,57.8690377619569,112.95144682715963,-4.081632653061225,135.22704931768604,100.0,44111.15,-961712,65479.8,1609.0,2.4781677884393227
2025-04-14,14037.0,13650.0,13575.25,13236.666666666666,13629.725282967745,223.57142857142858,76.2532981530343,221.69851869819104,111.26189321259687,110.43662548559416,14320.448489983502,12830.051510016498,13575.25,1490.3969799670049,80.19842492924042,65.31216681771807,109.97094115228512,-11.864406779661017,127.32831682011847,100.0,44271.85,-903286,64951.2,8989.0,13.509979559937468
2025-04-15,14221.0,13776.5,13620.5,13265.833333333334,13713.56097030415,226.42857142857142,77.54569190600522,263.3855748997921,141.68662955003592,121.6989453497562,14475.170758399494,12765.829241600506,13620.5,1709.3415167989879,83.74810249519982,71.45747871021197,108.3293500651755,-9.152542372881356,102.64373933041625,100.0,42683.4,-872565,64300.2,298.0,0.3945713339953638
2025-04-16,14389.0,13885.0,13651.5,13288.916666666666,13771.793258846612,235.35714285714286,69.55445544554456,278.2869941472036,169.00670246946947,109.28029167773411,14562.214583517572,12740.785416482428,13651.5,1821.429167035145,81.75799425605913,74.89098389216102,95.49201498385537,-21.694915254237287,79.34661604801532,80.51678805354014,43054.9,-926732,63791.35,-226.0,-0.29806259314456574
2025-04-17,14417.0,14005.5,13692.25,13312.5,13834.955805623125,239.28571428571428,71.80094786729858,295.5654622852362,194.31845443262284,101.24700785261336,14667.666105540286,12716.833894459714,13692.25,1950.8322110805711,82.78451121282401,77.52215966571535,93.30921430704134,-14.23728813559322,72.50341321730674,85.99389891187987,41377.65,-895665,63144.5,-2124.0,-2.8096353029882115
2025-04-18,14441.0,14125.0,13739.75,13337.25,13894.960014611399,227.14285714285714,83.51351351351352,308.1276186636351,217.08028727882532,91.04733138480975,14769.816298326168,12709.683701673832,13739.75,2060.1325966523364,83.92530632579073,79.65654188574048,92.46283520589122,-12.203389830508474,70.55452164041708,100.0,39896.8,-859159,62879.25,4119.0,5.606141031399292
2025-04-21,14458.0,14247.5,13799.75,13363.916666666666,13957.82096560079,236.42857142857142,84.11458333333334,321.6378253001167,237.99179488308363,83.64603041703305,14874.290170932374,12725.209829067626,13799.75,2149.0803418647483,86.7518919809069,82.02165858412928,96.21235877446213,-6.101694915254237,66.46048693374533,100.0,38611.6,-819377,63005.45,1945.0,2.506701721826987
2025-04-22,14453.0,14337.0,13850.25,13389.416666666666,14008.028492686428,235.35714285714286,81.36020151133502,322.9733111229998,254.98809813106686,67.98521299193294,14955.03611885788,12745.46388114212,13850.25,2209.5722377157617,81.64411846346175,81.8958118772401,81.14073163590504,-10.847457627118644,59.86532803282692,94.2116477071552,37996.6,-848458,63315.65,-885.0,-1.1126896915900741
2025-04-23,14461.0,14425.0,13895.75,13414.583333333334,14042.025779097245,240.35714285714286,77.08830548926015,310.76637481758917,266.14375346837136,44.62262134921781,15006.93369792142,12784.56630207858,13895.75,2222.367395842841,64.99851800003141,76.26338058483721,42.4687928304198,-19.444444444444443,45.36170404576737,85.23422891333236,38545.2,-888867,63884.05,1239.0,1.5752936988252086
2025-04-24,14401.0,14409.0,13925.75,13433.833333333334,14050.880466802268,293.2142857142857,68.92778993435448,279.31346033537375,268.77769484177185,10.5357654936019,15028.289055281517,12823.210944718483,13925.75,2205.078110563034,61.41904189538715,71.31526768835386,41.626590309453746,-36.82310469314079,8.070749449278228,67.30255468932799,40345.9,-961193,64275.05,-1840.0,-2.3031380255598255
2025-04-25,14338.0,14389.5,13957.5,13454.083333333334,14060.320422344908,281.7857142857143,68.30357142857143,252.68438533836343,265.5590329410902,-12.874647602726782,15046.727152376257,12868.272847623743,13957.5,2178.454304752515,60.62856761279778,67.75303432983517,46.379634178722995,-37.93103448275862,17.55646856510167,59.79597576253419,40423.6,-933958,64535.3,-5753.0,-7.370821642259551
2025-04-28,14253.0,14355.5,14002.75,13472.916666666666,14066.956572597775,268.2142857142857,63.5,227.34611421149384,257.91644919517097,-30.570334983677128,15037.689484628021,12967.810515371979,14002.75,2069.878969256042,59.46666412281757,64.99091092749597,48.41817051346075,-43.459915611814345,15.450324643494397,47.581520210671634,38635.85,-961433,65048.6,1071.0,1.4813687792193386
2025-04-29,14142.0,14297.5,14037.0,13488.833333333334,14053.913089493224,270.7142857142857,60.620525059665866,188.94893752563803,244.12294686126438,-55.17400933562635,15009.827674467855,13064.172325532145,14037.0,1945.6553489357102,52.34285544695775,60.77489243398324,35.478781472906775,-64.12556053811659,-4.255128066124413,0.0,39011.5,-1000434,66024.3,-421.0,-0.5738118278837079
2025-04-30,14051.0,14256.0,14070.5,13503.416666666666,14040.20708097006,212.85714285714286,35.249042145593876,155.11697359768004,226.32175220854754,-71.20477861086749,14971.241799559502,13169.758200440498,14070.5,1801.4835991190048,46.95872902813056,56.16950463203234,28.537177820327003,-65.91928251121077,-16.62335140033229,0.0,38914.0,-1023862,66937.45,-3220.0,-4.414103196797714
2025-05-06,14016.0,14208.5,14107.0,13513.0,14032.568311353863,210.0,35.249042145593876,130.83133834246837,207.22366943533171,-76.39233109286334,14919.140770789742,13294.859229210258,14107.0,1624.281541579483,44.956613002880694,52.43187408898179,30.006090830678502,-61.43497757847533,-21.39732660648464,0.0,38915.2,-1003601,67994.75,1030.0,1.477168425883435
2025-05-07,13983.0,14160.5,14142.75,13525.75,14028.037995986828,195.35714285714286,29.875518672199163,112.30747780528145,188.2404311093217,-75.93295330404024,14856.778416064359,13428.721583935641,14142.75,1428.0568321287174,44.69599442910493,49.853247535689505,34.381488215935775,-56.666666666666664,-21.348222463643847,0.0,38680.45,-982772,69191.6,1403.0,1.9828146640662458
2025-05-08,13939.0,14096.0,14171.75,13539.833333333334,14016.79628208332,193.92857142857142,25.80645161290323,90.53171837807895,168.69868856307315,-78.1669701849942,14787.082815380603,13556.417184619397,14171.75,1230.6656307612066,42.99177406384773,47.566089711742244,33.843142768058684,-63.80952380952381,-39.88524985761655,0.0,37507.6,-1004862,70566.75,1245.0,1.725308684746607
2025-05-09,13938.0,14040.0,14188.5,13555.75,14008.053779027767,186.78571428571428,31.308411214953267,73.6358189023158,149.6861146309217,-76.0502957286059,14753.320418596182,13623.679581403818,14188.5,1129.6408371923644,44.52463652449286,46.55227198265912,40.46936560816036,-62.38095238095238,-50.299352320607596,9.436007362455499,36475.1,-978331,72006.2,-2087.0,-2.8430918453532406
2025-05-12,13930.0,13990.5,14207.75,13571.25,13994.905800072742,182.5,22.167487684729068,55.17167180418437,130.78322606557424,-75.61155426138987,14692.132134921992,13723.367865078008,14207.75,968.764269843985,33.748131666735084,42.28422521068444,16.67594457883638,-67.61904761904762,-65.84616048274606,0.0,35605.4,-997277,73647.25,35.0,0.049075281481791855
2025-05-13,13915.0,13965.5,14187.25,13585.833333333334,13984.438581018196,177.14285714285714,21.0,41.27330388622613,112.88124162970462,-71.60793774347849,14690.423873892942,13684.076126107058,14187.25,1006.3477477858833,27.783307290018513,37.4505859037958,8.448750062463944,-66.19047619047619,-60.44330745389974,0.0,33553.05,-983345,73964.0,-92.0,-0.12893460773046872
2025-05-14,13922.0,13952.5,14171.0,13601.666666666666,13987.825382825988,173.92857142857142,24.401913875598083,40.68314892046328,98.44162308785636,-57.758474167393075,14673.71473547447,13668.28526452553,14171.0,1005.4294709489404,40.02758120409836,38.309584337229985,43.463574937835105,-52.42718446601942,-35.287271142935026,5.636021402213575,33012.35,-955311,74254.2,1078.0,1.5127276809519863
2025-05-15,13896.0,13917.5,14136.5,13615.083333333334,13968.032489223513,186.78571428571428,20.98765432098766,20.611852022268067,82.87566887473871,-62.26381685247064,14647.45473071703,13625.54526928297,14136.5,1021.9094614340611,31.300438751450194,35.97320247530339,21.9549113037438,-73.95833333333333,-58.38544995359935,0.0,32108.9,-995668,74356.0,5221.0,7.21730716063036
2025-05-16,13843.0,13890.5,14094.0,13625.833333333334,13938.696061678418,185.71428571428572,20.98765432098766,-4.921065513610301,65.3163219970689,-70.2373875106792,14615.441322328397,13572.558677671603,14094.0,1042.8826446567946,21.679967297714764,31.208790749440514,2.6223203942632622,-84.33734939759036,-77.76116353983602,0.0,31990.1,-1024013,74528.55,1713.0,2.2085842111370324
2025-05-19,13806.0,13868.0,14062.0,13636.416666666666,13914.53453199476,136.07142857142858,27.72277227722772,-22.875105571480162,47.67803648335909,-70.55314205483924,14601.97465827477,13522.02534172523,14062.0,1079.9493165495405,21.19090018429211,27.86949389439105,7.833712764094237,-85.15625,-75.33639743818796,14.234359953176432,30391.65,-1001815,74715.85,69.0,0.08703988697429388
2025-05-20,13767.0,13841.0,14024.75,13647.166666666666,13893.1502908524,135.0,27.0,-36.28211580973766,30.886006024739743,-67.1681218344774,14559.14070075427,13490.35929924573,14024.75,1068.7814015085387,21.219465371088358,25.65281771995682,12.352760673351433,-84.375,-63.556463758648846,14.142587483664869,29553.95,-987502,74976.2,-663.0,-0.8356124673884247
2025-05-21,13693.0,13807.5,13984.0,13657.166666666666,13869.993120295028,131.78571428571428,26.470588235294116,-49.563595445868486,14.796085730618096,-64.35968117648659,14501.05237442134,13466.94762557866,13984.0,1034.1047488426811,18.40162939632841,23.235754945414016,8.733378298157199,-88.88888888888889,-66.37366597245249,13.834309279432524,28517.25,-1003274,75024.7,-118.0,-0.14997458057955937
2025-05-22,13653.0,13774.5,13935.25,13667.083333333334,13842.37472788598,128.21428571428572,30.337078651685403,-64.98853139501807,-1.160837694509139,-63.82769370050893,14407.539775009956,13462.960224990044,13935.25,944.5795500199129,16.243288099081326,20.90493266330312,6.919998970637735,-88.07339449541284,-74.01662542050472,65.55760523226566,27927.75,-1031266,75081.0,2101.0,2.6743209185102312
2025-05-23,13624.0,13733.5,13886.75,13675.666666666666,13811.196182373029,132.14285714285714,28.87700534759358,-81.51817031364044,-17.2323042183354,-64.28586609530504,14318.847393992079,13454.652606007921,13886.75,864.1947879841573,13.108061011923164,18.30597544617647,2.712232143416557,-93.16239316239316,-83.97488595188645,55.319658392529284,27751.8,-1056828,75172.65,-178.0,-0.22067118753331671
2025-05-26,13607.0,13706.5,13848.5,13685.5,13791.082260242265,132.85714285714286,31.44329896907216,-86.75913333747849,-31.137670042164018,-55.62146329531447,14235.41900417204,13461.58099582796,13848.5,773.8380083440788,15.861214463789231,17.491055118714055,12.601533153939585,-78.63247863247864,-69.85498348005261,100.0,26865.45,-1034146,75107.45,-1898.0,-2.3582033919363865
2025-05-27,13581.0,13674.0,13819.75,13696.083333333334,13769.074425933477,134.28571428571428,28.426395939086305,-93.06747606740828,-43.523631247212876,-49.5438448201954,14202.461585785884,13437.038414214116,13819.75,765.4231715717688,15.821056556106402,16.93438893117817,13.594391805962871,-85.47008547008546,-72.1799773918728,71.14570041801719,24310.45,-1055372,75168.25,680.0,0.8652830620840657
2025-05-28,13563.0,13628.0,13790.25,13706.333333333334,13749.162575844573,132.5,30.769230769230774,-96.94931181231004,-54.208767360232315,-42.74054445207773,14156.374439587371,13424.125560412629,13790.25,732.2488791747419,19.265319755352984,17.711365872569772,22.373227520919407,-85.47008547008546,-65.68741411143861,93.55306896390289,23798.45,-1055372,75451.35,-1307.0,-1.6488576582941228
2025-05-29,13575.0,13614.0,13765.75,13718.083333333334,13738.766140049851,143.57142857142858,35.38461538461537,-92.50403426985758,-61.86782074215737,-30.636213527700214,14100.371152633068,13431.128847366932,13765.75,669.2423052661361,37.60545126547342,24.34272767020432,64.13089845601162,-61.76470588235294,-58.91441014635712,100.0,25007.75,-1003711,75755.3,1488.0,1.9086711133914802
2025-05-30,13593.0,13608.5,13749.5,13726.083333333334,13726.026507664152,146.78571428571428,36.125654450261784,-90.75911272782287,-67.64607913929048,-23.11303358853239,14082.095850846052,13416.904149153948,13749.5,665.1917016921034,46.498872272220375,31.728109204209673,76.04039840824177,-66.91176470588235,-38.4714482057998,100.0,24588.65,-1034330,75890.4,-3798.0,-4.78048534890746
2025-06-03,13575.0,13591.0,13729.5,13731.333333333334,13705.45255455328,153.57142857142858,31.8840579710145,-95.9360646509831,-73.304076241629,-22.631988409354094,14069.48297170982,13389.51702829018,13729.5,679.9659434196401,44.75586193809401,36.07069344883779,62.126198916606455,-80.88235294117646,-56.40373785970605,71.98047005532248,24732.05,-1060626,76273.3,1736.0,2.2947785855915503
2025-06-04,13561.0,13571.0,13706.0,13738.333333333334,13684.933263643443,150.35714285714286,21.195652173913047,-100.49423422438849,-78.74210783818091,-21.75212638620758,14043.866370345637,13368.133629654363,13706.0,675.7327406912736,41.47745293227431,37.872946609983295,48.68646557685635,-82.67716535433071,-72.23598641007182,1.3740114357850879,24974.6,-1085738,76664.7,1200.0,1.5506680794975747
2025-06-05,13546.0,13554.5,13681.0,13744.916666666666,13665.892000439306,136.07142857142858,28.46715328467154,-103.31907666253392,-83.65750160305151,-19.661575059482402,14005.679599151645,13356.320400848355,13681.0,649.3591983032893,38.76274639929399,38.169546539753526,39.94914611837491,-75.0,-61.1648858655771,49.40876535745232,24680.0,-1100675,76936.0,-999.0,-1.271218792151274
2025-06-06,13510.0,13542.5,13658.5,13750.166666666666,13646.283238492704,135.35714285714286,33.050847457627114,-106.34914892418601,-88.19583106727842,-18.15331785690759,13978.69895131162,13338.30104868838,13658.5,640.397902623241,34.307439398471125,36.882177492659395,29.15796321009458,-77.14285714285714,-56.885338630055614,79.40518068436195,24918.3,-1127531,77256.75,2234.0,2.8793483444391477
2025-06-09,13484.0,13538.5,13636.0,13752.916666666666,13629.970549112448,136.42857142857142,31.89655172413792,-106.31459985369293,-91.81958482456133,-14.495015029131594,13940.191767769866,13331.808232230134,13636.0,608.3835355397314,34.94892095163775,36.23775864565218,32.37124556360891,-67.10526315789474,-63.79625558977296,71.67379717802612,24916.55,-1101035,77618.95,-1258.0,-1.5760263589782109
2025-06-10,13501.0,13538.0,13622.25,13755.083333333334,13626.640020625548,143.21428571428572,43.16546762589928,-95.50331952947636,-92.55633176554434,-2.9469877639320146,13906.086034951257,13338.413965048743,13622.25,567.6720699025136,46.97077821896623,39.815431836756865,61.28147098338495,-28.985507246376812,-18.125963578574098,100.00000000000001,25657.8,-1067264,77964.2,-304.0,-0.38695060015528915
2025-06-11,13523.0,13542.0,13608.0,13758.25,13624.102875804067,144.28571428571428,46.21212121212121,-85.54572589050804,-91.15421059053709,5.608484700029052,13863.49539083289,13352.50460916711,13608.0,510.99078166577965,55.46844151795816,45.03310173049063,76.33912109289324,-27.536231884057973,1.2911303643498964,100.0,26197.15,-1042545,78269.65,-888.0,-1.1346937732401363
2025-06-12,13576.0,13561.0,13594.5,13765.166666666666,13636.09307810844,148.57142857142858,61.486486486486484,-64.80350037974313,-85.8840685483783,21.080568168635168,13776.214061096023,13412.785938903977,13594.5,363.42812219204643,68.72499275800385,52.9303987396617,100.31418079468816,-4.761904761904762,47.829152832283185,100.0,26799.6,-1002462,78625.85,2093.0,2.7051479236406495
2025-06-13,13642.0,13576.0,13595.0,13768.916666666666,13650.750880193353,146.78571428571428,69.23076923076923,-44.623084376955376,-77.63187171409372,33.008787337138344,13778.905009805572,13411.094990194428,13595.0,367.8100196111445,75.74863462778488,60.53647736903609,106.17294914528244,-10.204081632653061,106.96023736934154,100.0,26546.2,-967173,78648.1,-1458.0,-1.834793113862876
2025-06-16,13703.0,13593.5,13601.0,13771.833333333334,13663.060320174938,145.0,64.0625,-29.101412757940125,-67.925779922863,38.824367164922876,13800.963154500781,13401.036845499219,13601.0,399.9263090015629,79.16575641852326,66.74623705219848,104.00479515117283,-14.0,102.70272567204576,89.24064403829416,26329.55,-991185,78559.7,-500.0,-0.640976335153709
2025-06-17,13747.0,13624.0,13607.5,13773.666666666666,13677.530765872563,143.92857142857142,70.07874015748031,-13.816896101925522,-57.10400315867551,43.28710705674999,13826.504926644917,13388.495073355083,13607.5,438.0098532898337,83.47024025261287,72.32090478566994,105.76891118649871,-7.920792079207921,96.68415263112325,100.0,26318.25,-969213,78514.2,927.0,1.1960364358888365
2025-06-18,13794.0,13658.5,13614.75,13777.25,13692.527835789462,145.35714285714286,70.99236641221374,-0.08894833892918541,-45.70099219472625,45.61204385579706,13853.92566765875,13375.57433234125,13614.75,478.35133531750034,86.14997148916329,76.93059368683438,104.58872709382109,-8.49056603773585,93.70385415105542,100.0,26739.15,-946482,78428.3,-1471.0,-1.8754860836637688
2025-06-19,13796.0,13686.0,13620.25,13781.333333333334,13698.953756190465,132.5,59.230769230769226,4.684673963576643,-35.62385896306567,40.308532926642314,13867.75279105286,13372.74720894714,13620.25,495.00558210572126,83.21947784812144,79.02688840726341,91.6046567298375,-22.641509433962263,65.00003106287517,76.3807766007216,27200.2,-971475,78314.5,-676.0,-0.8783555520906372
2025-06-20,13817.0,13729.5,13636.0,13790.333333333334,13717.624827029469,133.92857142857142,69.33333333333334,19.140535608405116,-24.67098004877152,43.811515657176635,13911.252993673683,13360.747006326317,13636.0,550.5059873473656,88.41137880637815,82.15505187363499,100.9240326718645,-0.9090909090909091,86.50815912093786,96.66838845844097,27076.75,-945952,78091.45,-84.0,-0.11011194714626305
2025-06-23,13857.0,13780.0,13659.25,13798.75,13742.612938740947,130.71428571428572,81.75675675675676,37.02885415511264,-12.331013207994687,49.35986736310733,13967.987241372879,13350.512758627121,13659.25,617.474482745758,90.14659296311736,84.81889890346244,100.80198108242718,-4.545454545454546,106.2446865683927,100.0,27073.35,-920458,77924.55,945.0,1.2401249311041695
2025-06-24,13882.0,13814.5,13676.25,13806.833333333334,13761.411706479905,132.5,79.60526315789474,47.43105410874159,-0.3785997446474312,47.80965385338902,14007.84701287463,13344.65298712537,13676.25,663.1940257492606,85.73875428310387,85.12551736334291,86.96522812262583,-16.901408450704224,89.98823451264157,95.96263912905819,27792.7,-957527,78065.0,4249.0,5.507667180836595
2025-06-25,13915.0,13854.5,13698.25,13814.583333333334,13784.134401100868,132.5,81.59509202453988,59.826725820461434,11.662465368374342,48.16426045208709,14054.816595241498,13341.683404758502,13698.25,713.1331904829967,84.77821714111687,85.0097506226009,84.3151501781488,-8.450704225352112,81.89243861851637,99.67576400435755,27754.75,-937060,78153.0,-369.0,-0.45333923042901736
2025-06-26,13971.0,13883.5,13722.25,13823.333333333334,13808.502553376975,128.92857142857142,84.93975903614458,72.04753156815605,23.739478608330685,48.30805295982536,14103.4044099319,13341.0955900681,13722.25,762.3088198637997,86.1991767242149,85.40622598980556,87.78507819303354,-5.47945205479452,84.47329943319441,100.00000000000001,27927.05,-916619,78343.0,733.0,0.904636726029584
2025-06-27,13993.0,13905.0,13740.5,13836.333333333334,13827.2165959125,127.5,81.17647058823529,78.00915964320848,34.59341481530625,43.41574482790223,14139.602941475938,13341.397058524062,13740.5,798.2058829518755,83.95013608098344,84.92086268686485,82.00868286922062,-12.605042016806722,68.93575210299781,90.99137694293402,26546.75,-940674,78370.7,-1758.0,-2.1501956947162393
2025-06-30,13971.0,13914.0,13753.75,13846.75,13831.291205825595,131.78571428571428,65.89595375722544,71.02172682858327,41.87907721796165,29.142649610621618,14151.505214329523,13355.994785670477,13753.75,795.5104286590467,70.12200852887482,79.98791130086818,50.390202984888106,-38.888888888888886,39.77095801751322,50.82631849261417,26932.85,-979015,78659.5,1424.0,1.7799555011124735
2025-07-01,13956.0,13919.0,13771.5,13857.166666666666,13834.50156717554,131.78571428571428,65.31791907514452,64.33901762249843,46.371065298869006,17.967952323629426,14154.879707339876,13388.120292660124,13771.5,766.7594146797528,60.44663582290284,73.47415280821306,34.391601852282406,-39.81481481481482,29.088751814088276,23.67712574650662,26732.0,-1001294,78700.0,-3230.0,-3.966791933780367
2025-07-02,14024.0,13969.5,13814.0,13875.666666666666,13882.644275063583,151.78571428571428,74.78991596638656,96.26180650522292,56.34921354013979,39.91259296508313,14250.72947184608,13377.27052815392,13814.0,873.4589436921597,71.6703062348764,72.87287061710084,69.26517747042752,-5.2631578947368425,96.11614523003533,60.52025712952811,29504.3,-920736,78966.95,5729.0,7.326461711596499
2025-07-03,14090.0,14030.5,13858.25,13894.0,13929.05910600991,154.64285714285714,74.57627118644068,122.56870028507728,69.59311088912729,52.975589395949996,14332.36163464449,13384.13836535551,13858.25,948.2232692889811,78.33575971213983,74.69383364878051,85.61961183885848,-7.092198581560283,111.37773753624617,59.68924517004143,31111.3,-873659,79070.2,-4273.0,-5.091450700029787
2025-07-04,14150.0,14071.5,13900.5,13910.25,13964.863000675634,157.5,71.25506072874494,136.59753500963234,82.9939957132283,53.60353929640404,14375.782741334602,13425.217258665398,13900.5,950.5654826692044,79.16828425253766,76.18531718336624,85.1342183908805,-16.31205673758865,95.8632262782648,46.770766136682724,31854.85,-915386,78938.1,-2473.0,-3.104755687239491
2025-07-07,14225.0,14098.0,13939.0,13921.166666666666,13991.542714897001,157.85714285714286,67.06349206349206,141.24579543474465,94.64435565753158,46.60143977721307,14393.4470324066,13484.5529675934,13939.0,908.8940648132011,76.38996727946954,76.25353388206734,76.66283407427395,-24.822695035460992,73.2212418765348,30.46686350579646,31944.4,-943673,78680.85,-3761.0,-4.873087238756657
2025-07-08,14307.0,14131.5,13973.0,13934.333333333334,14018.538646811572,154.64285714285714,67.32283464566929,145.67111861185913,104.84970824839709,40.821410363462036,14420.782842105657,13525.217157894343,13973.0,895.565684211313,76.20442263075748,76.23716346496406,76.13894096234432,-20.56737588652482,70.20512932209404,31.475625748655965,31405.0,-920690,78421.3,-350.0,-0.4767223296739176
2025-07-09,14292.0,14158.0,14006.25,13933.833333333334,14042.01115663904,152.5,70.95435684647302,146.6804616296904,113.21585892465576,33.464602705034636,14435.801479667129,13576.698520332871,14006.25,859.1029593342573,75.5251706427272,75.99983252421843,74.57584687974474,-24.21875,57.974755710279474,28.72532740319645,31452.1,-946351,78139.75,-1328.0,-1.8174850823890032
2025-07-10,14293.0,14191.5,14037.5,13934.333333333334,14073.724379816274,159.64285714285714,70.33898305084746,154.57461400400643,121.48760994052591,33.08700406348052,14479.320396946432,13595.679603053568,14037.5,883.6407938928642,79.95011376181813,77.31659293675168,85.21715541195104,-11.2,75.30429197725516,25.589159761177854,31462.95,-906051,77891.8,2765.0,3.8541957067186994
2025-07-11,14301.0,14225.5,14065.25,13932.25,14099.560153167105,157.5,66.22222222222223,156.6047947644638,128.5110469053135,28.093747859150312,14511.314368732406,13619.185631267594,14065.25,892.1287374648127,81.12376730126718,78.58565105825684,86.19999978728785,-16.0,70.07433402886909,4.608656216109628,30771.45,-927510,77603.3,-2269.0,-3.0454331924031908
2025-07-14,14309.0,14267.0,14090.5,13928.5,14117.221090960715,157.85714285714286,65.06550218340611,151.62439741422895,133.1337170070966,18.490680407132345,14525.615229747136,13655.384770252864,14090.5,870.2304594942725,77.97631684391263,78.38253965347545,77.16387122478699,-25.6,43.09090636187237,0.0,30875.05,-953594,77197.2,-2852.0,-3.94816988759068
2025-07-15,14304.0,14305.5,14112.25,13927.25,14129.866701345409,161.07142857142858,61.160714285714285,143.2024405453667,135.14746171475062,8.05497883061608,14532.619198631279,13691.880801368721,14112.25,840.7383972625576,61.24347048853435,72.66951659849508,38.3913782686129,-31.2,43.891671092309885,0.0,30968.65,-977438,76669.35,-1508.0,-2.1734117375763917
2025-07-16,14253.0,14272.5,14121.0,13920.166666666666,14118.450825026797,172.5,48.86363636363636,115.82680549944416,131.28333047168934,-15.456524972245177,14523.996669700236,13718.003330299764,14121.0,805.9933394004729,41.578043996101556,62.305692397697236,0.12274719291019665,-69.6,-8.1541409330348,0.0,32351.3,-1027822,76271.3,1125.0,1.657434144616654
2025-07-17,14190.0,14241.5,14136.0,13913.416666666666,14112.884079786149,175.0,52.059925093632955,97.04729877686259,124.436124132724,-27.388825355861414,14503.159795987363,13768.840204012637,14136.0,734.3195919747268,37.28659723196894,53.96599400912113,3.9278036776645564,-61.6,-33.57304626039766,12.328374062808228,32504.55,-999764,75697.55,-4190.0,-6.072375762670101
2025-07-18,14148.0,14224.5,14148.0,13906.416666666666,14114.990357901752,168.21428571428572,60.3921568627451,87.2109638941929,116.99109208501778,-29.780128190824882,14497.245803953256,13798.754196046744,14148.0,698.4916079065115,39.055262352176825,48.99575012347303,19.174286809584416,-51.239669421487605,-5.051370971057501,44.466543891958246,32676.5,-970802,75070.4,-1152.0,-1.777476045732973
2025-07-21,14164.0,14236.5,14167.25,13904.416666666666,14138.800800006347,187.85714285714286,66.66666666666666,96.8581549246428,112.9645046529428,-16.10634972829999,14519.931084506143,13814.568915493857,14167.25,705.3621690122854,51.38119418519777,49.790898144047944,54.56178626749741,-23.015873015873016,56.754120906070604,68.66789441375073,34403.4,-910770,74426.0,600.0,0.9425218743618347
2025-07-22,14190.0,14247.0,14189.25,13904.666666666666,14161.772152386695,160.71428571428572,51.92307692307693,104.50928003483205,111.27345972932065,-6.764179694488604,14537.104703485307,13841.395296514693,14189.25,695.7094069706145,60.42492835487013,53.33557488098867,74.60363530263305,-21.487603305785125,55.653533274950455,11.898588303082713,34313.05,-875508,73347.25,-4438.0,-6.906425559065655
2025-07-23,14306.0,14279.5,14218.75,13912.25,14202.555756921294,203.57142857142858,59.01639344262295,126.06489908087678,114.23174759963189,11.833151481244897,14597.708059059738,13839.791940940262,14218.75,757.9161181194759,58.62331234367514,55.09815403521749,65.67362896059043,-44.97991967871486,128.4471035728174,45.3421672218723,39367.65,-753949,72661.05,7482.0,12.507313485230931
2025-07-24,14367.0,14278.5,14235.0,13915.833333333334,14218.026637214505,221.07142857142858,52.17391304347826,123.5678496260025,116.09896800490601,7.468881621096486,14609.531286023657,13860.468713976343,14235.0,749.0625720473145,51.39813861733631,53.86481556259043,46.46478472682806,-63.05220883534137,31.879306778674408,14.984919493294985,42304.95,-833136,71696.25,-4839.0,-7.18987266540867
2025-07-25,14417.0,14282.5,14254.0,13920.083333333334,14233.928862241695,229.64285714285714,55.223880597014926,121.79873282089102,117.23892096810303,4.559811852787988,14617.804458755709,13890.195541244291,14254.0,727.6089175114175,47.11683136738083,51.61548749752056,38.11951910710138,-61.44578313253012,45.957628603453266,28.791474856241766,43954.35,-776093,70810.95,-168.0,-0.26895491803278215
2025-07-28,14369.0,14266.5,14266.75,13923.333333333334,14223.554684885343,254.28571428571428,45.22292993630574,98.28391215795818,113.44791920607406,-15.164007048115877,14589.440580163606,13944.059419836394,14266.75,645.3811603272115,37.30144848856179,46.844141161200966,18.216063143283435,-82.3293172690763,-26.781081234865827,0.0,45234.05,-840028,69810.4,-881.0,-1.4142160010273574
2025-07-29,14323.0,14256.5,14281.0,13927.333333333334,14216.549476801025,266.07142857142856,46.37223974763407,80.73487702708007,106.90531077027526,-26.17043374319519,14549.63397128123,14012.36602871877,14281.0,537.2679425624592,31.427203945520446,41.705162089307464,10.87128765794641,-80.32128514056225,-30.432207305196645,4.575996897629193,45711.35,-808203,68640.95,-6608.0,-10.75958642025564
2025-07-30,14220.0,14263.0,14267.75,13929.25,14203.068574248548,265.7142857142857,40.322580645161295,60.08267141710712,97.54078289964164,-37.45811148253452,14549.930886368278,13985.569113631722,14267.75,564.3617727365563,23.260271605815944,35.55686526147696,-1.3329157055060818,-86.34538152610442,-57.56449877066583,0.0,43347.85,-841491,67097.15,-1758.0,-3.207619464666922
2025-07-31,14162.0,14264.5,14253.0,13930.75,14190.871567177257,267.85714285714283,41.118421052631575,43.21746563815941,86.6761194473452,-43.45865380918579,14543.397187169225,13962.602812830775,14253.0,580.7943743384494,17.81565004601294,29.643126856322286,-5.839303574605751,-86.34538152610442,-52.208941231881376,3.0209452201933087,42446.25,-841491,65374.5,-7850.0,-14.797639917811834
2025-08-01,14096.0,14256.5,14240.5,13933.166666666666,14177.931417922278,276.42857142857144,42.22972972972973,27.916037000657525,74.92410295800767,-47.00806595735014,14542.752943914978,13938.247056085022,14240.5,604.5058878299569,16.470275883693667,25.25217653211275,-1.0935254131444978,-86.22047244094489,-68.27164001637381,7.2393822393822385,41927.7,-872847,63564.1,-4228.0,-9.3541892519746
2025-08-04,14059.0,14214.0,14225.25,13933.416666666666,14155.271282882062,287.5,40.06410256410256,6.435817561010481,61.22644587860823,-54.79062831759775,14555.982440756012,13894.517559243988,14225.25,661.4648815120236,15.08646411569916,21.863605726641552,1.5321808938143775,-87.68115942028986,-94.20751232358072,0.0,41669.75,-895975,61805.7,-2721.0,-6.641282858607312
2025-08-05,14006.0,14164.5,14205.75,13933.666666666666,14129.531160702818,280.7142857142857,45.45454545454546,-14.854221231431438,46.010312456600296,-60.864533688031734,14568.564654726375,13842.935345273625,14205.75,725.62930945275,14.909963418904926,19.54572495739601,5.63844034192276,-91.66666666666667,-81.82570278987521,20.26286966046006,41207.2,-909707,59937.8,-2540.0,-6.640522875816989
2025-08-06,13993.0,14106.5,14193.0,13935.75,14118.147240635883,285.7142857142857,48.275862068965516,-21.393662208625756,32.529517523555086,-53.92317973218084,14564.857358051244,13821.142641948756,14193.0,743.7147161024877,20.066557891084294,19.719335935292104,20.761001802668673,-82.6086956521739,-58.81980016304826,30.868300789364365,41408.25,-880025,59299.4,23262.0,65.14141697003642
2025-08-07,13998.0,14080.0,14179.25,13937.083333333334,14116.418932003895,294.64285714285717,48.80546075085324,-19.093866253908345,22.204840768062404,-41.29870702197075,14543.02082143339,13815.47917856661,14179.25,727.5416428667813,30.565205260722863,23.334625710435688,45.02636436129721,-76.08695652173913,-30.78244731470527,32.85908137670136,41128.7,-845316,58554.05,626.0,1.061520721698428
2025-08-08,14023.0,14059.5,14171.0,13943.75,14122.474271813047,281.7857142857143,42.96577946768061,-10.69267151726126,15.625338310997671,-26.31800982825893,14526.329350558646,13815.670649441354,14171.0,710.6587011172924,43.94002189795317,30.203091106274847,71.41388348130984,-70.28985507246377,-4.141600017468258,15.310428286359148,41805.55,-810320,57951.95,596.0,1.0000335581730857
2025-08-11,14063.0,14061.0,14163.75,13951.75,14124.143388783234,287.5,41.04477611940298,-7.179568273253608,11.064356994147415,-18.243925267401025,14515.181283992233,13812.318716007767,14163.75,702.8625679844663,51.515570154191,37.307250788913564,79.93220888474588,-73.18840579710145,4.687384203862997,5.174432798579872,41999.2,-840277,57597.8,2107.0,3.5003488719805853
2025-08-12,14132.0,14069.0,14162.75,13960.833333333334,14134.224970803878,243.92857142857142,35.24590163934427,2.8341686646253947,9.418319328243012,-6.584150663617617,14513.260529911664,13812.239470088336,14162.75,701.021059823328,61.97134106375496,45.52861421386069,94.85679476354352,-41.77215189873418,13.08508929546666,0.0,42150.55,-813406,57248.1,-1419.0,-2.277652044108436
2025-08-13,14139.0,14066.0,14164.5,13966.75,14125.727354536843,235.35714285714286,36.44067796610169,-4.1104439186856325,6.712566678857283,-10.823010597542915,14512.137136893309,13816.862863106691,14164.5,695.2742737866174,57.830743892353155,49.62932410669151,74.23358346367644,-65.18987341772151,-21.751836750905515,5.980466439017242,42006.75,-860914,57109.55,5348.0,8.784205512302478
2025-08-14,14099.0,14048.5,14156.5,13970.916666666666,14104.229511247619,234.64285714285714,31.417624521072796,-21.07148860454072,1.1557556221776828,-22.2272442267184,14521.20752521353,13791.79247478647,14156.5,729.4150504270583,46.36163706937658,48.5400950942532,42.00472101962333,-79.6875,-53.03133800514638,0.0,42324.8,-895333,57104.5,-1520.0,-2.295032462630231
2025-08-15,14052.0,14037.5,14147.0,13977.0,14089.064795890703,210.71428571428572,41.74311926605505,-30.530181864349288,-5.1814318751277115,-25.348749989221577,14523.764620084447,13770.235379915553,14147.0,753.529240168893,39.158583128759304,45.41292443908857,26.64990050810077,-69.82758620689656,-57.51740606418736,59.383436837860245,41898.95,-874888,57163.65,132.0,0.20398701900787852
2025-08-18,13988.0,14025.5,14119.75,13982.083333333334,14063.439577234447,207.85714285714286,36.13445378151261,-47.56442664779752,-13.658030829661673,-33.90639581813585,14508.763259143543,13730.736740856457,14119.75,778.0265182870862,30.163693100332292,40.32984732616981,9.831384648657249,-87.82608695652173,-67.2407257429026,27.127177862195534,40682.75,-910596,57510.35,6351.0,9.794577588599985
2025-08-19,13922.0,14027.0,14095.75,13987.083333333334,14047.873903212118,199.64285714285714,42.67782426778243,-53.98653379553616,-21.723731422836572,-32.26280237269959,14476.293586271848,13715.206413728152,14095.75,761.0871725436955,28.804780907467908,36.488158519935844,13.438025682532029,-73.91304347826087,-54.0799608033691,64.7590625878112,39958.15,-889826,57916.0,-3259.0,-4.5776972455157106
2025-08-20,13868.0,14003.5,14055.0,13990.666666666666,14021.88591243001,206.78571428571428,38.63636363636364,-68.37437804182264,-31.053860746633788,-37.32051729518885,14383.713601146888,13726.286398853112,14055.0,657.4272022937766,23.890687271645273,32.289001437172324,7.094058940591168,-85.9375,-80.84390654375818,41.51602890604172,35339.25,-919007,58081.75,2684.0,3.9508935142932744
2025-08-21,13841.0,13970.0,14025.0,13994.083333333334,13997.420587436676,193.21428571428572,38.93129770992366,-79.66543119156995,-40.77617483562102,-38.88925635594893,14343.9621327137,13706.0378672863,14025.0,637.9242654273985,20.093791514430183,28.223931462924945,3.8335116174406636,-87.5,-78.67568855762264,43.21223808159677,32185.45,-935118,58452.4,-741.0,-1.0493075419864661
2025-08-22,13820.0,13936.0,13997.75,13997.416666666666,13982.428150537946,187.14285714285714,46.06299212598425,-81.62092375970315,-48.945124620437454,-32.67579913926569,14277.984394372785,13717.515605627215,13997.75,560.4687887455693,21.796945020460228,26.08160264877004,13.227629763840604,-75.78125,-44.41126156323158,84.22766013765464,31172.35,-898337,59000.6,3383.0,4.841364111224
2025-08-25,13838.0,13913.0,13987.0,14002.5,13975.530231439094,188.57142857142858,50.97276264591439,-76.63880627023718,-54.48386095039741,-22.154945319839776,14263.146414253872,13710.853585746128,13987.0,552.2928285077433,28.044810193820332,26.736005163786807,30.66242025388739,-64.84375,-23.65334848498833,100.0,29453.5,-868779,59431.3,-3231.0,-4.410319410319408
2025-08-26,13830.0,13876.0,13972.5,14008.333333333334,13964.527352254418,181.42857142857142,43.80165289256198,-75.85066514578102,-58.75722178947413,-17.093443356306892,14243.006347819297,13701.993652180703,13972.5,541.0126956385939,32.924182405636316,28.798730911069974,41.175085394769,-72.65625,-49.81309924436279,63.32876961762448,29112.25,-893779,60204.45,241.0,0.34414314069886043
2025-08-27,13824.0,13846.0,13956.0,14012.583333333334,13943.619985373043,175.35714285714286,35.62753036437246,-83.54256979020101,-63.714291389619504,-19.82827840058151,14240.097833408452,13671.902166591548,13956.0,568.1956668169041,28.01006099769694,28.53584093994563,26.95850111319956,-90.625,-68.04728909830821,21.528387150340148,28755.95,-919941,57573.5,-69840.0,-99.38807456951757
2025-08-28,13789.0,13815.0,13931.75,14014.333333333334,13909.941891527991,174.28571428571428,27.48091603053436,-100.9816110951997,-71.16775533073555,-29.81385576446415,14253.395031542223,13610.104968457777,13931.75,643.2900630844451,20.1715013392886,25.74772773972662,9.019048538412562,-97.35099337748345,-98.22205516949332,0.0,28830.8,-950483,59061.7,74533.0,17333.25581395349
2025-08-29,13732.0,13776.0,13906.75,14015.916666666666,13876.13790185866,169.64285714285714,27.58620689655173,-116.28591284589675,-80.19138683376778,-36.094526012128966,14263.83284458196,13549.66715541804,13906.75,714.1656891639213,15.488483886056347,22.327979788503196,1.8094920811626523,-96.12903225806451,-97.34740522020732,0.4482017431036534,28405.75,-973338,57034.65,-74533.0,-99.42638368261676
2025-09-01,13675.0,13756.5,13891.0,14018.416666666666,13852.22000644355,170.0,26.4591439688716,-121.36722147853834,-88.42655376272191,-32.94066771581643,14269.078243085667,13512.921756914333,13891.0,756.1564861713341,17.12837701247294,20.594778863159778,10.19557331109926,-86.01398601398601,-75.42464272354165,0.0,28775.5,-942815,55143.65,0.0,0.0
2025-09-02,13622.0,13726.0,13876.5,14018.416666666666,13827.722862972734,161.42857142857142,30.088495575221245,-126.35836389466931,-96.01291578911139,-30.34544810555792,14277.119257492313,13475.880742507687,13876.5,801.2385149846268,17.56778532223115,19.585781016183567,13.531793934326316,-84.03361344537815,-78.04072307025227,14.8054502036803,29391.0,-968857,57027.55,72958.0,16966.976744186046
2025-09-03,13583.0,13703.5,13853.5,14017.583333333334,13801.273066499141,152.5,33.009708737864074,-132.4185653444074,-103.2940457001706,-29.1245196442368,14274.16488725401,13432.83511274599,13853.5,841.3297745080199,14.948102836179988,18.03988828951571,8.76453192950855,-90.29126213592232,-74.84668243867054,26.722145168747083,28877.65,-988272,54100.45,-72958.0,-99.41407314547337
2025-09-04,13538.0,13663.5,13816.75,14011.166666666666,13759.72325064208,160.71428571428572,25.213675213675216,-150.41537770138893,-112.71831210041428,-37.69706560097465,14273.607400301817,13359.892599698183,13816.75,913.7148006036332,10.470452395837166,15.516742991622863,0.37787120426577303,-98.48484848484848,-91.22410507760988,0.0,28700.0,-1019428,51142.05,0.0,0.0
2025-09-05,13492.0,13612.0,13774.0,14003.416666666666,13718.321036295216,155.35714285714286,27.188940092165893,-165.9921921953046,-123.37308811939235,-42.61910407591225,14247.448713389882,13300.551286610118,13774.0,946.8974267797639,11.74220635912954,14.25856411412509,6.70949084913844,-87.89808917197452,-100.20416846886876,7.6682253736151536,28809.65,-1056617,48153.85,0.0,0.0
2025-09-08,13428.0,13551.5,13732.25,13995.5,13678.957128076623,163.92857142857142,20.97560975609757,-177.9000418165142,-134.27847885881673,-43.62156295769748,14216.936279436186,13247.563720563814,13732.25,969.3725588723719,15.235544980160434,14.584224402803539,16.538186134874223,-81.60919540229885,-95.11933399705389,0.0,29076.1,-1091903,45060.3,0.0,0.0
2025-09-09,13355.0,13488.5,13682.25,13985.75,13636.19930635504,158.57142857142858,22.051282051282058,-191.18510870701903,-145.6598048284572,-45.52530387856183,14156.951845483321,13207.548154516679,13682.25,949.4036909666429,14.840225579060125,14.6695581282224,15.181560480735573,-90.22988505747126,-94.40943455339055,3.5859146337506225,29059.35,-1118439,45914.2,77530.0,18030.232558139534
2025-09-10,13308.0,13445.5,13645.75,13977.083333333334,13605.60889622599,165.71428571428572,28.57142857142857,-192.63426243938557,-155.05469635064287,-37.579566088742695,14115.24328788432,13176.25671211568,13645.75,938.9865757686384,19.922982244447162,16.42069950029732,26.927547732746845,-80.45977011494253,-72.7508231640655,25.321799182846995,28315.25,-1085813,46388.65,-2241.0,-2.87455105182145
2025-09-11,13299.0,13418.5,13616.75,13969.75,13578.408048966372,157.5,23.469387755102034,-191.1755166463463,-162.27886040978356,-28.896656236562734,14091.737811477979,13141.762188522021,13616.75,949.9756229559571,23.606471938775982,18.815956979790208,33.18750185674753,-79.88505747126437,-62.6917807930655,8.313382300528364,27654.65,-1064606,43174.55,-75291.0,-99.43475217580792
2025-09-12,13285.0,13388.5,13582.25,13959.083333333334,13547.607282398147,159.28571428571428,16.41025641025641,-193.03917146209824,-168.43092262024652,-24.60824884185172,14057.08487434554,13107.41512565446,13582.25,949.6697486910816,23.070981292517324,20.234298417365913,28.744347042820138,-85.33333333333333,-59.96377248815718,0.0,28150.75,-1094973,39953.85,0.0,0.0
2025-09-15,13279.0,13353.5,13555.0,13947.333333333334,13521.644684074514,161.42857142857142,19.04761904761905,-190.70398168569955,-172.8855344333371,-17.818447252362432,14034.912272685011,13075.087727314989,13555.0,959.824545370022,26.144543083900437,22.20437997287742,34.02486930594648,-79.19463087248322,-68.70144607801556,13.723916532905328,28286.0,-1056560,36415.6,0.0,0.0
2025-09-16,13265.0,13310.0,13518.0,13934.333333333334,13487.202333210274,164.64285714285714,19.04761904761905,-195.874941471302,-177.4834158409301,-18.391525630371916,14000.017689127264,13035.982310872736,13518.0,964.035378254528,20.53047058306541,21.646410176273417,18.298591396649392,-93.65079365079364,-66.13669828747324,15.888250921244355,29112.2,-1093854,33040.3,0.0,0.0
2025-09-17,13202.0,13255.0,13479.25,13917.666666666666,13440.802110999774,163.57142857142858,18.94736842105263,-210.45760293898275,-184.07825326054063,-26.37934967844211,13997.51913349808,12960.98086650192,13479.25,1036.5382669961582,14.065768267498154,19.119529540014994,3.9582457224644685,-99.3006993006993,-85.45150957271599,15.284311558740885,30639.85,-1153588,29530.8,0.0,0.0
2025-09-18,13104.0,13201.5,13432.5,13897.5,13382.630481380747,166.07142857142858,16.58986175115207,-233.04564137731904,-193.8717308838963,-39.17391049342274,14007.784826480723,12857.215173519277,13432.5,1150.569652961447,9.919184265052971,16.052747781694322,-2.3479427682297285,-98.87640449438203,-101.39863697243798,1.0819955824503238,32689.6,-1210694,26058.35,0.0,0.0
2025-09-19,13018.0,13151.5,13381.75,13877.833333333334,13329.522816487342,162.14285714285714,10.784313725490193,-248.48589210390855,-204.79456312789875,-43.6913289760098,13984.116167708653,12779.383832291347,13381.75,1204.7323354173059,9.369681740611755,13.825059101333467,0.4589270191683319,-93.71428571428571,-95.86897919846838,0.0,32750.95,-1248702,22416.75,0.0,0.0
2025-09-22,12922.0,13100.5,13326.0,13859.916666666666,13278.615881583784,161.78571428571428,10.784313725490193,-260.14436897398446,-215.8645242971159,-44.27984467686855,13928.901755110895,12723.098244889105,13326.0,1205.803510221791,7.499587325821371,11.716568509496103,-0.9343750415280923,-96.98795180722891,-86.23771229761455,0.0,33281.95,-1288880,23617.55,93617.0,21873.130841121492
2025-09-23,12823.0,13044.0,13266.25,13839.916666666666,13220.1762738139,168.57142857142858,9.954751131221727,-276.6842654508364,-228.02847252786,-48.65579292297639,13883.023224553664,12649.476775446336,13266.25,1233.546449107329,5.427075311231342,9.620070776741183,-2.958915619788339,-98.88268156424581,-93.71165021694588,0.0,34264.95,-1333540,24779.75,-531.0,-0.5646233186240579
2025-09-24,12769.0,12985.5,13215.5,13813.083333333334,13173.492819164958,163.57142857142858,17.766497461928935,-281.30459157428595,-238.6836963371452,-42.62089523714076,13833.44140413746,12597.55859586254,13215.5,1235.8828082749205,7.20454809778292,8.814896550421762,3.983851192505238,-89.24050632911393,-84.9988484651641,41.96101240834742,34909.35,-1294490,29299.2,-2695.0,-2.881921423530165
2025-09-25,12740.0,12922.0,13170.25,13785.0,13126.9696935302,159.64285714285714,17.676767676767682,-285.3084984621837,-248.00865676215292,-37.29984170003078,13805.035293166959,12535.464706833041,13170.25,1269.5705863339172,6.735399214947068,8.121730771930197,3.962736100980809,-94.9367088607595,-77.68664848538909,41.479026374859714,34928.15,-1325408,30027.95,-1281.0,-1.4104978033230964
2025-09-26,12690.0,12854.0,13121.25,13756.166666666666,13074.401151289228,150.71428571428572,16.20370370370371,-293.96901242321655,-257.2007278943657,-36.76828452885087,13781.759173608558,12460.740826391442,13121.25,1321.0183472171157,4.708131067045323,6.98386420363524,0.15666479386548993,-99.42196531791907,-82.37132842224041,33.56642232510289,35722.5,-1364150,34257.4,-4519.0,-5.047019142710363
2025-09-29,12590.0,12756.0,13054.75,13723.666666666666,13000.172470214065,164.64285714285714,13.61867704280155,-319.74042350467425,-269.7086670164274,-50.031756488246856,13767.457772106534,12342.042227893466,13054.75,1425.4155442130686,5.131507667885288,6.366412025051923,2.6616989535520172,-95.39748953974896,-103.50148179483934,19.6808798097708,37132.35,-1422870,38008.55,-9566.0,-11.251602582952048
2025-09-30,12528.0,12675.5,12992.75,13691.666666666666,12938.72747305082,163.92857142857142,11.904761904761898,-331.5016096966465,-282.06725555247124,-49.434354144175245,13723.095808504442,12262.404191495558,12992.75,1460.6916170088844,9.461273568299363,7.398032539467736,13.58775562596262,-88.88888888888889,-95.49907130287724,14.428880537524112,38035.25,-1378770,37394.4,-14348.0,-19.01581116721668
2025-10-09,12301.0,12535.0,12895.0,13647.166666666666,12810.753427998361,216.42857142857142,7.196029776674948,-397.5651987678866,-305.16684419555435,-92.39835457233227,13811.026889975345,11978.973110024655,12895.0,1832.0537799506892,7.751559033499215,7.5158747041448954,8.222927692207854,-96.84210526315789,-139.40847527259206,0.0,39610.85,-1429697,40289.7,-2769.0,-4.531544063497261
2025-10-10,12028.0,12384.0,12792.75,13596.25,12668.776911046136,221.78571428571428,6.516853932584283,-466.73108537620647,-337.4796924316848,-129.25139294452168,13920.054540182377,11665.445459817623,12792.75,2254.609080364753,5.167706022332811,6.733151810207534,2.0368144465833637,-100.0,-130.16995712564128,0.0,40946.7,-1487570,43287.8,2056.0,3.524410312671411
2025-10-13,11738.0,12214.0,12682.75,13542.583333333334,12521.750538565551,231.78571428571428,5.208333333333343,-531.1575653641921,-376.21526701818624,-154.94229834600588,14004.031176498185,11361.468823501815,12682.75,2642.5623529963705,3.542036573028076,5.669446731147715,-0.712783743211201,-99.77426636568849,-117.26517489920082,0.0,41682.9,-1539483,46129.15,-3135.0,-5.191084911908861
2025-10-14,11569.0,12079.5,12590.0,13495.333333333334,12419.679058702166,241.42857142857142,17.24137931034484,-549.6551486554727,-410.90324334564355,-138.7519053098291,13985.70016384911,11194.29983615089,12590.0,2791.4003276982185,9.028024382018716,6.788972614771382,13.506127916513385,-83.82352941176471,-90.69511567709291,87.58290447752988,43197.9,-1473897,48540.2,-8606.0,-15.030476622945665
2025-10-15,11378.0,11953.0,12498.5,13447.833333333334,12322.566767397198,243.21428571428572,18.0,-561.8722848676662,-441.0970516500481,-120.77523321761805,13956.108351122883,11040.891648877117,12498.5,2915.216702245765,11.709739831914916,8.429228353819227,18.270762788106296,-84.82384823848238,-74.44257554189107,99.99999999999999,44020.15,-1516878,46882.45,-3846.0,-7.905284577912064
2025-10-16,11440.0,11870.5,12428.0,13412.75,12282.798503835562,285.7142857142857,33.686067019400355,-524.7561119869897,-457.82886371743643,-66.92724826955327,13855.409873641214,11000.590126358786,12428.0,2854.8197472824286,24.57999749478088,13.81281806747311,46.11435634939642,-56.388888888888886,-33.90836758774365,100.0,46390.15,-1436852,48347.1,60207.0,134.37562772012052
2025-10-17,11510.0,11769.0,12345.5,13372.916666666666,12224.436741565507,298.92857142857144,31.158238172920065,-508.44280147378777,-467.9516512687067,-40.491150205081055,13746.318933413786,10944.681066586214,12345.5,2801.637866827572,29.118146478002068,18.914594204316096,49.525251025374004,-69.44444444444444,-45.56397602924353,91.12349011214661,49653.0,-1523316,53674.3,1960.0,1.866453357711495
2025-10-20,11716.0,11727.0,12290.5,13339.916666666666,12217.823718559268,332.5,40.90909090909091,-451.1780390890999,-464.59692883278535,13.41888974368544,13625.809544243348,10955.190455756652,12290.5,2670.6190884866955,46.36522265200138,28.064803686877855,82.96606058224845,-39.825581395348834,-18.617087118406108,100.0,55586.05,-1374288,58780.65,-4417.0,-4.129117900011215
2025-10-21,11873.0,11721.0,12238.5,13304.416666666666,12219.459554886957,346.7857142857143,43.80403458213256,-394.789088057345,-450.6353606776973,55.846272620352295,13490.803561652016,10986.196438347984,12238.5,2504.607123304031,62.011961544848894,39.3805229728682,107.27483868881028,-32.42424242424242,-8.731930865979542,100.0,60302.35,-1241549,63917.35,607.0,0.5918775291307021
2025-10-22,12037.0,11707.5,12191.5,13268.416666666666,12219.511025850104,347.85714285714283,42.54385964912281,-347.3072707184201,-429.9697426858419,82.66247196742177,13366.346462533009,11016.653537466991,12191.5,2349.692925066018,72.02471076490623,50.26191890354754,115.55029448762363,-32.926829268292686,-0.6805260950082941,96.73493448172817,62468.95,-1322175,69074.45,408.0,0.39549446501618846
2025-10-23,12096.0,11768.0,12151.5,13228.583333333334,12217.652832912,352.85714285714283,42.857142857142854,-307.74394065836896,-405.5245822803473,97.78064162197836,13263.222703024932,11039.777296975068,12151.5,2223.4454060498647,77.16627141412101,59.230036407072035,113.03874142821897,-30.76923076923077,6.527583670317052,97.54663940710452,63558.8,-1403706,74421.6,3801.0,3.6699816549193853
2025-10-24,12197.0,11853.5,12118.75,13192.083333333334,12213.590658348952,359.64285714285717,43.957703927492446,-275.23427818216624,-379.46652146071114,104.2322432785449,13183.930365255726,11053.569634744274,12118.75,2130.360730511453,79.58270908127548,66.01426063180651,106.71960598021343,-26.73611111111111,0.3552577402854884,100.0,65811.05,-1505857,80020.05,5026.0,4.680965996404995
2025-10-27,12232.0,11974.0,12094.0,13157.833333333334,12224.677262315718,355.0,50.54945054945055,-234.26249956768152,-350.4257170821052,116.1632175144237,13112.045599226907,11075.954400773093,12094.0,2036.0911984538143,82.72021115785192,71.58291080715497,104.99481185924583,-8.679245283018869,22.761103433188364,100.00000000000001,68524.9,-1413572,85473.7,-2896.0,-2.5765812254775478
2025-10-28,12217.0,12045.0,12062.25,13125.083333333334,12218.517523047554,358.92857142857144,47.040971168437025,-213.05369866382352,-322.9513133984489,109.89761473462539,13026.426632649525,11098.073367350475,12062.25,1928.3532652990507,76.45482431620508,73.20688197683833,82.95070899493857,-21.50943396226415,15.203773862101524,92.26203588171316,70851.2,-1500276,86633.85,7747.0,7.074821234509265
2025-10-29,12210.0,12123.5,12038.25,13092.333333333334,12215.325377995407,308.2142857142857,61.5234375,-192.01485238685564,-296.7640211961303,104.74916880927464,12962.315815609989,11114.184184390011,12038.25,1848.1316312199779,73.33275207578228,73.24883867648632,73.50057887437421,-19.62264150943396,11.990539981365863,100.0,72046.15,-1431717,87947.55,2540.0,2.1663482532751077
2025-10-30,12146.0,12121.0,11995.75,13055.75,12183.389627710128,312.14285714285717,60.810810810810814,-197.67370670105993,-276.94595829711625,79.27225159605632,12862.250979438817,11129.249020561183,11995.75,1733.001958877634,53.022868308919456,66.50684855396403,26.054907818830316,-42.64150943396226,-5.908617847862291,98.73457272301204,75713.85,-1544121,90197.25,16025.0,13.377800781380444
2025-10-31,12074.0,12135.5,11952.25,13018.083333333334,12148.304901261545,298.92857142857144,64.02439024390245,-205.03977538938307,-262.56472171556965,57.52494632618658,12758.302597212918,11146.197402787082,11952.25,1612.105194425836,35.61104606421402,56.20824772404737,-5.583357255452668,-50.602409638554214,-16.53462500236343,100.0,78286.65,-1626495,92464.8,-924.0,-0.680347242163859
2025-11-03,11955.0,12093.5,11910.25,12979.416666666666,12108.942529712825,291.07142857142856,56.433408577878104,-214.85604259089996,-253.0229858906357,38.16694329973575,12665.620073122062,11154.879926877938,11910.25,1510.740146244123,29.71372242431224,47.376739290802334,-5.612311308667941,-67.94258373205741,-31.55221388910913,83.50661111250673,82170.75,-1742919,95447.8,9790.0,7.257819392241038
2025-11-04,11860.0,12038.5,11879.75,12941.833333333334,12068.567050692556,295.0,56.433408577878104,-224.08695230615012,-247.2357791737386,23.14882686758847,12618.792588331977,11140.707411668023,11879.75,1478.0851766639535,23.855391057441302,39.536289879681995,-7.506406587040075,-87.86127167630057,-23.335898181431105,76.90334527257774,85620.9,-1870642,98990.0,1618.0,1.118337837557637
2025-11-05,11812.0,12011.0,11859.25,12909.5,12056.798760150408,263.92857142857144,51.01522842639594,-208.02470832457948,-239.39356500390676,31.36885667932728,12564.771643518958,11153.728356481042,11859.25,1411.0432870379154,29.969104635596707,36.347228131653566,17.21285764348299,-57.80346820809248,-1.9001522209578876,60.417752010000804,90220.15,-1734557,102753.9,-9914.0,-6.776625631421018
2025-11-06,11820.0,11983.0,11875.5,12874.666666666666,12043.770306802751,251.07142857142858,57.102272727272734,-195.06397918432413,-230.52764783999024,35.46366865566611,12570.284328520658,11180.715671479342,11875.5,1389.5686570413163,33.08152255089877,35.2586596047353,28.727248443225704,-60.69364161849711,3.9169953175043837,70.05395683453239,90434.15,-1789764,106515.7,-2811.0,-2.0611073227601695
2025-11-07,11830.0,11952.0,11902.75,12837.416666666666,12026.744563297727,221.42857142857142,39.09774436090226,-187.07407482447343,-221.83693323688686,34.762858412413436,12546.689152078017,11258.810847921983,11902.75,1287.8783041560346,33.929348367265845,34.81555585891215,32.15693338397324,-67.05202312138728,-2.871159189667558,0.0,91368.05,-1866315,110284.1,2188.0,1.638067858533221
2025-11-10,11874.0,11914.5,11944.25,12800.333333333334,12019.911747745562,207.14285714285714,39.55223880597015,-171.50279277815753,-211.770105145141,40.267312366983475,12473.999444250976,11414.500555749024,11944.25,1059.498888501952,42.46083541944707,37.36398237909046,52.65454150016029,-56.64739884393064,3.575514942814027,1.8233277240795935,92567.85,-1790406,113947.2,-5241.0,-3.860489098408959
2025-11-11,11888.0,11874.0,11959.5,12760.583333333334,11994.68205748408,214.64285714285714,34.75409836065573,-173.30303855066632,-204.07669182624608,30.77365327557976,12445.058820763315,11473.941179236685,11959.5,971.1176415266309,37.949096891201634,37.559020549794184,38.729249574016535,-79.76878612716763,-32.743261010033514,0.0,94478.55,-1894206,118492.3,9034.0,6.9215976218022
2025-11-12,11858.0,11835.0,11979.25,12720.0,11975.664718676073,211.78571428571428,36.893203883495154,-169.54764092456207,-197.17088164590928,27.6232407213472,12396.285591059725,11562.214408940275,11979.25,834.0711821194491,40.547624877822365,38.555221992470244,44.53243064852661,-75.14450867052022,-54.3142205238119,7.3081113484343865,95396.15,-1832873,122914.1,-6312.0,-4.523012762176382
2025-11-13,11846.0,11833.0,11977.0,12683.583333333334,11964.649031183113,209.28571428571428,40.063091482649845,-159.48802579385847,-189.63431047549915,30.14628468164068,12396.20224989353,11557.79775010647,11977.0,838.4044997870587,46.88990594691704,41.33344997728584,58.00281788617943,-67.6300578034682,-46.01754755642271,18.137820911286486,95226.8,-1756234,124402.75,1544.0,1.1588024707109623
2025-11-14,11828.0,11829.0,11982.25,12648.166666666666,11946.587218689483,201.07142857142858,31.68316831683167,-156.5696603690194,-183.0213804542032,26.45172008518381,12387.666939380744,11576.833060619256,11982.25,810.8338787614884,41.67660396461136,41.44783463972768,42.13414261437872,-75.625,-49.18176189010337,0.0,93991.5,-1817992,125587.9,-4110.0,-3.0493007382127124
2025-11-17,11776.0,11825.0,11959.25,12610.666666666666,11922.626531195248,196.42857142857142,33.684210526315795,-158.88068847925388,-178.19324205921333,19.312553579959456,12375.45181086635,11543.04818913365,11959.25,832.4036217327011,34.52597567678211,39.14054831874582,25.296830392854687,-81.74603174603175,-70.4330430023623,6.187280783627972,90634.0,-1899870,127322.85,6579.0,5.034627893629229
2025-11-18,11732.0,11810.0,11924.25,12572.583333333334,11885.709718700462,206.42857142857142,29.166666666666657,-171.64424966557272,-176.88344358048522,5.239193914912505,12360.082838549257,11488.417161450743,11924.25,871.6656770985137,23.960713344269834,34.080603327253826,3.720933378301851,-97.74436090225564,-77.59085822512696,0.0,88366.6,-1987261,129285.6,5163.0,3.7616390050563275
2025-11-19,11685.0,11771.5,11891.25,12533.583333333334,11854.689745490896,188.92857142857142,37.5,-177.6938289464124,-177.04552065367065,-0.6483082927417456,12332.705427803136,11449.794572196864,11891.25,882.9108556062711,18.489532166620144,28.8835796070426,-2.298562714224765,-92.45283018867924,-78.75397812008096,23.90670553935862,87089.3,-1932181,131023.8,-4083.0,-2.866933020636586
2025-11-20,11601.0,11723.5,11853.25,12494.666666666666,11815.195484015572,194.64285714285714,35.95505617977528,-189.98117648614425,-179.63265182016536,-10.348524665978886,12313.253146442337,11393.246853557663,11853.25,920.0062928846746,16.403093386859474,24.723417533648224,-0.23755490671802448,-87.76978417266187,-91.83172716428841,24.300133307941373,87180.2,-2015530,132659.75,1756.0,1.2693914728121758
2025-11-21,11516.0,11672.0,11812.0,12454.416666666666,11770.891152204566,188.92857142857142,35.687732342007436,-204.6224752538983,-184.63061650691196,-19.99185874698634,12297.759307953194,11326.240692046806,11812.0,971.5186159063887,11.93790185690381,20.46157897473342,-5.109452378755407,-97.22222222222223,-91.81317257994712,23.34320458698257,84728.6,-2068649,133704.8,-6792.0,-4.848311799557425
2025-11-24,11457.0,11616.5,11765.5,12413.75,11735.56818532794,180.71428571428572,39.40520446096654,-209.7730942285889,-189.65911205124738,-20.113982177341512,12219.487015812483,11311.512984187517,11765.5,907.9740316249663,12.162805442140078,17.69532113053564,1.0977740653489576,-90.27777777777777,-82.06652351892451,36.65049461281582,83226.4,-2006408,135075.0,3607.0,2.705967081276528
2025-11-25,11433.0,11582.5,11728.25,12372.166666666666,11705.037881963375,166.78571428571428,25.909090909090907,-210.2213216961827,-193.77155398023444,-16.44976771594827,12167.978085836796,11288.521914163204,11728.25,879.4561716735916,14.661243514133272,16.683961925068182,10.615806692263448,-84.66666666666667,-81.97891977333742,0.0,81514.8,-1953936,135754.2,-6073.0,-4.4359227201344
2025-11-26,11429.0,11557.0,11696.0,12333.5,11689.319988443052,174.28571428571428,34.16666666666667,-198.20530251328637,-194.65830368684485,-3.5469988264415235,12086.540785659023,11305.459214340977,11696.0,781.0815713180455,23.449376017969186,18.939099956035182,32.469928141837194,-68.0,-55.49391503455165,58.34093134771893,82729.9,-1861075,136167.7,-2774.0,-2.120276384982267
2025-11-27,11458.0,11529.5,11681.25,12297.5,11679.384751448477,167.85714285714286,38.23529411764706,-182.94254899377302,-192.3151527482305,9.372603754457487,12064.750154395095,11297.749845604905,11681.25,767.0003087901896,35.845683302759596,24.574627738276654,58.38779443172548,-62.0,-32.306557664236365,87.08635515800887,80033.75,-1802594,135243.15,-10736.0,-8.383701135423017
2025-11-28,11481.0,11498.5,11663.75,12262.083333333334,11658.967156072431,166.07142857142858,29.91803278688525,-178.47238542157538,-189.5465992828995,11.074213861324125,12053.444549750535,11274.055450249465,11663.75,779.3890995010697,35.599249861414194,28.2495017793225,50.29874602559758,-76.2589928057554,-44.66932680009104,28.323736861247827,79162.3,-1867539,133875.8,-9780.0,-8.336032457680576
2025-12-01,11500.0,11478.5,11651.75,12227.75,11643.351236446486,156.78571428571428,37.61904761904762,-170.54308478328312,-185.74589638297624,15.20281159969312,12046.948484442022,11256.551515557978,11651.75,790.3969688840443,45.04430865077886,33.84777073647462,67.43738447938732,-66.66666666666667,-38.39520945303534,82.73248717985827,75835.75,-1817646,131728.85,-5802.0,-5.395101448736305
2025-12-02,11508.0,11470.5,11640.25,12191.583333333334,11625.413023451583,160.0,33.80952380952381,-165.5780420064657,-181.71232550767414,16.134283501208444,12044.653068862332,11235.846931137668,11640.25,808.8061377246631,46.96942981090176,38.221657094617,64.46497524347126,-73.5042735042735,-40.95457743607305,55.817666951290704,71843.0,-1865514,129353.85,-2943.0,-2.8926675840377447
2025-12-03,11498.0,11463.5,11617.5,12156.5,11612.516545027622,155.35714285714286,31.862745098039213,-157.00909918124853,-176.771680242389,19.76258106114048,12000.33568001787,11234.66431998213,11617.5,765.6713600357398,52.07798052967221,42.84043157296874,70.55307844307916,-67.52136752136752,-37.2615618643677,44.11384185576071,66525.6,-1835777,127122.6,-7039.0,-7.124710264481715
2025-12-04,11458.0,11458.0,11590.75,12120.416666666666,11590.848302644039,152.5,31.25,-156.8823308802257,-172.79381036995636,15.911479489730652,11959.078729033708,11222.421270966292,11590.75,736.6574580674169,44.00827117278694,43.22971143957481,45.5653906392112,-81.91489361702128,-50.03925707231505,39.573682233629675,65171.75,-1863907,124970.45,-1229.0,-1.3393927504958714
2025-12-05,11442.0,11461.5,11566.75,12087.416666666666,11571.243702392225,148.21428571428572,33.85416666666667,-154.99517815571926,-169.23408392710894,14.238905771389682,11922.163399030671,11211.336600969329,11566.75,710.8267980613418,38.62846493486343,41.69596260467102,32.49346959524826,-81.91489361702128,-53.17137199318752,58.86936062768672,63044.5,-1863907,122349.45,-7189.0,-7.941101746401702
2025-12-08,11420.0,11460.0,11538.25,12055.083333333334,11553.506206926299,154.28571428571428,40.625,-151.75031287975798,-165.73732971763874,13.98701683788076,11851.489020893845,11225.010979106155,11538.25,626.47804178769,44.41897662324229,42.603633944194776,48.04966198133731,-44.0,-73.09068189091006,100.00000000000001,64694.25,-1863907,123399.1,68172.0,81.79985601151907
2025-12-09,11419.0,11463.5,11523.0,12024.166666666666,11543.648472933319,157.14285714285714,43.45238095238095,-142.29350603528837,-161.04856498116868,18.755058945880307,11821.1416124137,11224.8583875863,11523.0,596.283224827399,52.61265108216152,45.93997299018369,65.95800726611719,-31.0,-29.150379266083874,100.0,64122.45,-1771543,123862.75,-2686.0,-1.7727968741749867
2025-12-10,11383.0,11440.5,11498.75,11992.166666666666,11521.39623741586,155.0,42.441860465116285,-144.43083963537174,-157.72501991200932,13.294180276637576,11782.278054863616,11215.221945136384,11498.75,567.056109727233,49.02067895273353,46.9668749777003,53.1282869028,-59.0,-50.66950196068682,94.23984620461104,64194.15,-1834310,124672.1,602.0,0.4044992138470427
2025-12-11,11350.0,11404.0,11466.75,11957.25,11492.691833852445,157.14285714285714,42.441860465116285,-151.6389404373149,-156.50780401707044,4.868863579755555,11721.624065910388,11211.875934089612,11466.75,509.7481318207756,40.6665637462668,44.86677123388913,32.266148771022145,-77.0,-86.18119931136681,94.23984620461104,64057.85,-1908223,125668.65,5288.0,3.538828064352062
2025-12-12,11338.0,11390.0,11444.25,11924.0,11476.721183009355,161.07142857142858,45.9016393442623,-147.18216539111927,-154.6426762918802,7.460510900760937,11661.172857983658,11227.327142016342,11444.25,433.8457159673162,42.38882027528898,44.040787581022414,39.08488566382211,-56.0,-78.45534455065285,100.0,64854.0,-1830542,126939.55,1377.0,0.8900178391375135
2025-12-15,11322.0,11371.0,11424.75,11891.5,11460.366784627511,158.21428571428572,44.02173913043479,-143.60854203137933,-152.43584943978004,8.827307408400713,11615.274898220978,11234.225101779022,11424.75,381.04979644195555,43.763089485851566,43.9482215492988,43.3928253589571,-60.0,-57.47620249177562,88.23857302118174,63873.65,-1892813,127808.2,-1466.0,-0.939183691773493
2025-12-16,11302.0,11360.5,11415.5,11859.416666666666,11449.855662282034,149.64285714285714,38.6904761904762,-135.58238649846317,-149.0651568515167,13.482770353053525,11601.39470703942,11229.60529296058,11415.5,371.7894140788412,50.115563930738645,46.00400234311208,58.338687105991795,-51.0,-52.03680566695194,54.8840048840049,62245.4,-1837987,128518.05,1987.0,1.2850278411920213
2025-12-17,11327.0,11355.0,11409.25,11830.666666666666,11448.440837302793,156.42857142857142,41.477272727272734,-120.96836280175012,-143.44579804156336,22.477435239813246,11582.676004242088,11235.823995757912,11409.25,346.8520084841766,58.12947707742127,50.04582725454847,74.29677672316689,-32.6530612244898,30.093493123421574,72.31934731934734,64598.2,-1735851,129970.4,10767.0,6.874864316089235
2025-12-18,11348.0,11349.0,11403.5,11802.75,11436.684567083477,155.71428571428572,41.954022988505756,-116.9150010701178,-138.13963864727427,21.22463757715647,11580.227563155711,11226.772436844289,11403.5,353.45512631142265,55.232385467344514,51.77467999214715,62.14779641773926,-54.166666666666664,-21.4389561402921,73.05682822924206,63471.05,-1796657,131252.6,-1647.0,-0.9839826503605598
2025-12-19,11348.0,11343.0,11402.25,11777.666666666666,11426.047941646957,156.78571428571428,39.88095238095239,-112.40692562715412,-132.99309604325023,20.58617041609611,11580.913900868902,11223.586099131098,11402.25,357.3278017378034,50.67440416437687,51.407921382890386,49.207369727349814,-54.166666666666664,-56.8528381417564,58.907758907758925,64246.55,-1796657,132954.9,1610.0,0.9714361567330743
2025-12-22,11356.0,11339.0,11399.5,11753.0,11418.329090061534,153.57142857142858,43.292682926829265,-105.9985254866333,-127.59418193192685,21.595656445293557,11579.993475607433,11219.006524392567,11399.5,360.98695121486526,49.36735169400016,50.72773148659365,46.64659210881321,-46.06741573033708,-34.04534374565037,82.19341633975776,64248.05,-1734386,134186.0,-5817.0,-3.476073238359312
2025-12-23,11369.0,11335.5,11399.5,11730.0,11418.012033865198,152.85714285714286,45.6140350877193,-94.18569317725996,-120.91248418099349,26.726791003733524,11579.993475607433,11219.006524392567,11399.5,360.98695121486526,54.55658944102176,52.00401747140302,59.66173338025925,-30.337078651685392,-2.858419008718067,98.0370506686296,64445.95,-1677956,135737.05,326.0,0.20182384369176187
2025-12-24,11378.0,11352.5,11396.5,11710.25,11423.91564968756,153.21428571428572,55.828220858895705,-78.67209871063278,-112.46440708692136,33.792308376288574,11568.97730590614,11224.02269409386,11396.5,344.95461181228166,63.643786900075106,55.883940614293714,79.1634794716379,-15.730337078651685,31.966206080205712,100.0,63027.4,-1613466,137429.9,62.0,0.03830636441708446
2025-12-25,11405.0,11376.5,11390.25,11689.083333333334,11427.352254479221,154.64285714285714,54.491017964071865,-67.21646659335238,-103.41481898820757,36.19835239485519,11541.750390828081,11238.749609171919,11390.25,303.00078165616287,66.38752460005007,59.385135276212495,80.39230324772521,-20.224719101123597,48.41170574276355,92.19732280591178,63269.65,-1676792,139735.35,1516.0,0.9362937343667888
2025-12-26,11469.0,11408.5,11399.25,11671.75,11448.080611195486,150.0,62.745098039215684,-42.71742186792471,-91.27533956415101,48.5579176962263,11586.593618997167,11211.906381002833,11399.25,374.6872379943343,72.48964225037352,63.7533042675995,89.96231821592156,-13.513513513513514,115.45029556725355,100.00000000000001,65882.95,-1559581,142933.65,8077.0,4.942146838727046
2025-12-29,11543.0,11449.5,11410.25,11657.416666666666,11473.501505367345,154.28571428571428,62.926829268292686,-17.452159796801425,-76.51070361068109,59.058543813879666,11641.868447588196,11178.631552411804,11410.25,463.23689517639286,75.27087261136012,67.59249371551971,90.62763040304094,-17.293233082706767,142.52303933117204,100.0,68647.7,-1454393,146402.45,-392.0,-0.22856076684469873
2025-12-30,11618.0,11493.5,11427.0,11649.0,11503.644219141885,155.0,75.0,8.524352193930099,-59.50369244975886,68.02804464368896,11714.061335826204,11139.938664173796,11427.0,574.122671652407,78.89853045885548,71.36117262996495,93.97324611663652,-12.587412587412587,127.56398208520766,100.0,71527.45,-1348930,150079.9,1230.0,0.7188106313845477
2025-12-31,11681.0,11529.5,11442.25,11639.666666666666,11531.39238874742,150.0,82.85714285714286,29.178037061950818,-41.76734654741692,70.94538360936774,11772.5524929396,11111.9475070604,11442.25,660.6049858791994,81.57337928026263,74.76524151339751,95.18965481399286,-11.888111888111888,105.19576701169754,99.99999999999999,74157.95,-1266583,154049.2,-1202.0,-0.697434231139682
