时间,开盘,最高,最低,收盘,成交量,持仓量,MA5,MA10,MA20,MA60,MACD,MACD_SIGNAL,MACD_HIST,RSI14,ATR14,CCI20,VOL_MA20,OBV,OI_MA20,OI_CHANGE,OI_CHANGE_PCT
2020-06-22,2570,2763,2570,2599,130439,24859,2599.0,2599.0,2599.0,2599.0,0.0,0.0,0.0,0.0,193.0,0.0,130439.0,0,24859.0,0.0,0.0
2020-06-23,2611,2679,2602,2649,144505,33377,2624.0,2624.0,2624.0,2624.0,3.9886039886041544,0.7977207977208309,3.1908831908833237,99.9999999996,136.5,-35.35533905933943,137472.0,144505,29118.0,8518.0,34.26525604408865
2020-06-24,2660,2672,2588,2603,79323,34207,2617.0,2617.0,2617.0,2617.0,3.3986087775260785,1.3178983936818804,2.080710383844198,52.08333333333333,119.0,-57.71630710428439,118089.0,65182,30814.333333333332,830.0,2.4867423674985734
2020-06-29,2577,2577,2486,2514,63816,42496,2591.25,2591.25,2591.25,2591.25,-4.20208386679451,0.21390194158660236,-4.415985808381112,27.027027027027017,118.5,-73.6333736805339,104520.75,1366,33734.75,8289.0,24.231882363258972
2020-06-30,2540,2568,2522,2534,42512,40329,2579.8,2579.8,2579.8,2579.8,-8.513713900188122,-1.5316212267683427,-6.98209267341978,34.14634146341464,105.6,-46.94647385007246,92119.0,43878,35053.6,-2167.0,-5.099303463855421
2020-07-01,2526,2568,2516,2553,28865,39329,2570.6,2575.3333333333335,2575.3333333333335,2575.3333333333335,-10.279079722360166,-3.2811129258867076,-6.997966796473458,39.73214285714286,96.66666666666667,-37.413181575818406,81576.66666666667,72743,35766.166666666664,-1000.0,-2.479605246844707
2020-07-02,2526,2575,2526,2553,39078,41683,2551.4,2572.1428571428573,2572.1428571428573,2572.1428571428573,-11.545060583351187,-4.933902457379604,-6.611158125971583,39.732142857142854,89.85714285714286,-29.267119634018293,75505.42857142857,72743,36611.42857142857,2354.0,5.9854051717562085
2020-07-03,2560,2613,2560,2589,43286,39595,2548.6,2574.25,2574.25,2574.25,-9.533563416511242,-5.853834649205932,-3.6797287673053107,48.07692307692308,86.125,5.060378363547084,71478.0,116029,36984.375,-2088.0,-5.009236379339299
2020-07-06,2576,2612,2565,2601,30837,37478,2566.0,2577.222222222222,2577.222222222222,2577.222222222222,-6.891694543157428,-6.061406627996232,-0.8302879151611959,50.367647058823536,81.77777777777777,10.040878199476847,66962.33333333333,146866,37039.22222222222,-2117.0,-5.346634676095463
2020-07-07,2600,2609,2555,2574,26882,37095,2574.0,2576.9,2576.9,2576.9,-6.897162582060901,-6.228557818809166,-0.6686047632517349,45.819397993311036,79.0,-4.496817651179138,62954.3,119984,37044.8,-383.0,-1.0219328672821382
2020-07-08,2575,2591,2564,2570,13873,37052,2577.4,2574.0,2576.2727272727275,2576.2727272727275,-7.141934833828145,-6.411233221812962,-0.7307016120151832,45.21452145214521,74.27272727272727,-9.163382787272093,58492.36363636364,106111,37045.454545454544,-43.0,-0.1159185874107016
2020-07-09,2579,2583,2533,2563,14556,36747,2579.4,2565.4,2575.1666666666665,2575.1666666666665,-7.810722953202912,-6.691131168090952,-1.1195917851119601,44.19354838709677,72.25,-26.62225238515164,54831.0,91555,37020.583333333336,-305.0,-0.8231674403541
2020-07-10,2568,2575,2480,2493,21575,37502,2560.2,2554.4,2568.846153846154,2568.846153846154,-13.829736745269656,-8.118852283526692,-5.710884461742964,36.05263157894737,74.0,-71.65623658110249,52272.846153846156,69980,37057.61538461538,755.0,2.0545894902985307
2020-07-13,2511,2557,2507,2542,15256,36363,2548.4,2557.2,2566.9285714285716,2566.9285714285716,-14.479052545375453,-9.390892335896446,-5.088160209479007,43.35664335664336,73.28571428571429,-45.16739660399864,49628.78571428572,85236,37008.0,-1139.0,-3.0371713508612896
2020-07-14,2549,2560,2485,2519,18192,38243,2537.4,2555.7,2563.733333333333,2563.733333333333,-16.657530137534195,-10.844219896223995,-5.8133102413102,41.150442477876105,64.85714285714286,-57.06600825689539,47533.0,67044,37090.333333333336,1880.0,5.170090476583344
2020-07-15,2518,2539,2506,2520,13821,38565,2527.4,2552.4,2561.0,2561.0,-18.09471309278615,-12.294318535536428,-5.800394557249723,33.99503722084367,61.5,-52.76924672081581,45426.0,80865,37182.5,322.0,0.8419841539628159
2020-07-16,2529,2540,2503,2510,16460,38007,2516.8,2548.1,2558.0,2558.0,-19.812224375757978,-13.797899703580738,-6.01432467217724,37.32970027247957,58.142857142857146,-53.70785806857549,43722.117647058825,64405,37231.0,-558.0,-1.446907817969667
2020-07-17,2510,2535,2484,2491,19137,38953,2516.4,2538.3,2554.277777777778,2554.277777777778,-22.4477420547164,-15.527868173807871,-6.919873880908529,46.12794612794613,53.42857142857143,-64.95227744967174,42356.27777777778,45268,37326.666666666664,946.0,2.489015181413956
2020-07-20,2485,2518,2436,2452,29044,39974,2498.4,2523.4,2548.8947368421054,2548.8947368421054,-27.36790271994323,-17.895875083034944,-9.472027636908287,37.02531645569621,55.42857142857143,-91.44250303724084,41655.63157894737,16224,37466.0,1021.0,2.621107488511787
2020-07-21,2456,2487,2436,2487,18480,37574,2492.0,2514.7,2545.8,2545.8,-28.118821728653984,-19.940464412158754,-8.17835731649523,40.06024096385543,55.357142857142854,-81.20293951706212,40496.85,34704,37471.4,-2400.0,-6.00390253664882
2020-07-22,2530,2598,2516,2528,37610,36752,2493.6,2510.5,2542.25,2544.9523809523807,-25.116050903813175,-20.97558171048964,-4.140469193323536,46.64879356568365,59.785714285714285,1.282658125790388,35855.4,72314,38066.05,-822.0,-2.187682972268057
2020-07-23,2526,2588,2514,2588,16297,36810,2509.2,2513.0,2539.2,2546.909090909091,-17.690905090575598,-20.318646386506835,2.627741295931237,49.87405541561713,60.785714285714285,27.20033431831106,29445.0,88611,38237.7,58.0,0.15781454070527
2020-07-24,2568,2573,2486,2506,30403,38900,2512.2,2514.3,2534.35,2545.1304347826085,-18.21318794241961,-19.89755469768939,1.6843667552697816,39.82869379014989,64.71428571428571,-22.626693706821186,26999.0,58208,38472.35,2090.0,5.6778049443086065
2020-07-27,2518,2521,2484,2486,22374,44380,2519.0,2508.7,2532.95,2542.6666666666665,-20.010267807056152,-19.920097319562743,-0.09017048749340972,40.43478260869565,63.5,-54.701658227936804,24926.9,35834,38566.55,5480.0,14.087403598971715
2020-07-28,2495,2510,2462,2492,29191,50929,2520.0,2506.0,2530.85,2540.64,-20.711566643372407,-20.078391184324676,-0.633175459047731,41.558441558441565,65.0,-60.99615242691968,24260.85,65025,39096.55,6549.0,14.756647138350608
2020-07-29,2485,2513,2477,2508,18850,54852,2516.0,2504.8,2528.6,2539.3846153846152,-19.748634772755395,-20.01243990201082,0.26380512925542376,44.161358811040344,64.0,-41.842081663807754,23760.1,83875,39872.7,3923.0,7.702880480669161
2020-07-30,2511,2522,2485,2495,17204,56772,2497.4,2503.3,2525.7,2537.740740740741,-19.806182341100794,-19.971188389828818,0.16500604872802427,50.24154589371981,59.857142857142854,-36.45831400852033,22666.4,66671,40627.15,1920.0,3.500328155764598
2020-07-31,2490,2490,2389,2430,61131,69468,2482.2,2497.2,2517.75,2533.8928571428573,-24.81074317281218,-20.93909934642549,-3.8716438263866912,36.97674418604652,62.857142857142854,-104.37814006729582,23558.65,5540,42120.8,12696.0,22.363136757556546
2020-08-03,2431,2434,2400,2405,27686,71978,2466.0,2492.5,2507.95,2529.448275862069,-30.443253873750564,-22.839930251890507,-7.603323621860056,36.805555555555564,59.92857142857143,-113.63832922711632,23401.1,-22146,43845.8,2510.0,3.613174411239717
2020-08-04,2410,2456,2410,2431,22390,73181,2453.8,2486.9,2500.8,2526.1666666666665,-32.435183865952695,-24.758980974702947,-7.676202891249748,40.262582056892775,61.214285714285715,-82.1805840316553,23176.5,244,45650.1,1203.0,1.6713440217844378
2020-08-05,2420,2470,2411,2462,29183,70883,2444.6,2480.3,2495.4,2524.0967741935483,-31.153246579319784,-26.037834095626316,-5.1154124836934685,44.979079497907954,62.785714285714285,-59.57338149549662,23942.0,29427,47341.65,-2298.0,-3.1401593309738907
2020-08-06,2488,2529,2450,2472,47177,66133,2440.0,2468.7,2490.85,2522.46875,-28.99613620854643,-26.62949451821034,-2.366641690336092,47.97441364605544,64.78571428571429,-13.264798991935606,25573.05,76604,48810.95,-4750.0,-6.701183640647268
2020-08-07,2480,2487,2450,2452,23361,66350,2444.4,2463.3,2488.8,2520.3333333333335,-28.57109376753033,-27.01781436807434,-1.5532793994559881,50.0,61.57142857142857,-35.70466648533773,25662.35,53243,50253.35,217.0,0.3281266538641914
2020-08-10,2450,2480,2442,2478,22114,66941,2459.0,2462.5,2485.6,2519.0882352941176,-25.838412723799593,-26.781934039219394,0.943521315419801,48.97959183673469,60.642857142857146,-27.532813191818946,26005.25,75357,51782.25,591.0,0.8907309721175594
2020-08-11,2476,2493,2430,2443,30775,68826,2461.4,2457.6,2481.8,2516.9142857142856,-26.194991248240058,-26.66454548102353,0.46955423278347297,40.22988505747126,57.214285714285715,-37.99725712613906,26634.4,44582,53311.4,1885.0,2.8159125199802792
2020-08-12,2457,2494,2417,2492,45873,67059,2467.4,2456.0,2480.4,2516.222222222222,-22.267011559431467,-25.78503869670512,3.518027137273652,38.679245283018865,57.42857142857143,-19.039606734775703,28237.0,90455,54736.1,-1767.0,-2.567343736378691
2020-08-13,2500,2510,2460,2461,24148,65644,2465.2,2452.6,2477.95,2514.7297297297296,-21.408713950713263,-24.909773747506748,3.5010597967934842,43.96782841823057,53.714285714285715,-4.181718396578254,28621.4,66307,56117.95,-1415.0,-2.1100821664504443
2020-08-14,2465,2478,2439,2450,27603,66777,2464.8,2454.6,2475.9,2513.0263157894738,-21.36977748860363,-24.201774495726127,2.831997007122496,45.05494505494505,53.857142857142854,-29.77634602497152,29044.7,38704,57509.15,1133.0,1.7259764791907939
2020-08-17,2445,2460,2442,2450,18914,67487,2459.2,2459.1,2475.8,2511.4102564102564,-21.095741485656163,-23.580567893712136,2.484826408055973,44.134078212290504,51.714285714285715,-34.891182083778816,28538.2,38704,58884.8,710.0,1.0632403372418553
2020-08-18,2445,2487,2440,2456,28713,68463,2461.8,2461.6,2474.25,2510.025,-20.1620011245368,-22.89685453987707,2.734853415340268,42.52873563218391,52.5,-20.427011910711588,29049.85,67417,60429.25,976.0,1.446204454191169
2020-08-19,2464,2475,2452,2460,23825,66697,2455.4,2461.4,2470.85,2508.8048780487807,-18.881583449875507,-22.093800321876756,3.2122168720012496,44.8377581120944,51.5,-14.481087539306747,28360.6,91242,61926.5,-1766.0,-2.579495493916417
2020-08-20,2450,2501,2450,2490,43268,68225,2461.2,2463.2,2465.95,2508.3571428571427,-15.270070075712283,-20.72905427264386,5.458984196931578,59.86842105263158,47.57142857142857,23.563945089794217,29709.15,134510,63497.25,1528.0,2.290957614285505
2020-08-21,2494,2541,2457,2496,61106,72124,2470.4,2467.6,2465.45,2508.0697674418607,-11.787886434122811,-18.94082070493965,7.152934270816839,65.96491228070175,51.142857142857146,64.65428369271098,31244.3,195616,65158.45,3899.0,5.71491388787102
2020-08-24,2490,2501,2454,2464,52035,75509,2473.2,2466.2,2464.35,2507.068181818182,-11.478051541890636,-17.44826687232985,5.970215330439213,55.670103092783506,50.857142857142854,16.02860335872428,32727.35,143581,66714.9,3385.0,4.693305973046424
2020-08-25,2468,2499,2468,2496,36139,72956,2481.2,2471.5,2464.55,2506.822222222222,-8.551792848068999,-15.668972067477679,7.11717921940868,55.821917808219176,49.142857142857146,47.796518478187515,33074.75,179720,67816.25,-2553.0,-3.3810539141029494
2020-08-26,2505,2564,2501,2532,46750,74683,2495.6,2475.5,2465.75,2507.3695652173915,-3.2898888247268587,-13.193155418927516,9.903266594200657,59.43396226415094,48.357142857142854,122.51534481519832,34469.75,226470,68807.8,1727.0,2.367180218213716
2020-08-27,2535,2538,2503,2512,24264,76132,2500.0,2480.6,2466.6,2507.468085106383,-0.725264432367112,-10.699577221615435,9.974312789248323,59.43396226415094,48.214285714285715,88.76790156627743,34822.75,202206,69775.8,1449.0,1.940200581122875
2020-08-28,2512,2513,2470,2475,35575,81171,2495.8,2483.1,2468.85,2506.7916666666665,-1.6592451570727462,-8.891510808706897,7.232265651634151,49.544072948328264,48.57142857142857,28.43673200674174,33544.95,166631,70360.95,5039.0,6.618767403982551
2020-08-31,2477,2506,2475,2491,32477,79249,2501.2,2487.2,2473.15,2506.469387755102,-1.0957343840414069,-7.332355523773799,6.236621139732392,57.74193548387096,46.285714285714285,34.02452888298701,33784.5,199108,70724.5,-1922.0,-2.367840731295656
2020-09-01,2495,2498,2461,2477,28306,82970,2497.4,2489.3,2475.45,2505.88,-1.7585594549245798,-6.217596310003955,4.4590368550793755,47.27272727272727,43.42857142857143,4.415362621575121,34080.3,170802,71213.95,3721.0,4.6953273858345135
2020-09-02,2474,2510,2471,2484,40039,82980,2487.8,2491.7,2476.55,2505.450980392157,-1.6994217246488006,-5.313961392932924,3.6145396682841238,54.58167330677291,42.642857142857146,23.046449303230276,34623.1,210841,71818.8,10.0,0.012052549114138777
2020-09-03,2485,2489,2397,2401,68673,97450,2465.6,2482.8,2473.0,2503.4423076923076,-8.25480473683001,-5.902130061712342,-2.352674675117669,42.414860681114554,46.42857142857143,-100.25629333565118,35697.9,142168,73384.65,14470.0,17.437936852253564
2020-09-04,2390,2390,2318,2353,75683,103697,2441.2,2468.5,2468.05,2500.603773584906,-17.125776558489633,-8.1468593610678,-8.978917197421833,36.927223719676554,51.07142857142857,-162.22923478423633,38314.0,66485,75252.0,6247.0,6.410466906105694
2020-09-07,2349,2370,2281,2293,76611,112806,2401.6,2451.4,2458.8,2496.759259259259,-28.667127398154662,-12.250912968485174,-16.416214429669488,30.82352941176471,54.07142857142857,-147.83419178224386,41038.85,-10126,77545.25,9109.0,8.78424641021438
2020-09-08,2290,2315,2279,2288,37137,113454,2363.8,2430.6,2451.05,2492.9636363636364,-37.78166577796992,-17.357063530382124,-20.424602247587796,29.812206572769952,55.0,-128.05599358677546,41356.95,-47263,79776.65,648.0,0.5744375299186144
2020-09-09,2260,2260,2160,2178,86385,110055,2302.6,2395.2,2435.35,2487.339285714286,-53.26705435727854,-24.539061695761408,-28.72799266151713,19.169960474308297,60.5,-142.82021991611515,43382.55,-133648,81926.45,-3399.0,-2.9959278650378174
2020-09-10,2200,2238,2193,2218,45564,108620,2266.0,2365.8,2423.2,2482.6140350877195,-61.60156615750839,-31.951562588110807,-29.65000356939758,24.259259259259267,58.785714285714285,-108.19200941961091,44453.35,-88084,84075.25,-1435.0,-1.3038935077915537
2020-09-11,2212,2231,2195,2200,34671,110582,2235.4,2338.3,2410.7,2477.7413793103447,-68.86533960603629,-39.334317991695904,-29.531021614340382,24.90494296577947,58.0,-94.86865046279623,44806.75,-122755,86265.5,1962.0,1.806297182839267
2020-09-14,2195,2265,2183,2239,52287,108376,2224.6,2313.1,2400.15,2473.6949152542375,-70.66042889356049,-45.59954017206883,-25.060888721491665,25.89118198874297,61.357142857142854,-75.4601752545381,46475.4,-70468,88309.95,-2206.0,-1.9948997124305978
2020-09-15,2234,2245,2218,2224,34330,110454,2211.8,2287.8,2388.55,2469.5333333333333,-72.45817202317585,-50.97126654229024,-21.48690548088561,19.921875,58.42857142857143,-67.28839215162351,46756.25,-104798,90409.5,2078.0,1.91739868605596
2020-09-16,2229,2271,2223,2260,49912,110893,2228.2,2265.4,2378.55,2463.883333333333,-70.16913120423442,-54.81083947467908,-15.35829172955534,26.13636363636364,59.357142857142854,-52.61992565517531,48060.6,-54886,92619.3,439.0,0.3974505223894198
2020-09-17,2258,2269,2210,2222,44343,113488,2229.0,2247.5,2365.15,2456.766666666667,-70.60741396769345,-57.97015437328196,-12.63725959441149,26.08695652173914,60.5,-53.877739989718485,48114.35,-99229,94882.45,2595.0,2.340093603744142
2020-09-18,2220,2327,2220,2320,83445,105264,2253.0,2244.2,2356.35,2452.05,-62.32849118729564,-58.8418217360847,-3.4866694512109433,36.00654664484451,65.92857142857143,-28.538676357713353,49231.3,-15784,96539.45,-8224.0,-7.2465811363315975
2020-09-21,2305,2343,2287,2293,59087,110313,2263.8,2244.2,2347.8,2448.366666666667,-57.285705633567886,-58.53059851558134,1.2448928820134526,35.25641025641026,67.28571428571429,-18.079826570086524,49583.9,-74871,98279.65,5049.0,4.796511627906974
2020-09-22,2287,2298,2173,2230,86626,106946,2265.0,2238.4,2334.5,2443.3,-57.70761774237326,-58.366002360939724,0.6583846185664655,31.323529411764696,73.42857142857143,-43.772910009356714,52108.25,-161497,99979.15,-3367.0,-3.052224125896308
2020-09-23,2235,2251,2209,2229,45516,103366,2258.8,2243.5,2319.35,2437.9,-57.46031107272074,-58.18486410329593,0.724553030575187,35.618729096989966,69.85714285714286,-41.46666038536984,52046.55,-207013,101413.3,-3580.0,-3.34748377685935
2020-09-24,2235,2267,2222,2227,54097,94050,2259.8,2244.4,2305.1,2432.4666666666667,-56.77127808569685,-57.90214689977612,1.130868814079271,38.586956521739125,67.14285714285714,-33.812334705782526,53538.2,-261110,102309.2,-9316.0,-9.012634715477041
2020-09-25,2225,2274,2220,2241,45352,85514,2244.0,2248.5,2293.4,2426.6666666666665,-54.46766217750792,-57.215249955322484,2.747587777814566,44.86166007905138,64.64285714285714,-27.070436732048652,54027.05,-215758,102526.35,-8536.0,-9.076023391812871
2020-09-28,2238,2260,2230,2260,33620,75433,2237.4,2250.6,2281.85,2420.983333333333,-50.52645128445329,-55.87749022114865,5.35103893669536,47.30769230769231,64.21428571428571,-20.630839776379606,54084.2,-182138,102335.55,-10081.0,-11.788712959281522
2020-09-29,2275,2295,2250,2270,26564,72393,2245.4,2255.2,2271.5,2415.9166666666665,-46.065087179816146,-53.91500961288215,7.849922433066006,60.952380952380956,58.285714285714285,-2.653039984609075,53997.1,-155574,101806.7,-3040.0,-4.030066416555089
2020-09-30,2276,2279,2192,2204,38002,75224,2240.4,2249.6,2257.5,2409.8166666666666,-47.30971544906242,-52.59395078011821,5.28423533105579,48.4304932735426,60.214285714285715,-33.56289190858407,53895.25,-193576,101418.9,2831.0,3.910599091072342
2020-10-09,2300,2368,2262,2314,28832,70396,2257.8,2258.8,2253.15,2405.6666666666665,-38.97078072611748,-49.86931676931807,10.898536043200586,60.594795539033456,69.35714285714286,69.0118285189117,51903.2,-164744,100066.2,-4828.0,-6.418164415612038
2020-10-12,2316,2335,2293,2327,42104,74838,2275.0,2259.5,2251.85,2402.9,-30.95627881240216,-46.086709177934885,15.130430365532725,58.59375,66.5,82.81501430553392,50224.25,-122640,98623.25,4442.0,6.310017614637187
2020-10-13,2341,2347,2294,2312,31602,78396,2285.4,2261.4,2252.8,2399.0666666666666,-25.52091373684243,-41.9735500897164,16.452636352873967,58.59375,68.35714285714286,81.21393495991357,47973.8,-154242,96902.75,3558.0,4.75426922151847
2020-10-14,2323,2337,2284,2323,30475,78976,2296.0,2270.7,2254.55,2395.8,-20.094107324517154,-37.597661536676554,17.5035542121594,56.46817248459959,68.71428571428571,73.40047380362533,47640.7,-123767,95178.85,580.0,0.739833664982914
2020-10-15,2345,2396,2330,2380,59630,83414,2331.2,2285.8,2264.65,2393.4666666666667,-11.066334695777641,-32.291396168496775,21.225061472719133,65.61264822134387,69.71428571428571,116.04531511260757,46302.95,-64137,93846.8,4438.0,5.619428687196115
2020-10-16,2338,2406,2328,2369,49716,89657,2342.2,2300.0,2272.2,2391.116666666667,-4.744674263622073,-26.782051787521834,22.03737752389976,55.84725536992841,67.64285714285714,97.74147361780386,46510.55,-113853,92898.65,6243.0,7.484355144220389
2020-10-19,2367,2382,2353,2366,31692,89215,2350.0,2312.5,2280.5,2389.0333333333333,0.022947718991417787,-21.421051886219185,21.443999605210603,59.24050632911392,65.71428571428571,85.53084095297328,46361.6,-145545,91830.3,-442.0,-0.49298995058947304
2020-10-20,2362,2365,2302,2328,45422,86090,2353.2,2319.3,2284.95,2386.9666666666667,0.7266635433297779,-16.991508800309393,17.71817234363917,63.24324324324324,61.357142857142854,45.926680233010416,46018.35,-190967,90716.0,-3125.0,-3.502774197164149
2020-10-21,2326,2356,2310,2335,30175,84400,2355.6,2325.8,2290.5,2384.4333333333334,1.8281313425304688,-13.22758077174142,15.05571211427189,64.09574468085107,61.642857142857146,43.341825479532744,45810.6,-160792,89413.3,-1690.0,-1.9630619119526127
2020-10-22,2330,2338,2266,2297,40593,85833,2339.0,2335.1,2292.35,2380.5833333333335,-0.36106774746940573,-10.654278166887018,10.293210419417612,58.49514563106796,63.57142857142857,7.566656633996645,45344.65,-201385,88160.3,1433.0,1.6978672985781929
2020-10-23,2301,2337,2295,2311,26558,83218,2327.4,2334.8,2296.8,2375.9666666666667,-0.9553283707168703,-8.71448820765299,7.759159836936119,58.49514563106796,62.714285714285715,18.429940687019208,44455.4,-174827,86646.8,-2615.0,-3.0466137732573673
2020-10-26,2318,2340,2227,2244,45215,83326,2303.0,2326.5,2293.0,2371.6,-6.754759589834066,-8.322542484089205,1.5677828942551386,48.26086956521739,68.64285714285714,-27.029616758000913,42543.9,-220042,85549.9,108.0,0.12977961498714663
2020-10-27,2238,2260,2234,2256,30667,81730,2288.6,2320.9,2291.15,2367.766666666667,-10.264231233418286,-8.71088023395502,-1.553350999463266,48.484848484848484,67.28571428571429,-44.462929818391814,41122.9,-189375,84120.75,-1596.0,-1.915368552432617
2020-10-28,2252,2271,2217,2236,39364,82115,2268.8,2312.2,2291.45,2363.5,-14.492287578295418,-9.8671617028231,-4.6251258754723175,53.846153846153854,64.92857142857143,-54.31444055812927,38759.8,-228739,82879.2,385.0,0.4710632570659401
2020-10-29,2210,2217,2155,2159,46879,83722,2241.2,2290.1,2287.95,2357.6833333333334,-23.782163203732125,-12.650162003004905,-11.13200120072722,29.76501305483029,59.0,-107.60328096553899,38827.95,-275618,81897.0,1607.0,1.9570115082506279
2020-10-30,2098,2138,2005,2050,91838,80701,2189.0,2258.2,2279.1,2350.266666666667,-39.48469068002851,-18.017067738409626,-21.46762294161888,21.085594989561585,67.0,-149.91778348027438,40715.0,-367456,81229.55,-3021.0,-3.6083705597095173
2020-11-02,2070,2077,1970,2015,56871,78817,2143.2,2223.1,2267.8,2343.35,-54.12929550413446,-25.239513291554594,-28.889782212579867,20.240480961923836,70.85714285714286,-134.38171197055692,41290.95,-424327,80894.7,-1884.0,-2.33454356203765
2020-11-03,2024,2111,2024,2102,52675,74253,2112.4,2200.5,2259.9,2338.3,-58.04595973380037,-31.800802580003754,-26.24515715379662,30.782608695652172,73.92857142857143,-89.44219753374405,42243.7,-371652,80835.7,-4564.0,-5.790628925231866
2020-11-04,2137,2192,2127,2167,69980,68788,2098.6,2183.7,2254.75,2333.9,-55.26789370594588,-36.494220805192185,-18.773672900753695,31.73241852487135,75.14285714285714,-45.23822985739732,44414.5,-301672,80655.45,-5465.0,-7.359971987663794
2020-11-05,2193,2209,2147,2193,47414,64707,2105.4,2173.3,2254.2,2329.4166666666665,-50.38743862764386,-39.27286436968252,-11.114574257961337,35.28428093645485,74.0,-33.87743524065745,44885.1,-254258,80129.6,-4081.0,-5.932720823399428
2020-11-06,2205,2228,2139,2158,42385,63341,2127.0,2158.0,2246.4,2324.1833333333334,-48.78152722865934,-41.17459694147789,-7.606930287181456,33.492063492063494,78.28571428571429,-34.212012605119824,45562.75,-296643,79776.85,-1366.0,-2.1110544454232105
2020-11-09,2158,2227,2150,2197,37123,62919,2163.4,2153.3,2239.9,2319.9333333333334,-43.856308585823626,-41.71093927034704,-2.145369315476586,39.61965134706815,79.21428571428571,-23.699656796286636,45313.7,-259520,79180.9,-422.0,-0.666235139956739
2020-11-10,2311,2325,2245,2269,75478,59307,2196.8,2154.6,2237.75,2316.45,-33.75414231481773,-40.11957987924118,6.365437564423452,45.25862068965517,85.07142857142857,19.142256667179762,47507.5,-184042,78226.45,-3612.0,-5.740714251656898
2020-11-11,2279,2383,2272,2355,57589,58364,2234.4,2166.5,2239.35,2314.983333333333,-18.594278229957126,-35.81451954938437,17.220241319427245,53.89784946236559,88.07142857142857,45.429332739380214,48863.2,-126453,77195.85,-943.0,-1.5900315308479573
2020-11-12,2370,2384,2307,2326,57000,54011,2261.0,2183.2,2236.65,2312.2166666666667,-8.818381545465854,-30.415291948600668,21.596910403134814,50.98814229249011,90.57142857142857,48.006955812230544,48731.7,-183453,75725.7,-4353.0,-7.458364745391
2020-11-13,2313,2344,2248,2261,38949,52313,2281.6,2204.3,2231.25,2308.883333333333,-6.243894040004307,-25.581012366881396,19.33711832687709,51.12285336856011,89.35714285714286,24.619828243487248,48193.35,-222402,73858.5,-1698.0,-3.143804039917797
2020-11-16,2259,2287,2250,2269,30001,50767,2296.0,2229.7,2226.4,2305.866666666667,-3.5175132988024416,-21.168312553265608,17.650799254463166,50.86321381142099,90.14285714285714,20.159193162927707,48108.8,-192401,71936.1,-1546.0,-2.9552883604457736
2020-11-17,2314,2348,2296,2304,49098,48527,2303.0,2249.9,2225.2,2303.4333333333334,1.4506484021258075,-16.644520362187325,18.095168764313133,54.427083333333336,91.92857142857143,45.71080025302596,48292.6,-143303,70057.95,-2240.0,-4.412315086571983
2020-11-18,2302,2313,2259,2295,30966,44849,2291.0,2262.7,2223.2,2300.75,4.608602459523809,-12.3938957978451,17.00249825736891,59.714285714285715,90.0,33.38193706569885,48332.15,-174269,68080.4,-3678.0,-7.5792857584437545
2020-11-19,2336,2352,2304,2323,40220,43310,2290.4,2275.7,2224.5,2298.4666666666667,9.26388153629432,-8.062340331017218,17.32622186731154,72.05169628432957,83.07142857142857,52.10911400321626,48313.5,-134049,65954.25,-1539.0,-3.431514638007538
2020-11-20,2324,2375,2324,2346,34613,43857,2307.4,2294.5,2226.25,2296.0666666666666,14.640366493464171,-3.52179896612094,18.16216545958511,77.26523887973642,79.14285714285714,61.648078295335225,48716.25,-99436,63986.2,547.0,1.262987762641421
2020-11-23,2344,2393,2300,2374,46894,42706,2328.4,2312.2,2232.75,2294.0333333333333,20.91948870784563,1.3664585686723738,19.553030139173256,74.81751824817519,78.92857142857143,60.89069485388433,48800.2,-52542,61955.2,-1151.0,-2.6244385160863692
2020-11-24,2376,2457,2369,2449,46553,41056,2357.4,2330.2,2242.4,2293.7833333333333,31.583536155490947,7.409874086036089,24.173662069454856,75.26881720430107,78.78571428571429,83.93106695263282,49594.5,-5989,59921.5,-1650.0,-3.863625720039343
2020-11-25,2448,2522,2428,2486,62299,36906,2395.6,2343.3,2254.9,2293.616666666667,42.530199698170236,14.43393920846292,28.096260489707316,75.7469244288225,81.07142857142857,92.84061041750769,50741.25,56310,57661.05,-4150.0,-10.10814497272019
2020-11-26,2488,2564,2479,2528,48611,33873,2436.6,2363.5,2273.35,2293.55,53.97239820370896,22.341631007512127,31.630767196196835,82.11805555555556,80.78571428571429,94.52905289677007,50827.85,104921,55168.6,-3033.0,-8.218175906356695
2020-11-27,2500,2505,2454,2465,34963,28401,2460.4,2383.9,2294.1,2292.766666666667,57.29637255188072,29.332579316385846,27.963793235494876,72.33333333333334,80.57142857142857,69.50424030266042,47984.1,69958,52553.6,-5472.0,-16.15445930387034
2020-11-30,2553,2587,2514,2524,59068,77756,2490.4,2409.4,2319.55,2293.5833333333335,63.954228550569496,36.25690916322257,27.697319387346923,71.7206132879046,80.14285714285714,88.74090813735809,48093.95,129026,52500.55,49355.0,173.7790922854829
2020-12-01,2552,2603,2525,2532,64934,82067,2507.0,2432.2,2341.05,2294.266666666667,69.07985101620216,42.821497533818494,26.25835348238366,67.38703339882122,77.64285714285714,85.94934586531727,48706.9,193960,52891.25,4311.0,5.544266680384791
2020-12-02,2566,2566,2461,2483,66573,86426,2506.4,2451.0,2356.85,2294.366666666667,68.39958541501755,47.93711511005831,20.462470304959247,64.83931947069942,79.64285714285714,59.93358929277111,48536.55,127387,53773.15,4359.0,5.311513763144737
2020-12-03,2495,2562,2485,2531,71138,85804,2507.0,2471.8,2373.75,2295.15,70.91619116434549,52.532930320915746,18.383260843429746,76.3671875,78.42857142857143,63.3383884328075,49722.75,198525,54828.0,-622.0,-0.7196908337768759
2020-12-04,2532,2605,2490,2563,71573,83960,2526.6,2493.5,2394.0,2297.85,74.63243565553603,56.95283138783981,17.67960426769622,77.42537313432837,84.0,68.8939382206843,51182.15,270098,55858.95,-1844.0,-2.149083958789799
2020-12-07,2556,2587,2528,2580,62514,84487,2537.8,2514.1,2413.15,2301.633333333333,78.04963648874218,61.17219240802029,16.877444080721894,76.64092664092664,82.57142857142857,68.97573349551826,52451.7,332612,56937.35,527.0,0.6276798475464584
2020-12-08,2565,2589,2485,2508,64240,82781,2533.0,2520.0,2425.1,2305.2166666666667,74.09388629836212,63.75653118608866,10.337355112273464,68.33046471600689,86.14285714285714,46.9398399147066,51889.8,268372,58111.05,-1706.0,-2.019245564406358
2020-12-09,2515,2548,2497,2517,59922,80691,2539.8,2523.1,2433.2,2309.0333333333333,70.8682257640371,65.17887010167836,5.68935566235875,67.25978647686833,85.71428571428571,39.62440853606968,52006.45,328294,59227.4,-2090.0,-2.5247339365313315
2020-12-10,2530,2568,2510,2528,65205,83525,2539.2,2523.1,2443.3,2314.866666666667,68.41087661875144,65.82527140509298,2.585605213658468,66.54545454545453,86.14285714285714,42.034584280283184,52416.7,393499,60703.1,2834.0,3.5121636861607852
2020-12-11,2545,2670,2544,2616,115221,91064,2549.8,2538.2,2461.05,2321.5,72.72593496225954,67.2054041165263,5.520530845733248,69.8360655737705,89.64285714285714,70.15958373107937,56230.3,508720,62640.65,7539.0,9.026040107752165
2020-12-14,2602,2687,2588,2676,90407,97963,2569.0,2553.4,2481.4,2329.4333333333334,80.06421788139232,69.77716686949951,10.287051011892814,69.07563025210084,90.42857142857143,82.05341808917889,59250.6,599127,65000.45,6899.0,7.575990512167263
2020-12-15,2683,2687,2603,2635,68957,99045,2594.4,2563.7,2497.95,2336.0333333333333,81.63051683078265,72.14783686175613,9.48267996902652,62.43739565943238,89.71428571428571,71.16330116348288,60243.55,530170,67526.35,1082.0,1.1044986372405807
2020-12-16,2658,2675,2632,2634,55587,97743,2617.8,2578.8,2514.9,2342.866666666667,81.84763974747511,74.08779743889994,7.759842308575173,59.49820788530466,86.71428571428571,70.08589978557669,61474.6,474583,70171.05,-1302.0,-1.3145539906103232
2020-12-17,2639,2721,2626,2697,72590,100985,2651.6,2595.4,2533.6,2350.15,86.11065468508377,76.49236888813671,9.618285796947063,70.78853046594982,88.21428571428571,82.5554728161307,63093.1,547173,73054.8,3242.0,3.3168615655341016
2020-12-18,2690,2693,2632,2651,65419,93192,2658.6,2604.2,2548.85,2357.3,84.79978998167098,78.15385310684357,6.645936874827413,61.65137614678899,84.14285714285714,66.53219224238646,64633.4,481754,75521.55,-7793.0,-7.716987671436348
2020-12-21,2652,2725,2560,2591,99663,84839,2641.6,2605.3,2559.7,2361.8166666666666,78.0200550717982,78.1270934998345,-0.10703842803630437,54.941373534338354,90.28571428571429,44.71786863672616,67271.85,382091,77628.2,-8353.0,-8.963215726671814
2020-12-22,2580,2623,2521,2534,73792,78256,2621.4,2607.9,2563.95,2365.8333333333335,67.2721709678035,75.9561089934283,-8.683938025624798,54.21487603305785,90.07142857142857,-7.5166848588063075,68633.8,308299,79488.2,-6583.0,-7.759403104704199
2020-12-23,2570,2587,2500,2521,67457,72218,2598.8,2608.3,2565.7,2370.6833333333334,57.04779258469853,72.17444571168235,-15.126653126983825,49.122807017543856,90.64285714285714,-29.78125302534865,68891.7,240842,81253.8,-6038.0,-7.715702310365979
2020-12-24,2540,2619,2540,2598,59841,65030,2579.0,2615.3,2569.2,2376.8333333333335,54.52957256848049,68.64547108304198,-14.115898514561493,52.84552845528455,89.42857142857143,9.259018824296048,69453.2,300683,82811.65,-7188.0,-9.95319726384004
2020-12-25,2565,2616,2562,2610,44865,55846,2570.8,2614.7,2576.45,2383.2166666666667,52.89245349516386,65.49486756546636,-12.602414070302501,52.459016393442624,89.07142857142857,14.02806849031494,69948.3,345548,84183.9,-9184.0,-14.122712594187304
2020-12-28,2615,2631,2549,2563,43225,46459,2565.2,2603.4,2578.4,2388.5833333333335,47.2577595944731,61.84744597126772,-14.589686376794617,54.700854700854705,87.5,-1.689566675872169,69156.15,302323,82619.05,-9387.0,-16.80872399097518
2020-12-29,2581,2632,2547,2589,44923,40757,2576.2,2598.8,2581.25,2394.0666666666666,44.378637483168404,58.35368427364786,-13.975046790479453,55.98006644518272,89.92857142857143,4.480084504248989,68155.6,347246,80553.55,-5702.0,-12.273187111216345
2020-12-30,2589,2620,2568,2589,41545,34804,2589.8,2594.3,2586.55,2399.383333333333,41.61717557279371,55.00638253347703,-13.389206960683318,55.16074450084603,89.5,3.3334886004649142,66904.2,347246,77972.45,-5953.0,-14.6060799371887
2020-12-31,2608,2661,2573,2645,39314,30023,2599.2,2589.1,2592.25,2406.733333333333,43.44660369916346,52.69442676661432,-9.24782306745086,52.593917710196784,85.64285714285714,33.91587626740895,65313.0,386560,75183.4,-4781.0,-13.736926790024139
2021-01-04,2645,2710,2614,2704,27558,30808,2618.0,2594.4,2599.3,2413.233333333333,49.0913510494629,51.97381162318404,-2.88246057372114,52.5089605734767,85.42857142857143,75.98183551855375,63112.25,414118,72525.8,785.0,2.6146620923958253
2021-01-05,2670,2696,2583,2595,22010,29912,2624.4,2594.8,2600.05,2417.7,44.25927161109939,50.43090362076711,-6.171632009667718,46.805111821086264,88.07142857142857,21.700674361119233,61087.05,392108,69797.05,-896.0,-2.90833549727344
2021-01-06,2624,2769,2624,2766,64875,77310,2659.8,2618.0,2612.95,2425.266666666667,53.61010086467695,51.06674306954908,2.543357795127875,58.29145728643216,97.42857142857143,101.75291346629662,61118.8,456983,69523.5,47398.0,158.4581438887403
2021-01-07,2750,2778,2694,2751,63726,84750,2692.2,2641.0,2624.65,2432.4,59.12872662329528,52.679139780298314,6.449586842996965,53.6096256684492,96.64285714285714,106.13927978853646,61309.0,393257,69726.45,7440.0,9.623593325572365
2021-01-08,2749,2786,2711,2759,56253,87052,2715.0,2657.1,2636.2,2438.7166666666667,63.41678125898443,54.82666807603554,8.59011318294889,57.605633802816904,97.35714285714286,100.98481396335083,60861.4,449510,69902.8,2302.0,2.7162241887905614
2021-01-11,2779,2821,2566,2754,78691,84980,2725.0,2671.5,2643.1,2445.133333333333,65.6548094634818,56.99229635352479,8.662513109957004,62.44274809160305,103.78571428571429,61.14431958042056,59034.9,370819,69598.6,-2072.0,-2.3801865551624335
2021-01-12,2763,2864,2744,2855,72783,89256,2777.0,2700.7,2652.05,2453.2833333333333,74.71702746457277,60.537242575734396,14.17978488883837,72.96137339055794,105.07142857142857,118.69463063845916,58153.7,443602,69163.25,4276.0,5.03177218168982
2021-01-13,2876,2890,2805,2864,56966,87250,2796.6,2728.2,2663.5,2462.2166666666667,81.68352843449202,64.76649974748592,16.917028687006095,74.67625899280576,104.92857142857143,113.01122936910383,57554.15,500568,68573.5,-2006.0,-2.247467957336202
2021-01-14,2852,2885,2800,2849,42879,88656,2816.2,2754.2,2674.25,2470.7833333333333,85.01416562249733,68.8160329224882,16.198132700009126,69.826224328594,104.0,92.28332816807229,56918.75,457689,68119.15,1406.0,1.6114613180515658
2021-01-15,2842,2918,2814,2842,52545,90380,2832.8,2773.9,2681.5,2479.866666666667,86.09641224418192,72.27210878682695,13.824303457354972,68.47133757961784,107.57142857142857,86.48699611251726,55916.5,405144,67588.9,1724.0,1.9445948384767986
2021-01-18,2837,2868,2805,2858,48788,96518,2853.6,2789.3,2691.85,2488.983333333333,87.23952384528366,75.26559179851829,11.97393204676537,74.7068676716918,106.21428571428571,70.92677897434669,55084.95,453932,67755.2,6138.0,6.791325514494351
2021-01-19,2852,2905,2831,2845,42155,97700,2851.6,2814.3,2704.55,2499.0,86.1039044575964,77.43325433033391,8.67065012726249,71.91780821917808,105.42857142857143,69.70419119719772,52209.55,411777,68398.25,1182.0,1.224642035682466
2021-01-20,2841,2928,2838,2913,52983,104483,2861.4,2829.0,2723.5,2509.95,89.65743451615936,79.878090367499,9.779344148660357,74.84662576687117,108.14285714285714,74.75020644751972,51169.1,464760,69709.6,6783.0,6.942681678607987
2021-01-21,2915,2922,2830,2849,44789,101444,2861.4,2838.8,2739.9,2520.1666666666665,86.3143890120009,81.16535009639938,5.149038915601523,65.45454545454545,108.42857142857143,58.46450007513223,50035.7,419971,71170.9,-3039.0,-2.9086071418316872
2021-01-22,2839,2862,2789,2804,51115,99065,2853.8,2843.3,2750.2,2530.9166666666665,79.12181046587102,80.7566421702937,-1.6348317044226803,57.73993808049536,106.78571428571429,33.48286412652565,49599.4,368856,72872.65,-2379.0,-2.345136232798395
2021-01-25,2778,2818,2745,2790,42849,95903,2840.2,2846.9,2759.2,2543.25,71.46811718367962,78.89893717297089,-7.430819989291265,67.69509981851179,103.35714285714286,14.740958622530723,49498.6,326007,74875.5,-3162.0,-3.1918437389592658
2021-01-26,2800,2841,2776,2804,39272,91207,2832.0,2841.8,2771.25,2556.4,65.77399148186305,76.27394803474932,-10.499956552886275,54.82233502538072,95.57142857142857,21.603162754258978,49300.95,365279,77112.9,-4696.0,-4.896614287352841
2021-01-27,2823,2865,2806,2851,28557,87698,2819.6,2840.5,2784.35,2568.883333333333,64.31250847922274,73.88166012364401,-9.569151644421268,61.737089201877936,93.92857142857143,35.00650228102159,48482.65,393836,79459.95,-3509.0,-3.847292422730708
2021-01-28,2844,2846,2790,2818,36927,79136,2813.4,2837.4,2795.8,2579.733333333333,59.802087226678395,71.06574554425089,-11.263658317572492,56.5410199556541,92.92857142857143,18.56687650333551,48251.75,356909,81676.55,-8562.0,-9.76305046865379
2021-01-29,2824,2877,2786,2798,60896,53309,2812.2,2833.0,2803.45,2589.8166666666666,53.99133453905324,67.65086334321137,-13.659528804158128,54.72103004291846,81.21428571428571,15.836062252912152,49330.85,296013,82840.85,-25827.0,-32.636221188839464
2021-02-01,2813,2849,2770,2834,46099,42391,2821.0,2830.6,2809.95,2601.0833333333335,51.69525953263383,64.45974258109587,-12.76448304846204,47.38154613466334,78.28571428571429,9.80182714815292,50257.9,342112,83420.0,-10918.0,-20.48059427113621
2021-02-02,2842,2942,2826,2942,32810,42440,2848.6,2840.3,2827.3,2613.5,57.922605216690954,63.152315108214886,-5.229709891523932,57.800000000000004,80.5,79.32212856693526,50797.9,374922,84046.4,49.0,0.11559057347079182
2021-02-03,2977,2990,2932,2952,42255,101795,2868.8,2844.2,2836.6,2624.883333333333,62.93921388406716,63.10969486338534,-0.17048097931818518,60.4040404040404,78.57142857142857,112.66253826296604,49666.9,417177,85270.65,59355.0,139.85626767200756
2021-02-04,2953,3009,2943,2974,53721,104762,2900.0,2856.7,2847.75,2635.2,67.90733504643822,64.06922289999592,3.838112146442299,62.94117647058824,75.85714285714286,108.90592284536926,49166.65,470898,86271.25,2967.0,2.9146814676555888
2021-02-05,2966,3038,2966,3025,52379,109844,2945.4,2878.8,2861.05,2646.85,75.0942409708432,66.27422651416538,8.820014456677825,65.3211009174312,76.5,113.92514478497117,48972.95,523277,87410.85,5082.0,4.850995590004015
2021-02-08,3040,3087,3030,3045,60548,112062,2987.6,2904.3,2875.6,2659.9166666666665,81.46467449029615,69.31231610939153,12.152358380904616,68.1159420289855,75.64285714285714,124.71602870316633,48065.8,583825,88764.95,2218.0,2.0192272677615586
2021-02-09,3056,3148,3054,3120,55596,104976,3023.2,2935.9,2888.85,2674.1,91.51028850707235,73.7519105889277,17.758377918144646,68.51520572450805,76.57142857142857,124.49065208255446,47206.45,639421,89550.95,-7086.0,-6.323285324195538
2021-02-10,3107,3117,3033,3055,45068,98700,3043.8,2956.3,2898.4,2686.616666666667,93.15274634349771,77.6320777398417,15.520668603656006,68.39285714285714,76.21428571428571,88.08590195711359,46611.55,594353,90123.45,-6276.0,-5.9785093735711055
2021-02-18,3240,3274,3230,3239,38890,98014,3096.8,2998.4,2917.9,2702.35,108.05606520287938,83.71687523244924,24.33918997043014,81.11587982832617,86.64285714285714,133.4653389268004,46412.1,633243,90591.35,-686.0,-0.6950354609929099
2021-02-19,3250,3260,3132,3185,62135,100387,3128.8,3037.1,2935.05,2716.7166666666667,114.19335416446984,89.81217101885336,24.381183145616475,76.7253044654939,90.57142857142857,94.13558240946081,46891.6,571108,91091.7,2373.0,2.421082702471078
2021-02-22,3175,3226,3155,3211,45492,101344,3162.0,3074.8,2952.7,2731.133333333333,119.77449675073649,95.80463616523,23.969860585506495,77.09720372836219,91.0,83.34710838199594,46726.8,616600,91333.0,957.0,0.953310687638842
2021-02-23,3198,3354,3164,3296,79483,86140,3197.2,3110.2,2975.25,2746.5,129.56286206190543,102.5562813445651,27.00658071734034,78.20025348542458,100.21428571428571,92.39868309618213,48593.2,696083,90755.0,-15204.0,-15.002368171771396
2021-02-24,3286,3298,3218,3262,52411,69394,3238.6,3141.2,2992.7,2760.05,133.04305867821267,108.65363681129462,24.389421866918056,78.10126582278481,101.57142857142857,77.78096887660514,48564.6,643672,89000.55,-16746.0,-19.44044578592988
2021-02-25,3309,3365,3266,3357,42013,62660,3262.2,3179.5,3018.1,2774.5666666666666,141.83189581431452,115.2892886118986,26.542607202415923,82.3121387283237,102.42857142857143,84.95981058170365,48425.8,685685,87061.35,-6734.0,-9.704008992131886
2021-02-26,3424,3424,3286,3290,52936,55835,3283.2,3206.0,3042.4,2787.266666666667,141.75668962961572,120.58276881544204,21.173920814173684,75.44642857142857,106.64285714285714,76.21704999728371,48516.85,632749,84899.85,-6825.0,-10.89211618257261
2021-03-01,3280,3342,3241,3266,38931,52692,3294.2,3228.1,3066.2,2800.616666666667,138.1677766401267,124.09977038037897,14.068006259747733,69.95073891625616,105.57142857142857,57.43630703084025,48320.95,593818,82739.3,-3143.0,-5.629085698934356
2021-03-02,3284,3284,3090,3113,47353,46540,3257.6,3227.4,3081.65,2810.4333333333334,121.5762604615802,123.59506839661923,-2.018807935039021,58.42931937172775,115.28571428571429,22.05856715651116,48725.0,546465,80505.95,-6152.0,-11.675396644651936
2021-03-03,3143,3242,3118,3150,28708,45118,3235.2,3236.9,3096.6,2820.733333333333,110.14329182640404,120.9047130825762,-10.761421256172156,59.07216494845361,119.78571428571429,20.579008287043482,48732.55,575173,78376.95,-1422.0,-3.0554361839278066
2021-03-04,3167,3228,3163,3211,25365,45077,3206.0,3234.1,3116.25,2832.866666666667,104.79674042475472,117.6831185510119,-12.886378126257185,59.48979591836735,120.21428571428571,25.698238997945044,48154.45,600538,76674.0,-41.0,-0.0908728223768751
2021-03-05,3200,3379,3167,3377,41337,42407,3223.4,3253.3,3145.2,2846.9666666666667,112.65574727047306,116.67764429490414,-4.021897024431084,64.7424511545293,130.92857142857142,55.14749175082867,47176.5,641875,76128.9,-2670.0,-5.923198083279724
2021-03-08,3399,3530,3387,3502,37425,38130,3270.6,3282.4,3178.6,2862.616666666667,127.50077260805392,118.8422699575341,8.658502650519821,66.24149659863946,134.5,101.50276245031252,46742.8,679300,75915.85,-4277.0,-10.085599075624307
2021-03-09,3451,3469,3350,3361,32074,33219,3320.2,3288.9,3199.55,2875.633333333333,126.43062695962772,120.35994135795283,6.070685601674882,62.22044728434505,139.14285714285714,69.32865587392584,46706.0,647226,75454.8,-4911.0,-12.879622344610542
2021-03-10,3376,3388,3262,3278,29715,31530,3345.8,3290.5,3215.85,2888.4666666666667,117.53030627257431,119.79401434087714,-2.263708068302833,51.69417897480452,132.5,35.58893800239719,46079.0,617511,71941.55,-1689.0,-5.084439627923776
2021-03-11,3335,3385,3310,3331,40714,60206,3369.8,3287.9,3233.7,2902.0333333333333,113.44566406736067,118.52434428617386,-5.07868021881319,56.34782608695652,131.0,44.77117565008348,45428.65,658225,69713.75,28676.0,90.94830320329845
2021-03-12,3354,3407,3345,3360,42773,64366,3366.4,3294.9,3250.45,2915.9,111.2660080482633,117.07267703859175,-5.806668990328447,56.4614050303556,131.35714285714286,53.291768100916585,44948.35,700998,67439.85,4160.0,6.9096103378400775
2021-03-15,3348,3462,3348,3440,53489,68467,3354.0,3312.3,3270.2,2929.633333333333,114.67207802705343,116.5925572362841,-1.9204792092306633,56.271777003484324,125.92857142857143,69.03509871459394,44595.4,754487,65260.1,4101.0,6.371376192399714
2021-03-16,3409,3410,3310,3332,50472,70406,3348.2,3334.2,3280.8,2940.5666666666666,107.41846244887392,114.75773827880207,-7.339275829928141,52.86415711947627,129.5,33.77332892020764,44339.2,704015,63531.6,1939.0,2.8320212657192423
2021-03-17,3333,3358,3281,3354,41551,73515,3363.4,3354.6,3295.75,2952.55,102.26627403350403,112.25944542974247,-9.993171396238438,49.869451697127936,127.64285714285714,19.929933822957725,44163.35,745566,62272.35,3109.0,4.415816833792574
2021-03-18,3325,3328,3245,3260,47526,73726,3349.2,3359.5,3296.8,2962.983333333333,89.56565605526794,107.72068755484756,-18.15503149957962,48.724489795918366,125.57142857142857,-12.354139866947888,44595.15,698040,61057.95,211.0,0.28701625518601226
2021-03-19,3232,3266,3036,3042,89032,73347,3285.6,3326.0,3289.65,2968.733333333333,61.20402480673238,98.41735500522452,-37.213330198492145,41.824817518248175,134.78571428571428,-98.70740141681969,45940.0,609008,59705.95,-379.0,-0.5140655942272754
2021-03-22,3040,3170,3040,3155,62170,72752,3228.6,3291.3,3286.85,2977.133333333333,47.30013679369995,88.19391136291962,-40.89377456921967,51.57894736842105,130.21428571428572,-87.38285064564353,46773.9,671178,58276.35,-595.0,-0.8112124558604994
2021-03-23,3149,3185,3111,3132,38335,71440,3188.6,3268.4,3278.65,2986.15,34.032986506638736,77.36172639166344,-43.3287398850247,49.316109422492396,126.28571428571429,-69.29019042524898,44716.5,632843,57541.35,-1312.0,-1.803386848471522
2021-03-24,3033,3083,2985,3038,70427,67595,3125.4,3244.4,3267.45,2994.55,15.752079740347199,65.0397970614002,-49.287717321052995,43.587842846553,131.21428571428572,-102.12382111284658,45617.3,562416,57451.4,-3845.0,-5.382138857782759
2021-03-25,3068,3120,3060,3088,55575,59382,3091.0,3220.1,3254.0,3004.0,5.238525097350703,53.0795426685903,-47.8410175712396,38.280616382806166,121.92857142857143,-70.1104628164994,46295.4,617991,57287.5,-8213.0,-12.150306975367997
2021-03-26,3060,3074,3011,3074,62960,36579,3097.4,3191.5,3243.2,3011.9333333333334,-4.175097772203117,41.62861458043162,-45.80371235263474,30.926916221033864,116.5,-74.85137617784021,46796.6,555031,56324.7,-22803.0,-38.40052541174093
2021-03-29,3098,3170,3079,3105,53034,30667,3087.4,3158.0,3235.15,3020.1833333333334,-9.029929390546386,31.496905786236027,-40.52683517678241,37.351778656126484,112.5,-45.630943439981536,47501.75,608065,55223.45,-5912.0,-16.162278903195826
2021-03-30,3158,3197,3106,3163,40482,28528,3093.6,3141.1,3237.65,3030.1833333333334,-8.103886591350147,23.576747310718794,-31.68063390206894,44.1742654508612,110.07142857142857,-31.365483631242192,47158.2,648547,54322.85,-2139.0,-6.974924185606679
2021-03-31,3128,3165,3112,3157,29845,25433,3117.4,3121.4,3238.0,3039.65,-7.764634978403592,17.308470852894317,-25.07310583129791,40.74468085106383,106.21428571428571,-34.69394561720271,47215.05,618702,53338.6,-3095.0,-10.848990465507569
2021-04-01,3130,3150,3053,3084,36673,24453,3116.6,3103.8,3231.65,3047.9,-13.233715509816648,11.200033580352125,-24.433749090168774,35.975609756097555,108.21428571428571,-49.75159871580121,47780.45,582029,52307.4,-980.0,-3.853261510635786
2021-04-02,3081,3215,3060,3214,41828,24040,3144.6,3121.0,3223.5,3057.383333333333,-6.997425720925548,7.56054172009659,-14.55796744102214,39.071566731141196,111.14285714285714,-22.626226664237816,47805.0,623857,51389.05,-413.0,-1.6889543205332647
2021-04-06,3080,3153,3068,3104,18688,23628,3144.4,3115.9,3203.6,3064.05,-10.80662972426262,3.887107431224748,-14.69373715548737,38.99613899613899,112.28571428571429,-39.0763563003365,46868.15,605169,50663.95,-412.0,-1.7138103161397633
2021-04-07,3138,3151,3047,3075,29053,21667,3126.8,3110.2,3189.3,3072.05,-15.98128665309605,-0.08657138563941125,-15.894715267456638,36.62511984659635,114.21428571428571,-41.8091566958905,46717.1,576116,50086.35,-1961.0,-8.29947519891654
2021-04-08,3080,3108,3036,3076,29589,20313,3110.6,3114.0,3179.2,3077.2166666666667,-19.77361004003842,-4.023979116519213,-15.749630923519208,40.31578947368421,111.57142857142857,-44.467283659355665,46710.8,605705,49525.5,-1354.0,-6.249134628698016
2021-04-09,3085,3138,3081,3118,26762,19070,3117.4,3117.0,3168.55,3083.3333333333335,-19.1690359410336,-7.05299048142209,-12.11604545961151,54.90956072351421,99.57142857142857,-24.49486003234747,46013.2,632467,47468.7,-1243.0,-6.119233988086448
2021-04-12,3107,3176,3094,3106,26104,18078,3095.8,3120.2,3155.85,3089.116666666667,-19.434181180376527,-9.529228621212978,-9.904952559163549,46.35958395245171,96.14285714285714,-14.739701866705408,45179.75,606363,45154.3,-992.0,-5.201887781856318
2021-04-13,3131,3197,3130,3174,53206,72972,3109.8,3127.1,3142.55,3096.116666666667,-13.99594247980076,-10.422571392930536,-3.5733710868702246,52.92479108635097,97.35714285714286,13.968630358015119,45165.6,659569,45379.55,54894.0,303.6508463325589
2021-04-14,3207,3230,3155,3225,39966,75954,3139.8,3133.3,3137.2,3102.2833333333333,-5.507340164765083,-9.439525147297445,3.9321849825323625,63.85185185185185,92.21428571428571,47.76596769065084,44640.3,699535,45656.95,2982.0,4.086498931096849
2021-04-15,3236,3324,3212,3322,42478,79642,3189.0,3149.8,3135.6,3109.9166666666665,8.943927633793919,-5.762834591079172,14.706762224873092,66.2049861495845,94.35714285714286,118.40356776750512,44686.65,742013,45963.3,3688.0,4.855570476867577
2021-04-16,3309,3342,3280,3336,40474,84992,3232.6,3175.0,3139.4,3118.0333333333333,21.281030010057293,-0.3540616708518787,21.63509168090917,68.14404432132964,93.28571428571429,131.7342994105503,44334.05,782487,46526.6,5350.0,6.717561085859214
2021-04-19,3343,3350,3274,3290,44849,88730,3269.4,3182.6,3151.8,3125.5,27.034816430092178,5.123713949336933,21.911102480755247,62.55088195386703,91.85714285714286,100.90701765412429,42124.9,737638,47295.75,3738.0,4.398060993975905
2021-04-20,3303,3360,3260,3295,46423,88837,3293.6,3201.7,3158.8,3132.7833333333333,31.633540076215468,10.425679174712641,21.207860901502826,59.64912280701754,92.42857142857143,87.14003825271216,41337.55,784061,48100.0,107.0,0.12059055561817189
2021-04-21,3290,3290,3188,3219,46727,88254,3292.4,3216.1,3163.15,3139.016666666667,28.813354441967476,14.103214228163608,14.710140213803868,54.11140583554377,96.28571428571429,41.62974273635066,41757.15,737334,48940.7,-583.0,-0.6562580906604221
2021-04-22,3171,3213,3120,3135,61504,84046,3255.0,3222.0,3168.0,3142.7166666666667,19.57459527619494,15.197490437769876,4.3771048384250655,53.33333333333333,95.92857142857143,-5.512113818076578,41311.0,675830,49763.25,-4208.0,-4.7680558388288325
2021-04-23,3135,3178,3134,3176,45205,79169,3223.0,3227.8,3172.4,3148.1666666666665,15.383834160263177,15.234759182268537,0.14907497799464053,47.18934911242604,88.0,-3.792981302254894,40792.5,721035,50752.6,-4877.0,-5.802774671013489
2021-04-26,3160,3215,3105,3142,75204,51347,3193.4,3231.4,3175.8,3153.8,9.21290924994264,14.030389195803359,-4.817479945860718,53.166666666666664,85.42857142857143,-12.985904079162433,41404.7,645831,51491.0,-27822.0,-35.14254316714875
2021-04-27,3122,3189,3092,3178,63453,32779,3170.0,3231.8,3179.45,3160.266666666667,7.144943474051615,12.65330005145301,-5.508356577401395,58.4843492586491,84.92857142857143,-14.969543669998966,41925.65,709284,51596.6,-18568.0,-36.16180107893353
2021-04-28,3175,3215,3165,3203,45595,26148,3166.8,3229.6,3181.45,3166.9166666666665,7.437620504632378,11.610164142088884,-4.172543637456506,60.06339144215531,83.35714285714286,11.104564775469413,42181.3,754879,51477.6,-6631.0,-20.22941517434943
2021-04-29,3218,3249,3200,3236,45331,19919,3187.0,3221.0,3185.4,3173.3333333333335,10.214645294920501,11.331060372655207,-1.1164150777347057,59.4855305466238,82.42857142857143,30.690341845326806,42955.6,800210,51201.9,-6229.0,-23.82208964356739
2021-04-30,3280,3296,3218,3243,36121,16687,3200.4,3211.7,3193.35,3180.4166666666665,12.83237531244049,11.631323360612265,1.2010519518282248,61.102106969205835,82.14285714285714,42.04965724561355,42928.0,836331,50813.6,-3232.0,-16.225714142276214
2021-05-06,3323,3325,3263,3286,20009,16978,3229.2,3211.3,3196.95,3188.55,18.167264923745734,12.93851167323896,5.228753250506774,59.45945945945946,81.5,61.375800437154616,41837.05,856340,50460.5,291.0,1.7438724755797885
2021-05-07,3280,3324,3259,3311,59645,77263,3255.8,3212.9,3207.3,3196.5,24.134289377916957,15.177667214174562,8.956622163742395,57.59717314487633,80.78571428571429,59.32480540861504,43884.9,915985,53142.25,60285.0,355.07715867593356
2021-05-10,3279,3358,3241,3308,74968,85167,3276.8,3221.8,3218.95,3202.6,28.29495766106629,17.801125303552908,10.493832357513384,48.516949152542374,81.14285714285714,56.81263647891831,46180.65,841017,56317.25,7904.0,10.229993658025194
2021-05-11,3277,3295,3180,3218,64027,87749,3273.2,3230.1,3226.05,3207.0333333333333,24.052803664546445,19.051460975751617,5.0013426887948285,39.23357664233578,85.85714285714286,5.186702740135546,47902.55,776990,59689.05,2582.0,3.0316906783143693
2021-05-12,3201,3307,3201,3305,56120,92808,3285.6,3243.0,3235.4,3212.55,27.39524365400257,20.720217511401806,6.675026142600764,51.273344651952456,88.0,30.800963369423396,49370.45,833110,63375.95,5059.0,5.7653078667563085
2021-05-13,3306,3351,3231,3261,66871,93353,3280.6,3254.9,3243.15,3216.483333333333,26.19179642461313,21.81453329404407,4.377263130569059,47.29299363057326,89.42857142857143,34.93951233265817,51408.8,766239,67139.7,545.0,0.5872338591500714
2021-05-14,3202,3244,3140,3152,79607,95279,3248.8,3252.3,3242.05,3218.266666666667,16.255285958002332,20.702683826835724,-4.4473978688333915,44.93192133131619,90.42857142857143,-52.64522226755727,52728.85,686632,68255.05,1926.0,2.063136696196155
2021-05-17,3170,3279,3168,3214,72345,95938,3230.0,3253.4,3241.5,3219.8333333333335,13.230894157005423,19.208325892869663,-5.97743173586424,56.18153364632238,92.42857142857143,-17.87855123693207,54347.8,758977,69254.25,659.0,0.6916529350643907
2021-05-18,3203,3244,3180,3225,59738,98858,3231.4,3252.3,3236.65,3222.6666666666665,11.58806987808157,17.684274689912044,-6.096204811830475,54.02298850574712,93.85714285714286,-18.56430184797372,55210.8,818715,70215.05,2920.0,3.043632345890046
2021-05-19,3211,3218,3053,3110,81226,105660,3192.4,3239.0,3225.35,3220.516666666667,0.9951098888609522,14.346441729701827,-13.351331840840874,47.68115942028985,98.28571428571429,-85.64458998969225,57248.4,737489,71248.45,6802.0,6.880576179975328
2021-05-20,3089,3110,3016,3077,61704,106963,3155.6,3218.1,3214.7,3218.7166666666667,-9.948036654134285,9.487546052934604,-19.43558270706889,42.64919941775837,98.07142857142857,-112.28055480440062,58091.15,675785,72160.1,1303.0,1.2332008328601152
2021-05-21,3066,3096,2991,2993,62813,110564,3123.8,3186.3,3199.6,3215.0833333333335,-25.109213727373117,2.56819409687306,-27.677407824246178,35.9249329758713,102.0,-116.86811552730335,58910.65,612972,73246.45,3601.0,3.366584706861242
2021-05-24,3038,3136,3036,3125,66811,104236,3106.0,3168.0,3194.9,3212.233333333333,-26.1715693975475,-3.179758602011052,-22.99181079553645,43.43195266272189,108.71428571428571,-61.77379141731408,59914.85,679783,74045.55,-6328.0,-5.723381932636307
2021-05-25,3136,3174,3102,3158,51878,96277,3092.6,3162.0,3196.05,3210.5,-24.07316920298308,-7.358440722205459,-16.714728480777623,45.120551090700346,108.28571428571429,-32.052814236104965,59433.55,731661,74657.1,-7959.0,-7.635557772746459
2021-05-26,3155,3171,3126,3171,72131,62741,3104.8,3148.6,3195.8,3207.4,-21.11774831888806,-10.11030224154198,-11.007446077346081,43.162901307966706,105.64285714285714,-24.571286662757466,60779.85,803792,73835.7,-33536.0,-34.83282611631024
2021-05-27,3121,3186,3105,3140,61566,43085,3117.4,3136.5,3195.7,3204.9,-21.03452399865637,-12.295146592964858,-8.73937740569151,39.90554899645808,106.78571428571429,-31.955846522770706,60097.95,742226,73422.6,-19656.0,-31.32879616199933
2021-05-28,3129,3227,3124,3206,57598,27151,3160.0,3141.9,3197.1,3203.9,-15.464652819002822,-12.929047838172451,-2.535604980830371,44.39560439560439,105.78571428571429,-6.441049422262891,59805.2,799824,73141.2,-15934.0,-36.98270859928049
2021-05-31,3227,3242,3180,3222,43275,20737,3179.4,3142.7,3198.05,3205.7166666666667,-9.648204996550248,-12.272879269848012,2.6246742732977637,50.239234449760765,101.07142857142857,11.388400700324775,59689.2,843099,72870.65,-6414.0,-23.623439284004277
2021-06-01,3227,3293,3225,3290,33164,16124,3205.8,3149.2,3200.75,3208.05,0.44329349678537255,-9.729644716521337,10.17293821330671,49.08200734394124,98.57142857142857,44.11454991932422,59080.85,876263,72680.9,-4613.0,-22.24526209191301
2021-06-02,3348,3351,3279,3304,26924,15088,3232.4,3168.6,3203.8,3209.6,9.461495524363727,-5.891416668344324,15.35291219270805,52.73189326556543,95.14285714285714,65.98334705872996,58621.0,903187,72600.95,-1036.0,-6.425204663855122
2021-06-03,3340,3392,3302,3387,40712,62569,3281.8,3199.6,3208.85,3209.766666666667,23.040297733727584,-0.1050737879299426,23.145371521657527,65.44021024967148,92.92857142857143,87.92265321284208,59656.15,943899,74880.5,47481.0,314.6937963944857
2021-06-04,3359,3397,3330,3392,54590,70238,3319.0,3239.5,3212.9,3207.9333333333334,33.8152533366906,6.678991636994167,27.136261699696437,62.64204545454545,88.64285714285714,87.45445683470771,59403.4,998489,74529.25,7669.0,12.256868417267341
2021-06-07,3400,3418,3344,3366,63151,73789,3347.8,3263.6,3215.8,3208.016666666667,39.797737033180965,13.302740716231527,26.49499631694944,59.80528511821975,89.35714285714286,82.54417527956038,58812.55,935338,73960.35,3551.0,5.05566787209204
2021-06-08,3380,3392,3316,3335,46797,76855,3356.8,3281.3,3221.65,3208.9666666666667,41.558398196719736,18.953872212329173,22.604525984390563,67.71653543307087,82.5,62.45194564193831,57951.05,888541,73415.65,3066.0,4.155090867202427
2021-06-09,3334,3415,3311,3394,53066,81512,3374.8,3303.6,3226.1,3210.016666666667,47.170786308361585,24.597255031535656,22.57353127682593,73.97881996974282,83.21428571428571,68.96135673113685,57798.35,941607,72850.85,4657.0,6.059462624422607
2021-06-10,3400,3400,3282,3301,68690,76746,3357.6,3319.7,3228.1,3209.0333333333333,43.61159424416746,28.40012287406202,15.211471370105443,72.98507462686567,84.14285714285714,46.09388687707363,57889.3,872917,72020.5,-4766.0,-5.846991853960148
2021-06-11,3338,3383,3302,3374,56506,75586,3354.0,3336.5,3239.2,3207.9333333333334,46.14941705148976,31.949981709547572,14.199435341942191,70.37643207855973,79.78571428571429,52.24333477260822,56734.25,929423,71035.85,-1160.0,-1.5114794256378183
2021-06-15,3380,3432,3380,3400,48230,78190,3360.8,3354.3,3248.5,3209.0666666666666,49.68589455521578,35.49716427868122,14.188730276534564,70.03311258278146,78.78571428571429,67.11338085844469,55528.5,977653,70148.45,2604.0,3.4450824226708754
2021-06-16,3409,3470,3389,3454,55591,86647,3384.6,3370.7,3259.95,3210.733333333333,56.19811032531197,39.63735348800737,16.560756837304602,71.93798449612403,81.35714285714286,72.13931811233824,55321.15,1033244,69537.9,8457.0,10.815961120347861
2021-06-17,3460,3460,3392,3426,55882,86524,3391.0,3382.9,3275.75,3213.5,58.42622113863172,43.39512701813224,15.031094120499475,72.27414330218069,80.42857142857143,60.79698563465188,54053.95,977362,68581.1,-123.0,-0.14195528985423422
2021-06-18,3414,3469,3331,3346,71701,85562,3400.0,3378.8,3289.2,3218.5666666666666,53.12429974008046,45.34096156252189,7.783338177558569,60.670731707317074,82.92857142857143,39.71039813408369,54553.8,905661,67511.05,-962.0,-1.1118302436318284
2021-06-21,3346,3443,3330,3408,57875,85620,3406.8,3380.4,3309.95,3222.7833333333333,53.31083653904898,46.93493655782731,6.3758999812216715,63.24786324786325,86.57142857142857,41.89306974670402,54306.9,963536,66263.85,58.0,0.0677871017507714
2021-06-22,3396,3481,3349,3476,66076,88823,3422.0,3391.4,3327.5,3228.516666666667,58.27395412753958,49.20274007176976,9.071214055769822,63.24786324786325,90.92857142857143,57.66585826859517,54270.15,1029612,65493.2,3203.0,3.740948376547526
2021-06-23,3474,3523,3451,3520,46243,89579,3435.2,3409.9,3345.6,3236.55,65.00831743330718,52.363855544077246,12.644461889229937,64.75409836065573,90.92857142857143,81.59100836050243,53988.4,1075855,65158.3,756.0,0.8511309007801948
2021-06-24,3527,3536,3457,3493,51943,85249,3448.6,3419.8,3361.7,3243.3,67.38984632035226,55.369053699332255,12.020792621020007,57.84023668639053,90.14285714285714,74.5708941128722,52979.0,1023912,66283.7,-4330.0,-4.833722189352418
2021-06-25,3460,3516,3436,3486,58655,75897,3476.6,3438.3,3379.0,3250.1666666666665,67.92933651595422,57.881110262656655,10.048226253297564,56.93215339233038,91.07142857142857,64.23590426046563,52833.45,965257,67924.3,-9352.0,-10.970216659432952
2021-06-28,3504,3547,3441,3506,110517,41020,3496.2,3451.5,3394.0,3256.85,69.17333212201265,60.139554634527855,9.033777487484798,60.416666666666664,93.35714285714286,72.96513229661808,55479.4,1075774,68617.75,-34877.0,-45.9530679737012
2021-06-29,3531,3531,3410,3429,64757,34971,3486.8,3454.4,3404.35,3261.2833333333333,63.21722233049741,60.75508817372177,2.4621341567756403,56.54596100278551,96.57142857142857,43.69189998832391,56553.5,1011017,69329.45,-6049.0,-14.74646513895661
2021-06-30,3456,3481,3395,3432,57198,28811,3469.2,3452.2,3411.45,3265.866666666667,58.06964659833602,60.217999858644625,-2.1483532603086033,52.87009063444109,95.28571428571429,24.105209551170162,57755.2,1068215,69963.8,-6160.0,-17.614594950101512
2021-07-01,3460,3481,3423,3440,48999,26245,3458.6,3453.6,3418.25,3271.8,54.01305995235953,58.97701187738761,-4.963951925028084,62.045060658578855,91.0,30.799685206760373,58858.95,1117214,70521.65,-2566.0,-8.906320502585817
2021-07-02,3500,3539,3485,3512,40437,25063,3463.8,3470.2,3424.5,3276.766666666667,55.96287884850517,58.374185271611125,-2.4113064231059553,61.979166666666664,92.21428571428571,79.7680338062019,58845.2,1157651,68646.35,-1182.0,-4.503714993332064
2021-07-05,3518,3544,3481,3544,32272,24855,3471.4,3483.8,3432.1,3284.1,59.40546768339391,58.58044175396768,0.825025929426225,62.371134020618555,92.57142857142857,78.72121171209338,57729.3,1189923,66377.2,-208.0,-0.8299086302517633
2021-07-06,3535,3571,3458,3542,35596,23344,3494.0,3490.4,3440.9,3291.883333333333,61.26612312174393,59.11757802752294,2.1485450942209923,58.301886792452834,94.85714285714286,70.54837434135649,56351.55,1154327,63854.95,-1511.0,-6.079259706296525
2021-07-07,3480,3520,3366,3398,42036,20115,3487.2,3478.2,3444.05,3297.25,50.53853267461909,57.40176895694218,-6.863236282323086,47.8328173374613,102.57142857142857,-11.795541008631353,56113.5,1112291,61017.95,-3229.0,-13.832248115147362
2021-07-08,3434,3465,3354,3370,53839,71595,3473.2,3465.9,3442.85,3301.45,39.32416941633528,53.78624904882081,-14.462079632485526,52.02020202020203,100.64285714285714,-41.27726817263023,56152.15,1058452,60522.1,51480.0,255.92841163310962
2021-07-09,3360,3438,3343,3420,46520,74873,3454.8,3459.3,3448.8,3306.6833333333334,34.07845268216579,49.844689775489805,-15.766237093324015,51.03092783505155,99.35714285714286,-45.65152596650061,55043.65,1104972,60428.45,3278.0,4.5785320203924895
2021-07-12,3464,3521,3441,3494,42612,76672,3444.8,3458.1,3454.8,3312.016666666667,35.483336121979846,46.97241904478782,-11.489082922807974,51.530612244897966,97.14285714285714,35.24910517746424,54348.95,1147584,60482.75,1799.0,2.402735298438685
2021-07-13,3477,3530,3459,3517,32510,78054,3439.8,3466.9,3460.65,3316.883333333333,38.01441760762373,45.180818757355006,-7.1664011497312785,49.735449735449734,97.07142857142857,48.332597109009406,53562.95,1180094,60475.95,1382.0,1.8024833055091838
2021-07-14,3492,3580,3473,3574,44897,80874,3475.0,3481.1,3466.65,3321.0833333333335,44.111254468368315,44.966905899557666,-0.8556514311893508,56.78391959798995,99.07142857142857,80.68002915038686,53028.25,1224991,60187.3,2820.0,3.6128833884234046
2021-07-15,3588,3594,3421,3440,48681,80688,3489.0,3481.1,3467.35,3322.8166666666666,37.695827456492225,43.512690210944584,-5.816862754452359,46.82320441988951,105.71428571428571,19.55062108608905,52668.2,1176310,59895.5,-186.0,-0.22998738778841066
2021-07-16,3422,3450,3389,3404,35382,80728,3485.8,3470.3,3470.25,3324.7166666666667,29.368118800959564,40.68377592894758,-11.315657127988018,43.10810810810811,102.5,-57.83450835747004,50852.25,1140928,59653.8,40.0,0.04957366646836103
2021-07-19,3422,3431,3358,3389,47133,81519,3464.8,3454.8,3469.3,3326.2833333333333,21.31230012439164,36.809480768036394,-15.497180643644754,47.050147492625364,99.07142857142857,-81.14063496635455,50315.15,1093795,59448.75,791.0,0.9798335150133841
2021-07-20,3322,3340,3208,3234,65747,82995,3408.2,3424.0,3457.2,3326.5333333333333,2.3932136954636007,29.92622735352184,-27.533013658058238,38.07228915662651,105.85714285714286,-152.00773617974863,50298.7,1028048,59157.35,1476.0,1.8106208368601218
2021-07-21,3218,3245,3182,3232,50469,82400,3339.8,3407.4,3442.8,3328.15,-12.616249617177345,21.417731959382003,-34.03398157655935,37.37864077669904,106.21428571428571,-134.85400429246337,50510.0,977579,58798.4,-595.0,-0.7169106572685102
2021-07-22,3288,3364,3272,3353,42625,80470,3322.4,3405.7,3435.8,3331.1,-14.579604068766457,14.218264753752312,-28.79786882251877,40.893470790378004,108.57142857142857,-61.89340385090982,50044.1,1020204,58559.45,-1930.0,-2.3422330097087385
2021-07-23,3341,3432,3341,3412,47356,73523,3324.0,3404.9,3432.1,3335.6,-11.245142695295726,9.125583263942705,-20.37072595923843,42.666666666666664,110.57142857142857,-21.690284596746118,49479.15,1067560,58440.75,-6947.0,-8.633030943208652
2021-07-26,3400,3448,3375,3375,49699,54403,3321.2,3393.0,3425.55,3338.883333333333,-11.456090135507566,5.009248584052651,-16.465338719560215,41.06951871657754,107.71428571428571,-16.537935308322577,46438.25,1017861,59109.9,-19120.0,-26.005467676781414
2021-07-27,3399,3470,3399,3428,50239,42394,3360.0,3384.1,3425.5,3342.633333333333,-7.262888384841972,2.5548211902737266,-9.817709575115698,51.77725118483412,101.92857142857143,3.56332922811364,45712.35,1068100,59481.05,-12009.0,-22.0741503225925
2021-07-28,3446,3494,3415,3460,33501,35900,3405.6,3372.7,3426.9,3346.366666666667,-1.3421418464586168,1.775428582927258,-3.117570429385875,55.306603773584904,99.64285714285714,17.051066184449198,44527.5,1101601,59835.5,-6494.0,-15.318205406425434
2021-07-29,3479,3479,3418,3466,32966,29911,3428.2,3375.3,3428.2,3350.0833333333335,3.7905472288721285,2.1784523121162325,1.612094916755896,52.86069651741294,97.21428571428571,15.673425097539807,43725.85,1134567,60018.8,-5989.0,-16.68245125348189
2021-07-30,3463,3491,3444,3470,30562,26310,3439.8,3381.9,3426.1,3353.15,8.087776023176048,3.3603170543281955,4.727458968847852,48.36512261580381,93.35714285714286,25.690029301682,43232.1,1165129,60081.15,-3601.0,-12.03904917923172
2021-08-02,3499,3516,3424,3460,32307,24734,3456.8,3389.0,3421.9,3355.633333333333,10.564661534118386,4.801185950286234,5.763475583832152,46.04715672676838,94.85714285714286,27.210846087059625,43233.85,1132822,60075.1,-1576.0,-5.990117825921704
2021-08-03,3470,3487,3343,3347,35844,22788,3440.6,3400.3,3412.15,3356.2833333333333,3.3706013329006055,4.515069026809108,-1.1444676939085028,35.39253539253539,97.5,-15.287329726432972,43246.25,1096978,60047.3,-1946.0,-7.867712460580578
2021-08-04,3292,3356,3292,3346,29875,19580,3417.8,3411.7,3409.55,3358.4166666666665,-2.383954110593095,3.135264399328668,-5.519218509921763,42.701863354037265,89.71428571428571,-50.07328551756503,42638.2,1067103,60020.55,-3208.0,-14.07758469369844
2021-08-05,3313,3325,3246,3261,29792,18252,3376.8,3402.5,3404.1,3357.6833333333334,-13.645968157654352,-0.22098211206793605,-13.424986045586415,39.682539682539684,92.5,-75.08794589771415,41435.85,1037311,57353.4,-1328.0,-6.7824310520939735
2021-08-06,3280,3351,3257,3340,30019,44188,3350.8,3395.3,3400.1,3359.0,-16.011979526062532,-3.3791815948668558,-12.632797931195677,46.763540290620874,94.0,-48.599001465790245,40610.8,1067330,55819.15,25936.0,142.0994959456498
2021-08-09,3343,3372,3231,3250,40589,47104,3308.8,3382.8,3387.9,3360.633333333333,-24.862706614974286,-7.675886598888342,-17.186820016085946,51.15606936416186,91.14285714285714,-60.02993356978357,40509.65,1026741,54340.75,2916.0,6.59907667239974
2021-08-10,3206,3265,3168,3264,43751,50473,3292.2,3366.4,3375.25,3361.4666666666667,-30.39689215056069,-12.220087709222812,-18.17680444133788,52.272727272727266,93.57142857142857,-79.30546351924055,41071.7,1070492,52961.7,3369.0,7.1522588315217295
2021-08-11,3268,3341,3252,3328,33781,49449,3288.6,3353.2,3362.95,3363.1833333333334,-29.28097606419078,-15.632265380216406,-13.648710683974375,48.068006182380216,90.5,-34.948495750459415,40515.9,1104273,51390.45,-1024.0,-2.0288074812275902
2021-08-12,3298,3349,3253,3324,42229,48851,3301.2,3339.0,3357.15,3366.75,-28.39208481630294,-18.184229267433714,-10.207855548869226,42.56756756756757,90.85714285714286,-30.15251946103357,40193.3,1062044,49798.6,-598.0,-1.2093267811280284
2021-08-13,3321,3340,3298,3311,27823,49002,3295.4,3323.1,3352.5,3370.65,-28.409140564353038,-20.22921152681758,-8.179929037535459,44.366197183098585,88.64285714285714,-22.499458549087183,39815.35,1034221,48212.3,151.0,0.30910319133692354
2021-08-16,3328,3341,3210,3227,47649,52107,3290.8,3299.8,3344.4,3374.55,-34.79960714115168,-23.143290649684403,-11.65631649146728,33.2220367278798,91.21428571428571,-52.89907681743273,39841.15,986572,46741.7,3105.0,6.336476062201535
2021-08-17,3202,3241,3173,3203,36244,53836,3278.6,3285.4,3342.85,3375.85,-41.324336144157314,-26.779499748578985,-14.54483639557833,28.257191201353635,90.42857142857143,-80.39599533659289,38366.0,950328,45283.75,1729.0,3.3181722225420707
2021-08-18,3209,3259,3201,3240,38126,54647,3261.0,3274.8,3343.25,3377.2166666666667,-43.01380375455619,-30.02636054977443,-12.987443204781762,31.832797427652736,90.21428571428571,-65.3141427700661,37748.85,988454,43896.1,811.0,1.5064269262203833
2021-08-19,3253,3255,3128,3134,46123,58028,3223.0,3262.1,3332.3,3376.6,-52.3031153723382,-34.481711514287184,-17.821403858051013,26.79558011049724,95.92857142857143,-88.19316683265666,37923.75,942331,42774.0,3381.0,6.186981902025734
2021-08-20,3119,3145,3080,3138,52428,60428,3188.4,3241.9,3318.6,3376.5666666666666,-58.665930852111615,-39.31855538185207,-19.347375470259543,27.57660167130919,94.0,-97.54913259664185,38177.35,994759,42119.25,2400.0,4.135934376507899
2021-08-23,3091,3151,3073,3135,45575,61825,3170.0,3230.4,3306.6,3375.383333333333,-63.22180131800724,-44.099204569083106,-19.12259674892413,32.565789473684205,89.28571428571429,-85.09863191378216,37971.15,949184,42490.35,1397.0,2.3118421923611576
2021-08-24,3165,3286,3158,3266,57955,55129,3182.6,3230.6,3298.5,3376.116666666667,-55.62059668225038,-46.403482991716565,-9.217113690533814,44.579945799457995,95.5,-28.506341120492753,38356.95,1007139,43127.1,-6696.0,-10.830570157703189
2021-08-25,3273,3323,3273,3310,43929,53189,3196.6,3228.8,3291.0,3376.45,-45.52141246127576,-46.227068885628405,0.7056564243526466,53.51506456241033,92.42857142857143,5.823196669233474,38878.35,1051068,43991.55,-1940.0,-3.5190190280977363
2021-08-26,3324,3373,3300,3355,66456,37369,3240.8,3231.9,3285.45,3377.3,-33.50044006636654,-43.68174312177604,10.1813030554095,51.13122171945702,90.92857142857143,30.785830849702563,40552.85,1117524,44364.45,-15820.0,-29.742991972024292
2021-08-27,3355,3392,3321,3392,54191,32203,3291.6,3240.0,3281.55,3377.383333333333,-20.74896095278973,-39.095186687978774,18.346225735189044,61.639344262295076,85.92857142857143,51.397202429320735,41734.3,1171715,44659.1,-5166.0,-13.824292863068322
2021-08-30,3401,3429,3360,3410,42859,28041,3346.6,3258.3,3279.05,3377.6833333333334,-9.08613303243419,-33.09337595686986,24.007242924435673,61.88925081433224,83.92857142857143,77.42252638721169,42261.9,1214574,44824.45,-4162.0,-12.924261714747075
2021-08-31,3424,3440,3378,3413,33419,25962,3376.0,3279.3,3282.35,3378.4666666666667,0.3942721249090937,-26.395846340514073,26.790118465423166,57.68535262206147,82.0,82.04095832873722,42140.65,1247993,44983.15,-2079.0,-7.41414357547876
2021-09-01,3399,3502,3370,3485,47956,27818,3411.0,3303.8,3289.3,3380.9666666666667,13.561036597187922,-18.404469752973675,31.965506350161597,62.96296296296296,84.57142857142857,94.49279565991736,43044.7,1295949,45395.05,1856.0,7.148909945304682
2021-09-02,3450,3462,3375,3437,35572,24294,3427.4,3334.1,3298.1,3381.6833333333334,19.89327615128468,-10.744920572122004,30.638196723406686,59.60365853658537,89.42857142857143,70.65573194474288,43333.7,1260377,45697.15,-3524.0,-12.668056653965055
2021-09-03,3469,3520,3456,3481,26844,22530,3445.2,3368.4,3305.15,3384.6833333333334,28.137700005333954,-2.9683964566308116,31.106096461964768,70.61688311688312,86.0,89.38709223508232,43174.95,1287221,44614.25,-1764.0,-7.261052111632504
2021-09-06,3479,3489,3381,3389,39639,42755,3441.0,3393.8,3312.1,3384.9333333333334,26.937317554742094,3.0127463456437695,23.924571209098325,63.59649122807018,88.85714285714286,52.83629869303704,43127.45,1247582,44396.8,20225.0,89.76919662671993
2021-09-07,3420,3480,3408,3462,36373,46779,3450.8,3413.4,3322.0,3385.9666666666667,31.513230819324235,8.712843240379863,22.800387578944374,65.41666666666667,91.21428571428571,60.120699812004425,42758.55,1283955,44212.1,4024.0,9.411764705882364
2021-09-08,3439,3459,3391,3444,42715,46679,3442.6,3426.8,3327.8,3385.8,33.30332547597072,13.630939687498035,19.67238578847269,74.52531645569621,87.21428571428571,47.65626522997969,43205.25,1241240,44073.6,-100.0,-0.21377113662113256
2021-09-09,3452,3495,3437,3466,42690,50046,3448.4,3437.9,3334.9,3386.4666666666667,36.081281967918585,18.121008143582145,17.96027382433644,75.23076923076923,86.71428571428571,57.26814034505965,43228.3,1283930,44133.35,3367.0,7.213093682383942
2021-09-10,3432,3488,3374,3424,59848,50092,3437.0,3441.1,3340.55,3387.766666666667,34.49613355599331,21.39603322606438,13.100100329928932,70.97242380261248,89.28571428571429,38.439755562591024,44829.55,1224082,44187.85,46.0,0.09191543779722977
2021-09-13,3463,3557,3461,3529,58913,58513,3465.0,3453.0,3355.65,3389.7833333333333,41.23715820698044,25.364258222247592,15.872899984732847,69.8340874811463,88.0,66.63484072977597,45392.75,1282995,44508.15,8421.0,16.81106763555058
2021-09-14,3547,3558,3499,3535,39650,58683,3479.6,3465.2,3372.25,3390.766666666667,46.52728113060857,29.59686280391979,16.93041832668878,68.0,88.14285714285714,65.36698183045284,45563.05,1322645,44750.5,170.0,0.290533727547726
2021-09-15,3536,3555,3491,3547,41384,57749,3500.2,3471.4,3387.6,3391.2166666666667,51.0990038641562,33.89729101596708,17.201712848189125,66.21621621621622,87.5,59.07663673620228,45725.95,1364029,44905.6,-934.0,-1.5916023379854427
2021-09-16,3598,3624,3545,3562,51941,56544,3519.4,3483.9,3409.0,3392.366666666667,55.29509428087704,38.17685166894907,17.11824261192797,64.91228070175438,88.07142857142857,70.67131507102383,46016.85,1415970,44831.4,-1205.0,-2.0866162184626558
2021-09-17,3527,3626,3527,3581,53926,57122,3550.8,3493.9,3431.15,3393.95,59.46815549875373,42.43511243491,17.033043063843728,64.97373029772329,90.21428571428571,68.93804756823872,46091.75,1469896,44666.1,578.0,1.0222127900396227
2021-09-22,3520,3635,3520,3630,40807,60549,3571.0,3518.0,3455.9,3396.016666666667,65.96878003699067,47.14184595532614,18.826934081664525,67.58508914100486,94.0,79.41475944880655,45853.35,1510703,44602.3,3427.0,5.999439795525374
2021-09-23,3624,3697,3600,3652,54543,62707,3594.4,3537.0,3475.2,3399.733333333333,72.06506672607065,52.12649010947504,19.93857661659561,64.72663139329805,91.5,101.44640458960882,45682.75,1565246,44981.2,2158.0,3.5640555583081435
2021-09-24,3650,3711,3605,3671,58936,60269,3619.2,3559.7,3493.25,3403.7166666666667,77.53577491009582,57.208347069599206,20.327427840496618,71.74721189591078,91.21428571428571,97.26269645184222,46433.1,1624182,45335.2,-2438.0,-3.887923198367005
2021-09-27,3653,3761,3630,3686,60401,43710,3644.0,3581.7,3509.8,3407.8166666666666,82.13492491284933,62.193662638249236,19.941262274600092,70.13752455795678,94.64285714285714,99.21902063389422,46130.35,1684583,45652.25,-16559.0,-27.475153063764125
2021-09-28,3703,3790,3675,3777,62677,32583,3683.2,3617.0,3529.05,3412.233333333333,92.06149628352068,68.16722936730352,23.894266916217163,88.18897637795276,95.14285714285714,107.95598726023779,46554.65,1747260,45671.25,-11127.0,-25.456417295813317
2021-09-29,4000,4000,3586,3596,81903,19461,3676.4,3623.7,3538.35,3413.1,84.35084426585854,71.40395234701452,12.946891918844017,60.87662337662337,118.21428571428571,86.10294354500832,48506.85,1665357,45242.25,-13122.0,-40.272534757388826
2021-09-30,3611,3685,3595,3643,50684,13361,3674.6,3634.5,3549.85,3414.7833333333333,81.0977597019828,73.34271381800818,7.755045883974617,65.42635658914728,119.57142857142857,42.23295025527572,49370.1,1716041,44612.2,-6100.0,-31.34474076357844
2021-10-08,3863,3918,3818,3880,28283,14429,3716.4,3667.8,3569.6,3422.8166666666666,96.53083863681468,77.98033878176948,18.550499855045203,74.06976744186046,135.07142857142858,118.82385193503224,48386.45,1744324,43942.75,1068.0,7.993413666641724
2021-10-11,3880,3935,3844,3894,56173,62620,3758.0,3701.0,3592.45,3431.55,108.63902482636377,84.11207599068834,24.526948835675427,78.2451923076923,133.42857142857142,105.6183705163752,49416.5,1800497,45859.05,48191.0,333.9871092937834
2021-10-12,3937,3961,3879,3926,55318,65645,3787.8,3735.5,3614.7,3439.983333333333,119.44015047542507,91.17769088763569,28.26245958778938,76.1528326745718,129.78571428571428,98.20783657390973,50840.2,1855815,48014.8,3025.0,4.830725007984671
2021-10-13,3919,3970,3853,3921,74400,64675,3852.8,3764.6,3641.3,3447.1,126.14256914092402,98.17066653829336,27.971902602630664,75.46174142480211,133.92857142857142,84.4764302758868,52578.25,1781415,49110.8,-970.0,-1.477644908218445
2021-10-14,3890,3990,3846,3950,71723,64678,3914.2,3794.4,3665.7,3454.3166666666666,132.2696200139967,104.99045723343403,27.27916278056267,76.0,139.64285714285714,78.71425683722975,54345.75,1853138,50005.75,3.0,0.004638577502902308
2021-10-15,3958,4054,3920,4028,84677,68644,3943.8,3830.1,3694.9,3461.883333333333,141.7848921223699,112.34934421122121,29.435547911148703,77.80429594272076,143.57142857142858,88.31699744199648,56443.85,1937815,51104.0,3966.0,6.131915025201762
2021-10-18,4025,4045,3968,3998,77002,73720,3964.6,3861.3,3721.5,3471.1833333333334,145.23093275289193,118.92566191955535,26.30527083333658,74.5583038869258,142.0,79.40577470279011,58159.45,1860813,52287.7,5076.0,7.39467397004836
2021-10-19,4001,4014,3874,3935,72287,68845,3966.4,3877.1,3747.05,3480.0333333333333,141.25012774543302,123.39055508473089,17.859572660702128,67.67091541135574,143.78571428571428,57.046364944387044,58781.4,1788526,53225.35,-4875.0,-6.61285946825827
2021-10-20,3925,3948,3837,3906,73612,65560,3963.4,3908.1,3765.9,3488.65,134.20818504448425,125.55408107668157,8.654103967802683,64.59770114942529,144.78571428571428,39.96863217253705,59516.35,1714914,53577.7,-3285.0,-4.7715883506427526
2021-10-21,3905,4043,3880,3908,74177,62438,3955.0,3934.6,3784.55,3499.883333333333,127.32109962300683,125.90748478594662,1.4136148370602086,63.892145369284876,148.85714285714286,49.386581332935606,61242.7,1789091,53765.45,-3122.0,-4.762050030506404
2021-10-22,3946,4023,3870,3918,105764,56068,3933.0,3938.4,3803.1,3511.3166666666666,121.27200307201429,124.98038844316015,-3.708385371145866,63.679245283018865,150.42857142857142,43.25262753652422,64461.7,1894855,53681.4,-6370.0,-10.202120503539513
2021-10-25,3968,4017,3910,3985,85647,55692,3930.4,3947.5,3824.25,3521.85,120.49539462810799,124.08338968014972,-3.587995052041734,62.62135922330097,149.85714285714286,49.80458427826763,66147.0,1980502,53638.8,-376.0,-0.6706142541199944
2021-10-26,4000,4018,3923,3950,73936,39283,3933.4,3949.9,3842.7,3530.8166666666666,115.7217510366927,122.41106195145832,-6.689310914765628,76.10619469026548,127.07142857142857,43.557394612289436,67147.5,1906566,52746.85,-16409.0,-29.463836816777988
2021-10-27,3985,3985,3882,3887,72025,32014,3929.6,3946.5,3855.55,3539.35,105.63730946465284,119.05631145409723,-13.419001989444382,67.57925072046109,128.0,22.996526940083502,68708.4,1834541,51320.1,-7269.0,-18.504187562049744
2021-10-28,3874,3940,3688,3778,98765,21392,3903.6,3929.3,3861.85,3545.1833333333334,87.83739302542335,112.81252776836246,-24.975134742939105,40.989399293286226,126.35714285714286,-29.261093670858212,70919.5,1735776,49254.35,-10622.0,-33.17923408508777
2021-10-29,3760,3875,3732,3872,53224,17667,3894.4,3913.7,3871.9,3552.05,80.38916911405659,106.32785603750129,-25.938686923444706,48.29721362229102,130.07142857142858,-24.366234447789793,70633.9,1789000,47124.25,-3725.0,-17.41305160807779
2021-11-01,3821,3860,3779,3802,56036,16865,3857.8,3894.1,3877.7,3557.65,68.05350457821078,98.67298574564319,-30.61948116743241,40.93567251461988,130.85714285714286,-36.20265131170147,70415.65,1732964,45782.0,-802.0,-4.53953698986812
2021-11-02,3832,3917,3826,3892,51391,15181,3846.2,3889.8,3883.45,3564.6833333333334,64.79275880706928,91.89694035792841,-27.10418155085914,48.11443433029908,130.71428571428572,-6.240287866708413,69851.35,1784355,44911.9,-1684.0,-9.98517640083012
2021-11-03,3910,3910,3768,3821,58127,15590,3833.0,3881.3,3894.7,3570.7,55.83584677774661,84.68472164189205,-28.848874864145444,42.04685573366215,130.57142857142858,-37.187596134560884,68662.55,1726228,44718.35,409.0,2.6941571701468936
2021-11-04,3762,3787,3677,3702,61613,15389,3817.8,3860.7,3897.65,3576.616666666667,38.68913966898708,75.48560524731107,-36.79646557832399,30.86854460093896,131.28571428571428,-124.01266305341925,69209.0,1664615,44819.75,-201.0,-1.2892880051314948
2021-11-05,3775,3859,3678,3711,74633,12359,3785.6,3840.0,3889.2,3582.7,25.532156724300876,65.49491554270904,-39.96275881840816,32.73164861612514,138.71428571428572,-91.1838104024677,71526.5,1739248,44716.25,-3030.0,-19.68938852427058
2021-11-08,3723,3899,3721,3868,50485,11796,3798.8,3828.3,3887.9,3592.8166666666666,27.457230978757252,57.887378629918686,-30.430147651161434,46.37837837837837,142.14285714285714,-37.77311134727881,71242.1,1789733,42175.05,-563.0,-4.555384739865687
2021-11-09,3855,3879,3829,3846,37791,13286,3789.6,3817.9,3883.9,3601.25,26.897591366393954,51.689421177213745,-24.79182981081979,46.73202614379085,137.78571428571428,-21.78853319760192,70365.75,1751942,39557.1,1490.0,12.631400474737209
2021-11-10,3853,3970,3845,3949,45389,13471,3815.2,3824.1,3885.3,3612.9,34.36912624142087,48.22536219005518,-13.856235948634307,52.011776251226685,135.07142857142858,21.70926589735844,68915.2,1797331,36996.9,185.0,1.392443173265101
2021-11-11,3910,3944,3793,3818,38377,13794,3838.4,3828.1,3878.7,3622.133333333333,29.38107947693834,44.45650564743181,-15.075426170493472,45.6140350877193,135.28571428571428,-19.417317594528907,67247.9,1758954,34452.7,323.0,2.3977433004231274
2021-11-12,3781,3856,3766,3802,38782,12350,3856.6,3821.1,3867.4,3630.0333333333333,23.86188523722194,40.33758156538984,-16.4756963281679,41.59779614325069,134.07142857142858,-42.552800717151285,64953.15,1720172,31638.0,-1444.0,-10.468319559228645
2021-11-15,3764,3805,3689,3709,41747,11848,3824.8,3811.8,3852.95,3636.45,11.846996471208058,34.639464546553484,-22.792468075345425,39.49433304272014,135.57142857142858,-82.47166241602454,63190.4,1678425,28544.4,-502.0,-4.064777327935221
2021-11-16,3677,3791,3656,3778,38104,11699,3811.2,3800.4,3845.1,3644.233333333333,7.8028870793605165,29.27214905311489,-21.469261973754374,45.27320034692108,137.85714285714286,-69.4243495230728,61481.25,1716529,25687.1,-149.0,-1.2575962187710954
2021-11-17,3779,3784,3702,3710,32014,11993,3763.4,3789.3,3835.3,3652.2833333333333,-0.8789979094590308,23.241919660600107,-24.120917570059138,46.94244604316547,125.71428571428571,-67.39843971699369,59401.35,1684515,23008.75,294.0,2.5130353021625806
2021-11-18,3724,3744,3625,3631,33554,12044,3726.0,3782.2,3821.45,3659.4166666666665,-13.973021784921912,15.798931371495705,-29.771953156417617,39.0154968094804,124.0,-93.2631212771683,57370.2,1650961,20489.05,51.0,0.4252480613691212
2021-11-19,3631,3770,3627,3748,45571,46004,3715.2,3785.9,3812.95,3667.883333333333,-14.739302350769776,9.69128462704261,-24.430586977812386,47.63986013986014,127.57142857142857,-59.17905674920246,54360.55,1696532,19985.85,33960.0,281.9661242112255
2021-11-22,3610,3650,3552,3575,67945,46734,3688.4,3756.6,3792.45,3675.233333333333,-28.972265160471125,1.9585746695398631,-30.93083983001099,37.08231458842705,133.35714285714286,-112.22185397927439,53475.45,1628587,19537.95,730.0,1.5868185375184751
2021-11-23,3551,3634,3548,3590,54744,46468,3650.8,3731.0,3774.45,3682.766666666667,-38.5966973884656,-6.15247974206123,-32.44421764640437,40.136635354397946,129.35714285714286,-100.36921073207209,52515.85,1683331,19897.2,-266.0,-0.5691787563658179
2021-11-24,3617,3768,3610,3768,63893,44950,3662.4,3712.9,3768.5,3693.3166666666666,-31.497928366085944,-11.221569466866173,-20.276358899219773,52.6829268292683,131.78571428571428,-30.08118872272234,52109.25,1747224,20544.0,-1518.0,-3.2667642248428996
2021-11-25,3753,3785,3725,3750,56405,42226,3686.2,3706.1,3767.1,3701.383333333333,-27.013161429849788,-14.379887859462896,-12.633273570386892,51.57384987893463,123.14285714285714,-7.321503258305077,49991.25,1690819,21585.7,-2724.0,-6.0600667408231335
2021-11-26,3764,3772,3632,3638,50100,28702,3664.2,3689.7,3755.4,3706.85,-32.12608577975152,-17.92912744352062,-14.1969583362309,40.368509212730324,119.71428571428571,-43.89548783290073,49835.05,1640719,22137.45,-13524.0,-32.027660682991524
2021-11-29,3568,3581,3418,3426,80710,28288,3634.4,3661.4,3736.6,3708.0333333333333,-52.67750986266856,-24.87880392735021,-27.79870593531835,34.82658959537572,131.85714285714286,-123.2022437609191,51068.75,1560009,22708.6,-414.0,-1.4424081945509037
2021-11-30,3446,3473,3230,3253,97894,28538,3567.0,3608.9,3704.65,3705.7166666666667,-81.97930924543698,-36.298904990967564,-45.680404254469416,26.06602475928473,140.28571428571428,-142.0159843189215,53393.9,1462115,23376.45,250.0,0.8837669683257943
2021-12-01,3263,3307,3188,3299,81218,29637,3473.2,3567.8,3678.55,3703.866666666667,-100.33280666218798,-49.10568532521165,-51.227121336976325,31.0445580715851,137.64285714285714,-124.87146587667581,54548.45,1543333,24078.8,1099.0,3.8510056766416723
2021-12-02,3320,3349,3233,3310,82588,25841,3385.2,3535.7,3658.95,3702.15,-112.69144074468886,-61.8228364091071,-50.868604335581765,31.964809384164226,139.5,-96.99578440838141,55597.2,1625921,24601.4,-3796.0,-12.808313931909442
2021-12-03,3266,3419,3199,3395,92501,23521,3336.6,3500.4,3643.15,3700.65,-114.30927154158007,-72.3201234356017,-41.98914810597837,38.421828908554566,146.92857142857142,-75.9740315621912,56490.6,1718422,25159.5,-2320.0,-8.977980728299983
2021-12-06,3429,3444,3376,3385,51241,21140,3328.4,3481.4,3619.0,3699.7833333333333,-115.071853829269,-80.87046951433517,-34.20138431493383,34.84965304548959,142.14285714285714,-54.25909666300292,56528.4,1667181,25626.7,-2381.0,-10.122868925640915
2021-12-07,3390,3475,3351,3452,38855,19954,3368.2,3467.6,3599.3,3699.3,-109.01322908225302,-86.49902142791875,-22.51420765433427,40.0462962962963,145.14285714285714,-43.692037751944206,56581.6,1706036,25960.1,-1186.0,-5.610217596972566
2021-12-08,3492,3523,3462,3474,30904,19148,3403.2,3438.2,3575.55,3700.7166666666667,-101.26914155587565,-89.45304545351013,-11.81609610236552,43.66424535916062,141.71428571428572,-24.886320982807266,55857.35,1736940,26243.95,-806.0,-4.039290367846049
2021-12-09,3498,3541,3462,3513,32103,17970,3443.8,3414.5,3560.3,3701.5666666666666,-90.93666111149605,-89.74976858510732,-1.186892526388732,39.87941429801894,137.14285714285714,-16.110948748693833,55543.65,1769043,26452.75,-1178.0,-6.152078546062256
2021-12-10,3453,3495,3400,3461,32959,17573,3457.0,3396.8,3543.25,3701.85,-85.95324582189414,-88.99046403246469,3.0372182105705434,44.51923076923077,131.21428571428572,-27.49327531389668,55252.5,1736084,26713.9,-397.0,-2.2092376182526463
2021-12-13,3497,3745,3496,3577,32275,16169,3495.4,3411.9,3536.65,3703.7,-71.8157752010161,-85.55552626617498,13.739751065158885,49.430324276950046,145.35714285714286,20.929849827767374,54778.9,1768359,26929.95,-1404.0,-7.989529391680417
2021-12-14,3518,3546,3482,3521,24255,16917,3509.2,3438.7,3523.8,3705.3166666666666,-64.38823240458987,-81.32206749385796,16.933835089268086,37.8802747791953,139.42857142857142,-3.3186577389103924,54086.45,1744104,27190.85,748.0,4.626136433916761
2021-12-15,3503,3528,3444,3448,25291,16514,3504.0,3453.6,3510.7,3703.9666666666667,-63.65852528597043,-77.78935905228046,14.130833766310033,35.94040968342644,141.14285714285714,-13.639914727303816,53750.3,1718813,27416.9,-403.0,-2.3822190695749867
2021-12-16,3421,3553,3410,3520,39036,36642,3505.4,3474.6,3505.15,3703.7166666666667,-56.617774406300214,-73.5550421230844,16.93726771678419,44.294003868471954,141.35714285714286,-3.748532136687273,54024.4,1757849,28646.8,20128.0,121.884461668887
2021-12-17,3490,3538,3488,3530,31202,38416,3519.2,3488.1,3494.25,3703.4333333333334,-49.65857899452067,-68.77574949737166,19.117170502850996,56.25,129.21428571428572,8.663169030745362,53305.95,1789051,28267.4,1774.0,4.841438786092467
2021-12-20,3496,3514,3316,3332,53576,40652,3470.2,3482.8,3482.1,3699.6,-59.43517997965637,-66.9076355938286,7.472455614172233,54.60910151691949,127.14285714285714,-36.18939604472289,52587.5,1735475,27963.3,2236.0,5.820491461890875
2021-12-21,3289,3408,3289,3382,45961,39862,3442.4,3475.8,3471.7,3696.2833333333333,-62.42898211923966,-66.01190489891081,3.5829227796711507,54.81997677119628,127.14285714285714,-42.0445932060795,52148.35,1781436,27633.0,-790.0,-1.9433238217061888
2021-12-22,3386,3519,3365,3480,54842,41812,3448.8,3476.4,3457.3,3693.7833333333333,-56.24544838678548,-64.05861359648574,7.813165209700259,58.9662447257384,129.85714285714286,-2.3546414047139472,51695.8,1836278,27476.1,1950.0,4.891876975565701
2021-12-23,3491,3582,3466,3562,45137,42686,3457.2,3481.3,3447.9,3692.2833333333333,-44.21851513900174,-60.09059390498895,15.872078765987212,58.83597883597884,122.42857142857143,41.981172628085595,51132.4,1881415,27499.1,874.0,2.09030900220033
2021-12-24,3545,3601,3537,3596,33268,41274,3470.4,3494.8,3445.8,3691.0333333333333,-31.579538775194123,-54.38838287902999,22.808844103835867,60.8875128998968,122.14285714285714,71.24940347610612,50290.8,1914683,28127.7,-1412.0,-3.3078761186337458
2021-12-27,3585,3677,3548,3556,50389,32689,3515.2,3492.7,3452.3,3688.866666666667,-24.508209273348257,-48.412348157893646,23.90413888454539,55.52016985138004,122.5,72.11579761366117,48774.75,1864294,28347.75,-8585.0,-20.800019382662207
2021-12-28,3563,3732,3540,3708,40993,33284,3580.4,3511.4,3475.05,3687.7166666666667,-6.563341894142923,-40.0425469051435,33.47920501100058,60.91417910447762,131.14285714285714,91.96275728742066,45929.7,1905287,28585.05,595.0,1.8201841598091129
2021-12-29,3731,3746,3683,3697,41308,28710,3623.8,3536.3,3494.95,3689.4,6.693330176678046,-30.69537148877919,37.38870166545723,58.81226053639847,130.0,102.84736406922467,43934.2,1863979,28538.7,-4574.0,-13.7423386612186
2021-12-30,3678,3714,3656,3691,42049,19840,3649.6,3553.4,3514.0,3690.2,16.524701968042336,-21.251356797414886,37.77605876545722,61.523046092184366,126.07142857142857,84.63998963200576,41907.25,1821930,28238.65,-8870.0,-30.89515848136538
2021-12-31,3668,3728,3654,3702,28947,17776,3670.8,3570.6,3529.35,3687.233333333333,24.91652087047305,-12.0177812638373,36.93430213431035,56.99888017917133,111.07142857142857,80.0560272933277,38729.55,1850877,27951.4,-2064.0,-10.40322580645161
2022-01-04,3670,3679,3622,3647,34076,43712,3689.0,3602.1,3542.45,3683.116666666667,26.819894416588795,-4.2502461277520815,31.070140544340877,57.06278026905829,110.0,52.983049948491825,37871.3,1816801,29080.0,25936.0,145.90459045904592
2022-01-05,3657,3730,3638,3691,43719,47450,3685.6,3633.0,3554.4,3679.2,31.515473184438633,2.9028977346860616,28.612575449752573,64.07879490150637,110.57142857142857,63.715237243789595,38114.5,1860520,30454.8,3738.0,8.551427525622257
2022-01-06,3709,3723,3641,3654,40035,49688,3677.0,3650.4,3563.4,3674.75,31.883627795325083,8.699043746813867,23.184584048511216,58.091787439613526,106.21428571428571,51.75951617320255,38571.05,1820485,31981.8,2238.0,4.716543730242351
2022-01-07,3698,3797,3698,3797,53755,57448,3698.2,3673.9,3577.6,3672.2,43.21612923923476,15.602460845298047,27.613668393936713,63.89177939646202,112.85714285714286,82.10644942331632,39653.65,1874240,33955.7,7760.0,15.617452906134277
2022-01-10,3780,3789,3715,3742,44036,57291,3706.2,3688.5,3591.65,3667.4333333333334,47.214913797975896,21.92495143583362,25.289962362142276,75.06112469437653,103.42857142857143,67.59069603378734,40207.5,1830204,35941.6,-157.0,-0.27329062804622994
2022-01-11,3721,3771,3713,3759,37245,60166,3728.6,3708.8,3600.75,3663.45,51.16592832350898,27.773146813368694,23.392781510140285,74.01273885350318,99.07142857142857,61.44860081405698,40456.0,1867449,38141.45,2875.0,5.018240212249747
2022-01-12,3794,3878,3770,3833,45915,59693,3757.0,3721.3,3616.35,3661.75,59.58149892529627,34.13481723575421,25.44668168954206,73.19316688567675,96.57142857142857,81.652602066134,41539.0,1913364,40280.25,-473.0,-0.7861582953827773
2022-01-13,3846,3909,3837,3872,35052,60056,3800.6,3738.8,3637.55,3661.1833333333334,68.6070143662946,41.02925666186229,27.577757704432315,71.58774373259052,93.71428571428571,86.24464663654412,42027.05,1948416,42457.35,363.0,0.6081115038614193
2022-01-14,3862,3908,3853,3901,37422,58711,3821.4,3759.8,3656.6,3661.0666666666666,77.2098311435293,48.265371558195696,28.944459585333604,71.38849929873773,93.07142857142857,80.38033978422554,41946.35,1985838,43560.8,-1345.0,-2.239576395364329
2022-01-17,3909,3977,3883,3960,51682,61899,3865.0,3785.6,3678.1,3661.766666666667,87.77659834912856,56.16761691638227,31.60898143274629,77.59562841530055,90.57142857142857,85.4370842686828,42970.35,2037520,44734.95,3188.0,5.429987566214178
2022-01-18,3944,4035,3922,4029,55635,64245,3919.0,3823.8,3712.95,3662.5,100.55937495352555,65.04596852381093,35.51340642971462,74.73035439137135,84.92857142857143,93.00467997520168,43073.3,2093155,45914.6,2346.0,3.7900450734260627
2022-01-19,4010,4105,4004,4059,51683,64572,3964.2,3860.6,3746.8,3664.3166666666666,111.82155747886782,74.40108631482231,37.42047116404551,77.09580838323353,87.64285714285714,103.21247318479395,43359.4,2144838,47150.1,327.0,0.5089890263833663
2022-01-20,4056,4090,4013,4054,46326,64438,4000.6,3900.6,3775.5,3667.1,118.9720246143479,83.31527397472743,35.65675063962047,77.21139430284857,89.0,92.25644120838531,42933.6,2098512,48281.4,-134.0,-0.20752028743108442
2022-01-21,4051,4066,3940,4007,55704,61017,4021.8,3921.6,3797.75,3670.9166666666665,119.46914815793707,90.54604881136936,28.92309934656771,71.69274537695591,92.71428571428571,69.7632266618489,43461.95,2042808,49197.95,-3421.0,-5.3089791737794485
2022-01-24,4015,4101,4004,4050,50080,60315,4039.8,3952.4,3820.45,3673.883333333333,121.92736007205394,96.82231106350629,25.105049008547653,79.16063675832127,93.92857142857143,76.55496469188039,44302.55,2092888,50150.0,-702.0,-1.1504990412507965
2022-01-25,4021,4036,3935,3979,57554,55863,4029.8,3974.4,3841.6,3676.8333333333335,116.80000632873225,100.81785011655148,15.982156212180769,70.05571030640668,95.57142857142857,49.722476032145266,44660.8,2035334,51308.7,-4452.0,-7.381248445660282
2022-01-26,3961,4018,3930,4013,56630,38096,4020.6,3992.4,3856.85,3678.85,114.16404534660023,103.48708916256125,10.676956184038985,75.1048951048951,96.0,46.169677367644866,45442.65,2091964,51549.3,-17767.0,-31.804593380233783
2022-01-27,4045,4104,4045,4059,49011,32473,4021.6,4011.1,3874.95,3682.8166666666666,114.46733465864418,105.68313826177784,8.784196396866335,71.19741100323624,92.28571428571429,66.29917266346602,45827.8,2140975,51737.45,-5623.0,-14.760079798404036
2022-01-28,4115,4149,4009,4033,52241,22775,4026.8,4024.3,3892.05,3688.3333333333335,111.32640936570215,106.81179248256271,4.514616883139439,74.70288624787776,96.42857142857143,58.34551662665808,46337.4,2088734,51884.2,-9698.0,-29.864810765867023
2022-02-07,4280,4352,4215,4313,34865,23120,4079.4,4059.6,3922.6,3698.366666666667,129.93307576734924,111.43604913952001,18.49702662782923,82.51173708920189,115.07142857142857,111.27074640070511,46633.3,2123599,52151.4,345.0,1.5148188803512541
2022-02-08,4290,4306,4226,4268,34027,20673,4137.2,4083.5,3953.65,3705.0333333333333,139.4404859023448,117.03693649208498,22.403549410259814,76.42770352369381,112.78571428571429,91.66037352245166,46630.85,2089572,50999.45,-2447.0,-10.583910034602074
2022-02-09,4151,4187,4117,4118,38986,55350,4158.2,4089.4,3975.0,3709.5666666666666,133.33443417446597,120.29643602856117,13.037998145904794,63.16916488222698,118.14285714285714,50.7216935463073,46394.2,2050586,51394.45,34677.0,167.74053112755766
2022-02-10,4145,4231,4128,4208,43643,57304,4188.0,4104.8,4002.7,3713.883333333333,134.21049696117734,123.07924821508442,11.131248746092922,65.42713567839195,122.28571428571429,60.6934454101389,46574.6,2094229,51775.25,1954.0,3.5302619692863635
2022-02-11,4245,4300,4201,4218,50983,58367,4225.0,4125.9,4023.75,3720.55,134.1651273842558,125.29642404891871,8.868703335337102,63.63636363636363,122.64285714285714,69.6855245289119,46436.0,2145212,51821.2,1063.0,1.8550188468518858
2022-02-14,4280,4447,4260,4422,56661,63506,4246.8,4163.1,4057.75,3730.883333333333,148.8741383723168,130.01196691359834,18.86217145871845,68.17761332099907,130.92857142857142,99.78483119953664,47067.25,2201873,52131.95,5139.0,8.804632754810072
2022-02-15,4352,4421,4322,4382,53358,61768,4269.6,4203.4,4088.9,3742.1,155.51083771199774,135.11174107327824,20.3990966387195,64.80293308890926,130.85714285714286,90.45986315585617,47872.9,2148515,52212.05,-1738.0,-2.7367492835322693
2022-02-16,4282,4311,4172,4203,74603,57961,4286.6,4222.4,4107.4,3749.1833333333334,144.65912536887527,137.02121793239766,7.6379074364776045,55.8893280632411,140.35714285714286,41.072256736630166,49307.3,2073912,52125.45,-3807.0,-6.163385571817126
2022-02-17,4248,4284,4154,4220,66115,58412,4289.0,4238.5,4124.8,3757.6833333333334,135.86465985367795,136.78990631665374,-0.9252464629757924,58.62348178137651,140.64285714285714,34.14463596655939,50860.45,2140027,52043.25,451.0,0.7781094184020398
2022-02-18,4206,4261,4167,4174,68015,56133,4280.2,4252.6,4138.45,3766.733333333333,123.75657821238474,134.18324069579995,-10.426662483415214,55.00807754442649,140.42857142857142,23.897010239689166,52390.1,2072012,51914.35,-2279.0,-3.9015955625556376
2022-02-21,4126,4243,4105,4213,72607,55081,4238.4,4242.6,4151.1,3774.483333333333,115.9709691975554,130.54078639615105,-14.569817198595644,59.701492537313435,142.07142857142858,15.082246664608789,53436.35,2144619,51573.45,-1052.0,-1.8741203926389116
2022-02-22,4236,4378,4222,4367,58958,52843,4235.4,4252.5,4168.0,3787.6833333333334,120.83442687314437,128.5995144915497,-7.765087618405346,63.348416289592755,147.57142857142858,62.151771125634916,53602.5,2203577,51003.35,-2238.0,-4.063107060510884
2022-02-23,4377,4380,4283,4340,51408,49641,4262.8,4274.7,4182.05,3800.1833333333334,121.11395152640489,127.10240189852075,-5.988450372115864,60.749808722264724,148.0,60.14212010180532,53588.75,2152169,50256.8,-3202.0,-6.059459152584068
2022-02-24,4328,4550,4296,4497,85611,39847,4318.2,4303.6,4204.2,3812.3333333333335,132.47695287552415,128.17731209392144,4.2996407816027045,66.13351877607789,156.14285714285714,89.8227564356457,55553.0,2237780,49027.25,-9794.0,-19.729658951270125
2022-02-25,4606,4609,4379,4419,87291,36615,4367.2,4323.7,4224.8,3823.483333333333,133.64765817326133,129.27138130978943,4.376276863471901,54.288025889967635,149.78571428571428,86.31272350486347,57132.35,2150489,47807.15,-3232.0,-8.111024669360301
2022-02-28,4374,4543,4240,4533,94083,30857,4431.2,4334.8,4248.95,3838.4,142.13584428204922,131.8442739042414,10.29157037780783,60.15325670498083,165.21428571428572,68.04141761048463,59332.5,2244572,46334.25,-5758.0,-15.725795439027724
2022-03-01,4481,4558,4395,4554,52391,24421,4468.6,4352.0,4277.7,3857.2,148.84156451791387,135.2437320269759,13.597832490937975,68.53741496598639,166.07142857142858,82.32969612229743,59074.35,2296963,44762.15,-6436.0,-20.857503969925784
2022-03-02,4689,4852,4625,4852,63971,24883,4571.0,4416.9,4319.65,3883.85,176.17121354011124,143.42922832960295,32.74198521050829,73.26589595375722,179.28571428571428,139.79775518022842,59441.4,2360934,44101.5,462.0,1.8918144220138489
2022-03-03,4879,5222,4868,5181,112202,22197,4707.8,4513.0,4375.75,3915.2166666666667,221.82069680775749,159.10752202523386,62.71317478252362,78.27363476218437,198.64285714285714,156.46989073281665,62600.95,2473136,43587.7,-2686.0,-10.794518345858616
2022-03-04,5135,5199,4947,5050,69668,18719,4834.0,4600.6,4426.6,3944.2166666666667,244.6079478373067,176.20760718764845,68.40034064965826,69.2638036809816,200.28571428571428,120.89049038704408,63472.3,2403468,43384.9,-3478.0,-15.668784069919361
2022-03-07,5148,5464,5075,5464,34055,18425,5020.2,4725.7,4484.15,3978.7,292.699293255474,199.50594440121358,93.19334885426042,76.99600798403193,222.71428571428572,128.61353286043837,63431.8,2437523,43150.15,-294.0,-1.5705967199102555
2022-03-08,5380,5836,5255,5702,69713,15284,5249.8,4859.2,4555.85,4017.3166666666666,346.0278482895874,228.81032517888838,117.217523110699,86.33058652447892,249.21428571428572,127.29240268933631,65216.1,2507236,42880.7,-3141.0,-17.04748982360923
2022-03-09,5651,6032,5651,5957,51662,14682,5470.8,5020.9,4647.8,4059.0666666666666,404.20802276600625,263.889864696312,140.31815806969428,87.74445893089961,267.14285714285717,124.76406686348466,65849.9,2558898,40847.3,-602.0,-3.9387594870452736
2022-03-10,5686,5700,5097,5150,60932,11144,5464.6,5086.2,4694.9,4087.0,380.80835293680684,287.27356234441095,93.5347905923959,65.93729588504246,321.85714285714283,62.053201033221015,66714.35,2497966,38539.3,-3538.0,-24.097534395858876
2022-03-11,5261,5476,5016,5115,62689,11272,5477.6,5155.8,4739.75,4113.7,355.3435591625148,300.88756170803174,54.455997454483054,64.74820143884892,344.85714285714283,46.30170019781381,67299.65,2435277,36184.55,128.0,1.148600143575007
2022-03-14,5095,5150,4966,5143,51564,11508,5413.4,5216.8,4775.8,4141.733333333334,333.5766288930545,307.4253751450363,26.151253748018178,63.23328785811732,346.2142857142857,31.833443016689845,67044.8,2486841,33584.65,236.0,2.0936834634492474
2022-03-15,5047,5114,4591,4596,63692,10780,5192.2,5221.0,4786.5,4158.716666666666,269.0859954466896,299.75749920536697,-30.671503758677375,53.70799536500579,378.7142857142857,-0.6085849077441031,67561.5,2423149,31035.25,-728.0,-6.3260340632603445
2022-03-16,4576,4673,4444,4604,70280,9798,4921.6,5196.2,4806.55,4176.766666666666,216.13081544800843,283.0321624538953,-66.90134700588686,51.61973963063881,376.92857142857144,-21.63099273516985,67345.35,2493429,28627.1,-982.0,-9.109461966604826
2022-03-17,4600,4690,4403,4570,58817,9711,4805.6,5135.1,4824.05,4195.466666666666,169.4664343613158,260.31901683537944,-90.85258247406364,52.3166615526235,381.0,-25.993160807543006,66980.45,2434612,26192.05,-87.0,-0.8879363135333773
2022-03-18,4745,5024,4730,4998,63663,10064,4782.2,5129.9,4865.25,4220.1,165.11723055423408,241.27865957915037,-76.16142902491629,56.5071368597817,391.7857142857143,7.974449008426383,66762.85,2498275,23888.6,353.0,3.6350530326433983
2022-03-21,4892,5169,4832,5115,54358,9821,4776.6,5095.0,4910.35,4246.516666666666,169.1613901862438,226.85520570056906,-57.69381551432525,57.64513491414555,404.2142857142857,17.362646640732255,65850.4,2552633,21625.6,-243.0,-2.414546899841019
2022-03-22,5081,5327,5071,5212,87275,37074,4899.8,5046.0,4952.6,4277.85,178.14001792999807,217.11216814645488,-38.97215021645681,55.19031141868512,401.2142857142857,32.185854179972075,67266.25,2639908,20837.15,27253.0,277.4971998778129
2022-03-23,5174,5239,5015,5146,91362,37841,5008.2,4964.9,4992.9,4307.25,177.87951239669928,209.26563699650376,-31.386124599804475,49.453978159126365,390.7857142857143,20.29856521016263,69263.95,2548546,20247.15,767.0,2.0688353023682327
2022-03-24,5301,5443,5255,5270,84854,38567,5148.2,4976.9,5031.55,4337.083333333333,185.54003356124667,204.52051630945235,-18.980482748205674,53.4396497811132,394.0,39.567817121163,69226.1,2633400,20183.15,726.0,1.9185539494199322
2022-03-25,5340,5380,5184,5320,86655,34014,5212.6,4997.4,5076.6,4366.383333333333,193.41605403419726,202.29962385440132,-8.883569820204059,47.45942131263232,378.42857142857144,32.12615617596251,69194.3,2720055,20053.1,-4553.0,-11.805429512277332
2022-03-28,5171,5305,5102,5197,101324,27766,5229.0,5002.8,5109.8,4393.066666666667,187.57058797700302,199.35381667892165,-11.783228701918631,40.71349760941523,352.5,15.717885092765448,69556.35,2618731,19898.55,-6248.0,-18.368906920679716
2022-03-29,5137,5144,4970,5052,88588,24993,5197.0,5048.4,5134.7,4418.0,169.286298752967,193.34031309373074,-24.05401434076373,32.65619011115369,341.5,-10.303401326852084,71366.2,2530143,19927.15,-2773.0,-9.987034502629111
2022-03-30,4800,5089,4750,5083,92483,21192,5184.4,5096.3,5146.25,4440.916666666667,155.50474681102514,185.77319983718962,-30.26845302616448,48.172394980905615,304.2857142857143,-25.39555533360023,72791.8,2622626,19742.6,-3801.0,-15.20825831232745
2022-03-31,5106,5170,4912,5010,78092,18776,5132.4,5140.3,5137.7,4462.8,137.11173891564522,176.04090765288075,-38.92916873723553,47.19401389631213,289.85714285714283,-15.673345354180864,71086.3,2544534,19571.55,-2416.0,-11.40052850132125
2022-04-01,4950,5080,4876,4884,70643,17338,5045.2,5128.9,5129.4,4482.683333333333,111.08745365384493,163.05021685307358,-51.96276319922865,43.42305738953784,291.2857142857143,-28.104737830143325,71135.05,2473891,19502.5,-1438.0,-7.658713250958671
2022-04-06,4951,5111,4951,5085,35233,18421,5022.8,5125.9,5110.45,4505.733333333334,105.46629051535274,151.53343158552943,-46.06714107017669,65.06469500924214,268.07142857142856,-9.471965974217888,71193.95,2509124,19502.3,1083.0,6.246395201291954
2022-04-07,5121,5121,4760,4828,57080,16864,4978.0,5087.5,5066.75,4525.416666666667,79.35892577134473,137.09853042269248,-57.73960465134775,55.98290598290598,277.5,-29.473687795945974,70562.3,2452044,19581.3,-1557.0,-8.45230986374247
2022-04-08,4830,4875,4723,4837,50584,15891,4928.8,5056.6,5010.75,4544.516666666666,58.71801121952831,121.42242658205964,-62.704415362531336,57.227937195452085,267.85714285714283,-46.88902281883393,70508.4,2502628,19641.75,-973.0,-5.769686907020876
2022-04-11,4850,4936,4765,4931,45831,15717,4913.0,5022.7,4999.8,4565.8,49.37577889295426,107.01309704423858,-57.63731815128432,47.785855915399864,247.64285714285714,-28.292223195876243,69753.35,2548459,19870.4,-174.0,-1.0949594109873506
2022-04-12,4832,4967,4744,4866,57468,13144,4909.4,4977.3,4987.35,4583.616666666667,36.30849397734255,92.87217643085937,-56.56368245351682,41.478439425051334,239.5,-29.065493347340926,69492.3,2490991,19964.0,-2573.0,-16.370808678500982
2022-04-13,4916,5074,4902,5025,50186,11484,4897.4,4960.1,4981.45,4605.0,38.340581362805096,81.96585741724851,-43.62527605444342,43.86080105055811,236.07142857142858,5.967839989412957,69423.4,2541177,19962.8,-1660.0,-12.629336579427875
2022-04-14,5100,5235,5045,5163,46149,11398,4964.4,4971.2,5009.8,4628.4,50.504289925628655,75.67354391892454,-25.169253993295882,50.53291536050157,235.07142857142858,37.50185514206352,68546.25,2587326,19993.7,-86.0,-0.7488679902473039
2022-04-15,5138,5414,5122,5396,41266,10921,5076.2,5002.5,5049.4,4654.45,78.04560814521301,76.14795676418224,1.8976513810307694,53.697183098591545,234.71428571428572,73.46306937449408,67095.55,2628592,20049.85,-477.0,-4.184944727145112
2022-04-18,5374,5520,5241,5282,48601,8813,5146.4,5029.7,5085.0,4677.95,89.64013828140924,78.84639306762764,10.793745213781591,48.925339366515836,240.64285714285714,83.04237283649827,66584.75,2579991,20004.95,-2108.0,-19.30226169764674
2022-04-19,5201,5273,5133,5148,67605,33050,5202.8,5056.1,5092.5,4698.733333333334,87.01317313704567,80.47974908151124,6.533424055534425,48.62282181000562,235.71428571428572,30.483182691977476,66781.85,2512386,21154.25,24237.0,275.0141835924203
2022-04-20,5068,5129,5015,5089,62877,34157,5215.6,5056.5,5091.2,4717.55,79.25685374317618,80.23517001384423,-0.9783162706680457,51.09273479031305,229.0,-2.7062437715387073,67207.8,2449509,22371.05,1107.0,3.3494704992435675
2022-04-21,5060,5156,5029,5152,54127,35006,5213.4,5088.9,5088.2,4736.266666666666,77.30239434634677,79.64861488034474,-2.3462205339979647,51.99999999999999,213.85714285714286,9.387373079161327,65550.4,2503636,22267.65,849.0,2.4855812864127413
2022-04-22,5133,5256,5077,5167,67027,35882,5167.6,5121.9,5089.25,4754.733333333334,76.08676496881617,78.93624489803904,-2.8494799292228663,54.70905818836232,208.21428571428572,25.562339823989515,64333.65,2570663,22169.7,876.0,2.5024281551734084
2022-04-25,5180,5204,4938,4968,70074,34319,5104.8,5125.6,5074.15,4769.966666666666,58.392619274524804,74.82751977333619,-16.434900498811388,52.41379310344826,212.64285714285714,-10.714599353541669,63594.65,2500589,21957.3,-1563.0,-4.355944484699847
2022-04-26,4925,5069,4864,4995,78863,25632,5074.2,5138.5,5057.9,4786.433333333333,46.01808781290492,69.06563338124994,-23.047545568345015,47.12643678160919,211.07142857142858,-26.851603620143432,63205.05,2579452,21538.2,-8687.0,-25.312509105743175
2022-04-27,5026,5190,5008,5171,69862,25709,5090.6,5153.1,5056.6,4805.116666666667,49.8384054676153,65.22018779852301,-15.381782330907711,61.54882154882155,199.21428571428572,26.072198097317116,61631.95,2649314,21435.35,77.0,0.3004057428214635
2022-04-28,5115,5199,5060,5161,62922,22985,5092.4,5152.9,5062.05,4824.816666666667,51.46585200087611,62.469320638993636,-11.003468638117525,60.901749663526246,198.28571428571428,30.289597249173237,60348.65,2586392,21334.95,-2724.0,-10.595511299544903
2022-04-29,5140,5510,5140,5488,97585,22131,5156.6,5162.1,5082.3,4849.4,78.23988159815053,65.62343283082502,12.616448767325508,66.20127981384526,212.5,96.37876148402594,60603.75,2683977,21381.9,-854.0,-3.7154666086578247
2022-05-05,5557,5674,5556,5653,43216,24396,5293.6,5199.2,5114.45,4875.966666666666,111.48745599375707,74.79623746341144,36.69121853034562,71.63276525563496,209.85714285714286,130.64629821852978,58859.95,2727193,21662.9,2265.0,10.23451267452895
2022-05-06,5690,5767,5578,5687,75563,25573,5432.0,5253.1,5154.6,4903.533333333334,138.9778637852587,87.63256272778091,51.3453010574778,69.53955135773317,208.5,114.69405425330459,59105.95,2802756,22074.65,1177.0,4.824561403508776
2022-05-09,5718,5823,5626,5715,87636,26685,5540.8,5315.7,5186.1,4926.9,161.1657574819019,102.33920167860512,58.82655580329677,67.42424242424242,207.57142857142858,102.75786833391413,61726.1,2890392,22487.85,1112.0,4.348336135768194
2022-05-10,5642,5736,5352,5496,90618,22431,5607.8,5350.1,5219.5,4947.366666666667,159.24270260056073,113.71990186299625,45.52280073756448,53.18471337579618,214.14285714285714,59.8796594276409,63403.0,2799774,22766.2,-4254.0,-15.941540191118609
2022-05-11,5490,5578,5350,5494,77749,20537,5609.0,5382.8,5252.35,4970.3,155.76175985762347,122.12827346192171,33.633486395701766,57.270233196159126,210.5,45.47463883069754,64761.25,2722025,22998.5,-1894.0,-8.443671704337753
2022-05-12,5527,5614,5426,5489,69599,19273,5576.2,5434.9,5280.25,4991.65,150.8606023256052,127.8747392346584,22.985863090946808,62.82919488337096,213.28571428571428,47.71390800022078,65949.65,2652426,23176.3,-1264.0,-6.154745094220193
2022-05-13,5500,5731,5471,5665,60790,19864,5571.8,5501.9,5320.2,5015.766666666666,159.34134098484355,134.16805958469544,25.173281400148113,69.91701244813278,222.35714285714286,64.56648110561524,66115.75,2713216,23512.3,591.0,3.0664660405749
2022-05-16,5726,5868,5688,5783,62489,20284,5585.4,5563.1,5358.1,5038.45,173.58304402572958,142.05105647290227,31.531987552827303,71.01932045303131,227.78571428571428,85.28243485312915,66730.9,2775705,23952.3,420.0,2.114377768828035
2022-05-17,5824,6086,5789,5971,71260,23586,5680.4,5644.1,5398.5,5064.933333333333,197.7600701229967,153.19285920292117,44.567210920075524,74.01433691756273,236.64285714285714,99.52452940422394,67986.45,2846965,24561.7,3302.0,16.278840465391433
2022-05-18,6000,6084,5880,5897,61260,23261,5761.0,5685.0,5423.55,5093.166666666667,208.54537467073624,164.2633622964842,44.28201237425205,79.98708844415752,232.21428571428572,86.65105832861555,68986.15,2785705,25178.7,-325.0,-1.3779360637666382
2022-05-19,5965,6008,5764,5954,64224,22355,5854.0,5715.1,5457.15,5122.066666666667,219.16582268197635,175.24385437358262,43.92196830839373,80.36732108929702,235.0,70.65221061827451,69767.3,2849929,25855.8,-906.0,-3.8949314302910487
2022-05-20,5788,5907,5696,5834,64976,19919,5887.8,5729.8,5491.45,5149.733333333334,215.41642072289778,183.27836764344565,32.138053079452135,71.76625082074852,239.5,50.5390651028931,69635.85,2784953,25199.25,-2436.0,-10.89689107582197
2022-05-23,5846,5971,5814,5915,38720,19115,5914.2,5749.8,5532.75,5178.1,216.48550556153532,189.9197952270636,26.56571033447173,73.65119196988708,240.78571428571428,57.83278815352547,68428.0,2823673,24447.15,-804.0,-4.036347206185054
2022-05-24,5910,5922,5730,5784,41701,17714,5876.8,5778.6,5564.35,5201.716666666666,204.40589390449622,192.8170149625501,11.58887894194612,60.58655221745351,228.07142857142858,40.16554526255382,67806.7,2781972,23582.55,-1401.0,-7.329322521579906
2022-05-25,5825,6032,5801,6014,47686,18610,5900.2,5830.6,5606.7,5229.616666666667,210.9599771486446,196.44560739976902,14.514369748875595,62.33766233766234,232.5,55.827500677859156,66839.65,2829658,22718.95,896.0,5.058146099130623
2022-05-26,6034,6255,6015,6244,57055,19266,5958.2,5906.1,5670.5,5258.733333333334,232.03841869720964,203.56416965925715,28.47424903795249,66.78722121760097,236.21428571428572,82.76858304867272,66188.7,2886713,21966.3,656.0,3.524986566362176
2022-05-27,5879,6064,5867,6019,106386,49067,5995.2,5941.5,5721.7,5285.4,227.959836791415,208.44330308568874,19.51653370572626,58.189655172413794,249.07142857142858,50.49772798283126,67564.85,2780327,23138.05,29801.0,154.68182290044638
2022-05-30,6032,6265,5993,6113,128919,44920,6034.8,5974.5,5768.8,5311.733333333334,229.6651092379716,212.68766431614532,16.977444921826276,67.82206816868862,241.07142857142858,71.81303175024055,70517.7,2909246,24098.6,-4147.0,-8.451708887847232
2022-05-31,6128,6293,6081,6240,95884,45912,6126.0,6001.4,5822.75,5339.833333333333,238.5149368329894,217.85311881951415,20.661818013475255,70.0969827586207,239.92857142857142,84.98265714058431,72165.8,3005130,25244.95,992.0,2.208370436331264
2022-06-01,6230,6248,5940,6023,108053,40417,6127.8,6014.0,5849.5,5359.35,225.41990219281251,219.3664754941738,6.053426698638702,62.9110251450677,248.5,52.58100501827023,72689.2,2897077,26159.25,-5495.0,-11.96854852761805
2022-06-02,6000,6106,5859,6010,93963,37537,6081.0,6019.6,5867.35,5373.166666666667,211.55433485714275,217.80404736676763,-6.249712509624885,59.05511811023622,247.57142857142858,31.048902486873885,75226.55,2803114,26816.3,-2880.0,-7.125714427097507
2022-06-06,6300,6355,6234,6298,50260,37798,6136.8,6066.0,5897.9,5393.966666666666,221.25448198894446,218.494134291203,2.7603476977414516,62.40963855421687,257.7142857142857,87.40220744938635,73961.4,2853374,27427.55,261.0,0.69531395689586
2022-06-07,6293,6483,6283,6448,87719,42135,6203.8,6119.3,5934.55,5410.366666666667,238.29870573051085,222.4550485790646,15.843657151446251,61.70839469808542,250.35714285714286,94.08677422236167,73965.55,2941093,28200.05,4337.0,11.474152071538168
2022-06-08,6411,6571,6332,6571,89510,39740,6270.0,6198.0,5988.3,5424.85,258.7487533259764,229.71378952844697,29.03496379752943,66.15532118887825,252.85714285714286,96.96289802041653,73910.15,3030603,29065.5,-2395.0,-5.684110596890946
2022-06-09,6605,6815,6574,6717,132128,37548,6408.8,6268.3,6049.45,5437.516666666666,283.4688902930684,240.46480968137126,43.004080611697134,67.54022988505747,252.85714285714286,116.03362353454041,76629.1,3162731,29916.05,-2192.0,-5.515853044791141
2022-06-10,6712,6766,6524,6618,119457,33065,6530.4,6305.7,6105.9,5461.983333333334,291.70866836935784,250.7135814189686,40.995086950389236,68.19870009285052,251.71428571428572,93.99815734405959,79122.0,3043274,30605.65,-4483.0,-11.939384254820496
2022-06-13,6619,6655,6410,6496,100456,29500,6570.0,6353.4,6147.45,5485.0,285.10782591209954,257.5924303175948,27.515395594504753,63.23462414578588,258.0,67.95086532540795,81105.3,2942818,31087.45,-3565.0,-10.781793437169206
2022-06-14,6490,6588,6293,6545,110848,28091,6589.4,6396.6,6185.55,5508.366666666667,280.59596557194436,262.1931373684647,18.402828203479658,68.00757217226692,265.35714285714283,54.520176500502274,83523.25,3053666,31477.8,-1409.0,-4.776271186440672
2022-06-15,6577,6590,6308,6313,94739,27168,6537.8,6403.9,6202.65,5536.983333333334,255.35623492855302,260.8257568804824,-5.46952195192938,57.068557919621746,267.7857142857143,37.81890577191429,84697.2,2958927,31656.9,-923.0,-3.2857498843045785
2022-06-16,6315,6332,6110,6130,99418,26230,6420.4,6414.6,6214.3,5562.416666666667,218.07318402642522,252.27524230967097,-34.20205828324575,47.24371373307544,266.42857142857144,-2.111275176705774,86605.1,2859509,31805.35,-938.0,-3.452591283863371
2022-06-17,6098,6295,5981,6277,112562,25648,6352.2,6441.3,6230.45,5590.866666666667,198.1041477466797,241.44102339707274,-43.33687565039304,56.48241206030151,261.92857142857144,-5.93830343801934,89022.0,2972071,31970.0,-582.0,-2.2188333968738094
2022-06-20,6216,6260,5885,5934,120359,24094,6239.8,6404.9,6235.45,5606.466666666666,152.83947091500795,223.72071290065978,-70.88124198565183,46.002679767753456,270.5,-39.37538915865006,91791.15,2851712,32178.75,-1554.0,-6.058951965065507
2022-06-21,5910,6194,5864,6065,99457,21815,6143.8,6366.6,6242.95,5622.3,126.08407486837041,204.1933852942019,-78.1093104258315,46.09897458760588,278.92857142857144,-39.059406523511555,94828.0,2951169,32313.75,-2279.0,-9.458786419855569
2022-06-22,6089,6164,5821,5842,97477,21887,6049.6,6293.7,6245.85,5632.8,85.89584064529663,180.53387636442085,-94.63803571912422,45.97598932859049,281.42857142857144,-62.965704776765584,97616.8,2853692,32522.4,72.0,0.330048132019245
2022-06-23,5782,5930,5703,5930,95493,20097,6009.6,6215.0,6241.65,5645.866666666667,60.450405391944514,156.51718216992558,-96.06677677798106,48.27882960413081,280.0,-78.24950809107476,100007.15,2949185,32596.75,-1790.0,-8.178370722346596
2022-06-24,5941,5976,5750,5865,78054,20111,5927.2,6139.7,6222.7,5655.783333333334,34.64044437701705,132.14183461134388,-97.50139023432683,39.69538315088054,271.5,-69.30698424650383,101057.1,2871131,32639.0,14.0,0.06966213862764636
2022-06-27,5935,6032,5808,5891,60715,19455,5918.6,6079.2,6216.3,5665.3,16.09827612455865,108.93312291398685,-92.8348467894282,35.91299949418311,273.2142857142857,-58.61071658609676,98773.55,2931846,31158.4,-656.0,-3.2618964745661616
2022-06-28,5750,5954,5702,5905,88588,37267,5886.6,6015.2,6205.9,5677.1,2.504289304260965,87.64735619204168,-85.14306688778072,32.17344753747324,274.14285714285717,-63.989738221279154,96757.0,3020434,30775.75,17812.0,91.55487021331277
2022-06-29,5916,5997,5823,5948,107409,37469,5907.8,5978.7,6191.3,5692.033333333334,-4.7446096495814345,69.16896302371707,-73.9135726732985,28.215297450424927,269.14285714285717,-47.53602232733385,97333.25,3127843,30353.6,202.0,0.5420345077414401
2022-06-30,6069,6223,6005,6041,122235,39955,5930.0,5969.8,6192.2,5708.0,-2.9510733923407315,54.74495574050552,-57.69602913284625,33.5986355884025,271.5,-17.929188522143015,98042.35,3250078,30330.5,2486.0,6.634818116309482
2022-07-01,6045,6100,5818,5875,131257,40706,5932.0,5929.6,6185.45,5722.416666666667,-14.754415944162247,40.84508140357197,-55.599497347734214,32.77870216306157,274.14285714285717,-45.32680964295522,99907.05,3118821,30488.95,751.0,1.8796145663871888
2022-07-04,6027,6039,5834,5951,108996,40050,5944.0,5931.3,6168.1,5740.2,-17.771229442663753,29.12181923432482,-46.89304867698857,33.77049180327869,267.7142857142857,-39.80820330772503,102843.85,3227817,30601.55,-656.0,-1.6115560359652115
2022-07-05,6022,6181,5930,6040,103265,41488,5971.0,5928.8,6147.7,5756.116666666667,-12.832593529037695,20.73093668165232,-33.56353021069002,41.90871369294606,265.5,-17.950467152128912,103621.15,3331082,30569.2,1438.0,3.590511860174783
2022-07-06,5968,5980,5423,5620,208965,44014,5905.4,5906.6,6100.15,5769.316666666667,-42.32132500948501,8.120484343424854,-50.441809352909864,36.74636174636174,293.7142857142857,-75.46164068445212,109593.9,3122117,30782.9,2526.0,6.088507520246811
2022-07-07,5575,5590,5021,5105,300036,49544,5718.2,5824.1,6019.55,5773.783333333334,-106.0253587903535,-14.708684283330818,-91.31667450702267,24.432809773123907,314.07142857142856,-126.58202619917294,117989.3,2822081,31382.7,5530.0,12.564184123233524
2022-07-08,5180,5319,5132,5200,221534,48649,5583.2,5757.6,5948.65,5778.266666666666,-147.14931279199845,-41.19680998506435,-105.9525028069341,32.04500978473581,301.35714285714283,-112.56666299137046,123093.15,3043615,32161.9,-895.0,-1.8064750524786066
2022-07-11,5196,5285,4994,5276,260129,60396,5448.2,5696.1,5887.65,5785.1,-171.62934156488882,-67.28331630102925,-104.34602526385957,30.165912518853688,298.57142857142856,-102.25323478541686,131076.8,3303744,33706.7,11747.0,24.146436720179242
2022-07-12,5203,5494,5168,5378,206505,62062,5315.8,5643.4,5829.3,5790.983333333334,-180.71620921812428,-89.96989488444825,-90.74631433367603,37.58029978586723,297.35714285714283,-72.4559102547322,135859.65,3510249,35405.25,1666.0,2.7584608252202214
2022-07-13,5285,5315,5051,5227,266727,68561,5237.2,5571.3,5775.0,5792.05,-197.8216900379739,-111.54025391515339,-86.28143612282051,31.796996374935276,304.5,-84.822942557112,144459.05,3243522,37474.9,6499.0,10.471786278237882
2022-07-14,5127,5193,4880,5045,276027,73423,5225.2,5471.7,5720.75,5786.2,-223.48756030950153,-133.92971519402303,-89.5578451154785,29.98046875,313.14285714285717,-93.0477916985288,153289.5,2967495,39834.55,4862.0,7.09149516488965
2022-07-15,5018,5211,4832,5101,291781,75379,5205.4,5394.3,5661.95,5783.183333333333,-236.5820448776858,-154.4601811307556,-82.12186374693022,30.99133782483156,324.2142857142857,-81.32283100749069,162250.45,3259276,42321.1,1956.0,2.6640153630333785
2022-07-18,5229,5454,5129,5438,241096,69434,5237.8,5343.0,5637.15,5788.016666666666,-217.26197387124648,-167.02053967885377,-50.24143419239272,40.27488546438984,331.42857142857144,-38.83326179056686,168287.3,3500372,44588.1,-5945.0,-7.886811976810515
2022-07-19,5470,5571,5381,5448,201919,70952,5251.8,5283.8,5606.3,5794.0,-198.85152537479007,-173.38673681804102,-25.464788556749056,39.442567567567565,332.57142857142856,-18.896754364580367,173410.4,3702291,47044.95,1518.0,2.186248811821301
2022-07-20,5361,5526,5285,5445,167096,72250,5295.4,5266.3,5586.45,5798.883333333333,-182.40058680491984,-175.1895068154168,-7.211079989503048,36.91834942932397,330.14285714285717,-22.265744901594545,176891.35,3535195,49563.1,1298.0,1.8294057954673537
2022-07-21,5420,5455,5300,5300,202737,72168,5346.4,5285.8,5554.95,5801.1,-178.99998722106193,-175.9516028965458,-3.048384324516121,37.261852015950375,321.07142857142856,-28.270804193780844,182253.55,3332458,52166.65,-82.0,-0.11349480968858572
2022-07-22,5150,5366,5117,5308,196491,69917,5387.8,5296.6,5527.1,5806.766666666666,-173.65763726537807,-175.49280977031228,1.8351725049342065,35.312928277752405,324.2142857142857,-36.58090916653655,188175.4,3528949,54656.95,-2251.0,-3.119110963307836
2022-07-25,5170,5303,4992,5000,223302,64437,5300.2,5269.0,5482.55,5806.85,-192.06283160476687,-178.8068141372032,-13.25601746756368,28.405315614617933,328.85714285714283,-54.09094579039735,196304.75,3305647,56906.05,-5480.0,-7.837864896949243
2022-07-26,5133,5389,5071,5334,190702,59593,5277.4,5264.6,5454.0,5809.566666666667,-177.65023079825096,-178.57549746941277,0.9252666711618076,43.84151593453918,312.57142857142856,-27.218885646918903,201410.45,3496349,58022.35,-4844.0,-7.517420115771989
2022-07-27,5370,5394,5197,5263,135489,58171,5241.0,5268.2,5419.75,5811.266666666666,-169.99762069857934,-176.8599221152461,6.862301416666753,54.20660276890308,283.85714285714283,-20.740637609217057,202814.45,3360860,59057.45,-1422.0,-2.3861862970483094
2022-07-28,5291,5533,5237,5488,172341,51385,5278.6,5312.5,5392.1,5811.266666666666,-144.1159732336091,-170.3111323389187,26.195159105309585,57.17131474103586,289.7142857142857,5.20649341179114,205319.75,3533201,59628.95,-6786.0,-11.665606573722298
2022-07-29,5500,5532,5366,5462,131517,46257,5309.4,5348.6,5371.45,5808.083333333333,-124.27005600910434,-161.10291707295582,36.83286106385148,54.749744637385085,280.7857142857143,16.72594247551435,205332.75,3401684,59906.5,-5128.0,-9.979566021212417
2022-08-01,5522,5665,5420,5445,143454,40984,5398.4,5349.3,5346.15,5804.05,-108.66120284450335,-150.61457422726534,41.953371382761986,51.78857447944474,275.0,36.21768451321543,207055.65,3258230,59953.2,-5273.0,-11.399355773180275
2022-08-02,5370,5377,5154,5262,145775,36110,5384.0,5330.7,5307.25,5796.5,-109.7920306745782,-142.4500655167279,32.6580348421497,50.918635170603665,272.42857142857144,-12.508179921788381,209181.15,3112455,59684.3,-4874.0,-11.892445832520004
2022-08-03,5240,5267,5111,5155,107141,34410,5362.4,5301.7,5284.0,5790.816666666667,-117.96242819757754,-137.55253805289783,19.590109855320293,53.00546448087432,258.7857142857143,-37.59044381984838,204089.95,3005314,59204.1,-1700.0,-4.707837164220441
2022-08-04,5291,5291,4869,4869,109564,35269,5238.6,5258.6,5272.2,5780.4,-145.834250436993,-139.20888052971685,-6.625369907276138,44.368932038834956,261.85714285714283,-87.28597043641125,194566.35,2895750,58490.35,859.0,2.49636733507701
2022-08-05,4920,4954,4847,4850,92019,34675,5116.2,5212.8,5254.7,5769.75,-167.52488893867576,-144.87208221150863,-22.652806727167132,33.12284730195178,244.28571428571428,-107.5144049848782,188090.6,2803731,57791.65,-594.0,-1.6841985879951227
2022-08-08,4828,5068,4763,5068,110784,30508,5040.8,5219.6,5244.3,5759.8,-165.2195499990985,-148.9415757690266,-16.27797423007189,40.256410256410255,252.5,-75.24831421725705,180623.35,2914515,56297.25,-4167.0,-12.017303532804613
2022-08-09,4992,5088,4955,5011,65988,29512,4990.6,5187.3,5225.95,5746.933333333333,-166.07753743961075,-152.36876810314345,-13.708769336467299,39.17165668662675,244.78571428571428,-55.12698551021939,173597.5,2848527,54669.75,-996.0,-3.2647174511603483
2022-08-10,5100,5123,4974,4990,57067,28215,4957.6,5160.0,5214.1,5730.583333333333,-166.5323419877086,-155.2014828800565,-11.330859107652117,41.75531914893617,244.35714285714286,-48.62253566757131,163114.5,2791460,52652.45,-1297.0,-4.394822445107072
2022-08-11,5035,5220,4958,5180,71011,25499,5019.8,5129.2,5220.85,5718.633333333333,-149.83417071356598,-154.1280204467584,4.293849733192417,46.89621726479147,245.28571428571428,-26.52146595688727,152863.7,2862471,50256.25,-2716.0,-9.626085415559105
2022-08-12,4900,5024,4846,5018,85202,36892,5053.4,5084.8,5216.7,5703.033333333334,-147.96712289805782,-152.8958409370183,4.928718038960483,50.469728601252605,246.57142857142858,-65.20467230360688,142534.75,2777269,48331.9,11393.0,44.68018353660928
2022-08-15,4959,4982,4813,4873,88549,36509,5014.4,5027.6,5188.45,5687.016666666666,-156.385052696186,-153.59368328885185,-2.7913694073341446,36.65315576143601,233.42857142857142,-74.24817587127261,134907.4,2688720,46685.65,-383.0,-1.0381654559253994
2022-08-16,4700,4765,4669,4718,85650,36207,4955.8,4973.2,5151.95,5667.066666666667,-173.5628033619996,-157.5875073034814,-15.97529605851821,34.953064605190505,233.92857142857142,-99.7491012782682,129093.95,2603070,44948.4,-302.0,-0.8271932948040184
2022-08-17,4710,4788,4630,4702,89031,34029,4898.2,4927.9,5114.8,5649.033333333334,-186.31958461456543,-163.33392276569822,-22.98566184886721,25.468164794007492,224.07142857142858,-89.03870731873624,125190.7,2514039,43037.35,-2178.0,-6.015411384538904
2022-08-18,4671,4898,4671,4884,105411,36497,4839.0,4929.4,5094.0,5630.2,-179.67239517296275,-166.60161724715113,-13.070777925811626,33.560864618885105,228.42857142857142,-58.68359692110671,120324.4,2619450,41253.8,2468.0,7.252637456287281
2022-08-19,4953,4980,4851,4896,109099,35153,4814.6,4934.0,5073.4,5607.733333333334,-171.45966959708676,-167.57322771713825,-3.8864418799485065,34.34112949229892,220.14285714285714,-35.44831149053122,115954.8,2728549,39515.6,-1344.0,-3.682494451598761
2022-08-22,4863,5033,4860,4942,102414,34973,4828.4,4921.4,5070.5,5589.783333333334,-159.4017259738548,-165.9389273684816,6.537201394626777,40.0990099009901,211.71428571428572,-25.937971017114897,109910.4,2830963,38042.4,-180.0,-0.5120473359314981
2022-08-23,4979,5098,4830,5093,119666,36148,4903.4,4929.6,5058.45,5572.783333333334,-136.09249121520952,-159.96964013782718,23.877148922617664,48.132530120481924,219.71428571428572,-10.256065044529612,106358.6,2950629,36870.15,1175.0,3.359734652446167
2022-08-24,5104,5206,5082,5200,95111,38497,5003.0,4950.6,5055.3,5555.45,-107.7437461340478,-149.52446133707133,41.78071520302353,61.17488183659689,198.42857142857142,25.197203523402933,104339.7,3045740,35886.45,2349.0,6.498284829036183
2022-08-25,5212,5364,5198,5309,110851,38664,5088.0,4963.5,5046.35,5543.55,-75.61018521707956,-134.74160611307298,59.131420895993415,64.60852959898153,202.64285714285714,57.15879698091661,101265.2,3156591,35250.4,167.0,0.4338000363664607
2022-08-26,5300,5309,5178,5244,88577,36677,5157.6,4986.1,5035.45,5530.783333333334,-54.757849054588405,-118.74485470137606,63.98700564678765,56.20592383638929,190.21428571428572,52.834448763134,99118.2,3068014,34771.4,-1987.0,-5.139147527415688
2022-08-29,5190,5209,5099,5141,122379,33482,5197.4,5012.9,5020.25,5511.5,-46.01305178705661,-104.19849411851217,58.18544233145556,54.439890710382514,191.07142857142858,40.22525299895581,98064.45,2945635,34396.3,-3195.0,-8.711181394334321
2022-08-30,5169,5271,5128,5251,92454,32742,5229.0,5066.2,5019.7,5491.55,-29.862420859080885,-89.33127946662592,59.46885860754503,58.40309079201545,190.64285714285714,61.96465282400784,95398.4,3038089,34227.9,-740.0,-2.210142763275791
2022-08-31,5175,5189,5004,5091,99525,28152,5207.2,5105.1,5016.5,5466.883333333333,-29.63201291426776,-77.3914261561543,47.759413241886534,47.078135259356536,189.57142857142858,26.99703767226614,95017.6,2938564,33915.0,-4590.0,-14.018691588785048
2022-09-01,4968,4971,4680,4701,101605,27801,5085.6,5086.8,5008.1,5433.283333333334,-60.22491822344,-73.95812456961144,13.733206346171443,40.94802969731582,195.07142857142858,-62.25264530255033,94619.65,2836959,33541.6,-351.0,-1.2468030690537035
2022-09-02,4665,4682,4563,4605,72084,25589,4957.8,5057.7,4995.85,5399.733333333334,-91.16551448306564,-77.39960255230228,-13.765911930763352,42.126909518213864,190.28571428571428,-96.88237799223828,93622.9,2764875,33087.3,-2212.0,-7.956548325599799
2022-09-05,4673,4862,4640,4818,78826,24012,4893.2,5045.3,4983.35,5371.766666666666,-97.37634614535727,-81.39495127091328,-15.981394874443993,52.840909090909086,194.07142857142858,-51.260679761240574,92025.0,2843701,32762.5,-1577.0,-6.162804329985539
2022-09-06,4872,4935,4738,4783,74714,22158,4799.6,5014.3,4971.95,5342.4,-103.9247031896557,-85.90090165466177,-18.023801534993936,52.27655986509274,196.85714285714286,-36.540424775019765,92461.3,2768987,32394.8,-1854.0,-7.721139430284863
2022-09-07,4700,4758,4553,4638,82486,15977,4709.0,4958.1,4954.35,5314.483333333334,-119.43780682049237,-92.6082826878279,-26.829524132664474,42.93915040183697,197.07142857142858,-70.59337751557757,93732.25,2686501,31782.9,-6181.0,-27.89511688780576
2022-09-08,4660,4660,4415,4443,84095,14140,4657.4,4871.5,4917.5,5286.366666666667,-145.78638878971742,-103.24390390820581,-42.54248488151161,38.23376623376623,205.35714285714286,-90.25920835001118,94386.45,2602406,31214.95,-1837.0,-11.497778055955433
2022-09-09,4483,4550,4439,4468,58576,10606,4630.0,4793.9,4890.0,5256.216666666666,-162.77417934919868,-115.1499589964044,-47.62422035279428,37.55252100840335,200.92857142857142,-82.55644430354512,93055.15,2660982,29900.65,-3534.0,-24.992927864214998
2022-09-13,4655,4700,4552,4660,57022,21328,4598.4,4745.8,4879.35,5234.983333333334,-158.91248614823235,-123.90246442676998,-35.010021721462365,38.86889460154242,198.35714285714286,-47.69879126723,91478.8,2718004,29141.6,10722.0,101.09372053554591
2022-09-14,4632,4777,4628,4688,94179,23566,4579.4,4689.5,4877.85,5212.033333333334,-151.8423563053293,-129.49044280248185,-22.351913502847452,36.28081457663451,200.14285714285714,-35.376195437677985,91905.25,2812183,28509.55,2238.0,10.49324831207803
2022-09-15,4701,4821,4701,4765,84829,27102,4604.8,4656.9,4881.0,5194.083333333333,-138.4302334220829,-131.27840092640207,-7.1518324956808215,35.169029443838596,197.78571428571428,-23.22655238527821,91695.15,2897012,28163.2,3536.0,15.004667741661715
2022-09-16,4699,4700,4492,4524,117874,24202,4621.0,4639.2,4863.0,5170.65,-145.56967864549915,-134.13665647022148,-11.43302217527767,32.08955223880598,207.92857142857142,-56.810936057659944,92318.3,2779138,27548.45,-2900.0,-10.700317319755005
2022-09-19,4518,4620,4488,4498,87710,23344,4627.0,4628.5,4843.1,5147.866666666667,-151.57842144281312,-137.62500946473983,-13.95341197807329,33.367822038282455,207.0,-58.035487638822595,91248.85,2691428,26958.0,-858.0,-3.545161556896126
2022-09-20,4434,4659,4417,4598,77275,22441,4614.6,4606.5,4825.9,5126.316666666667,-146.58152851828345,-139.41631327544857,-7.165215242834876,33.02132085283411,214.07142857142858,-49.044432525214226,89991.9,2768703,26331.4,-903.0,-3.8682316655243354
2022-09-21,4605,4644,4453,4637,95161,23097,4604.4,4591.9,4803.1,5105.183333333333,-137.88502803874326,-139.1100562281075,1.2250281893642523,37.40288568257491,210.07142857142858,-41.213239431896135,88766.65,2863864,25678.85,656.0,2.9232208903346546
2022-09-22,4604,4637,4475,4539,93962,21468,4559.2,4582.0,4770.05,5081.7,-137.31785497883266,-138.75161597825254,1.4337609994198885,44.63576158940398,192.28571428571428,-41.84019692580259,88709.2,2769902,24827.4,-1629.0,-7.052864008312765
2022-09-23,4629,4648,4503,4554,106418,21617,4565.2,4593.1,4732.3,5056.916666666667,-134.11203158455646,-137.82369909951333,3.711667514956872,48.21553533939819,192.78571428571428,-35.108639780206616,88487.55,2876320,23975.05,149.0,0.6940562697969055
2022-09-26,4451,4596,4381,4465,110992,18068,4558.6,4592.8,4693.35,5033.416666666667,-137.17171944847723,-137.69330316930612,0.521583720828886,36.475095785440615,189.78571428571428,-50.2729588632646,89608.3,2765328,23044.6,-3549.0,-16.417634269325067
2022-09-27,4511,4618,4452,4509,76889,14749,4540.8,4577.7,4661.75,5009.383333333333,-134.49572880683627,-137.05378829681217,2.5580594899759035,39.57382039573821,187.57142857142858,-36.812790842250045,87333.8,2842217,22107.95,-3319.0,-18.36949302634492
2022-09-28,4378,4431,4254,4315,102378,26276,4476.4,4540.4,4614.95,4980.633333333333,-146.34222355988823,-138.91147534942738,-7.430748210460848,38.15113719735877,189.35714285714286,-89.81023271436693,87830.0,2739839,21784.65,11527.0,78.15445114923045
2022-09-29,4440,4547,4372,4507,80871,21036,4470.0,4514.6,4585.75,4962.083333333333,-138.63970835433247,-138.8571219504084,0.2174135960759429,52.35294117647059,188.42857142857142,-48.59255506690656,86897.3,2820710,21428.85,-5240.0,-19.942152534632363
2022-09-30,4548,4567,4466,4510,75935,17878,4461.2,4513.2,4576.2,4952.166666666667,-130.78571828326403,-137.24284121697954,6.45712293371551,51.5695067264574,187.71428571428572,-29.040566980602662,85613.8,2896645,20932.7,-3158.0,-15.012359764213734
2022-10-10,5100,5100,4934,5034,67368,17543,4575.0,4566.8,4597.65,4949.4,-81.3413019223608,-126.0625333580558,44.721231435695,61.19760479041916,213.28571428571428,137.7523957483311,85378.0,2964013,20530.4,-335.0,-1.873811388298463
2022-10-11,5041,5065,4922,4972,57050,19582,4667.6,4604.2,4605.35,4944.333333333333,-46.62170161769518,-110.17436700998368,63.5526653922885,58.33333333333333,212.85714285714286,108.91189812677617,84289.2,2906963,20308.9,2039.0,11.622869520606516
2022-10-12,4855,4877,4744,4816,91513,61754,4767.8,4622.1,4607.0,4934.966666666666,-31.332878568538945,-94.40606932169474,63.0731907531558,51.43017386427369,219.64285714285714,58.38928666611055,85129.15,2815450,22288.7,42172.0,215.36104585844146
2022-10-13,4786,4789,4654,4710,103222,64979,4808.4,4639.2,4610.6,4926.35,-27.453226566281955,-81.01550077061219,53.56227420433024,55.64320388349515,211.71428571428572,29.47178700471442,86165.95,2712228,24738.8,3225.0,5.222333775949739
2022-10-14,4658,4852,4648,4832,116149,69005,4872.8,4667.0,4630.05,4922.8,-14.368562159200337,-67.68611304832982,53.31755088912948,59.575688073394495,216.85714285714286,42.45246932099664,87768.65,2828377,27482.05,4026.0,6.195847889318085
2022-10-17,4770,4798,4696,4743,97784,66484,4814.6,4694.8,4643.8,4916.833333333333,-11.053015262948065,-56.35949349125347,45.3064782283054,54.18349682631275,209.28571428571428,29.8968299528363,89729.05,2730593,30275.95,-2521.0,-3.6533584522860707
2022-10-18,4761,4826,4722,4781,112437,75535,4776.4,4722.0,4649.85,4905.883333333333,-5.298065241519907,-46.14720784130676,40.84914259978685,54.15704387990762,203.07142857142858,36.23610829774382,92499.8,2843030,32986.3,9051.0,13.61380181697851
2022-10-19,4751,4760,4584,4670,161031,73054,4747.2,4757.5,4648.95,4892.916666666667,-9.583525307450145,-38.834471334535436,29.25094602708529,53.75358166189111,205.57142857142858,6.620719486379057,95842.4,2681999,35460.7,-2481.0,-3.2845700668564293
2022-10-20,4696,4835,4656,4773,154204,78347,4759.8,4784.1,4649.35,4881.716666666666,-4.615341310017357,-31.99064532963182,27.375304019614465,55.97381342062193,208.0,30.625051193899733,99311.15,2836203,38022.95,5293.0,7.245325375749445
2022-10-21,4771,4837,4705,4723,129573,75294,4738.0,4805.4,4659.3,4872.1,-4.65889696661543,-26.524295657028546,21.865398690413116,57.19063545150502,202.07142857142858,27.99977641109141,99896.1,2706630,40577.55,-3053.0,-3.896766947043284
2022-10-24,4748,4856,4691,4721,156103,69330,4733.6,4774.1,4670.45,4862.316666666667,-4.7994730854115915,-22.17933114270516,17.379858057293568,56.050228310502284,202.0,25.295834971309375,103315.75,2550527,42876.85,-5964.0,-7.920949876484185
2022-10-25,4690,4881,4677,4813,167667,68557,4740.0,4758.2,4681.2,4859.2,2.4841151187829382,-17.246641890407542,19.73075700919048,65.0909090909091,198.35714285714286,31.821193351084357,107835.35,2718194,45182.65,-773.0,-1.1149574498773962
2022-10-26,4786,4857,4645,4665,166893,47174,4739.0,4743.1,4682.6,4848.05,-3.6439467168911506,-14.526102855704265,10.882156138813114,54.91905354919053,196.92857142857142,10.288823627040191,111421.95,2551301,46386.5,-21383.0,-31.19010458450633
2022-10-27,4745,4828,4676,4766,139509,39773,4737.6,4748.7,4693.95,4839.766666666666,-0.34662824949282367,-11.690207934461977,11.343579684969153,57.51173708920188,201.35714285714286,17.496971277343736,113699.3,2690810,47301.75,-7401.0,-15.68872684105651
2022-10-28,4825,4848,4743,4754,124581,39821,4743.8,4740.9,4703.95,4827.533333333334,1.283426142339522,-9.095481119101677,10.3789072614412,38.25503355704697,166.71428571428572,21.946131284370207,114607.45,2566229,48211.95,48.0,0.12068488673220301
2022-10-31,4788,4788,4580,4643,147755,33530,4728.2,4730.9,4712.85,4813.883333333333,-6.308792509556952,-8.538143397192734,2.229350887635782,36.74456083803384,171.35714285714286,-14.68492201314006,116445.6,2418474,48985.05,-6291.0,-15.798196931267416
2022-11-01,4626,4824,4568,4813,137064,32908,4728.2,4734.1,4728.05,4803.35,1.3760366664164394,-6.5553073844709,7.931344050887339,49.88047808764941,173.35714285714286,2.367346589892767,119454.35,2555538,49893.0,-622.0,-1.8550551744706212
2022-11-02,4836,4867,4752,4801,94522,32612,4755.4,4747.2,4752.35,4795.666666666667,6.42396793914304,-3.9594523197481117,10.383420258891151,53.919035314384146,170.0,22.482763512358048,119061.55,2461016,50209.8,-296.0,-0.8994773307402504
2022-11-03,4779,4816,4703,4790,90318,31915,4760.2,4748.9,4766.5,4789.583333333333,9.428199358639176,-1.2819219840706542,10.710121342709831,48.0,163.5,1.7013128929356949,119533.9,2370698,50753.75,-697.0,-2.1372500919906834
2022-11-04,4765,4928,4718,4920,120527,32924,4793.4,4768.6,4787.0,4790.433333333333,22.044868426807625,3.383436098105002,18.661432328702624,58.111824014665444,168.78571428571428,41.224364925565276,121763.5,2491225,51506.05,1009.0,3.16152279492401
2022-11-07,4970,4992,4877,4905,100264,27933,4845.8,4787.0,4780.55,4791.35,30.481918341448363,8.803132546773675,21.67878579467469,55.80524344569288,169.57142857142858,97.204047184514,123408.3,2390961,52025.55,-4991.0,-15.159154416231324
2022-11-08,4908,4959,4858,4922,66944,26841,4867.6,4797.9,4778.05,4788.916666666667,38.100895700880756,14.662685177595092,23.43821052328566,62.936344969199176,162.71428571428572,105.11814733557219,123903.0,2457905,52388.5,-1092.0,-3.9093545269036634
2022-11-09,4919,4964,4780,4843,95409,24335,4876.0,4815.7,4779.4,4786.116666666667,37.33398741324618,19.19694562472531,18.137041788520868,53.684210526315795,163.07142857142858,62.447274525999994,124097.8,2362496,50517.55,-2506.0,-9.336462873961482
2022-11-10,4816,4845,4698,4725,84755,19483,4863.0,4811.6,4780.15,4781.7,26.894569382611735,20.736470376302595,6.15809900630914,50.09823182711198,164.14285714285714,-17.172926544042365,123174.45,2277741,48242.75,-4852.0,-19.938360386274912
2022-11-11,4711,4884,4707,4870,94207,16920,4853.0,4823.2,4782.05,4776.533333333334,29.97599890980564,22.584376083003207,7.391622826802433,56.41688199827735,165.0,28.950427846471513,122077.35,2371948,45638.5,-2563.0,-13.155058255915408
2022-11-14,4888,4902,4744,4778,68359,17198,4827.6,4836.7,4783.8,4772.533333333334,24.70958615863492,23.00941809812955,1.7001680605053693,48.49267872523687,161.71428571428572,17.604932017946844,120606.1,2303589,43174.2,278.0,1.643026004728143
2022-11-15,4767,4786,4616,4639,75021,15891,4771.0,4819.3,4776.7,4768.633333333333,9.213569488531903,20.250248376210024,-11.036678887678121,48.87152777777778,158.71428571428572,-69.56745798324579,118735.3,2228568,40192.0,-1307.0,-7.599720897778816
2022-11-16,4512,4569,4443,4511,92811,59401,4704.6,4790.3,4768.75,4765.183333333333,-13.243008466546598,13.5515970076587,-26.794605474205298,39.18575063613232,161.07142857142858,-144.8552802608787,115324.3,2135757,39509.35,43510.0,273.8027814486187
2022-11-17,4560,4560,4381,4439,108529,63394,4647.4,4755.2,4752.05,4760.8,-36.42986574227507,3.555304457671946,-39.985170199947014,37.288135593220346,166.35714285714286,-129.3675556367392,113040.55,2027228,38761.7,3993.0,6.722109055403114
2022-11-18,4392,4408,4214,4261,142957,71121,4525.6,4689.3,4728.95,4750.416666666667,-68.38048194699331,-10.831852823261107,-57.548629123732205,35.37519142419602,167.57142857142858,-142.27143237992692,113709.75,1884271,38553.05,7727.0,12.188850679875074
2022-11-21,4198,4218,4085,4159,157125,74691,4401.8,4614.7,4700.85,4738.133333333333,-100.77050339573816,-28.81958293775652,-71.95092045798164,23.586429725363487,161.85714285714286,-136.47188840880492,113760.85,1727146,38821.1,3570.0,5.019614459864186
2022-11-22,4165,4270,4010,4247,175242,69923,4323.4,4547.2,4672.55,4726.55,-117.97897600206761,-46.651461550618734,-71.32751445144888,28.919330289193297,172.21428571428572,-107.15360400596104,114139.6,1902388,38889.4,-4768.0,-6.383633905022023
2022-11-23,4299,4362,4273,4312,129012,64364,4283.6,4494.1,4654.9,4713.533333333334,-124.93172261953987,-62.30751376440296,-62.62420885513691,32.52923976608187,172.35714285714286,-68.76658663966498,112245.55,2031400,39748.9,-5559.0,-7.950173762567392
2022-11-24,4252,4252,4154,4170,155055,68196,4229.8,4438.6,4625.1,4696.366666666667,-140.28294321591147,-77.90259965470466,-62.380343561206814,22.82608695652175,168.64285714285714,-81.85476483385004,113022.85,1876345,41170.05,3832.0,5.953638680007467
2022-11-25,4200,4345,4179,4326,131924,59325,4242.8,4384.2,4603.7,4679.983333333334,-138.2671423359643,-89.97550819095659,-48.29163414500772,30.966469428007898,172.92857142857142,-58.12734860403861,113390.0,2008269,42145.25,-8871.0,-13.008094316382191
2022-11-28,4354,4382,4101,4130,122713,58215,4237.0,4319.4,4578.05,4661.416666666667,-150.74744486778945,-102.12989552632317,-48.61754934146629,26.705882352941174,185.78571428571428,-65.20038953779645,112137.9,1885556,43379.5,-1110.0,-1.8710493046776189
2022-11-29,4133,4500,4121,4416,158607,50318,4270.8,4297.1,4558.2,4649.333333333333,-135.99272525747892,-108.90246147255432,-27.090263784924602,38.80440482433141,199.71428571428572,-36.74645616724425,113215.05,2044163,44250.0,-7897.0,-13.565232328437693
2022-11-30,4417,4430,4302,4363,128966,38079,4281.0,4282.3,4536.3,4634.533333333334,-127.11090533193692,-112.54415024443084,-14.566755087506081,40.17372421281217,198.35714285714286,-29.869363556911384,114937.25,1915197,44523.35,-12239.0,-24.323303787908902
2022-12-01,4399,4424,4291,4320,113901,37726,4311.0,4270.4,4512.8,4621.683333333333,-122.13385661156099,-114.46209151785686,-7.671765093704124,34.19540229885058,195.21428571428572,-29.932696161912336,116116.4,1801296,44813.9,-353.0,-0.9270201423356661
2022-12-02,4372,4393,4215,4330,108324,35197,4311.8,4277.3,4483.3,4615.5,-116.04489984646261,-114.77865318357803,-1.2662466628845834,36.4897466827503,196.64285714285714,-31.847478598739297,115506.25,1909620,44927.55,-2529.0,-6.703599639505908
2022-12-05,4358,4496,4297,4307,135716,34487,4347.2,4292.1,4453.4,4610.533333333334,-111.78665850803645,-114.18025424846972,2.3935957404332697,39.23476005188067,198.71428571428572,-18.091286127050893,117278.85,1773904,45255.25,-710.0,-2.017217376480951
2022-12-06,4357,4401,4147,4208,103808,32867,4305.6,4288.2,4417.7,4600.366666666667,-115.07394340233986,-114.35899207924376,-0.714951323096102,39.986781229345674,202.85714285714286,-37.21657207093206,119122.05,1670096,45556.55,-1620.0,-4.697422217067304
2022-12-07,4150,4156,3964,3993,134981,36387,4231.6,4256.3,4375.2,4587.2,-133.48906469101166,-118.18500660159735,-15.304058089414312,36.533816425120776,207.5,-77.32703739999279,121100.65,1535115,46159.15,3520.0,10.709830529102149
2022-12-08,3998,4047,3895,3947,109526,35324,4157.0,4234.0,4336.3,4575.683333333333,-150.06513903750965,-124.56103308877981,-25.504105948729844,39.69816272965879,202.28571428571428,-84.8326055944231,122339.2,1425589,46951.2,-1063.0,-2.9213730178360375
2022-12-09,3980,4018,3890,3911,101421,34509,4073.2,4192.5,4288.35,4566.816666666667,-164.21374271026343,-132.49157501307656,-31.722167697186876,41.49519890260631,198.85714285714286,-84.86059145019465,122699.9,1324168,47830.65,-815.0,-2.3072132261352074
2022-12-12,3720,3768,3660,3695,167626,79052,3950.8,4149.0,4234.2,4553.933333333333,-190.6582186053247,-144.1249037315262,-46.5333148737985,32.59773013871374,198.21428571428572,-124.18937241097582,127663.25,1156542,50923.35,44543.0,129.076472804196
2022-12-13,3652,3810,3588,3806,200213,78170,3870.4,4088.0,4192.55,4539.7,-200.34938098914427,-155.36979918304982,-44.979581806094444,34.497549019607845,205.85714285714286,-105.46927491374474,133922.85,1356755,54037.3,-882.0,-1.115721297373884
2022-12-14,3789,3877,3757,3837,169972,74104,3839.2,4035.4,4158.85,4525.516666666666,-203.18605372872798,-164.93305009218545,-38.25300363654253,39.05325443786983,203.14285714285714,-76.55847842192247,137780.9,1526727,54772.45,-4066.0,-5.201483945247542
2022-12-15,3882,3974,3854,3961,164220,73084,3842.0,3999.5,4134.95,4512.116666666667,-193.20126965029613,-170.5866940038076,-22.614575646488532,37.743451981195435,200.42857142857142,-47.938822378760065,140565.45,1690947,55256.95,-1020.0,-1.3764439166576659
2022-12-16,3962,3988,3880,3925,160699,75590,3844.8,3959.0,4118.15,4502.133333333333,-186.04850412274664,-173.67905602759544,-12.3694480951512,42.28743416102333,188.07142857142858,-43.16256405575118,141452.55,1530248,55480.4,2506.0,3.428931092988896
2022-12-19,3888,3968,3787,3846,185627,77876,3875.0,3912.9,4102.5,4491.266666666666,-184.62626897583186,-175.86849861724275,-8.757770358589113,24.598930481283418,173.92857142857142,-52.8846581669777,142877.65,1344621,55639.65,2286.0,3.0242095515279788
2022-12-20,3850,4047,3850,3982,167583,78872,3910.2,3890.3,4089.25,4481.0,-170.5589762655618,-174.80659414690655,4.247617881344752,34.19087136929461,179.14285714285714,-29.645345175401374,142494.7,1512204,56087.1,996.0,1.2789562894858442
2022-12-21,3982,3985,3907,3972,147590,74645,3937.2,3888.2,4072.25,4469.916666666667,-158.39162184850557,-171.52359968722635,13.131977838720786,35.153583617747444,175.21428571428572,-27.276242482464,143423.6,1364614,56601.15,-4227.0,-5.359316360685673
2022-12-22,4053,4075,3980,4000,139678,72371,3945.0,3893.5,4063.75,4460.933333333333,-144.82014335253916,-166.18290842028892,21.362765067749763,36.13445378151261,169.85714285714286,-11.047489455467092,142654.75,1504292,56809.9,-2274.0,-3.0464197200080423
2022-12-23,4029,4043,3904,3919,141998,64107,3943.8,3894.3,4043.4,4450.35,-138.99838506250762,-160.74600374873268,21.747618686225053,34.455128205128204,165.57142857142858,-22.090565019650064,143158.45,1362294,57049.0,-8264.0,-11.418938525099831
2022-12-26,3941,4150,3941,4124,154125,56479,3999.4,3937.2,4043.1,4444.666666666667,-116.49987489154319,-151.8967779772948,35.3969030857516,46.89807976366322,163.92857142857142,6.492037823940883,144729.05,1516419,56962.2,-7628.0,-11.898856599123341
2022-12-27,4093,4179,4063,4120,96687,47188,4027.0,3968.6,4028.3,4438.183333333333,-97.86429142549832,-141.0902806669355,43.22598924143719,55.55555555555556,154.78571428571428,21.785974127487467,141633.05,1419732,56805.7,-9291.0,-16.450362081481618
2022-12-28,4115,4205,4104,4104,119962,40950,4053.4,3995.3,4015.35,4434.666666666667,-83.42485376491732,-129.55719528653188,46.13234152161456,57.05300988319856,151.14285714285714,30.92987947044121,141182.85,1299770,56949.25,-6238.0,-13.219462575230988
2022-12-29,4090,4120,4000,4036,117945,36819,4060.6,4002.8,4001.15,4426.816666666667,-76.58569487112891,-118.9628952034513,42.37720033232239,55.45851528384279,150.57142857142858,13.139392246776776,141385.05,1181825,56903.9,-4131.0,-10.087912087912088
2022-12-30,4066,4149,4015,4134,110164,38614,4103.6,4023.7,3991.35,4420.55,-62.536944229316305,-107.6777050086243,45.140760779307996,71.37293086660175,142.21428571428572,32.622734157575344,141477.05,1291989,57074.75,1795.0,4.875200304190774
2023-01-03,4172,4184,4052,4113,74020,35066,4101.4,4050.4,3981.65,4405.2,-52.49263025947039,-96.64069005879352,44.148059799323136,66.38207043756671,135.78571428571428,48.928180426230895,138392.25,1217969,57103.7,-3548.0,-9.188377272491843
2023-01-04,4072,4088,3821,3855,119474,31232,4048.4,4037.7,3964.0,4386.583333333333,-64.60614347102182,-90.2337807412392,25.627637270217377,50.77319587628866,148.07142857142858,-18.964943913134597,139175.55,1098495,57021.95,-3834.0,-10.933667940455138
2023-01-05,3796,3844,3763,3768,84008,31245,3981.2,4017.3,3952.75,4369.116666666667,-80.30070631800936,-88.24716585659324,7.9464595385838805,41.4374445430346,144.85714285714286,-65.026541581072,136626.9,1014487,56764.85,13.0,0.041623975409832425
2023-01-06,3787,3834,3742,3789,101287,31028,3931.8,3996.2,3944.85,4353.766666666666,-90.00669480134138,-88.59907164554286,-1.4076231557985182,43.88489208633093,143.71428571428572,-60.294771426667324,136214.95,1115774,56550.05,-217.0,-0.6945111217794842
2023-01-09,3755,3813,3703,3744,95666,29722,3853.8,3978.7,3936.5,4335.633333333333,-100.17512800279746,-90.91428291699378,-9.26084508580368,45.26901669758812,138.64285714285714,-66.58626227811065,135927.2,1020108,56310.7,-1306.0,-4.209101456748742
2023-01-10,3796,3806,3665,3704,86040,28719,3772.0,3936.7,3936.95,4318.316666666667,-110.19113546259587,-94.7696534261142,-15.421482036481663,35.84521384928716,134.35714285714286,-78.02313233239083,131847.9,934068,53794.05,-1003.0,-3.374604669941461
2023-01-11,3746,3791,3710,3780,92871,21846,3757.0,3902.7,3935.65,4301.633333333333,-110.72001725631117,-97.9597261921536,-12.76029106415757,40.839694656488554,135.0,-66.45411094345256,126480.8,1026939,50977.85,-6873.0,-23.931891778961667
2023-01-12,3820,3980,3818,3941,92510,21743,3791.6,3886.4,3940.85,4289.483333333334,-97.02931191228436,-97.77364333617976,0.7443314238954031,47.50211685012701,141.92857142857142,-11.505856511199335,122607.7,1119449,48359.8,-103.0,-0.4714821935365765
2023-01-13,3971,3976,3917,3968,74463,22042,3827.4,3879.6,3941.2,4276.066666666667,-83.0433825183909,-94.827591172622,11.784208654231094,52.17391304347826,136.21428571428572,3.4731994646780997,118119.85,1193912,45807.7,299.0,1.3751552223704167
2023-01-16,3984,4099,3961,4054,88077,22066,3889.4,3871.6,3947.65,4264.916666666667,-64.27898333493158,-88.71786960508392,24.438886270152338,46.52777777777778,129.57142857142858,33.05617251165517,114488.75,1281989,43131.5,24.0,0.10888304146630112
2023-01-17,4058,4137,4046,4134,61715,19584,3975.4,3873.7,3962.05,4255.133333333333,-42.463240574842985,-79.46694379903575,37.00370322419276,50.64575645756458,127.78571428571429,52.83308288398599,108293.15,1343704,40216.9,-2482.0,-11.248073959938365
2023-01-18,4190,4270,4171,4254,76220,17705,4070.2,3913.6,3975.65,4245.816666666667,-15.314573277624277,-66.63646969475346,51.32189641712918,56.313131313131315,130.28571428571428,86.04494746790154,103725.0,1419924,37158.55,-1879.0,-9.59456699346405
2023-01-19,4283,4300,4106,4185,56391,13994,4119.0,3955.3,3986.3,4237.816666666667,0.6260016507108048,-53.183975425660606,53.80997707637141,56.265769554247264,135.57142857142858,66.80407762681615,99165.05,1363533,34126.0,-3711.0,-20.960180739903976
2023-01-20,4185,4325,4185,4276,62054,12091,4180.6,4004.0,4000.1,4229.65,20.367181419056124,-38.47374405671726,58.84092547577338,56.0067681895093,136.0,77.90281420395971,95283.85,1425587,31112.0,-1903.0,-13.5986851507789
2023-01-30,4325,4368,4254,4261,77222,46189,4222.0,4055.7,4017.2,4221.433333333333,34.405231876659855,-23.897948870041837,58.30318074670169,56.29251700680272,134.71428571428572,77.00975661715748,92045.05,1348365,30216.1,34098.0,282.01141344801914
2023-01-31,4261,4277,4126,4189,104438,40115,4233.0,4104.2,4020.45,4213.866666666667,39.26803229926463,-11.264752636180543,50.53278493544518,66.86868686868686,124.64285714285714,47.27539610367222,89560.7,1243927,29397.9,-6074.0,-13.15031717508498
2023-02-01,4188,4298,4167,4221,69217,39767,4226.4,4148.3,4025.5,4204.0,45.18312627937712,0.024823146930989637,45.15830313244613,74.22459893048128,127.42857142857143,53.00158141686559,88187.2,1313144,29026.85,-348.0,-0.8675059204786284
2023-02-02,4240,4305,4095,4110,88794,33191,4211.4,4165.2,4025.8,4192.483333333334,40.44785089309016,8.109428696162825,32.33842219692734,65.65853658536585,135.85714285714286,36.83441302185031,86628.8,1224350,28638.9,-6576.0,-16.536324087811504
2023-02-03,4086,4118,4028,4080,71146,28694,4172.2,4176.4,4028.0,4180.65,33.88377073696165,13.26429710432259,20.61947363263906,66.63366336633663,134.42857142857142,11.616310953072318,84288.85,1153204,28232.65,-4497.0,-13.548853604892896
2023-02-06,4056,4075,3878,3958,101966,23165,4111.6,4166.8,4019.2,4164.616666666667,18.622639324188185,14.335965548295711,4.286673775892474,61.63003663003663,138.78571428571428,-14.29270381158935,83878.95,1051238,27460.2,-5529.0,-19.268836690597336
2023-02-07,3991,4090,3964,4080,83009,22814,4089.8,4161.4,4017.55,4150.866666666667,16.185882356070124,14.705948909850594,1.4799334462195297,63.18101933216169,142.0,6.241398804427447,84328.4,1134247,26847.6,-351.0,-1.51521692208072
2023-02-08,4063,4164,4025,4148,65293,19884,4075.2,4150.8,4032.2,4137.966666666666,19.516789206050817,15.66811696909064,3.8486722369601765,59.9043062200957,137.64285714285714,21.67731573545681,81619.35,1199540,26280.2,-2930.0,-12.842991145787675
2023-02-09,4166,4259,4155,4253,76399,19446,4103.8,4157.6,4056.45,4128.133333333333,30.280128883887755,18.590519352050066,11.68960953183769,62.68922528940339,141.35714285714286,46.175271601485285,81238.9,1275939,25690.25,-438.0,-2.2027761013880487
2023-02-10,4225,4240,4183,4208,56652,18588,4129.4,4150.8,4077.4,4119.516666666666,34.778128587219726,21.828041199083998,12.950087388135728,57.11645101663586,136.5,38.83870753920667,79007.15,1219287,25068.25,-858.0,-4.41221845109534
2023-02-13,4288,4300,4192,4209,49029,16721,4179.6,4145.6,4100.65,4108.5,37.985642558922336,25.05956147105167,12.926081087870667,53.73878364905284,137.71428571428572,41.89254183221273,76675.3,1268316,24418.2,-1867.0,-10.044114482461808
2023-02-14,4205,4234,4161,4223,72798,78012,4208.2,4149.0,4126.6,4099.25,41.1825763822344,28.284164453288216,12.898411928946185,48.272017837235225,133.21428571428572,30.539287565049957,76013.2,1341114,26882.85,61291.0,366.55104359787094
2023-02-15,4198,4202,4100,4162,130506,75972,4211.0,4143.1,4145.7,4091.3,38.35188263830787,30.297708090292147,8.054174548015723,48.70641169853768,128.14285714285714,6.2136875290275215,77894.95,1210608,29589.15,-2040.0,-2.6149823104137826
2023-02-16,4145,4198,4113,4172,101993,84146,4194.8,4149.3,4157.25,4085.65,36.49476494562077,31.537119461357875,4.957645484262898,43.56435643564357,124.21428571428571,3.951316908863369,78369.1,1312601,32709.3,8174.0,10.759227083662392
2023-02-17,4152,4154,4010,4042,139235,77711,4161.6,4145.5,4160.95,4079.0333333333333,24.25349307875058,30.08039418483642,-5.826901106085838,38.136511375948,127.64285714285714,-52.72740077849479,81607.7,1173366,35492.75,-6435.0,-7.647422337366006
2023-02-20,3989,4085,3940,4080,119363,79226,4135.8,4157.7,4162.25,4076.016666666667,17.41769895993457,27.54785513985605,-10.130156179921482,43.86951631046119,127.21428571428571,-72.05874763165718,83172.0,1292729,38350.75,1515.0,1.9495309544337314
2023-02-21,4072,4099,4002,4024,77908,75582,4096.0,4152.1,4156.75,4073.766666666667,7.396291043939527,23.517542320672746,-16.12125127673322,39.211391018619935,124.78571428571429,-63.93663023295521,83981.65,1214821,41150.65,-3644.0,-4.599500164087544
2023-02-22,4040,4061,3954,3961,111811,71535,4055.8,4133.4,4142.1,4069.0,-5.565168617240488,17.7010001330901,-23.26616875033059,41.38728323699422,117.42857142857143,-80.34152691139057,85761.2,1103010,43842.15,-4047.0,-5.354449472096534
2023-02-23,3960,3962,3832,3883,123279,70048,3998.0,4096.4,4127.0,4061.85,-21.878959877512443,9.785008130969592,-31.663968008482037,39.211391018619935,120.28571428571429,-108.44546202575619,89105.6,979731,46644.85,-1487.0,-2.0787027329279395
2023-02-24,3937,4021,3908,4001,135207,56768,3989.8,4075.7,4113.25,4059.0333333333333,-24.997981977412564,2.828410109293161,-27.826392086705724,52.365236523652364,115.71428571428571,-63.02231472523448,92763.25,1114938,48878.7,-13280.0,-18.958428506167202
2023-02-27,4010,4050,3914,3951,141840,38480,3964.0,4049.9,4097.75,4052.7833333333333,-31.14538696192176,-3.966349304949823,-27.179037656971936,42.293906810035836,116.0,-60.261511946639565,95994.15,973098,48493.25,-18288.0,-32.21533258173619
2023-02-28,3960,4023,3943,4019,79995,32043,3963.0,4029.5,4089.25,4050.9333333333334,-30.182295289250305,-9.20953850180992,-20.972756787440385,42.293906810035836,111.78571428571429,-44.46377812191185,94772.0,1053093,48089.65,-6437.0,-16.72817047817048
2023-03-01,4033,4085,3986,4062,87378,28603,3983.2,4019.5,4081.3,4045.0333333333333,-25.65357907517182,-12.498346616482301,-13.155232458689518,37.677419354838705,110.92857142857143,-17.338814030851367,95680.05,1140471,47531.45,-3440.0,-10.735574072340292
2023-03-02,4010,4055,3990,4032,78254,26981,4013.0,4005.5,4077.4,4039.516666666667,-24.20625350488035,-14.839927994161913,-9.366325510718438,38.421052631578945,111.07142857142857,-23.49057508073623,95153.05,1062217,47220.95,-1622.0,-5.670733839107789
2023-03-03,4052,4070,4028,4036,67188,27399,4020.0,4004.9,4075.2,4034.7833333333333,-22.47736590986733,-16.367415577303,-6.109950332564331,38.663171690694625,106.35714285714286,-12.984898343778168,94955.15,1129405,47156.2,418.0,1.5492383529150056
2023-03-06,4031,4098,3953,4063,102008,25849,4042.4,4003.2,4080.45,4030.3333333333335,-18.71282587491487,-16.836497636825374,-1.8763282380894957,39.69072164948453,111.5,-18.576783930144956,94957.25,1231413,47290.4,-1550.0,-5.657140771561009
2023-03-07,4043,4218,4043,4171,98763,26883,4072.8,4017.9,4085.0,4028.0666666666666,-6.934763729298538,-14.856150855320008,7.92138712602147,50.54678007290401,115.21428571428571,33.89035158767203,95744.95,1330176,47493.85,1034.0,4.000154744864415
2023-03-08,4152,4192,4048,4099,81106,22851,4080.2,4031.7,4082.55,4026.25,-3.37149835903665,-12.559220356063337,9.187721997026687,45.87570621468926,119.42857142857143,17.831108363254284,96535.6,1249070,47642.2,-4032.0,-14.998326079678604
2023-03-09,4090,4094,3983,4035,69705,23441,4080.8,4046.9,4071.65,4026.95,-5.646757703030744,-11.176727825456819,5.529970122426075,49.572649572649574,116.14285714285714,-17.586097739578054,96200.9,1179365,47841.95,590.0,2.581943897422434
2023-03-10,4035,4073,3871,3875,80176,22424,4048.6,4034.3,4055.0,4025.75,-20.12855054857573,-12.967092370080604,-7.161458178495128,39.10733262486717,120.21428571428571,-65.31842463750849,97377.1,1099189,48033.75,-1017.0,-4.338552109551641
2023-03-13,3910,3989,3887,3954,67760,19832,4026.8,4034.6,4042.25,4026.4666666666667,-24.94330505094149,-15.362334906252782,-9.580970144688708,46.369294605809124,121.42857142857143,-59.921408056205834,98313.65,1166949,48189.3,-2592.0,-11.559043881555475
2023-03-14,3800,3885,3760,3789,118317,88826,3950.4,4011.6,4020.55,4028.0333333333333,-41.59368758070514,-20.608605441143254,-20.985082139561882,41.932457786116316,127.64285714285714,-120.40934727336679,100589.6,1048632,48730.0,68994.0,347.892295280355
2023-03-15,3781,3829,3731,3737,117443,94152,3878.0,3979.1,3999.3,4026.883333333333,-58.31300508885897,-28.1494853706864,-30.163519718172573,42.980769230769226,125.35714285714286,-119.82288221613132,99936.45,931189,49639.0,5326.0,5.995992164456343
2023-03-16,3633,3649,3542,3575,173420,95876,3786.0,3933.4,3969.45,4022.516666666667,-83.67072672528957,-39.253733641607035,-44.416993083682534,30.350553505535046,129.42857142857142,-149.62604260723327,103507.8,757769,50225.5,1724.0,1.8310816551958542
2023-03-17,3580,3645,3509,3621,140366,94412,3735.2,3891.9,3948.4,4016.85,-98.91485932676278,-51.18595877863819,-47.72890054812459,34.72222222222223,129.42857142857142,-117.67833579470071,103564.35,898135,51060.55,-1464.0,-1.5269723392715595
2023-03-20,3580,3655,3552,3560,134254,93590,3656.4,3841.6,3922.4,4010.766666666667,-114.59713006208494,-63.86819303532754,-50.7289370267574,28.61136999068033,131.07142857142858,-99.21695855874049,104308.9,763881,51778.75,-822.0,-0.8706520357581682
2023-03-21,3610,3645,3572,3614,123264,91034,3621.4,3785.9,3901.9,4006.9,-121.27016690529081,-75.34858780932021,-45.9215790959706,29.335793357933582,130.07142857142858,-81.09141691837766,106576.7,887145,52551.35,-2556.0,-2.7310610107917466
2023-03-22,3668,3710,3641,3683,132350,85760,3610.6,3744.3,3888.0,4001.9166666666665,-119.61205996586204,-84.20128224062859,-35.41077772523346,34.46126447016918,131.78571428571428,-56.463195766202176,107603.65,1019495,53262.6,-5274.0,-5.7934398136959775
2023-03-23,3702,3739,3687,3692,114135,82602,3634.0,3710.0,3878.45,3997.25,-116.23192421598606,-90.60741063570009,-25.624513580285964,34.751773049645394,132.78571428571428,-45.448119109295156,107146.45,1133630,53890.3,-3158.0,-3.682369402985075
2023-03-24,3704,3754,3632,3725,151184,73377,3654.8,3695.0,3864.65,3992.6666666666665,-109.62661074567404,-94.4112506576949,-15.21536008797915,35.09700176366843,131.14285714285714,-41.95752773259929,107945.3,1284814,54720.75,-9225.0,-11.168010459795163
2023-03-27,3648,3727,3623,3725,145716,54925,3687.8,3672.1,3853.35,3989.4333333333334,-103.2022014940544,-96.1694408249668,-7.032760669087608,28.26510721247564,126.07142857142857,-40.99406010057913,108139.1,1284814,55543.0,-18452.0,-25.146844379028856
2023-03-28,3740,3815,3715,3759,105279,41625,3716.8,3669.1,3840.35,3983.35,-94.28048824570169,-95.79165030911378,1.5111620634120868,32.79352226720647,122.92857142857143,-20.130049489906792,109403.3,1390093,56022.1,-13300.0,-24.214838416021845
2023-03-29,3759,3828,3740,3781,79840,27887,3736.4,3673.5,3826.3,3977.7,-84.4611346950469,-93.5255471863004,9.064412491253506,36.575052854122625,120.92857142857143,-11.992365536202525,109026.4,1469933,55986.3,-13738.0,-33.0042042042042
2023-03-30,3773,3834,3760,3804,76304,22256,3758.8,3696.4,3814.9,3972.7,-73.97063109045894,-89.61456396713211,15.643932876673176,45.611866501854145,111.78571428571429,-4.832530578182085,108928.9,1546237,55750.05,-5631.0,-20.192204252877687
2023-03-31,3834,3885,3807,3837,60699,20204,3781.2,3718.0,3804.95,3969.383333333333,-62.276126772443604,-84.14687652819441,21.870749755750808,42.33289646133683,109.42857142857143,10.250154840302311,108604.45,1606936,55390.3,-2052.0,-9.219985621854775
2023-04-03,3849,4093,3844,4063,76555,16908,3848.8,3768.3,3804.95,3968.2,-34.3755763606373,-74.192616494683,39.8170401340457,66.62621359223301,113.85714285714286,56.2539566983662,107331.8,1683491,54943.25,-3296.0,-16.31360126707583
2023-04-04,4034,4465,4000,4113,108014,85054,3919.6,3818.2,3802.05,3968.2,-8.135822318787177,-60.98125765950384,52.84543534071666,72.87104622871047,140.07142857142858,107.87343174604995,107794.35,1791505,57851.8,68146.0,403.0399810740478
2023-04-06,4073,4113,4044,4089,68105,89760,3981.2,3858.8,3801.55,3972.1,10.600575546693563,-46.66489101826436,57.265466564957926,87.57309941520468,131.07142857142858,78.48905301718546,107144.3,1723400,61197.25,4706.0,5.5329555341312675
2023-04-07,4108,4210,4089,4175,127297,93008,4055.4,3907.1,3808.55,3978.883333333333,32.01968412453016,-30.92797598970546,62.94766011423562,88.25966850828729,130.0,93.02262516305635,110023.9,1850697,64675.6,3248.0,3.6185383244206726
2023-04-10,4177,4200,4096,4111,99844,91949,4110.2,3945.7,3820.35,3984.25,43.330727208310236,-16.076235350102323,59.40696255841256,87.89546079779917,130.07142857142858,79.3220731808189,111007.3,1750853,68151.85,-1059.0,-1.1386117323241018
2023-04-11,4079,4130,4061,4115,102810,97620,4120.6,3984.7,3828.4,3990.4333333333334,52.0179464083285,-2.457398998416158,54.47534540674466,87.00147710487445,128.92857142857142,66.0884175505015,112759.8,1853663,72041.25,5671.0,6.167549402386108
2023-04-12,4083,4169,4083,4154,84826,98649,4128.8,4024.2,3846.65,3997.9333333333334,61.342486278333126,10.302578056933699,51.03990822139943,86.39876352395672,128.21428571428572,66.70840151667046,111085.25,1938489,72532.4,1029.0,1.054087277197291
2023-04-13,4160,4177,4111,4153,103659,100811,4141.6,4061.4,3867.45,4004.15,67.86920570607617,21.815903586762197,46.053302119313976,86.07198748043818,128.92857142857142,62.37436363625811,110396.05,1834830,72865.35,2162.0,2.191608632626796
2023-04-14,4160,4191,4113,4130,98728,99551,4132.6,4094.0,3895.2,4007.3,70.37453624683167,31.52763011877609,38.84690612805558,82.1939586645469,125.78571428571429,56.10372349253668,106661.45,1736102,73049.1,-1260.0,-1.249863606154089
2023-04-17,4147,4179,4088,4152,118586,92276,4140.8,4125.5,3921.75,4010.366666666667,73.29039879304355,39.88018385362959,33.41021493941396,82.79569892473118,124.85714285714286,50.070964695924324,105572.45,1854688,72942.3,-7275.0,-7.307812076222242
2023-04-18,4099,4122,4043,4069,176912,119839,4131.6,4126.1,3947.2,4010.616666666667,68.11860564499784,45.52786821190324,22.590737433094603,72.14285714285714,125.5,32.17706355734772,107705.35,1677776,74254.75,27563.0,29.8701720924184
2023-04-19,4041,4088,4016,4059,228808,126050,4112.6,4120.7,3969.45,4009.366666666667,62.49262975242709,48.92082052000801,13.571809232419085,70.20348837209302,124.35714285714286,22.688438993210507,112982.55,1448968,76005.55,6211.0,5.182786905765235
2023-04-20,4032,4032,3920,3920,205841,125865,4066.0,4103.8,3981.3,4003.8,46.284328073034885,48.39352203061339,-2.109193957578505,57.2139303482587,129.0,-6.505383139491558,116657.1,1243127,78010.8,-185.0,-0.1467671558905148
2023-04-21,3900,3909,3830,3852,232512,126089,4010.4,4071.5,3989.3,3998.25,27.633558061282656,44.24152923674725,-16.60797117546459,50.89392133492253,129.64285714285714,-36.54811627866273,122575.95,1010615,80185.15,224.0,0.1779684582687846
2023-04-24,3885,3931,3846,3850,205454,124588,3950.0,4045.4,3995.55,3991.15,12.546674911775426,37.90255837175288,-25.355883459977456,32.6829268292683,117.42857142857143,-38.02695194394131,125289.45,805161,82745.7,-1501.0,-1.190428982702696
2023-04-25,3880,4028,3865,4000,198624,127761,3936.2,4033.9,4009.3,3986.8,12.549297231543278,32.83190614371096,-20.28260891216768,42.0979020979021,96.92857142857143,-16.264350452242883,127934.85,1003785,86387.5,3173.0,2.5467942337945804
2023-04-26,3964,3983,3898,3933,118812,126406,3911.0,4011.8,4018.0,3982.5333333333333,7.063610476585836,27.678247010285936,-20.6146365337001,39.70976253298152,99.28571428571429,-30.884923592455756,128611.5,884973,90626.55,-1355.0,-1.0605740405914221
2023-04-27,3890,3896,3762,3771,157459,126445,3881.2,3973.6,4017.5,3975.0333333333333,-10.237866160222438,20.095024376184263,-30.3328905364067,25.779376498800957,102.85714285714286,-81.38936378604726,132492.45,727514,95554.45,39.0,0.030852965840222346
2023-04-28,3777,3868,3773,3840,112329,124971,3878.8,3944.6,4019.3,3970.5333333333333,-18.17220977982697,12.441577544982016,-30.61378732480899,33.849821215733016,102.35714285714286,-76.64032116837863,134293.7,839843,100690.2,-1474.0,-1.16572422792518
2023-05-04,3600,3635,3558,3615,128047,127310,3831.8,3890.9,4008.2,3962.7833333333333,-42.13020310253978,1.5272214154776567,-43.657424518017436,26.41509433962264,117.57142857142857,-132.48367524833762,137661.1,711796,106045.5,2339.0,1.8716342191388513
2023-05-05,3571,3610,3536,3596,134278,132647,3751.0,3843.6,3984.85,3956.75,-61.9362639325559,-11.165475654129056,-50.77078827842685,23.173076923076934,117.07142857142857,-112.62827096675058,140547.25,577518,111832.45,5337.0,4.192129447804582
2023-05-08,3642,3725,3625,3709,161904,135724,3706.2,3808.6,3964.65,3950.5666666666666,-67.73376157507528,-22.4791328383183,-45.25462873675698,30.729166666666657,121.57142857142857,-74.32822116240298,143241.75,739422,114365.95,3077.0,2.3196906074016033
2023-05-09,3758,3801,3726,3732,121294,135052,3698.4,3789.8,3946.8,3943.633333333333,-69.66930802918478,-31.917167876491597,-37.75214015269318,32.72569444444444,122.57142857142857,-51.1229266734911,145901.2,860716,116630.55,-672.0,-0.49512245439273794
2023-05-10,3747,3794,3717,3747,104601,130953,3679.8,3779.3,3925.4,3935.2,-69.19522837893828,-39.37277997698094,-29.822448401957345,32.31441048034935,121.57142857142857,-46.37657794493602,144766.4,965317,118527.8,-4099.0,-3.035127210259747
2023-05-11,3785,3785,3707,3747,128756,127913,3706.2,3769.0,3907.2,3927.516666666667,-68.0352488423755,-45.10527375005985,-22.929975092315644,34.839924670433135,119.35714285714286,-43.48081841647198,146212.0,965317,120326.0,-3040.0,-2.321443571357662
2023-05-12,3710,3732,3634,3664,163712,124218,3719.8,3735.4,3884.65,3918.4333333333334,-72.97218511609572,-50.678656023267024,-22.29352909282869,32.59911894273128,122.28571428571429,-56.215848001498976,149257.1,801605,121655.9,-3695.0,-2.888682151149613
2023-05-15,3703,3767,3626,3661,153025,124937,3710.2,3708.2,3860.0,3909.0666666666666,-76.24787951725966,-55.792500722065554,-20.455378795194108,37.03703703703703,122.42857142857143,-49.214026433364644,152667.05,648580,122970.3,719.0,0.5788211048318281
2023-05-16,3680,3805,3680,3746,146887,129550,3713.0,3705.7,3839.65,3902.133333333333,-71.16475827011163,-58.86695223167477,-12.29780603843686,44.78346456692913,126.28571428571429,-29.261709655215135,154828.45,795467,124407.25,4613.0,3.6922608994933492
2023-05-17,3770,3806,3725,3757,135952,122843,3715.0,3697.4,3821.0,3895.2166666666667,-65.4937685947666,-60.19231550429315,-5.3014530904734585,45.46341463414634,126.0,-19.836603946725216,156689.65,931419,125571.85,-6707.0,-5.177151678888459
2023-05-18,3800,4000,3798,3981,192020,130912,3761.8,3734.0,3812.45,3894.2,-42.43537191357291,-56.6409267861491,14.205554872576194,49.135577797998174,130.64285714285714,39.877907354454905,160361.35,1123439,127503.65,8069.0,6.568546844346046
2023-05-19,3940,3958,3883,3950,140371,117134,3819.0,3769.4,3806.5,3892.0333333333333,-26.359016999093,-50.58454482873788,24.225527829644882,50.799623706491055,130.35714285714286,47.70714843760534,158534.3,983068,127368.4,-13778.0,-10.52462723050599
2023-05-22,3999,4009,3806,3834,140328,112918,3853.6,3781.9,3795.25,3888.866666666667,-22.716755832487706,-45.01098702948785,22.294231197000144,53.09734513274336,132.64285714285714,36.123523237789875,154110.3,842740,126711.8,-4216.0,-3.599296532176821
2023-05-23,3873,3924,3851,3874,118672,108799,3879.2,3796.1,3792.95,3887.4166666666665,-16.41336881212783,-39.29146338601585,22.87809457388802,51.72064777327935,132.14285714285714,39.10836495793291,149751.85,961412,125858.5,-4119.0,-3.647779804814111
2023-05-24,3904,3983,3882,3967,134286,109976,3921.2,3818.1,3798.7,3888.8166666666666,-3.868967370966402,-32.206964183005965,28.337996812039563,70.56074766355141,119.78571428571429,62.12923820956271,144840.55,1095698,125052.85,1177.0,1.081811413707845
2023-05-25,3968,4029,3950,3990,140026,97248,3923.0,3842.4,3805.7,3888.633333333333,7.838116007389544,-24.197948144926865,32.03606415231641,72.90697674418604,119.78571428571429,75.00535880669696,141569.15,1235724,123685.85,-12728.0,-11.573434203826293
2023-05-26,3958,3958,3868,3920,144652,66779,3917.0,3868.0,3801.7,3888.116666666667,11.336963486074183,-17.090965818726655,28.427929304800838,62.91309669522644,119.28571428571429,47.02834508939743,138870.55,1091072,120636.75,-30469.0,-31.331235603817042
2023-05-29,3950,4016,3920,3961,125254,46927,3942.4,3898.0,3803.1,3887.15,17.219684861271162,-10.228835682727091,27.448520543998253,63.7125748502994,119.57142857142857,66.31931709829817,139192.65,1216326,116662.8,-19852.0,-29.727908474220943
2023-05-30,3895,3992,3880,3925,98458,35067,3952.6,3915.9,3810.8,3884.866666666667,18.760624002963596,-4.430943745588953,23.19156774855255,60.39719626168225,122.07142857142857,48.86925403114101,136242.6,1117868,112093.9,-11860.0,-25.273296822724657
2023-05-31,3895,3895,3781,3816,105466,28765,3922.4,3921.8,3809.6,3881.266666666667,11.058959524198599,-1.3329630916314428,12.391922615830042,53.575129533678755,126.78571428571429,8.412099740881514,135899.45,1012402,107283.6,-6302.0,-17.971312059771293
2023-06-01,3739,3837,3731,3833,89044,23279,3891.0,3907.0,3820.5,3877.883333333333,6.254989239990209,0.1846273746928877,6.070361865297322,59.39933259176863,126.28571428571429,-8.189529056500394,133949.3,1101446,102082.05,-5486.0,-19.071788632018084
2023-06-02,3811,3897,3765,3889,63491,20500,3884.8,3900.9,3835.15,3874.983333333333,6.88714939635156,1.5251317790246224,5.362017617326938,61.97478991596638,125.64285714285714,8.586805956065199,130409.95,1164937,96474.7,-2779.0,-11.937798015378664
2023-06-05,3886,3944,3852,3921,129465,129324,3876.8,3909.6,3845.75,3870.8166666666666,9.856652089838462,3.19143584118739,6.665216248651072,59.733036707452726,121.92857142857143,31.919517438382346,128788.0,1294402,96154.7,108824.0,530.8487804878049
2023-06-06,3948,3977,3878,3896,139372,138345,3871.0,3911.8,3853.95,3867.4333333333334,10.076557025307466,4.568460078011405,5.50809694729606,57.61226725082147,123.21428571428571,33.942145794728724,129691.9,1155030,96319.35,9021.0,6.975503386842341
2023-06-07,3877,3953,3870,3923,145846,148444,3892.4,3907.4,3862.75,3865.5666666666666,12.287860812067265,6.112340224822578,6.175520587244687,45.94972067039106,111.78571428571429,29.437151599336,131754.15,1300876,97193.9,10099.0,7.299866276338141
2023-06-08,3972,4030,3929,4016,152507,166079,3929.0,3910.0,3876.2,3867.9166666666665,21.299134595858504,9.149699099029764,12.14943549682874,54.24164524421594,112.42857142857143,63.360571805693084,132941.7,1453383,99102.2,17635.0,11.879900838026458
2023-06-09,4023,4023,3893,3916,148341,163363,3934.4,3909.6,3888.8,3867.2833333333333,20.139316225941457,11.347622524412103,8.791693701529354,55.38057742782152,107.21428571428571,34.99038954054934,132173.15,1305042,101059.45,-2716.0,-1.6353663015793662
2023-06-12,3940,3979,3835,3841,158319,165985,3918.4,3897.6,3897.8,3868.15,13.018212759756352,11.681740571480953,1.3364721882753994,47.9297365119197,111.07142857142857,-7.888404079667671,132437.85,1146723,103111.85,2622.0,1.6050145993890874
2023-06-13,3800,3863,3773,3852,152729,164173,3909.6,3890.3,3903.1,3870.0666666666666,8.168137818901869,10.979020020965137,-2.8108822020632687,41.95804195804196,109.71428571428571,-58.30489287552771,132729.95,1299452,104843.0,-1812.0,-1.0916649094797726
2023-06-14,3905,4004,3896,3992,170212,176392,3923.4,3907.9,3914.85,3877.016666666667,15.443228531122713,11.871861722996654,3.5713668081260597,50.1201923076923,114.92857142857143,50.92320927778882,134442.95,1469664,107520.45,12219.0,7.442758553477136
2023-06-15,3990,3996,3876,3913,157576,171347,3902.8,3915.9,3911.45,3881.883333333333,14.66510041641095,12.430509461679515,2.234590954731436,49.58382877526754,114.78571428571429,17.089468502447694,132720.75,1312088,109542.2,-5045.0,-2.8601070343326263
2023-06-16,3940,4041,3930,4021,160678,189618,3923.8,3929.1,3915.0,3889.5666666666666,22.5037168460085,14.445150938545313,8.058565907463189,53.30396475770926,117.07142857142857,74.4147419383299,133736.1,1472766,113166.4,18271.0,10.663157218976703
2023-06-19,4040,4054,4003,4049,138347,189286,3965.4,3941.9,3925.75,3896.8166666666666,30.62224861454206,17.680570473744663,12.941678140797396,56.888888888888886,112.71428571428571,92.13836899350079,133637.05,1611113,116984.8,-332.0,-0.17508886287166403
2023-06-20,4094,4129,4052,4055,143937,187565,4006.0,3957.8,3934.8,3903.016666666667,37.1125826370162,21.566972906398973,15.54560973061723,64.99372647427856,108.14285714285714,104.81441744273194,134900.3,1755050,120923.1,-1721.0,-0.9092061747831282
2023-06-21,4040,4088,3985,4054,157820,180509,4018.4,3970.9,3939.15,3909.05,41.69489467585527,25.592557260290235,16.10233741556503,64.14852752880921,107.92857142857143,71.22927380679263,136077.0,1597230,124449.75,-7056.0,-3.7618958760962884
2023-06-26,4003,4048,3961,4046,145556,137158,4045.0,3973.9,3941.95,3914.4,44.17169305755624,29.30838441974344,14.8633086378128,60.709413369713495,105.14285714285714,53.24447824468964,136353.5,1451674,126445.25,-43351.0,-24.015977042695937
2023-06-27,4011,4044,3978,3996,167551,100785,4040.0,3981.9,3945.75,3918.9166666666665,41.620219504102806,31.770751436615313,9.849468067487493,54.99334221038615,103.42857142857143,41.44144071303157,137498.45,1284123,128145.55,-36373.0,-26.519051021449712
2023-06-28,3970,3990,3896,3938,176016,70634,4017.8,3991.6,3944.6,3921.9,34.520116640238484,32.32062447733995,2.1994921628985367,52.67857142857143,103.5,0.43202797609043,140036.55,1108107,129330.9,-30151.0,-29.91615815845612
2023-06-29,3946,4038,3921,4021,127742,54552,4011.0,4008.5,3949.4,3925.9,35.185048964673115,32.893509374806584,2.291539589866531,55.833333333333336,105.92857142857143,31.801604152976214,141500.75,1235849,130305.15,-16082.0,-22.768072033298413
2023-06-30,3987,4066,3987,4050,91389,46973,4010.2,4014.3,3961.1,3930.0,37.61842843293698,33.838493186432665,3.7799352465043157,52.19072164948454,103.92857142857143,53.10138929098015,140796.9,1327238,131215.55,-7579.0,-13.893166153394931
2023-07-03,4066,4079,4033,4037,92148,40336,4008.4,4026.7,3971.3,3933.3333333333335,38.059185242170315,34.6826315975802,3.3765536445901176,58.78084179970973,97.92857142857143,60.03043799100823,140952.1,1235090,132068.4,-6637.0,-14.12939348136163
2023-07-04,4076,4078,3974,4007,95696,32910,4010.6,4025.3,3977.2,3932.4,35.577622226701806,34.86162972340452,0.7159925032972865,62.88819875776397,95.07142857142857,34.67549695966182,142562.35,1139394,132688.9,-7426.0,-18.41035303451012
2023-07-05,4040,4058,4020,4031,49837,31702,4029.2,4023.5,3982.7,3931.0333333333333,35.14246462510437,34.917796703744486,0.224667921359881,63.62252663622527,92.28571428571429,43.01851028807242,138580.95,1189231,127807.8,-1208.0,-3.67061683378912
2023-07-06,4017,4035,3963,3967,139959,174547,4018.4,4014.7,3986.25,3929.0,29.29563214949303,33.7933637928942,-4.497731643401167,47.848537005163514,86.57142857142857,2.7388430708446876,138610.3,1049272,129617.9,142845.0,450.5867137720018
2023-07-07,3961,4012,3907,4004,188928,170948,4009.2,4009.7,3990.3,3926.15,27.332494088549538,32.50118985202526,-5.168695763475725,58.44155844155844,85.5,-11.30032925890254,140764.4,1238200,130743.1,-3599.0,-2.061908826848924
2023-07-10,3996,4085,3955,4014,163475,173797,4004.6,4006.5,3990.2,3924.5333333333333,26.28066234178641,31.257084349977493,-4.976422008191083,49.20634920634921,85.64285714285714,23.86894104729931,141312.8,1401675,131129.0,2849.0,1.6665886702389
2023-07-11,4021,4048,3993,3997,129832,175070,4002.6,4006.6,3994.25,3922.5666666666666,23.800957556240064,29.765858991230008,-5.964901434989944,43.95348837209302,85.92857142857143,16.814705227554185,140387.35,1271843,131714.35,1273.0,0.7324637364281239
2023-07-12,3957,4063,3957,4031,146803,173729,4002.6,4015.9,4003.75,3920.516666666667,24.299183635299414,28.67252392004389,-4.373340284744476,47.379912663755455,87.78571428571429,16.42710873137251,139811.55,1418646,132101.55,-1341.0,-0.7659793225566869
2023-07-13,4051,4103,4031,4086,175518,185768,4026.4,4022.4,4015.45,3919.4,28.8000823167813,28.698035599391375,0.10204671738992488,53.125,85.57142857142857,78.93444399652046,140951.0,1594164,133181.3,12039.0,6.9297584168446225
2023-07-14,4054,4147,4053,4064,156866,184617,4038.4,4023.8,4019.05,3918.3,30.243235616326274,29.007075602778357,1.2361600135479165,51.71102661596958,85.64285714285714,85.65837017704588,140283.7,1437298,133592.55,-1151.0,-0.6195900262693232
2023-07-17,4072,4082,3929,3941,189927,171359,4023.8,4014.2,4020.45,3914.7833333333333,21.217293208660976,27.449119123954883,-6.231825915293907,45.40901502504173,91.71428571428571,-50.140590051490264,141901.25,1247371,133593.15,-13258.0,-7.181353829820658
2023-07-18,3965,4032,3956,3990,142605,167279,4022.4,4012.5,4018.9,3913.4666666666667,17.8127253028415,25.52184035973221,-7.70911505689071,54.406779661016955,91.07142857142857,-37.709278841601694,140997.6,1389976,132476.2,-4080.0,-2.380966275480134
2023-07-19,3971,4070,3971,4061,132282,164292,4028.4,4015.5,4019.5,3913.5,20.606152438705976,24.538702775526964,-3.932550336820988,53.46020761245675,89.78571428571429,19.040518203624686,140694.35,1522258,131226.5,-2987.0,-1.7856395602556252
2023-07-20,4080,4122,4012,4038,164342,166872,4018.8,4022.6,4018.65,3915.4666666666667,20.725149169782526,23.77599205437808,-3.0508428845955535,48.951048951048946,92.0,54.79316819885721,141714.6,1357916,130191.85,2580.0,1.5703746987071776
2023-07-21,4044,4100,4024,4081,145610,170118,4022.2,4030.3,4020.0,3919.2833333333333,24.012395620969983,23.823272767696462,0.18912285327352052,53.65448504983389,94.14285714285714,66.08659260478991,141104.1,1503526,129672.3,3246.0,1.9452035092765607
2023-07-24,4105,4162,4070,4131,183904,166222,4060.2,4042.0,4024.25,3923.9666666666667,30.30283206425429,25.11918462700803,5.183647437246261,59.967845659163984,93.28571428571429,111.85009557139854,143021.5,1687430,131125.5,-3896.0,-2.2901750549618516
2023-07-25,4188,4242,4162,4202,188985,151578,4102.6,4062.5,4034.55,3927.3333333333335,40.54972292934326,28.205292287475075,12.344430641868186,62.780269058295964,97.57142857142857,144.19372158146152,144093.2,1876415,133665.15,-14644.0,-8.809904826075975
2023-07-26,4174,4249,4171,4232,153059,113628,4136.8,4082.6,4049.25,3932.3166666666666,50.50897106661387,32.66602804330284,17.84294302331103,70.86614173228347,98.0,126.51739555113726,142945.35,2029474,135814.85,-37950.0,-25.036614812175905
2023-07-27,4221,4280,4218,4258,153494,91700,4180.8,4099.8,4061.1,3940.4333333333334,59.81027406798967,38.09487724824021,21.715396819749458,70.3525641025641,94.92857142857143,120.16798820335876,144232.95,2182968,137672.25,-21928.0,-19.29806033724082
2023-07-28,4280,4299,4243,4270,153218,68548,4218.6,4120.4,4072.1,3947.6,67.37328611672638,43.950559021937444,23.422727094788932,70.44728434504792,89.64285714285714,107.68472419829905,147324.4,2336186,138751.0,-23152.0,-25.24754634678299
2023-07-31,4277,4287,4224,4253,126248,55205,4243.0,4151.6,4082.9,3958.233333333333,71.17481081454889,49.39540938045974,21.779401434089152,70.44728434504792,90.21428571428571,85.58098527725777,149029.4,2209938,139494.45,-13343.0,-19.465192274026954
2023-08-01,4285,4358,4277,4318,117988,45888,4266.2,4184.4,4098.45,3970.266666666667,78.52728958561147,55.22178542149009,23.30550416412138,71.84170471841705,90.14285714285714,98.3821089124695,150144.0,2327926,140143.35,-9317.0,-16.877094466080965
2023-08-02,4304,4399,4266,4350,94402,39710,4289.8,4213.3,4114.4,3980.95,85.94558731694997,61.366545800582074,24.579041516367894,70.82018927444796,94.5,91.79281820238523,152372.25,2422328,140543.75,-6178.0,-13.463214783821476
2023-08-03,4360,4408,4304,4326,120800,33762,4303.4,4242.1,4132.35,3990.85,88.86367713703567,66.8659720678728,21.997705069162862,70.59748427672956,95.21428571428571,83.10476659703912,151414.3,2301528,133504.5,-5948.0,-14.978594812389822
2023-08-04,4369,4483,4359,4430,116562,32000,4335.4,4277.0,4153.65,4002.233333333333,98.43353466403187,73.17948458710461,25.254050076927257,89.62722852512155,95.5,97.18646709234288,147796.0,2418090,126557.1,-1762.0,-5.21888513713643
2023-08-07,4430,4478,4386,4411,132067,204005,4367.0,4305.0,4173.5,4013.3,103.29386708929542,79.20236108754277,24.09150600175265,85.8603066439523,95.57142857142857,84.9863423974102,146225.6,2286023,128067.5,172005.0,537.515625
2023-08-08,4380,4427,4333,4336,135175,210139,4370.6,4318.4,4190.45,4024.5,99.94177577473874,83.35024402498198,16.59153174975677,73.26565143824027,95.21428571428571,58.46059628448482,146492.75,2150848,129820.95,6134.0,3.0067890492880167
2023-08-09,4296,4425,4282,4419,129396,211674,4384.4,4337.1,4209.85,4037.133333333333,102.79763841119984,87.23972290222555,15.55791550897429,79.2626728110599,97.57142857142857,56.03691759143968,145622.4,2280244,131718.2,1535.0,0.7304688801222037
2023-08-10,4461,4534,4436,4498,145522,222362,4418.8,4361.1,4230.45,4049.6666666666665,110.16564887097775,91.82490809597599,18.340740775001763,80.34934497816595,100.35714285714286,82.77224471352952,144122.6,2425766,133547.9,10688.0,5.04927388342451
2023-08-11,4475,4489,4403,4407,137674,210517,4414.2,4374.8,4247.6,4060.5,107.42359838936773,94.94464615465434,12.47895223471339,68.95604395604396,100.57142857142857,58.28689077688089,143163.0,2288092,134842.9,-11845.0,-5.326899380289795
2023-08-14,4450,4457,4360,4366,163651,204685,4405.2,4386.1,4268.85,4066.9166666666665,100.7804124178574,96.11179940729495,4.668613010562453,61.747851002865325,99.57142857142857,42.206411176295624,141849.2,2124441,136509.2,-5832.0,-2.770322586774465
2023-08-15,4355,4492,4355,4474,154357,211345,4432.8,4401.7,4293.05,4075.65,103.04252697102856,97.49794492004168,5.5445820509868895,65.59278350515464,103.78571428571429,53.950523579478876,142436.8,2278798,138712.5,6660.0,3.2537801988421267
2023-08-16,4429,4462,4361,4380,142208,207004,4425.0,4404.7,4309.0,4084.75,96.14198963267518,97.22675386256839,-1.08476422989321,57.22748815165877,107.42857142857143,36.254814960374446,142933.1,2136590,140848.1,-4341.0,-2.053987555892023
2023-08-17,4410,4440,4316,4371,142334,204566,4399.6,4409.2,4325.65,4093.0333333333333,88.92200180766758,95.56580345158822,-6.643801643920639,56.00475624256837,112.28571428571429,22.419963368885647,141832.7,1994256,142732.8,-2438.0,-1.1777550192266784
2023-08-18,4387,4413,4352,4363,132514,206063,4390.8,4402.5,4339.75,4099.633333333333,81.61378340565079,92.77539944240074,-11.161616036749948,56.61057692307693,112.14285714285714,18.591136383576504,141177.9,1861742,144530.05,1497.0,0.7317931621090512
2023-08-21,4326,4502,4312,4477,189100,206820,4413.0,4409.1,4357.05,4107.75,84.05191675557307,91.03070290503521,-6.978786149462138,59.023836549375716,118.21428571428571,45.81146877791984,141437.7,2050842,146559.95,757.0,0.3673633791607456
2023-08-22,4486,4486,4318,4340,161334,199075,4386.2,4409.5,4363.95,4114.75,74.075503662144,87.63966305645698,-13.56415939431298,49.49290060851927,120.71428571428571,11.057740100027544,140055.15,1889508,148934.8,-7745.0,-3.7448022434967587
2023-08-23,4349,4387,4272,4290,136504,186500,4368.2,4396.6,4366.85,4120.233333333334,61.426456324988976,82.39702171016339,-20.97056538517441,48.22134387351779,121.5,-41.91862652994169,139227.4,1753004,152578.4,-12575.0,-6.316714805977641
2023-08-24,4258,4273,4197,4240,183270,161167,4342.0,4370.8,4365.95,4125.483333333334,46.82761346738789,75.28314006160828,-28.455526594220387,40.083507306889345,116.92857142857143,-100.73429001689175,140716.2,1569734,156051.75,-25333.0,-13.58337801608579
2023-08-25,4263,4343,4245,4324,174221,139576,4334.2,4362.5,4368.65,4133.95,41.556980305821526,68.53790811045093,-26.980927804629403,45.74780058651026,117.71428571428571,-52.75839419651255,141766.35,1743955,159603.15,-21591.0,-13.396663088597538
2023-08-28,4344,4456,4344,4418,206060,85929,4322.4,4367.7,4376.9,4143.7,44.452558537576806,63.72083819587611,-19.268279658299306,53.93474088291747,120.42857142857143,23.503524091795626,145756.95,1950015,161139.35,-53647.0,-38.435690949733484
2023-08-29,4393,4423,4334,4343,141763,68454,4323.0,4354.6,4378.15,4151.266666666666,40.23168611473466,59.02300777964783,-18.79132166491317,46.32495164410058,116.57142857142857,-12.985819218613852,146945.7,1808252,162267.65,-17475.0,-20.336556924903114
2023-08-30,4368,4428,4331,4420,130628,56853,4349.0,4358.6,4381.65,4159.583333333333,42.60870417530259,55.74014705877878,-13.13144288347619,46.22093023255814,115.28571428571429,8.156092995388644,148757.0,1938880,163124.8,-11601.0,-16.947146989219043
2023-08-31,4402,4435,4369,4395,100537,48201,4380.0,4361.0,4385.1,4167.9,41.99116898999,52.990351445021034,-10.999182455031033,49.378881987577635,113.21428571428571,11.897440083299106,147743.85,1838343,163846.75,-8652.0,-15.218194290538756
2023-09-01,4440,4489,4397,4463,108878,43703,4407.8,4371.0,4386.75,4176.9,46.453314711012354,51.6829440982193,-5.229629387206948,54.88418932527694,113.0,55.25736940494445,147359.65,1947221,164431.9,-4498.0,-9.331756602560116
2023-09-04,4500,4585,4478,4491,88932,41548,4422.4,4372.4,4390.75,4184.816666666667,51.65353355556181,51.67706198968781,-0.02352843412599981,50.93099671412925,111.92857142857143,100.22338574214538,145202.9,2036153,156309.05,-2155.0,-4.9310116010342515
2023-09-05,4475,4544,4461,4511,56129,38407,4456.0,4389.5,4399.5,4194.733333333334,56.734576427439606,52.68856487723817,4.046011550201435,57.80691299165674,109.78571428571429,78.87946871649972,141250.6,2092282,147722.45,-3141.0,-7.559930682584004
2023-09-06,4470,4627,4470,4575,145305,190974,4487.0,4418.0,4407.3,4206.966666666666,65.17431569825658,55.18571504144185,9.988600656814725,61.40939597315437,112.14285714285714,98.57967535907174,142046.05,2237587,146687.45,152567.0,397.2374827505402
2023-09-07,4575,4669,4567,4601,115452,185365,4528.2,4454.1,4412.45,4219.45,73.11799386544044,58.772170806241576,14.345823059198864,63.04824561403508,115.07142857142857,114.14114536621916,140542.55,2353039,144837.6,-5609.0,-2.9370490223800116
2023-09-08,4613,4667,4580,4614,123989,189160,4558.4,4483.1,4422.8,4229.816666666667,79.5454568868472,62.926828022362706,16.6186288644845,58.44636251541307,107.71428571428571,100.0996821453448,139858.3,2477028,143769.75,3795.0,2.0473120599897587
2023-09-11,4683,4707,4613,4618,161360,184946,4583.8,4503.1,4435.4,4241.566666666667,83.9938058992102,67.14022359773222,16.853582301477985,70.50147492625369,102.42857142857143,95.60007134226932,139743.75,2638388,142782.8,-4214.0,-2.227743709029395
2023-09-12,4630,4673,4620,4648,104643,187325,4611.2,4533.6,4444.1,4252.016666666666,88.9149476507855,71.49516840834288,17.41977924244263,77.20364741641338,98.14285714285714,83.90984338600997,137258.05,2743031,141581.8,2379.0,1.2863214127367018
2023-09-13,4707,4737,4682,4715,113163,191929,4639.2,4563.1,4460.85,4263.116666666667,97.10199662822197,76.6165340523187,20.48546257590327,85.18518518518519,97.85714285714286,94.0144387936737,135805.8,2856194,140828.05,4604.0,2.457760576538104
2023-09-14,4715,4757,4694,4744,128171,196999,4667.8,4598.0,4479.5,4274.6,104.72316609341306,82.23786046053758,22.48530563287548,83.87096774193549,95.0,87.58053024631137,135097.65,2984365,140449.7,5070.0,2.6416018423479626
2023-09-15,4800,4888,4791,4833,159487,200458,4711.6,4635.0,4503.0,4287.583333333333,116.60045651664313,89.1103796717587,27.49007684488444,83.73983739837398,95.85714285714286,103.23737167147696,136446.3,3143852,140169.45,3459.0,1.7558464763780535
2023-09-18,4806,4837,4737,4830,137039,196931,4754.0,4668.9,4520.65,4300.65,124.33792956599336,96.15588965060564,28.18203991538772,94.84346224677716,96.64285714285714,80.39970224959208,133843.25,3006813,139675.0,-3527.0,-1.7594708118408797
2023-09-19,4838,4839,4757,4768,103963,191213,4778.0,4694.6,4542.05,4313.516666666666,124.03722691729581,101.73215710394369,22.30506981335212,82.95454545454545,95.57142857142857,68.21469247644997,130974.7,2902850,139281.9,-5718.0,-2.903555052277196
2023-09-20,4815,4817,4692,4708,136565,184592,4776.6,4707.9,4562.95,4326.35,117.60177923621086,104.90608153039713,12.695697705813728,77.797513321492,99.78571428571429,49.604453653463835,130977.75,2766285,139186.5,-6621.0,-3.4626306788764327
2023-09-21,4717,4730,4656,4661,103183,175405,4760.0,4713.9,4584.0,4337.016666666666,107.47028285659962,105.41892179563764,2.0513610609619803,68.26568265682657,98.35714285714286,29.99877918008565,126973.4,2663102,139898.4,-9187.0,-4.976922076796397
2023-09-22,4726,4800,4722,4734,142200,164228,4740.2,4725.9,4604.5,4348.416666666667,104.13113004799743,105.16136344610962,-1.0302333981121876,70.6984667802385,99.57142857142857,47.796546623470945,125372.35,2805302,141131.0,-11177.0,-6.372110259114616
2023-09-25,4764,4774,4674,4723,141502,136446,4718.8,4736.4,4619.75,4359.85,99.45081226293314,104.01925320947433,-4.5684409465411875,68.33910034602076,100.78571428571429,34.42968578174424,122144.45,2663800,143656.85,-27782.0,-16.91672552792459
2023-09-26,4698,4714,4581,4664,190615,71929,4698.0,4738.0,4635.8,4370.8,89.94400132292049,101.20420283216357,-11.260201509243089,57.76614310645724,99.71428571428571,5.5521511679881055,124587.05,2473185,143830.6,-64517.0,-47.283907186725884
2023-09-27,4681,4831,4668,4792,147702,47647,4714.8,4745.7,4654.4,4383.483333333334,91.68146852008613,99.29965596974809,-7.61818744966196,64.14814814814815,104.35714285714286,44.24790951326946,125440.75,2620887,143370.3,-24282.0,-33.758289424293395
2023-09-28,4843,4899,4791,4869,91980,41547,4756.4,4758.2,4678.1,4398.516666666666,98.14037907604052,99.06780059100659,-0.9274215149660705,67.25304465493912,105.85714285714286,77.41560791682718,125012.9,2712867,143037.6,-6100.0,-12.802484941339431
2023-10-09,4551,4650,4494,4511,104405,31270,4711.8,4726.0,4680.5,4406.966666666666,73.52396564750325,93.95903360230594,-20.43506795480269,45.10521500457457,125.92857142857143,-64.64142738807756,124789.25,2608462,142415.95,-10277.0,-24.73584133631791
2023-10-10,4519,4542,4467,4479,78385,26322,4663.0,4690.9,4679.9,4414.716666666666,50.847015347110755,85.3366299512669,-34.489614604156145,42.283105022831045,127.35714285714286,-89.4364472964944,124261.9,2530077,141654.65,-4948.0,-15.823472977294529
2023-10-11,4499,4543,4470,4505,60596,21022,4631.2,4664.6,4679.6,4423.183333333333,34.57479485139447,75.18426293129241,-40.60946807989794,40.03795066413662,126.21428571428571,-84.73346759967438,124485.25,2590673,140785.4,-5300.0,-20.135248081452772
2023-10-12,4397,4433,4346,4405,107284,145054,4553.8,4634.3,4671.1,4429.416666666667,13.45468141627316,62.83834662828856,-49.3836652120154,34.93333333333334,133.07142857142858,-116.71737232148477,122584.2,2483389,138489.4,124032.0,590.0104652269052
2023-10-13,4475,4487,4421,4482,102704,149616,4476.4,4616.4,4665.15,4436.016666666666,2.8967044352948506,50.85001818968982,-47.95331375439497,34.23180592991915,128.64285714285714,-79.50942281084338,121946.8,2586093,136701.95,4562.0,3.1450356418988745
2023-10-16,4588,4693,4558,4661,180392,163882,4506.4,4609.1,4667.5,4445.966666666666,8.870976550650994,42.454209861882056,-33.58323331123106,43.44453064391001,136.57142857142858,-12.29191885465524,124766.95,2766485,135438.05,14266.0,9.53507646241043
2023-10-17,4690,4700,4588,4611,131531,164205,4532.8,4597.9,4667.15,4457.133333333333,9.461976338458044,35.85576315719726,-26.393786818739216,43.85277995301488,138.71428571428572,-13.708912731170727,123275.5,2634954,134401.0,323.0,0.19709303035111425
2023-10-18,4614,4717,4607,4682,128484,163747,4568.2,4599.7,4668.85,4468.666666666667,15.48099923387963,31.780810372533736,-16.299811138654107,48.99068322981366,137.64285714285714,-0.2658275422505019,124467.55,2763438,133222.1,-458.0,-0.2789196431290164
2023-10-19,4669,4724,4648,4680,146488,163954,4623.2,4588.5,4667.1,4478.983333333334,19.860792109393515,29.396806719905694,-9.53601461051218,50.76427996781979,137.78571428571428,6.246533267479851,126133.8,2616950,131823.35,207.0,0.1264145297318331
2023-10-20,4667,4803,4661,4736,159209,159300,4674.0,4575.2,4666.7,4490.616666666667,27.533156418022372,29.02407665952903,-1.4909202415066574,50.0815660685155,138.0,25.44538140005951,127685.7,2776159,129938.4,-4654.0,-2.838601071032121
2023-10-23,4740,4748,4613,4652,175590,144679,4672.2,4589.3,4657.65,4500.133333333333,26.529645190675183,28.525190365758263,-1.9955451750830804,47.2671285604311,140.5,4.613232314735573,128490.85,2600569,127149.45,-14621.0,-9.178279974890147
2023-10-24,4670,4687,4569,4610,162339,132930,4672.0,4602.4,4646.65,4508.116666666667,22.09065895624917,27.238284083856446,-5.147625127607274,47.893915756630264,138.78571428571428,-12.24979974116235,129755.85,2438230,123949.4,-11749.0,-8.12073625059615
2023-10-25,4595,4605,4490,4508,171822,114295,4637.2,4602.7,4633.65,4513.216666666666,10.224323200431172,23.83549190717139,-13.61116870674022,38.69426751592357,135.42857142857142,-44.893942349820044,133148.8,2266408,120103.5,-18635.0,-14.018656435718047
2023-10-26,4534,4642,4513,4562,181406,68777,4613.6,4618.4,4626.35,4518.716666666666,5.1185123011391624,20.092095985964946,-14.973583684825783,37.55068937550689,137.28571428571428,-25.210598879057272,135390.85,2447814,114312.75,-45518.0,-39.82501421759482
2023-10-27,4495,4586,4486,4582,124017,57199,4582.8,4628.4,4622.4,4524.116666666667,2.6553440774641786,16.604745604264796,-13.949401526800617,53.96648044692738,117.64285714285714,-31.39277798935361,136432.55,2571831,108402.45,-11578.0,-16.834116056239733
2023-10-30,4570,4584,4507,4566,128472,48699,4565.6,4618.9,4614.0,4529.05,-0.5811021841327602,13.167576046585285,-13.748678230718046,54.948805460750854,117.78571428571429,-27.35081427489292,135746.15,2443359,102626.0,-8500.0,-14.860399657336664
2023-10-31,4566,4582,4488,4576,131050,49627,4558.8,4615.4,4606.65,4534.433333333333,-2.3124364097802754,10.071573555312174,-12.38400996509245,54.1135573580533,119.28571428571429,-25.592565574899247,135223.55,2574409,98285.05,928.0,1.905583276864009
2023-11-01,4577,4656,4537,4549,182118,34684,4567.0,4602.1,4600.9,4538.283333333334,-5.79638845084628,6.897981154080483,-12.694369604926763,59.11392405063291,116.42857142857143,-9.304194919331476,134798.7,2392291,96422.8,-14943.0,-30.11062526447297
2023-11-02,4624,4653,4555,4598,111384,33077,4574.2,4593.9,4591.2,4542.416666666667,-4.551092888139465,4.608166345636494,-9.159259233775959,57.61154855643044,118.0,4.536292141667322,132982.8,2503675,95694.3,-1607.0,-4.633260292930464
2023-11-03,4580,4644,4531,4639,99158,32401,4585.6,4584.2,4579.7,4547.633333333333,-0.2529143944157113,3.6359501976260535,-3.888864592041765,48.23717948717949,111.0,14.953961319294343,133341.7,2602833,95237.0,-676.0,-2.0437161774042423
2023-11-06,4660,4677,4531,4549,123781,27802,4582.2,4573.9,4581.6,4549.616666666667,-4.0620005956925525,2.0963600389623327,-6.158360634654885,45.33132530120482,113.42857142857143,2.2229770598589793,134310.5,2479052,95063.6,-4599.0,-14.19400635782846
2023-11-07,4570,4626,4498,4505,79365,25549,4568.0,4563.4,4582.9,4551.183333333333,-10.510008296457272,-0.42491362812158817,-10.085094668335683,36.106750392464676,114.71428571428571,-26.21267797153477,134359.5,2399687,95024.95,-2253.0,-8.103733544349323
2023-11-08,4353,4364,4233,4300,118688,160177,4518.2,4542.6,4572.65,4550.583333333333,-31.79537036062993,-6.699004974623257,-25.096365386006674,27.38095238095238,128.71428571428572,-136.90298126505226,137264.1,2280999,101982.7,134628.0,526.9403890563232
2023-11-09,4246,4318,4235,4283,125599,165800,4455.2,4514.7,4566.55,4548.316666666667,-49.46572103357903,-15.252348186414412,-34.21337284716462,21.722846441947553,124.5,-127.21509876876281,138179.85,2155400,103020.0,5623.0,3.510491518757375
2023-11-10,4304,4304,4222,4290,122184,163916,4385.4,4485.5,4556.95,4544.85,-62.187896392343646,-24.63945782760026,-37.548438564743385,25.000000000000014,120.71428571428571,-110.27091352100248,139153.85,2277584,103735.0,-1884.0,-1.1363088057901094
2023-11-13,4310,4332,4252,4325,110082,163204,4340.6,4461.4,4540.15,4543.483333333334,-68.65469593106445,-33.442505448293105,-35.21219048277135,30.125523012552307,118.0,-85.08877159277822,135638.35,2387666,103701.1,-712.0,-0.43436882305570856
2023-11-14,4350,4420,4329,4399,125789,166492,4319.4,4443.7,4529.55,4544.033333333334,-67.03575316589104,-40.161154991812694,-26.874598174078344,42.0899854862119,116.21428571428571,-51.319823742112135,135351.25,2513455,103815.45,3288.0,2.014656503517065
2023-11-15,4385,4441,4362,4394,106363,167925,4338.2,4428.2,4515.15,4542.7,-65.40227090638655,-45.20937817472747,-20.19289273165908,36.875,112.28571428571429,-41.21510257618483,134245.2,2407092,104024.35,1433.0,0.8607020157124667
2023-11-16,4379,4384,4267,4339,130988,165103,4349.4,4402.3,4498.1,4542.016666666666,-67.76461647621727,-49.72042583502543,-18.04419064119184,32.0,114.21428571428571,-59.281602979224914,133470.2,2276104,104081.8,-2822.0,-1.6805121333928863
2023-11-17,4331,4359,4178,4211,147282,165811,4333.6,4359.5,4471.85,4539.35,-79.0540368915972,-55.58714804633979,-23.466888845257415,27.445997458703943,121.64285714285714,-79.69393142929776,132873.85,2128822,104407.35,708.0,0.4288232194448405
2023-11-20,4256,4466,4254,4463,201289,171225,4361.2,4350.9,4462.4,4541.016666666666,-66.89555958864275,-57.848830354800384,-9.04672923384237,44.50923226433431,133.14285714285714,-24.582237720568454,134158.8,2330111,105734.65,5414.0,3.265163348631872
2023-11-21,4497,4530,4434,4435,165289,176402,4368.4,4343.9,4453.65,4540.316666666667,-58.84096273204159,-58.04725683024863,-0.7937059017929613,44.466019417475735,131.5,5.391558809404552,134306.3,2164822,107908.25,5177.0,3.023507081325749
2023-11-22,4440,4468,4391,4402,161572,170366,4370.0,4354.1,4448.35,4541.35,-54.49230749986691,-57.33626696417228,2.843959464305371,40.3353057199211,129.57142857142858,-10.382599505063327,133793.8,2003250,110711.8,-6036.0,-3.4217299123592726
2023-11-23,4323,4339,4193,4285,223592,148107,4359.2,4354.3,4434.5,4541.266666666666,-59.79757981084185,-57.8285295335062,-1.9690502773356542,33.76146788990826,136.42857142857142,-61.614541732036855,135903.1,1779658,114678.3,-22259.0,-13.06540037331393
2023-11-24,4291,4345,4231,4327,126986,133527,4382.4,4358.0,4421.75,4542.716666666666,-59.92225093982961,-58.24727381477088,-1.6749771250587315,39.34740882917466,134.14285714285714,-45.72254589982672,136051.55,1906644,118494.7,-14580.0,-9.84423423605907
2023-11-27,4290,4311,4163,4214,177508,94805,4332.6,4346.9,4404.15,4540.883333333333,-68.35129810995022,-60.268078673806755,-8.083219436143466,36.9036903690369,136.71428571428572,-65.84081703190083,138503.35,1729136,120800.0,-38722.0,-28.999378402869837
2023-11-28,4195,4241,4161,4186,125406,74413,4282.8,4325.6,4384.65,4537.016666666666,-76.4099385069403,-63.496450640433466,-12.913487866506841,43.897216274089935,123.0,-70.16667298557168,138221.15,1603730,122039.3,-20392.0,-21.509414060439845
2023-11-29,4218,4270,4183,4224,124945,51221,4247.2,4308.6,4368.4,4535.033333333334,-78.82158054438878,-66.56147662122453,-12.260103923164252,46.910994764397905,123.28571428571429,-54.10082195178151,135362.5,1728675,122866.15,-23192.0,-31.16659723435421
2023-11-30,4275,4348,4241,4327,107752,39760,4255.6,4307.4,4354.85,4533.483333333334,-71.59626783248223,-67.56843486347607,-4.027832969006155,51.76022835394863,126.28571428571429,-19.868127987981364,135180.9,1836427,123200.3,-11461.0,-22.375588137677905
2023-12-01,4355,4442,4235,4281,121409,30971,4246.4,4314.4,4336.95,4531.583333333333,-68.78901408004913,-67.81255070679069,-0.97646337325844,47.92843691148776,135.35714285714286,-9.265738426657945,136293.45,1715018,123128.8,-8789.0,-22.105130784708248
2023-12-04,4236,4251,4085,4109,126053,162975,4225.4,4279.0,4314.95,4525.683333333333,-79.52647607936706,-70.15533578130596,-9.371140298061093,37.5,142.57142857142858,-88.67498384895411,136407.05,1588965,129887.45,132004.0,426.21807497336215
2023-12-05,4100,4164,4099,4118,121227,164900,4211.8,4247.3,4295.6,4519.466666666666,-86.31478418619008,-73.3872254622828,-12.927558723907282,38.144329896907216,141.57142857142858,-95.87440572446715,138500.15,1710192,136855.0,1925.0,1.181162755023779
2023-12-06,4102,4175,4059,4118,140483,166694,4190.6,4218.9,4286.5,4512.916666666667,-90.64961493442843,-76.83970335671192,-13.809911577716505,40.036068530207395,140.78571428571428,-87.63924378664603,139589.9,1710192,137180.85,1794.0,1.0879320800485148
2023-12-07,4080,4083,3933,3952,164385,167954,4115.6,4185.6,4269.95,4502.533333333334,-106.25497104846818,-82.72275689506318,-23.532214153404993,38.70967741935484,141.07142857142858,-120.52211119015139,141529.2,1545807,137288.55,1260.0,0.7558760363300498
2023-12-08,3977,3997,3886,3967,166453,165704,4052.8,4149.6,4253.8,4491.966666666666,-116.073925598801,-89.39299063581075,-26.68093496299025,22.747252747252745,130.78571428571428,-111.14066451803231,143742.65,1712260,137377.95,-2250.0,-1.3396525239053547
2023-12-11,3969,4039,3967,4027,116745,155968,4036.4,4130.9,4238.9,4482.183333333333,-117.65773414280739,-95.04593933721007,-22.611794805597313,28.343949044585997,129.07142857142858,-78.09591215392649,144075.8,1829005,137016.15,-9736.0,-5.875537102302896
2023-12-12,3995,4071,3993,4051,99985,154859,4023.0,4117.4,4221.5,4472.733333333334,-115.64325098904828,-99.16540166757773,-16.477849321470558,31.189710610932465,129.14285714285714,-61.864651941516215,142785.6,1928990,136434.5,-1109.0,-0.7110432909314679
2023-12-13,4002,4009,3867,3886,149270,164314,3976.6,4083.6,4196.1,4460.033333333334,-125.9094735781091,-104.51421604968401,-21.39525752842509,29.663608562691138,127.35714285714286,-88.00651992999057,144930.95,1779720,136253.95,9455.0,6.1055540846834955
2023-12-14,3932,3969,3908,3922,112124,153410,3970.6,4043.1,4175.25,4446.816666666667,-129.64614969685317,-109.54060277911785,-20.105546917735325,29.23076923076924,125.14285714285714,-74.33933603056849,143987.75,1891844,135669.3,-10904.0,-6.636074832333216
2023-12-15,3975,4035,3968,4003,114662,148081,3977.8,4015.3,4164.85,4434.466666666666,-124.6347574856486,-112.55943372042401,-12.075323765224596,38.812301166489924,121.5,-48.81524969590973,142356.75,2006506,134782.8,-5329.0,-3.4736979336418727
2023-12-18,4014,4094,4004,4087,133960,150595,3989.8,4013.1,4146.05,4422.033333333334,-112.58725922916983,-112.56499882217318,-0.022260406996650772,45.04504504504504,122.28571428571429,-27.579749525594856,138990.3,2140466,133751.3,2514.0,1.6977194913594618
2023-12-19,4091,4196,4091,4141,161100,148640,4007.8,4015.4,4131.35,4410.55,-97.55759809683877,-109.56351867710632,12.005920580267542,45.91133004926108,123.85714285714286,2.451286809090908,138780.85,2301566,132363.2,-1955.0,-1.298183870646441
2023-12-20,4131,4218,4125,4211,109519,150836,4072.8,4024.7,4121.8,4401.266666666666,-79.08640948208586,-103.46809683810223,24.38168735601637,44.09368635437882,121.64285714285714,23.44150444655012,136178.2,2411085,131386.7,2196.0,1.4773950484391785
2023-12-21,4249,4250,4160,4197,130958,146175,4127.8,4049.2,4117.4,4392.75,-64.83022000349501,-95.74052147118078,30.91030146768577,45.57894736842105,113.28571428571429,32.41302710534209,131546.5,2280127,131290.1,-4661.0,-3.0901111140576476
2023-12-22,4150,4245,4127,4223,143407,136708,4171.8,4074.8,4112.2,4385.45,-50.847960782336486,-86.76200933341194,35.91404855107545,57.089552238805965,107.71428571428571,34.427631611225344,132367.55,2423534,131449.15,-9467.0,-6.476483666837696
2023-12-25,4225,4258,4123,4200,132197,128823,4194.4,4092.1,4111.5,4376.55,-41.14849317849621,-77.63930610242879,36.49081292393258,55.01222493887531,112.71428571428571,33.65820888514874,130102.0,2291337,133150.05,-7885.0,-5.7677677970565
2023-12-26,4212,4257,4189,4201,107602,99896,4206.4,4107.1,4112.25,4367.85,-33.000494421316034,-68.71154376620625,35.71104934489021,55.06715506715507,109.28571428571429,42.18265716476104,129211.8,2398939,134424.2,-28927.0,-22.454841138616555
2023-12-27,4213,4300,4213,4288,125312,89565,4221.8,4147.3,4115.45,4361.583333333333,-19.30048976060516,-58.82933296508603,39.52884320448087,72.70270270270271,103.14285714285714,61.48558630417164,129230.15,2524251,136341.4,-10331.0,-10.341755425642674
2023-12-28,4264,4282,4215,4240,123831,70208,4230.4,4179.1,4111.1,4352.383333333333,-12.175979103231839,-49.4986621927152,37.32268308948336,67.65847347994824,100.42857142857143,55.90698435674576,130034.1,2400420,137863.8,-19357.0,-21.612236922905147
2023-12-29,4201,4202,4065,4076,148992,49595,4201.0,4186.4,4100.85,4339.166666666667,-19.537961020067996,-43.50652195818576,23.96856093811776,52.79361459521095,107.78571428571429,5.180499879098182,131413.25,2251428,138795.0,-20613.0,-29.35990200546946
2024-01-02,4096,4198,4094,4178,62939,45316,4196.6,4195.5,4104.3,4333.616666666667,-16.946488607103674,-38.19451528796934,21.248026680865664,56.64921465968587,110.92857142857143,24.55234339303217,128257.55,2314367,132912.05,-4279.0,-8.6278858755923
2024-01-03,4183,4212,4079,4095,97388,99161,4175.4,4190.9,4103.15,4327.216666666666,-21.344092971794453,-34.824430824734364,13.480337852939911,61.97021764032074,107.28571428571429,11.56508854903605,127065.6,2216979,129625.1,53845.0,118.8211669167623
2024-01-04,4120,4222,4096,4217,125985,101759,4161.2,4191.5,4108.1,4322.416666666667,-14.814078237899594,-30.82236030736741,16.008282069467818,65.38060479666319,110.42857142857143,32.73471927029742,126340.7,2342964,126378.35,2598.0,2.619981646010028
2024-01-05,4198,4198,4098,4141,126755,101773,4141.4,4185.9,4117.55,4318.016666666666,-15.591826486410355,-27.776253543176,12.184427056765646,57.23270440251572,110.85714285714286,14.676277066320553,124459.2,2216209,123069.3,14.0,0.013757996835650488
2024-01-08,4140,4161,4050,4060,127144,95630,4138.2,4169.6,4122.2,4310.983333333334,-22.485027233973597,-26.71800828133552,4.232981047361925,48.580441640378545,112.28571428571429,-15.744993028082543,122493.75,2089065,119565.6,-6143.0,-6.0359820384581315
2024-01-09,4028,4040,3966,4008,120204,90430,4104.2,4150.4,4121.25,4300.1,-31.777591611877142,-27.729924947443845,-4.047666664433297,42.992623814541616,111.21428571428571,-58.59117381656909,122666.7,1968861,116288.7,-5200.0,-5.437624176513644
2024-01-10,4090,4105,4037,4084,109430,81841,4102.0,4138.7,4122.9,4291.316666666667,-32.633274909529064,-28.71059493986089,-3.922679969668174,43.35078534031413,111.5,-24.310738313260654,123138.95,2078291,112637.8,-8589.0,-9.497954218732719
2024-01-11,4105,4133,4014,4038,91471,79775,4066.2,4113.7,4130.5,4280.583333333333,-36.60130854832187,-30.288737661553085,-6.312570886768782,41.94528875379939,113.57142857142857,-39.18660958939439,120249.0,1986820,108410.85,-2066.0,-2.5244070820249043
2024-01-12,4075,4102,4049,4063,94115,84941,4050.6,4096.0,4137.55,4270.3,-37.29875588870527,-31.690741306983526,-5.608014581721747,41.886409736308316,109.71428571428571,-43.45555488717567,119348.55,2080935,104987.4,5166.0,6.475712942651213
2024-01-15,4118,4178,4042,4081,122104,86564,4054.8,4096.5,4141.45,4259.383333333333,-35.984234507083784,-32.54943994700358,-3.4347945600802063,43.93476044852192,109.78571428571429,-30.033353911003054,119720.65,2203039,101911.55,1623.0,1.9107380416995223
2024-01-16,4030,4108,4006,4089,97769,81477,4071.0,4087.6,4141.55,4250.0,-33.9060854530253,-32.82076904820792,-1.0853164048173767,44.33198380566802,112.21428571428571,-54.10058639459996,117911.1,2300808,98455.65,-5087.0,-5.876576867982076
2024-01-17,4120,4147,4087,4097,92176,85559,4073.6,4087.8,4139.35,4241.45,-31.25333522032406,-32.50728228263115,1.2539470623070912,39.4939493949395,109.42857142857143,-21.862057403707286,114464.9,2392984,95301.6,4082.0,5.010002822882531
2024-01-18,4077,4171,4072,4162,119832,90875,4098.4,4082.3,4136.9,4235.683333333333,-23.633621103873338,-30.73255004687959,7.098928943006253,45.78833693304536,111.28571428571429,-2.2985079209294317,114980.55,2512816,92303.55,5316.0,6.2132563494196935
2024-01-19,4145,4243,4116,4240,131149,102361,4133.8,4092.2,4139.05,4230.316666666667,-11.172208378975483,-26.820481713298772,15.648273334323289,59.76190476190476,107.85714285714286,45.069924936184904,114990.1,2643965,90112.85,11486.0,12.639339752407142
2024-01-22,4222,4247,4175,4176,146265,103985,4152.8,4103.8,4136.7,4223.55,-6.387087772528503,-22.73380292514472,16.346715152616216,49.87531172069825,104.28571428571429,44.759079919857236,115133.0,2497700,88476.7,1624.0,1.586541749299042
2024-01-23,4195,4257,4192,4223,110597,106038,4179.6,4125.3,4137.85,4217.833333333333,1.1840134179647066,-17.950239656522836,19.134253074487543,58.35509138381202,100.57142857142857,60.25069118394021,114053.0,2608297,87337.45,2053.0,1.974323219695151
2024-01-24,4190,4231,4147,4229,120492,107917,4206.0,4139.8,4139.25,4212.05,7.580927303189128,-12.844006264580443,20.42493356776957,50.92307692307692,97.5,45.7206672022012,114697.5,2728789,87738.5,1879.0,1.7720062619061006
2024-01-25,4220,4275,4208,4258,105117,104553,4225.2,4161.8,4137.75,4207.2,14.819752400692778,-7.311254531525799,22.131006932218575,59.701492537313435,93.78571428571429,80.7684219054621,113687.75,2833906,88487.9,-3364.0,-3.117210448770813
2024-01-26,4285,4439,4278,4394,196091,114477,4256.0,4194.9,4145.45,4203.8,31.17131334716214,0.38525904421178936,30.78605430295035,75.37993920972644,98.78571428571429,137.63893169033884,117300.75,3029997,90701.35,9924.0,9.491836676135556
2024-01-29,4388,4499,4364,4457,157583,101757,4312.2,4232.5,4164.5,4200.766666666666,48.65277775425875,10.038762786221183,38.614014968037566,83.5575485799701,101.71428571428571,133.08494629315757,117730.3,3187580,93309.45,-12720.0,-11.111402290416416
2024-01-30,4446,4456,4386,4426,116385,83448,4352.8,4266.2,4176.9,4198.716666666666,59.32169969424194,19.895350167825335,39.42634952641661,77.40384615384616,99.85714285714286,103.49142270531883,120402.6,3071195,95216.05,-18309.0,-17.99286535570035
2024-01-31,4401,4439,4345,4407,121653,74492,4388.4,4297.2,4192.5,4197.083333333333,65.48884138859648,29.014048411979566,36.47479297661692,80.90452261306532,98.07142857142857,80.97187517861644,121615.85,2949542,93982.6,-8956.0,-10.732432173329498
2024-02-01,4375,4405,4310,4315,116603,62509,4399.8,4312.5,4197.4,4197.333333333333,62.23530463758016,35.65829965709969,26.577004980480467,68.97590361445783,100.42857142857143,55.13207858596224,121146.75,2832939,92020.1,-11983.0,-16.08629114535789
2024-02-02,4308,4311,4160,4169,128133,55081,4354.8,4305.4,4198.8,4195.433333333333,47.33027949490315,37.992695624660385,9.337583870242767,55.55555555555556,101.78571428571429,5.4414951367199516,121215.65,2704806,89685.5,-7428.0,-11.883088835207733
2024-02-05,4161,4179,4118,4133,118583,49156,4290.0,4301.1,4202.45,4192.816666666667,32.24138196722197,36.842432893172706,-4.601050925950737,52.6829268292683,98.85714285714286,-22.01659186929016,120787.6,2586223,87361.8,-5925.0,-10.756885314355225
2024-02-06,4147,4167,4111,4151,81355,42718,4235.0,4293.9,4209.6,4189.916666666667,21.488070434511428,33.77156040144045,-12.283489966929025,53.25301204819277,98.57142857142857,-26.244058116432765,118845.15,2667578,84976.2,-6438.0,-13.09707868825779
2024-02-07,4161,4196,4160,4168,58179,38534,4187.2,4287.8,4213.8,4186.066666666667,14.17435831703824,29.852119984560012,-15.677761667521771,50.38363171355498,94.71428571428571,-15.99137356324324,116282.6,2725757,82810.85,-4184.0,-9.794466033053983
2024-02-08,4186,4268,4186,4253,62187,33241,4174.8,4287.3,4224.55,4183.716666666666,15.063337617399156,26.894363511127843,-11.831025893728686,50.82382762991128,92.78571428571429,5.909132096289162,114818.4,2787944,80484.15,-5293.0,-13.73592152384907
2024-02-19,4422,4422,4351,4353,34955,31436,4211.6,4283.2,4239.05,4183.95,23.565377381301005,26.228566285162476,-2.663188903861471,60.72727272727273,99.71428571428571,60.24693811298023,111860.4,2822899,77808.9,-1805.0,-5.430041214163229
2024-02-20,4398,4398,4365,4377,78145,97468,4260.4,4275.2,4253.85,4186.716666666666,31.872498251806974,27.357352678491374,4.5151455733156,59.600997506234414,97.14285714285714,56.43910291706614,109662.45,2901044,78354.1,66032.0,210.05216948721213
2024-02-21,4344,4386,4338,4339,105434,109645,4298.0,4266.5,4266.35,4184.65,34.986367899619836,28.883155722717067,6.103212176902769,56.5947242206235,94.57142857142857,41.240888858571175,110045.7,2795610,79762.5,12177.0,12.493331144580777
2024-02-22,4325,4391,4325,4373,98942,115024,4339.0,4263.1,4280.15,4183.616666666667,39.7395550265428,31.054435583482217,8.685119443060586,56.853396901072706,94.5,41.092329580468714,110384.0,2894552,81235.75,5379.0,4.905832459300474
2024-02-23,4360,4385,4341,4361,97372,117013,4360.6,4267.7,4290.1,4182.933333333333,42.053424655595336,33.25423339790484,8.799191257690495,47.692307692307686,84.71428571428571,36.74514728391662,109261.0,2797180,82542.65,1989.0,1.7292043399638413
2024-02-26,4335,4347,4268,4285,109547,109062,4347.0,4279.3,4292.35,4182.933333333333,37.3243661067836,34.068259939680594,3.256106167103006,38.18681318681318,81.71428571428571,2.8155329466725556,108180.9,2687633,82877.7,-7951.0,-6.794971498893288
2024-02-27,4283,4356,4282,4338,111262,93077,4339.2,4299.8,4300.45,4183.116666666667,37.42183458156887,34.73897486805825,2.6828597135106236,44.13333333333333,81.92857142857143,12.977475495812962,106430.75,2798895,82332.3,-15985.0,-14.656800718857166
2024-02-28,4325,4378,4325,4357,109867,74340,4342.8,4320.4,4307.15,4185.5,38.587408633534324,35.508661621153465,3.078747012380859,46.666666666666664,79.0,24.684145625389895,106394.25,2908762,80747.4,-18737.0,-20.13064452012849
2024-02-29,4347,4412,4335,4356,115944,72292,4339.4,4339.2,4313.5,4188.333333333333,38.98109304879381,36.20314790668154,2.777945142112273,53.110773899848255,77.57142857142857,28.709299683170073,106166.85,2792818,78966.15,-2048.0,-2.7549098735539457
2024-03-01,4360,4363,4300,4344,110360,65208,4336.0,4348.3,4317.8,4190.333333333333,37.88804131660436,36.5401265886661,1.3479147279382602,66.66666666666666,71.0,8.759055736313417,106429.0,2682458,76998.9,-7084.0,-9.799147900182593
2024-03-04,4394,4440,4377,4379,119396,64060,4354.8,4350.9,4317.05,4191.2,39.39191199575362,37.1104836700836,2.2814283256700136,73.47328244274809,73.5,42.72019848457362,102594.25,2801854,74478.05,-1148.0,-1.760520181572811
2024-03-05,4384,4415,4342,4345,96788,59031,4356.2,4347.7,4311.45,4192.266666666666,37.40899686408102,37.17018630888309,0.23881055519792938,67.96296296296296,74.71428571428571,28.54439690692865,99554.5,2705066,72341.75,-5029.0,-7.850452700593191
2024-03-06,4312,4349,4279,4322,105576,54245,4349.2,4346.0,4306.25,4195.816666666667,33.594359688394434,36.455020984785364,-2.86066129639093,64.1025641025641,76.5,2.5044211741588747,99014.05,2599490,70881.6,-4786.0,-8.10760447900256
2024-03-07,4335,4378,4335,4362,85165,53127,4350.4,4344.9,4304.0,4199.883333333333,33.413725323529434,35.84676185253418,-2.4330365290047453,60.878243512974045,73.35714285714286,29.285920173466746,97189.65,2684655,69813.35,-1118.0,-2.061019448797119
2024-03-08,4363,4394,4312,4394,82302,52247,4360.4,4348.2,4307.95,4204.483333333334,35.44412603113051,35.76623468825345,-0.32210865712293923,54.73441108545035,67.14285714285714,33.41039466619797,95474.6,2766957,69300.25,-880.0,-1.6564082293372473
2024-03-11,4340,4353,4244,4303,85262,46103,4345.2,4350.0,4314.65,4210.333333333333,29.3717148928572,34.4873307291742,-5.115615836316998,42.599999999999994,74.64285714285714,-10.172569829565726,93331.05,2681695,68851.35,-6144.0,-11.759526862786384
2024-03-12,4281,4346,4262,4339,66271,42883,4344.0,4350.1,4324.95,4216.533333333334,27.15120229286731,33.02010504191282,-5.86890274904551,50.0,77.21428571428571,-6.655976830047289,90715.45,2747966,68537.7,-3220.0,-6.984361104483439
2024-03-13,4301,4353,4301,4353,50127,40930,4350.2,4349.7,4335.05,4221.966666666666,26.218878149935335,31.659859663517324,-5.440981513581988,47.90794979079498,76.21428571428571,1.2850271313257544,89154.05,2798093,68448.3,-1953.0,-4.5542522677984305
2024-03-14,4400,4448,4384,4424,69070,40639,4362.6,4356.5,4347.85,4228.183333333333,30.853451791229418,31.498578089059745,-0.6451262978303269,55.865921787709496,79.85714285714286,89.2029389597245,89698.6,2867163,68553.55,-291.0,-0.7109699486928855
2024-03-15,4462,4492,4432,4486,83294,120596,4381.0,4370.7,4359.5,4238.183333333333,39.078790663567815,33.01462060396136,6.064170059606454,69.21606118546845,78.07142857142857,137.70802576346642,90753.95,2950457,72921.3,79957.0,196.74942788946578
2024-03-18,4480,4508,4444,4499,82999,124928,4420.2,4382.7,4366.8,4247.8,46.114839174219924,35.63466431801308,10.480174856206844,66.66666666666666,77.35714285714286,121.76747346385294,93156.15,3033456,77595.9,4332.0,3.592158943911894
2024-03-19,4495,4573,4490,4535,93586,133119,4459.4,4401.7,4374.7,4256.666666666667,53.973682432717396,39.302467940953946,14.67121449176345,67.80000000000001,79.5,129.9329084664302,93928.2,3127042,79378.45,8191.0,6.556576588114749
2024-03-20,4524,4571,4524,4538,62804,133228,4496.4,4423.3,4384.65,4264.183333333333,59.75512735111079,43.39299982298532,16.36212752812547,68.12749003984064,77.35714285714286,112.0865240184361,91796.7,3189846,80557.6,109.0,0.08188162471172156
2024-03-21,4499,4508,4460,4481,90882,126781,4507.8,4435.2,4390.05,4269.85,59.05677077889777,46.52575401416781,12.531016764729962,62.52285191956124,78.42857142857143,63.07101799143477,91393.7,3098964,81145.45,-6447.0,-4.839072867565375
2024-03-22,4460,4479,4435,4466,76443,120466,4503.8,4442.4,4395.3,4274.1,56.64003248694917,48.548609708724086,8.09142277822508,58.25426944971537,74.85714285714286,43.949318893663545,90347.25,3022521,81318.1,-6315.0,-4.981030280562548
2024-03-25,4505,4537,4476,4479,105281,112724,4499.8,4460.0,4405.0,4278.8,55.13814314155479,49.866516395290226,5.271626746264566,63.24110671936759,74.71428571428571,61.39713286581306,90133.95,3127802,81501.2,-7742.0,-6.426709611010573
2024-03-26,4474,4552,4474,4486,109657,110722,4490.0,4474.7,4412.4,4283.183333333333,53.89149886078576,50.67151288838934,3.2199859723964224,66.73469387755102,75.28571428571429,59.15758931090729,90053.7,3237459,82383.45,-2002.0,-1.776019303786236
2024-03-27,4500,4507,4432,4442,127749,84480,4470.8,4483.6,4416.65,4287.216666666666,48.790663611057425,50.29534303292296,-1.5046794218655322,58.097165991902834,76.64285714285714,28.31715286494413,90947.8,3109710,82890.45,-26242.0,-23.700800202308482
2024-03-28,4445,4512,4445,4487,102388,78417,4472.0,4489.9,4423.2,4291.983333333334,47.82800734860939,49.801875896060245,-1.9738685474508557,59.17159763313609,75.78571428571429,37.84665047339426,90270.0,3212098,83196.7,-6063.0,-7.176846590909092
2024-03-29,4530,4599,4513,4588,106175,79932,4496.4,4500.1,4435.4,4296.983333333334,54.58572101935624,50.75864492071945,3.8270760986367947,77.56286266924565,73.07142857142857,80.84252923550373,90060.75,3318273,83932.9,1515.0,1.9319790351581823
2024-04-01,4608,4615,4551,4583,64437,76879,4517.2,4508.5,4445.6,4302.7,58.85930613439268,52.378777163454096,6.480528970938586,75.10288065843622,71.64285714285714,79.3639957291297,87312.8,3253836,84573.85,-3053.0,-3.8194965720862784
2024-04-02,4591,4622,4546,4619,91354,75265,4543.8,4516.9,4459.3,4311.75,64.40859012897272,54.784739756557826,9.623850372414893,76.18110236220473,73.35714285714286,76.25607475642161,87041.1,3345190,85385.55,-1614.0,-2.099402957894869
2024-04-03,4644,4670,4617,4664,87988,68668,4588.2,4529.5,4476.4,4319.85,71.61206231698816,58.1502042686439,13.461858048344261,74.89626556016597,70.35714285714286,92.70622234400034,86161.7,3433178,86106.7,-6597.0,-8.765030226532922
2024-04-08,4635,4658,4579,4625,61677,63313,4615.8,4543.9,4489.55,4328.683333333333,73.32860534387328,61.185884483689776,12.142720860183502,65.14161220043573,71.57142857142857,69.39984918722882,84987.3,3371501,86616.0,-5355.0,-7.798392264227882
2024-04-09,4641,4678,4599,4610,91588,59719,4620.2,4558.3,4500.35,4335.233333333334,72.64124041799823,63.476955670551476,9.164284747446757,62.039045553145336,72.64285714285714,66.25431981360374,85451.6,3279913,86989.6,-3594.0,-5.676559316412111
2024-04-10,4600,4623,4563,4587,63085,54955,4621.0,4569.1,4514.55,4342.666666666667,69.44012840578307,64.6695902175978,4.77053818818527,55.80357142857144,71.0,44.10191396292458,84342.75,3216828,87432.2,-4764.0,-7.977360638992614
2024-04-11,4599,4619,4557,4572,71237,51539,4611.6,4577.7,4526.2,4351.2,64.94421297278404,64.72451476863506,0.21969820414898322,53.69565217391305,72.07142857142857,36.741329117429686,84591.05,3145591,87865.0,-3416.0,-6.215994904922207
2024-04-12,4545,4639,4544,4627,61132,47072,4604.2,4596.2,4539.9,4361.516666666666,65.06913150279615,64.79343811546728,0.2756933873288716,65.93886462882097,73.28571428571429,48.634413208282616,85141.3,3206723,88172.1,-4467.0,-8.66722287976096
2024-04-15,4662,4723,4590,4603,68934,42311,4599.8,4607.8,4548.85,4370.166666666667,62.51094366730376,64.33693922583458,-1.8259955585308205,64.6680942184154,79.5,69.37817600200812,85134.5,3137789,88255.7,-4761.0,-10.114292997960572
2024-04-16,4601,4718,4571,4698,112214,130142,4617.4,4618.8,4559.45,4381.166666666667,67.37263760055339,64.94407890077835,2.4285586997750386,69.94535519125682,84.92857142857143,77.91925224664027,86580.5,3250003,88733.0,87831.0,207.58431613528398
2024-04-17,4678,4707,4639,4647,107479,130464,4629.4,4625.2,4566.85,4390.9,66.34550164967277,65.22436345055723,1.121138199115535,63.57504215851602,84.21428571428571,70.99038250843836,87804.5,3142524,89009.8,322.0,0.24742204668746215
2024-04-18,4610,4652,4516,4522,131597,118327,4619.4,4615.5,4566.2,4398.25,54.81318144143734,63.14212704873326,-8.328945607295921,55.9347181008902,88.57142857142857,-4.234619610824658,89705.05,3010927,88270.2,-12137.0,-9.302949472651456
2024-04-19,4531,4742,4518,4580,192868,121289,4610.0,4607.1,4568.3,4406.433333333333,49.78001681741898,60.469705002470405,-10.689688185051423,56.76855895196507,99.57142857142857,29.956747204748286,96208.25,3203795,87673.25,2962.0,2.5032325673768563
2024-04-22,4520,4547,4461,4473,139716,111116,4584.0,4591.9,4567.9,4412.7,36.7337480456963,55.72251361111559,-18.988765565419286,41.702741702741704,100.07142857142857,-58.86658253407822,98649.95,3064079,86890.0,-10173.0,-8.387405288195959
2024-04-23,4489,4516,4454,4487,83698,108237,4541.8,4579.6,4568.95,4418.116666666667,27.21050330379694,50.02011154965186,-22.809608245854918,43.162393162393165,99.92857142857143,-67.81432553072909,99012.7,3147777,86278.55,-2879.0,-2.5909859966161464
2024-04-24,4455,4565,4440,4561,103375,98952,4524.6,4577.0,4573.05,4423.466666666666,25.342314365798302,45.08455211288115,-19.742237747082847,46.08108108108109,103.42857142857143,-41.80647604641701,98917.4,3251152,85589.95,-9285.0,-8.57839740569306
2024-04-25,4544,4551,4511,4527,96065,92084,4525.6,4572.5,4575.1,4429.316666666667,20.877581558353995,40.243158001975715,-19.36557644362172,40.60356652949246,103.21428571428571,-37.566005344090804,98237.8,3155087,84658.05,-6868.0,-6.940738944134528
2024-04-26,4514,4576,4444,4558,139745,86217,4521.2,4565.6,4580.9,4434.9,19.614584839606323,36.11744336950184,-16.50285852989552,45.35367545076283,106.57142857142857,-46.735336110042795,98837.6,3294832,84744.9,-5867.0,-6.371356587463617
2024-04-29,4580,4619,4518,4520,91733,75784,4530.6,4557.3,4582.55,4439.75,15.370190432159688,31.967992782033413,-16.597802349873724,43.95161290322581,108.14285714285714,-29.27084546714035,98304.85,3203099,84613.25,-10433.0,-12.100861778999505
2024-04-30,4521,4545,4464,4465,97412,67450,4526.2,4534.0,4576.4,4443.2,7.482186945615467,27.070831614749828,-19.58864466913436,42.13917525773196,109.64285714285714,-77.26048431767406,97866.7,3105687,83989.15,-8334.0,-10.997044230972241
2024-05-06,4280,4338,4245,4336,68299,65414,4481.2,4502.9,4564.05,4442.233333333334,-9.073738144361414,19.84191766292758,-28.915655807288996,36.741573033707866,120.92857142857143,-154.96606616521325,98059.8,3037388,83415.9,-2036.0,-3.01853224610823
2024-05-07,4338,4339,4301,4327,65065,63156,4441.2,4483.4,4549.45,4440.066666666667,-22.659448820048055,11.341644366332453,-34.00109318638051,32.22748815165876,116.85714285714286,-115.57290937792679,96745.35,2972323,82810.45,-2258.0,-3.4518604580059287
2024-05-08,4300,4314,4275,4276,66104,63817,4384.8,4453.0,4530.05,4437.566666666667,-37.11367286715267,1.650580919635427,-38.7642537867881,31.228473019517793,111.07142857142857,-109.0116121394322,95651.15,2906219,82567.9,661.0,1.0466147317752972
2024-05-09,4276,4349,4259,4335,64757,60533,4347.8,4439.2,4515.55,4436.366666666667,-43.30870683149806,-7.3412766305912704,-35.96743020090679,28.263473053892213,107.0,-84.58474389137723,95805.15,2970976,82428.9,-3284.0,-5.145964241503043
2024-05-10,4336,4383,4316,4376,70688,55568,4330.0,4428.1,4503.85,4437.383333333333,-44.39816413311928,-14.752654131096874,-29.645510002022405,33.575757575757564,106.92857142857143,-59.73744695251139,94760.15,3041664,82221.35,-4965.0,-8.20213767696959
2024-05-13,4390,4392,4254,4306,63834,53271,4324.0,4402.6,4489.8,4439.666666666667,-50.329811145692474,-21.868085534015997,-28.461725611676478,35.97402597402598,107.07142857142857,-68.0146478327738,94797.6,2977830,82137.15,-2297.0,-4.133674057011227
2024-05-14,4325,4331,4298,4308,47283,48887,4320.2,4380.7,4476.6,4442.583333333333,-54.24400967525071,-28.343270362262942,-25.900739312987767,30.95238095238095,93.42857142857143,-62.691025173532275,93599.9,3025113,82004.55,-4384.0,-8.229618366465807
2024-05-15,4268,4293,4251,4275,38608,47262,4320.0,4352.4,4459.0,4444.65,-59.32500271493063,-34.53961683279648,-24.78538588213415,34.531250000000014,89.0,-69.1588737317321,92473.7,2986505,82014.05,-1625.0,-3.323992063329717
2024-05-16,4218,4265,4163,4250,90392,86672,4303.0,4325.4,4441.35,4446.016666666666,-64.62407130482279,-40.55650772720175,-24.067563577621044,31.79723502304148,92.57142857142857,-77.12043499173657,93546.6,2896113,84232.1,39410.0,83.38622995218145
2024-05-17,4235,4272,4220,4261,82094,85374,4280.0,4305.0,4419.5,4446.15,-67.16181368944126,-45.877568919649654,-21.284244769791606,24.48979591836735,87.35714285714286,-62.61142007336357,92040.6,2978207,81993.7,-1298.0,-1.4976001476832201
2024-05-20,4272,4312,4242,4308,84109,87194,4280.4,4302.2,4402.55,4445.4,-64.63540884902068,-49.629136905523865,-15.006271943496813,31.780366056572376,88.78571428571429,-45.54325081072672,90872.1,3062316,79830.2,1820.0,2.131796565699151
2024-05-21,4273,4315,4240,4247,103512,89839,4268.2,4294.2,4388.8,4443.233333333334,-66.78554284756228,-53.06041809393155,-13.72512475363073,25.356576862123603,84.71428571428571,-48.63563614479404,89467.85,2958804,78405.8,2645.0,3.0334656054315623
2024-05-22,4216,4245,4133,4147,138301,89894,4242.6,4281.3,4367.15,4440.033333333334,-75.68623993647634,-57.58558246244051,-18.100657474035827,23.088023088023093,85.64285714285714,-79.52330824448714,86739.5,2820503,76836.05,55.0,0.061220628012326195
2024-05-23,4141,4159,4078,4128,121338,89656,4218.2,4260.6,4349.9,4435.95,-83.31286882452605,-62.731039734857625,-20.581829089668425,24.353120243531194,85.64285714285714,-88.41671877899284,85820.6,2699165,75763.05,-238.0,-0.26475626849400413
2024-05-24,4170,4172,4091,4104,97895,90553,4186.8,4233.4,4330.75,4431.666666666667,-90.25324337984057,-68.23548046385422,-22.017762915986353,28.985507246376812,75.71428571428571,-77.98961149064677,86530.45,2601270,74878.85,897.0,1.0004907647006345
2024-05-27,4105,4129,4093,4107,101164,86662,4146.6,4213.5,4308.05,4428.7,-94.42301554278129,-73.47298747963964,-20.950028063141644,29.853479853479854,75.57142857142857,-74.78506758661845,86419.9,2702434,74264.35,-3891.0,-4.296931079036581
2024-05-28,4128,4179,4121,4158,95787,82440,4128.8,4198.5,4289.6,4425.7,-92.5455092255088,-77.28749182881347,-15.258017396695323,39.1941391941392,77.0,-54.12007010875051,86406.0,2798221,73782.15,-4222.0,-4.871800789273273
2024-05-29,4174,4240,4164,4236,108777,79229,4146.6,4194.6,4273.5,4423.683333333333,-83.79765659259738,-78.58952478157026,-5.2081318110271155,41.23893805309734,76.42857142857143,-26.33244647086439,84857.6,2906998,73432.75,-3211.0,-3.894953905870935
2024-05-30,4230,4230,4151,4158,95173,76139,4152.6,4185.4,4255.4,4420.383333333333,-82.21118907003074,-79.31385763926235,-2.8973314307683893,31.89368770764119,77.71428571428571,-39.70435247144501,85029.6,2811825,73450.5,-3090.0,-3.9000870893233563
2024-05-31,4148,4172,4053,4071,108905,74095,4146.0,4166.4,4235.7,4415.833333333333,-86.97152147747693,-80.84539040690527,-6.12613107057166,31.01777059773829,76.35714285714286,-82.59490823835277,85604.25,2702920,73782.75,-2044.0,-2.684563758389258
2024-06-03,4095,4110,4017,4041,82695,74402,4132.8,4139.7,4220.95,4410.2,-92.10316058328408,-83.09694444218104,-9.006216141103039,29.366306027820713,80.64285714285714,-92.71623956857314,86324.05,2620225,74232.15,307.0,0.41433295094135403
2024-06-04,4045,4071,3926,3947,86232,71763,4090.6,4109.7,4201.95,4403.566666666667,-102.57264238318021,-86.99208403038088,-15.58055835279933,26.836158192090394,86.92857142857143,-110.48948366207954,87382.4,2533993,74662.5,-2639.0,-3.546947662697242
2024-06-05,3923,3934,3894,3923,66922,69169,4028.0,4087.3,4184.3,4396.916666666667,-111.52083875195149,-91.897834974695,-19.623003777256486,26.87411598302687,82.71428571428571,-114.30769146362165,87423.3,2467071,74930.1,-2594.0,-3.614676086562718
2024-06-06,3944,3984,3919,3980,65069,64520,3992.4,4072.5,4166.55,4390.55,-112.71363261635133,-96.06099450302628,-16.652638113325054,31.341301460823374,83.64285714285714,-83.78583656492988,87438.9,2532140,75129.45,-4649.0,-6.721219043213001
2024-06-07,3961,4026,3960,4003,71719,55570,3978.8,4062.4,4147.9,4384.033333333334,-110.52891404724824,-98.95457841187068,-11.574335635377551,29.080932784636488,83.35714285714286,-63.645659581538666,87490.45,2603859,75129.55,-8950.0,-13.871667699938007
2024-06-11,4088,4111,4038,4060,48084,49932,3982.6,4057.7,4135.6,4379.983333333334,-103.01064264356546,-99.76579125820965,-3.2448513853558154,37.10344827586207,85.71428571428571,-29.66800280997191,86702.95,2651943,74962.6,-5638.0,-10.145762101853517
2024-06-12,4080,4130,4058,4122,67780,86620,4017.6,4054.1,4126.3,4376.366666666667,-91.00047966183593,-98.01272893893491,7.012249277098988,48.180494905385736,82.71428571428571,-11.385928605686217,87727.8,2719723,76849.25,36688.0,73.47592726107506
2024-06-13,4141,4159,4099,4102,75960,85901,4053.4,4040.7,4117.65,4372.183333333333,-82.14920690222698,-94.84002453159333,12.69081762936635,48.110465116279066,81.21428571428571,-0.22576473739730535,89595.4,2643763,78781.2,-719.0,-0.8300623412606734
2024-06-14,4110,4178,4104,4137,92756,88202,4084.8,4038.6,4112.0,4367.4,-71.48625295208012,-90.16927021569069,18.683017263610566,52.360515021459236,80.85714285714286,11.702679643974566,89713.6,2736519,78857.7,2301.0,2.678664974796563
2024-06-17,4185,4194,4133,4139,92793,89580,4112.0,4045.4,4105.9,4361.616666666667,-62.157884438978726,-84.5669930603483,22.40910862136957,52.29226361031519,82.64285714285714,22.925463259575544,90248.55,2829312,79068.0,1378.0,1.5623228498220065
2024-06-18,4168,4239,4165,4205,96662,91101,4141.0,4061.8,4100.75,4356.716666666666,-48.876024385250275,-77.4287993253287,28.55277494007842,53.29593267882188,84.64285714285714,53.620343179335215,90876.2,2925974,79263.35,1521.0,1.6979236436704515
2024-06-19,4213,4286,4210,4256,99314,93173,4167.8,4092.7,4101.2,4352.066666666667,-33.84464087437664,-68.71196763513828,34.86732676076164,51.457725947521865,84.57142857142857,82.1371874651019,90666.3,3025288,79430.05,2072.0,2.274398744250883
2024-06-20,4271,4287,4238,4268,91674,93661,4201.0,4127.2,4107.25,4347.566666666667,-20.724957031106896,-59.11456551433201,38.38960848322511,58.87096774193549,82.0,81.99982549065179,88334.95,3116962,79618.4,488.0,0.523756882358617
2024-06-21,4284,4298,4264,4265,78778,92763,4226.6,4155.7,4114.1,4343.966666666666,-10.44913684585481,-49.38147978063657,38.93234293478176,68.09701492537314,75.92857142857143,78.09163272127086,86206.95,3038184,79773.75,-898.0,-0.9587768655043183
2024-06-24,4285,4309,4239,4261,93475,89455,4251.0,4181.5,4121.95,4340.55,-2.5982904118727674,-40.024841906883815,37.42655149501105,71.56862745098039,74.28571428571429,67.725015300023,85985.95,2944709,79718.85,-3308.0,-3.566076991904099
2024-06-25,4250,4329,4244,4298,91194,87804,4269.6,4205.3,4131.5,4337.533333333334,6.533834747649962,-30.713106575977058,37.24694132362702,88.74172185430464,70.0,69.24899932625158,85487.45,3035903,79775.95,-1651.0,-1.845620703146833
2024-06-26,4303,4336,4285,4312,96498,86013,4280.8,4224.3,4139.2,4334.633333333333,14.730983123372425,-21.624288636107163,36.35527175947959,93.90519187358916,69.85714285714286,70.70559541622333,85523.0,3132401,79954.6,-1791.0,-2.039770397703977
2024-06-27,4314,4339,4283,4322,106512,79701,4291.6,4246.3,4143.5,4332.633333333333,21.783096715480497,-12.942811565789633,34.72590828127013,93.18181818181819,69.21428571428571,67.1763466363928,85409.75,3238913,79978.2,-6312.0,-7.338425586829899
2024-06-28,4361,4373,4338,4346,88498,74359,4307.8,4267.2,4152.9,4330.283333333334,28.97454643333731,-4.559339965964245,33.53388639930155,93.19899244332494,68.14285714285714,74.05592787632281,85076.0,3327411,79889.2,-5342.0,-6.702550783553529
2024-07-01,4346,4355,4289,4352,67317,71475,4326.0,4288.5,4166.95,4326.35,34.75731135264596,3.303990297757795,31.45332105488816,92.19653179190752,65.14285714285714,59.76954119475127,82996.6,3394728,79758.2,-2884.0,-3.878481421213298
2024-07-02,4352,4443,4343,4437,75842,74586,4353.8,4311.7,4186.75,4323.916666666667,45.6724996928142,11.777692176769076,33.89480751604512,92.6829268292683,67.14285714285714,76.90768151008665,82653.95,3470570,79767.4,3111.0,4.352570828961166
2024-07-03,4467,4481,4425,4451,73341,72089,4381.6,4331.2,4211.95,4321.116666666667,54.820610219238915,20.386275785263045,34.43433443397587,98.07162534435261,66.85714285714286,82.35347207795756,82009.4,3543911,79783.7,-2497.0,-3.347813262542565
2024-07-04,4446,4446,4388,4438,84329,71347,4404.8,4348.2,4237.7,4317.35,60.32615994542084,28.374252617294605,31.951907328126236,94.13489736070382,65.92857142857143,68.63871005379845,82879.75,3459582,79892.6,-742.0,-1.0292832470973345
2024-07-05,4438,4479,4435,4443,63589,69267,4424.2,4366.0,4260.85,4314.316666666667,64.35100762325146,35.56960361848598,28.781404004765484,94.18604651162791,64.71428571428571,74.18182052582756,82805.75,3523171,80129.95,-2080.0,-2.9153293060675267
2024-07-08,4478,4478,4389,4395,72612,68440,4432.8,4379.4,4280.45,4310.733333333334,62.941973665730984,41.04407762793498,21.897896037796002,79.14110429447852,63.92857142857143,58.83315927900364,82850.4,3450559,80773.45,-827.0,-1.1939307318059145
2024-07-09,4400,4418,4365,4375,65151,69885,4420.4,4387.1,4296.2,4307.2,59.525300637295004,44.74032222980699,14.784978407488012,70.16949152542372,61.92857142857143,40.64662700736617,83703.75,3385408,81771.1,1445.0,2.1113383985973178
2024-07-10,4350,4370,4287,4294,69887,66850,4389.0,4385.3,4304.8,4302.566666666667,49.70853059350884,45.73396390254736,3.974566690961481,53.57142857142858,64.71428571428571,5.000312804183222,83809.1,3315521,80782.6,-3035.0,-4.3428489661586855
2024-07-11,4305,4378,4295,4340,65688,62124,4369.4,4387.1,4316.7,4297.783333333334,45.12036568064377,45.61124425816664,-0.4908785775228708,59.21375921375922,68.28571428571429,10.948066103004546,83295.5,3381209,79593.75,-4726.0,-7.069558713537772
2024-07-12,4328,4333,4256,4326,85066,54170,4346.0,4385.1,4326.15,4293.166666666667,39.89464826252333,44.46792505903798,-4.573276796514648,57.79376498800959,69.28571428571429,-13.09074385201948,82911.0,3296143,77892.15,-7954.0,-12.803425407250014
2024-07-15,4331,4338,4262,4291,59681,48933,4325.2,4379.0,4333.75,4286.383333333333,32.55376255587635,42.085092558405655,-9.531330002529309,49.1566265060241,68.64285714285714,-25.723584470470406,81255.4,3236462,75859.8,-5237.0,-9.66771275613808
2024-07-16,4285,4314,4228,4234,58973,46750,4297.0,4358.7,4335.2,4279.5,21.884364779376483,38.04494700259983,-16.160582223223344,41.48471615720525,71.14285714285714,-58.69565606301351,79370.95,3177489,73642.25,-2183.0,-4.461202051785095
2024-07-17,4190,4220,4148,4171,61738,40484,4272.4,4330.7,4330.95,4273.65,8.25011450115744,32.08598050231135,-23.83586600115391,35.225048923679054,73.28571428571429,-105.66262752598823,77492.15,3115751,71007.8,-6266.0,-13.403208556149737
2024-07-18,4200,4275,4187,4264,78233,82449,4257.2,4313.3,4330.75,4268.383333333333,4.892794602254071,26.647343322299896,-21.754548720045825,42.931034482758626,77.07142857142857,-60.701889018331855,76820.1,3193984,70447.2,41965.0,103.65823535223791
2024-07-19,4224,4236,4187,4212,78524,86571,4234.4,4290.2,4328.1,4264.033333333334,-1.9414907271129778,20.929576512417324,-22.8710672395303,38.81789137380191,77.85714285714286,-75.22205085537625,76807.4,3115460,70137.6,4122.0,4.999454208055898
2024-07-22,4228,4233,4111,4113,88578,91012,4198.8,4262.0,4320.7,4257.8,-15.171298427018883,13.709401524530081,-28.880699951548962,24.6875,79.42857142857143,-98.75717763944029,76562.55,3026882,70215.45,4441.0,5.129893382310469
2024-07-23,4079,4137,4072,4127,76306,90764,4177.4,4237.2,4312.15,4250.566666666667,-24.246830973361284,6.118155024951809,-30.364985998313095,24.6875,80.07142857142857,-102.79789721780989,75818.15,3103188,70363.45,-248.0,-0.27249153957720207
2024-07-24,4093,4205,4092,4169,130402,92401,4177.0,4224.7,4305.0,4244.6,-27.730546433049312,-0.6515852666484143,-27.078961166400898,29.895366218236177,83.64285714285714,-72.1376219939762,77513.35,3233590,70682.85,1637.0,1.8035785113040381
2024-07-25,4195,4216,4132,4138,128407,88893,4151.8,4204.5,4295.8,4237.6,-32.616869982001845,-7.044642209719101,-25.572227772282744,28.05755395683454,86.5,-62.40252689828052,78608.1,3105183,71142.45,-3508.0,-3.7964957089208995
2024-07-26,4105,4269,4100,4261,122213,84827,4161.6,4198.0,4291.55,4233.283333333334,-26.26151811885029,-10.88801739154534,-15.37350072730495,41.2987012987013,92.21428571428571,-36.78633232315113,80293.85,3227396,71665.85,-4066.0,-4.574038450721652
2024-07-29,4224,4315,4200,4276,130495,77978,4194.2,4196.5,4287.75,4230.133333333333,-19.78639608226331,-12.667693129688933,-7.118702952574376,43.52941176470588,96.64285714285714,-10.815272277894891,83452.75,3357891,71991.0,-6849.0,-8.074080186733001
2024-07-30,4259,4304,4159,4182,122077,64692,4205.2,4191.3,4275.0,4227.566666666667,-21.986384274882766,-14.531431358727701,-7.454952916155065,42.80205655526993,100.71428571428571,-29.36458458196877,85764.5,3235814,71496.3,-13286.0,-17.03813896227141
2024-07-31,4170,4242,4143,4237,86638,58442,4218.8,4197.9,4264.3,4226.066666666667,-19.07200027451472,-15.439545141885105,-3.632455132629616,43.456162642947895,101.78571428571429,-29.21014189204835,86429.35,3322452,70813.95,-6250.0,-9.661163667841466
2024-08-01,4275,4334,4214,4325,107639,62548,4256.2,4204.0,4258.65,4226.883333333333,-9.551363234060773,-14.26190876032024,4.710545526259468,49.94192799070848,104.35714285714286,17.38549050509043,87594.85,3430091,70374.0,4106.0,7.0257691386331755
2024-08-02,4340,4340,4205,4230,99871,62427,4250.0,4205.8,4248.0,4225.133333333333,-9.56167480368731,-13.321861968993655,3.760187165306345,46.68838219326818,108.57142857142857,5.717264987569349,89408.95,3330220,70032.0,-121.0,-0.19345142930229375
2024-08-05,4141,4151,3988,4028,143194,63987,4200.4,4197.3,4229.65,4219.333333333333,-25.57474882771203,-15.77243934073733,-9.802309486974698,40.33771106941838,119.71428571428571,-108.09797111623455,92938.05,3187026,69809.35,1560.0,2.498918737084921
2024-08-06,3999,4096,3998,4043,90816,61636,4172.6,4188.9,4213.05,4214.95,-36.632573218868856,-19.944466116363635,-16.68810710250522,43.713163064833005,120.57142857142857,-101.96976930285602,94221.3,3277842,69396.9,-2351.0,-3.6741838185881504
2024-08-07,3995,4073,3995,4049,90652,58060,4135.0,4176.9,4200.8,4210.633333333333,-44.40001314676829,-24.835575522444568,-19.56443762432372,38.453276047261014,118.71428571428571,-92.02972747870528,95259.55,3368494,68957.4,-3576.0,-5.801804140437405
2024-08-08,4117,4148,4098,4102,81851,55807,4090.4,4173.3,4188.9,4207.75,-45.75171094615598,-29.018802607186853,-16.73290833896913,44.098712446351925,120.28571428571429,-43.89249361877584,96067.7,3450345,68641.55,-2253.0,-3.880468480881849
2024-08-09,4120,4175,4120,4142,65397,54810,4072.8,4161.4,4179.7,4205.95,-43.098463228340734,-31.834734731417633,-11.2637284969231,51.66093928980527,116.78571428571429,-22.352387511950653,95084.25,3515742,68673.55,-997.0,-1.7865142365653064
2024-08-12,4152,4228,4135,4220,62804,54196,4111.2,4155.8,4176.15,4205.266666666666,-34.306335093547204,-32.32905480384355,-1.977280289703657,54.96264674493063,118.78571428571429,12.536037129517094,95240.4,3578546,68936.7,-614.0,-1.1202335340266378
2024-08-13,4244,4312,4223,4300,59455,54400,4162.6,4167.6,4179.45,4205.133333333333,-20.645193847271912,-29.992282612529223,9.347088765257311,56.717948717948715,117.28571428571429,67.42424254265347,95264.5,3638001,69319.2,204.0,0.37641154328733606
2024-08-14,4291,4310,4250,4251,64971,52003,4203.0,4169.0,4183.45,4205.2,-13.615579550650182,-26.716942000153416,13.101362449503235,55.68982880161128,115.57142857142857,56.94456932341827,95426.15,3573030,69895.15,-2397.0,-4.40625
2024-08-15,4250,4264,4183,4210,62458,50028,4224.6,4157.5,4180.75,4206.25,-11.223538953004208,-23.618261390723575,12.394722437719366,47.20087815587267,109.28571428571429,25.102681637897685,94637.4,3510572,68274.1,-1975.0,-3.7978578158952336
2024-08-16,4212,4296,4212,4240,58227,47698,4244.2,4158.5,4182.15,4208.116666666667,-6.828367100682954,-20.26028253271545,13.431915432032497,48.0561555075594,107.21428571428571,42.78373373983456,93622.55,3568799,66330.45,-2330.0,-4.657391860558091
2024-08-19,4180,4220,4156,4172,60764,45840,4234.6,4172.9,4185.1,4209.25,-8.731541665380973,-17.954534359248555,9.222992693867582,49.44444444444445,102.85714285714286,-0.5530013162757148,92231.85,3508035,64071.85,-1858.0,-3.895341523753615
2024-08-20,4184,4205,4089,4135,59621,41228,4201.6,4182.1,4185.5,4209.716666666666,-13.074695051792332,-16.97856649775731,3.9038714459649775,44.217687074829925,104.07142857142857,-27.267216066358202,91397.6,3448414,61595.05,-4612.0,-10.06108202443281
2024-08-21,4088,4116,3968,3991,144537,93270,4149.6,4176.3,4176.6,4206.933333333333,-27.815630667336336,-19.145979331673118,-8.669651335663218,32.19616204690831,107.42857142857143,-90.41191877516567,92104.35,3303877,61638.5,52042.0,126.22974677403707
2024-08-22,4010,4056,3929,3940,116292,90170,4095.6,4160.1,4166.7,4202.0,-43.1161855721939,-23.940020579777276,-19.176164992416624,33.780760626398205,106.85714285714286,-100.76711834970156,91498.6,3187585,61702.35,-3100.0,-3.3236839283799724
2024-08-23,3984,4069,3984,4028,134368,90982,4053.2,4148.7,4155.05,4199.833333333333,-47.592504251815626,-28.670517314184945,-18.92198693763068,50.0,98.78571428571429,-65.95600269381382,92106.35,3321953,62010.1,812.0,0.9005212376621996
2024-08-26,4072,4177,4058,4172,110013,88501,4053.2,4143.9,4149.85,4201.516666666666,-39.07004732842233,-30.750423317032425,-8.319624011389909,57.09570957095709,102.42857142857143,-9.185989438545276,91082.25,3431966,62536.25,-2481.0,-2.7269130157613564
2024-08-27,4248,4254,4210,4226,117769,86723,4071.4,4136.5,4152.05,4204.6,-27.639973700937844,-30.12833339381351,2.4883596928756653,59.24764890282132,102.71428571428571,38.35729194651825,90866.85,3549735,63637.8,-1778.0,-2.0090168472672643
2024-08-28,4205,4206,4142,4160,98504,78417,4105.2,4127.4,4148.2,4208.15,-23.63475962013399,-28.82961863907761,5.1948590189436175,52.98969072164949,101.64285714285714,8.596155324900522,91460.15,3451231,64636.55,-8306.0,-9.577620700390899
2024-08-29,4111,4130,4078,4080,91859,73694,4133.2,4114.4,4135.95,4210.766666666666,-26.60919577198183,-28.385534065658454,1.7763382936766234,46.930693069306926,102.28571428571429,-25.176165979392273,90671.15,3359372,65193.85,-4723.0,-6.022928701684583
2024-08-30,4100,4110,4051,4065,129588,74571,4140.6,4096.9,4127.7,4212.183333333333,-29.83293696477449,-28.675014645481664,-1.157922319292826,41.81626187961985,99.85714285714286,-32.430212656738945,92157.0,3229784,65801.05,877.0,1.1900561782506092
2024-09-02,4060,4061,3946,3961,116272,74070,4098.4,4075.8,4124.35,4211.483333333334,-40.31497992819004,-31.00300770202334,-9.311972226166702,32.5437693099897,101.78571428571429,-74.96937510747152,90810.9,3113512,66305.2,-501.0,-0.6718429416260996
2024-09-03,3999,4042,3991,4032,86735,71729,4059.6,4065.5,4123.8,4211.016666666666,-42.40415911686978,-33.28323798499263,-9.120921131877147,38.97280966767372,103.28571428571429,-56.36722671019068,90606.85,3200247,66809.85,-2341.0,-3.1605238288105797
2024-09-04,3957,4026,3921,3963,162760,61466,4020.2,4062.7,4119.5,4208.366666666667,-49.062015642281494,-36.43899351645041,-12.623022125831085,37.90401567091087,105.42857142857143,-77.92593730783419,94212.25,3037487,66980.15,-10263.0,-14.308020465920334
2024-09-05,3968,3986,3920,3985,112882,61659,4001.2,4067.2,4113.65,4206.416666666667,-51.96418795544105,-39.54403240424854,-12.420155551192508,37.41362290227048,104.0,-72.64294698616044,95763.8,3150369,67272.75,193.0,0.3139947287931433
2024-09-06,4005,4088,3978,4044,138875,56114,3997.0,4068.8,4108.75,4204.866666666667,-48.939232497597914,-41.423072422918416,-7.516160074679497,43.625498007968126,105.85714285714286,-35.29501516844264,99437.7,3289244,67337.95,-5545.0,-8.993009941776542
2024-09-09,4024,4030,3880,3937,112687,50285,3992.2,4045.3,4094.6,4201.5,-54.54715363464311,-44.04788866526336,-10.499264969379752,40.78212290502793,109.28571428571429,-67.76749504630128,101931.85,3176557,67142.4,-5829.0,-10.387782015183378
2024-09-10,3914,3971,3822,3898,130426,49573,3965.4,4012.5,4074.5,4196.383333333333,-61.43031516783094,-47.524373965776874,-13.905941202054066,45.201238390092875,108.0,-82.10574331309982,105480.4,3046131,66901.05,-712.0,-1.415929203539823
2024-09-11,3882,3898,3771,3841,111015,47137,3941.0,3980.6,4054.0,4189.466666666666,-70.67005351813077,-52.153509876247654,-18.516543641883118,44.92307692307693,108.0,-96.41734191269121,107782.6,2935116,66657.75,-2436.0,-4.913965263348996
2024-09-12,3860,3921,3792,3911,91906,43766,3926.2,3963.7,4039.05,4183.516666666666,-71.51976244194839,-56.0267603893878,-15.493002052560584,43.8871473354232,108.0,-72.13044380878547,109255.0,3027022,66344.65,-3371.0,-7.151494579629592
2024-09-13,3895,3940,3847,3925,74946,42108,3902.4,3949.7,4023.3,4177.85,-70.2536396621249,-58.87213624393523,-11.381503418189666,35.066505441354295,104.0,-55.38320667991213,110090.95,3101968,66065.15,-1658.0,-3.7883288397386083
2024-09-18,3995,3995,3907,3920,41379,38846,3899.0,3945.6,4010.7,4172.166666666667,-68.85991224588588,-60.86969144432537,-7.990220801560511,30.334190231362456,104.42857142857143,-34.69145635394666,109121.7,3060589,65715.45,-3262.0,-7.746746461480003
2024-09-19,3812,3859,3769,3853,107647,89984,3890.0,3927.7,3996.6,4164.75,-72.32796156654285,-63.161345468768864,-9.16661609777399,30.295250320924268,109.21428571428571,-79.23964792464535,111523.0,2952942,68153.25,51138.0,131.64289759563403
2024-09-20,3874,4098,3874,4043,314520,110451,3930.4,3935.7,3999.2,4160.266666666666,-59.06414879421982,-62.341906133859055,3.277757339639237,47.91901012373453,120.85714285714286,4.112039579399211,120022.15,3267462,69012.3,20467.0,22.745154694167844
2024-09-23,4039,4088,4018,4074,166866,102709,3963.0,3944.6,4005.9,4156.133333333333,-45.5262425048586,-58.97877340805896,13.452530903200362,50.49723756906077,121.64285714285714,27.576288095796293,122550.85,3434328,69639.25,-7742.0,-7.0094431014658065
2024-09-24,4073,4134,4042,4099,149052,100028,3997.8,3950.1,4009.45,4152.016666666666,-32.4065011954749,-53.66431896554215,21.25781777006725,58.35351089588378,119.71428571428571,40.07514233928323,123285.05,3583380,70091.55,-2681.0,-2.610287316593485
2024-09-25,4103,4133,4052,4064,133878,94220,4026.6,3962.8,4004.05,4147.216666666666,-24.550219529199694,-47.841499078273664,23.29127954907397,52.0253164556962,119.71428571428571,38.28117830531883,124478.3,3449502,70377.5,-5808.0,-5.8063742152197335
2024-09-26,4026,4064,3896,3928,173132,82400,4041.6,3965.8,3989.15,4138.733333333334,-28.964241362982193,-44.06604753521537,15.101806172233175,47.957992998833134,123.78571428571429,-13.485590664862055,127246.45,3276370,70161.35,-11820.0,-12.545107195924432
2024-09-27,3903,3910,3832,3892,139522,63568,4011.4,3970.9,3975.75,4129.416666666667,-34.964238624629616,-42.24568575309822,7.281447128468606,44.66130884041331,125.92857142857143,-55.78940507275401,129297.35,3136848,69418.9,-18832.0,-22.854368932038838
2024-09-30,3870,4008,3851,3966,123802,57287,3989.8,3976.4,3970.05,4121.55,-33.363504415098305,-40.46924948549824,7.105745070399934,45.59819413092551,129.28571428571428,-14.755384720770463,130894.5,3260650,68598.55,-6281.0,-9.880757613893786
2024-10-08,4326,4326,4216,4266,84005,58280,4023.2,4010.5,3980.1,4118.6,-7.797533118000047,-33.9349062119986,26.137373093998555,65.24559777571827,143.28571428571428,142.9961680810446,128615.35,3344655,67784.0,993.0,1.7333775551172215
2024-10-09,4251,4260,4096,4149,134471,54398,4040.2,4033.4,3989.5,4114.5,2.9883137172537317,-26.550262226148135,29.538575943401867,60.847018150388934,144.78571428571428,82.56571373100456,129525.3,3210184,66800.4,-3882.0,-6.66094715168154
2024-10-10,4137,4201,4081,4181,111933,55542,4090.8,4066.2,3996.95,4111.266666666666,13.957415212484193,-18.44872673842167,32.40614195090586,65.01766784452298,144.28571428571428,69.50537547460878,130785.2,3322117,65991.05,1144.0,2.103018493326969
2024-10-11,4233,4299,4199,4228,103694,59282,4158.0,4084.7,4010.2,4110.166666666667,26.141669486952196,-9.530647493346898,35.672316980299094,64.29215509467988,143.5,91.24870422131488,127831.9,3425811,65881.85,3740.0,6.7336430088941635
2024-10-14,4228,4266,4167,4192,82958,59728,4203.2,4096.5,4020.55,4107.7,32.51803201553048,-1.1209115915714216,33.6389436071019,61.80371352785146,143.92857142857142,69.7379894502482,126335.7,3342853,65785.3,446.0,0.7523362909483522
2024-10-15,4163,4195,4014,4064,80019,58311,4162.8,4093.0,4021.55,4103.333333333333,26.93235556908303,4.489741840559469,22.44261372852356,55.74162679425837,150.57142857142858,25.916204996515756,123392.9,3262834,65895.15,-1417.0,-2.372421644789713
2024-10-16,4051,4094,4023,4074,63967,56925,4147.8,4094.0,4028.4,4099.716666666666,23.046912705694012,8.201176013586377,14.845736692107636,59.23141186299082,144.85714285714286,14.047815287991854,120956.9,3326801,66227.15,-1386.0,-2.376910016977929
2024-10-17,4080,4085,4001,4007,76224,50765,4113.0,4101.9,4033.85,4095.9333333333334,14.395390089583543,9.44001882878581,4.955371260797733,48.32402234636871,133.35714285714286,-0.24168584374184957,118246.8,3250577,66286.75,-6160.0,-10.821256038647341
2024-10-18,4024,4067,4012,4059,60636,49965,4079.2,4118.6,4044.75,4094.0666666666666,11.601229748305741,9.872261012689796,1.728968735615945,49.31506849315068,132.64285714285714,1.5361128393022583,115727.85,3311213,66428.15,-800.0,-1.575888899832567
2024-10-21,4030,4030,3919,4016,82684,46444,4044.0,4123.6,4050.0,4089.9333333333334,5.849665609146996,9.067741931981235,-3.2180763228342393,46.27133872416891,136.07142857142858,-24.590837402724897,115266.75,3228529,66562.05,-3521.0,-7.0469328529971005
2024-10-22,4054,4070,4014,4042,53969,44595,4039.6,4101.2,4055.85,4087.1,3.350865607137621,7.924366667012513,-4.573501059874892,49.0036231884058,134.28571428571428,-5.46863659229292,114217.9,3282498,66686.4,-1849.0,-3.981138575488763
2024-10-23,4011,4099,4010,4076,89261,81734,4040.0,4093.9,4063.65,4086.483333333333,4.067180527419168,7.152929439093844,-3.085748911674676,57.38522954091816,128.64285714285714,0.40570462537799,116612.0,3371759,68830.8,37139.0,83.28063684269537
2024-10-24,4036,4108,4033,4084,90998,86637,4055.4,4084.2,4075.2,4085.766666666667,5.220222923339406,6.766388135942957,-1.546165212603551,59.85626283367557,127.14285714285714,0.9374665076645727,115779.55,3462757,68663.45,4903.0,5.998727579709784
2024-10-25,4071,4124,4037,4082,110316,91365,4060.0,4069.6,4077.15,4084.3166666666666,5.9045698383952185,6.59402447643341,-0.6894546380381916,56.43015521064301,122.14285714285714,2.0798616576768745,105569.35,3352441,67709.15,4728.0,5.457252674954116
2024-10-28,4082,4083,3902,3935,112175,85130,4043.8,4043.9,4070.2,4080.9333333333334,-5.3530451978244855,4.204610541581832,-9.557655739406318,27.90387182910547,109.35714285714286,-49.617871028059085,102834.8,3240266,66830.2,-6235.0,-6.824276254583261
2024-10-29,3882,3918,3841,3864,110631,79817,4008.2,4023.9,4058.45,4074.3166666666666,-19.775928258135536,-0.591497218361642,-19.184431039773894,29.729729729729726,103.92857142857143,-85.77454254388773,100913.75,3129635,65819.65,-5313.0,-6.241043110536825
2024-10-30,3901,3955,3888,3947,107929,71129,3982.4,4011.2,4052.6,4068.8333333333335,-24.22945853891406,-5.319089482472125,-18.910369056441933,34.482758620689665,101.85714285714286,-54.92293542577552,99616.3,3237564,64665.1,-8688.0,-10.884899206935861
2024-10-31,3977,3986,3934,3978,82211,62376,3961.2,4008.3,4055.1,4065.4333333333334,-24.969638006316472,-9.249199187240995,-15.720438819075477,33.06233062330624,97.14285714285714,-39.11251138292559,95070.25,3319775,63663.9,-8753.0,-12.305810569528608
2024-11-01,3980,4085,3979,4071,93145,56000,3959.0,4009.5,4064.05,4062.6666666666665,-17.84619299637461,-10.968597949067718,-6.877595047306894,42.38993710691823,97.71428571428571,-8.387737657441003,92751.4,3412920,63285.5,-6376.0,-10.221880210337309
2024-11-04,4080,4087,4016,4054,80660,49930,3982.8,4013.3,4068.45,4058.15,-13.417896273527276,-11.458457613959629,-1.9594386595676472,49.26900584795322,89.85714285714286,-7.818383942981601,90594.3,3332260,62917.65,-6070.0,-10.839285714285719
2024-11-05,4075,4097,4055,4068,60298,47139,4023.6,4015.9,4058.55,4055.45,-8.678713413478818,-10.902508773863467,2.223795360384649,49.5639534883721,87.85714285714286,8.37515757575096,89408.95,3392558,62360.6,-2791.0,-5.589825756058486
2024-11-06,4096,4141,4081,4119,77148,41878,4058.0,4020.2,4057.05,4056.9666666666667,-0.7983996238281179,-8.881686943856396,8.083287320028278,58.33333333333333,87.07142857142857,33.474977916676494,86542.8,3469706,61734.6,-5261.0,-11.160610110524194
2024-11-07,4103,4176,4087,4153,63175,39514,4093.0,4027.1,4055.65,4058.8,8.096984680015339,-5.485952619082049,13.582937299097388,57.186544342507645,89.14285714285714,48.83448145596875,84104.9,3532881,60933.2,-2364.0,-5.64496871865896
2024-11-08,3984,4024,3953,3995,86488,108122,4077.8,4018.4,4044.0,4057.9,2.37004093311225,-3.9147539086431897,6.28479484175544,48.634590377113135,93.42857142857143,-34.556340848878556,83244.6,3446393,63375.2,68608.0,173.62959963557222
2024-11-11,3977,4023,3948,3986,87761,114872,4064.2,4023.5,4033.7,4055.9666666666667,-2.8618385373461024,-3.7041708343837723,0.8423322970376699,46.27659574468085,94.78571428571429,-35.24285127861372,83484.75,3358632,66132.4,6750.0,6.242947781210106
2024-11-12,3932,3941,3902,3935,84027,117356,4037.6,4030.6,4027.25,4052.516666666667,-10.996651928304345,-5.162667053167887,-5.8339848751364585,40.83224967490247,94.42857142857143,-72.35476366649908,83685.15,3274605,69084.65,2484.0,2.1624068528449003
2024-11-13,3953,3967,3909,3914,67141,117713,3996.6,4027.3,4019.25,4047.4166666666665,-18.919976927736116,-7.9141290280815335,-11.005847899654583,39.130434782608695,93.21428571428571,-62.197565386392114,83843.85,3207464,72124.05,357.0,0.30420259722554466
2024-11-14,3919,3930,3855,3889,89886,117636,3943.8,4018.4,4013.35,4040.5666666666666,-26.90639991101989,-11.712583204669205,-15.193816706350685,38.01242236024844,92.35714285714286,-79.04981879476216,84526.95,3117578,75467.6,-77.0,-0.06541333582527065
2024-11-15,3924,3963,3851,3857,94085,116004,3916.2,3997.0,4003.25,4034.0,-35.4096498277122,-16.451996529277803,-18.957653298434398,44.34782608695652,87.42857142857143,-70.72865017105752,86199.4,3023493,78769.55,-1632.0,-1.3873304090584515
2024-11-18,3890,3921,3826,3862,85074,113536,3891.4,3977.8,3995.55,4028.2,-41.26935104645736,-21.415467432713715,-19.853883613743644,49.83974358974359,87.5,-75.00614314455244,86318.9,3108567,82124.15,-2468.0,-2.1275128443846714
2024-11-19,3867,3958,3849,3953,79949,117361,3895.0,3966.3,3991.1,4023.4166666666665,-38.130719795657114,-24.758517905302394,-13.37220189035472,50.4746835443038,88.78571428571429,-40.94203590529314,87617.9,3188516,85762.45,3825.0,3.368975479143188
2024-11-20,3935,3952,3912,3916,68162,116865,3895.4,3946.0,3983.1,4019.15,-38.188707051632264,-27.444555734568368,-10.744151317063896,45.141065830721004,88.0,-33.29620143763481,86562.95,3120354,87519.0,-496.0,-0.42262761905573765
2024-11-21,3947,3968,3925,3950,75861,119053,3907.6,3925.7,3976.4,4016.0666666666666,-35.08668900942939,-28.972982389540576,-6.113706619888816,39.55094991364422,84.07142857142857,-17.558665988937605,85806.1,3196215,89139.8,2188.0,1.8722457536473724
2024-11-22,4000,4035,3971,4007,91628,123494,3937.6,3926.9,3972.65,4016.3333333333335,-27.709476138649734,-28.720281139362406,1.010805000712672,46.203554119547654,85.07142857142857,20.42927271696252,84871.7,3287843,90746.25,4441.0,3.7302713917330976
2024-11-25,3962,4030,3940,3995,87865,117687,3964.2,3927.8,3975.65,4017.25,-22.57109595625934,-27.490444102741794,4.919348146482452,44.08427876823339,88.42857142857143,9.686643775855675,83656.2,3199978,92374.1,-5807.0,-4.702252741023861
2024-11-26,4010,4017,3895,3909,112023,100397,3955.4,3925.2,3977.9,4015.266666666667,-25.148477910725433,-27.022050864338524,1.8735729536130918,33.895705521472394,91.92857142857143,-24.094408938251156,83725.8,3087955,93403.1,-17290.0,-14.69151223159737
2024-11-27,3897,3945,3844,3864,137446,73404,3945.0,3920.2,3973.75,4010.133333333333,-30.470945505697728,-27.711829792610366,-2.759115713087361,28.205128205128204,92.78571428571429,-58.21088414212841,85201.65,2950509,93516.85,-26993.0,-26.886261541679534
2024-11-28,3861,3876,3809,3825,88913,68441,3920.0,3913.8,3966.1,4003.45,-37.404833843574124,-29.65043060280312,-7.754403240771005,34.375,83.28571428571429,-78.85252928181343,85536.75,2861596,93820.1,-4963.0,-6.761211923055965
2024-11-29,3840,3862,3827,3845,68708,62970,3887.6,3912.6,3954.8,3998.2,-40.815659933436564,-31.883476468929807,-8.932183464506757,37.2972972972973,80.57142857142857,-66.22869636187333,84314.9,2930304,94168.6,-5471.0,-7.993746438538308
2024-12-02,3875,3894,3806,3892,78465,61347,3867.0,3915.6,3946.7,3995.0666666666666,-39.27353610146656,-33.361488395437156,-5.912047706029405,46.098003629764065,80.85714285714286,-49.73752787053009,84205.15,3008769,94739.45,-1623.0,-2.577417818008576
2024-12-03,3908,3918,3848,3869,72850,58968,3859.0,3907.2,3936.75,3991.8,-39.45251559378039,-34.57969383510581,-4.872821758674583,45.93128390596745,81.71428571428571,-37.2987907176054,84832.75,2935919,95330.9,-2379.0,-3.877940241576605
2024-12-04,3904,3966,3884,3922,85289,58329,3870.6,3907.8,3926.9,3991.15,-34.91522014651855,-34.64679909738836,-0.2684210491301897,52.83993115318417,83.28571428571429,-3.6600244721609,85239.8,3021208,96153.45,-639.0,-1.0836385836385798
2024-12-05,3895,3951,3847,3856,86130,53201,3876.8,3898.4,3912.05,3988.2166666666667,-36.22742205938812,-34.96292368978831,-1.2644983695998064,49.918699186991866,82.71428571428571,-32.07357949976273,86387.55,2935078,96837.8,-5128.0,-8.791510226473964
2024-12-06,3859,3877,3810,3812,63074,54789,3870.2,3878.9,3902.9,3985.7,-40.35262387648663,-36.04086372712798,-4.311760149358655,46.17737003058104,80.71428571428571,-76.19244303496265,85216.85,2872004,94171.15,1588.0,2.9849062987537867
2024-12-09,3785,3804,3746,3802,72722,50002,3852.2,3859.6,3893.7,3982.65,-43.922481438298746,-37.617187269362134,-6.305294168936612,36.823734729493886,77.64285714285714,-107.1584155677568,84464.9,2799282,90927.65,-4787.0,-8.737155268393293
2024-12-10,3815,3819,3730,3742,75936,48357,3826.8,3842.9,3884.05,3977.616666666667,-51.00516207574947,-40.294782230639605,-10.710379845109863,35.4026845637584,81.07142857142857,-104.14251977754988,84060.35,2723346,87477.7,-1645.0,-3.289868405263785
2024-12-11,3753,3803,3751,3789,44625,43831,3800.2,3835.4,3877.8,3975.15,-52.223727679726835,-42.68057132045705,-9.543156359269787,36.7816091954023,81.71428571428571,-78.73101272827988,82934.55,2767971,83783.6,-4526.0,-9.359554976528738
2024-12-12,3804,3894,3797,3865,127380,98337,3802.0,3839.4,3876.6,3974.6,-46.52062406256073,-43.44858186887778,-3.0720421936829467,38.69426751592357,83.14285714285714,-22.215249904667402,84809.25,2895351,82818.65,54506.0,124.35490862631471
2024-12-13,3878,3878,3835,3861,76243,101306,3811.8,3841.0,3876.8,3974.9333333333334,-41.841319244979786,-43.127129344098186,1.2858100991184003,39.193548387096776,79.78571428571429,-16.31820914455512,83917.15,2819108,82083.75,2969.0,3.019209453206839
2024-12-16,3865,3911,3859,3905,85773,107379,3832.4,3842.3,3878.95,3974.8333333333335,-34.188401575991975,-41.33938379047695,7.150982214484976,49.653979238754324,74.78571428571429,8.668638110450368,83952.1,2904881,81775.9,6073.0,5.994709099164908
2024-12-17,3885,3936,3880,3929,71892,112237,3869.8,3848.3,3877.75,3974.9,-25.888384580904585,-38.249183948562475,12.36079936765789,55.834829443447035,71.57142857142857,26.822243455559434,83549.25,2976773,81519.7,4858.0,4.524162080108773
2024-12-18,3895,3927,3873,3913,79461,113990,3894.6,3847.4,3877.6,3974.7833333333333,-20.36685121346136,-34.67271740154225,14.305866188080891,58.23970037453184,70.78571428571429,19.676709256702047,84114.2,2897312,81375.95,1753.0,1.5618735354651303
2024-12-19,3922,3932,3868,3894,73723,115215,3900.4,3851.2,3874.8,3975.4666666666667,-17.324432179556425,-31.203060357145088,13.878628177588663,54.59662288930582,72.71428571428571,17.182060321591024,84007.3,2823589,81184.05,1225.0,1.0746556715501399
2024-12-20,3885,3909,3813,3837,116674,105771,3895.6,3853.7,3866.3,3972.0333333333333,-19.290349663766847,-28.82051821846944,9.530168554702595,44.93554327808471,73.28571428571429,-14.51840191854852,85259.6,2706915,80297.9,-9444.0,-8.196849368571801
2024-12-23,3847,3927,3828,3922,112001,112125,3899.0,3865.7,3862.65,3969.5,-13.830138579729464,-25.822442290721447,11.992303710991983,54.38016528925619,75.35714285714286,29.565374114621605,86466.4,2818916,80019.8,6354.0,6.007317695776715
2024-12-24,3900,3909,3861,3880,89840,105119,3889.2,3879.5,3861.2,3965.85,-12.745014356284173,-23.206956703833995,10.461942347549822,46.464646464646464,72.78571428571429,24.776352334274737,85357.25,2729076,80255.9,-7006.0,-6.248383500557408
2024-12-25,3887,3983,3871,3929,103933,110042,3892.4,3893.5,3864.45,3963.6,-7.840771567473439,-20.133719676561885,12.292948109088446,56.32582322357019,73.35714285714286,68.81317851589804,83681.6,2833009,82087.8,4923.0,4.6832637296778
2024-12-26,3901,3936,3901,3916,53801,103097,3896.8,3898.6,3869.0,3963.4,-4.9460996210546,-17.09619566546043,12.150096044405831,59.523809523809526,71.07142857142857,52.564732415086276,81926.0,2779208,83820.6,-6945.0,-6.311226622562294
2024-12-27,3930,3955,3897,3906,89468,89996,3910.6,3903.1,3872.05,3963.633333333333,-3.4195492400026524,-14.360866380368876,10.941317140366223,59.523809523809526,70.5,49.33508611890267,82964.0,2689740,85171.9,-13101.0,-12.707450265284148
2024-12-30,3940,3963,3919,3947,76323,82715,3915.6,3907.3,3874.8,3963.3166666666666,1.0860905085710328,-11.271475002580896,12.357565511151929,69.44971537001898,68.21428571428571,66.1470327350418,82856.9,2766063,86240.3,-7281.0,-8.09035957153651
2024-12-31,3964,4007,3957,4005,91334,81267,3940.6,3914.9,3881.6,3958.9666666666667,9.23055366761264,-7.17106926854219,16.40162293615483,70.07434944237917,68.14285714285714,95.03061191874363,83781.1,2857397,87355.25,-1448.0,-1.7505893731487587
2025-01-02,4023,4038,3985,3992,59315,79555,3953.2,3922.8,3885.1,3956.35,14.46931479030718,-2.842992456772316,17.312307247079495,63.36842105263158,64.42857142857143,95.25582766604073,82482.4,2798082,88416.55,-1712.0,-2.106636149974772
2025-01-03,4018,4061,4018,4042,87419,77120,3978.4,3937.6,3894.4,3954.0333333333333,22.39746877771404,2.2050997901249545,20.192368987589084,67.37044145873321,66.28571428571429,102.54510586587772,82546.85,2885501,89612.5,-2435.0,-3.060775564075169
2025-01-06,4042,4109,4037,4085,78291,76558,4014.2,3962.4,3908.05,3951.65,31.78394305528127,8.120868443156219,23.66307461212505,67.30769230769232,67.71428571428571,105.70328099693747,83307.7,2963792,90700.95,-562.0,-0.7287344398340223
2025-01-07,4115,4118,4043,4058,81002,74564,4036.4,3976.0,3920.85,3949.4166666666665,36.62196201285906,13.821087157096787,22.80087485576227,62.33269598470363,69.07142857142857,91.00335353971671,83721.7,2882790,91929.05,-1994.0,-2.6045612476814917
2025-01-08,4084,4122,4060,4099,101749,74073,4055.2,3997.9,3938.7,3950.0,43.265743680330615,19.71001846174355,23.555725218587064,66.97080291970804,69.64285714285714,93.20528141899325,85012.35,2984539,93214.85,-491.0,-0.6584947159487098
2025-01-09,4099,4120,4036,4059,105373,67441,4068.6,4010.9,3952.2,3949.75,44.787045628574106,24.725423895109664,20.06162173346444,64.49912126537785,71.07142857142857,74.33504993442382,88049.75,2879166,94395.35,-6632.0,-8.953329823282441
2025-01-10,4086,4115,4077,4103,70884,65051,4080.8,4029.6,3964.1,3951.35,48.97852669197118,29.576044454481966,19.402482237489217,73.92086330935251,68.21428571428571,80.25170570514048,85224.95,2950050,92731.05,-2390.0,-3.5438383179371646
2025-01-13,4190,4314,4184,4259,136327,62969,4115.6,4064.9,3984.0,3954.6833333333334,64.14873519814319,36.490582603214214,27.65815259492897,76.87400318979266,76.21428571428571,131.2261627130579,88229.15,3086377,90814.2,-2082.0,-3.2005657099813956
2025-01-14,4253,4287,4207,4208,91344,54576,4145.6,4091.0,3999.15,3957.883333333333,71.23481040727347,43.43942816402607,27.795382243247403,75.78616352201257,77.57142857142857,102.16811584124795,88507.7,2995033,88174.05,-8393.0,-13.328780828661724
2025-01-15,4223,4245,4182,4238,73286,49877,4173.4,4114.3,4014.6,3961.15,78.36794841548408,50.42513221431767,27.94281620116641,75.04051863857374,74.07142857142857,84.03511591382745,88577.4,3068319,85056.05,-4699.0,-8.610011726766341
2025-01-16,4232,4336,4225,4278,78859,43747,4217.2,4142.9,4032.85,3964.516666666667,86.25439046276597,57.590983864007335,28.663406598758634,78.1055900621118,79.5,92.15157362180194,88547.3,3147178,81543.9,-6130.0,-12.290233975579923
2025-01-17,4242,4263,4197,4256,97191,122035,4247.8,4164.3,4050.95,3967.383333333333,89.69528505294147,64.01184410179417,25.683440951147304,76.67682926829269,81.14285714285714,68.63390631462013,89720.7,3049987,81884.9,78288.0,178.956271287174
2025-01-20,4241,4246,4151,4157,95921,120126,4227.4,4171.5,4066.95,3968.633333333333,83.47153824976886,67.90378293138912,15.567755318379739,64.70588235294117,84.57142857142857,44.569892909911076,88683.05,2954066,82602.65,-1909.0,-1.5643053222436198
2025-01-21,4173,4201,4111,4119,103238,118658,4209.6,4177.6,4076.8,3971.7,74.61280171452199,69.24558668801569,5.367215026506301,58.21325648414985,86.71428571428571,25.346916923757625,88244.9,2850828,82929.3,-1468.0,-1.2220501806436523
2025-01-22,4080,4098,4011,4054,132811,104269,4172.8,4173.1,4085.5,3974.866666666667,61.6367226431521,67.72381387904298,-6.087091235890881,54.155495978552274,90.64285714285714,-14.421663031732294,90393.45,2718017,82886.8,-14389.0,-12.126447437172382
2025-01-23,4070,4072,3982,4016,110059,87087,4120.4,4168.8,4089.85,3976.016666666667,47.73652710127362,63.72635652348911,-15.989829422215486,48.228882833787466,92.14285714285714,-30.954722009451793,90699.75,2607958,81739.05,-17182.0,-16.478531490663574
2025-01-24,4057,4082,3993,4015,104616,71240,4072.2,4160.0,4094.8,3976.633333333333,36.22228242200936,58.225541703193166,-22.00325928118381,44.94219653179191,93.35714285714286,-32.38665032592924,93240.5,2503342,80146.2,-15847.0,-18.196745782952682
2025-01-27,4030,4050,3969,4016,71036,61670,4044.0,4135.7,4100.3,3975.7166666666667,26.86813308729188,51.954059980012914,-25.085926892721034,46.846846846846844,93.78571428571429,-45.9890603609555,92318.9,2574378,78729.9,-9570.0,-13.433464345873103
2025-02-05,3966,4017,3954,4009,61597,58410,4022.0,4115.8,4103.4,3974.9666666666667,18.674789499268172,45.298205883863965,-26.623416384595792,42.87974683544304,93.71428571428571,-58.63045573351564,91582.6,2512781,77514.65,-3260.0,-5.286200745905623
2025-02-06,3980,3980,3898,3929,81896,55062,3997.0,4084.9,4099.6,3972.65,5.660918716636843,37.37074845041854,-31.709829733781696,40.32738095238095,95.64285714285714,-83.6960095166812,91110.7,2430885,76204.4,-3348.0,-5.731895223420647
2025-02-07,3933,3953,3905,3951,61579,50569,3984.0,4052.2,4097.55,3969.85,-2.8446600300585487,29.327666754323122,-32.17232678438167,38.307692307692314,95.07142857142857,-78.0445190990481,91223.9,2492464,74755.1,-4493.0,-8.159892484835273
2025-02-10,3940,3996,3931,3986,81468,48912,3978.2,4025.2,4094.75,3967.0666666666666,-6.684134432397968,22.125306516978906,-28.809440949376874,24.196597353497168,84.64285714285714,-58.06472794627436,90926.35,2573932,73344.7,-1657.0,-3.2767110284957157
2025-02-11,4006,4059,4001,4049,61824,46076,3984.8,4014.4,4092.95,3967.9666666666667,-4.590456150101545,16.782153983562818,-21.372610133664363,35.30499075785583,84.14285714285714,-26.633462235812242,90103.0,2635756,71820.6,-2836.0,-5.798168138698068
2025-02-12,4076,4086,4046,4072,70728,84156,3997.4,4009.7,4093.65,3969.4,-1.0630391921749833,13.21311534841526,-14.276154540590243,34.45692883895131,82.5,-11.928900671736287,89589.3,2706484,72300.2,38080.0,82.64606302630438
2025-02-13,4058,4058,3928,3933,88775,82610,3998.2,3997.6,4085.35,3969.366666666667,-9.375598108988925,8.695372656934424,-18.07097076592335,22.748815165876778,84.85714285714286,-51.3125350938775,88940.6,2617709,72727.05,-1546.0,-1.8370644992632745
2025-02-14,3938,3988,3917,3987,70733,82159,4005.4,3994.7,4081.75,3970.5833333333335,-11.473749988441341,4.661548127859271,-16.13529811630061,29.774436090225564,84.14285714285714,-51.38590300819212,87208.6,2688442,73462.95,-451.0,-0.5459387483355505
2025-02-17,4003,4009,3925,3953,77833,81648,3998.8,3988.5,4074.25,3971.65,-15.699096902674228,0.5894191217525719,-16.288516024426798,33.0,82.64285714285714,-47.91789305222955,87556.05,2610609,74292.8,-511.0,-0.6219647269319228
2025-02-18,3946,3994,3935,3989,71696,84324,3986.8,3985.8,4060.75,3973.85,-15.95885192775495,-2.720235088148933,-13.238616839606017,39.130434782608695,80.42857142857143,-39.50335944295921,84324.5,2682305,75360.55,2676.0,3.277483833039385
2025-02-19,3975,4030,3965,4024,88947,96501,3977.2,3987.3,4051.55,3976.55,-13.18847364908288,-4.813882800335723,-8.374590848747157,47.359154929577464,77.35714285714286,-20.818897191278577,84204.65,2771252,77456.8,12177.0,14.440728618186993
2025-02-20,4012,4047,3987,3994,71505,98519,3989.4,3993.8,4039.35,3977.233333333333,-13.26081575383705,-6.503269391035989,-6.757546362801062,48.035714285714285,75.21428571428571,-15.511675404796357,84115.6,2699747,79888.9,2018.0,2.0911700396887056
2025-02-21,4011,4021,3979,3991,70107,97542,3990.2,3997.8,4025.0,3978.483333333333,-13.405689872902713,-7.883753487409335,-5.521936385493378,47.86476868327402,71.85714285714286,-17.79919455109346,83678.0,2629640,82578.65,-977.0,-0.9916868827332781
2025-02-24,3975,3979,3865,3897,124919,96899,3979.0,3988.9,4007.05,3977.6,-20.86499934085623,-10.480002658098714,-10.384996682757516,40.916030534351144,75.07142857142857,-71.79668302086712,85064.4,2504721,81321.85,-643.0,-0.659203215025328
2025-02-25,3907,3907,3872,3899,85376,90132,3961.0,3973.9,3994.15,3975.8,-26.31186574063895,-13.646375274606761,-12.665490466032189,41.53846153846154,73.07142857142857,-88.66752930223394,84537.15,2590097,79822.15,-6767.0,-6.983560201859673
2025-02-26,3858,3858,3758,3777,118102,88775,3911.6,3944.4,3977.05,3972.1666666666665,-40.01169707105964,-18.91943963389734,-21.092257437162303,39.01734104046242,75.21428571428571,-144.40762258869404,85280.35,2471995,78328.0,-1357.0,-1.5055696090178872
2025-02-27,3750,3751,3720,3729,128503,83382,3858.6,3924.0,3960.8,3969.1666666666665,-54.11826922941145,-25.959205553000164,-28.15906367641129,34.54038997214485,75.85714285714286,-142.22264627100898,85064.95,2343492,77283.65,-5393.0,-6.074908476485497
2025-02-28,3756,3799,3751,3770,105630,76004,3814.4,3902.3,3948.5,3967.6,-61.283039219807506,-33.023972286361634,-28.259066933445872,35.0828729281768,76.21428571428571,-98.6140020656637,84843.5,2449122,76729.5,-7378.0,-8.848432515410998
2025-03-03,3750,3817,3738,3775,95288,70443,3790.0,3884.5,3936.5,3966.766666666667,-65.79922038926497,-39.5790219069423,-26.220198482322672,29.429429429429433,76.64285714285714,-84.2386287929995,84377.1,2544410,76689.65,-5561.0,-7.316720172622492
2025-03-04,3770,3773,3635,3640,101604,72054,3738.2,3849.6,3917.7,3963.35,-79.35692107315072,-47.53460174018399,-31.822319332966728,22.23650385604114,83.78571428571429,-109.2851110688001,85905.5,2442806,77208.85,1611.0,2.2869554107576295
2025-03-05,3585,3615,3570,3597,95497,70388,3702.2,3806.9,3897.1,3958.4333333333334,-92.50489829188518,-56.528661050524235,-35.97623724136095,25.36656891495602,78.5,-118.5008202610499,87600.5,2347309,77807.75,-1666.0,-2.312154772809283
2025-03-06,3560,3577,3517,3574,109705,72779,3671.2,3764.9,3879.35,3953.516666666667,-103.58659100409204,-65.9402470412378,-37.646343962854246,18.27956989247312,79.14285714285714,-108.45960623315658,88990.95,2237604,78693.6,2391.0,3.396885832812413
2025-03-07,3570,3571,3519,3529,100623,78679,3623.0,3718.7,3858.25,3946.9666666666667,-114.67809850221374,-75.68781733343299,-38.990281168780754,17.97583081570997,77.07142857142857,-96.060654251718,90943.15,2136981,80099.1,5900.0,8.106734085381762
2025-03-10,3565,3574,3506,3551,127948,73402,3578.2,3684.1,3836.5,3941.883333333333,-120.3061673568418,-84.61148733811476,-35.69468001872704,16.20370370370371,77.71428571428571,-82.52304537354753,93267.15,2264929,81323.6,-5277.0,-6.706999326376795
2025-03-11,3574,3588,3460,3532,117597,74451,3556.6,3647.4,3810.65,3937.2166666666667,-124.86028207363734,-92.66124628521928,-32.19903578841806,11.075949367088597,82.21428571428571,-77.28528253529467,96055.8,2147332,82742.35,1049.0,1.4291163728508804
2025-03-12,3559,3561,3520,3524,85703,72210,3542.0,3622.1,3783.25,3932.5833333333335,-127.64358811017382,-99.65771465021018,-27.985873459963642,11.47540983606558,80.85714285714286,-67.9181408450548,96804.55,2061629,82145.05,-2241.0,-3.0100334448160515
2025-03-13,3556,3594,3554,3570,89720,68892,3541.2,3606.2,3765.1,3929.7166666666667,-124.70009753355453,-104.66619122687906,-20.033906306675462,17.764165390505354,82.85714285714286,-52.25358545452723,96851.8,2151349,81459.15,-3318.0,-4.594931449937678
2025-03-14,3562,3570,3526,3558,83437,72592,3547.0,3585.0,3743.65,3925.866666666667,-121.93012517257375,-108.11897801601802,-13.811147156555734,20.315236427320485,77.0,-52.45830053120303,97487.0,2067912,80980.8,3700.0,5.370725193055792
2025-03-17,3552,3607,3508,3557,100351,69816,3548.2,3563.2,3723.85,3920.733333333333,-118.4501738906365,-110.18521719094171,-8.264956699694793,20.0,81.57142857142857,-46.0734536317929,98612.9,1967561,80389.2,-2776.0,-3.824112849900818
2025-03-18,3564,3610,3543,3606,99146,69935,3563.0,3559.8,3704.7,3916.483333333333,-110.46502489321392,-110.24117873139616,-0.22384616181776096,32.79678068410462,76.28571428571429,-34.23719646341027,99985.4,2066707,79669.75,119.0,0.17044803483441395
2025-03-19,3619,3626,3511,3519,96025,64528,3562.0,3552.0,3679.45,3910.05,-109.89016428391415,-110.17097584189976,0.28081155798561497,30.410447761194035,80.42857142857143,-40.17798448038994,100339.3,1970682,78071.1,-5407.0,-7.731464931722309
2025-03-20,3533,3587,3520,3583,79022,55508,3564.6,3552.9,3658.9,3904.2833333333333,-103.08205224775156,-108.75319112307012,5.671138875318562,33.27370304114491,80.28571428571429,-33.41493925985095,100715.15,2049704,75920.55,-9020.0,-13.978427969253659
2025-03-21,3568,3675,3567,3635,116128,50853,3580.0,3563.5,3641.1,3899.65,-92.42518894594059,-105.48759068764423,13.062401741703638,38.448844884488445,82.35714285714286,-7.185417886059125,103016.2,2165832,73586.1,-4655.0,-8.386178568854941
2025-03-24,3629,3663,3609,3633,84646,47224,3595.2,3571.7,3627.9,3895.3,-83.18206027419728,-101.02648460495485,17.844424330757562,49.26004228329809,76.21428571428571,2.4288076824482787,101002.55,2081186,71102.35,-3629.0,-7.136255481485854
2025-03-25,3637,3696,3619,3680,75363,44872,3610.0,3586.5,3616.95,3892.6833333333334,-71.24306134021981,-95.06979995200786,23.826738611788045,58.70020964360587,76.71428571428571,26.115181336902616,100501.9,2156549,68839.35,-2352.0,-4.9805183804845
2025-03-26,3699,3702,3676,3685,55917,40302,3643.2,3602.6,3612.35,3888.733333333333,-60.67839765872486,-88.19151949335125,27.51312183462639,62.09150326797386,72.85714285714286,46.38713779188686,97392.65,2212466,66415.7,-4570.0,-10.18452487074345
2025-03-27,3679,3705,3673,3686,95785,59005,3663.8,3614.2,3610.2,3885.5,-51.6299757127249,-80.87921073722599,29.24923502450109,68.91566265060241,71.21428571428571,49.843593403123045,95756.75,2308251,65196.85,18703.0,46.407126197211056
2025-03-28,3693,3732,3679,3702,98658,59831,3677.2,3628.6,3606.8,3881.7166666666667,-42.67602717141199,-73.2385740240632,30.56254685265121,68.45965770171149,70.14285714285714,68.14551961256707,95408.15,2406909,64388.2,826.0,1.3998813659859444
2025-03-31,3712,3716,3645,3677,103694,57449,3686.0,3640.6,3601.9,3877.733333333333,-37.16879082512514,-66.02461738427559,28.855826559150444,67.46987951807229,66.07142857142857,62.320607792109755,95828.45,2303215,63738.5,-2382.0,-3.9812137520683244
2025-04-01,3692,3781,3673,3777,107518,58877,3705.4,3657.7,3608.75,3875.5833333333335,-24.45322057290423,-57.71033802200132,33.25711744909709,74.95069033530572,70.85714285714286,102.8383731671337,96124.15,2410733,63079.65,1428.0,2.485682953576207
2025-04-02,3787,3814,3773,3787,104522,57730,3725.8,3684.5,3618.25,3872.9166666666665,-13.414489229165156,-48.85116826343409,35.436679034268934,73.03609341825903,68.78571428571429,111.52865012580581,96575.4,2515255,62446.75,-1147.0,-1.948129150602107
2025-04-03,3774,3804,3720,3731,117317,60039,3734.8,3699.3,3626.1,3868.35,-9.080275336159957,-40.89698967797927,31.816714341819313,66.79611650485438,71.64285714285714,76.08830873599022,96956.0,2397938,61809.75,2309.0,3.9996535596743543
2025-04-07,3497,3497,3497,3497,2835,58265,3693.8,3685.5,3624.5,3860.1,-24.247711456042907,-37.567134033592,13.31942257754909,45.98930481283423,81.28571428571429,-73.12730456390418,92066.6,2395103,60789.05,-1774.0,-2.954746081713555
2025-04-08,3400,3460,3336,3387,197573,52011,3635.8,3660.9,3616.3,3849.1833333333334,-44.6296319322355,-38.9796336133207,-5.649998318914797,36.46477132262053,88.0,-111.85225545679667,95547.85,2197530,59719.5,-6254.0,-10.733716639491975
2025-04-09,3387,3411,3203,3283,155598,52052,3537.0,3621.2,3603.85,3835.8166666666666,-68.38606954825855,-44.86092080030827,-23.525148747950276,35.71428571428572,94.64285714285714,-126.72400915645328,97447.9,2041932,58599.55,41.0,0.07882947837958287
2025-04-10,3199,3480,3195,3399,145693,50066,3459.4,3592.6,3597.6,3824.8333333333335,-76.96577344060461,-51.28189132836754,-25.683882112237065,39.52164009111617,110.14285714285714,-90.06294798979091,100447.4,2187625,57492.35,-1986.0,-3.8154153538768942
2025-04-11,3333,3380,3279,3378,132172,49154,3388.8,3561.8,3588.0,3812.8166666666666,-84.4858745136321,-57.92268796542046,-26.56318654821164,34.82880755608028,111.0,-83.26647749276866,102570.0,2055453,56505.45,-912.0,-1.8215954939479917
2025-04-14,3356,3400,3306,3389,117614,49695,3367.2,3530.5,3579.55,3801.65,-88.5373967273872,-64.04562971781381,-24.491767009573394,35.74766355140187,113.85714285714286,-69.33600660760055,104278.85,2173067,55360.6,541.0,1.1006225332627961
2025-04-15,3419,3495,3384,3393,100534,49287,3368.4,3502.1,3571.35,3789.8166666666666,-90.38360476691196,-69.31322472763344,-21.07038003927852,32.34932349323492,116.28571428571429,-46.46516397725683,104288.0,2273601,54334.15,-408.0,-0.8210081497132538
2025-04-16,3373,3413,3325,3329,106766,50790,3377.6,3457.3,3557.5,3774.3166666666666,-95.90546457261462,-74.63167269662968,-21.27379187598494,29.58715596330275,120.71428571428571,-62.01728909043062,104669.0,2166835,53376.9,1503.0,3.049485665591334
2025-04-17,3386,3457,3369,3441,109167,50577,3386.0,3422.7,3553.6,3761.5333333333333,-90.20429530844876,-77.7461972189935,-12.458098089455262,37.538148524923706,127.57142857142857,-38.744002388472175,105326.1,2276002,52679.35,-213.0,-0.4193738924985202
2025-04-18,3458,3515,3441,3445,94426,46908,3399.4,3394.1,3546.7,3748.3166666666666,-84.39050975608552,-79.07505972641191,-5.315450029673613,36.76622039134912,129.07142857142858,-23.56150862399106,106096.3,2370428,52249.35,-3669.0,-7.254285544812856
2025-04-21,3434,3446,3406,3419,79747,44047,3405.4,3386.3,3535.9,3734.0,-80.94790842866587,-79.4496294668627,-1.498278961803166,36.7283950617284,126.85714285714286,-33.405073026400515,104277.25,2290681,51909.05,-2861.0,-6.099172848980983
2025-04-22,3403,3460,3378,3456,88020,41008,3418.0,3393.2,3527.05,3720.6666666666665,-74.37666341796785,-78.43503625708374,4.05837283911589,32.34323432343234,125.0,-28.080324934982347,104445.95,2378701,51598.25,-3039.0,-6.899448316570933
2025-04-23,3460,3512,3449,3507,94323,38699,3453.6,3415.6,3518.4,3709.8333333333335,-64.31227871251531,-75.61048474817005,11.298206035654744,35.263157894736835,126.57142857142857,-8.151568892794359,105393.95,2473024,51289.6,-2309.0,-5.630608661724546
2025-04-24,3449,3460,3373,3446,119254,37979,3454.6,3420.3,3506.45,3698.616666666667,-60.56027042519463,-72.60044188357497,12.040171458380343,35.07853403141361,130.14285714285714,-24.06348155637901,108560.8,2353770,51173.45,-720.0,-1.8605131915553352
2025-04-25,3453,3488,3426,3477,79788,36873,3461.0,3430.2,3496.0,3689.0,-54.45758278783296,-68.97187006442657,14.514287276593606,48.670212765957444,117.85714285714286,-9.136956394214279,107760.95,2433558,50066.85,-1106.0,-2.9121356539140053
2025-04-28,3434,3531,3429,3529,80903,34264,3483.0,3444.2,3487.35,3680.883333333333,-44.90752742764607,-64.15900153707047,19.251474109424393,60.23054755043228,113.64285714285714,5.21896386295429,106873.2,2514461,48788.5,-2609.0,-7.07563800070512
2025-04-29,3513,3526,3437,3456,83120,26564,3483.0,3450.5,3476.3,3671.5666666666666,-42.736885451115995,-59.874578319879575,17.13769286876358,63.04675716440423,105.35714285714286,0.7606453844227705,105844.5,2431341,47244.25,-7700.0,-22.47256595844035
2025-04-30,3437,3448,3370,3394,58664,22777,3460.4,3457.0,3457.15,3661.2,-45.49507894014641,-56.998678443932945,11.503599503786532,49.589490968801314,91.14285714285714,-20.542869103068156,103401.8,2372677,45439.25,-3787.0,-14.2561361240777
2025-05-06,3279,3330,3275,3328,67340,55568,3436.8,3445.7,3434.2,3649.85,-52.402551571835374,-56.079453069513434,3.6769014976780596,46.17737003058104,91.07142857142857,-61.83114029444924,101542.7,2305337,45331.15,32791.0,143.9654036967116
2025-05-07,3340,3401,3337,3399,92333,60457,3421.2,3441.1,3417.6,3641.016666666667,-51.55339136507473,-55.17424072862569,3.6208493635509598,50.700280112044815,89.57142857142857,-27.01707076026025,100293.5,2397670,45352.05,4889.0,8.798229196659957
2025-05-08,3373,3416,3350,3406,99697,58834,3396.6,3439.8,3413.05,3631.9333333333334,-49.74218731288238,-54.087830045477034,4.345642732594655,50.906555090655516,86.35714285714286,-13.575444449774201,105136.6,2497367,45380.5,-1623.0,-2.6845526572605305
2025-05-09,3429,3498,3416,3472,116157,65674,3399.8,3441.4,3417.3,3623.366666666667,-42.491333000619306,-51.768530636505496,9.27719763588619,59.94436717663421,86.64285714285714,45.676725504746216,101065.8,2613524,46063.65,6840.0,11.625930584355991
2025-05-12,3490,3523,3453,3518,79621,63907,3424.6,3442.5,3429.05,3614.516666666667,-32.656716852827685,-47.94616787976994,15.289451026942253,55.895865237366,82.5,71.9617279191341,97266.95,2693145,46656.4,-1767.0,-2.690562475256575
2025-05-13,3562,3573,3507,3541,73984,65430,3467.2,3452.0,3436.15,3605.6666666666665,-22.744619109083942,-42.90585812563274,20.161239016548798,57.14285714285714,81.92857142857143,94.9149180366195,93681.5,2767129,47424.6,1523.0,2.383150515592969
2025-05-14,3584,3655,3570,3647,107251,70669,3516.8,3469.0,3449.6,3600.9,-6.263692169010483,-35.57742493430829,29.313732765297807,65.15957446808511,87.21428571428571,129.43360087149892,92435.45,2874380,48500.35,5239.0,8.007030414183092
2025-05-15,3638,3678,3595,3595,105121,76963,3554.6,3475.6,3459.9,3594.366666666667,2.5719479369618057,-27.947550360054272,30.519498297016078,59.061277705345496,87.28571428571429,106.78829255745417,91810.8,2769259,49863.75,6294.0,8.906309697321312
2025-05-16,3605,3632,3565,3572,88018,79807,3574.6,3487.2,3468.85,3588.016666666667,7.630390208740664,-20.831962246295287,28.46235245503595,54.397834912043294,87.57142857142857,75.53457754148502,91185.0,2681241,51389.75,2844.0,3.6952821485648935
2025-05-19,3590,3602,3553,3563,75643,77378,3583.6,3504.1,3480.55,3580.9166666666665,10.788652499065847,-14.507839297223061,25.296491796288908,58.51528384279476,81.5,59.32514203500314,89628.85,2605598,52719.15,-2429.0,-3.04359266730988
2025-05-20,3566,3587,3540,3556,79187,74815,3586.6,3526.9,3486.3,3573.116666666667,12.581722356169394,-9.08992696654457,21.671649322713964,55.957767722473605,80.42857142857143,47.408872483836944,88129.85,2526411,53931.05,-2563.0,-3.3123109927886474
2025-05-21,3551,3598,3524,3571,76651,69751,3571.4,3544.1,3492.6,3566.0666666666666,15.039748912518917,-4.263991790731874,19.30374070325079,53.35463258785942,78.42857142857143,45.45630784046214,87241.1,2603062,55073.2,-5064.0,-6.768696117088824
2025-05-22,3567,3577,3502,3505,88747,66022,3553.4,3554.0,3496.9,3557.9666666666667,11.529202779601746,-1.1053528766651497,12.634555656266896,53.957996768982234,77.21428571428571,21.5062506871917,87691.1,2514315,56171.95,-3729.0,-5.346159911685855
2025-05-23,3501,3516,3476,3508,85945,55177,3540.6,3557.6,3499.5,3551.483333333333,8.886704210739481,0.8930585408157764,7.993645669923705,60.17857142857143,73.92857142857143,3.0953268586850133,87587.35,2600260,56880.4,-10845.0,-16.42634273424011
2025-05-26,3495,3539,3472,3530,79369,52907,3534.0,3558.8,3500.65,3545.3333333333335,8.470083346694082,2.408463501991438,6.061619844702644,69.57364341085271,70.21428571428571,10.494655780535515,86839.65,2679629,57590.8,-2270.0,-4.114033021005126
2025-05-27,3518,3523,3480,3512,61702,47297,3525.2,3555.9,3503.95,3540.9166666666665,6.611248386581792,3.249020478909509,3.362227907672283,62.203023758099356,68.57142857142857,3.061203436503585,83962.05,2617927,58056.7,-5610.0,-10.60351182263216
2025-05-28,3504,3508,3453,3469,85152,37713,3504.8,3538.1,3503.55,3536.5833333333335,1.649354917700748,2.9290873666677575,-1.2797324489670094,56.31262525050101,68.07142857142857,-14.552010225056236,84230.25,2532775,58098.7,-9584.0,-20.263441655918978
2025-05-29,3508,3580,3505,3558,69970,30990,3515.4,3534.4,3505.0,3533.05,4.842750576922754,3.311820008718757,1.5309305682039969,58.23754789272031,69.42857142857143,26.842136714787216,83683.6,2602745,57935.0,-6723.0,-17.82674409354864
2025-05-30,3488,3499,3425,3428,65988,21787,3499.4,3520.0,3503.6,3527.266666666667,-3.0808596681531526,2.033284073344375,-5.114143741497528,42.574257425742566,73.92857142857143,-30.78016287449605,82827.0,2536757,57696.15,-9203.0,-29.696676347208772
2025-06-03,3466,3499,3460,3466,80293,63811,3486.6,3510.3,3507.2,3524.366666666667,-6.222367869643676,0.3821536847467648,-6.604521554390441,43.961352657004824,74.28571428571429,-18.99748311134945,83908.45,2617050,59747.85,42024.0,192.8856657639877
2025-06-04,3496,3541,3478,3511,95189,65859,3486.4,3505.8,3516.35,3522.9333333333334,-5.023009704205833,-0.6988789930437547,-4.324130711162079,37.85714285714285,71.5,-4.18828064694449,85300.9,2712239,60262.4,2048.0,3.209477989688292
2025-06-05,3501,3527,3453,3489,85518,63657,3490.4,3497.6,3520.85,3521.516666666667,-5.7810851050253405,-1.715320215440072,-4.065764889585268,39.99999999999999,70.85714285714286,-26.89386578159897,84960.15,2626721,60422.4,-2202.0,-3.3435065822438825
2025-06-06,3535,3548,3511,3525,98909,71166,3483.8,3499.6,3526.8,3521.45,-3.4373426400834433,-2.059724700368746,-1.377617939714697,45.67219152854512,70.28571428571429,0.050310199270123895,84920.75,2725630,61039.0,7509.0,11.796031858240251
2025-06-09,3542,3565,3506,3514,103934,68214,3501.0,3500.2,3528.9,3520.8333333333335,-2.4393980576919603,-2.1356593718333894,-0.3037386858585709,45.5045871559633,71.0,-3.1066900276044214,84309.6,2621696,61166.0,-2952.0,-4.1480482252761135
2025-06-10,3537,3583,3532,3559,82272,69924,3519.6,3503.1,3530.95,3521.2833333333333,1.9600103536708957,-1.3165254267325324,3.276535780403428,50.257289879931385,72.57142857142857,25.3074480518653,84442.15,2703968,61466.85,1710.0,2.5068167824786602
2025-06-11,3568,3597,3538,3563,84126,69392,3530.0,3508.2,3532.05,3521.9333333333334,5.703592324354759,0.08749812348492592,5.616094200869833,49.3006993006993,71.5,32.11137018189541,84949.25,2788094,61664.95,-532.0,-0.7608260397002464
2025-06-12,3617,3686,3607,3645,112717,71722,3561.2,3525.8,3531.95,3523.1833333333334,15.11291048002613,3.092580594793167,12.020329885232963,61.904761904761905,74.92857142857143,109.85573600514724,85222.55,2900811,61717.6,2330.0,3.357735762047498
2025-06-13,3629,3953,3618,3829,227664,67171,3622.0,3552.9,3543.65,3527.7,36.99071917201945,9.872208310238424,27.11851086178103,70.87126137841352,96.0,169.20442183622123,91349.7,3128475,61228.0,-4551.0,-6.345333370513928
2025-06-16,3874,3898,3811,3874,134045,62480,3694.0,3597.5,3558.75,3532.983333333333,57.29964941022445,19.35769653023563,37.94195287998882,71.71717171717171,97.42857142857143,146.64368934023943,93651.05,3262520,60361.65,-4691.0,-6.983668547438626
2025-06-17,3810,3859,3733,3806,162215,56538,3743.4,3631.5,3570.9,3536.3166666666666,67.13371555798949,28.912900335786404,38.220815222203086,67.458432304038,103.92857142857143,98.54621769526267,97979.65,3100305,59319.65,-5942.0,-9.510243277848907
2025-06-18,3853,3944,3840,3921,116884,52159,3815.0,3672.5,3589.15,3543.016666666667,83.24720082409613,39.779760433448345,43.46744039064778,74.72647702407002,109.57142857142857,114.11327020612963,99864.5,3217189,58186.85,-4379.0,-7.74523329442145
2025-06-19,3946,3999,3877,3998,133317,51898,3885.6,3723.4,3610.5,3549.9333333333334,101.06549041065728,52.036906428890134,49.02858398176714,74.39024390243902,110.35714285714286,109.33481533805771,102697.8,3350506,57294.2,-261.0,-0.5003930290074621
2025-06-20,3982,4033,3943,3965,104056,47171,3912.8,3767.4,3633.5,3555.4333333333334,111.24146669174479,63.87781848146107,47.36364821028372,83.35403726708074,107.28571428571429,97.67368833036575,103463.25,3246450,56351.65,-4727.0,-9.108250799645457
2025-06-23,3949,4057,3923,4032,113705,38846,3944.4,3819.2,3659.7,3562.0833333333335,123.29111800380178,75.76047838592922,47.530639617872566,83.93285371702638,111.78571428571429,89.49942499717862,104851.25,3360155,55535.1,-8325.0,-17.64855525640754
2025-06-24,3982,4027,3652,3692,163563,33095,3921.6,3832.5,3667.8,3562.2833333333333,104.20419389782046,81.44922148830747,22.754972409512987,58.01594331266608,133.57142857142858,31.28489497368082,109060.95,3196592,54544.5,-5751.0,-14.804613087576579
2025-06-25,3689,3718,3659,3716,87998,27488,3880.6,3847.8,3678.0,3562.8,89.97706881310205,83.1547909532664,6.822277859835651,60.03536693191866,132.5,5.0537277781839425,110375.75,3284590,53554.05,-5607.0,-16.942136274361687
2025-06-26,3697,3723,3672,3693,48890,24190,3819.6,3852.6,3689.2,3562.9166666666665,75.97032330441243,81.71789742349561,-5.747574119083183,57.513416815742396,131.92857142857142,1.7936699548073674,108562.65,3235700,52877.9,-3298.0,-11.997962747380676
2025-06-27,3612,3620,3592,3600,119739,71048,3746.6,3829.7,3691.3,3561.2166666666667,56.71181530410695,76.71668099961789,-20.004865695510944,53.583333333333336,134.92857142857142,-24.15278347795016,111051.1,3115961,54880.8,46858.0,193.70814386109964
2025-06-30,3603,3610,3559,3581,99306,67916,3656.4,3800.4,3698.95,3559.616666666667,39.46128265082916,69.26560132986015,-29.804318679030985,50.93696763202726,133.64285714285714,-32.88195458346202,112717.0,3016655,57187.25,-3132.0,-4.408287355027585
2025-07-01,3582,3594,3553,3590,79927,68930,3636.0,3778.8,3705.15,3556.5,26.214155556086553,60.655312175105436,-34.441156619018884,51.14503816793893,132.35714285714286,-36.751820500429375,112698.7,3096582,57443.2,1014.0,1.4930207903881332
2025-07-02,3605,3610,3579,3596,66111,68616,3612.0,3746.3,3709.4,3553.3166666666666,16.015247939908022,51.72729932806595,-35.71205138815793,47.77878513145966,125.78571428571429,-34.11847921655421,111244.8,3162693,57581.05,-314.0,-0.45553460031916293
2025-07-03,3619,3644,3584,3623,84673,60799,3598.0,3708.8,3716.1,3551.516666666667,9.995987010539011,43.38103686456057,-33.38504985402156,39.112050739957716,106.14285714285714,-30.610644250538975,111202.55,3247366,57438.15,-7817.0,-11.392386615366679
2025-07-04,3641,3661,3614,3621,67036,57248,3602.2,3674.4,3720.9,3553.5833333333335,5.00658329652515,35.706146150953494,-30.699562854428343,35.991140642303435,103.28571428571429,-28.38969194948386,109608.9,3180330,56742.25,-3551.0,-5.840556588101775
2025-07-07,3599,3627,3572,3619,64281,55750,3609.8,3633.1,3726.15,3557.45,0.8809070727652397,28.741098335315847,-27.860191262550607,38.82915173237754,97.14285714285714,-39.09300307360781,107626.25,3116049,56119.05,-1498.0,-2.616685299049748
2025-07-08,3637,3684,3635,3663,84382,56011,3624.4,3630.2,3731.35,3563.7833333333333,1.1484723439184563,23.22257313703637,-22.074100793117914,33.15926892950391,91.92857142857143,-23.30450851205725,107731.75,3200431,55423.4,261.0,0.46816143497758755
2025-07-09,3680,3714,3679,3692,71709,56346,3643.6,3627.8,3737.8,3568.6666666666665,3.658405563837732,19.309739622396645,-15.651334058558913,28.690807799442894,86.85714285714286,-14.2430269384311,107110.9,3272140,54771.1,335.0,0.5980968024138056
2025-07-10,3681,3697,3665,3687,65272,53411,3656.4,3627.2,3739.9,3573.8166666666666,5.184325829428417,16.484656863803,-11.300331034374583,29.855072463768124,82.71428571428571,-19.270816343677794,104738.65,3206868,53855.55,-2935.0,-5.208887942356155
2025-07-11,3672,3673,3619,3640,92372,49963,3660.2,3631.2,3730.45,3578.0,2.57147901951339,13.702021294945078,-11.130542275431688,20.746268656716424,78.0,-30.229559043308953,97974.05,3114496,52995.15,-3448.0,-6.4555990339068785
2025-07-14,3649,3703,3642,3694,76713,52718,3675.2,3642.5,3721.45,3583.016666666667,4.802764521494282,11.92216994025492,-7.119405418760637,50.26041666666668,55.357142857142854,-14.71287796125204,95107.45,3191209,52507.05,2755.0,5.514080419510448
2025-07-15,3707,3710,3612,3639,81278,49300,3670.4,3647.4,3713.1,3588.1833333333334,2.108725931632762,9.959481138530489,-7.850755206897727,40.72289156626506,58.142857142857146,-21.57551856207288,91060.6,3109931,52145.15,-3418.0,-6.4835540043248985
2025-07-16,3656,3679,3621,3630,83858,51986,3658.0,3650.8,3698.55,3591.3333333333335,-0.7439678459691095,7.818791341630569,-8.562759187599678,42.14463840399002,58.642857142857146,-21.689972101229056,89409.3,3026073,52136.5,2686.0,5.448275862068974
2025-07-17,3601,3606,3561,3580,99830,53194,3636.6,3646.5,3677.65,3593.5833333333335,-6.959110060945477,4.8632110611153605,-11.822321122060838,47.20670391061453,56.357142857142854,-41.85492976379109,87734.95,2926243,52201.3,1208.0,2.3237025352979668
2025-07-18,3593,3642,3555,3634,80225,49440,3635.4,3647.8,3661.1,3597.1666666666665,-7.441525071984415,2.4022638344954053,-9.843788906479821,56.74300254452926,58.92857142857143,-27.386914646239926,86543.4,3006468,52314.75,-3754.0,-7.057186900778278
2025-07-21,3642,3647,3584,3602,121617,87496,3617.0,3646.1,3639.6,3599.6,-10.287388398901385,-0.1356666121839527,-10.151721786717433,51.44230769230769,60.5,-30.452480079598594,86939.0,2884851,54747.25,38056.0,76.97411003236245
2025-07-22,3600,3604,3555,3581,114763,85696,3605.4,3637.9,3634.05,3600.8333333333335,-14.075031878406662,-2.923539665428495,-11.151492212978168,48.25986078886311,61.785714285714285,-63.05397022294283,84499.0,2770088,57377.3,-1800.0,-2.057236902258386
2025-07-23,3576,3590,3548,3565,130794,81878,3592.4,3625.2,3626.5,3602.8166666666666,-18.158512873706968,-5.97053430708419,-12.187978566622778,43.095238095238095,60.5,-70.95576748477292,86638.8,2639294,60096.8,-3818.0,-4.45528379387603
2025-07-24,3557,3596,3528,3588,121739,77545,3594.0,3615.3,3621.25,3604.6666666666665,-19.316128891407516,-8.639653223948855,-10.67647566745866,46.25850340136055,62.0,-62.25971048301541,90281.25,2761033,62764.55,-4333.0,-5.292019834387752
2025-07-25,3581,3614,3550,3613,120729,81017,3589.8,3612.6,3621.9,3606.0666666666666,-18.008664188564126,-10.51345541687191,-7.495208771692216,49.35344827586207,62.642857142857146,-33.829488229268,90330.75,2881762,63263.0,3472.0,4.477400219227556
2025-07-28,3606,3610,3514,3545,130854,73568,3578.4,3597.7,3620.1,3607.55,-22.203571738318715,-12.851478681161272,-9.352093057157443,37.90983606557377,65.07142857142857,-74.12982186149496,91908.15,2750908,63545.6,-7449.0,-9.194366614414262
2025-07-29,3570,3648,3569,3640,130315,70350,3590.2,3597.8,3622.6,3611.65,-17.65880048256122,-13.812943041441262,-3.845857441119957,45.30685920577617,68.78571428571429,-1.171775091791064,94427.55,2881223,63616.6,-3218.0,-4.374184428012184
2025-07-30,3652,3728,3646,3710,116420,66405,3619.2,3605.8,3628.3,3618.016666666667,-8.312796786653507,-12.712913790483713,4.400117003830205,51.8578352180937,72.78571428571429,80.45362127266495,96943.0,2997643,63506.05,-3945.0,-5.607675906183374
2025-07-31,3704,3736,3673,3676,116200,60855,3636.8,3615.4,3630.95,3622.633333333333,-3.607947203972344,-10.89192047318144,7.2839732692090955,52.97029702970297,72.42857142857143,71.89972651230484,98519.35,2881443,63508.85,-5550.0,-8.35780438220014
2025-08-01,3670,3689,3638,3645,80387,54001,3643.2,3616.5,3632.15,3626.616666666667,-2.3536297565269706,-9.184262329850545,6.830632573323575,45.79759862778731,71.57142857142857,29.313715020429473,99186.9,2801056,63346.5,-6854.0,-11.262837893353051
2025-08-04,3652,3661,3540,3559,109181,53048,3646.0,3612.2,3629.15,3628.0666666666666,-8.204479280534088,-8.988305719987254,0.7838264394531667,43.48534201954397,73.21428571428571,-45.009738476439914,101431.9,2691875,63211.4,-953.0,-1.764782133664189
2025-08-05,3507,3567,3500,3560,86813,51179,3630.0,3610.1,3624.0,3628.766666666667,-12.615207776202624,-9.713686131230329,-2.901521644972295,44.224422442244226,73.85714285714286,-80.35736986749698,101553.45,2778688,62969.8,-1869.0,-3.52322424973609
2025-08-06,3526,3557,3516,3550,69228,50255,3598.0,3608.6,3616.9,3628.9166666666665,-16.724864486186107,-11.115921802221486,-5.608942683964621,47.34982332155477,72.07142857142857,-73.71043776301312,101429.4,2709460,62665.25,-924.0,-1.8054280075812335
2025-08-07,3566,3585,3500,3526,78746,49228,3568.0,3602.4,3608.85,3626.9,-21.668614165105282,-13.226460274798246,-8.442153890307036,39.92537313432836,71.92857142857143,-70.05395254992705,102103.1,2630714,62456.1,-1027.0,-2.0435777534573707
2025-08-08,3539,3544,3443,3454,79923,53044,3529.8,3586.5,3599.55,3624.55,-31.03857628773312,-16.78888347738522,-14.249692810347902,37.15277777777778,74.64285714285714,-104.08244165154252,101480.65,2550791,62610.15,3816.0,7.751686032339311
2025-08-11,3480,3501,3447,3463,85767,50055,3510.6,3578.3,3588.0,3622.733333333333,-37.30805001585759,-20.892716785079696,-16.415333230777893,39.539007092198574,75.0,-97.44679217053162,101933.35,2636558,62477.0,-2989.0,-5.634944574315659
2025-08-12,3500,3513,3481,3502,57918,50911,3499.0,3564.5,3581.15,3621.7166666666667,-38.68375678272605,-24.450924784608965,-14.232831998117085,44.63373083475298,75.57142857142857,-66.58831118896718,100765.35,2694476,62557.55,856.0,1.7101188692438374
2025-08-13,3474,3476,3439,3463,68747,50937,3481.6,3539.8,3572.8,3620.1666666666665,-42.43186029770595,-28.04711188722836,-14.384748410477592,39.63515754560531,75.21428571428571,-85.39480714380115,100009.8,2625729,62505.1,26.0,0.051069513464674365
2025-08-14,3465,3466,3424,3449,71274,49495,3466.2,3517.1,3566.25,3618.133333333333,-46.001663788955284,-31.638022267573746,-14.363641521381538,36.148648648648646,73.64285714285714,-82.9644790234871,98582.0,2554455,62320.15,-1442.0,-2.830948033845726
2025-08-15,3452,3464,3434,3436,64111,45386,3462.6,3496.2,3556.35,3616.983333333333,-49.31131992837982,-35.17268179973496,-14.138638128644857,39.85102420856611,68.71428571428571,-74.22084861842308,97776.3,2490344,62117.45,-4109.0,-8.30184867158299
2025-08-18,3436,3487,3426,3480,79722,42260,3466.0,3488.3,3550.25,3616.516666666667,-47.83243149142345,-37.70463173807266,-10.127799753350786,33.53909465020577,65.71428571428571,-55.28256628594757,95681.55,2570066,59855.65,-3126.0,-6.887586480412466
2025-08-19,3478,3479,3429,3466,65310,43787,3458.8,3478.9,3544.5,3615.45,-47.245468397039076,-39.61279906986595,-7.632669327173126,21.62790697674417,63.07142857142857,-53.842662110175134,93208.9,2504756,57760.2,1527.0,3.6133459536204393
2025-08-20,3449,3479,3424,3446,67584,39984,3455.4,3468.5,3538.55,3614.35,-47.84262872597401,-41.25876500108757,-6.583863724886442,22.355769230769226,62.5,-53.69579410073631,90048.4,2437172,55665.5,-3803.0,-8.685226208692075
2025-08-21,3450,3485,3439,3483,113734,75380,3462.2,3464.2,3533.3,3614.5833333333335,-44.813707288803926,-41.96975345863084,-2.843953830173085,30.805687203791464,62.142857142857146,-38.411359482285285,89648.15,2550906,55557.25,35396.0,88.52541016406563
2025-08-22,3465,3508,3429,3499,141876,75799,3474.8,3468.7,3527.6,3613.6,-40.65356989741622,-41.70651674638792,1.0529468489717004,41.477272727272734,59.142857142857146,-29.34739134248111,90705.5,2692782,55296.35,419.0,0.5558503581851948
2025-08-25,3500,3531,3500,3526,123269,80562,3484.0,3475.0,3526.65,3615.233333333333,-34.77706829564613,-40.320627056239566,5.543558760593434,45.50264550264551,56.642857142857146,-3.9643884870609147,90326.25,2816051,55646.05,4763.0,6.283724059684159
2025-08-26,3531,3557,3523,3529,76071,77575,3496.6,3477.7,3521.1,3616.2833333333333,-29.53733549316894,-38.16396874362544,8.6266332504565,47.16981132075472,55.92857142857143,9.321301644943167,87614.05,2892122,56007.3,-2987.0,-3.7077033837292994
2025-08-27,3504,3527,3466,3485,97234,70718,3504.4,3479.9,3509.85,3615.85,-28.605495428628274,-36.25227408062601,7.646778651997735,44.75703324808184,54.357142857142854,-13.549882497395101,86654.75,2794888,56222.95,-6857.0,-8.839187882694166
2025-08-28,3503,3523,3490,3494,88561,72716,3506.6,3484.4,3500.75,3615.9333333333334,-26.831484034146342,-34.36811607133008,7.536632037183736,56.09756097560975,49.857142857142854,0.5905078295697095,85272.8,2883449,56816.0,1998.0,2.8253061455357997
2025-08-29,3505,3520,3464,3513,87514,35110,3509.4,3492.1,3494.15,3615.733333333333,-23.620147653464755,-32.21852238775701,8.598374734292257,57.396449704142015,50.0,6.656710086833843,85629.15,2970963,55871.45,-37606.0,-51.716266021233295
2025-09-01,3518,3522,3441,3474,98818,35110,3499.0,3491.5,3489.9,3615.0666666666666,-23.946079005883348,-30.564033711382283,6.617954705498935,45.857988165680474,52.214285714285715,-14.420461798027354,85111.0,2872145,54974.55,0.0,0.0
2025-09-02,3504,3564,3503,3559,114360,78502,3505.0,3500.8,3489.85,3615.0666666666666,-17.147921757711174,-27.880811320648064,10.73288956293689,62.5,54.142857142857146,82.32602958289249,86488.35,2986505,56340.7,43392.0,123.5887211620621
2025-09-03,3534,3558,3504,3512,107636,35110,3510.4,3507.4,3487.95,3614.2166666666667,-15.375600019026479,-25.37976906032375,10.00416904129727,57.55395683453237,55.07142857142857,59.15735831749129,88408.75,2878869,55583.45,-43392.0,-55.27502484013146
2025-09-04,3471,3483,3409,3412,137065,34500,3494.0,3500.3,3482.25,3610.3333333333335,-21.78901632041061,-24.66161851234112,2.872602191930511,47.61904761904762,60.285714285714285,-76.53900757471536,91324.7,2741804,54847.05,-610.0,-1.737396753061804
2025-09-05,3410,3410,3374,3392,120078,19500,3469.8,3489.6,3479.15,3603.05,-28.160906399039504,-25.3614760896808,-2.799430309358705,40.833333333333336,58.642857142857146,-115.62126021688293,93332.45,2621726,53169.85,-15000.0,-43.47826086956522
2025-09-08,3352,3400,3332,3398,103651,19500,3454.6,3476.8,3475.9,3595.116666666667,-32.35357348173693,-26.759895568092027,-5.593677913644903,42.79661016949153,59.857142857142854,-110.93874411568636,94226.65,2725377,51642.1,0.0,0.0
2025-09-09,3402,3406,3340,3385,97613,71437,3419.8,3462.4,3470.05,3588.1,-36.30676195414435,-28.66926884530249,-7.637493108841859,43.44086021505377,60.642857142857146,-93.81025751123947,96211.4,2627764,52668.4,51937.0,266.34358974358975
2025-09-10,3384,3412,3379,3383,103833,73825,3394.0,3452.2,3466.05,3579.133333333333,-39.149781276353224,-30.76537133151264,-8.384409944840584,38.372093023255815,59.714285714285715,-71.08811517503783,97965.7,2523931,53812.8,2388.0,3.3428055489452158
2025-09-11,3379,3390,3351,3374,82588,10020,3386.4,3440.2,3462.3,3568.733333333333,-41.64901543162978,-32.94210015153607,-8.70691528009371,35.22458628841608,56.857142857142854,-80.50086189228969,98531.4,2441343,51839.05,-63805.0,-86.42736200474094
2025-09-12,3328,3332,3254,3267,125733,10020,3361.4,3415.6,3453.85,3557.1,-51.66808475064545,-36.687297071357946,-14.980787679287502,24.2544731610338,63.142857142857146,-124.15638880992242,101612.5,2315610,50070.75,0.0,0.0
2025-09-15,3365,3379,3311,3375,113731,10020,3356.8,3405.7,3448.6,3546.15,-50.31358823704613,-39.412555304495584,-10.90103293255055,37.33552631578947,68.71428571428571,-64.65967808293226,103312.95,2429341,48458.75,0.0,0.0
2025-09-16,3378,3414,3377,3395,78889,10020,3358.8,3389.3,3445.05,3541.2,-47.08355719947349,-40.94675568349116,-6.136801515982327,42.294520547945204,67.0,-33.589862932814896,103991.9,2508230,46770.4,0.0,0.0
2025-09-17,3425,3466,3422,3459,94614,10020,3374.0,3384.0,3445.7,3536.9166666666665,-38.91092824183761,-40.53959019516046,1.6286619533228475,47.261345852895154,69.35714285714286,3.8459657670451484,105343.4,2602844,45272.2,0.0,0.0
2025-09-18,3438,3454,3406,3410,84891,10020,3381.2,3383.8,3442.05,3532.2,-35.973273893355326,-39.62632693479943,3.653053041444103,42.30194319880418,69.14285714285714,-12.478138613507388,103901.25,2517953,42004.2,0.0,0.0
2025-09-19,3423,3435,3379,3392,77599,10020,3406.2,3383.8,3436.7,3528.733333333333,-34.69763844775434,-38.640589237390415,3.942950789636072,43.67283950617284,67.35714285714286,-24.720639471204233,100687.4,2440354,38715.25,0.0,0.0
2025-09-22,3392,3397,3354,3382,75679,61417,3407.6,3382.2,3429.5,3525.4166666666665,-34.10051508213792,-37.73257440633992,3.632059324202004,34.554973821989535,64.0,-37.59062198649302,98307.9,2364675,37758.0,51397.0,512.9441117764471
2025-09-23,3330,3370,3322,3350,78506,60100,3398.6,3378.7,3420.55,3521.4166666666665,-35.796780079650944,-37.345415541002126,1.5486354613511821,35.48387096774192,64.35714285714286,-54.32876831796456,98429.65,2286169,36884.25,-1317.0,-2.144357425468524
2025-09-24,3386,3412,3375,3387,79672,50728,3384.2,3379.1,3415.65,3517.9333333333334,-33.766255162264315,-36.62958346525457,2.8633283029902543,47.474747474747474,61.42857142857143,-18.58871995464269,97551.55,2365841,35884.75,-9372.0,-15.594009983361069
2025-09-25,3411,3455,3402,3450,71885,44735,3392.2,3386.7,3413.45,3515.05,-26.764946407477055,-34.656656053699066,7.8917096462220115,55.39033457249071,63.57142857142857,18.493660102375472,96717.75,2437726,34485.7,-5993.0,-11.813988329916414
2025-09-26,3445,3510,3443,3475,77801,39779,3408.8,3407.5,3411.55,3512.616666666667,-18.980274916888902,-31.521379826337032,12.54110490944813,56.91202872531418,63.5,52.77888087335019,96232.1,2515527,34719.15,-4956.0,-11.078573823628036
2025-09-29,3489,3527,3453,3480,68397,34338,3428.4,3418.0,3411.85,3510.3,-12.266013493586343,-27.670306559786898,15.404293066200555,58.65209471766849,64.07142857142857,60.704113055750646,94711.05,2583924,34680.55,-5441.0,-13.67807134417658
2025-09-30,3455,3455,3374,3394,53362,27724,3437.2,3417.9,3403.6,3505.8166666666666,-13.726167495345635,-24.881478746898647,11.155311251553012,50.86887835703001,69.28571428571429,2.518196356762507,91661.15,2530562,32141.65,-6614.0,-19.261459607431995
2025-10-09,3328,3360,3304,3360,30215,24215,3431.8,3408.0,3396.0,3500.2833333333333,-17.425989946919344,-23.39038098690279,5.964391039983447,48.93617021276596,72.92857142857143,-57.482361800343064,87790.1,2500347,31596.9,-3509.0,-12.656903765690375
2025-10-10,3370,3371,3296,3296,73631,58212,3401.0,3396.6,3390.2,3493.766666666667,-25.231537566278803,-23.758612302777994,-1.4729252635008088,52.357723577235774,69.71428571428571,-70.16959701717347,84618.4,2426716,32782.5,33997.0,140.39644848234568
2025-10-13,3269,3270,3224,3232,90551,63461,3352.4,3380.6,3382.2,3486.9666666666667,-36.16486931858253,-26.2398637059389,-9.92500561264363,37.47810858143608,66.85714285714286,-118.49123211475043,83142.05,2336165,34980.55,5249.0,9.017041159898298
2025-10-14,3215,3236,3199,3203,76439,64270,3297.0,3362.7,3372.45,3478.7833333333333,-46.632125029719646,-30.318315970695053,-16.313809059024592,33.44827586206897,66.71428571428571,-114.7386568173211,81781.45,2259726,37219.05,809.0,1.2747986952616586
2025-10-15,3159,3178,3141,3155,87532,65740,3249.2,3343.2,3360.95,3470.7166666666667,-58.13060599964592,-35.88077397648523,-22.249832023160693,23.04964539007092,66.07142857142857,-120.18421247363995,81277.4,2172194,36934.2,1470.0,2.2872257662984286
2025-10-16,3175,3187,3150,3159,80280,60579,3209.0,3320.4,3349.75,3462.866666666667,-66.15784201882252,-41.93618758495269,-24.22165443386983,25.81888246628131,64.92857142857143,-97.40589862280748,80099.75,2252474,36271.9,-5161.0,-7.8506236689990905
2025-10-17,3161,3161,3054,3061,109529,57539,3162.0,3281.5,3334.1,3454.2166666666667,-79.5107153441736,-49.45109313679687,-30.059622207376734,22.370617696160267,68.57142857142857,-109.94580034156047,81446.8,2142945,38647.85,-3040.0,-5.018240644447747
2025-10-20,3088,3102,3068,3079,83803,57997,3131.4,3241.9,3324.7,3444.9666666666667,-87.63036578034144,-57.08694766550579,-30.543418114835646,25.041186161449758,68.42857142857143,-97.80504827430882,79350.3,2226748,41046.7,458.0,0.7959818557847775
2025-10-21,3072,3086,3033,3072,79969,56216,3105.2,3201.1,3309.55,3436.133333333333,-93.55168317870266,-64.37989476814516,-29.171788410557497,26.116838487972515,67.92857142857143,-90.3534732272327,77662.2,2146779,43356.5,-1781.0,-3.0708484921633916
2025-10-22,3101,3147,3058,3135,83698,49018,3101.2,3175.2,3296.55,3428.7,-92.09913489333076,-69.92374279318229,-22.17539210014847,29.276315789473685,69.85714285714286,-64.7266903108824,77902.65,2230477,45306.4,-7198.0,-12.804183862245623
2025-10-23,3134,3216,3122,3193,126144,103808,3108.0,3158.5,3283.25,3422.5,-85.28475506982477,-72.9959452485108,-12.288809821313976,28.689883913764504,71.71428571428571,-38.40037490061754,79479.15,2356621,49995.8,54790.0,111.7752662287323
2025-10-24,3213,3234,3200,3224,115953,105143,3140.6,3151.3,3273.95,3416.4333333333334,-76.50101298508571,-73.69695879582578,-2.8040541892599293,29.39244663382594,69.85714285714286,-20.313049348043144,81032.25,2472574,54751.95,1335.0,1.2860280517879241
2025-10-27,3234,3274,3233,3257,116900,102757,3176.2,3153.8,3267.2,3410.5,-66.11487872513226,-72.18054278168708,6.065664056554823,32.49607535321822,68.14285714285714,-5.027119718957756,82997.3,2589474,59388.8,-2386.0,-2.269290394985879
2025-10-28,3263,3282,3238,3273,114082,94133,3216.4,3160.8,3261.75,3405.9666666666667,-55.94779486078005,-68.93399319750567,12.986198336725622,39.329805996472665,63.714285714285715,0.6455431773989241,84917.45,2703556,61024.6,-8624.0,-8.392615588232433
2025-10-29,3238,3250,3220,3246,149780,89364,3238.6,3169.9,3256.55,3399.4,-49.49839531052339,-65.04687362010922,15.548478309585832,39.82142857142858,61.07142857142857,-7.038872287012898,88481.15,2553776,62487.8,-4769.0,-5.066236070241037
2025-10-30,3245,3274,3223,3255,122726,83157,3251.0,3179.5,3249.95,3391.8166666666666,-43.16341394994606,-60.670181686076596,17.506767736130534,45.940594059405946,59.357142857142854,0.20232040107631807,90633.85,2676502,64109.25,-6207.0,-6.945749966429437
2025-10-31,3258,3295,3250,3268,136295,80402,3259.8,3200.2,3240.85,3385.016666666667,-36.67118167086164,-55.870381683033614,19.19920001217197,53.9647577092511,57.42857142857143,12.099726858179903,93854.35,2812797,65892.6,-2755.0,-3.3130103298579794
2025-11-03,3289,3341,3289,3335,136941,83345,3275.4,3225.8,3233.85,3379.85,-25.822040350543375,-49.860713416535575,24.0386730659922,63.41463414634146,60.0,40.2057073330781,96811.35,2949738,68070.9,2943.0,3.6603567075445875
2025-11-04,3320,3332,3287,3290,90023,76282,3278.8,3247.6,3224.35,3375.366666666667,-20.617476178209017,-44.01206596887027,23.39458979066125,63.803680981595086,59.0,41.95461702372053,97892.65,2859715,70168.1,-7063.0,-8.474413582098506
2025-11-05,3272,3306,3251,3297,87167,74847,3289.0,3263.8,3219.5,3370.983333333333,-15.746464633750293,-38.358945701846274,22.61248106809598,64.02439024390245,60.285714285714285,39.24172395906883,99582.9,2946882,72524.25,-1435.0,-1.8811777352455317
2025-11-06,3291,3309,3256,3269,86047,76765,3291.8,3271.4,3214.95,3366.3,-13.984316390841286,-33.48401983964528,19.49970344880399,74.64454976303317,56.42857142857143,38.89757441592649,102374.5,2860835,75151.75,1918.0,2.56256095768701
2025-11-07,3278,3287,3225,3274,96944,76688,3293.0,3276.4,3213.85,3362.1,-12.04549008781214,-29.196313889278652,17.15082380146651,73.83863080684597,57.92857142857143,31.969126589660924,103540.15,2957779,76075.55,-77.0,-0.10030612909529557
2025-11-10,3267,3291,3244,3280,79925,71293,3282.0,3278.7,3216.25,3359.2,-9.910563610078498,-25.339163833438622,15.428600223360124,75.49019607843138,57.5,36.86300128527059,103008.85,3037704,76467.15,-5395.0,-7.0349989568120215
2025-11-11,3257,3286,3243,3262,82050,68628,3276.4,3277.6,3219.2,3355.85,-9.5608569553292,-22.18350245781674,12.62264550248754,67.4931129476584,54.214285714285715,29.794469945557847,103289.4,2955654,76685.05,-2665.0,-3.738094904128031
2025-11-12,3280,3329,3277,3311,95759,75780,3279.2,3284.1,3227.0,3352.6666666666665,-5.2690827163628455,-18.80061850952596,13.531535793163115,66.66666666666666,52.285714285714285,51.0702714334975,103700.75,3051413,77187.05,7152.0,10.421402343066966
2025-11-13,3287,3290,3150,3164,143324,67732,3258.2,3275.0,3227.25,3347.6833333333334,-13.573030731800372,-17.755100953980843,4.182070222180471,43.61702127659574,60.857142857142854,-15.631321414268651,106852.95,2908089,77544.7,-8048.0,-10.620216415940886
2025-11-14,3188,3273,3177,3240,124994,69620,3251.4,3272.2,3236.2,3344.2,-13.861616433561721,-16.97640404989702,3.114787616335299,48.3430799220273,65.07142857142857,-1.984857563139049,107626.2,3033083,78148.75,1888.0,2.7874564459930307
2025-11-17,3241,3255,3226,3251,41191,70059,3245.6,3263.8,3244.8,3341.116666666667,-13.052256326012412,-16.191574505120098,3.1393181791076863,47.83464566929134,64.0,2.4464794838799118,105495.6,3074274,78751.85,439.0,0.630565929330662
2025-11-18,3266,3303,3244,3247,92302,68805,3242.6,3259.5,3253.55,3337.233333333333,-12.588486938889673,-15.470956991874013,2.88247005298434,50.103092783505154,64.42857142857143,14.470701674958747,106112.25,2981972,79381.3,-1254.0,-1.7899199246349529
2025-11-19,3255,3292,3221,3266,75741,67715,3233.6,3256.4,3260.1,3333.9,-10.56600679867779,-14.48996695323477,3.9239601545569798,51.11111111111112,65.85714285714286,2.003837774805933,105714.4,3057713,80316.15,-1090.0,-1.5841871956979836
2025-11-20,3196,3196,3131,3139,133110,62247,3228.6,3243.4,3257.4,3328.7833333333333,-18.99208638342725,-15.390390839273268,-3.6016955441539817,39.40886699507389,72.28571428571429,-136.11118726864882,106062.7,2924603,78238.1,-5468.0,-8.07502030569298
2025-11-21,3160,3170,3073,3078,82969,61302,3196.2,3223.8,3250.1,3322.0333333333333,-30.243378520955048,-18.360988375609626,-11.882390145345422,28.689883913764504,74.0,-145.1949925735909,104413.5,2841634,76046.05,-945.0,-1.5181454527929072
2025-11-24,3078,3084,3033,3041,96259,55106,3154.2,3199.9,3239.3,3314.4,-41.66540650880779,-23.02187200224926,-18.64353450655853,29.07563025210085,74.21428571428571,-141.4665529503619,103381.45,2745375,73663.5,-6196.0,-10.107337444129062
2025-11-25,3034,3065,3007,3015,82460,55368,3107.8,3175.2,3226.4,3305.883333333333,-52.213543462153666,-28.860206294230142,-23.353337167923524,27.03583061889252,74.42857142857143,-123.00561318792252,101800.35,2662915,71725.25,262.0,0.47544731971109755
2025-11-26,2975,3025,2963,3023,89297,42211,3059.2,3146.4,3215.25,3297.45,-59.24455055138833,-34.93707514566178,-24.30747540572655,29.2929292929293,75.07142857142857,-111.73270012813603,98776.2,2752212,69367.6,-13157.0,-23.76282329143188
2025-11-27,3001,3038,2999,3033,87784,69280,3038.0,3133.3,3204.15,3289.9166666666665,-63.280301968294225,-40.60572051018827,-22.674581458105955,29.883138564273793,73.42857142857143,-87.37673171830897,97029.1,2839996,68673.75,27069.0,64.12783397692546
2025-11-28,3042,3047,3010,3038,83970,69833,3030.0,3113.1,3192.65,3282.3166666666666,-65.32221203033396,-45.549018814217405,-19.773193216116553,29.76588628762542,72.71428571428571,-73.6519977386879,94412.85,2923966,68145.3,553.0,0.7982101616628157
2025-12-01,3019,3062,2973,3053,98304,68850,3032.4,3093.3,3178.55,3274.65,-64.98100524668644,-49.435416100711215,-15.545589145975221,32.436974789915965,76.0,-67.11033295423115,92481.0,3022270,67420.55,-983.0,-1.407643950567783
2025-12-02,3047,3048,3020,3035,60115,68354,3036.4,3072.1,3165.8,3267.3333333333335,-65.40905115412261,-52.6301431113935,-12.778908042729107,25.531914893617028,73.57142857142857,-58.596801870176805,90985.6,2962155,67024.15,-496.0,-0.7204066811909993
2025-12-03,3028,3039,2968,3017,93548,68210,3035.2,3047.2,3151.8,3258.3,-66.43490990035752,-55.39109646918631,-11.043813431171216,33.103448275862064,67.14285714285714,-63.17924848609013,91304.65,2868607,66692.3,-144.0,-0.2106679930947708
2025-12-04,3030,3031,2988,3024,83100,63124,3033.4,3035.7,3139.55,3250.1666666666665,-65.92314783657775,-57.497506742664605,-8.42564109391315,20.491803278688522,62.42857142857143,-54.66126156138615,91157.3,2951707,66010.25,-5086.0,-7.456384694326346
2025-12-05,3016,3041,2995,3037,73240,58381,3033.2,3031.6,3127.7,3243.9166666666665,-63.733896671661114,-58.74478472846391,-4.9891119431972015,20.92391304347825,63.642857142857146,-45.52569773382414,89972.1,3024947,65094.9,-4743.0,-7.5137823965528145
2025-12-08,3042,3093,3036,3089,88575,57969,3040.4,3036.4,3118.15,3238.866666666667,-57.14421103907216,-58.42466999058556,1.2804589515134026,31.009615384615387,63.5,-20.701648651139873,90404.6,3113522,64428.7,-412.0,-0.7057090491769613
2025-12-09,3035,3038,2987,3014,88086,55826,3036.2,3036.3,3105.75,3232.4666666666667,-57.31304182790882,-58.20234435805022,0.8893025301413999,23.305084745762713,65.71428571428571,-43.679541826707066,90706.4,3025436,63788.6,-2143.0,-3.696803463920373
2025-12-10,3025,3034,2987,3009,63322,56470,3034.6,3034.9,3090.65,3226.2,-57.19103698351637,-58.000082883143456,0.8090458996270868,31.42857142857143,59.42857142857143,-41.7596176488892,89084.55,2962114,62823.1,644.0,1.1535843513774902
2025-12-11,3016,3036,2961,2986,90724,55402,3027.0,3030.2,3081.75,3219.5833333333335,-58.27845726801252,-58.055757760117274,-0.22269950789524273,35.25641025641026,57.857142857142854,-45.19428590355291,86454.55,2871390,62206.6,-1068.0,-1.8912697007260504
2025-12-12,2972,3007,2932,2986,79026,52657,3016.8,3025.0,3069.05,3213.116666666667,-58.46628276420779,-58.137862760935384,-0.32842000327240584,39.99999999999999,59.57142857142857,-50.90140044254546,84156.15,2871390,61358.45,-2745.0,-4.954694776361867
2025-12-15,2962,3010,2958,3005,69648,47749,3000.0,3020.2,3056.75,3208.75,-56.43148755166294,-57.7965877190809,1.3651001674179568,48.134328358208954,59.142857142857146,-38.83762518200269,85579.0,2941038,60242.95,-4908.0,-9.320698102816339
2025-12-16,2988,2989,2912,2921,121968,99812,2981.4,3008.8,3040.45,3201.1833333333334,-60.89503560392404,-58.41627729604953,-2.4787583078745143,35.174418604651166,61.357142857142854,-70.54443257109916,87062.3,2819070,61793.3,52063.0,109.03474418312426
2025-12-17,2891,2948,2838,2905,183023,107843,2960.6,2997.6,3022.4,3193.016666666667,-64.97451016790092,-59.72792387041981,-5.246586297481109,31.714285714285708,66.42857142857143,-113.78977967699464,92426.4,2636047,63799.7,8031.0,8.046126718230262
2025-12-18,2910,2949,2885,2931,113111,108490,2949.6,2988.3,3012.0,3184.2166666666667,-65.35615536568503,-60.85357016947285,-4.5025851962121735,35.57951482479784,68.35714285714286,-89.78497080557638,91426.45,2749158,66111.85,647.0,0.5999462181133675
2025-12-19,2904,2929,2891,2914,95447,107583,2935.2,2976.0,3003.8,3175.95,-66.26649100080704,-61.936154335739694,-4.3303366650673425,31.36729222520107,64.85714285714286,-92.57688178335948,92050.35,2653711,68425.9,-907.0,-0.836021753156968
2025-12-22,2935,2984,2926,2982,105629,105471,2930.6,2965.3,3000.85,3169.116666666667,-60.800041814639826,-61.70893183151973,0.9088900168799015,43.73522458628841,67.5,-33.001992922581366,92518.85,2759340,70944.15,-2112.0,-1.963135439614061
2025-12-23,3007,3016,2992,2999,86564,102367,2946.2,2963.8,3000.05,3162.733333333333,-54.46820793015422,-60.26078705124663,5.792579121092409,47.867298578199055,64.85714285714286,10.160630180565171,92724.05,2845904,73294.1,-3104.0,-2.9429890680850668
2025-12-24,3013,3020,2990,3014,88120,101174,2968.0,2964.3,2999.6,3157.133333333333,-47.690067901794464,-57.7466432213562,10.056575319561738,48.83720930232558,63.92857142857143,16.135480998919437,92665.2,2934024,76242.25,-1193.0,-1.1654146355759232
2025-12-25,3010,3028,3000,3016,65983,98827,2985.0,2967.3,2998.75,3150.95,-41.67653861573717,-54.532622300232404,12.856083684495232,47.49403341288783,62.642857142857146,24.07543622199892,91575.15,3000007,77719.6,-2347.0,-2.3197659477731447
2025-12-26,3016,3048,3006,3017,76219,94851,3005.6,2970.4,2997.7,3143.733333333333,-36.41036565810555,-50.90817097180704,14.497805313701491,40.21739130434783,61.57142857142857,34.71528517386126,91187.6,3076226,78970.5,-3976.0,-4.023192042660407
2025-12-29,3016,3018,2956,2974,104997,91598,3004.0,2967.3,2993.75,3135.383333333333,-35.29971316243291,-47.78647940993221,12.486766247499304,44.047619047619044,58.714285714285715,-8.483989097136048,91522.25,2971229,80107.9,-3253.0,-3.4295895667942333
2025-12-30,3002,3022,2974,2977,119030,80750,2999.6,2972.9,2990.85,3127.0,-33.78795165542533,-44.98677385903084,11.19882220360551,45.209580838323355,58.785714285714285,3.518809726935368,94468.0,3090259,80727.7,-10848.0,-11.843053341776022
2025-12-31,2986,2986,2932,2935,112743,80481,2983.8,2975.9,2986.75,3119.35,-35.56890259260808,-43.10319960574629,7.534297013138207,42.77620396600567,57.285714285714285,-39.363976467482544,95427.75,2977516,81341.25,-269.0,-0.33312693498451784
