时间,开盘,最高,最低,收盘,成交量,持仓量,MA5,MA10,MA20,MA60,MACD,MACD_SIGNAL,MACD_HIST,RSI14,ATR14,CCI20,VOL_MA20,OBV,OI_MA20,OI_CHANGE,OI_CHANGE_PCT
2011-03-25,19315,19655,18915,19020,36720,0,19020.0,19020.0,19020.0,19020.0,0.0,0.0,0.0,0.0,740.0,0.0,36720.0,0,0.0,0.0,0.0
2011-03-28,19020,19220,18945,19035,12429,0,19027.5,19027.5,19027.5,19027.5,1.196581196581974,0.23931623931639479,0.9572649572655791,99.99999999866667,507.5,-35.35533905932737,24574.5,12429,0.0,0.0,0.0
2011-03-29,18985,19120,18585,18690,8480,0,18915.0,18915.0,18915.0,18915.0,-25.400930187253834,-4.888733045997651,-20.512197141256184,4.166666666666657,516.6666666666666,-54.69934908093591,19209.666666666668,3949,0.0,0.0,0.0
2011-03-30,18615,18820,18570,18760,5309,0,18876.25,18876.25,18876.25,18876.25,-40.36592138328342,-11.984170713454805,-28.381750669828616,19.767441860465112,450.0,-50.66309214201249,15734.5,9258,0.0,0.0,0.0
2011-03-31,18885,18935,18780,18845,4043,0,18870.0,18870.0,18870.0,18870.0,-44.849992304578336,-18.55733503167951,-26.292657272898825,33.009708737864074,395.0,-18.33923884022254,13396.2,13301,0.0,0.0,0.0
2011-04-01,18785,18805,18665,18750,1528,0,18816.0,18850.0,18850.0,18850.0,-55.430389837736584,-25.931945992890927,-29.498443844845657,27.86885245901638,359.1666666666667,-40.10537569317199,11418.166666666666,11773,0.0,0.0,0.0
2011-04-04,18865,18865,18655,18725,1275,0,18754.0,18832.14285714286,18832.14285714286,18832.14285714286,-65.08249172453725,-33.762055139220195,-31.320436585317054,26.77165354330708,337.85714285714283,-33.996671066902145,9969.142857142857,10498,0.0,0.0,0.0
2011-04-07,18760,19445,18760,19305,7700,0,18877.0,18891.25,18891.25,18891.25,-25.635192727309914,-32.13668265683814,6.501489929528226,61.72839506172839,385.625,64.41156225049927,9685.5,18198,0.0,0.0,0.0
2011-04-08,19285,19385,19120,19160,5213,0,18957.0,18921.11111111111,18921.11111111111,18921.11111111111,-6.0040018579456955,-26.910146497059653,20.906144639113958,55.147058823529406,372.22222222222223,64.32065428069276,9188.555555555555,12985,0.0,0.0,0.0
2011-04-11,19175,19335,19090,19260,4217,0,19040.0,18955.0,18955.0,18955.0,17.422190439796395,-18.043679109688444,35.465869549484836,58.21917808219178,359.5,57.51793708012534,8691.4,17202,0.0,0.0,0.0
2011-04-12,19335,19525,19230,19295,6969,0,19149.0,18982.5,18985.909090909092,18985.909090909092,38.36952411535458,-6.761038464679839,45.13056258003442,59.197324414715716,353.6363636363636,71.68331218686623,8534.818181818182,24171,0.0,0.0,0.0
2011-04-13,19085,19210,18875,18885,4628,0,19181.0,18967.5,18977.5,18977.5,21.637440537906514,-1.0813426641625687,22.718783202069083,46.45669291338583,359.1666666666667,-3.6648168082492902,8209.25,19543,0.0,0.0,0.0
2011-04-14,18695,18830,18625,18800,2783,0,19080.0,18978.5,18963.846153846152,18963.846153846152,1.5010509483072383,-0.5648639416686074,2.0659148899758457,44.472361809045225,351.53846153846155,-51.414996919190344,7791.846153846154,16760,0.0,0.0,0.0
2011-04-15,18640,18775,18625,18665,1923,0,18981.0,18969.0,18942.5,18942.5,-25.061659424722166,-5.46422303827932,-19.597436386442844,41.64705882352942,338.92857142857144,-59.27737499283434,7372.642857142857,14837,0.0,0.0,0.0
2011-04-18,18690,18865,18590,18665,4996,0,18862.0,18951.0,18924.0,18924.0,-45.58729678906457,-13.48883778843637,-32.098459000628196,41.64705882352942,305.7142857142857,-51.404885405683146,7214.2,14837,0.0,0.0,0.0
2011-04-19,18660,18735,18610,18665,1667,0,18736.0,18942.5,18907.8125,18907.8125,-61.14912325070691,-23.02089488089048,-38.128228369816426,41.23222748815166,295.0,-54.92819589955411,6867.5,14837,0.0,0.0,0.0
2011-04-20,18385,18435,18035,18065,4195,0,18572.0,18876.5,18858.235294117647,18858.235294117647,-120.50782918788536,-42.51828174228946,-77.9895474455959,36.78646934460888,301.7857142857143,-120.60275599213952,6710.294117647059,10642,0.0,0.0,0.0
2011-04-21,18150,18265,18150,18250,1465,0,18462.0,18771.0,18824.444444444445,18824.444444444445,-150.88279447555396,-64.19118428894237,-86.6916101866116,39.71774193548387,298.2142857142857,-96.57494366234334,6418.888888888889,12107,0.0,0.0,0.0
2011-04-22,18385,18385,18225,18265,1252,0,18382.0,18681.5,18795.0,18795.0,-171.76480096047817,-85.70590762324953,-86.05889333722864,37.96680497925311,297.14285714285717,-77.53157360515331,6146.9473684210525,13359,0.0,0.0,0.0
2011-04-25,18320,18320,17965,18060,1710,0,18261.0,18561.5,18758.25,18758.25,-202.521190075895,-109.06896411377862,-93.45222596211637,36.30952380952382,309.64285714285717,-91.18263996700944,5925.1,11649,0.0,0.0,0.0
2011-04-26,18065,18135,17845,17845,1051,0,18097.0,18416.5,18699.5,18714.761904761905,-241.46113949593928,-135.54739919021077,-105.91374030572851,33.76383763837637,315.35714285714283,-97.76627289685538,4141.65,10598,0.0,0.0,0.0
2011-04-27,17780,17780,17505,17730,1753,0,18030.0,18301.0,18634.25,18670.0,-278.39174215271487,-164.1162677827116,-114.27547437000328,14.922048997772833,288.2142857142857,-108.02113169493204,3607.85,8845,0.0,0.0,0.0
2011-04-28,17705,17875,17505,17635,1487,0,17907.0,18184.5,18581.5,18625.0,-311.73176711568885,-193.63936764930705,-118.0923994663818,15.261958997722104,295.7142857142857,-92.02964321700152,3258.2,7358,0.0,0.0,0.0
2011-04-29,17640,17935,17640,17840,1639,0,17822.0,18102.0,18535.5,18592.291666666668,-317.9470941708314,-218.50091295361193,-99.44618121721948,19.130434782608702,299.64285714285717,-70.16804188959138,3074.7,8997,0.0,0.0,0.0
2011-05-02,17750,17810,17615,17635,774,0,17737.0,17999.0,18475.0,18554.0,-335.54660004969264,-241.9100503728281,-93.63654967686455,16.39676113360325,294.64285714285717,-71.97809706312937,2911.25,8223,0.0,0.0,0.0
2011-05-04,17635,17735,17545,17615,951,0,17691.0,17894.0,18418.25,18517.884615384617,-347.1069354243009,-262.94942738312267,-84.15750804117823,19.47115384615384,278.2142857142857,-68.47313660595466,2882.4,7272,0.0,0.0,0.0
2011-05-05,17675,17680,17525,17565,570,0,17658.0,17844.0,18360.25,18482.59259259259,-356.1971476360377,-281.5989714337057,-74.59817620233201,19.804400977995115,270.7142857142857,-64.43296957658617,2847.15,6702,0.0,0.0,0.0
2011-05-06,17395,17395,16535,16800,2035,0,17491.0,17699.0,18235.0,18422.5,-420.2855230425448,-309.3362817554735,-110.94924128707129,15.140186915887853,331.7857142857143,-101.96729591100214,2563.9,4667,0.0,0.0,0.0
2011-05-09,16305,16525,16275,16340,3270,0,17191.0,17506.5,18094.0,18350.689655172413,-502.40279126083624,-347.9495836565461,-154.45320760429013,12.918660287081337,349.64285714285717,-116.51670314980372,2466.75,1397,0.0,0.0,0.0
2011-05-10,16415,16725,16415,16705,1623,0,17005.0,17371.0,17966.25,18295.833333333332,-531.8974852636456,-384.7391639779661,-147.15832128567956,22.0,368.2142857142857,-89.13642875469286,2337.05,3020,0.0,0.0,0.0
2011-05-11,16590,16795,16550,16730,1380,0,16828.0,17259.5,17838.0,18245.322580645163,-546.9500519579997,-417.1813415739729,-129.7687103840268,27.179487179487182,340.7142857142857,-77.30182485863915,2057.6,4400,0.0,0.0,0.0
2011-05-12,16775,17285,16680,16760,1819,0,16667.0,17162.5,17731.75,18198.90625,-550.1171620238565,-443.7685056639496,-106.3486563599069,23.10469314079421,369.64285714285717,-57.66530739727472,1917.15,6219,0.0,0.0,0.0
2011-05-13,16535,16585,16305,16305,2212,0,16568.0,17029.5,17607.0,18141.515151515152,-582.6256709127847,-471.53993871371665,-111.08573219906805,19.470404984423666,390.7142857142857,-82.07266344729855,1888.6,4007,0.0,0.0,0.0
2011-05-16,16560,16825,16425,16790,1918,0,16658.0,16924.5,17513.25,18101.764705882353,-562.76623290938,-489.78519755284935,-72.9810353565307,31.805157593123212,402.5,-57.82402961834477,1888.35,5925,0.0,0.0,0.0
2011-05-17,16660,16740,16545,16640,1436,0,16645.0,16825.0,17412.0,18060.0,-552.7593657225589,-502.38003118679126,-50.37933453576761,32.408759124087595,399.2857142857143,-55.54554202600896,1710.35,4489,0.0,0.0,0.0
2011-05-18,16590,16695,16315,16655,1966,0,16630.0,16729.0,17311.5,18020.972222222223,-537.4233943856198,-509.388703826557,-28.034690559062767,33.834586466165405,402.14285714285717,-57.15984910241064,1725.3,6455,0.0,0.0,0.0
2011-05-19,16820,16940,16705,16795,2609,0,16637.0,16652.0,17248.0,17987.837837837837,-508.1154579320573,-509.1340546476571,1.018596715599756,37.53709198813056,396.07142857142856,-34.140120997498194,1646.0,9064,0.0,0.0,0.0
2011-05-20,17265,17265,17010,17030,2770,0,16782.0,16675.0,17187.0,17962.63157894737,-460.61647116152017,-499.4305379504297,38.81406678890954,38.08823529411765,408.2142857142857,-8.389005614672119,1711.25,11834,0.0,0.0,0.0
2011-05-23,17080,17080,16935,17020,1196,0,16828.0,16743.0,17124.75,17938.46153846154,-418.9506955303441,-483.3345694664126,64.38387393606848,40.40561622464899,402.5,-11.525206430528817,1708.45,10638,0.0,0.0,0.0
2011-05-24,17085,17160,16650,16695,1801,0,16839.0,16742.0,17056.5,17907.375,-407.4581283488769,-468.1592812429055,60.70115289402855,36.894586894586894,425.35714285714283,-23.482656463089995,1713.0,8837,0.0,0.0,0.0
2011-05-25,16690,16885,16610,16845,1302,0,16877.0,16753.5,17006.5,17881.463414634145,-381.8447708323547,-450.89637916079533,69.05160832844064,40.02770083102493,433.92857142857144,-25.059120555347352,1725.55,10139,0.0,0.0,0.0
2011-05-26,16955,17180,16875,17175,1367,0,16953.0,16795.0,16978.75,17864.64285714286,-331.10103179994985,-426.93730968862627,95.83627788867642,55.90551181102363,384.2857142857143,9.684820043535199,1706.25,11506,0.0,0.0,0.0
2011-05-27,17135,17315,17135,17290,1566,0,17005.0,16893.5,16961.5,17851.279069767443,-278.39752079963364,-397.2293519108278,118.83183111119416,66.7844522968198,359.64285714285717,32.61937022009391,1710.2,13072,0.0,0.0,0.0
2011-05-30,17185,17425,17125,17400,1790,0,17081.0,16954.5,16939.5,17841.022727272728,-225.15804613215732,-362.8150907550937,137.65704462293638,63.49514563106796,353.57142857142856,47.94286651599283,1717.75,14862,0.0,0.0,0.0
2011-05-31,17315,17455,17115,17125,1567,0,17167.0,17003.0,16914.0,17825.11111111111,-202.81762528291438,-330.81559766065783,127.99797237774345,56.991150442477874,360.35714285714283,43.757692201598616,1757.4,13295,0.0,0.0,0.0
2011-06-01,17200,17265,16980,17180,2142,0,17234.0,17055.5,16892.25,17811.08695652174,-178.61567019837457,-300.3756121682012,121.75994196982663,57.368421052631575,337.5,38.505735073682104,1816.95,15437,0.0,0.0,0.0
2011-06-02,17170,17170,16995,17040,1268,0,17207.0,17080.0,16866.0,17794.68085106383,-168.7866094318706,-274.0578116209351,105.27120218906452,64.49704142011834,318.2142857142857,35.69198476795446,1851.85,14169,0.0,0.0,0.0
2011-06-03,16925,16985,16865,16965,992,0,17142.0,17073.5,16874.25,17777.395833333332,-165.1451902053268,-252.2752873378135,87.1300971324867,54.117647058823536,293.57142857142856,12.010026918944916,1799.7,13177,0.0,0.0,0.0
2011-06-06,16795,17065,16760,16975,1767,0,17057.0,17069.0,16906.0,17761.020408163266,-159.61250915655182,-233.74273170156118,74.13022254500936,58.4382871536524,297.85714285714283,6.741540966935449,1724.55,14944,0.0,0.0,0.0
2011-06-08,16975,17250,16930,17115,2259,0,17055.0,17111.0,16926.5,17748.1,-142.29075039575764,-215.45233544040047,73.16158504464283,60.90047393364929,293.57142857142856,35.3762279650986,1756.35,17203,0.0,0.0,0.0
2011-06-09,17185,17265,16950,17105,2019,0,17040.0,17137.0,16945.25,17735.49019607843,-127.89574566412921,-197.94101748514623,70.04527182101702,57.82828282828283,295.7142857142857,33.279378419571295,1788.3,15184,0.0,0.0,0.0
2011-06-10,17190,17215,17070,17070,1036,0,17046.0,17126.5,16960.75,17722.69230769231,-117.95212947081018,-181.94323988227904,63.99111041146887,51.12359550561798,272.5,33.127981312929975,1749.15,14148,0.0,0.0,0.0
2011-06-13,17165,17235,17075,17155,1456,0,17084.0,17113.0,17003.25,17711.98113207547,-102.0367363909063,-165.9619391840045,63.92520279309821,53.6388140161725,273.92857142857144,38.15961977074658,1711.35,15604,0.0,0.0,0.0
2011-06-14,17055,17110,16920,17025,1328,0,17094.0,17075.5,17015.0,17699.25925925926,-98.77496988795247,-152.5245453247941,53.74957543684164,59.93975903614457,254.28571428571428,2.2311305752655164,1681.85,14276,0.0,0.0,0.0
2011-06-15,17050,17060,16905,17025,1001,0,17076.0,17065.5,17034.25,17687.0,-95.09381413905066,-141.03839908764542,45.94458494859475,55.96026490066225,245.71428571428572,-8.460658642107738,1660.1,14276,0.0,0.0,0.0
2011-06-16,17115,17155,17040,17065,1169,0,17068.0,17054.0,17054.75,17675.89285714286,-87.93514437408157,-130.41774814493266,42.482603770851085,45.49180327868853,231.07142857142858,11.580807777784477,1620.25,15445,0.0,0.0,0.0
2011-06-17,16920,16955,16765,16780,1405,0,17010.0,17028.0,17054.0,17660.175438596492,-104.05943279897474,-125.14608507574107,21.08665227676633,31.654676258992794,239.64285714285714,-78.85402638394756,1560.05,14040,0.0,0.0,0.0
2011-06-20,16805,16865,16685,16705,943,0,16920.0,17002.0,17037.75,17643.706896551725,-121.4894658065241,-124.41476122189769,2.925295415373597,24.354243542435427,231.07142857142858,-91.96554077145471,1468.7,13097,0.0,0.0,0.0
2011-06-21,16635,16715,16540,16555,1043,0,16826.0,16960.0,17014.5,17625.254237288136,-145.72679120210887,-128.67716721793994,-17.04962398416893,26.829268292682926,219.28571428571428,-112.8852758397838,1461.05,12054,0.0,0.0,0.0
2011-06-22,16620,16975,16615,16935,1732,0,16808.0,16942.0,17026.5,17613.75,-132.74205421913575,-129.4901446181791,-3.251909600956651,42.12218649517685,228.92857142857142,-48.00119749237456,1457.6,13786,0.0,0.0,0.0
2011-06-23,16885,16935,16770,16805,1089,0,16756.0,16912.0,17024.5,17576.833333333332,-131.4264676459352,-129.87740922373033,-1.5490584222048653,42.39482200647249,227.5,-51.11192377463164,1446.95,12697,0.0,0.0,0.0
2011-06-24,16990,16995,16800,16940,1680,0,16788.0,16899.0,17012.75,17541.916666666668,-118.12876913250511,-127.5276812054853,9.398912072980181,49.22118380062306,228.92857142857142,-27.740348858027275,1462.6,14377,0.0,0.0,0.0
2011-06-27,16960,17130,16945,17115,2090,0,16870.0,16895.0,17004.0,17515.666666666668,-92.40403361192512,-120.50295168677327,28.098918074848157,53.954802259887,220.71428571428572,17.628706091544842,1488.8,16467,0.0,0.0,0.0
2011-06-28,16995,17050,16835,16855,1396,0,16930.0,16878.0,16976.75,17483.916666666668,-91.93702961589224,-114.78976727259708,22.852737656704832,43.12169312169311,217.85714285714286,-22.07333162438674,1469.1,15071,0.0,0.0,0.0
2011-06-29,16935,17040,16905,16950,842,0,16933.0,16870.5,16968.0,17452.333333333332,-82.94508027864867,-108.4208298738074,25.47574959515873,46.075949367088604,208.57142857142858,-1.4073124742711935,1432.85,15913,0.0,0.0,0.0
2011-06-30,17025,17065,16965,17060,1020,0,16984.0,16870.0,16962.0,17424.166666666668,-66.17993387165188,-99.97265067337631,33.792716801724424,49.75609756097561,206.42857142857142,23.724725069522513,1376.75,16933,0.0,0.0,0.0
2011-07-01,17185,17295,17135,17285,1425,0,17053.0,16920.5,16974.25,17400.166666666668,-34.34194242603553,-86.84650902390815,52.504566597872625,52.968036529680376,211.42857142857142,87.8786939770216,1384.6,18358,0.0,0.0,0.0
2011-07-04,17285,17320,17210,17245,1056,0,17079.0,16974.5,16988.25,17365.833333333332,-12.197169157523604,-71.91664105063124,59.71947189310764,55.23809523809524,202.5,82.33805154014685,1387.8,17302,0.0,0.0,0.0
2011-07-05,17290,17495,17290,17435,1314,0,17195.0,17062.5,17011.25,17337.083333333332,20.448418664331257,-53.44362910763875,73.89204777197,58.951965065502186,209.28571428571428,104.92977181619075,1365.15,18616,0.0,0.0,0.0
2011-07-06,17420,17515,17300,17305,983,0,17266.0,17099.5,17020.75,17304.5,35.4220453775888,-35.67049421059324,71.09253958818204,55.04201680672269,215.35714285714286,85.17018385304695,1301.35,17633,0.0,0.0,0.0
2011-07-07,17365,17440,17335,17400,806,0,17334.0,17159.0,17035.5,17272.916666666668,54.32819684378774,-17.670755999717045,71.99895284350478,64.15525114155251,203.57142857142858,80.15253023510829,1240.7,18439,0.0,0.0,0.0
2011-07-08,17370,17470,17310,17405,779,0,17358.0,17205.5,17052.25,17248.25,68.92044432477996,-0.3525159348176423,69.27296025959761,66.50943396226415,202.14285714285714,73.2527863212508,1227.85,19218,0.0,0.0,0.0
2011-07-11,17500,17550,17385,17390,635,0,17387.0,17233.0,17064.0,17224.75,78.37111748710231,15.392210749566349,62.978906737535965,71.03274559193954,201.42857142857142,75.36847348609237,1186.8,18583,0.0,0.0,0.0
2011-07-12,17305,17390,17155,17255,934,0,17351.0,17273.0,17075.5,17201.25,74.11314213009246,27.13639702567157,46.976745104420885,59.195402298850574,188.21428571428572,37.048332097931876,1167.1,17649,0.0,0.0,0.0
2011-07-13,17165,17270,17155,17270,601,0,17344.0,17305.0,17087.75,17178.0,71.12910853551148,35.934939327639555,35.19416920787192,64.3076923076923,184.64285714285714,27.60640739444986,1147.1,18250,0.0,0.0,0.0
2011-07-14,17435,17785,17395,17780,1657,0,17420.0,17377.0,17123.5,17163.25,108.66436302938018,50.48082406798768,58.1835389613925,71.0,207.5,94.38345862980401,1171.5,19907,0.0,0.0,0.0
2011-07-15,17635,17680,17565,17640,918,0,17467.0,17412.5,17166.5,17156.166666666668,125.6658944644114,65.51783814727243,60.148056317138966,63.3587786259542,209.28571428571428,79.23459986410367,1147.15,18989,0.0,0.0,0.0
2011-07-18,17550,17615,17500,17520,643,0,17493.0,17440.0,17207.25,17144.0,127.98144308770861,78.01055913535967,49.97088395234894,68.21917808219177,199.28571428571428,59.32414758335205,1132.15,18346,0.0,0.0,0.0
2011-07-19,17570,17665,17540,17605,651,0,17563.0,17457.0,17259.75,17133.0,135.11776815624034,89.43200093953581,45.685767216704534,68.04407713498622,196.42857142857142,65.93574937657581,1112.55,18997,0.0,0.0,0.0
2011-07-20,17670,17825,17650,17820,1091,0,17673.0,17508.5,17304.0,17129.0,156.3200995557345,102.80962066277556,53.51047889295893,69.79166666666667,203.92857142857142,85.72451574468089,1080.5,20088,0.0,0.0,0.0
2011-07-21,17825,17900,17695,17770,946,0,17671.0,17545.5,17352.25,17127.75,167.16158313589767,115.6800131574,51.481569978497674,63.89684813753581,201.78571428571428,81.68780442690493,1073.35,19142,0.0,0.0,0.0
2011-07-22,17685,17735,17515,17530,924,0,17649.0,17558.0,17381.75,17124.416666666668,154.60534852621277,123.46508023116256,31.140268295050205,57.326478149100254,212.14285714285714,41.86929119247998,1035.55,18218,0.0,0.0,0.0
2011-07-25,17570,17665,17570,17665,512,0,17678.0,17585.5,17409.25,17124.916666666668,153.77518923342723,129.5271020316155,24.248087201811728,56.08465608465608,203.92857142857142,44.99443914073014,956.65,18730,0.0,0.0,0.0
2011-07-26,17615,17620,17485,17495,712,0,17656.0,17609.5,17441.25,17119.166666666668,137.81110216092202,131.1839020574768,6.627200103445205,54.9222797927461,201.42857142857142,21.344960483496305,922.45,18018,0.0,0.0,0.0
2011-07-27,17495,17780,17495,17720,911,0,17636.0,17654.5,17479.75,17120.583333333332,141.68184759231008,133.28349116444346,8.398356427866617,57.76699029126213,212.14285714285714,47.901856925995794,925.9,18929,0.0,0.0,0.0
2011-07-28,17755,17920,17730,17855,1310,0,17653.0,17662.0,17519.5,17124.583333333332,153.86910572125998,137.40061407580677,16.468491645453213,60.273972602739725,215.0,85.64010480442691,940.4,20239,0.0,0.0,0.0
2011-07-29,17785,17810,17665,17785,1018,0,17704.0,17676.5,17544.5,17128.25,156.07998766592573,141.13648879383055,14.943498872095176,58.797327394209354,216.78571428571428,58.45683218202005,920.05,19221,0.0,0.0,0.0
2011-08-01,17720,17865,17515,17625,1178,0,17696.0,17687.0,17563.5,17142.0,143.26993804802987,141.56317864467042,1.706759403359456,58.14977973568282,225.0,31.562307357848002,926.15,18043,0.0,0.0,0.0
2011-08-02,17655,17745,17615,17685,658,0,17734.0,17695.0,17576.0,17164.416666666668,136.38719332691107,140.52798158111855,-4.140788254207479,58.96328293736501,226.07142857142858,31.768016180045,893.35,18701,0.0,0.0,0.0
2011-08-03,17535,17620,17160,17275,824,0,17645.0,17640.5,17574.5,17173.916666666668,96.73390679809017,131.76916662451288,-35.0352598264227,38.60045146726862,226.78571428571428,-63.29427886314516,885.4,17877,0.0,0.0,0.0
2011-08-04,17170,17365,17140,17175,521,0,17509.0,17581.0,17563.25,17181.333333333332,56.58692838607385,116.73271897682508,-60.14579059075123,39.310344827586206,227.5,-90.44686787859341,871.15,17356,0.0,0.0,0.0
2011-08-05,17165,17180,16955,17005,346,0,17353.0,17528.5,17543.25,17185.416666666668,10.926624178526254,95.57150001716532,-84.64487583863907,38.42696629213483,233.57142857142858,-115.31673950396038,849.5,17010,0.0,0.0,0.0
2011-08-08,16645,16705,16045,16355,848,0,17099.0,17397.5,17491.5,17186.25,-76.82349021973278,61.09250196978571,-137.91599218951848,27.59856630824372,291.7857142857143,-164.84878948002384,860.15,16162,0.0,0.0,0.0
2011-08-09,16090,16285,15595,16265,1568,0,16815.0,17274.5,17442.0,17177.5,-151.8775856574648,18.49848444433561,-170.37607010180042,20.825515947467167,330.35714285714283,-147.64686882135172,891.85,14594,0.0,0.0,0.0
2011-08-10,15510,16170,15215,16040,2430,0,16568.0,17106.5,17380.5,17167.5,-226.89857113537437,-30.58092667160639,-196.31764446376798,19.542253521126753,390.7142857142857,-131.05038586241028,983.3,12164,0.0,0.0,0.0
2011-08-11,16315,16620,16015,16495,1672,0,16432.0,16970.5,17316.25,17164.833333333332,-246.79366151111026,-73.82347363950717,-172.9701878716031,33.06055646481178,415.7142857142857,-73.37509504489114,984.05,13836,0.0,0.0,0.0
2011-08-12,16575,16605,16415,16540,991,0,16339.0,16846.0,17261.25,17160.583333333332,-255.9787760617728,-110.2545341239603,-145.7242419378125,31.02866779089375,419.64285714285717,-55.921252599388154,987.7,14827,0.0,0.0,0.0
2011-08-15,16755,16770,16625,16675,685,0,16403.0,16751.0,17219.0,17154.666666666668,-249.48872306229896,-138.10137191162804,-111.38735115067092,36.006825938566564,423.2142857142857,-38.98319444984802,989.8,15512,0.0,0.0,0.0
2011-08-16,16675,16850,16675,16745,524,0,16499.0,16657.0,17176.0,17150.083333333332,-235.97670178849512,-157.67643788700144,-78.30026390149368,32.432432432432435,415.35714285714283,-30.626669685775116,983.45,16036,0.0,0.0,0.0
2011-08-17,16850,16850,16425,16465,660,0,16584.0,16576.0,17108.25,17146.25,-245.0373494880696,-175.1486202072151,-69.8887292808545,26.19863013698631,431.42857142857144,-39.91791357381217,961.9,15376,0.0,0.0,0.0
2011-08-18,16470,16710,16470,16670,699,0,16619.0,16525.5,17053.25,17143.333333333332,-232.99042276279943,-186.71698071833197,-46.27344204446746,31.751227495908353,435.35714285714283,-33.2238099225633,949.55,16075,0.0,0.0,0.0
2011-08-19,16665,16780,16640,16685,787,0,16648.0,16493.5,17011.0,17135.166666666668,-219.70020469869633,-193.31362551440486,-26.386579184291463,33.84879725085911,420.35714285714283,-23.36123697196486,942.7,16862,0.0,0.0,0.0
2011-08-22,16435,16615,16425,16615,931,0,16636.0,16519.5,16958.5,17123.916666666668,-212.36798023595475,-197.12449645871487,-15.243483777239874,31.678082191780817,429.64285714285717,-31.64141076335387,963.65,15931,0.0,0.0,0.0
2011-08-23,16695,16745,16585,16585,634,0,16604.0,16551.5,16913.0,17110.333333333332,-206.59637440063307,-199.0188720470985,-7.577502353534555,36.41732283464567,403.57142857142856,-21.365448161400256,959.75,15297,0.0,0.0,0.0
2011-08-24,16565,16680,16545,16665,351,0,16644.0,16614.0,16860.25,17102.666666666668,-193.3383199780801,-197.88276163329482,4.544441655214712,39.88095238095239,397.14285714285717,-18.544282461237138,931.75,15648,0.0,0.0,0.0
2011-08-25,16805,16805,16665,16705,402,0,16651.0,16635.0,16802.75,17094.75,-177.55678651336711,-193.8175666093093,16.26078009594218,43.72384937238493,391.07142857142856,-5.9231729253437715,886.35,16050,0.0,0.0,0.0
2011-08-26,16740,16830,16700,16795,482,0,16673.0,16660.5,16753.25,17090.666666666668,-155.9894108756198,-186.25193546257142,30.262524586951628,62.021857923497265,331.7857142857143,3.915309455313371,859.55,16532,0.0,0.0,0.0
2011-08-29,16870,16895,16735,16775,325,0,16705.0,16670.5,16710.75,17087.5,-138.9096788417628,-176.7834841384097,37.87380529664691,64.48863636363636,288.92857142857144,12.780947752696864,816.9,16207,0.0,0.0,0.0
2011-08-30,16910,16950,16835,16875,347,0,16763.0,16683.5,16670.25,17085.833333333332,-115.96789814467775,-164.6203669396633,48.652468794985566,75.53516819571865,226.42857142857142,32.90000365046779,801.35,16554,0.0,0.0,0.0
2011-08-31,16925,17010,16840,16920,494,0,16814.0,16729.0,16652.5,17082.583333333332,-93.08225346012841,-150.31274424375636,57.23049078362794,67.34693877551021,195.35714285714286,45.4243898886027,784.85,17048,0.0,0.0,0.0
2011-09-01,16955,17000,16900,16970,583,0,16867.0,16759.0,16642.25,17080.333333333332,-70.10253465074857,-134.27070232515482,64.16816767440625,67.47967479674796,188.92857142857142,56.56759026500864,787.95,17631,0.0,0.0,0.0
2011-09-02,16960,17005,16795,16800,575,0,16868.0,16770.5,16632.0,17075.833333333332,-64.86084573000335,-120.38873100612453,55.52788527612118,54.940711462450594,187.5,44.61403885125617,799.4,17056,0.0,0.0,0.0
2011-09-05,16800,16830,16575,16650,386,0,16843.0,16774.0,16646.75,17067.416666666668,-71.9807664248001,-110.70713808985965,38.72637166505956,46.468401486988846,193.21428571428572,10.334583533037796,776.3,16670,0.0,0.0,0.0
2011-09-06,16575,16735,16520,16570,349,0,16782.0,16772.5,16662.0,17059.833333333332,-83.12052461673738,-105.1898153952352,22.069290778497816,54.585152838427945,178.21428571428572,-9.466036231108946,715.35,16321,0.0,0.0,0.0
2011-09-07,16530,16545,16375,16460,352,0,16690.0,16752.0,16683.0,17050.416666666668,-99.67594172304962,-104.0870406607981,4.411098937748477,39.99999999999999,174.64285714285714,-73.88241252031762,611.45,15969,0.0,0.0,0.0
2011-09-08,16535,16680,16495,16675,250,0,16631.0,16749.0,16692.0,17043.916666666668,-94.35980479240607,-102.14159348711969,7.781788694713626,49.6,180.35714285714286,-30.261538223435295,540.35,16219,0.0,0.0,0.0
2011-09-09,16700,16720,16600,16625,194,0,16596.0,16732.0,16696.25,17041.333333333332,-93.10801882347005,-100.33487855438977,7.2268597309197276,50.40650406504064,170.35714285714286,-21.998273006733456,500.5,16025,0.0,0.0,0.0
2011-09-12,16635,16705,16570,16615,268,0,16589.0,16716.0,16693.25,17039.833333333332,-91.86393558486088,-98.640689960484,6.7767543756231134,51.2396694214876,168.57142857142858,-27.630663714415657,479.65,15757,0.0,0.0,0.0
2011-09-14,16615,16615,16415,16435,198,0,16562.0,16672.0,16677.75,17037.833333333332,-104.20131839695387,-99.75281564777798,-4.448502749175887,41.221374045801525,173.21428571428572,-72.04321193657964,463.35,15559,0.0,0.0,0.0
2011-09-15,16440,16580,16295,16365,268,0,16543.0,16616.5,16672.75,17028.333333333332,-118.26392523381219,-103.45503756498482,-14.808887668827367,37.3134328358209,183.57142857142858,-88.68387303792035,443.75,15291,0.0,0.0,0.0
2011-09-16,16360,16385,16260,16290,209,0,16466.0,16548.5,16653.75,17019.75,-133.91680608623574,-109.547391269235,-24.36941481700073,30.943396226415103,183.21428571428572,-103.08352590833456,419.25,15082,0.0,0.0,0.0
2011-09-19,16355,16375,16300,16365,114,0,16414.0,16505.0,16637.75,17010.166666666668,-138.67143574455622,-115.37220016429926,-23.299235580256962,35.144927536231876,177.85714285714286,-81.17314644230602,385.6,15196,0.0,0.0,0.0
2011-09-20,16235,16235,15775,15820,187,0,16255.0,16422.0,16598.0,16988.583333333332,-184.29205515498325,-129.15617116243607,-55.13588399254718,21.0958904109589,207.5,-138.62386099536673,348.4,15009,0.0,0.0,0.0
2011-09-21,15635,15815,15635,15780,275,0,16124.0,16343.0,16557.75,16970.666666666668,-221.12539452036071,-147.550015834021,-73.57537868633972,18.681318681318686,208.57142857142858,-132.9999331041811,330.45,14734,0.0,0.0,0.0
2011-09-22,15745,15860,15635,15860,475,0,16023.0,16283.0,16517.5,16952.5,-241.08171004001088,-166.25635467521897,-74.8253553647919,20.0,217.5,-104.25597467864179,336.65,15209,0.0,0.0,0.0
2011-09-23,15575,15575,14905,15130,937,0,15791.0,16128.5,16438.75,16920.333333333332,-312.2032482956929,-195.44573339931378,-116.75751489637912,15.352697095435687,270.7142857142857,-135.7021084432289,363.4,14272,0.0,0.0,0.0
2011-09-26,14695,14695,14355,14355,1159,0,15389.0,15901.5,16316.75,16871.5,-426.1907412504788,-241.5947349695468,-184.59600628093202,12.191103789126842,307.85714285714283,-147.76200100854885,397.25,13113,0.0,0.0,0.0
2011-09-27,13920,14160,13480,13515,1818,0,14928.0,15591.5,16153.75,16809.333333333332,-577.648854064053,-308.8055587884481,-268.84329527560493,9.749670619235843,355.0,-144.74534558768454,471.9,11295,0.0,0.0,0.0
2011-09-28,14090,14430,14090,14270,1180,0,14626.0,15375.0,16023.5,16756.583333333332,-629.5018045127017,-372.9448079332988,-256.5569965794029,25.33783783783784,406.42857142857144,-95.63296160014986,513.55,12475,0.0,0.0,0.0
2011-09-29,14515,14570,14135,14390,811,0,14332.0,15177.5,15897.0,16708.0,-653.380876180303,-429.03202158269966,-224.3488545976033,23.705408515535098,421.7857142857143,-79.2663691308489,529.4,13286,0.0,0.0,0.0
2011-09-30,13780,14245,13475,14245,851,0,14155.0,14973.0,15760.75,16655.416666666668,-676.2105662198173,-478.46773051012326,-197.74283570969408,23.1981981981982,478.57142857142856,-85.76490580829935,542.8,12435,0.0,0.0,0.0
2011-10-03,14200,14765,14200,14765,409,0,14237.0,14813.0,15659.0,16611.416666666668,-644.9094907098079,-511.7560825500602,-133.15340815974764,31.313131313131308,509.2857142857143,-52.08446757263846,534.5,12844,0.0,0.0,0.0
2011-10-11,14500,14780,14500,14625,402,0,14459.0,14693.5,15557.75,16565.333333333332,-624.2045513135363,-534.2457763027555,-89.95877501078076,31.568228105906314,515.0,-44.58760444465371,535.3,12442,0.0,0.0,0.0
2011-10-12,14835,14870,14610,14655,303,0,14536.0,14581.0,15462.0,16522.0,-598.4761281248484,-547.0918466671742,-51.384281457674206,32.4435318275154,513.2142857142857,-36.8309608464977,533.0,12745,0.0,0.0,0.0
2011-10-13,14615,14820,14485,14785,268,0,14615.0,14473.5,15378.25,16480.583333333332,-561.1279204627735,-549.8990614262941,-11.228859036479435,34.72081218274111,528.2142857142857,-33.728636468396125,528.8,13013,0.0,0.0,0.0
2011-10-14,14835,14930,14740,14795,416,0,14725.0,14440.0,15284.25,16430.833333333332,-524.6741632293779,-544.8540817869109,20.17991855753303,33.8477366255144,535.7142857142857,-23.9668342607858,537.1,13429,0.0,0.0,0.0
2011-10-17,14785,14985,14785,14970,388,0,14766.0,14501.5,15201.5,16386.333333333332,-476.17422051683934,-531.1181095328966,54.943889016057256,40.534521158129174,507.85714285714283,-15.626524569051625,546.8,13817,0.0,0.0,0.0
2011-10-18,14975,15040,14850,14925,246,0,14826.0,14642.5,15117.0,16343.083333333334,-436.3389466478493,-512.1622769558871,75.82333030803784,40.48943270300334,508.2142857142857,-10.382675209823505,545.7,13571,0.0,0.0,0.0
2011-10-19,14620,14675,14290,14305,316,0,14756.0,14646.0,15010.5,16288.083333333334,-449.61514009353596,-499.6528495834169,50.03770948988097,34.55809334657397,537.5,-36.537205175507374,551.6,13255,0.0,0.0,0.0
2011-10-20,14435,14575,14320,14430,252,0,14685.0,14650.0,14913.75,16231.583333333334,-444.9213869231371,-488.706557051361,43.78517012822391,42.09932279909707,488.57142857142856,-31.731250981607747,550.8,13507,0.0,0.0,0.0
2011-10-21,13885,13955,13735,13745,502,0,14475.0,14600.0,14786.5,16164.5,-490.81749042868614,-489.12874372682603,-1.6887467018601114,42.972350230414754,482.85714285714283,-69.12009673249926,565.45,13005,0.0,0.0,0.0
2011-10-24,13585,14265,13585,14235,306,0,14328.0,14547.0,14680.0,16109.583333333334,-482.09429527857355,-487.7218540371756,5.627558758602049,59.02255639097744,468.92857142857144,-51.72234509278527,575.05,13311,0.0,0.0,0.0
2011-10-25,14640,15025,14550,15025,785,0,14348.0,14587.0,14640.25,16065.583333333334,-406.745988021039,-471.5266808339483,64.78069281290931,59.37888198757764,460.0,22.3885202720858,604.95,14096,0.0,0.0,0.0
2011-10-26,15250,15650,14860,15095,1270,0,14506.0,14631.0,14606.0,16025.583333333334,-337.4930864600519,-444.7199619591691,107.22687549911717,58.867924528301884,485.35714285714283,60.383484633365065,654.7,15366,0.0,0.0,0.0
2011-10-27,14875,15195,14760,15015,485,0,14623.0,14654.0,14563.75,15980.5,-285.77080647398,-412.9301308621313,127.15932438815133,59.846547314578004,451.07142857142856,50.653791952191405,655.2,14881,0.0,0.0,0.0
2011-10-28,15080,15150,14950,15105,345,0,14895.0,14685.0,14562.5,15934.666666666666,-234.81151809202674,-377.30640830811046,142.49489021608372,54.88505747126437,425.0,61.92245424673181,625.6,15226,0.0,0.0,0.0
2011-10-31,15580,15725,15360,15435,424,0,15135.0,14731.5,14616.5,15895.5,-165.885448640729,-335.0222163746342,169.13676773390517,61.03542234332426,449.2857142857143,96.18081467504815,588.85,15650,0.0,0.0,0.0
2011-11-01,15565,15565,15185,15345,380,0,15199.0,14773.5,14708.0,15857.5,-117.17259709181235,-291.45229251806984,174.2796954262575,59.24932975871314,457.85714285714283,75.38541366171188,516.95,15270,0.0,0.0,0.0
2011-11-02,15450,15450,15275,15315,310,0,15243.0,14874.5,14760.25,15818.0,-80.06511970058818,-249.17485795457353,169.10973825398534,57.30027548209366,446.42857142857144,65.65493970470953,473.45,14960,0.0,0.0,0.0
2011-11-03,15015,15340,15015,15285,338,0,15297.0,14960.0,14805.0,15784.833333333334,-52.47304915532186,-209.8344961947232,157.36144703940133,56.71232876712329,456.07142857142856,46.479897992263574,449.8,14622,0.0,0.0,0.0
2011-11-04,15230,15260,15080,15115,173,0,15299.0,15097.0,14848.5,15750.5,-43.818600162245275,-176.6313169882276,132.81271682598233,51.989026063100134,456.42857142857144,36.16959600818748,415.9,14449,0.0,0.0,0.0
2011-11-07,15215,15535,15215,15480,285,0,15308.0,15221.5,14884.25,15725.083333333334,-7.4218825732277764,-142.78943010522767,135.3675475319999,56.99873896595208,472.85714285714283,59.11841857528791,409.7,14734,0.0,0.0,0.0
2011-11-08,15480,15480,15350,15405,183,0,15320.0,15259.5,14923.25,15709.25,15.195738131251346,-111.19239645793186,126.38813458918321,66.08187134502924,436.7857142857143,53.64337585544669,398.75,14551,0.0,0.0,0.0
2011-11-09,15415,15450,15300,15335,167,0,15324.0,15283.5,14957.25,15693.75,27.158879844093462,-83.52214119752679,110.68102104162026,63.44725111441307,428.2142857142857,43.98593084390406,391.95,14384,0.0,0.0,0.0
2011-11-10,15450,15510,15385,15425,157,0,15352.0,15324.5,14989.25,15683.5,43.401695945673055,-58.13737376888682,101.53906971455987,80.32490974729242,391.07142857142856,47.52144931330746,386.4,14541,0.0,0.0,0.0
2011-11-11,15200,15250,14605,14670,660,0,15263.0,15281.0,14983.0,15653.083333333334,-4.5949774328109925,-47.42889450167165,42.83391706886066,57.166392092257,401.07142857142856,-15.165711407571552,398.6,13881,0.0,0.0,0.0
2011-11-14,15005,15025,14610,14910,237,0,15149.0,15228.5,14980.0,15625.916666666666,-23.001545151761093,-42.54342463168954,19.541879479928447,47.686116700201204,374.2857142857143,-14.105924628594133,391.05,14118,0.0,0.0,0.0
2011-11-15,15200,15620,15200,15520,227,0,15172.0,15246.0,15009.75,15606.666666666666,11.50044931517732,-31.73464984231617,43.235099157493494,57.02479338842975,368.57142857142856,44.741698247227,390.1,14345,0.0,0.0,0.0
2011-11-16,15455,15490,15315,15325,218,0,15170.0,15247.0,15060.75,15583.0,22.845311654629768,-20.818657542926985,43.66396919755675,54.93630573248407,352.14285714285717,33.668321607335784,385.2,14127,0.0,0.0,0.0
2011-11-17,15405,15435,15240,15265,357,0,15138.0,15245.0,15102.5,15563.0,26.687066346170468,-11.317512765107494,38.00457911127796,52.57234726688103,351.7857142857143,23.400865762651843,390.45,13770,0.0,0.0,0.0
2011-11-18,15305,15390,15125,15285,123,0,15261.0,15262.0,15179.5,15539.916666666666,30.988303596279366,-2.856349492830123,33.844653089109485,47.32142857142857,326.42857142857144,13.769175227925635,371.5,13893,0.0,0.0,0.0
2011-11-21,14955,15170,14945,15170,214,0,15313.0,15231.0,15226.25,15514.666666666666,24.83128658600799,2.6811777229375005,22.15010886307049,46.902654867256636,323.57142857142856,-30.99981253090176,366.9,13679,0.0,0.0,0.0
2011-11-22,15315,15320,15230,15250,102,0,15259.0,15215.5,15237.5,15491.916666666666,26.10620161686711,7.366182501723422,18.74001911514369,48.869565217391305,321.7857142857143,5.309808344976419,332.75,13781,0.0,0.0,0.0
2011-11-23,15030,15270,15030,15265,122,0,15247.0,15208.5,15246.0,15469.916666666666,28.004141294984947,11.493774260375728,16.510367034609217,49.65034965034965,315.7142857142857,-14.711641843833224,275.35,13903,0.0,0.0,0.0
2011-11-24,15285,15340,15220,15240,65,0,15242.0,15190.0,15257.25,15446.166666666666,27.1776935636517,14.630558121030923,12.547135442620778,52.302025782688766,309.64285714285717,2.0103096185017004,254.35,13838,0.0,0.0,0.0
2011-11-25,15240,15305,14935,15190,312,0,15223.0,15242.0,15261.5,15420.916666666666,22.231870485673426,16.150820593959423,6.081049891714002,43.958333333333336,306.07142857142856,-33.036606941666015,252.7,13526,0.0,0.0,0.0
2011-11-28,15180,15195,15000,15150,339,0,15219.0,15266.0,15247.25,15393.5,14.912700034426962,15.903196482052932,-0.9904964476259703,44.60887949260042,310.7142857142857,-36.81034562230495,248.45,13187,0.0,0.0,0.0
2011-11-29,15270,15500,15270,15420,316,0,15253.0,15256.0,15251.0,15370.916666666666,30.546823469667288,18.831921879575802,11.714901590091486,51.65692007797271,325.0,43.15314510695258,245.25,13503,0.0,0.0,0.0
2011-11-30,15450,15490,15355,15420,217,0,15284.0,15265.5,15256.25,15346.666666666666,42.44766862867618,23.555071229395878,18.892597399280305,49.8989898989899,322.14285714285717,48.35800355074108,240.6,13503,0.0,0.0,0.0
2011-12-01,15395,15445,15270,15315,194,0,15299.0,15270.5,15257.75,15319.916666666666,42.91189012215909,27.426435007948523,15.48545511421057,67.67123287671232,276.07142857142856,24.495764175854813,233.4,13309,0.0,0.0,0.0
2011-12-02,16185,16185,15730,15760,432,0,15413.0,15318.0,15290.0,15299.75,78.28514753019408,37.59817751239764,40.68697001779644,70.93596059113301,308.57142857142856,131.8920574437508,246.35,13741,0.0,0.0,0.0
2011-12-05,15715,15715,15650,15695,196,0,15522.0,15370.5,15300.75,15281.333333333334,99.92191447346522,50.06292490461116,49.858989568854064,55.892255892255896,265.7142857142857,78.4127384291308,241.9,13545,0.0,0.0,0.0
2011-12-06,15710,15710,15600,15640,197,0,15566.0,15409.5,15312.5,15264.5,111.34762174271236,62.319864272231406,49.02775747048096,61.710037174721194,258.92857142857144,65.42213489554749,242.6,13348,0.0,0.0,0.0
2011-12-07,15600,15615,15510,15595,160,0,15601.0,15442.5,15325.5,15248.25,115.4407243412079,72.94403628602672,42.49668805518118,62.40601503759399,254.28571428571428,47.06890846389601,242.25,13188,0.0,0.0,0.0
2011-12-08,15750,15795,15650,15795,248,0,15697.0,15498.0,15344.0,15237.166666666666,133.28642325067267,85.01251367895591,48.27390957171676,66.88741721854305,249.64285714285714,73.09727158181724,246.8,13436,0.0,0.0,0.0
2011-12-09,15715,15765,15660,15730,181,0,15691.0,15552.0,15397.0,15221.416666666666,140.56397740195462,96.12280642355566,44.44117097839896,69.17808219178082,235.0,63.39882824434704,222.85,13255,0.0,0.0,0.0
2011-12-12,15540,15680,15535,15640,139,0,15680.0,15601.0,15433.5,15205.0,137.48440897458931,104.3951269337624,33.089282040826916,63.26530612244898,238.21428571428572,41.36909828825799,217.95,13116,0.0,0.0,0.0
2011-12-13,15715,15715,15590,15660,136,0,15684.0,15625.0,15440.5,15189.083333333334,135.1003093921845,110.53616342544683,24.56414596673767,63.38983050847458,230.0,45.92058342844496,213.4,13252,0.0,0.0,0.0
2011-12-14,15515,15575,15500,15520,122,0,15669.0,15635.0,15450.25,15173.833333333334,120.52472927044619,112.53387659444671,7.990852675999477,58.80503144654089,232.85714285714286,18.314721293214056,208.6,13130,0.0,0.0,0.0
2011-12-15,15490,15490,15255,15320,344,0,15574.0,15635.5,15453.0,15156.416666666666,91.77719807226822,108.38254089001101,-16.605342817742795,53.735632183908045,225.35714285714286,-19.289999013857162,207.95,12786,0.0,0.0,0.0
2011-12-16,15140,15150,14915,15055,219,0,15439.0,15565.0,15441.5,15135.833333333334,47.06870840905685,96.1197743938202,-49.05106598476334,47.58269720101782,240.35714285714286,-78.6510523610716,212.75,12567,0.0,0.0,0.0
2011-12-19,15140,15300,15140,15300,182,0,15371.0,15525.5,15448.0,15118.083333333334,31.048453448885994,83.10551020483337,-52.05705675594737,46.907216494845365,232.85714285714286,-40.421926537131796,211.15,12749,0.0,0.0,0.0
2011-12-20,15200,15200,15080,15080,160,0,15255.0,15469.5,15439.5,15105.75,0.5932855632963765,66.60306527652597,-66.00977971322959,42.129629629629626,238.92857142857142,-63.02161343112813,214.05,12589,0.0,0.0,0.0
2011-12-21,15105,15170,15060,15120,71,0,15175.0,15422.0,15432.25,15094.75,-20.083478854910936,49.26575645023859,-69.34923530514953,45.346062052505964,234.28571428571428,-61.93170683096572,211.5,12660,0.0,0.0,0.0
2011-12-22,15250,15280,15185,15210,67,0,15153.0,15363.5,15430.75,15083.916666666666,-28.874864323819565,33.63763229542697,-62.512496619246534,34.19540229885058,183.57142857142858,-39.984601451037534,211.6,12727,0.0,0.0,0.0
2011-12-23,15190,15210,15140,15170,79,0,15176.0,15307.5,15429.75,15084.583333333334,-38.624526849902395,19.185200466361096,-57.80972731626349,34.69387755102041,180.71428571428572,-50.70071425557935,199.95,12648,0.0,0.0,0.0
2011-12-26,15210,15320,15210,15315,86,0,15179.0,15275.0,15438.0,15100.583333333334,-34.25603422105087,8.496953528878702,-42.752987749929574,40.9972299168975,183.57142857142858,-32.0916774080989,187.3,12734,0.0,0.0,0.0
2011-12-27,15200,15210,15080,15100,27,0,15183.0,15219.0,15422.0,15127.0,-47.594041030683,-2.721245383033639,-44.87279564764936,37.46835443037974,191.07142857142858,-57.96762502159929,172.85,12707,0.0,0.0,0.0
2011-12-28,15100,15180,15100,15180,43,0,15195.0,15185.0,15410.0,15142.166666666666,-51.11989775013353,-12.400975856453618,-38.71892189367991,33.42318059299191,182.5,-49.385867524100064,164.15,12750,0.0,0.0,0.0
2011-12-29,15155,15180,15100,15150,40,0,15183.0,15168.0,15401.75,15154.833333333334,-55.69292056166705,-21.059364797496308,-34.633555764170744,34.06593406593406,178.57142857142858,-48.191720719673285,156.45,12710,0.0,0.0,0.0
2011-12-30,15050,15065,15000,15065,140,0,15162.0,15169.0,15367.0,15168.5,-65.42172281501371,-29.931836400999792,-35.48988641401392,34.15977961432506,175.35714285714286,-62.27137290436603,141.85,12570,0.0,0.0,0.0
2012-01-02,15150,15250,15145,15250,28,0,15149.0,15164.0,15344.75,15176.583333333334,-57.540622326156154,-35.45359358603107,-22.087028740125085,39.64646464646465,179.64285714285714,-24.92201899597616,133.45,12598,0.0,0.0,0.0
2012-01-05,15280,15320,15250,15255,10,0,15180.0,15181.5,15325.5,15187.083333333334,-50.311376959372865,-38.42515026069943,-11.886226698673433,42.81842818428184,173.21428571428572,-9.234640937257337,124.1,12608,0.0,0.0,0.0
2012-01-06,15265,15300,15205,15300,26,0,15204.0,15199.5,15310.75,15197.833333333334,-40.48434566677133,-38.836989341913814,-1.647356324857519,49.40828402366864,161.07142857142858,-7.6480789838540755,117.4,12634,0.0,0.0,0.0
2012-01-09,15210,15220,15165,15165,55,0,15207.0,15195.0,15279.25,15204.166666666666,-43.09297533021163,-39.68818653957338,-3.40478879063825,53.52564102564102,141.78571428571428,-22.714377732457482,107.75,12579,0.0,0.0,0.0
2012-01-10,14935,15160,14935,15155,23,0,15225.0,15193.5,15250.5,15210.166666666666,-45.44340625934274,-40.83923048352725,-4.604175775815484,44.528301886792455,140.71428571428572,-45.37303250480662,99.85,12556,0.0,0.0,0.0
2012-01-11,15100,15315,15010,15285,45,0,15232.0,15190.5,15232.75,15215.416666666666,-36.39666802707325,-39.950717992236456,3.554049965163209,58.29959514170041,146.78571428571428,-6.190733907173851,95.15,12601,0.0,0.0,0.0
2012-01-12,15320,15320,15230,15230,8,0,15227.0,15203.5,15211.25,15220.5,-33.28145524649699,-38.616865443088564,5.335410196591575,54.400000000000006,145.35714285714286,25.308815711931413,88.75,12593,0.0,0.0,0.0
2012-01-13,15300,15300,15300,15300,10,0,15227.0,15215.5,15200.25,15237.083333333334,-24.877440045231197,-35.86898036351709,10.991540318285892,53.65853658536585,138.92857142857142,62.62764358529879,83.15,12603,0.0,0.0,0.0
2012-01-16,15475,15490,15335,15490,37,0,15292.0,15249.5,15208.75,15254.75,-2.852898904122412,-29.265764071638152,26.41286516751574,61.59420289855072,147.5,125.60098275070725,67.8,12640,0.0,0.0,0.0
2012-01-17,15350,15495,15265,15420,184,0,15345.0,15285.0,15227.0,15282.666666666666,8.85126180647967,-21.64235889601459,30.49362070249426,54.02298850574712,153.21428571428572,90.96941717545066,66.05,12456,0.0,0.0,0.0
2012-01-18,15480,15700,15435,15630,183,0,15414.0,15323.0,15243.5,15305.916666666666,34.67245596086468,-10.379395924638734,45.05185188550342,70.38461538461539,156.42857142857142,137.83408943959486,66.1,12639,0.0,0.0,0.0
2012-01-19,15665,15825,15665,15750,317,0,15518.0,15372.5,15277.0,15318.0,64.08025815064502,4.512534890418017,59.567723260227005,71.26865671641791,164.64285714285714,141.8013017846981,73.95,12956,0.0,0.0,0.0
2012-01-20,15885,16000,15860,16000,357,0,15658.0,15442.5,15321.0,15333.083333333334,106.33331960245778,24.87669183282597,81.45662776963181,77.24358974358974,176.78571428571428,143.1678761215232,88.25,13313,0.0,0.0,0.0
2012-01-23,16010,16225,15890,16120,232,0,15784.0,15538.0,15366.5,15351.5,147.7984438783551,49.46104224193179,98.33740163642331,83.07210031347962,190.0,128.72471621130163,96.5,13545,0.0,0.0,0.0
2012-01-31,16440,16440,16100,16120,347,0,15924.0,15634.5,15414.0,15368.416666666666,178.60105185658176,75.28904416486179,103.31200769171997,80.85106382978724,201.07142857142858,120.26897856584259,109.9,13545,0.0,0.0,0.0
2012-02-01,16110,16200,16060,16160,138,0,16030.0,15722.0,15456.25,15380.5,203.88969284400628,101.0091739006907,102.88051894331558,81.31487889273356,206.07142857142858,92.39984291669656,112.5,13683,0.0,0.0,0.0
2012-02-02,16100,16130,15960,15995,156,0,16079.0,15798.5,15501.0,15391.333333333334,208.21680822909184,122.45070076637094,85.7661074627209,72.20447284345047,213.57142857142858,69.10983927228902,118.95,13527,0.0,0.0,0.0
2012-02-03,16130,16140,16025,16125,49,0,16104.0,15881.0,15548.25,15404.833333333334,219.60452759656437,141.88146613240963,77.72306146415474,80.76923076923077,214.28571428571428,69.27074053111475,119.25,13576,0.0,0.0,0.0
2012-02-06,15990,16170,15940,16145,156,0,16109.0,15946.5,15598.0,15419.166666666666,227.61935584633466,159.02904407519463,68.59031177114002,81.52866242038216,214.28571428571428,61.00700934463754,125.05,13732,0.0,0.0,0.0
2012-02-07,16265,16300,16225,16245,121,0,16134.0,16029.0,15657.0,15438.0,239.2820348927744,175.0796422387106,64.2023926540638,81.16883116883116,203.57142857142858,73.33987392616194,124.1,13853,0.0,0.0,0.0
2012-02-08,16190,16200,16040,16050,84,0,16112.0,16071.0,15697.0,15447.5,230.13704514405617,186.0911228197797,44.04592232427646,74.4047619047619,211.78571428571428,49.13102322423158,126.9,13769,0.0,0.0,0.0
2012-02-09,16060,16250,16060,16240,78,0,16161.0,16120.0,15746.25,15461.416666666666,235.5062179033921,195.97414183650218,39.532076066889914,76.11111111111111,221.07142857142858,53.73467417623421,130.3,13847,0.0,0.0,0.0
2012-02-10,16110,16205,16080,16080,161,0,16152.0,16128.0,15785.25,15473.833333333334,224.26547043103892,201.63240755540954,22.633062875629378,66.66666666666666,218.92857142857142,41.966505662941096,137.05,13686,0.0,0.0,0.0
2012-02-13,16225,16225,16045,16070,54,0,16137.0,16123.0,15830.5,15484.583333333334,212.1051643437968,203.726958913087,8.378205430709784,69.00584795321637,215.35714285714286,36.950646837564825,137.0,13632,0.0,0.0,0.0
2012-02-14,16040,16100,15920,16015,88,0,16091.0,16112.5,15873.5,15507.0,195.77324174731075,202.13621547993176,-6.362973732621015,62.37942122186496,208.21428571428572,20.279053412577507,140.25,13544,0.0,0.0,0.0
2012-02-15,15955,16175,15820,15820,120,0,16045.0,16078.5,15900.25,15522.166666666666,165.19098624581966,194.74716963310937,-29.556183387289707,52.14723926380368,219.64285714285714,5.5240255841303245,144.0,13424,0.0,0.0,0.0
2012-02-16,15845,15920,15830,15860,108,0,15969.0,16065.0,15931.75,15527.833333333334,142.53889448544032,184.30551460357557,-41.76662011813525,45.070422535211264,208.92857142857142,-10.9637918931575,149.0,13532,0.0,0.0,0.0
2012-02-17,15815,15815,15530,15595,335,0,15872.0,16012.0,15946.5,15532.333333333334,102.02755314057868,167.8499223109762,-65.82236917039754,33.22683706070288,208.57142857142858,-59.34585319007839,165.25,13197,0.0,0.0,0.0
2012-02-20,15755,15755,15585,15600,227,0,15778.0,15957.5,15952.0,15537.916666666666,69.52405148132311,148.1847481450456,-78.66069666372249,33.439490445859875,196.42857142857142,-66.12724628642202,174.75,13424,0.0,0.0,0.0
2012-02-21,15600,15795,15600,15685,127,0,15712.0,15901.5,15965.25,15544.583333333334,50.04667495077956,128.5571335061924,-78.51045855541284,35.294117647058826,200.35714285714286,-68.11234442360204,171.9,13551,0.0,0.0,0.0
2012-02-22,15715,15830,15695,15820,164,0,15712.0,15878.5,15974.75,15555.416666666666,44.985520404618,111.84281088587753,-66.85729048125953,44.479495268138805,196.42857142857142,-52.98744715975439,170.95,13715,0.0,0.0,0.0
2012-02-23,15895,15930,15775,15820,180,0,15704.0,15836.5,15978.25,15564.916666666666,40.50757287808665,97.57576328431935,-57.0681904062327,39.518900343642606,197.14285714285714,-39.672074280894726,164.1,13715,0.0,0.0,0.0
2012-02-24,15835,15930,15830,15900,174,0,15765.0,15818.5,15973.25,15575.5,42.91935105099583,86.64448083765465,-43.725129786658826,41.914191419141915,188.57142857142858,-26.577981961958333,154.95,13889,0.0,0.0,0.0
2012-02-27,15950,16025,15940,15990,206,0,15843.0,15810.5,15966.75,15588.0,51.49929861038618,79.61544439220097,-28.116145781814794,41.528239202657815,186.42857142857142,0.7567437549171726,153.65,14095,0.0,0.0,0.0
2012-02-28,16150,16195,16105,16130,239,0,15932.0,15822.0,15967.25,15603.666666666666,68.80268432090088,77.45289237794096,-8.650208057040075,52.75862068965517,186.42857142857142,45.12816618506013,148.25,14334,0.0,0.0,0.0
2012-02-29,16195,16360,16180,16310,314,0,16030.0,15871.0,15974.75,15623.0,95.93436618160922,81.14918713867462,14.785179042934601,52.43055555555556,188.57142857142858,77.53671476263578,157.05,14648,0.0,0.0,0.0
2012-03-01,16255,16385,16220,16315,201,0,16129.0,15916.5,15990.75,15637.916666666666,116.4969731530291,88.21874434154552,28.278228811483586,59.143968871595334,188.92857142857142,74.94768771321854,159.3,14849,0.0,0.0,0.0
2012-03-02,16150,16195,16050,16050,251,0,16159.0,15962.0,15987.0,15648.416666666666,110.14007578701239,92.60301063063889,17.5370651563735,49.350649350649356,195.0,24.10354452318748,169.4,14598,0.0,0.0,0.0
2012-03-05,16095,16210,16095,16210,227,0,16203.0,16023.0,15990.25,15663.333333333334,116.6679758474038,97.41600367399188,19.251972173411914,55.92705167173252,193.57142857142858,40.38001466507131,172.95,14825,0.0,0.0,0.0
2012-03-06,16160,16205,16120,16130,37,0,16203.0,16067.5,15984.5,15669.5,114.07111149759658,100.74702523871282,13.324086258883753,60.130718954248366,174.64285714285714,37.82669921160751,168.75,14788,0.0,0.0,0.0
2012-03-07,16060,16100,15900,15900,145,0,16121.0,16075.5,15977.0,15672.916666666666,92.38899713239152,99.07541961744857,-6.686422485057051,51.16279069767442,183.92857142857142,-6.318908819650961,171.8,14643,0.0,0.0,0.0
2012-03-08,15660,15700,15620,15630,289,0,15984.0,16056.5,15946.5,15672.75,52.81025799005147,89.82238729196916,-37.012129301917696,51.01449275362319,180.35714285714286,-75.2418023666126,182.35,14354,0.0,0.0,0.0
2012-03-09,15710,15970,15710,15810,101,0,15936.0,16047.5,15933.0,15676.333333333334,35.558422388616236,78.96959431129858,-43.41117192268234,55.526315789473685,192.5,-29.00449451833224,179.35,14455,0.0,0.0,0.0
2012-03-12,15880,15970,15860,15970,46,0,15888.0,16045.5,15928.0,15679.25,34.40033555115224,70.0557425592693,-35.655407008117066,57.21518987341773,190.0,-2.075508566841353,178.95,14501,0.0,0.0,0.0
2012-03-13,15920,15950,15805,15930,139,0,15848.0,16025.5,15923.75,15682.583333333334,29.910092751988486,62.02661259781314,-32.116519845824655,52.92553191489362,191.42857142857142,-10.03247958657075,181.5,14362,0.0,0.0,0.0
2012-03-14,15980,16050,15975,16045,75,0,15877.0,15999.0,15935.0,15689.333333333334,35.225029672848905,56.6662960128203,-21.441266339971392,55.6390977443609,188.92857142857142,20.237648293545718,179.25,14437,0.0,0.0,0.0
2012-03-15,16200,16200,15890,15900,60,0,15931.0,15957.5,15937.0,15693.333333333334,27.420777634515616,50.81719233715936,-23.396414702643746,50.0,203.21428571428572,12.218934361440473,176.85,14377,0.0,0.0,0.0
2012-03-16,15755,15860,15755,15800,94,0,15929.0,15932.5,15947.25,15698.0,13.016639682720779,43.25708180627165,-30.24044212355087,45.41062801932367,204.64285714285714,-38.21748595843766,164.8,14283,0.0,0.0,0.0
2012-03-19,15940,15940,15880,15910,35,0,15917.0,15902.5,15962.75,15707.833333333334,10.357937416412824,36.677252928299886,-26.319315511887062,44.6078431372549,200.0,-15.826689376221877,155.2,14318,0.0,0.0,0.0
2012-03-20,15815,15850,15800,15850,62,0,15901.0,15874.5,15971.0,15721.083333333334,3.3705446161275177,30.015911265865412,-26.645366649737895,38.020833333333336,191.42857142857142,-40.713084539833496,151.95,14256,0.0,0.0,0.0
2012-03-21,15870,15880,15820,15860,57,0,15864.0,15870.5,15973.0,15730.416666666666,-1.3445983996643918,23.743809332759454,-25.088407732423846,38.18181818181818,183.92857142857142,-36.7222782851803,146.6,14313,0.0,0.0,0.0
2012-03-22,15760,15760,15655,15730,444,0,15830.0,15880.5,15968.5,15741.25,-15.393846079847208,15.916278250238122,-31.31012433008533,41.06145251396648,179.64285714285714,-72.31892897419964,159.8,13869,0.0,0.0,0.0
2012-03-23,15705,15745,15585,15615,332,0,15793.0,15861.0,15954.25,15749.5,-35.39945214175714,5.65313217183907,-41.052584313596206,32.95128939828081,179.64285714285714,-81.53293778179595,167.7,13537,0.0,0.0,0.0
2012-03-26,15585,15620,15500,15620,293,0,15735.0,15826.0,15935.75,15756.333333333334,-50.271087066139444,-5.5317116757566325,-44.73937539038281,34.73053892215569,181.78571428571428,-86.07950259542513,172.05,13830,0.0,0.0,0.0
2012-03-27,15550,15695,15545,15595,138,0,15684.0,15792.5,15909.0,15763.416666666666,-63.34406500329351,-17.09418234126401,-46.2498826620295,39.590443686006836,176.07142857142858,-69.97954287997634,167.0,13692,0.0,0.0,0.0
2012-03-28,15690,15690,15610,15620,94,0,15636.0,15750.0,15874.5,15768.5,-70.87025495401576,-27.849396863814363,-43.0208580902014,49.590163934426236,162.85714285714286,-58.775396697188675,156.0,13786,0.0,0.0,0.0
2012-03-29,15580,15645,15365,15470,120,0,15584.0,15707.0,15832.25,15774.666666666666,-87.92501625496516,-39.864520742044526,-48.06049551292063,35.71428571428572,158.57142857142858,-88.23514858630094,151.95,13666,0.0,0.0,0.0
2012-03-30,15385,15430,15385,15385,145,0,15538.0,15665.5,15799.0,15778.083333333334,-107.0656410206102,-53.304744797757664,-53.76089622285254,23.766816143497763,153.21428571428572,-96.5463834829116,146.65,13521,0.0,0.0,0.0
2012-04-02,15450,15570,15450,15570,116,0,15528.0,15631.5,15767.0,15785.083333333334,-106.08390098206291,-63.86057603461872,-42.2233249474442,35.71428571428572,154.64285714285714,-60.88520576994859,141.1,13637,0.0,0.0,0.0
2012-04-06,15350,15550,15350,15530,143,0,15515.0,15599.5,15737.0,15792.833333333334,-107.29668128255071,-72.54779708420511,-34.74888419834559,28.270042194092824,161.78571428571428,-69.44730073227615,146.4,13494,0.0,0.0,0.0
2012-04-09,15660,15680,15360,15680,133,0,15527.0,15581.5,15726.0,15800.0,-95.05829911019828,-77.04989748940375,-18.00840162079453,40.7563025210084,162.5,-39.65185962187028,145.8,13627,0.0,0.0,0.0
2012-04-10,15645,15720,15580,15580,114,0,15549.0,15566.5,15723.5,15805.416666666666,-92.36374556650117,-80.11266710482323,-12.251078461677935,40.7563025210084,162.14285714285714,-24.837003034094863,137.05,13513,0.0,0.0,0.0
2012-04-11,15525,15670,15525,15600,223,0,15592.0,15565.0,15713.0,15810.416666666666,-87.60460822523783,-81.61105532890615,-5.993552896331678,35.90909090909091,162.5,-29.367458800310708,143.15,13736,0.0,0.0,0.0
2012-04-12,15420,15520,15420,15460,67,0,15570.0,15549.0,15687.5,15815.333333333334,-94.04568742253468,-84.09798174763185,-9.947705674902835,33.47457627118645,167.5,-58.78955326999694,144.2,13669,0.0,0.0,0.0
2012-04-13,15580,15845,15530,15665,172,0,15597.0,15556.0,15674.25,15823.833333333334,-81.66709491417896,-83.61180438094128,1.944709466762319,42.909090909090914,190.71428571428572,1.9440594221730247,145.85,13841,0.0,0.0,0.0
2012-04-16,15745,15785,15695,15720,210,0,15605.0,15566.0,15658.0,15831.083333333334,-66.65062391858191,-80.21956828846942,13.568944369887504,49.61538461538461,184.64285714285714,23.56328240235151,152.6,14051,0.0,0.0,0.0
2012-04-17,15525,15590,15525,15570,106,0,15603.0,15576.0,15641.5,15836.75,-66.09184323635054,-77.39402327804565,11.30218004169511,48.31460674157303,187.14285714285714,-27.166308742121924,154.9,13945,0.0,0.0,0.0
2012-04-18,15660,15670,15600,15600,133,0,15603.0,15597.5,15631.5,15841.75,-62.50770631168052,-74.41675988477263,11.909053573092109,49.264705882352935,185.71428571428572,-1.6658359308905004,156.85,14078,0.0,0.0,0.0
2012-04-19,15645,15750,15625,15735,117,0,15658.0,15614.0,15622.75,15845.833333333334,-48.218052523841834,-69.17701841258648,20.958965888744643,54.76190476190476,185.71428571428572,36.87832489531891,160.95,14195,0.0,0.0,0.0
2012-04-20,15655,15695,15625,15660,43,0,15657.0,15627.0,15613.25,15849.833333333334,-42.45586733366872,-63.83278819680292,21.376920863134202,51.31578947368422,186.78571428571428,24.287370492967423,160.0,14152,0.0,0.0,0.0
2012-04-23,15660,15760,15660,15740,86,0,15661.0,15633.0,15607.25,15851.666666666666,-31.07574084753469,-57.28137872694928,26.20563787941459,59.3103448275862,173.92857142857142,63.62090003254408,161.45,14238,0.0,0.0,0.0
2012-04-24,15740,15820,15740,15760,157,0,15699.0,15651.0,15608.75,15851.833333333334,-20.210106240479945,-49.86712422965542,29.657017989175472,63.53790613718411,173.57142857142858,86.57462752113248,147.1,14395,0.0,0.0,0.0
2012-04-25,15715,15770,15700,15740,83,0,15727.0,15665.0,15615.0,15847.5,-13.062271648166643,-42.50615371335767,29.443882065191026,56.9672131147541,165.35714285714286,62.861086787471194,134.65,14312,0.0,0.0,0.0
2012-04-26,15735,15760,15725,15740,40,0,15728.0,15693.0,15621.0,15841.166666666666,-7.313258544238124,-35.46757467953376,28.154316135295637,58.898305084745765,152.14285714285714,59.05810711162866,122.0,14312,0.0,0.0,0.0
2012-04-27,15770,15800,15745,15800,34,0,15756.0,15706.5,15631.25,15835.833333333334,2.060620765612839,-27.961935590504442,30.02255635611728,55.5045871559633,133.57142857142858,69.92080267869008,116.8,14346,0.0,0.0,0.0
2012-04-30,15845,15890,15810,15810,131,0,15770.0,15715.5,15640.75,15830.0,10.179066142098236,-20.333735243983906,30.512801386082142,61.5,130.0,83.06260019123074,118.65,14477,0.0,0.0,0.0
2012-05-03,15815,15950,15815,15945,254,0,15807.0,15753.0,15664.5,15829.166666666666,27.192901509519288,-10.828407893283266,38.02130940280256,65.47085201793722,129.64285714285714,95.08426714890263,125.35,14731,0.0,0.0,0.0
2012-05-04,15825,15925,15825,15830,262,0,15825.0,15776.0,15686.75,15824.25,31.03914971465565,-2.454896371695483,33.49404608635113,66.97247706422019,125.35714285714286,73.66329448546773,131.2,14469,0.0,0.0,0.0
2012-05-07,15795,15800,15770,15800,106,0,15837.0,15782.5,15698.25,15818.5,31.305707143583277,4.297224331360269,27.008482812223008,57.377049180327866,102.14285714285714,40.792135201635645,130.7,14363,0.0,0.0,0.0
2012-05-08,15700,15720,15680,15710,54,0,15819.0,15787.5,15707.25,15809.583333333334,23.97830105920002,8.233439676928219,15.744861382271802,49.473684210526315,102.14285714285714,-0.15372727780349082,126.25,14309,0.0,0.0,0.0
2012-05-09,15715,15800,15705,15705,108,0,15798.0,15784.0,15708.5,15803.833333333334,17.56533844540172,10.099819430622919,7.465519014778803,58.38509316770186,95.0,11.921843384991448,125.0,14201,0.0,0.0,0.0
2012-05-10,15700,15730,15615,15665,205,0,15742.0,15774.5,15712.75,15794.25,9.149879549175239,9.909831454333382,-0.7599519051581431,53.987730061349694,96.07142857142857,-21.41607534539765,129.55,13996,0.0,0.0,0.0
2012-05-11,15610,15695,15580,15650,194,0,15706.0,15765.5,15715.25,15787.083333333334,1.2557179689501936,8.179008757256744,-6.92329078830655,43.88489208633093,93.57142857142857,-37.030256999154105,128.1,13802,0.0,0.0,0.0
2012-05-14,15650,15680,15555,15600,132,0,15666.0,15751.5,15722.25,15779.25,-8.93208062488884,4.756790880827628,-13.688871505716468,45.522388059701484,94.64285714285714,-65.12022283139383,131.35,13670,0.0,0.0,0.0
2012-05-15,15700,15700,15400,15530,189,0,15630.0,15724.5,15715.5,15771.166666666666,-22.3962296015452,-0.6738132156469376,-21.722416385898264,34.09090909090909,108.92857142857143,-91.71619962574114,132.2,13481,0.0,0.0,0.0
2012-05-16,15410,15520,15410,15520,172,0,15593.0,15695.5,15705.5,15766.166666666666,-33.48755737981992,-7.2365620484815345,-26.250995331338384,31.538461538461533,111.78571428571429,-102.4593422915943,130.3,13309,0.0,0.0,0.0
2012-05-17,15535,15540,15255,15255,88,0,15511.0,15626.5,15689.75,15756.083333333334,-62.935320654765746,-18.376313769738378,-44.55900688502737,22.90502793296089,127.14285714285714,-131.656170194083,129.4,13221,0.0,0.0,0.0
2012-05-18,15335,15365,15255,15300,135,0,15441.0,15573.5,15674.75,15751.166666666666,-81.6999748370763,-31.041045983205965,-50.658928853870336,26.59574468085107,132.5,-118.82513963795587,129.5,13356,0.0,0.0,0.0
2012-05-21,15240,15240,14990,15075,159,0,15336.0,15501.0,15641.75,15742.416666666666,-113.41929107863507,-47.51669500229178,-65.90259607634329,17.194570135746602,150.35714285714286,-135.05928903009527,131.6,13197,0.0,0.0,0.0
2012-05-22,15195,15285,15190,15250,102,0,15280.0,15455.0,15621.25,15735.166666666666,-123.01796572853345,-62.616949147540126,-60.40101658099333,27.952755905511808,158.92857142857142,-86.91933718586857,134.55,13299,0.0,0.0,0.0
2012-05-23,15255,15265,15200,15210,128,0,15218.0,15405.5,15594.75,15725.0,-132.32726392171753,-76.55901210237562,-55.76825181934191,18.723404255319153,153.57142857142858,-79.32931133133106,136.65,13171,0.0,0.0,0.0
2012-05-24,15100,15190,15055,15075,102,0,15182.0,15346.5,15560.5,15712.583333333334,-148.88210137880924,-91.02362995766235,-57.85847142114689,18.410041841004187,156.07142857142858,-89.47445051258477,133.9,13069,0.0,0.0,0.0
2012-05-25,15190,15190,15010,15130,130,0,15148.0,15294.5,15530.0,15699.75,-155.7682891143795,-103.97256178900578,-51.79572732537373,22.540983606557376,164.64285714285714,-77.91249310459753,136.25,13199,0.0,0.0,0.0
2012-05-28,15140,15155,15115,15155,51,0,15164.0,15250.0,15500.75,15685.833333333334,-157.39401125348013,-114.65685168190066,-42.73715957157947,25.974025974025977,158.92857142857142,-64.5189036838782,136.8,13250,0.0,0.0,0.0
2012-05-29,15200,15300,15165,15300,87,0,15174.0,15227.0,15475.75,15672.0,-145.30710966726474,-120.78690327897348,-24.520206388291257,34.362934362934354,162.5,-40.2083852242395,139.45,13337,0.0,0.0,0.0
2012-05-30,15230,15280,15200,15250,100,0,15182.0,15200.0,15447.75,15654.333333333334,-138.16999748812668,-124.26352212080413,-13.906475367322557,34.09961685823755,161.42857142857142,-38.13697207470025,137.9,13237,0.0,0.0,0.0
2012-05-31,15200,15200,15065,15130,54,0,15193.0,15187.5,15407.0,15634.583333333334,-140.57630563850944,-127.52607882434519,-13.050226814164247,31.560283687943254,166.42857142857142,-54.13544296404549,127.9,13183,0.0,0.0,0.0
2012-06-01,15000,15100,14900,15045,124,0,15176.0,15162.0,15367.75,15617.833333333334,-147.64020740147316,-131.54890453977077,-16.09130286170239,30.79584775086505,173.92857142857142,-70.64938731011577,121.0,13059,0.0,0.0,0.0
2012-06-04,15030,15085,15020,15080,67,0,15161.0,15162.5,15331.75,15599.0,-148.70007109152903,-134.97913785012244,-13.720933241406584,34.04255319148936,157.14285714285714,-56.72352916189131,119.05,13126,0.0,0.0,0.0
2012-06-05,15000,15000,14880,14885,98,0,15078.0,15126.0,15290.5,15578.25,-163.3914164772832,-140.6615935755546,-22.729822901728596,30.094043887147336,162.85714285714286,-77.63470668737301,121.25,13028,0.0,0.0,0.0
2012-06-06,15040,15100,14955,15050,91,0,15038.0,15110.0,15257.75,15564.083333333334,-159.87732620712268,-144.50474010186824,-15.372586105254442,43.1438127090301,157.85714285714286,-50.387258802587425,120.4,13119,0.0,0.0,0.0
2012-06-07,15070,15110,15020,15045,76,0,15021.0,15107.0,15226.75,15554.333333333334,-155.70101814694135,-146.74399571088287,-8.95702243605848,41.23711340206185,156.42857142857142,-41.662797741755796,113.95,13043,0.0,0.0,0.0
2012-06-08,15110,15120,15050,15050,55,0,15022.0,15099.0,15196.75,15541.666666666666,-150.25575094142187,-147.44634675699066,-2.8094041844312017,48.98785425101215,139.64285714285714,-34.803699542751886,107.0,13098,0.0,0.0,0.0
2012-06-11,15010,15020,14965,14965,52,0,14999.0,15080.0,15165.0,15524.916666666666,-151.05782648192508,-148.16864270197755,-2.8891837799475297,37.55458515283843,130.71428571428572,-57.57062210908815,103.0,13046,0.0,0.0,0.0
2012-06-12,15115,15150,15065,15090,57,0,15040.0,15059.0,15143.0,15510.916666666666,-139.99326656087032,-146.5335674737561,6.540300912885783,45.1219512195122,139.28571428571428,-16.792656530241405,96.4,13103,0.0,0.0,0.0
2012-06-13,14955,15015,14915,14940,90,0,15018.0,15028.0,15114.0,15492.5,-141.69489891262674,-145.56583376153023,3.870934848903488,44.57831325301205,140.71428571428572,-70.12313520530711,92.3,13013,0.0,0.0,0.0
2012-06-14,14980,14995,14960,14980,94,0,15005.0,15013.0,15100.25,15477.166666666666,-138.22244677896015,-144.09715636501622,5.8747095860560705,43.90243902439024,131.78571428571428,-57.412466794789104,92.6,13107,0.0,0.0,0.0
2012-06-15,14955,14990,14955,14970,89,0,14989.0,15005.5,15083.75,15463.333333333334,-134.7244008419948,-142.22260526041194,7.498204418417146,42.38683127572017,131.42857142857142,-56.75541662598451,90.3,13018,0.0,0.0,0.0
2012-06-18,15055,15125,15050,15100,70,0,15016.0,15007.5,15085.0,15449.833333333334,-120.07807538320958,-137.79369928497147,17.715623901761887,41.66666666666667,132.14285714285714,3.2379558077056245,85.85,13088,0.0,0.0,0.0
2012-06-19,15235,15235,15130,15135,15,0,15025.0,15032.5,15079.25,15437.916666666666,-104.44260016184853,-131.12347946034689,26.680879298498354,45.14767932489451,134.64285714285714,44.63349354373513,81.5,13103,0.0,0.0,0.0
2012-06-20,15015,15065,14995,14995,123,0,15036.0,15027.0,15068.5,15423.5,-102.17044606919262,-125.33287278211603,23.162426712923406,44.398340248962654,131.42857142857142,-29.247399941153297,81.25,12980,0.0,0.0,0.0
2012-06-21,15060,15075,15040,15060,32,0,15052.0,15028.5,15067.75,15412.333333333334,-94.04074760834737,-119.0744477473623,25.033700139014925,50.63291139240506,120.71428571428571,-5.752110016424434,77.75,13012,0.0,0.0,0.0
2012-06-22,14950,14950,14850,14850,119,0,15028.0,15008.5,15053.75,15399.583333333334,-103.35177305801699,-115.92991280949325,12.578139751476257,41.544117647058826,131.07142857142858,-88.56044812055836,77.2,12893,0.0,0.0,0.0
2012-06-26,14760,14810,14760,14760,104,0,14960.0,14988.0,15034.0,15385.25,-116.64842521307946,-116.0736152902105,-0.5748099228689654,45.0199203187251,123.21428571428571,-114.76094482332117,79.85,12789,0.0,0.0,0.0
2012-06-27,14760,14760,14480,14480,104,0,14829.0,14927.0,14993.0,15366.666666666666,-148.07288573099868,-122.47346937836814,-25.59941635263054,29.197080291970792,127.85714285714286,-149.6093309096185,80.7,12685,0.0,0.0,0.0
2012-06-28,14455,14455,14345,14385,90,0,14707.0,14871.5,14949.75,15346.083333333334,-178.58409684069557,-133.69559487083365,-44.88850196986192,27.39726027397259,131.07142857142858,-150.59339738252623,80.2,12595,0.0,0.0,0.0
2012-06-29,14310,14510,14310,14495,227,0,14594.0,14823.0,14918.0,15329.833333333334,-191.6788166919905,-145.292239235065,-46.386577456925494,32.26837060702876,140.0,-112.66442143112282,88.85,12822,0.0,0.0,0.0
2012-07-02,14490,14695,14455,14675,188,0,14559.0,14793.5,14899.5,15318.0,-185.39486424850656,-153.31276423775333,-32.08210001075324,41.26506024096386,151.07142857142858,-65.77348559206902,92.05,13010,0.0,0.0,0.0
2012-07-03,14935,14935,14700,14735,220,0,14554.0,14757.0,14882.25,15304.083333333334,-173.57245291246545,-157.36470197269577,-16.20775093976968,38.87147335423197,156.42857142857142,-23.018439501300225,99.7,13230,0.0,0.0,0.0
2012-07-04,14855,14985,14845,14970,145,0,14652.0,14740.5,14886.5,15294.75,-143.58540753052148,-154.6088430842609,11.023435553739432,50.89285714285714,161.78571428571428,8.573157192832639,102.05,13375,0.0,0.0,0.0
2012-07-05,15000,15000,14835,14950,288,0,14765.0,14736.0,14881.5,15282.583333333334,-120.05042431070251,-147.69715932954924,27.646735018846726,49.096385542168676,169.64285714285714,8.733492021286395,111.9,13087,0.0,0.0,0.0
2012-07-06,14950,15035,14895,14995,94,0,14865.0,14729.5,14879.0,15272.833333333334,-96.65349530018102,-137.4884265236756,40.83493122349458,50.73746312684365,177.14285714285714,20.3245136490486,112.8,13181,0.0,0.0,0.0
2012-07-09,14950,14950,14850,14930,99,0,14916.0,14737.5,14873.0,15261.666666666666,-82.40628886401464,-126.47199899174342,44.06571012772878,44.785276073619634,176.42857142857142,7.627841585985101,115.0,13082,0.0,0.0,0.0
2012-07-10,14855,14880,14815,14840,111,0,14937.0,14745.5,14866.75,15251.333333333334,-77.48433181158725,-116.67446555571219,39.190133744124935,41.246290801186944,175.0,-5.800786452700326,117.95,12971,0.0,0.0,0.0
2012-07-11,14900,14950,14860,14875,52,0,14918.0,14785.0,14856.0,15238.166666666666,-69.95306253334275,-107.33018495123831,37.37712241789556,46.20253164556962,172.85714285714286,8.467513651832691,117.7,13023,0.0,0.0,0.0
2012-07-12,14815,14870,14800,14870,48,0,14902.0,14833.5,14852.5,15224.0,-63.654169936049584,-98.59498194820057,34.940812012150985,43.75,172.5,-1.8081431806742396,115.6,12975,0.0,0.0,0.0
2012-07-13,14850,14880,14815,14870,33,0,14877.0,14871.0,14847.0,15212.333333333334,-57.99373647735956,-90.47473285403237,32.480996376672806,50.76335877862596,162.14285714285714,1.704555384485438,112.55,12975,0.0,0.0,0.0
2012-07-16,14930,14960,14810,14960,98,0,14883.0,14899.5,14846.5,15201.666666666666,-45.718539477218656,-81.52349417866962,35.80495470145097,57.63358778625954,166.42857142857142,15.964715844661416,113.0,13073,0.0,0.0,0.0
2012-07-17,14915,15005,14915,14995,178,0,14914.0,14925.5,14841.25,15189.333333333334,-32.788188101301785,-71.77643296319606,38.98824486189427,74.17840375586854,152.85714285714286,33.54505238002685,118.4,13251,0.0,0.0,0.0
2012-07-18,14995,15065,14940,14960,193,0,14931.0,14924.5,14832.5,15177.666666666666,-25.075939153201034,-62.436334201197056,37.36039504799602,78.60696517412936,152.14285714285714,42.56673917625708,127.3,13058,0.0,0.0,0.0
2012-07-19,14970,15000,14955,14960,90,0,14949.0,14925.5,14830.75,15164.666666666666,-18.747813177873468,-53.69862999653234,34.95081681865887,75.97765363128492,141.07142857142858,39.178362948692595,125.65,13058,0.0,0.0,0.0
2012-07-20,14995,15075,14995,15020,123,0,14979.0,14928.0,14828.75,15152.333333333334,-8.78990464247181,-44.71688492572024,35.926980283248426,72.25806451612902,132.14285714285714,55.974090124017124,130.2,13181,0.0,0.0,0.0
2012-07-23,15050,15070,14920,14995,186,0,14986.0,14934.5,14836.0,15139.916666666666,-2.8822565917434986,-36.34995925892489,33.46770266718139,67.56756756756758,124.28571428571429,43.97409750930662,133.55,12995,0.0,0.0,0.0
2012-07-24,14805,14900,14780,14805,164,0,14948.0,14931.0,14838.25,15124.333333333334,-13.377606334426673,-31.75548867402525,18.377882339598578,38.1294964028777,121.78571428571429,-1.643464886847527,136.55,12831,0.0,0.0,0.0
2012-07-25,14745,14895,14745,14880,96,0,14932.0,14931.5,14858.25,15109.0,-15.465101359786786,-28.49741121117756,13.032309851390774,45.33333333333333,120.71428571428571,-2.2195391988030377,136.15,12927,0.0,0.0,0.0
2012-07-26,14815,14820,14705,14705,136,0,14881.0,14915.0,14874.25,15090.583333333334,-30.884476649056523,-28.974824298753354,-1.909652350303169,33.522727272727266,123.21428571428571,-43.13267343475285,138.45,12791,0.0,0.0,0.0
2012-07-27,14835,14835,14705,14790,102,0,14835.0,14907.0,14889.0,15071.333333333334,-35.83259715604618,-30.346378870211918,-5.4862182858342585,42.22222222222222,122.14285714285714,-51.515681665479704,132.2,12893,0.0,0.0,0.0
2012-07-30,14835,15000,14835,15000,97,0,14836.0,14911.0,14905.25,15057.5,-22.548844309316337,-28.786871958032805,6.238027648716468,57.843137254901954,128.92857142857142,28.725231834651524,127.65,12990,0.0,0.0,0.0
2012-07-31,15075,15130,14950,14970,194,0,14869.0,14908.5,14917.0,15043.666666666666,-14.277541146673684,-25.885005795760982,11.607464649087298,54.67980295566503,133.92857142857142,66.48722096172058,126.35,12796,0.0,0.0,0.0
2012-08-01,15055,15090,15035,15070,231,0,14907.0,14919.5,14922.0,15033.0,0.342739577867178,-20.63945672103535,20.98219629890253,59.00900900900901,137.14285714285714,85.02865934432738,130.65,13027,0.0,0.0,0.0
2012-08-02,14965,15025,14900,15010,79,0,14968.0,14924.5,14925.0,15021.416666666666,7.007144822700866,-15.11013641228811,22.117281234988976,55.98290598290598,144.64285714285714,33.452119615124836,120.2,12948,0.0,0.0,0.0
2012-08-03,14960,14980,14860,14905,85,0,14991.0,14913.0,14920.5,15008.75,3.7726230649768695,-11.333584516835115,15.106207581811985,47.679324894514764,144.64285714285714,-0.7644603366413364,119.75,12863,0.0,0.0,0.0
2012-08-06,14805,14900,14805,14860,152,0,14963.0,14899.5,14917.0,14995.583333333334,-2.3942828485105565,-9.545724183170204,7.151441334659648,44.35146443514645,145.35714285714286,-33.18103995454269,122.4,12711,0.0,0.0,0.0
2012-08-07,14960,14990,14915,14990,60,0,14967.0,14918.0,14924.5,14985.416666666666,3.1717513542953384,-7.0022290756770955,10.173980429972435,51.16279069767442,145.71428571428572,25.968501985638063,119.85,12771,0.0,0.0,0.0
2012-08-08,14940,14990,14940,14955,38,0,14944.0,14925.5,14928.5,14975.833333333334,4.704436255589826,-4.660896009423711,9.365332265013537,49.81132075471699,146.07142857142858,22.084946575626024,119.15,12733,0.0,0.0,0.0
2012-08-09,14975,15015,14900,14960,73,0,14934.0,14951.0,14933.0,14966.5,6.250506349131683,-2.478615537712632,8.729121886844315,47.63779527559055,146.07142857142858,17.312623937522474,120.4,12806,0.0,0.0,0.0
2012-08-10,15020,15080,15000,15080,113,0,14969.0,14980.0,14943.5,14963.583333333334,16.963233558042702,1.4097542814384347,15.553479276604268,53.11355311355312,143.92857142857142,64.82651137574142,124.4,12919,0.0,0.0,0.0
2012-08-13,15080,15080,14900,15005,82,0,14998.0,14980.5,14945.75,14958.666666666666,19.180176715361085,4.963838768222965,14.21633794713812,58.0,141.42857142857142,29.323143288512604,123.6,12837,0.0,0.0,0.0
2012-08-14,15005,15005,14930,14950,47,0,14990.0,14978.5,14943.5,14956.583333333334,16.311056092570652,7.233282233092503,9.07777385947815,52.84552845528455,136.07142857142858,10.943694134092945,117.05,12790,0.0,0.0,0.0
2012-08-15,14945,14970,14860,14965,162,0,14992.0,14968.0,14943.75,14951.833333333334,15.073869780215318,8.801399742517066,6.272470037698252,62.149532710280376,131.42857142857142,-4.334112172242349,115.5,12952,0.0,0.0,0.0
2012-08-16,14875,14920,14865,14880,135,0,14976.0,14955.0,14939.75,14946.333333333334,7.1521554924111115,8.471550892495875,-1.3193954000847636,54.205607476635514,129.28571428571428,-26.368802505103087,117.75,12817,0.0,0.0,0.0
2012-08-17,14860,14860,14490,14725,116,0,14905.0,14937.0,14925.0,14940.5,-11.500494225867442,4.477141868823212,-15.977636094690654,36.45320197044335,142.14285714285714,-111.99826055041882,117.4,12701,0.0,0.0,0.0
2012-08-20,14800,14870,14800,14845,56,0,14873.0,14935.5,14917.5,14935.75,-16.410684241887793,0.299576646681011,-16.710260888568804,44.34389140271494,139.64285714285714,-35.69737811377052,110.9,12757,0.0,0.0,0.0
2012-08-21,14950,14960,14820,14855,127,0,14854.0,14922.0,14920.0,14930.75,-19.27296206934625,-3.6149310965244412,-15.658030972821809,39.40886699507389,141.07142857142858,-17.390371454200285,109.05,12884,0.0,0.0,0.0
2012-08-22,14875,14980,14845,14955,175,0,14852.0,14922.0,14923.75,14925.0,-13.318644560155008,-5.555673789250555,-7.762970770904452,47.393364928909946,138.57142857142858,4.806134438717526,113.0,13059,0.0,0.0,0.0
2012-08-23,14955,15000,14940,15000,93,0,14876.0,14926.0,14938.5,14920.833333333334,-4.912057969646412,-5.426950625329727,0.5148926556833153,54.77386934673367,132.14285714285714,28.348259846563927,110.85,13152,0.0,0.0,0.0
2012-08-24,15070,15115,15030,15115,61,0,14954.0,14929.5,14954.75,14920.583333333334,10.904066088098261,-2.1607472826441296,13.06481337074239,61.971830985915496,133.21428571428572,79.94606053353411,108.8,13213,0.0,0.0,0.0
2012-08-27,15150,15150,15060,15090,42,0,15003.0,14938.0,14959.25,14921.333333333334,21.177051420085263,2.5068124579017486,18.670238962183515,55.208333333333336,130.35714285714286,77.37922148890887,106.05,13171,0.0,0.0,0.0
2012-08-28,15200,15250,15110,15110,47,0,15054.0,14954.0,14966.25,14921.833333333334,30.579794327823038,8.121408831886006,22.45838549593703,58.201058201058196,138.21428571428572,93.9359970736739,98.7,13218,0.0,0.0,0.0
2012-08-29,15045,15110,15045,15100,27,0,15083.0,14967.5,14967.75,14925.416666666666,36.800407211916536,13.857208507892114,22.94319870402442,57.36842105263158,134.64285714285714,58.70316451377504,88.5,13191,0.0,0.0,0.0
2012-08-30,15050,15190,15050,15190,64,0,15121.0,14998.5,14976.75,14927.75,48.43421608450444,20.772610023214582,27.66160606128986,55.978260869565226,136.07142857142858,76.78397104947948,87.75,13255,0.0,0.0,0.0
2012-08-31,15175,15270,15150,15245,103,0,15147.0,15050.5,14993.75,14931.083333333334,61.38453111477065,28.894994241525797,32.48953687324486,63.333333333333336,131.78571428571428,94.21055370178566,88.65,13358,0.0,0.0,0.0
2012-09-03,15170,15170,15145,15170,65,0,15163.0,15083.0,15009.25,14933.083333333334,64.84834453033727,36.0856642992881,28.762680231049174,61.95652173913044,133.57142857142858,63.293282708221234,84.3,13293,0.0,0.0,0.0
2012-09-04,15205,15280,15180,15200,52,0,15181.0,15117.5,15019.75,14937.0,69.21630837979683,42.711793115389845,26.504515264406983,62.5668449197861,133.57142857142858,75.86183135195341,83.9,13345,0.0,0.0,0.0
2012-09-05,15260,15310,15220,15270,143,0,15215.0,15149.0,15035.5,14940.0,77.43375802390256,49.65618609709239,27.777571926810168,71.19565217391305,134.28571428571428,81.02224616426695,89.15,13488,0.0,0.0,0.0
2012-09-06,15260,15285,15230,15270,68,0,15231.0,15176.0,15051.0,14945.5,82.9894948331148,56.322847844296874,26.66664698881793,85.62091503267973,110.35714285714286,70.42688304805125,88.9,13488,0.0,0.0,0.0
2012-09-07,15350,15440,15350,15430,144,0,15268.0,15207.5,15068.5,14953.0,99.16006361716427,64.89029099887036,34.26977261829391,86.33540372670808,112.14285714285714,98.61789755683697,90.45,13632,0.0,0.0,0.0
2012-09-10,15540,15540,15455,15515,118,0,15337.0,15250.0,15094.0,14962.083333333334,117.47991023011309,75.4082148451189,42.071695384994186,87.5,110.0,104.04914022145145,92.25,13750,0.0,0.0,0.0
2012-09-11,15800,15915,15760,15905,96,0,15478.0,15329.5,15141.75,14975.5,161.6053751236741,92.64764690082995,68.95772822284414,90.5982905982906,128.92857142857142,138.91859839841447,94.7,13846,0.0,0.0,0.0
2012-09-12,15850,15865,15760,15860,138,0,15596.0,15405.5,15186.5,14987.583333333334,190.74520801608014,112.26715912387999,78.47804889220015,86.75213675213675,135.0,108.6080266231379,93.5,13708,0.0,0.0,0.0
2012-09-13,15870,15925,15860,15910,185,0,15724.0,15477.5,15238.0,15002.833333333334,215.39043084612968,132.89181346832993,82.49861737779975,85.97285067873304,131.42857142857142,100.98434857600982,96.0,13893,0.0,0.0,0.0
2012-09-14,15855,15895,15780,15800,124,0,15798.0,15533.0,15291.75,15015.166666666666,223.469845532396,151.00741988114316,72.46242565125283,79.83193277310924,134.28571428571428,81.28003808308834,96.4,13769,0.0,0.0,0.0
2012-09-17,16250,16490,16125,16200,182,0,15935.0,15636.0,15359.5,15037.666666666666,259.16203828622383,172.63834356215932,86.52369472406451,84.71337579617834,172.14285714285714,119.61120406606724,102.7,13951,0.0,0.0,0.0
2012-09-18,16195,16205,16065,16100,96,0,15974.0,15726.0,15421.75,15060.0,276.1953854490657,193.34975193954062,82.8456335095251,80.12048192771084,177.5,87.75245315367577,101.15,13855,0.0,0.0,0.0
2012-09-19,16015,16085,15965,16010,67,0,16004.0,15800.0,15474.5,15085.5,279.2135875230997,210.52251905625246,68.69106846684724,74.6987951807229,177.14285714285714,67.43586060539468,95.75,13788,0.0,0.0,0.0
2012-09-20,16100,16200,16050,16150,82,0,16052.0,15888.0,15532.0,15114.916666666666,289.56444570049644,226.33090438510126,63.23354131539517,75.93123209169055,182.14285714285714,72.77384953108601,95.2,13870,0.0,0.0,0.0
2012-09-21,16070,16090,16000,16000,41,0,16092.0,15945.0,15576.25,15140.0,282.40840073178333,237.54640365443768,44.86199707734565,72.80219780219781,185.71428571428572,54.56521856543888,94.2,13829,0.0,0.0,0.0
2012-09-24,16080,16185,16080,16155,66,0,16083.0,16009.0,15629.5,15164.666666666666,285.9481558049374,247.22675408453765,38.72140172039977,74.55012853470437,191.07142857142858,61.1832736520578,95.4,13895,0.0,0.0,0.0
2012-09-25,16155,16155,15925,15990,93,0,16061.0,16017.5,15673.5,15185.583333333334,272.3004065795758,252.2414845835453,20.058921996030506,67.64705882352942,199.64285714285714,42.7370307539186,97.7,13802,0.0,0.0,0.0
2012-09-26,16105,16105,16000,16060,69,0,16071.0,16037.5,15721.5,15203.75,264.0886326100808,254.6109141888524,9.477718421228417,68.72037914691943,203.92857142857142,42.32180768897888,99.8,13871,0.0,0.0,0.0
2012-09-27,16100,16175,16100,16100,77,0,16061.0,16056.5,15767.0,15222.916666666666,257.83623268970587,255.25597788902311,2.580254800682752,66.83417085427135,200.0,46.68458083224294,100.45,13948,0.0,0.0,0.0
2012-09-28,15970,16275,15970,16090,72,0,16079.0,16085.5,15809.25,15241.166666666666,249.20160331972693,254.0451029751639,-4.843499655436972,65.01305483028722,213.92857142857142,40.77091061998791,98.9,13876,0.0,0.0,0.0
2012-10-01,16130,16190,16130,16160,58,0,16080.0,16081.5,15858.75,15261.666666666666,245.18072158176983,252.27222669648512,-7.091505114715289,57.993730407523515,192.5,43.710159674051305,98.55,13934,0.0,0.0,0.0
2012-10-09,15975,16050,15950,16045,50,0,16091.0,16076.0,15901.0,15281.75,230.06258664084453,247.830298685357,-17.76771204451248,55.55555555555556,197.14285714285714,18.36980292815967,98.45,13884,0.0,0.0,0.0
2012-10-10,16055,16055,16020,16020,57,0,16083.0,16077.0,15938.5,15300.833333333334,213.60179616985442,240.98459818225652,-27.382802012402095,53.353658536585364,195.0,16.970421305939464,94.15,13827,0.0,0.0,0.0
2012-10-11,15905,15905,15850,15890,79,0,16041.0,16051.0,15969.5,15317.833333333334,187.9005865852323,230.3677958628517,-42.46720927761939,52.71084337349397,197.85714285714286,-21.104623189145766,94.7,13748,0.0,0.0,0.0
2012-10-12,15800,15875,15755,15800,142,0,15983.0,16031.0,15988.0,15333.333333333334,158.44350686411417,215.9829380631042,-57.53943119899003,35.18518518518519,158.21428571428572,-52.55131982232105,94.6,13606,0.0,0.0,0.0
2012-10-15,15780,15860,15700,15760,142,0,15903.0,15991.5,16000.25,15346.666666666666,130.36809104997337,198.85996866047805,-68.49187761050467,36.821705426356594,159.64285714285714,-82.5260554310324,95.8,13464,0.0,0.0,0.0
2012-10-16,15700,15765,15670,15690,73,0,15832.0,15961.5,15989.5,15358.25,101.30196081325266,179.34836709103297,-78.0464062777803,37.40157480314961,156.78571428571428,-94.92220525115692,94.65,13391,0.0,0.0,0.0
2012-10-17,15650,16605,15650,15715,88,0,15771.0,15927.0,15982.25,15370.833333333334,79.36921534786597,159.35253674239956,-79.98332139453359,31.16883116883116,211.42857142857142,-5.539246522642535,92.15,13479,0.0,0.0,0.0
2012-10-18,15700,15700,15630,15655,46,0,15724.0,15882.5,15969.5,15382.416666666666,56.49462314167613,138.7809540222549,-82.28633088057876,33.80281690140845,206.78571428571428,-100.85392831148027,85.2,13433,0.0,0.0,0.0
2012-10-19,15770,15800,15755,15755,28,0,15715.0,15849.0,15967.25,15394.666666666666,45.906328699313235,120.20602895766658,-74.29970025835334,30.198019801980195,203.92857142857142,-65.83849638123748,80.4,13461,0.0,0.0,0.0
2012-10-22,15690,15710,15600,15600,46,0,15683.0,15793.0,15937.25,15404.75,24.722835005732122,101.10939016727968,-76.38655516154756,30.5,198.57142857142858,-93.63353120664152,73.6,13415,0.0,0.0,0.0
2012-10-23,15540,15550,15465,15520,40,0,15649.0,15740.5,15908.25,15416.666666666666,1.462572596165046,81.18002665305676,-79.71745405689171,23.26732673267327,200.0,-107.1484396218394,70.8,13375,0.0,0.0,0.0
2012-10-24,15430,15450,15305,15305,113,0,15567.0,15669.0,15873.0,15423.75,-33.92894436399365,58.158232449646675,-92.08717681364033,16.455696202531655,207.14285714285714,-116.92524342929562,73.1,13262,0.0,0.0,0.0
2012-10-25,15450,15450,15290,15330,88,0,15502.0,15613.0,15832.0,15434.166666666666,-59.27638421182019,34.6713091173533,-93.94769332917349,18.33333333333333,196.78571428571428,-98.4520400154946,73.4,13350,0.0,0.0,0.0
2012-10-26,15305,15370,15255,15300,96,0,15411.0,15563.0,15797.0,15442.666666666666,-80.85313754887102,11.56641978410844,-92.41955733297945,12.93103448275862,197.85714285714286,-92.07873855597197,76.15,13254,0.0,0.0,0.0
2012-10-29,15260,15265,15140,15140,135,0,15319.0,15501.0,15746.25,15445.0,-109.60013076110408,-12.666890324934064,-96.93324043617002,12.448132780082986,194.28571428571428,-97.88970111679387,79.6,13119,0.0,0.0,0.0
2012-10-30,15210,15230,15130,15175,68,0,15250.0,15449.5,15705.5,15448.416666666666,-128.08167665944893,-35.74984759183704,-92.33182906761189,15.226337448559661,198.92857142857142,-85.37485027537512,78.35,13187,0.0,0.0,0.0
2012-10-31,15105,15190,15105,15160,14,0,15221.0,15394.0,15660.5,15449.916666666666,-142.29848126174875,-57.05957432581938,-85.23890693592936,16.818181818181813,192.85714285714286,-78.84266780914567,75.6,13173,0.0,0.0,0.0
2012-11-01,15220,15280,15220,15250,67,0,15205.0,15353.5,15618.0,15453.916666666666,-144.63588109247758,-74.57483567915102,-70.06104541332655,25.0,191.78571428571428,-58.42587181057059,75.1,13240,0.0,0.0,0.0
2012-11-02,15255,15315,15220,15280,57,0,15201.0,15306.0,15577.5,15460.166666666666,-142.4257427137909,-88.14501708607901,-54.28072562771189,27.981651376146786,187.14285714285714,-50.3542016790969,74.35,13297,0.0,0.0,0.0
2012-11-05,15350,15380,15260,15270,110,0,15227.0,15273.0,15533.0,15467.0,-139.86878822662766,-98.48977131418874,-41.379016912438914,29.611650485436897,188.92857142857142,-41.73267685824303,76.95,13187,0.0,0.0,0.0
2012-11-06,15160,15280,15120,15155,85,0,15223.0,15236.5,15488.5,15469.75,-145.4453191756984,-107.88088088649069,-37.5644382892077,25.0,132.14285714285714,-56.067142767009905,78.7,13102,0.0,0.0,0.0
2012-11-07,15350,15435,15335,15390,70,0,15269.0,15245.0,15457.0,15477.0,-129.4104608688358,-112.18679688295971,-17.223663985876087,39.768339768339764,146.07142857142858,-17.947622248463173,79.35,13172,0.0,0.0,0.0
2012-11-08,15395,15500,15395,15500,174,0,15319.0,15262.0,15437.5,15486.0,-106.5978458321897,-111.06900667280571,4.471160840616008,40.22988505747126,143.57142857142858,0.4611977315626874,84.1,13346,0.0,0.0,0.0
2012-11-09,15360,15450,15360,15385,120,0,15340.0,15270.5,15416.75,15491.083333333334,-96.6837133011195,-108.19194799846848,11.508234697348982,41.501976284584984,142.5,-9.12938193519464,83.0,13226,0.0,0.0,0.0
2012-11-12,15530,15580,15400,15405,333,0,15367.0,15297.0,15399.0,15497.75,-86.21898025482551,-103.79735444973988,17.578374194914375,45.22821576763485,146.78571428571428,7.755457474739149,92.55,13559,0.0,0.0,0.0
2012-11-13,15295,15340,15185,15250,225,0,15386.0,15304.5,15377.0,15502.75,-89.40223521564985,-100.91833060292188,11.516095387272031,47.59825327510917,147.14285714285714,-33.18228410291679,100.15,13334,0.0,0.0,0.0
2012-11-14,15370,15380,15305,15310,234,0,15370.0,15319.5,15356.75,15508.5,-86.09108471241416,-97.95288142482033,11.861796712406175,49.152542372881356,145.0,-11.525683722184343,107.45,13568,0.0,0.0,0.0
2012-11-15,15470,15470,15345,15385,338,0,15347.0,15333.0,15343.25,15516.916666666666,-76.53287751230164,-93.66888064231661,17.13600313001497,53.469387755102034,148.21428571428572,13.373098021932707,122.05,13906,0.0,0.0,0.0
2012-11-16,15300,15420,15300,15370,181,0,15344.0,15342.0,15324.0,15527.666666666666,-69.36866528985229,-88.80883757182374,19.440172281971456,60.648148148148145,145.35714285714286,10.3780708424311,129.7,13725,0.0,0.0,0.0
2012-11-19,15405,15440,15310,15310,172,0,15325.0,15346.0,15309.5,15535.416666666666,-67.75147719203596,-84.59736549586619,16.845888303830222,56.10859728506787,147.5,14.635659379784295,136.0,13553,0.0,0.0,0.0
2012-11-20,15370,15370,15280,15295,39,0,15334.0,15360.0,15298.25,15542.75,-66.9089340704777,-81.05967921078849,14.15074514031079,56.10859728506787,147.85714285714286,0.7262612779801625,135.95,13514,0.0,0.0,0.0
2012-11-21,15360,15360,15275,15310,113,0,15334.0,15352.0,15298.5,15548.666666666666,-64.28974576645851,-77.70569252192249,13.415946755463978,52.9126213592233,145.35714285714286,1.7794280308167572,135.95,13627,0.0,0.0,0.0
2012-11-22,15270,15285,15190,15250,62,0,15307.0,15327.0,15294.5,15552.833333333334,-66.2913532688217,-75.42282467130234,9.131471402480642,48.58490566037736,147.14285714285714,-34.977957020590445,134.65,13565,0.0,0.0,0.0
2012-11-23,15280,15280,15235,15240,60,0,15281.0,15312.5,15291.5,15554.916666666666,-67.90182805535733,-73.91862534811334,6.01679729275601,48.58490566037736,141.78571428571428,-27.760851861135528,132.85,13505,0.0,0.0,0.0
2012-11-26,15200,15270,15200,15270,68,0,15273.0,15299.0,15298.0,15557.916666666666,-65.9966236510154,-72.33422500869375,6.337601357678352,55.8974358974359,135.35714285714286,-33.43533218205084,129.5,13573,0.0,0.0,0.0
2012-11-27,15340,15340,15275,15305,252,0,15275.0,15304.5,15304.5,15561.166666666666,-60.959821070395265,-70.05934422103405,9.099523150638788,44.516129032258064,120.35714285714286,-3.665203000753559,138.7,13825,0.0,0.0,0.0
2012-11-28,15440,15445,15365,15400,71,0,15293.0,15313.5,15316.5,15566.166666666666,-48.74056182836466,-65.79558774250017,17.055025914135513,43.421052631578945,122.5,50.40333937208549,141.55,13896,0.0,0.0,0.0
2012-11-29,15415,15415,15360,15360,86,0,15315.0,15311.0,15322.0,15569.0,-41.80250331305979,-60.996970856612094,19.194467543552307,48.175182481751825,116.42857142857143,30.584380376764884,142.5,13810,0.0,0.0,0.0
2012-11-30,15425,15425,15360,15375,43,0,15342.0,15311.5,15326.75,15571.166666666666,-34.69373948126304,-55.736324581542284,21.042585100279247,47.794117647058826,107.14285714285714,32.47253803779562,141.8,13853,0.0,0.0,0.0
2012-12-03,15445,15455,15390,15435,127,0,15375.0,15324.0,15335.0,15575.583333333334,-23.942500131779525,-49.37755969158974,25.435059559810213,65.81196581196582,97.14285714285714,53.39917399276515,142.65,13980,0.0,0.0,0.0
2012-12-04,15460,15495,15410,15410,42,0,15396.0,15335.5,15347.75,15579.083333333334,-17.240617449058846,-42.95017124308357,25.70955379402472,59.09090909090909,93.92857142857143,57.90474369674503,140.5,13938,0.0,0.0,0.0
2012-12-05,15385,15400,15270,15300,114,0,15376.0,15334.5,15343.25,15579.583333333334,-20.568309165455503,-38.47379882755796,17.905489662102454,42.73504273504273,92.5,-21.149655753399777,142.7,13824,0.0,0.0,0.0
2012-12-06,15300,15375,15265,15370,162,0,15378.0,15346.5,15336.75,15581.25,-17.357032770432852,-34.250445616132936,16.893412845700084,50.0,91.78571428571429,-7.737581259228067,142.1,13986,0.0,0.0,0.0
2012-12-07,15350,15360,15290,15310,112,0,15365.0,15353.5,15333.0,15579.25,-19.429599323959337,-31.28627635769822,11.856677033738883,50.0,88.21428571428571,-17.68436300854481,141.7,13874,0.0,0.0,0.0
2012-12-10,15285,15315,15195,15245,128,0,15327.0,15351.0,15325.0,15574.75,-26.01717027815721,-30.23245514179002,4.21528486363281,46.3768115942029,90.35714285714286,-65.68550490223275,131.45,13746,0.0,0.0,0.0
2012-12-11,15250,15300,15250,15290,167,0,15303.0,15349.5,15327.0,15564.5,-27.29213703397363,-29.644391520226744,2.3522544862531127,48.611111111111114,88.21428571428571,-44.382101861330675,128.55,13913,0.0,0.0,0.0
2012-12-12,15355,15360,15300,15330,171,0,15309.0,15342.5,15328.0,15555.666666666666,-24.78913791634841,-28.67334079945108,3.8842028831026703,55.71428571428571,84.64285714285714,-2.8341913490863773,125.4,14084,0.0,0.0,0.0
2012-12-13,15255,15350,15255,15350,191,0,15305.0,15341.5,15326.25,15546.333333333334,-20.950159827994867,-27.128704605159836,6.178544777164969,57.74647887323944,88.21428571428571,-9.440381828549972,118.05,14275,0.0,0.0,0.0
2012-12-14,15350,15355,15315,15325,159,0,15308.0,15336.5,15324.0,15538.416666666666,-19.69796719662918,-25.642557123453706,5.944589926824527,53.90070921985815,86.07142857142857,3.3930826562811784,116.95,14116,0.0,0.0,0.0
2012-12-17,15305,15350,15295,15350,35,0,15329.0,15328.0,15326.0,15524.25,-16.498124340752838,-23.813670566913537,7.3155462261606985,53.23741007194244,85.0,4.354450000716174,110.1,14151,0.0,0.0,0.0
2012-12-18,15300,15350,15300,15320,106,0,15335.0,15319.0,15327.25,15511.25,-16.196274532412644,-22.29019136001336,6.093916827600715,43.650793650793645,78.57142857142857,-3.2691923698773055,113.45,14045,0.0,0.0,0.0
2012-12-19,15345,15345,15315,15340,100,0,15337.0,15323.0,15328.75,15500.083333333334,-14.1797679927422,-20.668106686559128,6.488338693816928,48.360655737704924,76.78571428571429,4.65412795810392,112.8,14145,0.0,0.0,0.0
2012-12-20,15260,15330,15260,15310,116,0,15329.0,15317.0,15331.75,15486.083333333334,-14.83145354721455,-19.500776058690214,4.669322511475663,44.800000000000004,77.85714285714286,-28.59250981271708,115.5,14029,0.0,0.0,0.0
2012-12-21,15265,15340,15265,15320,168,0,15328.0,15318.0,15335.75,15474.75,-14.375293186218187,-18.47567948419581,4.1003862979776216,39.99999999999999,77.5,-24.871574492953147,120.9,14197,0.0,0.0,0.0
2012-12-24,15265,15285,15265,15280,60,0,15314.0,15321.5,15336.25,15460.166666666666,-17.044964775910557,-18.189536542538757,1.1445717666282,38.983050847457626,75.35714285714286,-60.0321991632071,120.5,14137,0.0,0.0,0.0
2012-12-25,15300,15310,15250,15260,55,0,15302.0,15318.5,15334.0,15448.0,-20.5377847988766,-18.659186193806327,-1.8785986050702732,46.0,69.64285714285714,-59.81339909744505,110.65,14082,0.0,0.0,0.0
2012-12-26,15210,15270,15210,15265,31,0,15287.0,15312.0,15327.25,15434.75,-22.641415474434325,-19.45563204993193,-3.1857834245023966,37.93103448275862,66.07142857142857,-75.99713906753593,108.65,14113,0.0,0.0,0.0
2012-12-27,15255,15265,15220,15230,79,0,15271.0,15300.0,15320.75,15420.25,-26.823560129363614,-20.929217665818268,-5.894342463545346,40.243902439024396,63.57142857142857,-75.98168627204934,108.3,14034,0.0,0.0,0.0
2012-12-28,15275,15290,15240,15240,87,0,15255.0,15291.5,15314.0,15406.083333333334,-28.99676679485674,-22.542727491625964,-6.4540393032307755,49.29577464788733,59.285714285714285,-53.33931852022004,110.5,14121,0.0,0.0,0.0
2012-12-31,15270,15270,15235,15250,230,0,15249.0,15281.5,15304.75,15390.916666666666,-29.571253307198276,-23.94843265474043,-5.622820652457847,43.75,57.857142857142854,-56.0087998994841,115.65,14351,0.0,0.0,0.0
2013-01-01,15095,15270,15095,15265,101,0,15250.0,15276.0,15297.5,15377.916666666666,-28.487774041284865,-24.85630093204932,-3.6314731092355466,38.983050847457626,65.35714285714286,-105.51158763992129,118.6,14452,0.0,0.0,0.0
2013-01-07,15315,15315,15225,15250,201,0,15247.0,15267.0,15295.0,15365.083333333334,-28.51082847350517,-25.58720644034049,-2.92362203316468,32.758620689655174,65.0,-33.35881928329788,122.95,14251,0.0,0.0,0.0
2013-01-08,15235,15235,15165,15170,133,0,15235.0,15253.0,15285.0,15353.083333333334,-34.58574771842359,-27.386914695957113,-7.198833022466477,27.53623188405797,68.21428571428571,-107.00043064212082,121.5,14118,0.0,0.0,0.0
2013-01-09,15225,15225,15120,15120,67,0,15211.0,15233.0,15275.5,15341.75,-42.93976424685388,-30.497484606136467,-12.442279640717416,18.91891891891892,71.78571428571429,-117.64945619029979,119.25,14051,0.0,0.0,0.0
2013-01-10,15100,15130,15100,15125,62,0,15186.0,15217.5,15269.5,15331.166666666666,-48.59673145007582,-34.11733397492434,-14.47939747515148,21.73913043478261,70.35714285714286,-121.53938636837123,115.95,14113,0.0,0.0,0.0
2013-01-11,15120,15200,15120,15200,68,0,15173.0,15211.5,15265.0,15323.0,-46.492113373395114,-36.5922898546185,-9.899823518776614,32.5,73.92857142857143,-68.42667706862856,111.0,14181,0.0,0.0,0.0
2013-01-14,15380,15380,15295,15345,86,0,15192.0,15219.5,15265.75,15316.833333333334,-32.74641985607195,-35.82311585490919,3.0766959988372378,53.39805825242718,81.07142857142857,59.8626648927229,106.75,14267,0.0,0.0,0.0
2013-01-15,15260,15300,15240,15270,111,0,15212.0,15223.5,15261.75,15310.416666666666,-27.58672926721738,-34.17583853737083,6.58910927015345,45.689655172413794,83.21428571428571,8.102678928714337,102.75,14156,0.0,0.0,0.0
2013-01-16,15220,15220,15110,15130,135,0,15214.0,15212.5,15252.0,15300.0,-34.3979491276059,-34.220260655417846,-0.17768847218805206,38.970588235294116,90.71428571428571,-74.24046093056934,101.55,14021,0.0,0.0,0.0
2013-01-17,15205,15205,15140,15170,62,0,15223.0,15204.5,15243.0,15292.833333333334,-36.15149233300872,-34.60650699093602,-1.5449853420726996,43.57142857142857,91.78571428571429,-54.700738263566905,102.9,14083,0.0,0.0,0.0
2013-01-18,15130,15130,15035,15100,58,0,15203.0,15188.0,15232.0,15285.833333333334,-42.69741373515353,-36.22468833977952,-6.472725395374013,39.2156862745098,97.14285714285714,-100.98574187867949,100.5,14025,0.0,0.0,0.0
2013-01-21,15195,15195,15130,15190,35,0,15172.0,15182.0,15224.5,15283.916666666666,-40.15991724127525,-37.01173412007867,-3.148183121196581,47.56097560975609,100.71428571428571,-37.968445770978455,97.25,14060,0.0,0.0,0.0
2013-01-22,15270,15270,15140,15140,18,0,15146.0,15179.0,15216.0,15280.75,-41.70279130172821,-37.94994555640858,-3.7528457453196324,44.1860465116279,105.71428571428571,-25.7675563471952,92.35,14042,0.0,0.0,0.0
2013-01-23,15200,15300,15190,15205,200,0,15161.0,15187.5,15210.25,15279.166666666666,-37.251165094940006,-37.81018946411487,0.559024369174864,47.540983606557376,114.64285714285714,14.847636446718303,93.95,14242,0.0,0.0,0.0
2013-01-24,15250,15250,15150,15250,92,0,15177.0,15200.0,15208.75,15281.0,-29.74916547315661,-36.19798466592322,6.448819192766614,49.20634920634921,109.28571428571429,5.328155342275056,95.55,14334,0.0,0.0,0.0
2013-01-25,15275,15275,15190,15220,120,0,15201.0,15202.0,15206.75,15281.75,-25.925671006250923,-34.143521933988765,8.217850927737842,48.4375,108.92857142857143,17.363713847700126,98.8,14214,0.0,0.0,0.0
2013-01-28,15370,15625,15345,15460,143,0,15255.0,15213.5,15216.5,15286.75,-3.489307295641993,-28.01267900631941,24.523371710677417,62.94642857142857,131.78571428571428,153.68725735026462,104.4,14357,0.0,0.0,0.0
2013-01-29,15420,15425,15375,15385,50,0,15304.0,15225.0,15224.25,15289.0,8.145898543674775,-20.780963496320574,28.92686203999535,61.57205240174673,130.35714285714286,90.74252677834933,102.95,14307,0.0,0.0,0.0
2013-01-30,15390,15430,15350,15405,60,0,15344.0,15252.5,15232.5,15291.083333333334,18.764411397341973,-12.871888517588065,31.63629991493004,62.06896551724138,133.92857142857142,80.70448312700377,101.6,14367,0.0,0.0,0.0
2013-01-31,15425,15545,15410,15470,92,0,15388.0,15282.5,15243.5,15294.416666666666,32.0551048137786,-3.8864898513147326,35.941594665093334,61.73913043478261,138.21428571428572,101.36438060325455,94.7,14459,0.0,0.0,0.0
2013-02-01,15620,15625,15510,15545,152,0,15453.0,15327.0,15257.5,15300.916666666666,48.08564689430386,6.507937497808988,41.577709396494875,59.25925925925926,136.42857142857142,111.81690505301444,97.25,14611,0.0,0.0,0.0
2013-02-04,15500,15505,15415,15505,81,0,15462.0,15358.5,15270.25,15302.833333333334,56.90632063951125,16.58761412614944,40.31870651336181,61.24401913875598,138.21428571428572,71.43385127809206,91.25,14530,0.0,0.0,0.0
2013-02-05,15600,15600,15515,15535,168,0,15492.0,15398.0,15288.5,15303.416666666666,65.56176222746944,26.382443746413443,39.179318481056,71.65775401069519,133.57142857142858,84.83375379484882,93.0,14698,0.0,0.0,0.0
2013-02-06,15470,15490,15440,15450,109,0,15501.0,15422.5,15305.0,15304.5,64.81532173680898,34.06901934449255,30.74630239231643,64.28571428571428,135.0,50.01275236481991,95.1,14589,0.0,0.0,0.0
2013-02-07,15500,15500,15395,15400,28,0,15487.0,15437.5,15318.75,15304.416666666666,59.50326355481957,39.15586818655795,20.347395368261616,65.625,132.85714285714286,36.69290917176136,93.4,14561,0.0,0.0,0.0
2013-02-08,15400,15400,15260,15345,36,0,15447.0,15450.0,15326.0,15306.0,50.27583035178213,41.379860619602795,8.895969732179339,58.37837837837838,136.07142857142858,1.5826250890524416,91.8,14525,0.0,0.0,0.0
2013-02-11,15350,15390,15300,15390,20,0,15424.0,15443.0,15328.25,15307.333333333334,46.0631595476716,42.31652040521656,3.746639142455045,63.58695652173913,133.21428571428572,9.860383430382818,88.5,14545,0.0,0.0,0.0
2013-02-19,15275,15375,15275,15330,135,0,15383.0,15437.5,15331.25,15306.416666666666,37.45137291143146,41.343490906459536,-3.892117995028073,56.830601092896174,130.0,-2.6289281615075786,89.7,14410,0.0,0.0,0.0
2013-02-20,15320,15355,15275,15290,87,0,15351.0,15426.0,15339.25,15305.083333333334,27.086567166097666,38.492106158387166,-11.4055389922895,52.1978021978022,128.57142857142858,-12.76725141945696,87.3,14323,0.0,0.0,0.0
2013-02-21,15300,15300,15260,15275,82,0,15326.0,15406.5,15344.5,15304.5,17.460732839512275,34.28583149461219,-16.825098655099914,53.072625698324025,125.35714285714286,-25.8897205828897,88.3,14241,0.0,0.0,0.0
2013-02-22,15150,15150,15020,15040,135,0,15265.0,15356.0,15341.5,15300.25,-9.026296707976144,25.623405854094525,-34.64970256207067,26.404494382022477,114.64285714285714,-102.32836020096398,92.15,14106,0.0,0.0,0.0
2013-02-25,15090,15115,15030,15115,200,0,15210.0,15317.0,15337.75,15297.0,-23.692473171588063,15.76023004895801,-39.45270322054607,34.8314606741573,114.64285714285714,-89.95501793167085,100.4,14306,0.0,0.0,0.0
2013-02-26,14945,15175,14650,15175,98,0,15179.0,15281.0,15339.5,15295.75,-30.126742786422255,6.582835481881957,-36.70957826830421,37.634408602150536,146.42857142857142,-105.48999872183639,104.4,14404,0.0,0.0,0.0
2013-02-27,15050,15050,14940,14970,102,0,15115.0,15233.0,15327.75,15291.25,-51.17778886315682,-4.9692893871258,-46.20849947603102,26.635514018691595,153.21428571428572,-95.60540929746554,99.5,14302,0.0,0.0,0.0
2013-02-28,15095,15220,14965,15155,98,0,15091.0,15208.5,15323.0,15289.333333333334,-52.329716258171175,-14.441374761334876,-37.8883414968363,33.47457627118645,160.35714285714286,-56.35172996150019,99.8,14400,0.0,0.0,0.0
2013-03-01,15175,15210,15125,15125,72,0,15108.0,15186.5,15318.25,15286.333333333334,-55.02903582681938,-22.55890697443178,-32.4701288523876,33.76068376068376,157.14285714285714,-43.50639511349303,97.4,14328,0.0,0.0,0.0
2013-03-04,15035,15040,14930,15010,111,0,15087.0,15148.5,15295.75,15279.833333333334,-65.69056499511316,-31.185238578568054,-34.50532641654511,29.083665338645417,164.28571428571428,-77.07592898894248,95.8,14217,0.0,0.0,0.0
2013-03-05,14965,15000,14880,14885,105,0,15029.0,15104.0,15270.75,15271.916666666666,-83.26651445750758,-41.601493754355964,-41.66502070315162,28.18532818532819,166.78571428571428,-83.21697458755646,98.55,14112,0.0,0.0,0.0
2013-03-06,15000,15000,14870,14900,98,0,15015.0,15065.0,15245.5,15264.0,-94.89135788864405,-52.25946658121359,-42.631891307430465,30.158730158730165,168.57142857142858,-73.18699408076986,100.45,14210,0.0,0.0,0.0
2013-03-07,14900,14900,14835,14880,48,0,14960.0,15025.5,15216.0,15254.75,-104.51319980319568,-62.710213225610005,-41.80298657758567,31.020408163265316,163.21428571428572,-75.54065387346057,98.25,14162,0.0,0.0,0.0
2013-03-08,14755,14865,14710,14775,175,0,14890.0,14999.0,15177.5,15244.166666666666,-119.23671469575675,-74.01551351963936,-45.22120117611739,26.07003891050583,168.92857142857142,-85.27226237954272,99.4,13987,0.0,0.0,0.0
2013-03-11,14820,14830,14785,14830,72,0,14854.0,14970.5,15143.75,15236.333333333334,-125.02594471476186,-84.21759975866385,-40.80834495609801,30.46875,164.64285714285714,-70.59585691468811,98.95,14059,0.0,0.0,0.0
2013-03-12,14560,14800,14560,14765,106,0,14830.0,14929.5,15105.25,15226.25,-133.32205433404306,-94.03849067373969,-39.28356366030337,29.885057471264375,178.21428571428572,-85.55941501953504,95.85,13953,0.0,0.0,0.0
2013-03-13,14765,14770,14715,14720,70,0,14794.0,14904.5,15068.75,15216.416666666666,-141.8922592570234,-103.60924439039643,-38.28301486662697,29.213483146067418,179.28571428571428,-72.73646693015574,93.9,13883,0.0,0.0,0.0
2013-03-14,14780,14800,14750,14750,55,0,14768.0,14864.0,15036.25,15208.166666666666,-144.59663907694267,-111.80672332770567,-32.789915749237,37.16814159292036,166.78571428571428,-60.628101834363,95.25,13938,0.0,0.0,0.0
2013-03-15,14630,14730,14630,14730,68,0,14759.0,14824.5,15005.5,15198.833333333334,-146.66307182386663,-118.77799302693788,-27.885078796928752,32.09302325581395,169.28571428571428,-69.76304146024805,96.85,13870,0.0,0.0,0.0
2013-03-18,14820,14820,14705,14735,111,0,14740.0,14797.0,14972.75,15188.916666666666,-146.2118374025231,-124.26476190205491,-21.947075500468173,28.431372549019613,140.0,-52.30339122414376,101.4,13981,0.0,0.0,0.0
2013-03-19,14650,14650,14450,14490,151,0,14685.0,14757.5,14930.75,15174.583333333334,-163.73623393961861,-132.15905630956766,-31.577177630050954,27.35849056603773,143.57142857142858,-96.15948988154062,102.2,13830,0.0,0.0,0.0
2013-03-20,14410,14540,14410,14515,97,0,14644.0,14719.0,14892.0,15161.083333333334,-173.60593226423953,-140.44843150050204,-33.15750076373749,14.444444444444443,134.64285714285714,-95.68796625422937,102.7,13927,0.0,0.0,0.0
2013-03-21,14490,14550,14490,14550,129,0,14604.0,14686.0,14855.75,15147.75,-176.5681639172708,-147.6723779838558,-28.895785933415,18.232044198895025,132.85714285714286,-79.47276288087215,105.05,14056,0.0,0.0,0.0
2013-03-22,14570,14610,14560,14590,44,0,14576.0,14667.5,14833.25,15135.583333333334,-173.68594468341144,-152.87509132376692,-20.81085335964451,24.698795180722882,123.21428571428571,-58.941367946959,100.5,14100,0.0,0.0,0.0
2013-03-25,14500,14540,14485,14500,53,0,14529.0,14634.5,14802.5,15121.583333333334,-176.6279558855622,-157.62566423612597,-19.002291649436216,25.786163522012572,121.42857142857143,-70.76066737638529,93.15,14047,0.0,0.0,0.0
2013-03-26,14540,14595,14530,14585,43,0,14548.0,14616.5,14773.0,15109.5,-170.13946943840892,-160.12842527658256,-10.011044161826362,31.79190751445087,118.92857142857143,-50.175845634281025,90.4,14090,0.0,0.0,0.0
2013-03-27,14545,14570,14475,14570,87,0,14559.0,14601.5,14753.0,15097.0,-164.31356729960316,-160.9654536811867,-3.348113618416477,31.976744186046517,122.14285714285714,-52.53644785240048,89.65,14003,0.0,0.0,0.0
2013-03-28,14575,14595,14540,14540,116,0,14557.0,14580.5,14722.25,15084.666666666666,-160.26975716464585,-160.82631437787853,0.5565572132326793,35.03184713375795,113.92857142857143,-43.96974998538572,90.55,13887,0.0,0.0,0.0
2013-03-29,14555,14580,14540,14570,42,0,14553.0,14564.5,14694.5,15073.166666666666,-152.88193147868333,-159.23743779803948,6.355506319356152,32.89473684210526,112.85714285714286,-40.67132756553626,89.05,13929,0.0,0.0,0.0
2013-04-01,14445,14550,14440,14450,57,0,14543.0,14536.0,14666.5,15059.583333333334,-154.92415430046822,-158.37478109852523,3.4506267980570158,30.674846625766875,102.85714285714286,-62.912043487204,86.35,13872,0.0,0.0,0.0
2013-04-02,14400,14470,14375,14395,62,0,14505.0,14526.5,14642.0,15045.666666666666,-159.1461333853349,-158.52905155588718,-0.6170818294477272,30.30303030303031,105.71428571428571,-78.15820437810194,84.2,13810,0.0,0.0,0.0
2013-04-03,14500,14535,14420,14475,141,0,14486.0,14522.5,14620.75,15032.916666666666,-154.25855422521454,-157.67495208975265,3.416397864538112,34.28571428571429,110.0,-53.04813804229957,86.35,13951,0.0,0.0,0.0
2013-04-04,14365,14430,14350,14350,103,0,14448.0,14502.5,14594.25,15017.916666666666,-158.64283204306776,-157.86852808041567,-0.774303962652084,30.612244897959187,110.35714285714286,-83.35583150262167,89.1,13848,0.0,0.0,0.0
2013-04-09,14340,14425,14340,14425,67,0,14419.0,14486.0,14576.75,15003.916666666666,-154.28700603662037,-157.1522236716566,2.865217635036231,35.23809523809523,108.21428571428571,-68.73947992725816,83.7,13915,0.0,0.0,0.0
2013-04-10,14500,14500,14415,14480,41,0,14425.0,14484.0,14559.25,14991.083333333334,-144.72860097702142,-154.66749913272957,9.93889815570816,49.41860465116279,93.92857142857143,-38.89084237153864,82.15,13956,0.0,0.0,0.0
2013-04-11,14500,14500,14450,14480,31,0,14442.0,14473.5,14545.0,14979.583333333334,-135.5904932981084,-150.85209796580534,15.261604667696929,47.90419161676647,88.21428571428571,-30.17316619369191,78.4,13956,0.0,0.0,0.0
2013-04-12,14400,14490,14400,14440,47,0,14435.0,14460.5,14531.0,14968.25,-130.07669960895146,-146.69701829443457,16.620318685483113,43.45238095238095,90.35714285714286,-40.932073350562305,77.25,13909,0.0,0.0,0.0
2013-04-15,14405,14450,14380,14410,38,0,14447.0,14447.5,14514.0,14956.333333333334,-126.66758262048279,-142.69113115964421,16.023548539161425,39.156626506024104,91.07142857142857,-52.896261676739314,76.4,13871,0.0,0.0,0.0
2013-04-16,14230,14270,14015,14020,78,0,14366.0,14392.5,14478.5,14936.666666666666,-153.66422791304103,-144.8857505103236,-8.778477402717442,28.761061946902657,111.78571428571429,-155.1932285629161,76.9,13793,0.0,0.0,0.0
2013-04-17,13805,14125,13805,14035,196,0,14277.0,14351.0,14443.5,14914.833333333334,-171.86770524581152,-150.28214145742118,-21.585563788390346,24.05660377358491,127.85714285714286,-151.74626390694215,81.15,13989,0.0,0.0,0.0
2013-04-18,14070,14090,13950,13955,131,0,14172.0,14307.0,14416.75,14892.916666666666,-190.5528489652661,-158.33628295899018,-32.21656600627591,22.66666666666667,130.0,-117.38295862407492,80.15,13858,0.0,0.0,0.0
2013-04-19,13425,13705,13425,13610,98,0,14006.0,14220.5,14371.5,14867.583333333334,-230.54203166323714,-172.77743269983958,-57.76459896339756,17.708333333333343,163.92857142857142,-153.63259501716976,80.2,13760,0.0,0.0,0.0
2013-04-22,13785,13875,13680,13865,106,0,13897.0,14172.0,14337.25,14845.833333333334,-238.90344794611337,-186.00263574909434,-52.900812197019036,28.828828828828833,180.0,-93.25696880948689,79.05,13866,0.0,0.0,0.0
2013-04-23,13830,13830,13670,13700,213,0,13833.0,14099.5,14292.75,14822.5,-255.89426186636047,-199.98096097254756,-55.9133008938129,28.070175438596493,184.64285714285714,-91.08462051418384,87.5,13653,0.0,0.0,0.0
2013-04-24,13745,13760,13650,13690,50,0,13764.0,14020.5,14252.25,14797.5,-267.0876999877364,-213.40230877558537,-53.685391212151046,28.828828828828833,185.71428571428572,-83.77295269086585,87.35,13603,0.0,0.0,0.0
2013-04-25,13820,13835,13745,13810,76,0,13735.0,13953.5,14213.5,14775.333333333334,-263.2411036442245,-223.37006774931322,-39.87103589491127,30.498533724340177,186.07142857142858,-62.132345316401874,89.0,13679,0.0,0.0,0.0
2013-04-26,13850,13895,13825,13870,47,0,13787.0,13896.5,14178.5,14753.083333333334,-252.44116515692076,-229.18428723083474,-23.25687792608602,35.365853658536594,183.21428571428572,-47.265127355060244,87.0,13726,0.0,0.0,0.0
2013-04-29,13945,13990,13840,13875,94,0,13789.0,13843.0,14145.25,14730.166666666666,-240.70399209527932,-231.48822820372368,-9.215763891555639,32.48407643312102,187.85714285714286,-37.44346066459558,85.9,13820,0.0,0.0,0.0
2013-05-03,13480,13850,13480,13630,227,0,13775.0,13804.0,14098.25,14703.666666666666,-248.3092953421965,-234.85244163141826,-13.456853710778233,25.852272727272734,210.0,-67.65734841765916,95.15,13593,0.0,0.0,0.0
2013-05-06,13715,13765,13685,13720,93,0,13781.0,13772.5,14061.75,14674.666666666666,-244.2586435232024,-236.73368200977512,-7.524961513427286,29.459459459459453,216.07142857142858,-51.76587875763271,96.95,13686,0.0,0.0,0.0
2013-05-07,13765,13895,13765,13840,160,0,13787.0,13761.0,14034.0,14648.916666666666,-228.72883205791368,-235.13271201940285,6.403879961489167,34.4559585492228,222.14285714285714,-31.373492133604554,101.85,13846,0.0,0.0,0.0
2013-05-08,13855,13880,13810,13870,63,0,13787.0,13787.0,14003.75,14623.333333333334,-211.5618420830251,-230.4185380321273,18.856695949102175,36.010362694300525,222.14285714285714,-24.606251024001736,97.95,13909,0.0,0.0,0.0
2013-05-09,13900,13925,13835,13885,59,0,13789.0,13789.0,13980.5,14596.916666666666,-194.5043788026087,-223.23570618622358,28.731327383614882,45.659163987138264,200.35714285714286,-16.640281933887298,95.75,13968,0.0,0.0,0.0
2013-05-10,13855,13860,13815,13815,139,0,13826.0,13800.5,13950.0,14568.083333333334,-184.5077408615125,-215.49011312128138,30.98237225976888,43.16770186335403,182.5,-21.67454715614148,99.35,13829,0.0,0.0,0.0
2013-05-13,13800,13870,13800,13850,81,0,13852.0,13816.5,13918.5,14540.5,-171.7809420089543,-206.74827889881598,34.967336889861684,46.64536741214057,177.5,-15.842877658002312,101.35,13910,0.0,0.0,0.0
2013-05-14,13800,13830,13780,13825,53,0,13849.0,13818.0,13885.75,14512.0,-161.846487728355,-197.7679206647238,35.9214329363688,58.634538152610446,144.64285714285714,-17.26848182285382,102.45,13857,0.0,0.0,0.0
2013-05-15,13815,13815,13790,13790,21,0,13833.0,13810.0,13853.25,14484.333333333334,-155.01070175092718,-189.2164768819645,34.20577513103731,46.34146341463415,128.21428571428572,-16.08186452142254,101.15,13836,0.0,0.0,0.0
2013-05-16,13750,13770,13745,13770,135,0,13810.0,13799.5,13821.25,14457.166666666666,-149.4839668483728,-181.26997487524616,31.78600802687336,53.97727272727273,117.5,-25.432691838051063,106.0,13701,0.0,0.0,0.0
2013-05-17,13805,13840,13770,13840,50,0,13815.0,13820.5,13812.25,14432.083333333334,-137.86633731676193,-172.5892473635493,34.722910046787376,57.97872340425533,114.64285714285714,4.010346735181602,104.6,13751,0.0,0.0,0.0
2013-05-20,13825,13895,13800,13885,54,0,13822.0,13837.0,13804.75,14407.0,-123.60333597641875,-162.79206508612322,39.18872910970447,54.335260115606935,111.07142857142857,31.26888910827676,97.5,13805,0.0,0.0,0.0
2013-05-21,13990,13990,13800,13810,68,0,13819.0,13834.0,13797.5,14381.666666666666,-117.00294078411207,-153.634240225721,36.63129944160892,46.59090909090909,118.57142857142857,43.420796127238276,94.35,13737,0.0,0.0,0.0
2013-05-22,13900,13910,13880,13880,31,0,13837.0,13835.0,13811.0,14358.166666666666,-104.9142785589811,-143.890247892373,38.9759693333919,50.26455026455026,115.0,59.01637734462474,91.0,13768,0.0,0.0,0.0
2013-05-23,13840,13915,13840,13905,23,0,13864.0,13837.0,13813.0,14335.333333333334,-92.25319814260729,-133.56283794241986,41.30963979981257,68.9655172413793,92.14285714285714,51.91527309225844,86.85,13791,0.0,0.0,0.0
2013-05-24,13850,13860,13800,13825,82,0,13861.0,13838.0,13819.25,14315.083333333334,-87.6639961281544,-124.38306957956678,36.719073451412385,57.34265734265735,90.0,6.416739015167346,80.3,13709,0.0,0.0,0.0
2013-05-27,13880,13890,13845,13875,55,0,13859.0,13840.5,13828.5,14294.416666666666,-79.08084359685199,-115.32262438302382,36.24178078617183,52.713178294573645,82.14285714285714,34.308130456074,80.55,13764,0.0,0.0,0.0
2013-05-28,13945,13980,13945,13975,14,0,13892.0,13855.5,13836.75,14274.416666666666,-63.47773727065214,-104.95364696054949,41.47590968989735,57.34265734265735,84.64285714285714,96.07262585807459,77.45,13778,0.0,0.0,0.0
2013-05-29,13985,13985,13940,13940,19,0,13904.0,13870.5,13840.25,14257.25,-53.32171109177216,-94.62725978679403,41.30554869502187,53.741496598639465,81.42857142857143,78.44271918703974,76.05,13759,0.0,0.0,0.0
2013-05-30,13990,14000,13955,13955,56,0,13914.0,13889.0,13844.25,14237.25,-43.56047450043479,-84.41390272952218,40.853428229087385,60.294117647058826,80.71428571428571,81.4182752018386,74.15,13815,0.0,0.0,0.0
2013-05-31,13990,14030,13990,14030,81,0,13955.0,13908.0,13864.25,14219.0,-29.433460367614316,-73.4178142571406,43.98435388952629,62.50000000000001,81.07142857142857,106.70297278580696,66.85,13896,0.0,0.0,0.0
2013-06-03,14090,14150,14070,14110,81,0,14002.0,13930.5,13883.75,14204.0,-11.648096470193195,-61.06387069975112,49.415774229557925,68.38709677419354,84.64285714285714,136.29218380068778,66.25,13977,0.0,0.0,0.0
2013-06-04,14200,14200,14130,14155,68,0,14038.0,13965.0,13899.5,14191.833333333334,6.0087908736022655,-47.64933838508045,53.65812925868271,73.2484076433121,88.57142857142857,127.24932472005631,61.65,14045,0.0,0.0,0.0
2013-06-05,14155,14220,14155,14200,67,0,14090.0,13997.0,13916.0,14180.166666666666,23.36380185949747,-33.44671033616487,56.81051219566234,76.54320987654322,90.0,113.51786361378849,61.85,14112,0.0,0.0,0.0
2013-06-06,14295,14295,14240,14285,53,0,14156.0,14035.0,13936.0,14170.25,43.47540531728373,-18.06228720547515,61.53769252275888,76.96969696969697,91.78571428571429,116.51989061414159,61.55,14165,0.0,0.0,0.0
2013-06-07,14180,14225,14005,14195,43,0,14189.0,14072.0,13955.0,14160.583333333334,51.55742619939883,-4.138344524500354,55.69577072389919,67.816091954023,105.0,63.68087139278096,56.75,14122,0.0,0.0,0.0
2013-06-10,14200,14215,14145,14200,71,0,14207.0,14104.5,13972.5,14150.083333333334,57.700805224425494,8.229485425284816,49.47131979914068,74.375,96.42857142857143,69.91840636911645,56.25,14193,0.0,0.0,0.0
2013-06-14,13950,14040,13950,14005,64,0,14177.0,14107.5,13981.5,14137.416666666666,46.30087932979404,15.843764206186663,30.45711512360738,56.75675675675676,107.14285714285714,6.8562892767771455,56.8,14129,0.0,0.0,0.0
2013-06-17,14090,14110,14025,14110,119,0,14159.0,14124.5,13997.5,14127.25,45.21773648551243,21.71855866205182,23.499177823460613,60.19900497512438,109.28571428571429,30.511011922503034,61.7,14248,0.0,0.0,0.0
2013-06-18,14170,14170,14135,14160,31,0,14134.0,14145.0,14017.0,14117.416666666666,47.8424224452865,26.943331418698758,20.899091026587744,67.17948717948718,106.07142857142857,50.837856188525244,56.5,14279,0.0,0.0,0.0
2013-06-19,14150,14175,14150,14155,55,0,14126.0,14157.5,14032.75,14107.833333333334,48.954727143740456,31.3456105637071,17.609116580033355,65.05376344086022,103.21428571428571,47.922603853195476,56.75,14224,0.0,0.0,0.0
2013-06-20,14115,14165,14115,14160,80,0,14118.0,14162.5,14046.5,14098.25,49.66716270926554,35.00992099281879,14.657241716446748,61.07784431137724,99.28571428571429,38.860526292001545,58.05,14304,0.0,0.0,0.0
2013-06-21,14080,14375,13980,13995,251,0,14116.0,14146.5,14055.75,14090.0,36.4969380075072,35.307324395756474,1.1896136117507226,52.84974093264249,124.28571428571429,23.99254391973022,67.2,14053,0.0,0.0,0.0
2013-06-24,13915,14005,13900,13980,89,0,14090.0,14124.5,14060.75,14081.083333333334,24.565885172709386,33.159036551147054,-8.593151378437668,51.29533678756477,127.5,-39.25091556873139,70.1,13964,0.0,0.0,0.0
2013-06-25,13935,13945,13900,13915,153,0,14041.0,14087.5,14061.25,14070.5,9.753055912708078,28.47784042345926,-18.72478451075118,43.97905759162304,127.85714285714286,-57.78323283797472,76.6,13811,0.0,0.0,0.0
2013-06-26,13950,13950,13820,13900,90,0,13990.0,14058.0,14065.0,14059.0,-3.160164230172086,22.150239492732993,-25.31040372290508,38.20224719101124,128.57142857142858,-74.78803225051492,77.0,13721,0.0,0.0,0.0
2013-06-27,13905,13915,13870,13870,61,0,13932.0,14025.0,14064.75,14048.5,-15.634508624392765,14.593289869307842,-30.227798493700607,33.71428571428571,125.35714285714286,-78.12238727509337,77.3,13660,0.0,0.0,0.0
2013-06-28,13930,13945,13885,13940,74,0,13921.0,14018.5,14063.0,14037.75,-19.645638749501813,7.745504145545912,-27.391142895047725,35.55555555555556,126.07142857142857,-59.286436127660785,80.3,13734,0.0,0.0,0.0
2013-07-01,13905,13925,13880,13900,91,0,13905.0,13997.5,14061.0,14026.583333333334,-25.755263334705887,1.0453506494955516,-26.80061398420144,27.485380116959064,123.57142857142857,-65.63894963337067,83.9,13643,0.0,0.0,0.0
2013-07-02,13920,13950,13900,13940,33,0,13910.0,13975.5,14060.25,14016.583333333334,-27.057615777990577,-4.575242636001674,-22.4823731419889,34.161490683229815,107.14285714285714,-52.21230361883606,82.75,13676,0.0,0.0,0.0
2013-07-03,13935,14280,13935,14280,49,0,13986.0,13988.0,14072.75,14011.75,-0.6471213585937221,-3.789618380520084,3.1424970219263617,53.50877192982456,126.78571428571429,40.306074038513074,81.15,13725,0.0,0.0,0.0
2013-07-04,13955,13965,13920,13965,32,0,14005.0,13968.5,14065.5,14003.666666666666,-5.075969077199261,-4.046888519855919,-1.0290805573433417,48.412698412698404,134.64285714285714,-42.41398852341992,78.7,13693,0.0,0.0,0.0
2013-07-05,13920,13950,13900,13945,53,0,14006.0,13963.5,14055.0,13996.166666666666,-10.083459807423424,-5.254202777369421,-4.829257030054003,42.97872340425532,131.78571428571428,-44.96614034879174,77.95,13640,0.0,0.0,0.0
2013-07-08,13905,13910,13840,13880,78,0,14002.0,13953.5,14039.0,13986.25,-19.076981492840787,-8.018758520463695,-11.058222972377092,38.23529411764706,135.0,-60.25532416615574,78.5,13562,0.0,0.0,0.0
2013-07-09,13845,13860,13830,13850,118,0,13984.0,13947.0,14017.25,13977.916666666666,-28.29894883619636,-12.07479658361023,-16.22415225258613,37.4485596707819,136.78571428571428,-67.63420153977388,81.75,13444,0.0,0.0,0.0
2013-07-10,13900,13915,13885,13890,53,0,13906.0,13946.0,14002.0,13969.0,-32.01075859140474,-16.06198898516913,-15.948769606235608,39.2,137.85714285714286,-42.25294285394239,82.25,13497,0.0,0.0,0.0
2013-07-11,13830,13860,13815,13850,86,0,13883.0,13944.0,13984.5,13958.5,-37.74495986865986,-20.39858316186728,-17.346376706792583,43.55555555555556,115.0,-60.42897391937209,83.0,13411,0.0,0.0,0.0
2013-07-12,13940,13960,13890,13950,79,0,13884.0,13945.0,13981.75,13949.666666666666,-33.83021773695327,-23.08491007688448,-10.745307660068793,48.760330578512395,115.35714285714286,-18.582291846650808,83.75,13490,0.0,0.0,0.0
2013-07-15,13905,13905,13865,13875,42,0,13883.0,13942.5,13970.0,13940.25,-36.36048851425403,-25.740025764358393,-10.620462749895637,48.360655737704924,115.71428571428571,-37.205468038146414,79.9,13448,0.0,0.0,0.0
2013-07-16,13900,13905,13870,13890,33,0,13891.0,13937.5,13956.5,13931.583333333334,-36.73194865584992,-27.938410342656702,-8.793538313193217,49.590163934426236,108.92857142857143,-30.532561609741673,80.0,13481,0.0,0.0,0.0
2013-07-17,13880,13890,13875,13890,6,0,13891.0,13898.5,13943.25,13929.416666666666,-36.60438097583756,-29.671604469292873,-6.932776506544684,50.84033613445378,106.78571428571429,-28.634667500213578,77.55,13481,0.0,0.0,0.0
2013-07-18,13880,13900,13880,13880,21,0,13897.0,13890.0,13929.25,13926.833333333334,-36.885011642769314,-31.114285903988165,-5.770725738781149,47.34513274336283,102.85714285714286,-24.248652014081685,74.6,13460,0.0,0.0,0.0
2013-07-19,13855,13870,13830,13845,113,0,13876.0,13880.0,13921.75,13925.0,-39.47655975341149,-32.78674067387283,-6.689819079538665,47.55555555555555,102.14285714285714,-46.84450649814375,67.7,13347,0.0,0.0,0.0
2013-07-22,13890,13890,13820,13825,25,0,13866.0,13874.5,13914.0,13928.583333333334,-42.652541210427444,-34.75990078118375,-7.892640429243691,44.79638009049774,103.57142857142857,-44.66168978389559,64.5,13322,0.0,0.0,0.0
2013-07-23,13880,13890,13850,13860,42,1275,13860.0,13875.5,13911.25,13928.5,-41.86275413304429,-36.18047145155586,-5.682282681488431,23.750000000000014,83.57142857142857,-26.757436126087406,58.95,13364,63.75,1275.0,inf
2013-07-24,13865,13865,13840,13845,64,1284,13851.0,13871.0,13908.5,13930.916666666666,-41.96348785722512,-37.337074732689715,-4.626413124535404,37.99999999999999,59.642857142857146,-36.837777084848945,57.65,13300,127.95,9.0,0.7058823529411784
2013-07-25,13865,13865,13840,13865,61,1274,13848.0,13872.5,13908.25,13933.833333333334,-39.96875230941987,-37.86341024803575,-2.105342061384121,41.99999999999999,56.785714285714285,-30.794421048477098,57.65,13361,191.65,-10.0,-0.7788161993769416
2013-07-26,13855,13865,13840,13845,39,1266,13848.0,13862.0,13903.5,13934.416666666666,-39.54588255191629,-38.19990470881186,-1.3459778431044356,46.15384615384615,51.07142857142857,-32.620023793041085,55.9,13322,254.95,-8.0,-0.6279434850863463
2013-07-29,13450,13865,13450,13770,101,1236,13837.0,13851.5,13897.0,13932.75,-44.746814992025975,-39.50928676545468,-5.237528226571293,41.99999999999999,77.14285714285714,-113.29980070363291,56.4,13221,316.75,-30.0,-2.3696682464455
2013-07-30,13760,13785,13750,13780,45,1216,13821.0,13840.5,13889.0,13931.166666666666,-47.513963599039926,-41.11022213217173,-6.403741466868198,38.29787234042553,75.0,-60.98659952896029,57.0,13266,377.55,-20.0,-1.6181229773462813
2013-07-31,13720,13785,13720,13785,79,1161,13809.0,13830.0,13864.25,13933.75,-48.741627452411194,-42.63650319621962,-6.105124256191573,42.52873563218391,74.28571428571429,-79.16323518257555,58.5,13345,435.6,-55.0,-4.523026315789469
2013-08-01,13800,13875,13800,13860,160,1158,13808.0,13828.0,13859.0,13936.083333333334,-43.165106226959324,-42.74222380236756,-0.4228824245917622,39.024390243902445,72.85714285714286,-7.148364609996845,64.9,13505,493.5,-3.0,-0.2583979328165342
2013-08-02,13905,13905,13850,13865,142,1066,13812.0,13830.0,13855.0,13936.5,-37.90526644944839,-41.774832331783735,3.869565882335344,48.52941176470589,70.71428571428571,21.89786893009296,69.35,13647,546.8,-92.0,-7.944732297063906
2013-08-05,13890,13920,13865,13920,39,1061,13842.0,13839.5,13857.0,13937.333333333334,-28.964876122914575,-39.21284109000991,10.247964967095335,53.94736842105264,72.14285714285714,46.57720398773474,67.4,13686,599.85,-5.0,-0.46904315196998336
2013-08-06,13910,13945,13910,13940,100,1089,13874.0,13847.5,13861.5,13938.25,-20.034771153432303,-35.37722710269439,15.342455949262089,56.25,73.57142857142857,66.84302874466104,66.5,13786,654.3,28.0,2.639019792648445
2013-08-07,13910,13950,13910,13945,74,1090,13906.0,13857.5,13864.25,13940.416666666666,-12.411073286704777,-30.78399633949647,18.37292305279169,58.22784810126581,75.0,65.70424197002335,67.55,13860,708.8,1.0,0.09182736455464191
2013-08-08,13970,14085,13970,14080,162,1089,13950.0,13879.0,13875.75,13944.25,4.472576874253718,-23.732681696746432,28.20525857100015,73.73737373737373,81.42857142857143,122.88117979221494,71.35,14022,763.25,-1.0,-0.09174311926605228
2013-08-09,14170,14250,14135,14250,69,1094,14027.0,13919.5,13890.75,13951.333333333334,31.210791936267924,-12.74398697014356,43.954778906411484,82.94573643410853,88.57142857142857,157.33288004922795,70.85,14091,817.95,5.0,0.45913682277318735
2013-08-12,14400,14400,14210,14300,392,1219,14103.0,13972.5,13912.0,13959.833333333334,55.79246137874361,0.9633026996338732,54.82915867910974,83.33333333333333,97.5,142.0204646321514,88.35,14483,878.9,125.0,11.425959780621575
2013-08-13,14260,14370,14260,14370,139,1284,14189.0,14031.5,13936.0,13969.833333333334,79.99983816269196,16.77060979224549,63.229228370446464,86.71328671328672,103.57142857142857,119.65226630756646,93.65,14622,943.1,65.0,5.332239540607064
2013-08-14,14320,14320,14230,14230,39,1279,14246.0,14076.0,13953.0,13976.333333333334,86.88596141891867,30.79368011758013,56.09228130133854,71.8562874251497,111.78571428571429,85.05155751727199,95.3,14583,1007.05,-5.0,-0.3894080996884708
2013-08-15,14355,14495,14355,14480,188,1290,14326.0,14138.0,13983.0,13986.25,111.23393876873524,46.88173184781115,64.35220692092409,79.81220657276995,128.92857142857142,109.12586977780109,103.65,14771,1071.55,11.0,0.8600469116497367
2013-08-16,14505,14850,14505,14850,77,1255,14446.0,14236.5,14033.25,14003.583333333334,158.55803568077317,69.21699261440357,89.34104306636961,89.70588235294117,125.71428571428571,131.69656652751763,101.85,14848,1134.3,-35.0,-2.7131782945736482
2013-08-19,14800,14960,14800,14865,80,1216,14559.0,14331.0,14085.25,14020.0,195.0249716012495,94.37858841177275,100.64638318947674,89.74358974358974,134.64285714285714,122.27636557409984,104.6,14928,1195.1,-39.0,-3.107569721115533
2013-08-20,14710,14785,14565,14695,119,1164,14624.0,14406.5,14127.0,14033.166666666666,207.81217243237734,117.06530521589367,90.74686721648366,79.73856209150327,151.42857142857142,81.09433635221875,108.45,14809,1189.55,-52.0,-4.276315789473683
2013-08-21,14695,14720,14630,14715,103,1120,14721.0,14483.5,14170.5,14048.0,217.0578463321799,137.06381343915092,79.99403289302899,78.98305084745763,151.42857142857142,72.60599213822859,110.4,14912,1181.35,-44.0,-3.7800687285223344
2013-08-22,14685,14825,14625,14720,114,1118,14769.0,14547.5,14213.25,14062.083333333334,222.22687464305454,154.09642567993166,68.13044896312289,78.98305084745763,161.78571428571428,68.82991289540621,113.05,15026,1173.55,-2.0,-0.17857142857142794
2013-08-23,14800,14800,14680,14700,37,1103,14739.0,14592.5,14256.0,14074.166666666666,222.14874155735197,167.70688885541574,54.44185270193623,77.08333333333333,166.42857142857142,62.17165831688576,112.95,14989,1165.4,-15.0,-1.341681574239717
2013-08-26,14715,14850,14700,14850,46,1083,14736.0,14647.5,14310.0,14089.333333333334,231.52172855223034,180.46985679477865,51.05187175745169,78.98089171974522,174.64285714285714,64.8908914128292,110.2,15035,1157.75,-20.0,-1.8132366273798772
2013-08-27,14760,14770,14750,14760,47,1045,14749.0,14686.5,14359.0,14102.75,229.04732544505714,190.18535052483438,38.861974920222764,74.62235649546828,178.92857142857142,54.417210720227985,110.3,14988,1149.2,-38.0,-3.508771929824561
2013-08-28,14755,14780,14735,14735,91,974,14753.0,14737.0,14406.5,14114.5,222.50416260673046,196.64911294121362,25.855049665516844,71.19741100323624,172.14285714285714,48.611887664353674,110.9,14897,1139.85,-71.0,-6.794258373205741
2013-08-29,14700,14730,14680,14730,67,969,14755.0,14762.0,14450.0,14124.833333333334,214.44323260397505,200.20793687376593,14.235295730209117,67.3913043478261,163.92857142857142,39.580079487125175,106.25,14830,1130.4,-5.0,-0.5133470225872738
2013-08-30,14670,14670,14605,14605,201,962,14736.0,14737.5,14487.0,14132.333333333334,195.7123816604617,199.3088258311051,-3.596444170643423,60.48109965635739,159.28571428571428,23.50812720845712,109.2,14629,1125.2,-7.0,-0.7223942208462342
2013-09-02,14600,14670,14600,14640,240,4760,14694.0,14715.0,14523.0,14139.666666666666,181.59889580260642,195.76683982540538,-14.167944022798963,59.50704225352113,156.42857142857142,21.191534768537746,119.25,14869,1310.15,3798.0,394.8024948024948
2013-09-03,14620,14620,14435,14485,140,4745,14639.0,14694.0,14550.25,14143.0,156.10714596180514,187.83490105268535,-31.72775509088021,58.88501742160278,161.07142857142858,-4.602253623911494,121.25,14729,1492.95,-15.0,-0.31512605042016695
2013-09-04,14340,14370,14320,14345,320,4710,14561.0,14657.0,14570.25,14145.5,123.18788730064261,174.90549830227684,-51.717611001634225,44.90566037735849,153.92857142857142,-45.669575251582344,133.55,14409,1673.95,-35.0,-0.737618545837726
2013-09-05,14375,14375,14300,14300,365,4595,14475.0,14615.0,14581.25,14147.166666666666,92.40285117237545,158.40496887629658,-66.00211770392113,22.5,132.85714285714286,-59.379615592662724,143.7,14044,1849.25,-115.0,-2.441613588110403
2013-09-06,14220,14280,14220,14280,235,4595,14410.0,14573.0,14582.75,14151.75,65.63505533202442,139.85098616744216,-74.21593083541774,20.895522388059703,127.14285714285714,-77.08890247066336,152.0,13809,2024.3,0.0,0.0
2013-09-09,14370,14415,14280,14400,330,4425,14362.0,14528.0,14587.75,14156.583333333334,53.48780724819335,122.57835038359241,-69.09054313539906,34.554973821989535,115.35714285714286,-53.158596965852894,148.9,14139,2184.6,-170.0,-3.699673558215455
2013-09-10,14310,14320,14270,14290,215,4250,14323.0,14481.0,14583.75,14158.75,34.58625610276431,104.97993152742679,-70.39367542466248,29.665071770334933,118.21428571428571,-69.58326639255988,152.7,13924,2332.9,-175.0,-3.9548022598870025
2013-09-11,14280,14280,14260,14275,520,4030,14309.0,14435.0,14586.0,14160.75,18.186621944916624,87.62126961092477,-69.43464766600815,28.909952606635073,106.07142857142857,-75.40801421891508,176.75,13404,2470.45,-220.0,-5.1764705882352935
2013-09-12,14235,14235,14155,14155,295,3930,14280.0,14377.5,14569.75,14160.666666666666,-4.441998799207795,69.20861592889825,-73.65061472810605,26.406926406926416,106.07142857142857,-87.16539252235813,182.1,13109,2602.45,-100.0,-2.481389578163773
2013-09-13,14105,14150,14100,14125,635,3690,14249.0,14329.5,14533.5,14162.833333333334,-24.513516489911126,50.46418944513638,-74.97770593504751,14.975845410628025,99.28571428571429,-86.53879539374678,210.0,12474,2724.2,-240.0,-6.106870229007633
2013-09-16,14115,14150,13805,13850,515,3555,14139.0,14250.5,14482.75,14160.666666666666,-61.897030162230294,27.991945523663045,-89.88897568589334,12.704918032786892,116.78571428571429,-107.30264475768946,231.75,11959,2841.15,-135.0,-3.658536585365857
2013-09-17,14000,14060,13915,13975,1802,3842,14076.0,14199.5,14446.75,14161.666666666666,-80.50921859311165,6.291712700308107,-86.80093129341977,21.212121212121204,128.57142857142858,-84.88003577404922,315.9,13761,2975.05,287.0,8.07313642756682
2013-09-18,13950,14040,13935,14040,649,3926,14029.0,14169.0,14413.0,14164.0,-88.9887483484381,-12.764379509441133,-76.22436883899697,25.0,132.14285714285714,-71.83547192222899,343.2,14410,3115.35,84.0,2.186361270171777
2013-09-19,13950,14040,13950,14040,649,3926,14006.0,14143.0,14379.0,14166.833333333334,-94.61813777670432,-29.13513116289377,-65.48300661381055,27.49003984063745,129.64285714285714,-63.805117527332975,369.95,14410,3255.75,0.0,0.0
2013-09-20,13950,14040,13950,14040,649,3926,13989.0,14119.0,14346.0,14168.5,-97.95035869313324,-42.898176668941666,-55.05218202419157,25.40983606557377,131.07142857142858,-57.774656061625244,400.55,14410,3396.9,0.0,0.0
2013-09-23,14050,14215,13970,14130,1605,3983,14045.0,14092.0,14310.0,14172.333333333334,-92.26534250294753,-52.77160983574284,-39.493732667204696,34.63203463203463,133.92857142857142,-37.51330512725601,478.5,16015,3541.9,57.0,1.4518593988792627
2013-09-24,14100,14195,14100,14110,716,4138,14072.0,14074.0,14277.5,14175.166666666666,-88.35525469009008,-59.88833880661228,-28.466915883477796,38.64734299516909,128.92857142857142,-28.299465833018356,511.95,15299,3696.55,155.0,3.8915390409239192
2013-09-25,14105,14155,14045,14125,722,4165,14089.0,14059.0,14247.0,14172.583333333334,-83.08831689152612,-64.52833442359506,-18.559982467931064,41.29353233830845,131.42857142857142,-29.929252463019314,543.5,16021,3856.1,27.0,0.6524891251812548
2013-09-26,14110,14135,14080,14135,445,4310,14108.0,14057.0,14217.25,14175.416666666666,-77.2172024693864,-67.06610803275332,-10.151094436633073,42.713567839195974,129.64285714285714,-24.46844095118594,562.4,16466,4023.15,145.0,3.4813925570228
2013-09-27,14100,14130,14085,14100,343,4150,14120.0,14054.5,14192.0,14178.0,-74.52938117033591,-68.55876266026984,-5.970618510066075,33.516483516483504,123.57142857142857,-23.570628006377877,569.5,16123,4182.55,-160.0,-3.7122969837587005
2013-09-30,14125,14150,14085,14120,219,4157,14118.0,14081.5,14166.0,14182.0,-69.9787589996231,-68.84276192814049,-1.1359970714826062,39.63414634146341,118.92857142857143,-15.64139794807467,568.45,16342,4152.4,7.0,0.16867469879517927
2013-10-08,14050,14080,14025,14055,246,4190,14107.0,14089.5,14144.5,14185.416666666666,-70.80116317926877,-69.23444217836615,-1.5667210009026178,37.35632183908046,123.57142857142857,-34.68264401844439,573.75,16096,4124.65,33.0,0.7938417127736352
2013-10-09,14095,14155,14085,14095,210,4202,14101.0,14095.0,14132.0,14188.833333333334,-67.44776288492722,-68.87710631967836,1.4293434347511464,46.20253164556962,122.14285714285714,-8.047227250948078,568.25,16306,4099.25,12.0,0.28639618138424083
2013-10-10,14050,14160,14020,14145,318,4260,14103.0,14105.5,14124.25,14193.75,-60.06321549893437,-67.11432815552956,7.051112656595194,51.23456790123458,128.21428571428572,-5.313217565795945,565.9,16624,4082.5,58.0,1.3802950975725814
2013-10-11,14140,14180,14110,14145,616,4396,14112.0,14116.0,14117.5,14197.0,-53.59312036177107,-64.41008659677787,10.816966235006802,77.57009345794393,108.57142857142857,14.492535719548204,584.95,16624,4072.55,136.0,3.1924882629108087
2013-10-14,14145,14420,14100,14420,438,4507,14172.0,14145.0,14118.5,14206.083333333334,-25.975887757307646,-56.72324682888383,30.747359071576184,82.48175182481752,116.42857142857143,100.97270147422667,590.35,17062,4076.65,111.0,2.5250227479526766
2013-10-15,14300,14300,14160,14215,293,4510,14204.0,14155.5,14114.75,14211.5,-20.395709645466923,-49.45773939220045,29.06202974673353,60.6060606060606,127.5,61.862686725811685,594.25,16769,4089.65,3.0,0.0665631240292841
2013-10-16,14220,14285,14190,14220,601,4640,14229.0,14165.0,14112.0,14217.0,-15.392485088947069,-42.64468853154978,27.252203442602713,60.8433734939759,127.85714285714286,68.85282461059992,598.3,17370,4120.15,130.0,2.882483370288247
2013-10-17,14295,14350,14220,14280,540,4773,14256.0,14179.5,14118.25,14223.666666666666,-6.5108420878095785,-35.417919242801744,28.907077154992166,63.48314606741573,130.71428571428572,87.69977637979382,610.55,17910,4162.3,133.0,2.8663793103448354
2013-10-18,14350,14420,14320,14395,696,5021,14306.0,14209.0,14131.75,14232.833333333334,9.695696925477023,-26.39519600914599,36.090892934623014,64.48087431693989,123.21428571428571,110.74078238858446,613.6,18606,4228.85,248.0,5.195893567986598
2013-10-21,14405,14470,14360,14455,701,5005,14313.0,14242.5,14162.0,14243.333333333334,27.06896029001291,-15.702364749314214,42.771325039327124,68.06282722513089,124.28571428571429,112.18302340836222,622.9,19307,4301.35,-16.0,-0.3186616211909965
2013-10-22,14465,14500,14435,14490,962,5276,14368.0,14286.0,14187.75,14253.833333333334,43.16403602815444,-3.929084593820484,47.093120621974926,68.71794871794872,121.07142857142857,109.27224020309073,580.9,20269,4373.05,271.0,5.4145854145854155
2013-10-23,14550,14550,14330,14430,621,5291,14410.0,14319.5,14207.25,14263.583333333334,50.495915469397005,6.955915418823015,43.540000050573994,64.39024390243902,132.85714285714286,83.97036878243597,579.5,19648,4441.3,15.0,0.28430629264595275
2013-10-24,14400,14405,14330,14390,340,5242,14432.0,14344.0,14224.75,14272.333333333334,52.47393023995028,16.05951838304847,36.41441185690181,64.07766990291262,136.42857142857142,56.823108249696965,564.05,19308,4507.1,-49.0,-0.9261009261009256
2013-10-25,14390,14425,14280,14320,348,5340,14417.0,14361.5,14238.75,14280.25,47.84161782098272,22.415938270635323,25.425679550347397,59.25925925925926,142.14285714285714,40.937023850537024,549.0,18960,4577.8,98.0,1.8695154521175095
2013-10-28,14385,14465,14280,14435,766,5691,14413.0,14363.0,14254.0,14291.333333333334,52.84089877112456,28.500930370733172,24.339968400391385,66.8141592920354,148.57142857142858,54.02929687902899,507.05,19726,4663.2,351.0,6.573033707865172
2013-10-29,14445,14480,14400,14480,809,5759,14411.0,14389.5,14272.5,14303.0,59.74528243552231,34.749800783691,24.995481651831312,66.96035242290749,147.14285714285714,67.54439167228972,511.7,20535,4744.25,68.0,1.1948690915480675
2013-10-30,14400,14530,14400,14470,325,5839,14419.0,14414.5,14289.75,14314.416666666666,63.67612111919152,40.5350648507911,23.14105626840042,64.84018264840182,146.42857142857142,64.84853177314194,491.85,20210,4827.95,80.0,1.389130057301613
2013-10-31,14430,14430,14005,14375,745,5720,14416.0,14424.0,14301.75,14323.0,58.451836656320665,44.11841921189702,14.333417444423645,59.663865546218496,174.64285714285714,-5.57645195885421,506.85,19465,4898.45,-119.0,-2.0380202089398836
2013-11-01,14315,14475,14315,14425,279,5621,14437.0,14427.0,14318.0,14332.333333333334,57.68122248562395,46.83097986664241,10.85024261898154,50.25906735751296,163.21428571428572,38.325720739050425,503.65,19744,4972.0,-99.0,-1.7307692307692357
2013-11-04,14350,14475,14345,14365,536,5412,14423.0,14418.0,14330.25,14339.75,51.633804289371255,47.791544751188184,3.8422595381830718,59.146341463414636,153.92857142857142,30.830304370057302,519.5,19208,5034.75,-209.0,-3.718199608610573
2013-11-05,14365,14365,14305,14330,542,5146,14393.0,14402.0,14344.0,14346.25,43.51535636593326,46.9363070741372,-3.4209507082039394,56.470588235294116,151.42857142857142,2.0981489777909648,534.3,18666,5082.55,-266.0,-4.915003695491505
2013-11-06,14350,14350,14330,14330,372,4883,14365.0,14392.0,14355.75,14352.666666666666,36.65884752146303,44.88081516360237,-8.22196764213934,53.164556962025316,143.57142857142858,-1.4930136861399121,542.4,18666,5116.6,-263.0,-5.110765643218029
2013-11-07,14280,14320,14280,14310,206,4729,14352.0,14384.0,14364.0,14356.5,29.273732643070616,41.75939865949602,-12.485666016425405,43.88489208633093,137.14285714285714,-26.114173404049815,536.8,18460,5140.05,-154.0,-3.1537988941224615
2013-11-08,14280,14290,14245,14250,156,4643,14317.0,14377.0,14369.25,14356.5,18.36774540053557,37.081068007703934,-18.713322607168365,35.25179856115108,133.92857142857142,-60.54927396965984,513.8,18304,5152.4,-86.0,-1.818566293085222
2013-11-11,14290,14290,14210,14210,218,4564,14286.0,14354.5,14358.75,14355.0,6.422966274325518,30.949447661028252,-24.526481386702734,30.0,135.0,-70.59235894600833,502.8,18086,5155.25,-79.0,-1.701486108119754
2013-11-12,14180,14180,14100,14105,308,4467,14241.0,14317.0,14353.25,14350.583333333334,-11.384743482951308,22.482609432232344,-33.86735291518365,28.187919463087255,127.14285714285714,-119.32470104487463,503.55,17778,5153.1,-97.0,-2.1253286590709908
2013-11-13,14050,14050,13995,14000,624,4330,14175.0,14270.0,14342.25,14346.75,-33.58298054653824,11.269491436478226,-44.852471983016464,25.925925925925924,127.85714285714286,-138.89064696487867,504.7,17154,5137.6,-137.0,-3.0669353033355717
2013-11-14,14020,14100,14020,14045,410,4242,14122.0,14237.0,14330.5,14339.5,-47.00230610295148,-0.3848680714077144,-46.61743803154376,32.48407643312102,124.64285714285714,-102.68859183640964,498.2,17564,5111.05,-88.0,-2.0323325635103973
2013-11-15,14120,14135,14050,14075,539,4830,14087.0,14202.0,14314.5,14326.583333333334,-54.58722149782989,-11.22533875669215,-43.361882741137734,24.285714285714292,117.85714285714286,-79.28541687736107,490.35,18103,5101.5,588.0,13.861386138613852
2013-11-18,14115,14135,14045,14045,191,4861,14054.0,14170.0,14294.0,14312.916666666666,-62.3009048243257,-21.44045197021886,-40.86045285410684,18.24817518248176,118.57142857142857,-73.81064346300934,464.85,17912,5094.3,31.0,0.6418219461697738
2013-11-19,14005,14010,13905,13910,884,5166,14015.0,14128.0,14265.0,14299.833333333334,-78.40363785990667,-32.833089148156425,-45.57054871175024,15.432098765432102,119.28571428571429,-101.19901475217779,460.95,17028,5088.8,305.0,6.27442912980869
2013-11-20,13975,14020,13960,14015,479,5260,14018.0,14096.5,14244.25,14288.166666666666,-81.75018211445058,-42.61650774141526,-39.13367437303532,28.048780487804876,93.92857142857143,-74.20439367540205,453.85,17507,5087.25,94.0,1.8195896244676657
2013-11-21,14015,14015,13920,13950,569,5263,13999.0,14060.5,14222.25,14275.333333333334,-88.62567767439941,-51.81834172801209,-36.80733594638732,21.556886227544908,89.28571428571429,-75.24975426769524,465.3,16938,5088.3,3.0,0.05703422053231488
2013-11-22,14000,14010,13925,13980,422,5377,13980.0,14033.5,14205.25,14263.333333333334,-90.60932031909397,-59.57653744622847,-31.032782872865496,26.08695652173914,86.07142857142857,-64.69971769050798,469.0,17360,5090.15,114.0,2.166064981949467
2013-11-25,13995,14010,13930,13935,264,5289,13958.0,14006.0,14180.25,14248.083333333334,-94.72061503708574,-66.60535296439993,-28.11526207268581,25.766871165644176,87.5,-61.59298891847647,443.9,17096,5070.05,-88.0,-1.636600334759164
2013-11-26,13940,14000,13930,13970,485,5227,13970.0,13992.5,14154.75,14234.916666666666,-94.07025488694126,-72.0983333489082,-21.971921538033058,28.82352941176471,91.07142857142857,-54.3068788386904,427.7,17581,5043.45,-62.0,-1.1722442805823352
2013-11-27,13980,13980,13945,13965,478,5546,13960.0,13989.0,14129.5,14222.083333333334,-92.88754816090841,-76.25617631130825,-16.631371849600157,29.34131736526946,90.0,-51.233403471976416,435.35,17103,5028.8,319.0,6.102927109240475
2013-11-28,13915,13945,13905,13910,528,5543,13952.0,13975.5,14106.25,14208.416666666666,-95.2898429121833,-80.06290963148327,-15.226933280700038,29.518072289156635,89.64285714285714,-57.89553900528014,424.5,16575,5019.95,-3.0,-0.054093040028846406
2013-11-29,13910,13950,13905,13905,505,5551,13937.0,13958.5,14080.25,14196.75,-96.48491893768733,-83.34731149272409,-13.137607444963237,30.81761006289308,87.14285714285714,-53.62522956757817,435.8,16070,5016.45,8.0,0.144326177160381
2013-12-02,13905,13950,13850,13925,507,5334,13935.0,13946.5,14058.25,14184.833333333334,-94.72624723188346,-85.62309864055597,-9.103148591327496,37.323943661971825,86.42857142857143,-53.71600721040016,434.35,16577,5012.55,-217.0,-3.90920554854981
2013-12-03,13905,13905,13840,13840,553,5229,13909.0,13939.5,14033.75,14174.083333333334,-99.04949592697267,-88.30837809783932,-10.741117829133344,38.405797101449274,84.64285714285714,-64.71021238597001,434.9,16024,5016.7,-105.0,-1.9685039370078705
2013-12-04,13890,13900,13870,13885,256,5101,13893.0,13926.5,14011.5,14166.416666666666,-97.71814381142212,-90.19033124055589,-7.527812570866232,38.405797101449274,81.78571428571429,-53.72309227047514,429.1,16280,5027.6,-128.0,-2.4478867852361863
2013-12-05,13940,13940,13900,13905,274,4921,13892.0,13922.0,13991.25,14159.833333333334,-93.96602299369442,-90.9454695911836,-3.020553402510828,37.5,79.28571428571429,-39.48604564654848,432.5,16554,5037.2,-180.0,-3.5287198588512037
2013-12-06,13885,13925,13870,13925,335,4814,13896.0,13916.5,13975.0,14153.916666666666,-88.36004773201239,-90.42838521934935,2.0683374873369615,41.04477611940298,76.78571428571429,-41.61727414156864,441.45,16889,5045.75,-107.0,-2.1743548059337536
2013-12-09,13965,13965,13915,13930,518,4622,13897.0,13916.0,13961.0,14146.083333333334,-82.56208936195435,-88.85512604787036,6.293036685916007,51.85185185185185,70.35714285714286,-22.485478580031835,456.45,17407,5048.65,-192.0,-3.9883672621520594
2013-12-10,13970,13995,13960,13985,500,4396,13926.0,13917.5,13955.0,14141.0,-72.69118648670155,-85.62233813563661,12.931151648935057,46.93877551020408,67.14285714285714,15.347787189595953,466.05,17907,5045.1,-226.0,-4.8896581566421515
2013-12-11,14050,14050,13955,13975,658,4002,13944.0,13918.5,13953.75,14136.0,-64.92690433102871,-81.48325137471504,16.55634704368633,52.87356321839081,67.14285714285714,27.57249590673226,467.75,17249,5028.7,-394.0,-8.962693357597818
2013-12-12,14020,14045,14000,14045,837,3894,13972.0,13932.0,13953.75,14134.166666666666,-52.51982396027779,-75.69056589182759,23.1707419315498,56.8421052631579,66.07142857142857,61.05182231673486,489.1,18086,5011.3,-108.0,-2.6986506746626726
2013-12-13,14030,14030,13960,13990,383,3758,13985.0,13940.5,13949.5,14131.916666666666,-46.58812482124995,-69.87007767771206,23.281952856462112,55.6701030927835,66.42857142857143,38.52222351253929,481.3,17703,4957.7,-136.0,-3.492552645095015
2013-12-16,14105,14170,13990,14170,423,3416,14033.0,13965.0,13955.75,14137.25,-27.050889030602775,-61.30623994829021,34.25535091768744,65.87301587301587,74.28571428571429,138.9354843465687,492.9,18126,4885.45,-342.0,-9.10058541777541
2013-12-17,14165,14290,14140,14280,1481,3676,14092.0,14009.0,13974.25,14142.333333333334,-2.660736897982133,-49.5771393382286,46.916402440246465,71.42857142857143,82.5,159.18696082858983,522.75,19607,4810.95,260.0,7.611241217798592
2013-12-18,14290,14345,14180,14230,881,3893,14143.0,14043.5,13985.0,14145.5,12.490074452623958,-37.16369658005809,49.653771032682045,71.91780821917808,90.0,128.34610901203365,542.85,18726,4742.6,217.0,5.903155603917298
2013-12-19,14300,14300,14100,14175,368,3947,14169.0,14070.5,13996.25,14147.75,19.830566827569783,-25.76484389853251,45.595410726102294,67.3076923076923,101.07142857142857,86.14334496562613,532.8,18358,4676.8,54.0,1.3871050603647683
2013-12-20,14200,14280,14140,14270,780,4066,14225.0,14105.0,14010.75,14151.583333333334,32.934023054920544,-14.0250705078419,46.95909356276245,70.17543859649123,103.92857142857143,88.52871806726807,550.7,19138,4611.25,119.0,3.0149480618191005
2013-12-23,14500,14500,14270,14330,3008,4176,14257.0,14145.0,14030.5,14154.916666666666,47.61127197315909,-1.697802011641702,49.30907398480079,79.51807228915663,114.28571428571429,114.21240214546748,687.9,22146,4555.6,110.0,2.7053615346778193
2013-12-24,14360,14375,14225,14345,1510,3943,14270.0,14181.0,14049.25,14158.833333333334,59.764543667241014,10.594667124134842,49.16987654310617,78.75,120.71428571428571,83.9049755660131,739.15,23656,4491.4,-233.0,-5.579501915708818
2013-12-25,14355,14520,14230,14400,1845,3979,14304.0,14223.5,14071.0,14163.416666666666,72.99272469631251,23.074278638570377,49.91844605774213,79.64071856287426,137.5,90.01939747317535,807.5,25501,4413.05,36.0,0.9130103981739746
2013-12-26,14415,14490,14285,14310,1115,3840,14331.0,14250.0,14091.0,14166.333333333334,75.34537109007033,33.52849712887037,41.81687396119996,71.2707182320442,148.21428571428572,74.14475022851971,836.85,24386,4327.9,-139.0,-3.493340035184722
2013-12-27,14285,14335,14230,14330,899,3922,14343.0,14284.0,14112.25,14170.166666666666,77.925417454524,42.4078811940011,35.517536260522895,71.73913043478261,152.14285714285714,51.46445013382809,856.55,25285,4246.45,82.0,2.1354166666666563
2013-12-30,14355,14480,14335,14360,708,3861,14349.0,14303.0,14134.0,14174.166666666666,81.45194474912932,50.216693905026744,31.23525084410258,70.94972067039106,158.21428571428572,68.62278019398414,866.6,25993,4172.8,-61.0,-1.555328913819476
2013-12-31,14340,14350,14250,14275,362,3775,14335.0,14302.5,14155.75,14177.833333333334,76.50603941300324,55.47456300662205,21.031476406381188,65.4639175257732,159.28571428571428,38.14945525765052,857.05,25631,4100.1,-86.0,-2.227402227402231
2014-01-01,14340,14350,14275,14275,362,3775,14310.0,14307.0,14175.25,14180.833333333334,71.75917865777046,58.73148613685173,13.027692520918734,62.77777777777777,159.64285714285714,36.49726473056189,862.35,25631,4033.8,0.0,0.0
2014-01-02,14235,14360,14205,14345,362,3602,14317.0,14324.0,14197.25,14184.166666666666,72.8064053748094,61.54646998444327,11.259935390366131,69.39890710382514,164.64285714285714,33.60591347249608,866.75,25993,3967.85,-173.0,-4.582781456953644
2014-01-03,14310,14335,14200,14200,389,3595,14291.0,14317.0,14211.0,14185.083333333334,61.23022795511133,61.48322157857689,-0.25299362346555654,51.704545454545446,162.14285714285714,11.58560101283769,869.45,25604,3906.9,-7.0,-0.19433647973348123
2014-01-06,14180,14195,14105,14105,794,3804,14240.0,14294.5,14219.75,14179.833333333334,43.88444532765425,57.963466328392364,-14.079021000738116,39.88439306358381,158.21428571428572,-31.469033799977666,883.25,24810,3866.0,209.0,5.813630041724616
2014-01-07,14115,14200,14115,14150,1512,4577,14215.0,14275.0,14228.0,14178.75,33.384080644291316,53.04758919157216,-19.66350854728084,45.34883720930233,153.21428571428572,-29.76570229172321,933.85,26322,3875.05,773.0,20.32071503680337
2014-01-08,14165,14165,14120,14140,1366,5103,14188.0,14249.0,14236.25,14177.416666666666,23.979133036022176,47.23389796046216,-23.254764924439982,47.852760736196316,142.14285714285714,-41.72166770206861,969.25,24956,3930.1,526.0,11.492243827834825
2014-01-09,14105,14120,13980,13985,456,5019,14116.0,14216.5,14233.25,14172.5,3.9726455020681897,38.581647468783366,-34.60900196671518,33.71428571428571,143.57142857142858,-91.37358366752092,950.2,24500,3986.35,-84.0,-1.6460905349794275
2014-01-10,13995,14030,13925,14010,243,5061,14078.0,14184.5,14234.25,14166.083333333334,-9.752923312307757,28.914733312565144,-38.667656624872905,30.95238095238095,134.64285714285714,-108.2837159333974,943.2,24743,4051.5,42.0,0.8368200836819994
2014-01-13,14040,14090,14010,14055,270,4950,14068.0,14154.0,14228.5,14159.416666666666,-16.805686077846985,19.77064943448272,-36.576335512329706,33.33333333333333,129.64285714285714,-76.631458210697,935.55,25013,4128.2,-111.0,-2.193242442205101
2014-01-14,14030,14110,14030,14090,236,5067,14056.0,14135.5,14219.0,14152.75,-19.347814329163157,11.946956681753544,-31.2947710109167,31.764705882352942,114.64285714285714,-60.146340771371314,873.3,25249,4197.75,117.0,2.3636363636363678
2014-01-15,14110,14245,13985,14060,369,5055,14040.0,14114.0,14210.5,14146.583333333334,-23.512184733137474,4.85512839877534,-28.367313131912816,34.17721518987341,118.57142857142857,-47.72875186990002,847.7,24880,4255.85,-12.0,-0.2368265245707546
2014-01-16,14030,14180,14020,14080,399,5045,14059.0,14087.5,14205.75,14141.416666666666,-24.91148137747041,-1.09819355647381,-23.8132878209966,34.17721518987341,122.5,-46.03767898780557,849.25,25279,4310.75,-10.0,-0.1978239366963397
2014-01-17,14030,14095,14020,14050,257,4931,14067.0,14072.5,14194.75,14136.916666666666,-28.11706727969795,-6.501968301118638,-21.61509897857931,30.37974683544303,117.14285714285714,-55.48387269186458,823.1,25022,4354.0,-114.0,-2.25966303270565
2014-01-20,14085,14130,14065,14100,674,4453,14076.0,14072.0,14183.25,14131.333333333334,-26.319539798196274,-10.465482600534166,-15.854057197662108,38.41059602649006,115.0,-35.331513525464516,706.4,25696,4367.85,-478.0,-9.693774082336237
2014-01-21,14105,14120,13960,13975,504,4177,14053.0,14054.5,14164.75,14122.916666666666,-34.58279274234155,-15.288944628895644,-19.29384811344591,32.95454545454545,121.07142857142857,-59.424029441879476,656.1,25192,4379.55,-276.0,-6.198068717718397
2014-01-22,14015,14050,13960,14040,1935,2694,14049.0,14044.5,14146.75,14115.75,-35.4775602314312,-19.326667749402755,-16.150892482028443,32.57142857142857,116.42857142857143,-55.2046092286418,660.6,27127,4315.3,-1483.0,-35.50395020349533
2014-01-23,14075,14125,14035,14035,850,5714,14040.0,14049.5,14133.0,14110.083333333334,-36.173146609133255,-22.695963521348858,-13.477183087784397,38.775510204081634,112.5,-32.459346340640096,647.35,26277,4409.0,3020.0,112.10096510764664
2014-01-24,14035,14145,14020,14060,174,5681,14042.0,14054.5,14119.5,14104.0,-34.31159010609008,-25.019088838297105,-9.292501267792975,46.616541353383454,114.64285714285714,-24.62621151270904,611.1,26451,4496.95,-33.0,-0.5775288764438224
2014-01-27,14055,14055,13980,14050,259,5618,14032.0,14054.0,14104.0,14098.75,-33.259811192241614,-26.667233309086008,-6.592577883155606,42.063492063492056,113.57142857142857,-43.010009079728555,588.65,26192,4584.8,-63.0,-1.108959690195388
2014-01-28,14340,14340,13995,14015,414,5600,14040.0,14046.5,14091.0,14093.5,-34.848761488316086,-28.303538944932026,-6.54522254338406,40.45801526717557,135.0,6.861227651658913,591.25,25778,4676.05,-18.0,-0.3203987184051238
2014-01-29,13970,14060,13965,14060,286,5588,14044.0,14046.5,14080.25,14089.0,-32.10678509363606,-29.064188174672836,-3.042596918963227,56.88073394495412,130.35714285714286,-40.122746558605385,587.45,26064,4766.7,-12.0,-0.2142857142857113
2014-01-30,14030,14050,14005,14035,163,5581,14044.0,14042.0,14064.75,14084.416666666666,-31.586925695028185,-29.568735678743906,-2.0181900162842794,52.29357798165137,126.78571428571429,-38.83511000851191,577.5,25901,4865.65,-7.0,-0.12526843235504126
2014-01-31,14030,14050,14030,14035,163,5581,14039.0,14040.5,14056.5,14080.833333333334,-30.819663480220697,-29.818921239039266,-1.000742241181431,47.99999999999999,122.5,-30.574943360267085,566.2,25901,4964.95,0.0,0.0
2014-02-07,14055,14060,14010,14040,213,5528,14037.0,14034.5,14053.25,14078.0,-29.46845048024079,-29.748827087279572,0.2803766070387823,44.68085106382978,120.35714285714286,-28.589405667919497,537.15,26114,5051.15,-53.0,-0.9496506002508509
2014-02-10,14030,14045,14000,14030,759,5174,14040.0,14040.0,14047.25,14076.75,-28.87170581666396,-29.57340283315645,0.7016970164924885,46.666666666666664,105.0,-38.99177266448366,499.5,25355,5081.0,-354.0,-6.403762662807521
2014-02-11,14045,14085,13940,13960,836,5120,14020.0,14032.0,14038.25,14076.083333333334,-33.659194119369204,-30.390561090399,-3.2686330289702035,37.99999999999999,103.92857142857143,-74.6163491292932,473.0,24519,5081.85,-54.0,-1.0436799381522976
2014-02-12,14000,14000,13935,13965,534,4996,14006.0,14025.0,14037.25,14074.75,-36.62763430958876,-31.637975734236953,-4.989658575351804,41.05263157894737,103.21428571428571,-98.4215810022772,476.9,25053,5080.7,-124.0,-2.4218749999999956
2014-02-13,13990,14000,13950,13955,459,4756,13990.0,14014.5,14034.5,14072.75,-39.333647173041754,-33.17711002199791,-6.1565371510438425,33.33333333333333,101.07142857142857,-91.14682590953608,487.7,24594,5065.45,-240.0,-4.803843074459568
2014-02-14,13950,13960,13900,13930,514,4706,13968.0,14002.5,14028.25,14070.833333333334,-42.99979802420239,-35.14164762243881,-7.858150401763581,43.28358208955223,93.92857142857143,-110.95691274827868,499.9,24080,5053.25,-50.0,-1.0513036164844447
2014-02-17,13960,13985,13910,13960,976,4376,13954.0,13997.0,14021.75,14071.666666666666,-42.98894985318111,-36.71110806858727,-6.277841784593839,36.666666666666664,92.85714285714286,-77.9051364980169,536.9,25056,5018.7,-330.0,-7.012324691882698
2014-02-18,13955,13970,13910,13910,229,4226,13944.0,13982.0,14014.25,14069.916666666666,-46.47915200006719,-38.66471685488326,-7.8144351451839285,31.8840579710145,90.71428571428571,-86.88589486733456,529.9,24827,4977.25,-150.0,-3.427787934186477
2014-02-19,14020,14120,13990,14100,780,4666,13971.0,13988.5,14015.25,14072.416666666666,-33.52726875902226,-37.637227235711066,4.109958476688803,53.92156862745099,96.78571428571429,45.689711686748666,548.95,25607,4958.3,440.0,10.411736867013733
2014-02-20,14080,14085,13990,14010,684,4680,13982.0,13986.0,14013.25,14072.916666666666,-30.177191931888956,-36.145220174946644,5.968028243057688,46.610169491525426,98.92857142857143,7.2390591320714055,570.3,24923,4945.75,14.0,0.30004286326617
2014-02-21,14000,14025,13990,14020,434,4780,14000.0,13984.0,14009.25,14074.333333333334,-26.410867444170435,-34.198349628791405,7.78748218462097,50.442477876106196,76.78571428571429,-4.983064095876885,558.3,25357,4962.1,100.0,2.136752136752129
2014-02-24,14035,14060,13895,13910,983,4541,13990.0,13972.0,14006.0,14073.333333333334,-31.933993643888243,-33.745478431810774,1.8114847879225309,38.095238095238095,81.78571428571429,-57.868196193878944,582.25,24374,4980.3,-239.0,-5.000000000000004
2014-02-25,13900,13980,13885,13895,764,4340,13987.0,13965.5,13998.75,14072.166666666666,-37.09389031154569,-34.41516080775776,-2.6787295037879346,38.70967741935484,84.64285714285714,-81.14616258348435,523.7,23610,5062.6,-201.0,-4.426337811054837
2014-02-26,13890,13925,13860,13880,558,4288,13943.0,13957.0,13991.0,14071.666666666666,-41.91040319575768,-35.91420928535774,-5.996193910399938,37.79527559055118,87.85714285714286,-94.31630152152927,509.1,23052,4991.3,-52.0,-1.1981566820276512
2014-02-27,13960,13960,13870,13895,388,4263,13920.0,13951.0,13982.75,14071.5,-44.009831772325924,-37.53333378275138,-6.476497989574547,38.759689922480625,90.71428571428571,-69.64459592864084,519.8,23440,4920.4,-25.0,-0.5830223880597063
2014-02-28,13880,13900,13850,13890,551,4403,13894.0,13947.0,13974.75,14070.916666666666,-45.55200707565018,-39.13706844133114,-6.414938634319043,39.0625,91.07142857142857,-81.4119992260005,534.4,22889,4859.65,140.0,3.284072249589487
2014-03-03,13935,14095,13795,13810,1290,4537,13874.0,13932.0,13964.5,14070.416666666666,-52.622919269701015,-41.83423860700512,-10.788680662695896,38.46153846153846,102.14285714285714,-62.73517474975505,578.2,21599,4806.5,134.0,3.043379513967759
2014-03-04,13770,13850,13770,13840,684,4664,13863.0,13925.0,13953.5,14069.666666666666,-55.16995395997219,-44.50138167759854,-10.668572282373653,40.74074074074074,103.21428571428571,-108.13933049997627,598.1,22283,4760.3,127.0,2.7992065241349007
2014-03-05,13895,13970,13860,13925,918,4780,13872.0,13907.5,13948.0,14070.0,-49.75614975479948,-45.55233529303873,-4.20381446176075,48.0,108.92857142857143,-29.95590004905415,635.85,23201,4720.25,116.0,2.487135506003435
2014-03-06,13890,13940,13710,13775,845,5007,13848.0,13884.0,13935.0,14067.5,-56.91335557975253,-47.82453935038149,-9.08881622937104,41.142857142857146,121.07142857142857,-98.42626193010034,669.95,22356,4691.55,227.0,4.748953974895387
2014-03-07,13800,13830,13760,13815,715,5270,13833.0,13863.5,13923.75,14065.583333333334,-58.681384581301245,-49.99590839656545,-8.685476184735798,41.80790960451978,120.71428571428571,-90.18451928183921,695.05,23071,4678.65,263.0,5.252646295186736
2014-03-10,13595,13770,13515,13615,1211,5199,13794.0,13834.0,13903.0,14059.416666666666,-75.35227471548933,-55.06718166035022,-20.285093055139107,35.74879227053141,137.85714285714286,-145.79876758407121,717.65,21860,4679.9,-71.0,-1.3472485768500908
2014-03-11,13635,13835,13610,13765,462,5089,13779.0,13821.0,13893.25,14055.916666666666,-75.58898607742594,-59.17154254376537,-16.417443533660574,33.16582914572865,138.92857142857142,-80.64994270476708,698.95,22322,4678.35,-110.0,-2.1157914983650716
2014-03-12,13770,13770,13595,13655,718,4719,13725.0,13798.5,13877.75,14049.416666666666,-83.68795952535584,-64.07482594008347,-19.613133585272365,32.51231527093596,143.57142857142858,-94.62631015606237,708.15,21604,4664.5,-370.0,-7.270583611711534
2014-03-13,13645,13675,13550,13550,686,4342,13680.0,13764.0,13857.5,14042.083333333334,-97.45566852843149,-70.75099445775308,-26.704674070678408,28.828828828828833,150.0,-107.2943801111795,719.5,20918,4643.8,-377.0,-7.9889807162534465
2014-03-14,13495,13600,13495,13570,550,3948,13631.0,13732.0,13839.5,14032.083333333334,-105.53628762168591,-77.70805309053965,-27.828234531146265,33.33333333333333,145.71428571428572,-101.13207109390223,721.3,21468,4605.9,-394.0,-9.074159373560576
2014-03-17,13615,13620,13540,13565,415,3868,13621.0,13707.5,13819.75,14020.166666666666,-111.0634246591726,-84.37912740426624,-26.684297254906355,33.66336633663367,144.64285714285714,-82.09737743218389,693.25,21053,4580.5,-80.0,-2.0263424518743633
2014-03-18,13570,13645,13565,13630,332,3682,13594.0,13686.5,13805.75,14010.166666666666,-108.94293744171591,-89.29188941175617,-19.65104802995974,38.20754716981132,145.71428571428572,-62.527479666489,698.4,21385,4553.3,-186.0,-4.808686659772487
2014-03-19,13640,13670,13600,13660,318,3562,13595.0,13660.0,13783.75,14001.583333333334,-103.64690970790434,-92.16289347098581,-11.484016236918535,39.06976744186047,144.28571428571428,-48.86517797211315,675.3,21703,4498.1,-120.0,-3.259098316132536
2014-03-20,13680,13790,13660,13745,357,3630,13634.0,13657.0,13770.5,13992.833333333334,-91.53581208502692,-92.03747719379403,0.5016651087671136,43.72294372294372,150.0,-16.254572545306527,658.95,22060,4445.6,68.0,1.9090398652442442
2014-03-21,13715,13820,13715,13760,184,3675,13672.0,13651.5,13757.5,13983.333333333334,-79.80733603194494,-89.59144896142422,9.784112929479278,47.706422018348626,136.07142857142858,-0.3463243186700034,646.45,22244,4390.35,45.0,1.2396694214876103
2014-03-24,13785,13785,13720,13740,225,3642,13707.0,13664.0,13749.0,13973.25,-71.3043153518156,-85.9340222395025,14.629706887686893,45.370370370370374,135.0,-2.9082356753680574,608.55,22019,4345.4,-33.0,-0.897959183673469
2014-03-25,13775,13775,13720,13770,203,3669,13735.0,13664.5,13742.75,13962.75,-61.436657379044846,-81.03454926741097,19.59789188836612,42.4390243902439,129.64285714285714,3.234883649624033,580.5,22222,4311.85,27.0,0.7413509060955503
2014-03-26,13795,13800,13765,13790,385,3764,13761.0,13678.0,13738.25,13954.083333333334,-51.41001187469192,-75.10964178886717,23.699629914175247,50.837988826815646,115.71428571428571,18.75308282076238,571.85,22607,4285.65,95.0,2.5892613791223873
2014-03-27,13770,13800,13750,13750,432,3642,13762.0,13698.0,13731.0,13944.416666666666,-46.15939204222559,-69.31959183953884,23.160199797313254,46.36871508379889,114.28571428571429,14.682475837869225,574.05,22175,4254.6,-122.0,-3.241232731137089
2014-03-28,13745,13845,13740,13825,226,3629,13775.0,13723.5,13727.75,13935.5,-35.53671961459622,-62.56301739455033,27.026297779954106,63.63636363636363,100.35714285714286,34.8552383501777,557.8,22401,4215.9,-13.0,-0.3569467325645226
2014-03-31,13800,13860,13755,13765,250,3608,13780.0,13743.5,13725.5,13927.0,-31.595460936372547,-56.36950610291477,24.774045166542223,50.0,91.78571428571429,34.82958550730627,505.8,22151,4169.45,-21.0,-0.5786718104160871
2014-04-01,13735,13750,13710,13735,238,3599,13773.0,13754.0,13720.25,13918.0,-30.54068036584067,-51.20374095549995,20.66306058965928,56.666666666666664,83.21428571428571,5.393827644363364,483.5,21913,4116.2,-9.0,-0.24944567627493974
2014-04-02,13740,13740,13640,13720,270,3524,13759.0,13760.0,13710.0,13907.583333333334,-30.56282458703936,-47.07555768180784,16.51273309476848,66.66666666666666,81.42857142857143,-6.444822496956226,451.1,21643,4053.4,-75.0,-2.083912197832727
2014-04-03,13720,13745,13685,13700,238,3436,13749.0,13755.5,13706.25,13899.25,-31.8273213462453,-44.02591041469533,12.198589068450033,62.745098039215684,78.21428571428571,2.748728333176196,420.75,21405,3974.85,-88.0,-2.4971623155505163
2014-04-04,13615,13725,13615,13720,183,3318,13728.0,13751.5,13701.5,13892.833333333334,-30.859877823158968,-41.39270389638806,10.532826073229096,64.76190476190476,80.35714285714286,-8.76548261376759,394.15,21588,3877.25,-118.0,-3.434225844004657
2014-04-07,13615,13725,13615,13720,183,3318,13719.0,13749.5,13706.75,13885.666666666666,-29.75022973158775,-39.064209063428,9.313979331840251,59.78260869565218,82.5,-10.749754300748416,342.75,21588,3783.2,0.0,0.0
2014-04-08,13735,13740,13700,13740,340,3218,13720.0,13746.5,13705.5,13879.0,-26.946371771164195,-36.640641604975244,9.694269833811049,58.88888888888889,80.35714285714286,16.649990091901643,336.65,21928,3689.65,-100.0,-3.013863773357439
2014-04-09,13720,13760,13720,13750,387,3157,13726.0,13742.5,13710.25,13875.083333333334,-23.644815001362076,-34.04147628425261,10.396661282890534,50.66666666666667,73.92857142857143,25.490187596517433,320.1,22315,3611.55,-61.0,-1.8955873213175933
2014-04-10,13745,13745,13690,13700,329,3167,13726.0,13737.5,13717.75,13869.916666666666,-24.777272631843516,-32.188635553770794,7.411362921927278,42.6829268292683,70.71428571428571,0.06036635481152094,302.25,21986,3552.8,10.0,0.3167564143173873
2014-04-11,13710,13785,13710,13780,498,3227,13738.0,13733.0,13728.25,13865.333333333334,-19.000397298097596,-29.55098790263616,10.550590604538563,54.255319148936174,72.14285714285714,31.00744180033695,299.65,22484,3516.75,60.0,1.894537417113984
2014-04-14,13735,13780,13695,13760,349,3103,13746.0,13732.5,13738.0,13859.833333333334,-15.85326822125171,-26.81144396635927,10.95817574510756,48.913043478260875,74.28571428571429,15.38158049611788,296.35,22135,3478.5,-124.0,-3.8425782460489666
2014-04-15,13770,13820,13710,13745,658,3220,13747.0,13733.5,13743.75,13854.583333333334,-14.403485973336501,-24.329852367754718,9.926366394418217,45.05494505494505,79.64285714285714,26.325847338891474,312.65,21477,3455.4,117.0,3.7705446342249482
2014-04-16,13705,13830,13690,13730,171,3125,13743.0,13734.5,13747.25,13848.75,-14.30005559707024,-22.323893013617827,8.023837416547586,47.67441860465116,86.07142857142857,10.917785500053268,305.3,21306,3433.55,-95.0,-2.9503105590062084
2014-04-17,13740,13800,13740,13785,237,2985,13760.0,13743.0,13749.25,13844.333333333334,-9.668592417978289,-19.79283289448992,10.12424047651163,45.12195121951219,83.57142857142857,44.81756283970973,299.3,21543,3401.3,-140.0,-4.479999999999995
2014-04-18,13790,13800,13760,13800,429,2955,13764.0,13751.0,13751.25,13839.333333333334,-4.7331885891399,-16.780904033419915,12.047715444280016,54.794520547945204,78.92857142857143,58.84085895290242,311.55,21972,3365.3,-30.0,-1.005025125628145
2014-04-21,13830,13835,13760,13825,577,3065,13777.0,13761.5,13755.5,13836.833333333334,1.1818222578331188,-13.18835877516931,14.370181033002428,62.50000000000001,80.35714285714286,77.80819955831718,329.15,22549,3336.45,110.0,3.7225042301184397
2014-04-22,13810,13900,13800,13880,401,3243,13804.0,13775.5,13761.0,13834.166666666666,10.190086342978248,-8.5126697515398,18.702756094518048,70.0,80.35714285714286,118.50550077609981,339.05,22950,3315.15,178.0,5.807504078303416
2014-04-23,13870,13970,13870,13955,604,3278,13849.0,13796.0,13769.25,13832.833333333334,23.11462274765836,-2.1872112517001687,25.30183399935853,78.02197802197801,83.21428571428571,142.91052915546203,350.0,23554,3290.85,35.0,1.0792476102374327
2014-04-24,13950,13950,13900,13945,388,3284,13881.0,13820.5,13779.0,13830.916666666666,32.17954873140843,4.686140744921552,27.49340798648688,75.28089887640449,79.28571428571429,114.54100570852843,347.8,23166,3272.95,6.0,0.18303843807199183
2014-04-25,13950,13985,13865,13940,411,3122,13909.0,13836.5,13784.75,13829.083333333334,38.51611981575479,11.4521365590882,27.063983256666592,74.44444444444444,80.0,97.37454888458855,357.05,22755,3247.6,-162.0,-4.933008526187576
2014-04-28,13925,13930,13900,13915,281,2990,13927.0,13852.0,13792.25,13827.416666666666,41.04743767595937,17.371196782462434,23.67624089349694,69.23076923076923,80.0,78.22642773834852,358.6,22474,3216.7,-132.0,-4.2280589365791155
2014-04-29,13885,13905,13845,13880,738,3003,13927.0,13865.5,13799.5,13824.416666666666,39.77086406015769,21.85113023800149,17.919733822156203,63.541666666666664,82.14285714285714,50.397366733354616,383.6,21736,3186.9,13.0,0.43478260869564966
2014-04-30,13890,13890,13855,13880,674,2956,13912.0,13880.5,13807.5,13821.833333333334,38.317470326292096,25.14439825565961,13.173072070632486,70.93023255813954,80.35714285714286,44.72729200790977,403.8,21736,3158.5,-47.0,-1.5651015651015676
2014-05-01,13890,13890,13855,13880,674,2956,13899.0,13890.0,13816.5,13819.25,36.74210520344968,27.46393964521763,9.278165558232054,64.28571428571428,76.78571428571429,40.392811095128245,425.6,21736,3134.5,0.0,0.0
2014-05-02,13890,13890,13880,13880,674,2956,13887.0,13898.0,13824.5,13816.583333333334,35.089131329958036,28.988977982165714,6.100153347792322,68.18181818181819,71.42857142857143,41.10239016782151,450.15,21736,3116.4,0.0,0.0
2014-05-05,13880,13900,13870,13890,161,3015,13882.0,13904.5,13833.0,13814.25,34.19191098656847,30.02956458304627,4.1623464035222035,72.3076923076923,65.71428571428571,39.23032280172923,449.05,21897,3101.25,59.0,1.9959404600811803
2014-05-06,13970,13970,13860,13890,255,3055,13884.0,13905.5,13840.5,13813.083333333334,33.099309167826505,30.64351350000232,2.4557956678241837,75.80645161290323,63.57142857142857,47.4728354926115,444.8,21897,3093.1,40.0,1.3266998341625147
2014-05-07,13895,13905,13890,13905,140,3085,13889.0,13900.5,13848.25,13812.083333333334,33.06266319396491,31.12734343879484,1.9353197551700703,72.22222222222223,59.642857142857146,38.83359741719325,432.45,22037,3089.5,30.0,0.9819967266775809
2014-05-08,13850,13890,13850,13880,120,3080,13889.0,13894.0,13857.25,13810.833333333334,30.662867480039495,31.034448247043773,-0.37158076700427856,64.28571428571428,60.714285714285715,16.60138678179951,422.0,21917,3085.15,-5.0,-0.16207455429497752
2014-05-09,13875,13885,13870,13870,280,3030,13887.0,13887.0,13861.75,13809.833333333334,27.635530467932767,30.354664691221572,-2.7191342232888047,58.49056603773585,56.42857142857143,14.23011904240829,411.1,21637,3075.3,-50.0,-1.6233766233766267
2014-05-12,13870,13940,13870,13940,135,3010,13897.0,13889.5,13870.75,13809.5,30.532795994424305,30.39029095186212,0.14250504256218477,60.714285714285715,54.285714285714285,43.66010763800965,400.4,21772,3070.65,-20.0,-0.660066006600657
2014-05-13,14045,14045,13900,13940,265,2975,13907.0,13895.5,13880.5,13810.0,32.45478128162358,30.80318901781441,1.651592263809171,46.34146341463415,57.5,76.09122357313193,380.75,21772,3058.4,-35.0,-1.1627906976744207
2014-05-14,13980,13980,13890,13910,610,3395,13908.0,13898.5,13889.5,13806.833333333334,31.19759275983961,30.882069766219452,0.31552299362015646,42.22222222222222,60.0,42.85145504827035,402.7,21162,3071.9,420.0,14.117647058823524
2014-05-15,14040,14040,13855,13915,360,3355,13915.0,13902.0,13896.0,13805.25,30.255948273998,30.756845467775165,-0.5008971937771634,44.44444444444444,64.64285714285714,51.1602518046903,408.85,21522,3090.4,-40.0,-1.178203240058906
2014-05-16,13915,13970,13890,13910,273,2498,13923.0,13905.0,13901.5,13803.416666666666,28.774535092510632,30.36038339272226,-1.5858483002116266,48.78048780487806,67.5,33.58806316329149,401.05,21249,3067.55,-857.0,-25.543964232488825
2014-05-19,13920,13995,13920,13995,170,2504,13934.0,13915.5,13910.0,13804.833333333334,34.0665955902914,31.10162583223609,2.964969758055311,72.54901960784314,68.57142857142857,99.10522213274065,380.7,21419,3039.5,6.0,0.24019215372297342
2014-05-20,13965,13995,13960,13965,309,2273,13939.0,13923.0,13914.25,13806.0,35.4314111302574,31.96758289184035,3.463828238417051,64.91228070175438,68.57142857142857,92.06360056504124,376.1,21110,2991.0,-231.0,-9.225239616613424
2014-05-21,13965,13965,13865,13910,176,2176,13939.0,13923.5,13912.0,13806.5,31.70946990225093,31.91596029392247,-0.20649039167154015,54.41176470588235,73.21428571428571,1.2917198284434142,354.7,20934,2935.9,-97.0,-4.267487901451828
2014-05-22,13940,13950,13905,13925,178,2112,13941.0,13928.0,13911.0,13807.0,29.628638798802058,31.458495994898392,-1.8298571960963343,56.33802816901409,75.71428571428571,22.442265747559578,344.2,21112,2877.3,-64.0,-2.941176470588236
2014-05-23,13935,13955,13920,13955,174,2099,13950.0,13936.5,13911.75,13808.083333333334,30.053872107506322,31.177571217419978,-1.1236991099136553,58.66666666666667,76.07142857142857,46.59217028309191,332.35,21286,2826.15,-13.0,-0.6155303030302983
2014-05-26,14080,14110,14000,14025,333,2514,13956.0,13945.0,13917.25,13811.666666666666,35.62858342222171,32.067773658380325,3.560809763841384,65.1685393258427,79.28571428571429,142.59902114388933,334.95,21619,2802.35,415.0,19.771319676036203
2014-05-27,14055,14055,13990,13990,318,2553,13961.0,13950.0,13922.75,13814.166666666666,36.79818820244145,33.01385656719255,3.784331635248904,59.13978494623657,82.85714285714286,90.27108428926459,313.95,21301,2779.85,39.0,1.5513126491646823
2014-05-28,14005,14075,13995,14040,461,2578,13987.0,13963.0,13930.75,13816.083333333334,41.28379664047861,34.667844581849764,6.615952058628849,66.3265306122449,85.0,98.93979217555983,303.3,21762,2760.95,25.0,0.9792401096748948
2014-05-29,14025,14040,13990,14015,304,2514,14005.0,13973.0,13937.5,13820.083333333334,42.33338961454865,36.200953588389545,6.132436026159105,64.35643564356435,87.5,69.8666385031105,284.8,21458,2738.85,-64.0,-2.482544608223425
2014-05-30,13915,14010,13915,13980,116,2475,14010.0,13980.0,13942.5,13822.833333333334,39.88126570973509,36.93701601265865,2.9442496970764367,54.255319148936174,89.64285714285714,22.267430877363797,256.9,21342,2714.8,-39.0,-1.5513126491646823
2014-06-02,13915,14010,13915,13980,116,2475,14001.0,13978.5,13947.0,13828.916666666666,37.50559865371724,37.05073254087037,0.4548661128468723,54.255319148936174,86.07142857142857,18.915684778087247,254.65,21342,2687.8,0.0,0.0
2014-06-03,14045,14045,13960,14000,252,2374,14003.0,13982.0,13952.5,13832.833333333334,36.812348411494895,37.00305571499528,-0.1907073035003819,59.78260869565218,85.71428571428571,47.53838522625991,254.5,21594,2653.75,-101.0,-4.080808080808085
2014-06-04,14020,14020,13945,13955,214,2214,13986.0,13986.5,13955.0,13837.833333333334,32.25994610307134,36.054433792610496,-3.794487689539153,54.0,77.85714285714286,15.889837547856603,258.2,21380,2610.2,-160.0,-6.739679865206405
2014-06-05,13950,13965,13935,13960,469,2168,13975.0,13990.0,13959.0,13844.666666666666,28.724474823215132,34.588441998731426,-5.863967175516294,55.0,74.28571428571429,-9.851103778111867,275.65,21849,2564.6,-46.0,-2.0776874435410986
2014-06-06,13895,13895,13870,13870,50,1130,13953.0,13981.5,13959.0,13849.666666666666,18.44768707035837,31.360291013056816,-12.912603942698446,37.62376237623763,74.64285714285714,-96.03714680558524,264.15,21799,2469.6,-1038.0,-47.87822878228782
2014-06-09,14015,14055,13990,14020,411,2628,13961.0,13981.0,13963.0,13857.25,22.15165464780148,29.51856374000575,-7.366909092204271,54.400000000000006,85.35714285714286,61.373250921721386,277.95,22210,2450.5,1498.0,132.56637168141592
2014-06-10,14100,14480,14000,14085,352,2642,13978.0,13990.5,13970.25,13864.833333333334,29.98636822388653,29.612124636781907,0.3742435871046226,63.77952755905512,112.5,158.24843177586962,282.3,22562,2433.85,14.0,0.5327245053272422
2014-06-11,14045,14340,14020,14105,986,2736,14008.0,13997.0,13980.0,13872.25,37.37839318265469,31.165378345956462,6.213014836698228,64.0625,132.14285714285714,108.78223895021796,301.1,23548,2400.9,94.0,3.557910673732012
2014-06-12,14045,14080,14010,14010,376,2706,14018.0,13996.5,13984.75,13876.666666666666,35.165553555676524,31.965413387900476,3.2001401677760484,53.90070921985815,136.42857142857142,25.46997195254963,301.9,23172,2368.45,-30.0,-1.0964912280701733
2014-06-13,14035,14035,13850,13925,781,2772,14029.0,13991.0,13985.5,13879.416666666666,26.250473465528557,30.822425403426095,-4.571951937897538,43.05555555555556,138.57142857142858,-39.52290209295239,327.3,22391,2382.15,66.0,2.4390243902439046
2014-06-16,13965,13995,13935,13990,281,2815,14023.0,13992.0,13985.25,13883.583333333334,24.15175859757437,29.48829204225575,-5.336533444681379,50.0,138.92857142857142,-15.08373694020418,332.85,22672,2397.7,43.0,1.5512265512265477
2014-06-17,13985,13985,13955,13955,294,2855,13997.0,13987.5,13984.75,13886.666666666666,19.44020981387621,27.47867559657984,-8.038465782703632,44.21768707482993,135.35714285714286,-20.348572219821982,332.1,22378,2426.8,40.0,1.4209591474245054
2014-06-18,13990,14090,13970,13975,491,2822,13971.0,13989.5,13988.0,13889.75,17.12272618204406,25.407485713672685,-8.284759531628623,47.26027397260274,141.42857142857142,7.843359948303031,347.85,22869,2459.1,-33.0,-1.1558669001751287
2014-06-19,13970,14065,13660,13965,239,2944,13962.0,13990.0,13990.0,13893.333333333334,14.314182297483057,23.188825030434764,-8.874642732951706,48.93617021276596,163.21428571428572,-68.89705395273526,350.9,22630,2500.7,122.0,4.323175053153783
2014-06-20,14050,14140,13965,14110,1194,3153,13999.0,14014.0,13997.75,13898.083333333334,23.517583159464266,23.254576656240665,0.2630065032236004,57.64705882352941,168.92857142857142,44.49132245168856,401.9,23824,2553.4,209.0,7.099184782608692
2014-06-23,14100,14155,14050,14130,749,3439,14027.0,14025.0,14003.0,13904.166666666666,32.05565981019572,25.01479328703168,7.040866523164041,57.64705882352941,170.35714285714286,66.14267484204383,422.7,24573,2599.65,286.0,9.070726292419916
2014-06-24,14205,14275,14120,14145,1379,3585,14065.0,14031.0,14010.75,13911.0,39.57631063558074,27.92709675674149,11.649213878839248,61.58536585365853,176.07142857142858,93.83485245124389,475.75,25952,2651.25,146.0,4.245420180284976
2014-06-25,14165,14165,14085,14115,560,3536,14093.0,14032.0,14014.5,13917.583333333334,42.6243839530689,30.866554196006973,11.757829757061927,59.171597633136095,179.64285714285714,55.85272812867246,480.7,25392,2699.15,-49.0,-1.3668061366806095
2014-06-26,14080,14165,14045,14130,307,3552,14126.0,14044.0,14020.25,13924.75,45.72330881488415,33.83790511978241,11.885403695101736,66.88311688311688,181.78571428571428,47.27349405976683,480.85,25699,2751.05,16.0,0.4524886877828038
2014-06-27,14150,14170,14085,14135,907,3584,14131.0,14065.0,14028.0,13931.666666666666,48.029038449471045,36.676131785720145,11.3529066637509,59.199999999999996,174.64285714285714,50.970204018634874,520.4,26606,2806.5,32.0,0.9009009009008917
2014-06-30,14180,14180,14070,14090,771,3422,14123.0,14075.0,14033.5,13937.833333333334,45.698438722156425,38.48059317300741,7.217845549149018,50.413223140495866,148.21428571428572,38.14126277739257,553.15,25835,2853.85,-162.0,-4.52008928571429
2014-07-01,14090,14150,14055,14100,334,3384,14114.0,14089.5,14038.5,13943.833333333334,44.14941114409339,39.614356767224606,4.535054376868786,49.57983193277311,132.14285714285714,29.159395012881955,557.25,26169,2904.35,-38.0,-1.1104617182933985
2014-07-02,14060,14095,13860,14005,667,3297,14092.0,14092.5,14041.0,13948.083333333334,34.85431077787507,38.6623475693547,-3.80803679147963,49.57983193277311,142.5,-32.147369157095504,579.9,25502,2958.5,-87.0,-2.5709219858155996
2014-07-03,14055,14250,14055,14180,792,3345,14102.0,14114.0,14052.0,13956.083333333334,41.134738573253344,39.15682577013443,1.9779128031189117,68.61313868613138,146.78571428571428,54.95817726622641,596.05,26294,3017.35,48.0,1.4558689717925288
2014-07-04,14070,14215,14060,14080,350,3284,14091.0,14111.0,14062.5,13961.083333333334,37.60932173403853,38.84732496291525,-1.238003228876721,56.25,152.85714285714286,28.492923543728217,611.05,25944,3125.05,-61.0,-1.823617339312411
2014-07-07,14050,14065,13960,14000,319,3209,14073.0,14098.0,14061.5,13965.083333333334,28.036880373016174,36.685236044935436,-8.648355671919262,52.94117647058823,158.92857142857142,-35.226381376418,606.45,25625,3154.1,-75.0,-2.2838002436053606
2014-07-08,14060,14145,14010,14115,333,3192,14076.0,14095.0,14063.0,13971.25,29.391384943461162,35.226465824640584,-5.835080881179422,58.13953488372093,159.64285714285714,15.951304699254802,605.5,25958,3181.6,-17.0,-0.5297600498597732
2014-07-09,14150,14200,14040,14105,117,3188,14096.0,14094.0,14063.0,13977.5,29.319941117530107,34.04516088321849,-4.7252197656883865,58.13953488372093,142.14285714285714,33.28459760516016,562.05,25841,3204.2,-4.0,-0.12531328320801727
2014-07-10,14110,14110,14040,14050,257,3186,14070.0,14086.0,14065.0,13981.916666666666,24.542371839463158,32.144603074467426,-7.602231235004268,46.103896103896105,134.64285714285714,1.8907615730087124,556.1,25584,3228.2,-2.0,-0.06273525721455231
2014-07-11,14030,14070,14025,14045,114,3156,14063.0,14077.0,14071.0,13986.0,20.120716458193783,29.7398257512127,-9.619109293018916,44.370860927152314,130.35714285714286,-15.269469438091237,522.75,25470,3247.4,-30.0,-0.941619585687381
2014-07-14,14040,14130,14020,14090,181,3064,14081.0,14077.0,14076.0,13990.416666666666,20.0169042197831,27.79524144492678,-7.77833722514368,46.496815286624205,127.14285714285714,3.9201474141003727,517.75,25651,3259.85,-92.0,-2.91508238276299
2014-07-15,14080,14080,14030,14070,112,3073,14072.0,14074.0,14081.75,13993.583333333334,18.11201538091518,25.858596232124462,-7.746580851209281,47.09677419354839,125.71428571428571,-14.716829698192221,508.65,25539,3270.75,9.0,0.2937336814621494
2014-07-16,14015,14075,14000,14040,115,3026,14059.0,14077.5,14085.0,13995.0,14.020013978601128,23.490879781419796,-9.470865802818668,44.30379746835443,122.5,-32.898839574630976,489.85,25424,3280.95,-47.0,-1.529450048812231
2014-07-17,14060,14080,14025,14080,101,2984,14065.0,14067.5,14090.75,13997.25,13.845140925750457,21.56173201028593,-7.716591084535473,46.666666666666664,120.35714285714286,-28.384437976540994,482.95,25525,3282.95,-42.0,-1.387970918704562
2014-07-18,14050,14080,14030,14045,191,2897,14065.0,14064.0,14087.5,13999.0,10.758329947868333,19.40105159780241,-8.642721649934078,47.23926380368098,116.07142857142857,-37.33304163267591,432.8,25334,3270.15,-87.0,-2.915549597855227
2014-07-21,14020,14070,13990,14040,85,2839,14055.0,14068.0,14083.0,14001.083333333334,7.81842584898186,17.084526448038304,-9.266100599056443,46.2962962962963,115.0,-51.02909920821164,399.6,25249,3240.15,-58.0,-2.002071108042802
2014-07-22,14115,14155,14080,14110,225,2838,14063.0,14067.5,14081.25,14004.916666666666,11.01002889573465,15.869626937577573,-4.859598041842924,56.68789808917197,106.07142857142857,38.286885759847756,341.9,25474,3202.8,-1.0,-0.03522367030645013
2014-07-23,14130,14140,14000,14140,174,2817,14083.0,14071.0,14082.5,14009.25,15.778264571728869,15.851354464407834,-0.07308989267896493,46.875,98.57142857142857,16.03608696675733,322.6,25648,3166.85,-21.0,-0.7399577167019
2014-07-24,14130,14140,14100,14130,256,2693,14093.0,14079.0,14082.5,14013.416666666666,18.53653167318771,16.38838990616381,2.148141767023901,54.54545454545455,90.35714285714286,49.10865916663732,320.05,25392,3123.9,-124.0,-4.401845935392257
2014-07-25,14230,14760,14230,14760,2067,2595,14236.0,14150.5,14113.75,14028.083333333334,70.7427348817564,27.25925890128233,43.483475980474076,84.54545454545455,126.78571428571429,198.7154681537953,378.05,27459,3074.45,-98.0,-3.639064240623835
2014-07-28,14890,15430,14875,15340,52723,12555,14496.0,14275.5,14176.25,14052.25,157.10665209779654,53.22873754058517,103.87791455721137,89.1373801916933,164.28571428571428,191.05516871206999,2975.65,80182,3531.1,9960.0,383.81502890173414
2014-07-29,15300,15510,15270,15345,59054,17953,14743.0,14403.0,14238.5,14076.5,223.37916100383518,87.25882223323518,136.1203387706,89.74358974358974,170.0,148.87132441432098,5911.65,139236,4259.55,5398.0,42.994822779769024
2014-07-30,15180,15215,14770,14890,91402,21040,14893.0,14488.0,14282.75,14092.916666666666,236.4601390811713,117.09908560282241,119.36105347834888,71.42857142857143,206.07142857142858,82.68047486562092,10448.4,47834,5146.7,3087.0,17.194897788670428
2014-07-31,15025,15065,14780,14865,65220,20014,15040.0,14566.5,14317.0,14109.333333333334,242.01976419496714,142.08322132125136,99.93654287371578,70.7070707070707,223.21428571428572,67.98373677011269,13669.8,-17386,5980.15,-1026.0,-4.876425855513311
2014-08-01,14815,14860,14670,14770,49186,18572,15042.0,14639.0,14351.5,14124.333333333334,236.03918826765948,160.874414710533,75.1647735571265,66.7487684729064,229.28571428571428,47.7130836461149,16111.6,-66572,6744.55,-1442.0,-7.204956530428697
2014-08-04,14765,14970,14765,14840,61996,21762,14942.0,14719.0,14393.5,14139.333333333334,234.2476921620182,175.54907020083004,58.69862196118817,68.50961538461539,239.64285714285714,52.35804301842355,19195.45,-4576,7672.2,3190.0,17.176394572474685
2014-08-05,15020,15060,14875,14905,41253,20523,14854.0,14798.5,14433.0,14155.416666666666,235.3597941628741,187.51121499323887,47.84857916963523,70.44917257683215,250.0,55.97076789300881,21241.45,36677,8538.75,-1239.0,-5.693410532120213
2014-08-06,14840,14860,14660,14690,41136,19545,14814.0,14853.5,14462.25,14168.416666666666,216.39793910185836,193.28855981496275,23.109379286895603,63.31877729257642,263.57142857142856,30.190019747084268,23292.4,-4459,9356.6,-978.0,-4.765385177605608
2014-08-07,14620,14810,14615,14735,30623,18198,14788.0,14914.0,14496.5,14182.083333333334,202.6654550614403,195.16393886425826,7.501516197182042,65.0,273.92857142857144,25.206564369212934,24810.7,26164,10107.2,-1347.0,-6.891788181120495
2014-08-08,14770,14870,14645,14725,41392,17522,14779.0,14910.5,14530.5,14195.666666666666,188.79908773562602,193.89096863853183,-5.091880902905814,64.8590021691974,284.2857142857143,24.776314526839894,26874.6,-15228,10825.5,-676.0,-3.7146939224090514
2014-08-11,14735,14780,14680,14695,16472,17098,14750.0,14846.0,14560.75,14207.333333333334,173.3904057825166,189.79085606732878,-16.400450284812166,62.913907284768214,283.2142857142857,18.526723595753303,27689.15,-31700,11527.2,-424.0,-2.41981508960164
2014-08-12,14765,14790,14605,14780,18035,16752,14725.0,14789.5,14596.25,14220.916666666666,166.12274435734616,185.05723372533225,-18.93448936798609,63.793103448275865,286.42857142857144,16.035175139924917,28585.3,-13665,12211.15,-346.0,-2.0236284945607697
2014-08-13,14790,14835,14635,14650,22007,16628,14717.0,14765.5,14626.75,14233.25,148.16520057002163,177.67882709427013,-29.513626524248508,60.65573770491803,297.85714285714283,10.438746225198656,29679.9,-35672,12891.25,-124.0,-0.7402101241642756
2014-08-14,14655,14660,14390,14495,25097,16299,14669.0,14728.5,14647.5,14242.75,120.0427352030838,166.15160871603285,-46.10887351294906,43.25699745547074,272.14285714285717,-16.823174899960172,30929.7,-60769,13557.0,-329.0,-1.978590329564589
2014-08-15,14490,14495,14350,14470,18076,16382,14618.0,14698.5,14668.75,14251.333333333334,94.64715424376664,151.85071782157962,-57.203563577812986,19.148936170212764,234.64285714285714,-31.083698808187044,31823.95,-78845,14231.25,83.0,0.5092336953187226
2014-08-18,14420,14525,14400,14445,12233,16151,14568.0,14659.0,14689.0,14258.333333333334,71.67742951218133,135.81606015969996,-64.13863064751862,18.531468531468533,226.42857142857142,-34.04559148874776,32431.35,-91078,14896.85,-231.0,-1.4100842387986812
2014-08-19,14435,14520,14425,14500,10402,15541,14512.0,14618.5,14708.5,14266.833333333334,57.25183401578397,120.10321493091676,-62.85138091513279,31.067961165048544,192.14285714285714,-35.553950614470125,32940.2,-80676,15532.0,-610.0,-3.7768559222339126
2014-08-20,14525,14575,14465,14545,13016,15010,14491.0,14604.0,14728.75,14275.25,48.88703031899786,105.85997800853299,-56.97294768953513,34.76190476190477,179.64285714285714,-35.06476230166387,33582.3,-67660,16141.65,-531.0,-3.416768547712501
2014-08-21,14590,14750,14550,14605,22542,14826,14513.0,14591.0,14752.5,14285.083333333334,46.56261682072727,94.00050577097184,-47.43788895024457,41.87192118226601,180.35714285714286,-23.736034211819298,34696.6,-45118,16748.3,-184.0,-1.2258494337108572
2014-08-22,14645,14685,14585,14640,16148,14618,14547.0,14582.5,14746.5,14296.083333333334,47.002889814153605,84.6009825796082,-37.598092765454595,39.79591836734694,172.85714285714286,-24.10333936879061,35400.65,-28970,17349.45,-208.0,-1.4029407797113147
2014-08-25,14650,14665,14480,14485,10114,14056,14555.0,14561.5,14703.75,14304.5,34.447515209983976,74.57028910568336,-40.12277389569938,30.373831775700936,170.35714285714286,-40.040782689008914,33270.2,-39084,17424.5,-562.0,-3.8445751812833495
2014-08-26,14485,14590,14465,14590,6565,13590,14573.0,14542.5,14666.0,14314.333333333334,32.59418735532017,66.17506875561072,-33.58088140029055,44.79166666666667,161.78571428571428,-40.570896998218515,30645.75,-32519,17206.35,-466.0,-3.315310187820153
2014-08-27,14620,14655,14505,14580,10472,13658,14580.0,14535.5,14650.5,14324.75,29.972985334085024,58.93465207130559,-28.96166673722057,41.62162162162162,158.57142857142858,-26.98329479739704,26599.25,-42991,16837.25,68.0,0.5003679175864528
2014-08-28,14560,14615,14500,14505,5249,13358,14560.0,14536.5,14632.5,14333.833333333334,21.594858561504225,51.46669336934532,-29.871834807841097,38.888888888888886,150.71428571428572,-36.76357651042946,23600.7,-48240,16504.45,-300.0,-2.1965148630839093
2014-08-29,14545,14545,14425,14455,6978,13059,14523.0,14535.0,14616.75,14343.583333333334,10.796099881428745,43.33257467176201,-32.536474790333266,38.11881188118812,152.14285714285714,-54.45867554087804,21490.3,-55218,16228.8,-299.0,-2.238359035783799
2014-09-01,14455,14460,14300,14365,9428,11957,14499.0,14527.0,14593.0,14349.333333333334,-4.966985692777598,33.67266259885409,-38.63964829163169,29.556650246305423,150.35714285714286,-81.86377785284643,18861.9,-64646,15738.55,-1102.0,-8.43862470326977
2014-09-02,14245,14490,14220,14455,6019,11272,14472.0,14522.5,14570.5,14355.5,-10.080890507977529,24.921951977487765,-35.002842485465294,40.0,155.35714285714286,-76.8644971188945,17100.2,-58627,15276.0,-685.0,-5.728861754620729
2014-09-03,14440,14560,14360,14370,5133,10296,14430.0,14505.0,14554.5,14359.916666666666,-20.75325592720219,15.786910396549775,-36.54016632375196,43.0939226519337,150.35714285714286,-54.339930194934915,15300.05,-63760,14813.55,-976.0,-8.658623136976583
2014-09-04,14315,14455,14305,14410,2526,9933,14411.0,14485.5,14538.25,14366.583333333334,-25.687408253634203,7.49204666651298,-33.17945492014718,46.7391304347826,150.71428571428572,-64.51079967820398,13895.2,-61234,14400.3,-363.0,-3.525641025641024
2014-09-05,14460,14510,14330,14410,2131,9672,14402.0,14462.5,14522.5,14374.666666666666,-29.2604631161812,0.14154470997414403,-29.402007826155344,48.04469273743017,154.64285714285714,-49.250600249252464,11932.15,-61234,14007.8,-261.0,-2.6276049531863466
2014-09-09,14325,14340,14135,14175,2451,8903,14364.0,14431.5,14496.5,14377.75,-50.47285124933478,-9.981334481887641,-40.49151676744714,34.883720930232556,167.5,-116.74774785843682,11231.1,-63685,13598.05,-769.0,-7.95078577336642
2014-09-10,14115,14125,13795,13870,2285,8696,14247.0,14359.5,14451.0,14376.333333333334,-90.84753880380595,-26.1545753462713,-64.69296345753465,24.719101123595507,186.78571428571428,-159.56280469634348,10443.6,-65970,13195.25,-207.0,-2.325058968886895
2014-09-11,13870,13960,13710,13835,2354,8232,14140.0,14285.0,14410.25,14374.0,-124.23685197264967,-45.77103067154698,-78.4658213011027,20.610687022900763,190.0,-140.16710076115496,9460.95,-68324,12775.45,-464.0,-5.33578656853726
2014-09-12,13890,13975,13855,13970,1607,8436,14052.0,14231.5,14384.0,14374.083333333334,-138.21153491721088,-64.25913152067976,-73.95240339653112,26.24113475177306,192.85714285714286,-97.82002674438567,8286.45,-66717,12382.3,204.0,2.478134110787167
2014-09-15,13945,13960,13845,13920,1133,8296,13954.0,14178.0,14356.5,14370.916666666666,-151.57390434765693,-81.7220860860752,-69.85181826158174,28.352490421455926,188.57142857142858,-88.70193331112695,7439.3,-67850,11978.0,-140.0,-1.6595542911332362
2014-09-16,13930,13950,13880,13925,753,7866,13904.0,14134.0,14330.5,14367.5,-159.91679886612292,-97.36102864208473,-62.555770224038184,22.40663900414937,184.64285714285714,-76.33456567722592,6865.3,-67097,11563.75,-430.0,-5.183220829315339
2014-09-17,13960,14125,13960,14005,5493,8373,13931.0,14089.0,14305.75,14365.166666666666,-158.24907464137505,-109.5386378419428,-48.710436799432244,27.450980392156865,188.21428571428572,-50.677583866412796,6619.85,-61604,11205.35,507.0,6.4454614797864185
2014-09-18,13930,14020,13915,13950,3367,8711,13954.0,14047.0,14276.0,14362.416666666666,-159.52650922721477,-119.53621211899721,-39.99029710821756,27.888446215139453,187.5,-56.68803800560386,6137.4,-64971,10890.4,338.0,4.0367849038576376
2014-09-19,13935,13950,13880,13895,2675,8557,13939.0,13995.5,14240.5,14358.5,-163.09684676053803,-128.2483390473054,-34.848507713232635,27.77777777777777,183.92857142857142,-59.82063811663868,5144.05,-67646,10576.95,-154.0,-1.7678796923430107
2014-09-22,13920,13950,13620,13710,5473,8466,13897.0,13925.5,14194.0,14351.416666666666,-178.7933009902281,-138.35733143588993,-40.43596955433816,25.83025830258302,196.07142857142858,-76.98869546321161,4610.3,-73119,10269.35,-91.0,-1.0634568189786142
2014-09-23,13725,13790,13635,13750,2479,8390,13862.0,13883.0,14157.25,14345.75,-185.86267907912952,-147.85840096453785,-38.00427811459167,22.98850574712644,187.85714285714286,-74.08056614802813,4228.55,-70640,9986.05,-76.0,-0.8977084809827507
2014-09-24,13760,13840,13650,13785,1619,8540,13818.0,13874.5,14117.0,14340.5,-186.49124961511734,-155.58497069465375,-30.906278920463592,26.69322709163346,187.14285714285714,-62.05899404980859,3981.25,-69021,9733.55,150.0,1.7878426698450633
2014-09-25,13735,13825,13715,13760,2216,8681,13780.0,13867.0,14076.0,14336.416666666666,-186.85276499669817,-161.83852955506262,-25.01423544163555,23.790322580645153,184.28571428571428,-55.69048989124438,3568.45,-71237,9484.7,141.0,1.6510538641686168
2014-09-26,13775,13810,13725,13745,1697,8476,13750.0,13844.5,14038.0,14329.166666666666,-186.20320850082499,-166.71146534421513,-19.491743156609857,23.50597609561754,177.5,-52.34747797711526,3390.85,-72934,9240.6,-205.0,-2.36147909227048
2014-09-29,13745,13780,13665,13725,1375,8107,13753.0,13825.0,14001.5,14323.25,-185.16776442570335,-170.40272516051277,-14.76503926519058,28.365384615384613,166.07142857142858,-54.36996979157866,3110.7,-74309,8993.0,-369.0,-4.353468617272293
2014-09-30,13740,13920,13710,13900,2033,7728,13783.0,13822.5,13978.25,14321.583333333334,-168.2862311540175,-169.97942635921373,1.6931952051962185,51.64835164835165,153.92857142857142,-27.59811204926317,2740.95,-72276,8781.55,-379.0,-4.674972246206977
2014-10-01,13740,13920,13740,13900,2033,7728,13806.0,13812.0,13950.5,14318.0,-153.14216683968698,-166.61197445530837,13.469807615621392,53.71428571428571,148.92857142857142,-21.78173205109253,2541.65,-72276,8604.35,0.0,0.0
2014-10-06,13740,13920,13710,13900,2033,7728,13834.0,13807.0,13927.0,14314.583333333334,-139.53194930749487,-161.1959694257457,21.664020118250818,45.270270270270274,153.92857142857142,-20.04792336096751,2386.65,-72276,8475.95,0.0,0.0
2014-10-08,13900,13915,13850,13910,654,7572,13867.0,13808.5,13902.0,14312.25,-126.48084498104981,-154.25294453680652,27.77209955575671,49.285714285714285,149.64285714285714,-2.219925112673017,2293.05,-71622,8357.9,-156.0,-2.018633540372672
2014-10-09,13910,13980,13825,13945,1109,7445,13911.0,13832.0,13878.75,14310.583333333334,-112.0222208508585,-145.80679979961693,33.78457894875842,51.36986301369863,155.71428571428572,18.09006371639556,2241.95,-70513,8246.55,-127.0,-1.677231907025889
2014-10-10,13935,13980,13805,13805,1236,7233,13892.0,13837.5,13860.25,14305.833333333334,-110.58572364514475,-138.7625845687225,28.17686092357775,37.34177215189874,153.92857142857142,3.9982733250606257,2181.2,-71749,8163.05,-212.0,-2.84754869039624
2014-10-13,13780,13875,13725,13815,999,7110,13875.0,13840.5,13857.5,14301.583333333334,-107.4023059068204,-132.4905288363421,25.08822292952169,40.939597315436245,157.14285714285714,-26.819874663427004,2116.9,-70750,8083.75,-123.0,-1.7005391953546223
2014-10-14,13795,13850,13750,13800,617,6880,13855.0,13844.5,13855.75,14297.583333333334,-104.88079849466521,-126.96858276800673,22.087784273341512,43.26241134751773,159.28571428571428,-28.51187813052862,2030.05,-71367,8016.15,-230.0,-3.234880450070321
2014-10-15,13800,13800,13665,13685,1301,6648,13810.0,13838.5,13841.5,14291.0,-110.88382489830838,-123.75163119406707,12.867806295758697,48.03149606299212,145.35714285714286,-69.18775829268695,2014.75,-72668,7926.75,-232.0,-3.3720930232558177
2014-10-16,13650,13710,13340,13480,2895,5601,13717.0,13814.0,13819.5,14281.583333333334,-130.67669373422905,-125.13664370209946,-5.540050032129585,33.125,160.71428571428572,-136.9917354424822,2102.85,-75563,7792.0,-1047.0,-15.74909747292419
2014-10-17,13430,13580,13375,13475,1450,5048,13651.0,13771.5,13797.0,14272.166666666666,-145.09359446055714,-129.128033853791,-15.965560606766132,29.870129870129873,161.78571428571428,-119.90794581656918,2137.7,-77013,7651.1,-553.0,-9.873236921978224
2014-10-20,13655,13735,13605,13670,1578,5405,13622.0,13748.5,13780.25,14264.833333333334,-139.17984324089412,-131.13839573121163,-8.041447509682484,45.21276595744681,172.5,-43.53023995346136,1941.95,-75435,7502.7,357.0,7.072107765451663
2014-10-21,13670,13695,13585,13605,1419,5172,13583.0,13719.0,13763.0,14255.916666666666,-138.14565247630344,-132.53984708023,-5.6058053960734355,42.929292929292934,174.28571428571428,-55.29046568298477,1844.55,-76854,7325.75,-233.0,-4.310823311748379
2014-10-22,13670,13760,13600,13635,1324,4941,13573.0,13691.5,13750.0,14247.666666666666,-133.3679172336615,-132.7054611109163,-0.6624561227451977,45.5,177.5,-35.969509559277505,1777.0,-75530,7144.95,-231.0,-4.46635730858469
2014-10-23,13670,13690,13615,13650,1188,4628,13607.0,13662.0,13747.0,14229.166666666666,-126.90823386995544,-131.54601566272413,4.637781792768692,35.11904761904762,167.85714285714286,-38.7167162421795,1562.75,-74342,6953.05,-313.0,-6.334750050597049
2014-10-24,13635,13675,13635,13660,508,4539,13644.0,13647.5,13742.5,14201.166666666666,-119.60325990842102,-129.1574645118635,9.554204603442486,35.882352941176464,157.85714285714286,-34.71552620011453,1464.2,-73834,6760.5,-89.0,-1.9230769230769273
2014-10-27,13655,13670,13595,13615,492,4542,13633.0,13627.5,13734.0,14172.333333333334,-116.10673318746194,-126.5473182469832,10.440585059521254,34.07821229050279,148.21428571428572,-43.553992261121834,1407.85,-74326,6560.6,3.0,0.06609385327165374
2014-10-28,13655,13690,13545,13600,1352,4660,13632.0,13607.5,13726.0,14150.833333333334,-113.24071671733691,-123.88599794105394,10.645281223717035,32.77777777777777,153.92857142857142,-45.524284996027795,1364.65,-75678,6359.55,118.0,2.5979744605900468
2014-10-29,13645,13710,13640,13680,958,4454,13641.0,13607.0,13722.75,14131.083333333334,-103.32300333798412,-119.77339902044,16.450395682455877,35.978835978835974,150.71428571428572,-17.877317677488357,1327.7,-74720,6158.45,-206.0,-4.420600858369095
2014-10-30,13690,13715,13640,13665,801,4347,13644.0,13625.5,13719.75,14112.666666666666,-95.57182615087731,-114.93308444652747,19.36125829565016,41.463414634146346,143.57142857142858,-18.143178555395362,1299.0,-75521,5970.45,-107.0,-2.4023349797934412
2014-10-31,13655,13710,13640,13675,2284,6087,13647.0,13645.5,13708.5,14093.25,-87.6121081136771,-109.4688891799574,21.856781066280305,41.463414634146346,137.85714285714286,-14.501659162934846,1311.55,-73237,5888.4,1740.0,40.02760524499656
2014-11-03,13690,13715,13410,13515,3459,7032,13627.0,13630.0,13689.25,14070.083333333334,-93.14096596927448,-106.20330453782083,13.062338568546352,35.233160621761655,152.5,-60.365266433516744,1382.85,-76696,5853.6,945.0,15.524889107934946
2014-11-04,13525,13715,13525,13600,3124,7084,13627.0,13629.5,13674.25,14051.916666666666,-89.63062991916559,-102.88876961408978,13.258139694924196,45.45454545454545,157.14285714285714,-29.539828895982268,1437.4,-73572,5821.4,52.0,0.7394766780432382
2014-11-05,13510,13580,13345,13405,2145,7681,13572.0,13606.5,13649.0,14029.75,-101.41449050761184,-102.59391379279421,1.1794232851823665,45.94594594594595,148.92857142857142,-90.69476724040892,1511.95,-75717,5826.85,597.0,8.427442123094298
2014-11-06,13400,13520,13385,13450,1483,7919,13529.0,13586.5,13624.25,14008.5,-105.9013956352228,-103.25541016127993,-2.645985473942872,48.70466321243523,143.92857142857142,-82.52277436192179,1530.65,-74234,5850.55,238.0,3.0985548756672365
2014-11-07,13445,13520,13435,13480,1978,7527,13490.0,13568.5,13608.0,13988.25,-105.81676124078513,-103.76768037718097,-2.0490808636041606,38.125,131.42857142857142,-66.85902923430086,1567.75,-72256,5865.25,-392.0,-4.950119964641997
2014-11-10,13475,13555,13475,13530,1457,7360,13493.0,13560.0,13593.75,13967.416666666666,-100.55595923670262,-103.1253361490853,2.5693769123826797,45.22292993630574,129.28571428571428,-43.35307204930219,1590.65,-70799,5877.75,-167.0,-2.2186794207519567
2014-11-11,13535,13550,13500,13515,1094,7511,13476.0,13551.5,13579.5,13948.5,-96.48489260402494,-101.79724744007324,5.3123548360483,42.20779220779221,121.42857142857143,-39.407488253755645,1614.5,-71893,5909.3,151.0,2.051630434782603
2014-11-12,13510,13545,13490,13525,1014,7756,13500.0,13536.0,13571.5,13932.333333333334,-91.39804675102823,-99.71740730226423,8.319360551236002,41.830065359477125,120.0,-36.381094099295744,1600.15,-70879,5964.7,245.0,3.2618825722273925
2014-11-13,13525,13575,13515,13515,1238,7869,13513.0,13521.0,13573.25,13916.416666666666,-87.16877382630082,-97.20768060707155,10.03890678077073,40.52287581699346,121.42857142857143,-28.475778793788326,1517.3,-72117,6078.1,113.0,1.4569365652398192
2014-11-14,13500,13535,13450,13450,1209,8257,13507.0,13498.5,13572.0,13899.833333333334,-88.04704975335153,-95.37555443632756,7.328504682976032,39.4904458598726,122.14285714285714,-62.882406675677615,1505.25,-73326,6238.55,388.0,4.930740881941786
2014-11-17,13485,13555,13425,13500,1490,8151,13501.0,13497.0,13563.5,13883.166666666666,-83.74316850242758,-93.04907724954757,9.305908747119986,43.90243902439025,121.07142857142857,-48.70966523863201,1500.85,-71836,6375.85,-106.0,-1.2837592345888327
2014-11-18,13500,13545,13445,13535,928,8199,13505.0,13490.5,13560.0,13866.333333333334,-76.6248208727593,-89.76422597418993,13.139405101430626,40.645161290322584,120.35714285714286,-35.85627742560065,1476.3,-70908,6527.2,48.0,0.5888847994111046
2014-11-19,13500,13555,13495,13520,1563,8116,13504.0,13502.0,13554.25,13848.25,-71.37113175124978,-86.08560712960191,14.714475378352134,40.645161290322584,119.28571428571429,-23.226078918867096,1488.25,-72471,6685.95,-83.0,-1.012318575436033
2014-11-20,13535,13575,13515,13535,638,8051,13508.0,13510.5,13548.5,13829.833333333334,-65.24506612327241,-81.91749892833602,16.672432805063607,41.02564102564102,118.57142857142857,-8.54382073224377,1460.75,-71833,6857.1,-65.0,-0.8008871365204562
2014-11-21,13520,13560,13490,13560,1348,7880,13530.0,13518.5,13543.5,13814.416666666666,-57.70760654439073,-77.07552045154696,19.367913907156236,53.488372093023266,101.78571428571429,-8.30279046839077,1502.75,-70485,7024.15,-171.0,-2.123959756551985
2014-11-24,13610,13710,13540,13615,3223,6750,13553.0,13527.0,13543.5,13798.166666666666,-46.75708856612982,-71.01183407446354,24.254745508333713,51.21951219512195,99.64285714285714,50.46464799285865,1639.3,-67262,7134.55,-1130.0,-14.340101522842641
2014-11-25,13615,13655,13590,13640,1514,6742,13574.0,13539.5,13545.5,13782.5,-35.65047660520031,-63.9395625806109,28.289085975410586,76.40449438202248,86.07142857142857,53.852803646358545,1647.4,-65748,7238.65,-8.0,-0.1185185185185178
2014-11-26,13660,13680,13575,13595,945,6586,13589.0,13546.5,13541.25,13767.333333333334,-30.132185449427197,-57.17808715437416,27.045901704946964,66.29213483146069,83.92857142857143,50.994409180901656,1646.75,-66693,7345.25,-156.0,-2.3138534559477897
2014-11-27,13625,13645,13570,13610,658,6594,13604.0,13556.0,13538.5,13753.25,-24.26877003735899,-50.59622373097113,26.327453693612142,65.11627906976744,83.21428571428571,50.96391251667071,1639.6,-66035,7457.6,8.0,0.1214697843911372
2014-11-28,13610,13630,13540,13565,1133,6389,13605.0,13567.5,13533.0,13739.916666666666,-22.98810246337598,-45.074599477452104,22.086497014076123,54.11764705882352,83.92857142857143,35.30265158040502,1582.05,-67168,7472.7,-205.0,-3.108886866848648
2014-12-01,13540,13540,13375,13415,1588,6122,13565.0,13559.0,13528.0,13722.583333333334,-33.68856972064532,-42.797393526090744,9.108823805445425,41.07142857142856,93.92857142857143,-74.12258923864158,1488.5,-68756,7427.2,-267.0,-4.17905775551729
2014-12-02,13425,13525,13425,13500,898,5747,13537.0,13555.5,13523.0,13708.083333333334,-34.90758458351047,-41.219431737574695,6.311847154064225,48.03149606299212,97.85714285714286,-37.020604861209826,1377.2,-67858,7360.35,-375.0,-6.125449199607969
2014-12-03,13450,13475,13295,13405,476,5678,13499.0,13544.0,13523.0,13691.333333333334,-43.04319355489315,-41.58418410103839,-1.4590094538547618,42.36111111111111,108.21428571428571,-104.64010568153411,1293.75,-68334,7260.2,-69.0,-1.200626413781103
2014-12-04,13345,13450,13300,13425,627,5507,13462.0,13533.0,13521.75,13674.916666666666,-47.33128384808515,-42.733604050447745,-4.597679797637404,48.14814814814815,112.85714285714286,-94.9830294446948,1250.95,-67707,7139.6,-171.0,-3.011623811201125
2014-12-05,13425,13450,13300,13350,972,5411,13419.0,13512.0,13515.25,13661.166666666666,-56.1344168829437,-45.41376661694694,-10.72065026599676,39.285714285714285,114.28571428571429,-97.99598815374357,1200.65,-68679,7033.8,-96.0,-1.7432358816052318
2014-12-08,13350,13390,13315,13360,423,5261,13408.0,13486.5,13506.75,13652.666666666666,-61.59402918224441,-48.649819130006435,-12.944210052237977,37.037037037037045,112.5,-90.66640376675284,1148.95,-68256,6928.85,-150.0,-2.7721308445758597
2014-12-09,13320,13380,13300,13355,564,4996,13379.0,13458.0,13498.75,13644.666666666666,-65.56843734628637,-52.033542773262425,-13.534894573023948,37.59398496240601,113.92857142857143,-83.9870724505885,1122.45,-68820,6803.1,-265.0,-5.037065196730661
2014-12-10,13345,13390,13315,13330,186,4959,13364.0,13431.5,13489.0,13634.0,-69.92937323154547,-55.612708864919036,-14.316664366626433,34.814814814814824,115.0,-74.30717989479207,1081.05,-69006,6663.25,-37.0,-0.7405924739791847
2014-12-11,13330,13350,13135,13275,519,4811,13334.0,13398.0,13477.0,13623.25,-76.93660934413856,-59.877488960762946,-17.059120383375614,29.787234042553195,125.35714285714286,-101.04701168903252,1045.1,-69525,6510.35,-148.0,-2.9844726759427287
2014-12-12,13205,13275,13110,13120,617,4787,13288.0,13353.5,13460.5,13609.833333333334,-93.91451103526742,-66.68489337566385,-27.229617659603576,19.254658385093165,125.0,-112.52069314084196,1015.5,-70142,6336.85,-24.0,-0.49885678653086574
2014-12-15,13190,13220,13150,13180,2052,5668,13252.0,13330.0,13444.5,13596.083333333334,-101.35971024016544,-73.61985674856416,-27.73985349160128,22.619047619047606,127.5,-91.17013728480627,1043.6,-68090,6212.7,881.0,18.404010862753296
2014-12-16,13150,13170,12985,13010,1562,5758,13183.0,13281.0,13418.25,13580.416666666666,-119.59900066862065,-82.81568553257546,-36.78331513604519,19.689119170984455,133.92857142857142,-110.11614751197942,1075.3,-69652,6090.65,90.0,1.5878616796048073
2014-12-17,12990,13050,12560,12575,5006,7153,13032.0,13198.0,13371.0,13558.416666666666,-167.22694615337787,-99.69793765673595,-67.52900849664192,12.63537906137185,163.57142857142858,-144.95356201237766,1247.45,-74658,6042.5,1395.0,24.22716220910037
2014-12-18,12415,12445,12200,12200,6609,7956,12817.0,13075.5,13304.25,13533.25,-232.5510977878348,-126.26856968295573,-106.28252810487908,10.204081632653057,183.92857142857142,-157.06473106574666,1546.0,-81267,6037.75,803.0,11.226058996225351
2014-12-19,12000,12490,11800,12480,27602,9954,12689.0,12988.5,13250.25,13512.083333333334,-258.7446513728046,-152.76378602092552,-105.98086535187906,24.66124661246613,219.64285714285714,-124.15604318759127,2858.7,-53665,6141.45,1998.0,25.1131221719457
2014-12-22,12475,12635,12350,12440,31833,10373,12541.0,12896.5,13191.5,13489.666666666666,-279.50889248498606,-178.11280731373765,-101.39608517124842,20.555555555555557,232.14285714285714,-84.43792678668684,4289.2,-85498,6322.6,419.0,4.209363070122563
2014-12-23,12405,12440,12215,12350,16541,10343,12409.0,12796.0,13127.0,13466.166666666666,-299.77137321407463,-202.44452049380507,-97.32685272026956,20.612813370473532,233.57142857142858,-87.45779783821952,5040.55,-102039,6502.65,-30.0,-0.28921237828979374
2014-12-24,12310,12695,12310,12500,9075,10121,12394.0,12713.0,13072.25,13445.416666666666,-300.26452622730176,-222.00852164050443,-78.25600458679733,25.974025974025977,250.35714285714286,-62.281160122338505,5447.05,-92964,6679.4,-222.0,-2.146379193657544
2014-12-25,12400,12470,12165,12360,10546,10887,12426.0,12621.5,13009.75,13422.666666666666,-308.39717287610074,-239.2862518876237,-69.11092098847703,25.125628140703512,263.57142857142856,-72.07701981184428,5941.45,-103510,6894.05,766.0,7.568422092678584
2014-12-26,12330,12380,12225,12245,8405,11464,12379.0,12534.0,12943.75,13395.083333333334,-320.4281960581957,-255.5146407217381,-64.91355533645759,23.389021479713605,269.2857142857143,-69.28799872234575,6305.05,-111915,7147.8,577.0,5.299898962064842
2014-12-29,12250,12400,12115,12295,10557,10371,12350.0,12445.5,12887.75,13368.333333333334,-322.21400400931816,-268.8545133792541,-53.359490630064045,25.233644859813083,283.92857142857144,-63.50903810522394,6753.5,-101358,7360.25,-1093.0,-9.534193998604323
2014-12-30,12200,12375,12125,12195,8600,9967,12319.0,12364.0,12822.5,13339.916666666666,-327.9183948085247,-280.6672896651082,-47.25110514341645,24.379232505643344,296.42857142857144,-61.00357226411752,7138.6,-109958,7571.25,-404.0,-3.8954777745636826
2014-12-31,12220,12540,12175,12380,8548,8289,12295.0,12344.5,12771.25,13314.416666666666,-313.89285033714805,-287.3124017995162,-26.580448537631867,30.916844349680176,307.14285714285717,-42.845902073307265,7542.2,-101410,7701.8,-1678.0,-16.83555733921942
2015-01-05,12330,12500,12315,12395,2192,7372,12302.0,12364.0,12719.75,13288.583333333334,-298.13046819761075,-289.4760150791351,-8.654453118475658,33.560090702947846,308.57142857142856,-34.872154219111074,7620.45,-99218,7795.05,-917.0,-11.062854385329956
2015-01-06,12290,12450,12140,12410,5531,10115,12335.0,12357.0,12672.75,13265.333333333334,-281.1869440917344,-287.818200881655,6.631256789920599,32.17592592592594,323.57142857142856,-38.32222393701983,7848.4,-93687,8030.25,2743.0,37.20835594139989
2015-01-07,12395,12485,12305,12380,5828,11219,12352.0,12351.0,12623.75,13241.416666666666,-267.100856041925,-283.674731913709,16.573875871784026,34.405940594059416,322.5,-28.2013192862031,8118.65,-99515,8328.15,1104.0,10.914483440434996
2015-01-08,12380,12475,12330,12400,4403,11573,12393.0,12356.0,12576.0,13218.083333333334,-251.42542117621088,-277.2248697662094,25.79944858999852,44.54828660436137,297.85714285714283,-23.01846587498664,8310.6,-95112,8657.0,354.0,3.1553614404135732
2015-01-09,12455,12520,12350,12400,3261,12106,12397.0,12346.0,12529.5,13196.666666666666,-236.2788505985027,-269.03566593266805,32.75681533416537,58.130081300813,283.2142857142857,-16.066723461657443,8464.35,-95112,9014.35,533.0,4.605547394798237
2015-01-12,12350,12455,12295,12335,6842,12215,12385.0,12343.5,12482.5,13177.583333333334,-226.90442805928797,-260.609418357992,33.70499029870405,42.857142857142854,245.35714285714286,-21.232143911079536,8780.5,-101954,9384.55,109.0,0.9003799768709797
2015-01-13,12200,12320,12160,12170,6046,12790,12337.0,12336.0,12435.0,13155.833333333334,-230.1363827301684,-254.5148112324273,24.378428502258885,38.15789473684211,237.5,-43.36674611209399,9051.95,-108000,9784.7,575.0,4.707327056897248
2015-01-14,12000,12145,11770,11770,13898,13725,12215.0,12283.5,12364.5,13124.166666666666,-261.954736016698,-256.0027961892814,-5.951939827416595,30.0,250.0,-108.29662663712924,9644.25,-121898,10187.55,935.0,7.310398749022684
2015-01-15,11830,12170,11810,12140,11644,12460,12163.0,12278.0,12321.0,13099.75,-254.38273661421408,-255.67878427426794,1.2960476600538584,39.221556886227546,251.07142857142858,-84.63899633046685,10148.35,-110254,10522.65,-1265.0,-9.216757741347903
2015-01-16,12200,12395,12145,12175,10085,10849,12118.0,12257.5,12301.0,13075.416666666666,-242.75928709244909,-253.09488483790417,10.33559774545509,44.08945686900959,245.35714285714286,-22.49952361822778,10402.3,-100169,10707.45,-1611.0,-12.929373996789728
2015-01-19,12170,12500,12155,12500,7340,10312,12151.0,12268.0,12316.0,13056.25,-204.96018234357325,-243.46794433903798,38.50776199546473,57.18309859154929,258.92857142857144,27.485684082469287,10438.85,-92829,10825.25,-537.0,-4.9497649552954215
2015-01-20,12400,12480,12345,12425,5343,9632,12202.0,12269.5,12313.25,13035.666666666666,-178.99267654495634,-230.57289078022166,51.580214235265316,53.611111111111114,249.64285714285714,35.43762263479073,9325.9,-98172,10809.15,-680.0,-6.5942591155934815
2015-01-21,12555,12555,12445,12515,4311,9284,12351.0,12283.0,12317.0,13017.333333333334,-149.4284748332757,-214.34400759083246,64.91553275755678,58.93854748603352,241.07142857142858,64.82003397696491,7949.8,-93861,10754.7,-348.0,-3.6129568106312293
2015-01-22,12445,12695,12445,12615,4599,8608,12446.0,12304.5,12330.25,13000.916666666666,-116.58554215508593,-194.79231450368314,78.20677234859721,56.89149560117302,232.85714285714286,81.34813982014293,7352.7,-89262,10667.95,-676.0,-7.281344248168898
2015-01-23,12630,12660,12410,12500,4244,8345,12511.0,12314.5,12330.25,12981.25,-98.69907875017634,-175.5736673529818,76.87458860280546,52.90858725761772,237.5,60.90381702592449,7111.15,-93506,10579.15,-263.0,-3.0552973977695186
2015-01-26,12455,12495,12355,12460,4017,8019,12503.0,12327.0,12335.25,12961.166666666666,-86.75157518507513,-157.8092489194005,71.05767373432536,51.36612021857923,225.71428571428572,31.593041211873796,6784.7,-97523,10435.75,-326.0,-3.906530856800483
2015-01-27,12510,12580,12485,12485,2908,7189,12515.0,12358.5,12347.25,12941.333333333334,-74.40807153509559,-141.1290134425395,66.72094190744392,52.87671232876712,221.42857142857142,51.45465556589977,6509.85,-94615,10222.0,-830.0,-10.35041775782517
2015-01-28,12460,12565,12445,12560,2153,6672,12524.0,12437.5,12360.5,12925.416666666666,-57.90637412801698,-124.484485579635,66.57811145161803,54.255319148936174,219.64285714285714,48.6124422363358,6089.65,-92462,10037.05,-517.0,-7.191542634580605
2015-01-29,12555,12595,12500,12515,1615,6430,12504.0,12475.0,12376.5,12907.333333333334,-47.907535713604375,-109.1690956064289,61.26155989282452,52.98701298701299,214.28571428571428,47.58891596831374,5740.4,-94077,9860.2,-242.0,-3.6270983213429253
2015-01-30,12470,12530,12390,12415,2618,5831,12487.0,12499.0,12378.25,12890.833333333334,-47.50494110728505,-96.83626470660013,49.331323599315084,52.04081632653062,212.85714285714286,19.37772698052522,5443.9,-96695,9737.3,-599.0,-9.315707620528768
2015-02-02,12475,12585,12435,12565,1852,5044,12508.0,12505.5,12386.75,12876.083333333334,-34.682339166636666,-84.40547959860744,49.723140431970776,60.15424164524422,212.5,41.18019086454335,5426.9,-94843,9620.9,-787.0,-13.496827302349512
2015-02-03,12555,12620,12510,12585,1315,4463,12528.0,12521.5,12395.5,12861.166666666666,-22.645459137165744,-72.0534755063191,49.40801636915336,76.03833865814697,191.78571428571428,48.97892050396978,5216.1,-93528,9338.3,-581.0,-11.51863600317209
2015-02-04,12535,12620,12475,12480,2337,7606,12512.0,12518.0,12400.5,12843.666666666666,-21.332855591144835,-61.90935152328425,40.576495932139416,63.07692307692307,173.57142857142858,33.57424017258174,5041.55,-95865,9157.65,3143.0,70.42348196280528
2015-02-05,12520,12580,12485,12505,1489,7879,12510.0,12507.0,12405.75,12826.833333333334,-18.067051039804937,-53.14089142658839,35.07384038678345,62.7906976744186,162.5,31.089951107726552,4895.85,-94376,8972.95,273.0,3.5892716276623826
2015-02-06,12510,12590,12505,12575,1641,8253,12542.0,12514.5,12414.5,12811.0,-9.7184343566787,-44.45640001260646,34.73796565592776,53.6231884057971,143.92857142857142,37.78786240551491,4814.85,-92735,8780.3,374.0,4.746795278588656
2015-02-09,12580,12625,12510,12515,1641,8353,12532.0,12520.0,12423.5,12794.333333333334,-7.853068757571236,-37.13573376159941,29.282665004028175,54.41176470588235,141.07142857142858,33.1230531689758,4554.8,-94376,8587.2,100.0,1.21168060099357
2015-02-10,12550,12570,12510,12520,831,8255,12519.0,12523.5,12441.0,12778.833333333334,-5.903245923427676,-30.889236193965065,24.98599027053739,50.26737967914438,136.07142857142858,25.160767808294544,4294.05,-93545,8360.45,-98.0,-1.1732311744283463
2015-02-11,12500,12510,12370,12435,2040,8384,12510.0,12511.0,12474.25,12761.083333333334,-11.088960273616976,-26.92918100989545,15.840220736278475,40.21739130434783,128.92857142857142,-11.864009808181407,3701.15,-95585,8093.4,129.0,1.562689279224716
2015-02-12,12435,12450,12225,12310,4782,8727,12471.0,12490.5,12482.75,12740.666666666666,-24.99698194087432,-26.542741196091228,1.5457592552169075,39.784946236559136,127.14285714285714,-88.02412175693891,3358.05,-100367,7906.75,343.0,4.091125954198471
2015-02-13,12370,12580,12355,12570,3065,7815,12470.0,12506.0,12502.5,12724.833333333334,-14.867973481423178,-24.20778765315762,9.339814171734442,54.78260869565218,136.07142857142858,3.882298942445929,3007.05,-97302,7755.05,-912.0,-10.450326572705393
2015-02-16,12575,12605,12475,12525,851,7626,12472.0,12502.0,12503.75,12708.0,-10.35244863733351,-21.436719849992798,11.084271212659289,51.70940170940171,136.78571428571428,25.170092335875992,2682.6,-98153,7620.75,-189.0,-2.4184261036468313
2015-02-17,12520,12625,12475,12510,817,7432,12470.0,12494.5,12508.0,12690.5,-7.893248846239658,-18.72802564924217,10.834776803002512,47.747747747747745,138.92857142857142,22.83605805834618,2456.3,-98970,7510.75,-194.0,-2.543928665093098
2015-02-25,12195,12510,12195,12290,1143,7521,12441.0,12475.5,12496.75,12668.416666666666,-23.426431359244816,-19.6677067912427,-3.7587245680021155,41.24513618677043,154.64285714285714,-119.94229340483525,2297.9,-100113,7422.6,89.0,1.197524219590962
2015-02-26,12285,12285,12220,12260,2091,7777,12431.0,12451.0,12479.0,12645.416666666666,-37.72249821291916,-23.278665075577994,-14.44383313734117,43.62139917695473,149.64285714285714,-132.33137478196718,2172.5,-102204,7381.05,256.0,3.403802685813062
2015-02-27,12275,12320,12225,12245,1118,7586,12366.0,12418.0,12466.25,12622.916666666666,-49.68981556878316,-28.560895174219027,-21.128920394564133,35.185185185185176,144.28571428571428,-104.94751857286018,2016.2,-103322,7343.1,-191.0,-2.455959881702452
2015-03-02,12215,12230,12090,12200,1983,7099,12301.0,12386.5,12453.25,12599.416666666666,-62.089396795528955,-35.26659549848102,-26.82280129704794,32.57918552036199,147.5,-119.26411688790921,1914.5,-105305,7297.1,-487.0,-6.419720537832852
2015-03-03,12155,12205,12150,12165,1129,6495,12232.0,12351.0,12437.25,12576.083333333334,-73.88861973049461,-42.99100034488374,-30.897619385610874,34.78260869565217,141.07142857142858,-99.64331809251401,1825.55,-106434,7262.4,-604.0,-8.508240597267225
2015-03-04,12150,12255,12150,12240,1360,5959,12222.0,12331.5,12421.25,12556.5,-76.30808362848074,-49.65441700160314,-26.6536666268776,37.78801843317972,141.42857142857142,-74.25011202494741,1785.9,-105074,7226.75,-536.0,-8.252501924557354
2015-03-05,12215,12280,12140,12205,2236,7096,12211.0,12321.0,12405.75,12534.916666666666,-80.12609000293378,-55.74875160186927,-24.377338401064506,32.38095238095238,145.35714285714286,-68.2223581373163,1816.95,-107310,7260.05,1137.0,19.080382614532642
2015-03-06,12240,12285,12220,12245,2081,7452,12211.0,12288.5,12397.25,12515.583333333334,-79.01340451279793,-60.401682184055005,-18.61172232874293,36.89320388349514,142.85714285714286,-49.48098417698403,1790.1,-105229,7341.1,356.0,5.016910935738439
2015-03-09,12265,12350,12100,12240,2089,7976,12219.0,12260.0,12381.0,12495.833333333334,-77.6400651172462,-63.84935877069325,-13.790706346552945,36.40776699029126,156.42857142857142,-50.69977572082773,1801.95,-107318,7487.7,524.0,7.031669350509939
2015-03-10,12245,12305,12235,12275,1577,8397,12241.0,12236.5,12365.5,12477.916666666666,-72.88727709945124,-65.65694243644485,-7.2303346630063885,41.83673469387755,150.71428571428572,-33.169548021237475,1815.05,-105741,7684.4,421.0,5.278335005015045
2015-03-11,12230,12250,12135,12220,1518,8908,12237.0,12229.5,12352.5,12458.916666666666,-72.72042293052982,-67.06963853526184,-5.650784395267976,45.05494505494505,144.64285714285714,-51.384882653032015,1774.1,-107259,7749.5,511.0,6.085506728593537
2015-03-12,12240,12370,12225,12370,885,8927,12270.0,12240.5,12345.75,12442.5,-59.795161995556555,-65.61474322732079,5.819581231764232,37.5,136.07142857142858,-7.7385435939429,1743.9,-106374,7801.9,19.0,0.21329142343959884
2015-03-13,12355,12370,12285,12350,1580,8387,12291.0,12251.0,12334.5,12426.166666666666,-50.58254830581609,-62.60830424301985,12.025755937203762,38.70967741935484,132.85714285714286,0.8732895678534891,1740.85,-107954,7808.6,-540.0,-6.049064635375823
2015-03-16,12300,12300,12160,12280,2410,8276,12299.0,12259.0,12322.75,12409.583333333334,-48.372294864499054,-59.7611023673157,11.388807502816647,36.14457831325301,135.71428571428572,-28.439439076091514,1779.3,-110364,7804.75,-111.0,-1.323476809347801
2015-03-17,12260,12280,12165,12165,1805,8090,12277.0,12259.0,12305.0,12393.666666666666,-55.26315276814603,-58.86151244748177,3.5983596793357435,41.37931034482759,121.42857142857143,-42.09729865232109,1828.0,-112169,7796.5,-186.0,-2.2474625422909567
2015-03-18,12115,12185,12035,12085,1814,7841,12250.0,12243.5,12287.5,12375.416666666666,-66.41395992606522,-60.37200194319846,-6.041957982866755,38.70967741935484,127.14285714285714,-76.42319874797214,1816.7,-113983,7769.35,-249.0,-3.077873918417795
2015-03-19,12065,12165,11995,12150,2156,7844,12206.0,12238.0,12279.5,12361.083333333334,-69.20830787114755,-62.139263128788286,-7.069044742359267,44.24242424242425,132.5,-67.5812629214619,1685.4,-111827,7725.2,3.0,0.0382604259660857
2015-03-20,12135,12155,12070,12070,1521,7837,12150.0,12220.5,12254.5,12352.666666666666,-76.99067953329177,-65.10954640968899,-11.88113312360278,42.441860465116285,127.5,-64.87448610041545,1608.2,-113348,7726.3,-7.0,-0.08924018357980845
2015-03-23,12165,12350,12140,12335,2895,7403,12161.0,12230.0,12245.0,12354.916666666666,-61.07099146764267,-64.30183542127973,3.230843953637063,57.79816513761468,143.57142857142858,17.786626607829877,1710.4,-110453,7715.15,-434.0,-5.537833354599975
2015-03-24,12400,12570,12355,12480,3172,6637,12224.0,12250.5,12243.5,12354.916666666666,-36.335384106034326,-58.708545158230656,22.37316105219633,60.3448275862069,152.85714285714286,130.37130042275237,1828.15,-107281,7675.4,-766.0,-10.347156558152104
2015-03-25,12490,12550,12390,12480,1775,6495,12303.0,12276.5,12253.0,12355.583333333334,-16.541556297299394,-50.2751473860444,33.73359108874501,62.22222222222222,154.28571428571428,113.0418366342369,1859.75,-107281,7624.1,-142.0,-2.139520867861988
2015-03-26,12495,12540,12440,12495,1241,6221,12372.0,12289.0,12264.75,12358.0,0.351517413788315,-40.14981442607786,40.501331839866175,61.36363636363636,155.71428571428572,101.99824847073901,1817.25,-106040,7546.3,-274.0,-4.218629715165512
2015-03-27,12500,12505,12385,12425,1071,5957,12443.0,12296.5,12273.75,12356.75,7.998780094396352,-30.520095521983023,38.518875616379376,57.93991416309014,146.42857142857142,70.90886898485486,1814.9,-107111,7464.85,-264.0,-4.243690724963834
2015-03-30,12435,12500,12375,12415,1317,5185,12459.0,12310.0,12284.5,12357.666666666666,13.101350227700095,-21.7958063720464,34.897156599746495,56.140350877192986,150.35714285714286,60.6287616831297,1781.6,-108428,7369.15,-772.0,-12.959543394326001
2015-03-31,12420,12470,12365,12385,1346,4661,12440.0,12332.0,12295.5,12360.0,14.556624830969668,-14.525320131443188,29.081944962412855,57.39910313901345,147.85714285714286,46.5127317755594,1792.45,-109774,7277.45,-524.0,-10.106075216972032
2015-04-01,12370,12480,12270,12450,1275,4296,12434.0,12368.5,12306.0,12362.583333333334,20.716094963663636,-7.477037112421824,28.193132076085462,53.883495145631066,152.14285714285714,39.90297152842362,1788.2,-108499,7194.3,-365.0,-7.830937567045703
2015-04-02,12435,12570,12390,12520,1469,3928,12439.0,12405.5,12321.75,12368.0,30.889855381430607,0.19634138634866183,30.693513995081943,57.870370370370374,158.92857142857142,67.96837076572086,1749.85,-107030,7035.9,-368.0,-8.566108007448792
2015-04-03,12530,12680,12500,12680,1237,3526,12490.0,12466.5,12343.5,12373.0,51.27226191522095,10.41152549212312,40.86073642309783,67.09401709401709,158.21428571428572,97.09607786188013,1707.65,-105793,6839.6,-402.0,-10.234215885947052
2015-04-07,12700,12730,12600,12690,1056,6868,12545.0,12502.0,12366.0,12377.916666666666,67.45480536004106,21.82018146570671,45.634623894334354,74.64788732394366,159.28571428571428,96.92847668901707,1656.0,-104737,6784.2,3342.0,94.781622234827
2015-04-08,12725,12840,12625,12680,1939,7205,12604.0,12522.0,12386.25,12382.416666666666,78.56699973578179,33.169545119721725,45.39745461606007,79.89949748743719,163.92857142857142,93.05287425893646,1674.1,-106676,6724.6,337.0,4.906814210832855
2015-04-09,12715,12820,12680,12810,3347,8086,12676.0,12555.0,12415.75,12389.583333333334,96.74815487648084,45.88526707107355,50.86288780540729,81.13207547169812,161.78571428571428,92.61888820764432,1765.55,-103329,6683.5,881.0,12.227619708535741
2015-04-10,12860,13270,12830,13270,6846,9153,12826.0,12632.5,12460.75,12404.083333333334,146.58526326447645,66.02526630975413,80.55999695472232,91.66666666666667,188.57142857142858,133.9283079630575,2063.6,-96483,6694.8,1067.0,13.19564679693297
2015-04-13,13450,13500,13210,13320,11617,10222,12954.0,12722.0,12509.25,12419.416666666666,187.94954746288386,90.41012254038009,97.53942492250377,90.20408163265306,189.28571428571428,131.85752385075375,2565.45,-84866,6786.55,1069.0,11.67923085327216
2015-04-14,13305,13355,12870,12925,9839,9421,13001.0,12773.0,12541.5,12429.25,186.70561573841223,109.66922117998652,77.03639455842571,65.08474576271186,207.14285714285714,76.0393538037447,2936.9,-94705,6843.8,-801.0,-7.836039913911175
2015-04-15,13000,13260,12935,13180,5593,8895,13101.0,12852.5,12592.25,12446.083333333334,203.94520637321875,128.52441821863297,75.42078815458578,70.23121387283237,219.64285714285714,76.90214009038765,3126.3,-89112,6884.05,-526.0,-5.583271414924107
2015-04-16,13150,13365,13130,13290,7882,8619,13197.0,12936.5,12652.5,12471.416666666666,223.90277503156358,147.6000895812191,76.30268545034448,71.78082191780823,229.28571428571428,85.04863606763936,3429.7,-81230,6922.95,-276.0,-3.102866779089375
2015-04-17,13410,13720,13385,13540,11464,8857,13251.0,13038.5,12722.0,12494.75,256.93046813959336,169.46616529289395,87.46430284669941,77.80548628428927,251.42857142857142,105.58521593151683,3895.1,-69766,6973.6,238.0,2.7613412228796763
2015-04-20,13510,13660,13410,13565,7363,8279,13300.0,13127.0,12796.75,12517.916666666666,281.87318532520294,191.94756929935576,89.92561602584718,78.46534653465346,260.35714285714283,92.73820443178226,4187.2,-62403,6995.7,-578.0,-6.525911708253362
2015-04-21,13520,13645,13445,13475,4544,7836,13410.0,13205.5,12853.75,12534.166666666666,291.0234830025329,211.7627520399912,79.26073096254169,76.20192307692308,267.14285714285717,79.74050293015031,4269.65,-66947,7017.35,-443.0,-5.350887788380243
2015-04-22,13485,13750,13480,13725,5188,8247,13519.0,13310.0,12916.0,12555.833333333334,314.81903265853,232.374008163699,82.44502449483099,78.1456953642384,271.7857142857143,82.92672009337211,4370.45,-61759,7097.85,411.0,5.245022970903523
2015-04-23,13720,13740,13210,13490,6970,8490,13559.0,13378.0,12966.5,12572.083333333334,311.1281495382045,248.12483643860008,63.00331309960444,69.95884773662551,296.7857142857143,57.59327204038999,4630.2,-68729,7197.6,243.0,2.946526009457995
2015-04-24,13490,13545,13355,13495,4191,8143,13550.0,13400.5,13016.5,12586.75,305.0896724548911,259.5178036418583,45.571868813032836,67.91208791208791,297.5,50.62188695536547,4777.7,-64538,7293.7,-347.0,-4.087161366313308
2015-04-27,13620,13840,13595,13755,6760,8185,13588.0,13444.0,13083.0,12607.666666666666,317.622607247682,271.13876436302303,46.483842884659,71.08910891089108,312.85714285714283,71.45601937484308,5062.15,-57778,7405.1,42.0,0.5157804249048326
2015-04-28,13780,13885,13680,13740,4414,7706,13641.0,13525.5,13149.25,12629.0,322.62564610530717,281.4361407114799,41.18950539382729,70.94861660079052,312.14285714285717,68.41625054631866,5217.0,-62192,7531.15,-479.0,-5.852168601099573
2015-04-29,13800,13820,13650,13730,2647,7510,13642.0,13580.5,13216.5,12649.75,322.0710395566621,289.5631204805163,32.507919076145754,69.08713692946058,314.2857142857143,59.39780617545281,5282.05,-64839,7673.6,-196.0,-2.5434726187386403
2015-04-30,13785,13865,13745,13790,2756,6888,13702.0,13630.5,13283.5,12670.25,322.7525183056532,296.2010000455437,26.551518260109503,62.93532338308457,291.07142857142856,62.20905746245067,5356.1,-62083,7803.2,-622.0,-8.28229027962717
2015-05-04,13830,13895,13765,13880,1458,6590,13779.0,13664.5,13351.5,12693.0,326.787836205227,302.3183672774804,24.469468927746618,63.65853658536585,279.64285714285717,63.187722572231905,5355.55,-60625,7936.3,-298.0,-4.326364692218354
2015-05-05,13860,14025,13510,13800,2356,6459,13788.0,13688.0,13407.5,12716.083333333334,319.8435657709306,305.8234069761704,14.020158794760164,75.21613832853025,281.7857142857143,50.823823251042015,5411.5,-62981,8082.95,-131.0,-1.9878603945371776
2015-05-06,13880,13955,13800,13895,2210,5691,13819.0,13730.0,13467.75,12738.25,318.3363047096336,308.32598652286305,10.010318186770576,72.6984126984127,268.92857142857144,60.978265402414706,5469.2,-60771,8024.1,-768.0,-11.89038550859266
2015-05-07,13880,13880,13445,13485,6627,7724,13770.0,13706.0,13508.0,12753.25,280.8210853059427,302.825006279479,-22.00392097353631,55.2,284.2857142857143,16.77512536168764,5703.6,-67398,8050.05,2033.0,35.723071516429464
2015-05-08,13555,13585,13360,13560,4212,7734,13724.0,13713.0,13545.5,12771.25,254.21148508589067,293.10230204076134,-38.89081695487067,50.588235294117645,269.64285714285717,-7.254313458851355,5746.85,-63186,8032.45,10.0,0.1294665976178111
2015-05-11,13520,13630,13450,13495,2902,7881,13647.0,13713.0,13556.75,12787.75,225.2813255392848,279.53810674046605,-54.25678120118124,47.98850574712644,264.64285714285717,-7.168525964749508,5549.65,-66088,7968.85,147.0,1.9006982156710706
2015-05-12,13450,13450,13295,13320,3525,7814,13551.0,13669.5,13556.75,12800.166666666666,186.08782360916302,260.8480501142055,-74.76022650504245,45.75342465753425,264.64285714285717,-44.23752726627563,5145.05,-69613,7848.45,-67.0,-0.850145920568457
2015-05-13,13445,13675,13380,13620,3473,7667,13496.0,13657.5,13591.5,12818.583333333334,177.19162895041336,244.11676588144707,-66.9251369310337,47.2,270.35714285714283,-6.545361490154112,4826.75,-66140,7760.75,-147.0,-1.881238802149987
2015-05-14,13580,13600,13405,13550,2930,7534,13509.0,13639.5,13610.0,12835.75,162.6183524633543,227.81708319782854,-65.19873073447422,51.75438596491228,247.85714285714286,-25.791433612351497,4693.6,-69070,7692.7,-133.0,-1.7347071866440578
2015-05-15,13480,13530,13300,13360,3541,7429,13469.0,13596.5,13613.5,12851.166666666666,134.19064749527934,209.0917960573187,-74.90114856203937,46.43799472295514,252.14285714285714,-69.78856470468098,4476.55,-72611,7633.2,-105.0,-1.3936819750464569
2015-05-18,13345,13460,13265,13410,2955,7622,13452.0,13549.5,13607.0,12869.5,114.37759491350698,190.14895582855638,-75.7713609150494,39.76261127596439,241.42857142857142,-69.31883593945285,4051.1,-69656,7571.45,193.0,2.5979270426706114
2015-05-19,13385,13500,13320,13335,2552,7517,13455.0,13503.0,13595.5,12882.25,91.56819366096715,170.43280339503855,-78.8646097340714,38.39541547277937,239.64285714285714,-62.154003585395834,3810.55,-72208,7533.35,-105.0,-1.3775911834164267
2015-05-20,13240,13300,13155,13180,3493,7643,13367.0,13431.5,13580.75,12893.166666666666,60.28939560087565,148.40412183620597,-88.11472623533032,35.44973544973544,240.35714285714286,-97.43903423179562,3758.0,-75701,7523.7,126.0,1.6762006119462658
2015-05-21,13165,13340,13095,13270,3112,7344,13311.0,13410.0,13558.0,12905.833333333334,42.275643324725024,127.1784261339098,-84.90278280918477,36.458333333333336,248.21428571428572,-79.76952297846059,3654.2,-72589,7478.55,-299.0,-3.9120764097867355
2015-05-22,13280,13465,13280,13380,3277,7221,13315.0,13392.0,13552.5,12924.0,36.455459708655326,109.0338328488589,-72.57837314020358,37.11340206185568,252.85714285714286,-43.1240941501937,3469.55,-69312,7415.1,-123.0,-1.6748366013071947
2015-05-25,13270,13280,13180,13275,3006,6816,13288.0,13370.0,13541.5,12940.916666666666,23.10397157972875,91.84786059503287,-68.74388901530412,36.641221374045806,230.35714285714286,-68.53946369866436,3410.3,-72318,7348.75,-405.0,-5.608641462401332
2015-05-26,13265,13425,13235,13250,1938,6504,13271.0,13363.0,13516.25,12957.666666666666,10.385808839633683,75.55545024395303,-65.16964140431935,32.98153034300792,232.85714285714286,-49.782819839805555,3169.2,-74256,7264.7,-312.0,-4.577464788732399
2015-05-27,13200,13340,13170,13310,2530,6483,13297.0,13332.0,13494.75,12976.166666666666,5.089404312897386,61.462241057741906,-56.37283674484452,44.33656957928803,212.85714285714286,-51.360558248039816,3075.0,-71726,7203.55,-21.0,-0.3228782287822862
2015-05-28,13260,13380,13260,13355,1702,6280,13314.0,13312.5,13476.0,12996.0,4.471544306901706,50.06410170757387,-45.59255740067216,43.23432343234324,205.35714285714286,-33.951932112145315,3027.75,-70024,7142.05,-203.0,-3.1312663890174286
2015-05-29,13415,13445,13300,13415,2329,5798,13321.0,13318.0,13457.25,13015.583333333334,8.722832971070602,41.79584796027322,-33.07301498920262,47.35099337748344,202.85714285714286,-17.168148126740554,3006.4,-67695,7087.55,-482.0,-7.675159235668794
2015-06-01,13310,13360,13210,13285,1801,5248,13323.0,13305.5,13427.5,13033.583333333334,1.5838388136980939,33.753446130958196,-32.1696073172601,48.80546075085324,203.21428571428572,-39.72673518670143,3023.55,-69496,7020.45,-550.0,-9.486029665401862
2015-06-02,13200,13250,13140,13190,1559,5299,13311.0,13291.0,13397.0,13049.333333333334,-11.605787250497087,24.68159945466714,-36.287386705164224,32.93650793650794,188.21428571428572,-61.86413833606922,2983.7,-71055,6962.45,51.0,0.9717987804878092
2015-06-03,13190,13255,13075,13075,1428,5478,13264.0,13280.5,13356.0,13063.25,-30.981069354917054,13.549065692750304,-44.53013504766736,31.800766283524908,185.71428571428572,-86.54408891235376,2944.6,-72483,6951.8,179.0,3.377995848273252
2015-06-04,13110,13240,13040,13215,1887,5431,13236.0,13275.0,13342.5,13078.916666666666,-34.63998189422091,3.911256175356061,-38.55123806957697,44.223107569721115,182.14285714285714,-70.02475193539954,2707.6,-70596,6837.15,-47.0,-0.857977364001461
2015-06-05,13205,13260,13100,13100,1384,5625,13173.0,13247.0,13319.5,13093.583333333334,-46.28568280798754,-6.12813162131266,-40.15755118667488,38.25757575757576,179.64285714285714,-67.5575641344127,2566.2,-71980,6731.7,194.0,3.572086171975686
2015-06-08,13100,13185,13030,13110,2218,5877,13138.0,13230.5,13300.25,13105.916666666666,-54.08461448905473,-15.719428194861075,-38.365186294193656,41.03585657370518,177.85714285714286,-78.0638911379054,2532.0,-69762,6631.5,252.0,4.479999999999995
2015-06-09,13135,13260,13135,13150,2302,6010,13130.0,13220.5,13291.75,13119.25,-56.38765652420261,-23.85307386072938,-32.53458266347323,48.684210526315795,175.71428571428572,-43.89384189250689,2470.85,-67460,6541.3,133.0,2.2630593840394786
2015-06-10,13200,13240,13150,13225,2212,6054,13160.0,13212.0,13272.0,13135.0,-51.566533827815874,-29.39576585414668,-22.170767973669193,47.99999999999999,164.64285714285714,-31.439335693873815,2407.8,-65248,6460.65,44.0,0.7321131447587392
2015-06-11,13260,13295,13155,13165,1401,6009,13150.0,13193.0,13252.75,13151.666666666666,-51.987972925202484,-33.91420726835784,-18.073765656844643,40.0,160.71428571428572,-28.33274496050508,2331.35,-66649,6384.4,-45.0,-0.7433102081268572
2015-06-12,13135,13165,12800,12835,3628,6030,13097.0,13135.0,13226.5,13164.166666666666,-78.05049104508907,-42.74146402370409,-35.309027021384985,33.07692307692308,172.5,-134.18751278391335,2335.7,-70277,6314.45,21.0,0.3494757863205189
2015-06-15,12855,12905,12770,12775,3283,6053,13030.0,13084.0,13194.75,13174.583333333334,-102.36670334933115,-54.666511888829504,-47.70019146050164,32.20973782771536,168.57142857142858,-138.27303482080094,2352.1,-73560,6236.0,23.0,0.38142620232173297
2015-06-16,12720,12795,12650,12750,5020,7196,12950.0,13040.0,13165.5,13185.916666666666,-122.24559671192037,-68.18232885344769,-54.063267858472685,28.461538461538467,166.78571428571428,-129.9720025843967,2475.5,-78580,6219.95,1143.0,18.883198414009584
2015-06-17,12720,12780,12650,12705,2329,7012,12846.0,13003.0,13141.75,13192.083333333334,-140.01685964030912,-82.54923501081998,-57.46762462948914,25.000000000000014,167.5,-110.06096138188369,2417.3,-80909,6188.4,-184.0,-2.556976097832131
2015-06-18,12750,12990,12725,12985,3486,6775,12810.0,12980.0,13127.5,13200.5,-130.0083977222057,-92.04106755309714,-37.967330169108564,35.85526315789474,177.5,-56.60385933881267,2436.0,-77423,6159.95,-237.0,-3.3799201369081544
2015-06-19,12970,13020,12905,12920,2400,6457,12827.0,12962.0,13104.5,13207.833333333334,-125.87061818269649,-98.80697767901702,-27.063640503679466,37.45704467353952,171.07142857142858,-40.48926363620768,2392.15,-79823,6121.75,-318.0,-4.693726937269371
2015-06-23,12850,13095,12850,13080,1550,6516,12888.0,12959.0,13094.75,13217.583333333334,-108.43081235336467,-100.73174461388656,-7.69906773947811,46.38157894736842,178.21428571428572,-22.72747978276121,2319.35,-78273,6106.75,59.0,0.9137370295803082
2015-06-24,13080,13230,13040,13225,2684,6548,12983.0,12966.5,13093.5,13230.916666666666,-81.96451647735557,-96.97829898658037,15.013782509224797,54.83870967741936,178.92857142857142,18.840144540239557,2356.65,-75589,6108.95,32.0,0.49109883364026885
2015-06-25,13235,13290,13110,13135,1656,6473,13069.0,12957.5,13084.75,13242.916666666666,-67.4742331958405,-91.0774858284324,23.603252632591904,47.33333333333333,177.5,23.939502479051022,2312.95,-77245,6108.45,-75.0,-1.1453879047037319
2015-06-26,13135,13140,13040,13100,2379,6608,13092.0,12951.0,13072.0,13254.833333333334,-58.14453281065471,-84.49089522487688,26.34636241422217,50.0,173.21428571428572,4.980114589070282,2346.8,-79624,6124.85,135.0,2.0855862814769033
2015-06-29,13080,13100,12755,12820,1873,6553,13072.0,12949.5,13042.25,13261.0,-72.50850506943243,-82.09441719378799,9.58591212435556,41.42011834319527,186.78571428571428,-46.64539689152881,2324.0,-81497,6162.6,-55.0,-0.8323244552058129
2015-06-30,12750,12920,12710,12795,2231,6925,13015.0,12951.5,13017.75,13265.583333333334,-84.93032373292408,-82.66159850161522,-2.2687252313088635,39.40298507462687,191.07142857142858,-64.57240188633244,2345.5,-83728,6246.45,372.0,5.676789256828929
2015-07-01,12795,12835,12435,12770,1876,6834,12924.0,12953.5,12996.75,13267.083333333334,-95.68895289967259,-85.26706938122669,-10.421883518445895,36.0,213.21428571428572,-88.68718174650186,2361.35,-85604,6323.2,-91.0,-1.3140794223826746
2015-07-02,12840,13130,12705,13100,1967,6725,12917.0,12993.0,12998.0,13273.916666666666,-76.70281959271415,-83.55421942352419,6.851399830810038,48.284960422163586,233.57142857142858,-4.161109522198482,2388.3,-83637,6385.55,-109.0,-1.594966344746851
2015-07-03,13110,13125,12910,12955,1167,6534,12888.0,12990.0,12985.0,13278.5,-72.52048928563454,-81.34747339594627,8.826984110311727,53.50877192982456,222.85714285714286,3.4320053640470936,2352.3,-84804,6440.7,-191.0,-2.840148698884759
2015-07-06,12895,12920,12660,12715,1228,6411,12867.0,12969.5,12965.75,13276.916666666666,-87.5625895944977,-82.59049663565656,-4.972092958841131,48.41269841269842,234.28571428571428,-57.0848483623612,2344.5,-86032,6480.0,-123.0,-1.8824609733700592
2015-07-07,12785,12880,12655,12690,1210,6117,12846.0,12930.5,12944.75,13267.25,-100.34414864452447,-86.14122703743016,-14.20292160709431,48.41269841269842,240.0,-57.39907270286468,2294.1,-87242,6492.0,-294.0,-4.585868039307439
2015-07-08,12655,12710,12270,12270,3148,6107,12746.0,12835.0,12900.75,13249.75,-142.71894107808293,-97.45676984556071,-45.26217123252222,40.397350993377486,262.14285714285717,-119.54905877238222,2336.4,-90390,6496.85,-10.0,-0.1634788294915812
2015-07-09,12300,12825,12300,12810,4641,6251,12688.0,12802.5,12880.0,13247.833333333334,-131.21521502371252,-104.20845888119108,-27.00675614252144,46.53465346534653,281.42857142857144,-58.519248466899576,2457.85,-85749,6506.7,144.0,2.3579498935647702
2015-07-10,12905,13160,12800,12910,2749,6191,12679.0,12783.5,12867.25,13243.333333333334,-112.72978617742592,-105.91272434043806,-6.817061836987861,49.8046875,298.92857142857144,23.54717247955062,2525.25,-83000,6515.8,-60.0,-0.9598464245720639
2015-07-13,12970,12975,12770,12840,1384,6249,12704.0,12785.5,12867.5,13235.833333333334,-102.54627598529441,-105.23943466940935,2.693158684114934,45.1417004048583,296.07142857142856,-0.8246713875086145,2413.05,-84384,6526.75,58.0,0.9368438055241457
2015-07-14,13040,13260,13015,13255,2817,6450,12817.0,12831.5,12891.5,13231.083333333334,-60.29371072381946,-96.25028988029138,35.95657915647192,50.54744525547446,312.5,73.84408648885453,2389.75,-81567,6546.6,201.0,3.2165146423427826
2015-07-15,13155,13215,13065,13180,2248,6283,12999.0,12872.5,12913.0,13224.666666666666,-32.48564722011179,-83.49736134825547,51.01171412814368,50.8256880733945,313.2142857142857,61.024668971834124,2251.15,-83815,6500.95,-167.0,-2.5891472868217025
2015-07-16,13210,13290,13015,13190,2409,6312,13075.0,12881.5,12937.25,13219.916666666666,-9.530775275952692,-68.70404413379491,59.17326885784222,51.66666666666666,325.7142857142857,57.57760174420011,2255.15,-81406,6465.95,29.0,0.46156294763648464
2015-07-17,13045,13190,13035,13115,1698,6262,13116.0,12897.5,12943.75,13209.75,2.579517845835653,-54.4473317378688,57.026849583704454,55.91182364729459,312.14285714285717,41.72000596858307,2165.75,-83104,6440.3,-50.0,-0.7921419518377659
2015-07-20,13080,13225,13020,13110,1364,6191,13170.0,12937.0,12953.25,13203.416666666666,11.639382623920028,-41.22998886551104,52.86937148943107,56.36363636363637,311.7857142857143,40.15695661167629,2113.95,-84468,6427.0,-71.0,-1.1338230597253252
2015-07-21,12920,13010,12905,12970,948,6974,13113.0,12965.0,12947.75,13194.666666666666,7.4368335739982285,-31.49662437760919,38.93345795160742,53.86100386100386,297.85714285714283,4.272975530602213,2083.85,-85416,6449.9,783.0,12.647391374576
2015-07-22,12915,12970,12700,12700,1317,7409,13017.0,13008.0,12921.5,13177.083333333334,-17.47897361410287,-28.693094224907927,11.214120610805058,42.09486166007905,286.7857142857143,-31.970193796397602,2015.5,-86733,6492.95,435.0,6.237453398336679
2015-07-23,12680,12850,12605,12815,1063,7689,12942.0,13008.5,12905.5,13161.666666666666,-27.62692541544675,-28.479860463015694,0.8529350475689448,47.2,288.92857142857144,-35.853518096846805,1985.85,-85670,6553.75,280.0,3.7791874746929466
2015-07-24,12735,12950,12535,12620,988,8097,12843.0,12979.5,12881.5,13143.166666666666,-50.818318702366014,-32.94755211088576,-17.870766591480255,48.06517311608962,297.5,-44.58468818850318,1916.3,-86658,6628.2,408.0,5.306281701131477
2015-07-27,12600,12735,12595,12680,932,8091,12757.0,12963.5,12874.5,13124.666666666666,-63.62276280234619,-39.082594249177845,-24.540168553168343,49.799196787148595,291.42857142857144,-48.321195786159926,1869.25,-85726,6705.1,-6.0,-0.07410151908113782
2015-07-28,12625,12695,12590,12680,1262,8363,12699.0,12906.0,12868.75,13104.666666666666,-72.92968894560727,-45.85201318846373,-27.07767575714354,59.90338164251207,267.5,-48.854125576416116,1820.8,-85726,6777.0,272.0,3.361759980224943
2015-07-29,12700,13085,12700,13085,1528,8298,12776.0,12896.5,12884.5,13092.75,-47.08264032342595,-46.09813861545617,-0.9845017079697769,57.105943152454785,256.7857142857143,18.367332146927797,1803.4,-84198,6850.2,-65.0,-0.7772330503407865
2015-07-30,13050,13170,12975,13100,1891,8398,12833.0,12887.5,12884.5,13079.5,-25.098968151365625,-41.898304522638064,16.79933637127244,55.13513513513514,245.0,45.88541088940239,1799.6,-82307,6933.85,100.0,1.205109664979509
2015-07-31,13070,13095,12930,13000,1051,8447,12909.0,12876.0,12886.75,13071.416666666666,-15.56647322281242,-36.63193826267294,21.06546503986052,54.255319148936174,242.5,28.66743506593599,1793.8,-83358,7029.5,49.0,0.5834722552988891
2015-08-03,12995,13070,12830,12850,1727,8618,12943.0,12850.0,12893.5,13059.583333333334,-19.886410549752327,-33.28283272008882,13.396422170336493,37.461300309597526,229.64285714285714,5.691410369578033,1818.75,-85085,7139.85,171.0,2.024387356457913
2015-08-04,12825,12880,12650,12855,2537,8675,12978.0,12838.5,12901.75,13048.916666666666,-22.645490671433436,-31.155364310357744,8.509873638924308,39.482200647249186,232.5,-23.571527946765844,1885.1,-82548,7267.75,57.0,0.6614063587839336
2015-08-05,12975,13015,12855,12920,2131,8903,12945.0,12860.5,12934.25,13042.25,-19.363909676492767,-28.797073383584753,9.433163707091985,41.5625,224.28571428571428,2.595646630600936,1834.25,-80417,7407.55,228.0,2.6282420749279556
2015-08-06,12890,12930,12820,12910,1360,8987,12907.0,12870.0,12939.25,13030.416666666666,-17.36991989782109,-26.51164268643202,9.141722788610927,43.32247557003257,221.07142857142858,-13.713488164070968,1670.2,-81777,7544.35,84.0,0.943502190272949
2015-08-07,12830,12870,12760,12800,2235,9081,12867.0,12888.0,12933.75,13017.916666666666,-24.384658163558925,-26.0862457818574,1.7015876182984755,40.548780487804876,217.14285714285714,-33.923968882053934,1644.5,-84012,7688.85,94.0,1.045955268721488
2015-08-10,12765,13110,12725,13060,2682,9198,12909.0,12926.0,12944.75,13012.916666666666,-8.861907139124014,-22.641378053310724,13.77947091418671,52.55681818181817,230.0,10.143956299066009,1709.4,-81330,7836.3,117.0,1.2884043607532147
2015-08-11,13055,13320,13050,13250,3754,9279,12988.0,12983.0,12944.5,13010.25,18.557477932887195,-14.40160685607114,32.959084788958336,66.36904761904762,230.0,79.79881547573902,1756.25,-77576,7977.75,81.0,0.8806262230919737
2015-08-12,13180,13285,13100,13255,4525,9115,13055.0,13000.0,12948.25,13008.916666666666,40.227281303461496,-3.475829224164613,43.70311052762611,64.01273885350318,225.71428571428572,78.79228001899537,1870.1,-73051,8119.35,-164.0,-1.7674318353270824
2015-08-13,13295,13520,13120,13430,4839,9354,13159.0,13033.0,12960.25,13013.083333333334,70.70673088093645,11.3606827968556,59.34604808408085,76.12903225806451,224.64285714285714,106.16145322794088,1991.6,-68212,8271.45,239.0,2.6220515633571084
2015-08-14,13310,13395,13180,13215,2268,9125,13242.0,13054.5,12965.25,13012.166666666666,76.62986965667005,24.41452016881849,52.21534948785156,65.6891495601173,232.5,76.42696441391736,2020.1,-70480,8414.6,-229.0,-2.4481505238400647
2015-08-17,13290,13395,13170,13375,2672,9332,13305.0,13107.0,12978.5,13012.083333333334,93.16076334527315,38.163768804109424,54.99699454116373,68.63270777479893,241.07142857142858,81.26176279179991,2085.5,-67808,8571.65,207.0,2.268493150684936
2015-08-18,13310,13380,13190,13205,3014,9075,13296.0,13142.0,12990.25,13010.916666666666,91.48940354750812,48.828895752789165,42.66050779471895,53.68098159509202,225.71428571428572,62.25452452377785,2188.8,-70822,8676.7,-257.0,-2.7539648521217264
2015-08-19,13160,13300,13025,13295,2887,8792,13304.0,13179.5,13020.0,13011.666666666666,96.31680651452916,58.32647790513717,37.990328609391995,55.718475073313776,231.42857142857142,46.00594084285172,2267.3,-67935,8745.85,-283.0,-3.118457300275479
2015-08-20,13300,13395,13260,13370,2723,8970,13292.0,13225.5,13047.75,13012.666666666666,104.98423839450697,67.65803000301113,37.32620839149584,61.01190476190476,228.92857142857142,67.79682140096627,2350.3,-65212,8809.9,178.0,2.02456778889899
2015-08-21,13475,13860,13070,13205,3320,8782,13290.0,13266.0,13077.0,13010.166666666666,97.41616663785862,73.60965732998064,23.806509307877988,60.47197640117994,268.2142857142857,68.5770502877061,2466.9,-68532,8844.15,-188.0,-2.095875139353398
2015-08-24,13210,13480,13035,13050,3474,8871,13225.0,13265.0,13095.5,13004.083333333334,78.0119375790855,74.49011337980161,3.521824199283884,55.28455284552845,283.57142857142856,23.782009342695034,2594.0,-72006,8883.15,89.0,1.013436574812121
2015-08-25,12980,13245,12725,13140,4426,8780,13212.0,13254.0,13118.5,13001.666666666666,69.09965626432859,73.41202195670701,-4.312365692378421,55.88235294117647,309.2857142857143,-18.2575120244372,2752.2,-67580,8904.0,-91.0,-1.0258144515838175
2015-08-26,13240,13425,13170,13205,3613,8659,13194.0,13249.0,13124.5,13001.916666666666,66.51482439362917,72.03258244409145,-5.517758050462277,57.66233766233766,321.7857142857143,38.5303587308243,2856.45,-63967,8922.05,-121.0,-1.3781321184510253
2015-08-27,13145,13375,13115,13355,3178,8342,13191.0,13241.5,13137.25,13006.583333333334,75.6974794876005,72.76556185279327,2.9319176348072347,64.12213740458016,329.64285714285717,39.21694434257843,2920.8,-60789,8919.25,-317.0,-3.660930823420716
2015-08-28,13360,13590,13320,13415,3684,8127,13233.0,13261.5,13158.0,13009.916666666666,86.81554282917023,75.57555804806867,11.239984781101555,60.05665722379603,321.42857142857144,71.66889139044898,3052.45,-57105,8903.25,-215.0,-2.577319587628868
2015-08-31,13520,13520,13300,13345,2151,8014,13292.0,13258.5,13182.75,13014.0,88.95287971696416,78.25102238184778,10.701857335116387,52.88753799392098,317.85714285714283,52.9775643906515,3073.65,-59256,8873.05,-113.0,-1.3904269718223228
2015-09-01,13325,13415,13200,13330,1520,7634,13330.0,13271.0,13206.5,13017.666666666666,88.41714218213565,80.28424634190536,8.13289584023029,52.265861027190326,320.0,31.155634295348623,3022.8,-60776,8821.0,-380.0,-4.741702021462446
2015-09-02,13370,13490,13300,13490,1295,7299,13387.0,13290.5,13235.0,13023.333333333334,99.75333480092013,84.17806403370831,15.57527076721182,51.829268292682926,305.0,56.87263253680153,2981.0,-59481,8740.8,-335.0,-4.38826303379618
2015-09-07,13230,13425,13225,13310,1569,7442,13378.0,13284.5,13255.0,13024.75,93.13920269539994,85.97029176604664,7.168910929353302,52.9595015576324,306.07142857142856,22.66508220721002,2991.45,-61050,8663.55,143.0,1.9591724893821105
2015-09-08,13315,13355,13070,13130,2829,7524,13321.0,13277.0,13271.5,13024.166666666666,72.53680058770806,83.28359353037892,-10.746792942670865,42.46153846153845,310.35714285714283,-34.56983023028148,3021.15,-63879,8585.7,82.0,1.101854340231112
2015-09-09,13170,13380,13170,13320,3751,7520,13316.0,13304.0,13284.5,13032.25,70.72538240546965,80.77195130539707,-10.046568899927422,53.49544072948328,314.64285714285717,3.167269721091668,3074.6,-60128,8501.8,-4.0,-0.05316321105794941
2015-09-10,13320,13430,13280,13410,2476,7691,13332.0,13331.0,13292.5,13042.833333333334,75.679680041545,79.75349705262666,-4.073817011081658,53.49544072948328,305.7142857142857,42.139050592483876,3010.7,-57652,8422.4,171.0,2.2739361702127647
2015-09-11,13410,13465,13280,13395,2544,7545,13313.0,13350.0,13299.5,13053.583333333334,77.5022245707587,79.30324255625307,-1.8010179854943686,50.78864353312303,309.2857142857143,41.2631081654811,2911.65,-60196,8343.9,-146.0,-1.8983227148615223
2015-09-14,13320,13420,13220,13240,1878,7357,13299.0,13338.5,13290.0,13062.5,65.68225547460679,76.57904513992382,-10.89678966531703,51.11111111111111,267.14285714285717,-2.141746378835878,2763.6,-62074,8244.05,-188.0,-2.491716368455932
2015-09-15,13175,13300,13145,13205,2753,6735,13314.0,13317.5,13289.5,13066.166666666666,52.88105740241372,71.8394475924218,-18.95839019000809,55.32646048109966,246.42857142857142,-40.51885889548027,2787.85,-64827,8124.55,-622.0,-8.454533097730055
2015-09-16,13210,13375,13210,13320,1972,6433,13314.0,13315.0,13286.75,13072.833333333334,51.422784754373424,67.75611502481213,-16.333330270438708,56.08108108108108,221.42857142857142,3.706194994750281,2752.85,-62855,7979.6,-302.0,-4.484038604305862
2015-09-17,13330,13385,13290,13335,1637,6561,13299.0,13315.5,13293.25,13077.083333333334,50.890830004433155,64.38305802073634,-13.492228016303187,54.54545454545455,207.85714285714286,19.771657118811003,2684.0,-61218,7853.9,128.0,1.9897404010570385
2015-09-18,13300,13360,13260,13320,1197,6656,13284.0,13298.5,13294.5,13078.666666666666,48.6975226646864,61.24595094952636,-12.548428284839957,48.648648648648646,196.42857142857142,5.080502423902773,2599.5,-62415,7747.1,95.0,1.4479500076207907
2015-09-21,13245,13305,12995,13145,4331,6627,13265.0,13282.0,13283.25,13078.833333333334,32.464047994915745,55.48957035860424,-23.025522363688495,40.42553191489362,200.35714285714286,-72.9022101790575,2679.9,-66746,7629.95,-29.0,-0.43569711538461453
2015-09-22,13190,13245,13095,13135,2912,6563,13251.0,13282.5,13279.75,13079.416666666666,18.577832250852225,48.10722273705384,-29.529390486201613,42.22222222222222,195.35714285714286,-60.98371999907216,2659.5,-69658,7519.0,-64.0,-0.9657461898294861
2015-09-23,13060,13200,13000,13185,3585,6441,13224.0,13269.0,13286.5,13085.5,11.475209291818828,40.78082004800684,-29.30561075618801,44.765342960288805,194.28571428571428,-71.56775339500784,2665.05,-66073,7397.5,-122.0,-1.8589059881151893
2015-09-24,13195,13300,13145,13285,2981,6565,13214.0,13256.5,13293.75,13093.666666666666,13.75691256560276,35.37603855152602,-21.61912598592326,42.26415094339623,191.78571428571428,-26.18963011357082,2592.8,-63092,7286.75,124.0,1.9251668995497573
2015-09-25,13245,13315,13220,13290,2585,6673,13208.0,13246.0,13298.0,13102.333333333334,15.78665829217789,31.458162499656396,-15.671504207478506,49.130434782608695,179.64285714285714,-8.816609163722829,2541.4,-60507,7187.45,108.0,1.6450875856816483
2015-09-28,13270,13290,13115,13120,1722,6376,13203.0,13234.0,13286.25,13102.666666666666,3.6357564165082294,25.893681283026762,-22.257924866518533,49.56140350877193,171.78571428571428,-59.11700970246674,2468.6,-62229,7089.15,-297.0,-4.450771766821515
2015-09-29,12990,13170,12940,13135,3401,6388,13203.0,13227.0,13272.25,13105.666666666666,-4.729032875446137,19.769138451332182,-24.49817132677832,40.41450777202073,170.35714285714286,-96.36751820093971,2454.45,-58828,7002.2,12.0,0.18820577164366803
2015-09-30,13200,13835,13190,13585,5452,6249,13283.0,13253.5,13284.25,13120.166666666666,24.668685290409485,20.74904781914764,3.9196374712618436,56.60377358490566,209.64285714285714,118.0853770526406,2619.5,-53376,6913.95,-139.0,-2.1759549154665048
2015-10-08,13590,13590,13360,13360,1944,5847,13298.0,13256.0,13285.75,13131.333333333334,29.47124299539064,22.49348685439624,6.977756140994398,48.85993485342019,212.85714285714286,66.89675818455164,2640.7,-55320,6824.6,-402.0,-6.433029284685555
2015-10-09,13300,13630,13280,13550,2738,6757,13350.0,13279.0,13288.75,13152.666666666666,48.054771191651525,27.605743721847297,20.44902746980423,59.87261146496815,223.57142857142858,83.75811594773971,2712.85,-52582,6797.5,910.0,15.563536856507621
2015-10-12,13650,13825,13515,13655,3299,7197,13457.0,13330.0,13306.0,13166.75,70.44295116089779,36.1731852096574,34.269765951240394,63.71951219512195,234.64285714285714,122.91214684277665,2799.35,-49283,6785.25,440.0,6.5117655764392435
2015-10-13,13750,13750,13480,13590,2774,7394,13548.0,13375.5,13329.0,13178.083333333334,81.99559414351825,45.33766699642957,36.65792714708868,58.49056603773585,241.78571428571428,88.80934321748107,2796.6,-52057,6778.75,197.0,2.7372516326247043
2015-10-14,13540,13600,13515,13560,1816,7647,13543.0,13413.0,13341.0,13190.083333333334,87.7192250370972,53.8139786045631,33.905246432534106,57.00934579439252,241.07142857142858,66.14117573988226,2699.85,-53873,6785.1,253.0,3.4216932648093
2015-10-15,13580,13665,13485,13490,2031,7684,13569.0,13433.5,13345.0,13194.0,85.61985636355166,60.17515415636082,25.444702207190844,55.12048192771084,246.78571428571428,57.903375124925454,2677.6,-55904,6784.75,37.0,0.483849875768283
2015-10-16,13555,13575,13380,13390,2331,7567,13537.0,13443.5,13344.75,13197.5,75.02211901118972,63.144547127326604,11.877571883863112,57.728706624605685,237.5,28.544646125207347,2666.95,-58235,6785.85,-117.0,-1.5226444560124897
2015-10-19,13425,13540,13410,13480,1944,7795,13502.0,13479.5,13356.75,13202.333333333334,73.04358269226213,65.12435424031372,7.919228451948413,60.36036036036035,237.5,33.64882441862837,2670.25,-56291,6807.75,228.0,3.0130831240914535
2015-10-20,13470,13880,13400,13435,2002,7537,13471.0,13509.5,13368.25,13207.666666666666,67.07129830914528,65.51374305408004,1.557555255065239,57.53012048192772,257.5,54.46748800302436,2632.7,-58293,6847.85,-258.0,-3.3098139833226403
2015-10-21,13460,13485,13180,13185,2796,7781,13396.0,13469.5,13361.5,13208.916666666666,41.68479290004689,60.74795302327341,-19.063160123226524,47.23756906077348,268.2142857142857,-24.972213236510925,2673.9,-61089,6915.25,244.0,3.237362345760908
2015-10-22,13180,13350,13030,13215,5936,7165,13341.0,13455.0,13355.5,13213.0,23.71320270317301,53.34100295925334,-29.627800256080327,47.95640326975477,284.2857142857143,-45.49203810867978,2888.85,-55153,6945.45,-616.0,-7.916720215910555
2015-10-23,13290,13385,13125,13270,3529,7096,13317.0,13427.0,13353.0,13222.5,13.750125452592329,45.42282745792114,-31.67270200532881,54.36046511627908,290.35714285714283,-27.951977901796095,3005.45,-51624,6967.45,-69.0,-0.9630146545708262
2015-10-26,13280,13340,13165,13235,2635,6984,13268.0,13385.0,13357.5,13229.5,2.995576319488464,36.9373772302346,-33.94180091074614,52.87356321839081,286.42857142857144,-33.70499701614496,2920.65,-54259,6985.3,-112.0,-1.5783540022547893
2015-10-27,13235,13350,13195,13330,3555,6894,13247.0,13359.0,13367.25,13241.333333333334,2.113857467975322,29.972673277782746,-27.858815809807425,40.7942238267148,247.5,-23.919726778233084,2952.8,-50704,7001.85,-90.0,-1.2886597938144284
2015-10-28,13305,13330,13220,13270,1816,6967,13264.0,13330.0,13371.5,13251.166666666666,-3.3873622301416617,23.300666176197865,-26.688028406339527,46.31147540983606,238.92857142857142,-32.6619656576305,2864.35,-52520,7028.15,73.0,1.0588917899622796
2015-10-29,13230,13410,13210,13365,4185,7118,13294.0,13317.5,13375.5,13262.583333333334,-0.08048464627063368,18.624436011704166,-18.7049206579748,41.77777777777778,228.21428571428572,-17.841852594940473,2924.55,-48335,7055.8,151.0,2.1673604133773505
2015-10-30,13300,13360,13170,13220,3425,6759,13284.0,13300.5,13372.0,13264.833333333334,-9.055660503394392,13.088416708684454,-22.144077212078848,31.330472103004297,220.0,-40.90834955048325,2966.55,-51760,7060.1,-359.0,-5.043551559426806
2015-11-02,13175,13220,13045,13055,3345,6042,13248.0,13258.0,13368.75,13264.083333333334,-29.14668819198414,4.641395728550735,-33.78808392053487,28.853754940711454,213.21428571428572,-80.46067132305218,3047.7,-55105,7043.4,-717.0,-10.608078118064801
2015-11-03,13060,13175,13040,13070,1447,5740,13196.0,13221.5,13365.5,13265.25,-43.3587846637638,-4.958640349912173,-38.40014431385163,30.39999999999999,216.78571428571428,-84.65331409374001,2950.0,-53658,7011.0,-302.0,-4.9983449189010205
2015-11-04,13005,13240,12910,13205,1735,5668,13183.0,13223.5,13346.5,13271.166666666666,-43.23027010844817,-12.612966301619373,-30.617303806828794,39.16349809885931,227.5,-69.31387291919592,2764.15,-51923,6981.95,-72.0,-1.2543554006968605
2015-11-05,13175,13290,13010,13025,1838,5453,13115.0,13204.5,13329.75,13274.0,-56.9959037746994,-21.48955379623538,-35.506349978464016,36.91756272401434,233.57142857142858,-64.61294921053333,2758.85,-53761,6962.25,-215.0,-3.7932251235003545
2015-11-06,12970,13060,12950,13035,2074,5109,13078.0,13181.0,13304.0,13275.916666666666,-66.33369762974144,-30.458382562936595,-35.875315066804845,33.07984790874525,230.71428571428572,-78.88760361219802,2725.65,-51687,6879.85,-344.0,-6.308454061984225
2015-11-09,12945,13070,12910,12930,1049,5017,13053.0,13150.5,13267.75,13276.25,-81.2697617881986,-40.620658407989,-40.649103380209596,31.63636363636364,207.85714285714286,-82.51439545378528,2613.15,-52736,6770.85,-92.0,-1.8007437854766106
2015-11-10,12930,12960,12655,12765,1836,5234,12992.0,13094.0,13226.5,13275.666666666666,-105.20804838769254,-53.53813640392971,-51.66991198376283,33.720930232558146,207.85714285714286,-109.62134073735847,2566.25,-54572,6662.85,217.0,4.3252940003986495
2015-11-11,12735,12765,12570,12660,1872,5342,12883.0,13033.0,13181.5,13269.0,-131.14023249398815,-69.0585556219414,-62.081676872046756,29.670329670329664,198.92857142857142,-116.2159114209215,2569.05,-56444,6547.6,108.0,2.0634314100114626
2015-11-12,12650,12750,12450,12675,4510,5813,12813.0,12964.0,13140.75,13259.416666666666,-148.7664139733497,-85.00012729222306,-63.766286681126644,27.547169811320757,201.78571428571428,-106.24083634644116,2693.0,-51934,6454.05,471.0,8.816922500935975
2015-11-13,12590,12750,12495,12600,3603,5880,12726.0,12902.0,13101.25,13248.5,-166.86366255150097,-101.37283434407864,-65.49082820742233,26.739926739926744,207.5,-93.34392901020267,2756.6,-55537,6369.7,67.0,1.1525890246000259
2015-11-16,12600,12700,12470,12480,2859,6246,12636.0,12844.5,13051.25,13232.666666666666,-188.7134879326568,-118.84096506179426,-69.87252287086253,19.42446043165468,212.85714285714286,-92.05966615734468,2802.35,-58396,6292.25,366.0,6.224489795918364
2015-11-17,12495,12535,12125,12260,6382,6478,12535.0,12763.5,12992.5,13216.75,-221.23157348276254,-139.31908674598793,-81.91248673677461,17.41935483870968,234.28571428571428,-114.98845333157814,3021.35,-64778,6239.3,232.0,3.7143772014089027
2015-11-18,12330,12385,12005,12150,6424,6999,12433.0,12658.0,12940.75,13196.333333333334,-252.96247727862647,-162.04776485251566,-90.91471242611081,11.182108626198087,247.14285714285714,-110.77160729911137,3202.75,-71202,6200.2,521.0,8.042605742513121
2015-11-19,12150,12275,11835,11960,7894,7877,12290.0,12551.5,12878.0,13175.583333333334,-290.0968038733481,-187.65757265668216,-102.43923121666595,10.869565217391312,264.64285714285717,-108.79468034393497,3300.65,-79096,6235.8,878.0,12.544649235605076
2015-11-20,11965,12365,11800,12280,10422,7985,12226.0,12476.0,12828.5,13158.666666666666,-290.3576374860422,-208.1975856225542,-82.16005186348804,28.04532577903683,292.5,-81.51421759634839,3645.3,-68674,6280.25,108.0,1.3710803605433641
2015-11-23,12295,12420,11900,11980,9636,7580,12126.0,12381.0,12765.75,13135.5,-311.18469929101775,-228.7950083562469,-82.38969093477084,23.414634146341456,320.0,-77.02921534798318,3995.35,-78310,6310.05,-405.0,-5.072010018785223
2015-11-24,11960,12505,11910,12455,9686,7423,12165.0,12350.0,12722.0,13123.0,-286.06419558504786,-240.2488458020071,-45.815349783040745,34.30962343096233,338.92857142857144,-50.27794698398095,4301.9,-68624,6336.5,-157.0,-2.0712401055408947
2015-11-25,12540,12660,12360,12565,7647,7122,12248.0,12340.5,12686.75,13114.916666666666,-254.3479696548984,-243.06867057258538,-11.279299082313031,40.086206896551715,340.35714285714283,-19.433954950917997,4593.45,-60977,6344.25,-301.0,-4.054964300148189
2015-11-26,12505,13020,12390,12815,8967,6612,12419.0,12354.5,12659.25,13109.5,-206.65750239162298,-235.78643693639293,29.128934544769947,45.70312499999999,377.5,10.259796849048609,4832.55,-52010,6318.95,-510.0,-7.160909856781805
2015-11-27,12885,13020,12515,12605,7442,6443,12484.0,12355.0,12628.5,13099.5,-183.69024168801297,-225.36719788671695,41.67695619870398,43.90243902439024,402.14285714285717,10.7535149783506,5033.4,-59452,6303.15,-169.0,-2.555958862673924
2015-11-30,12530,12725,12485,12690,6012,6518,12626.0,12376.0,12610.25,13088.416666666666,-156.8219862457172,-211.65815555851702,54.836169312799825,48.54932301740812,397.5,3.2039204080706702,5166.75,-53440,6326.95,75.0,1.1640540121061527
2015-12-01,12680,12850,12585,12765,5241,6027,12688.0,12426.5,12595.0,13077.583333333334,-128.0013076371306,-194.92678597423975,66.92547833710915,52.05479452054794,402.5,21.20833783628035,5356.45,-48199,6341.3,-491.0,-7.532985578398277
2015-12-02,12695,12915,12655,12790,3821,5269,12733.0,12490.5,12574.25,13068.333333333334,-101.96799752912375,-176.33502828521654,74.36703075609279,52.24171539961013,399.64285714285717,33.81146910852553,5460.75,-44378,6321.35,-758.0,-12.576738012278078
2015-12-03,12620,13000,12515,12565,2536,6611,12683.0,12551.0,12551.25,13055.583333333334,-98.35821898263384,-160.7396664247,62.38144744206616,49.355432780847146,416.07142857142856,24.035175062617576,5495.65,-46914,6379.25,1342.0,25.469728601252605
2015-12-04,12605,12800,12550,12800,4010,6989,12722.0,12603.0,12539.5,13044.083333333334,-75.66271477689224,-143.72427609513846,68.06156131824622,55.65371024734982,417.5,32.76405117960657,5592.45,-42904,6473.25,378.0,5.717743155347144
2015-12-07,12860,13035,12770,13020,4204,7696,12788.0,12707.0,12544.0,13039.25,-39.46922612821254,-122.87326610175329,83.40403997354075,63.42756183745583,407.14285714285717,75.56608081859679,5750.2,-38700,6607.2,707.0,10.115896408642143
2015-12-08,13000,13030,12885,12920,4989,7991,12819.0,12753.5,12551.75,13035.75,-18.639920478924978,-102.02659697718762,83.38667649826264,63.65248226950355,390.35714285714283,72.16517034856308,5907.85,-43689,6745.05,295.0,3.833160083160081
2015-12-09,12880,13035,12740,13035,5336,8224,12868.0,12800.5,12570.5,13031.0,7.065546003894269,-80.20816838097126,87.27371438486553,69.58105646630236,380.0,65.23059630616942,6081.05,-38353,6889.15,233.0,2.9157802527843835
2015-12-10,13080,13125,12890,12890,6400,8643,12933.0,12808.0,12581.25,13022.333333333334,15.557685886398758,-61.05499752749726,76.61268341389601,61.867704280155635,356.42857142857144,64.62343009564795,6175.55,-44753,7030.65,419.0,5.094844357976647
2015-12-11,12840,13105,12840,13100,5789,8890,12993.0,12857.5,12606.25,13017.416666666666,38.78591302071072,-41.08681541785566,79.87272843856638,72.58064516129032,338.2142857142857,65.6790083266768,6284.85,-38964,7181.15,247.0,2.8578040032396057
2015-12-14,13065,13175,13000,13110,5456,8737,13011.0,12899.5,12637.75,13015.25,57.34038256445274,-21.401375821393984,78.74175838584672,66.25310173697271,308.2142857142857,69.90234039495677,6414.7,-33508,7305.7,-153.0,-1.7210348706411693
2015-12-15,13020,13175,12920,13000,5699,8681,13027.0,12923.0,12674.75,13011.833333333334,62.44897969912563,-4.631304717290062,67.0802844164157,60.794044665012414,305.0,54.61591041682211,6380.55,-39207,7415.85,-56.0,-0.640952271946893
2015-12-16,12950,13050,12910,12915,4781,8782,13003.0,12935.5,12713.0,13005.083333333334,58.95914577673102,8.086785381514154,50.872360395216866,52.7027027027027,270.0,39.67798767704713,6298.4,-43988,7505.0,101.0,1.1634604308259355
2015-12-17,12920,13120,12815,12825,8694,8780,12990.0,12961.5,12756.25,12996.583333333334,48.373559133524395,16.144140131916203,32.22941900160819,56.35838150289017,255.71428571428572,30.528280484583032,6338.4,-52682,7550.15,-2.0,-0.022773855613755778
2015-12-18,12805,12860,12640,12815,11673,9068,12933.0,12963.0,12783.0,12988.166666666666,38.73102191581347,20.661516488695657,18.069505427117814,53.776435045317214,254.28571428571428,-0.8660036932819569,6400.95,-64355,7604.3,288.0,3.2801822323462515
2015-12-21,12890,13085,12795,13070,7586,8892,12925.0,12968.0,12837.5,12986.916666666666,51.076828689223476,26.74457892880122,24.332249760422254,58.310626702997276,256.07142857142856,41.44251416708733,6298.45,-56769,7669.9,-176.0,-1.9408910454344896
2015-12-22,13090,13160,12990,13005,6218,9233,12926.0,12976.5,12865.0,12984.75,54.982212016659105,32.3921055463728,22.590106470286308,55.73333333333333,249.64285714285714,60.855428686197385,6125.05,-62987,7760.4,341.0,3.834907782276198
2015-12-23,13030,13145,12900,13090,5531,9164,12961.0,12982.0,12891.25,12983.166666666666,64.1960341448048,38.7528912660592,25.443142878745597,65.12968299711815,232.5,55.9787850673822,6019.25,-57456,7862.5,-69.0,-0.7473193978121961
2015-12-24,13125,13210,13045,13045,6520,9092,13005.0,12997.5,12902.75,12979.166666666666,67.09351832902212,44.42101667865179,22.67250165037033,57.92880258899677,226.42857142857142,67.19534855223831,5896.9,-63976,7986.5,-72.0,-0.7856831078131843
2015-12-25,13055,13190,13020,13145,3659,9156,13071.0,13002.0,12929.75,12976.75,76.57623649809466,50.852060642540366,25.724175855554293,54.385964912280706,219.64285714285714,66.30387660082503,5707.75,-60317,8122.15,64.0,0.7039155301363786
2015-12-28,13160,13165,12930,12960,3835,8796,13049.0,12987.0,12943.25,12974.083333333334,68.37521812345767,54.35669213872383,14.018525984733841,51.324503311258276,226.07142857142858,28.98465476019181,5598.9,-64152,8236.05,-360.0,-3.9318479685452212
2015-12-29,12940,13040,12880,13000,4452,8822,13048.0,12987.0,12955.0,12971.833333333334,64.3615972530315,56.35767316158537,8.003924091446137,48.78048780487805,216.42857142857142,8.046582928089373,5559.45,-59700,8375.8,26.0,0.29558890404728366
2015-12-30,13085,13215,13000,13060,6867,8813,13042.0,13001.5,12968.5,12963.083333333334,65.26988178756437,58.14011488678117,7.129766900783203,56.2962962962963,215.0,51.06778996946096,5711.75,-52833,8553.0,-9.0,-0.10201768306506986
2015-12-31,13075,13185,13070,13170,4858,8489,13067.0,13036.0,12998.75,12959.916666666666,74.01261318313846,61.31461454605263,12.697998637085824,52.79999999999999,205.0,70.06231685147446,5827.85,-47975,8646.9,-324.0,-3.6763871553387006
2016-01-04,13130,13335,13080,13145,4753,8267,13067.0,13069.0,13016.0,12953.166666666666,78.02458093541645,64.6566078239254,13.367973111491054,51.38339920948616,210.71428571428572,90.65107605696848,5865.0,-52728,8710.8,-222.0,-2.6151490163741298
2016-01-05,13130,13300,13115,13300,3243,7911,13135.0,13092.0,13030.0,12947.25,92.64336386457762,70.25395903205585,22.389404832521777,61.45038167938932,205.71428571428572,99.01393167909015,5816.95,-49485,8721.55,-356.0,-4.306277972662398
2016-01-06,13255,13270,13120,13220,2056,7417,13179.0,13113.5,13045.0,12941.083333333334,96.65929506133216,75.53502623791111,21.124268823421048,61.68582375478927,208.57142857142858,72.96302120825361,5670.3,-51541,8692.85,-494.0,-6.244469725698398
2016-01-07,13165,13195,12765,12865,2352,6812,13140.0,13091.0,13036.5,12929.5,70.38506115495511,74.5050332213199,-4.119972066364795,51.273885350318466,219.28571428571428,-45.89833353464562,5521.1,-53893,8622.25,-605.0,-8.15693676688688
2016-01-08,12730,13030,12715,12960,2588,6230,13098.0,13082.5,13040.0,12920.666666666666,56.57607377924796,70.91924133290551,-14.343167553657551,54.38066465256797,226.07142857142858,-60.72326898248153,5330.5,-51305,8501.6,-582.0,-8.543746330005874
2016-01-11,12880,12980,12730,12740,3351,6112,13017.0,13042.0,13022.0,12909.833333333334,27.56246744467171,62.24788655525876,-34.68541911058705,39.81481481481481,223.21428571428572,-85.93073967676193,5208.6,-54656,8362.7,-118.0,-1.8940609951845877
2016-01-12,12685,12735,12520,12555,4433,6452,12868.0,13001.5,12994.25,12894.416666666666,-10.240927460707098,47.75012375206559,-57.99105121277269,37.06896551724139,226.78571428571428,-129.5378872274187,5157.45,-59089,8248.45,340.0,5.562827225130884
2016-01-13,12580,12735,12560,12715,4240,6782,12767.0,12973.0,12980.0,12882.416666666666,-26.978733412661313,32.80435231912021,-59.783085731781526,39.6694214876033,222.14285714285714,-92.15402837322877,5084.5,-54849,8153.5,330.0,5.114693118412905
2016-01-14,12700,12875,12655,12835,4656,6856,12761.0,12950.5,12976.0,12876.583333333334,-30.212299518463624,20.201021951603444,-50.41332147006707,44.44444444444444,226.07142857142858,-53.51228025697188,5078.25,-50193,8057.2,74.0,1.091123562370977
2016-01-15,12815,12925,12575,12585,6078,6691,12686.0,12892.0,12964.0,12866.083333333334,-52.344440490036504,5.691929463275454,-58.03636995331196,36.27450980392157,238.92857142857142,-72.2833038790836,4947.45,-56271,7952.75,-165.0,-2.4066511085180875
2016-01-18,12545,12900,12535,12890,6217,7047,12716.0,12866.5,12967.75,12859.75,-44.75743480691017,-4.397943390761672,-40.3594914161485,48.37962962962963,248.21428571428572,-51.11690627753691,4674.65,-50054,7851.7,356.0,5.320579883425491
2016-01-19,12880,13020,12790,12995,4944,7594,12804.0,12836.0,12964.0,12855.75,-29.927074971901675,-9.503769706989672,-20.423305264912003,49.88764044943821,253.21428571428572,-7.909721847281683,4542.55,-45110,7786.8,547.0,7.762168298566774
2016-01-20,13010,13055,12805,12870,4177,7153,12835.0,12801.0,12957.25,12848.083333333334,-27.93830786502258,-13.190677338596256,-14.747630526426324,45.851528384279476,255.71428571428572,-12.726042499109452,4440.5,-49287,7682.8,-441.0,-5.80721622333421
2016-01-21,12885,12910,12750,12775,3607,6956,12823.0,12792.0,12941.5,12839.833333333334,-33.64011930134075,-17.280565731145156,-16.35955357019559,41.318681318681314,258.2142857142857,-35.57279366342347,4344.3,-52894,7572.4,-197.0,-2.7540891933454548
2016-01-22,12795,12890,12725,12795,5182,6917,12865.0,12775.5,12929.0,12830.333333333334,-36.128545705279976,-21.05016172597212,-15.078383979307855,42.29074889867841,251.78571428571428,-34.04718527918244,4277.4,-47712,7463.65,-39.0,-0.5606670500287514
2016-01-25,12855,12895,12780,12810,2793,6702,12849.0,12782.5,12912.25,12823.5,-36.46986501656647,-24.13410238409099,-12.335762632475483,38.497652582159624,246.78571428571428,-24.047018099613517,4234.1,-44919,7340.95,-215.0,-3.1082839381234684
2016-01-26,12790,12980,12785,12920,3872,6938,12834.0,12819.0,12910.25,12821.25,-27.546740659121497,-24.816630039097095,-2.7301106200244014,43.05555555555556,247.85714285714286,-4.254993649086969,4235.95,-41047,7248.05,236.0,3.521336914353923
2016-01-27,13015,13250,12985,13215,5487,7405,12903.0,12869.0,12921.0,12823.666666666666,3.29099769111599,-19.19510449305448,22.48610218417047,58.33333333333333,238.92857142857142,60.867531621636516,4287.7,-35560,7177.2,467.0,6.7310464110694745
2016-01-28,13240,13265,13105,13145,3364,7415,12977.0,12900.0,12925.25,12822.666666666666,21.830069074449057,-10.990069779553773,32.82013885400283,54.4578313253012,227.85714285714286,63.97042477480842,4112.55,-38924,7107.3,10.0,0.13504388926401933
2016-01-29,13200,13695,13155,13475,10667,8613,13113.0,12989.0,12940.5,12830.166666666666,62.430993160260186,3.694142808409019,58.73685035185117,66.81922196796339,249.28571428571428,113.61076375864258,4403.0,-28257,7113.5,1198.0,16.1564396493594
2016-02-01,13525,13770,13520,13650,10755,8675,13281.0,13065.0,12965.75,12840.416666666666,107.48948361882503,24.453210970492226,83.03627264833281,75.17241379310346,254.64285714285714,127.99428484303989,4703.1,-17502,7133.9,62.0,0.7198420991524346
2016-02-02,13665,13735,13615,13680,7650,9560,13433.0,13133.5,12984.75,12852.916666666666,143.95993074597754,48.35455492558929,95.60537582038825,73.59413202933985,250.35714285714286,113.04661361966303,4923.45,-9852,7216.35,885.0,10.201729106628243
2016-02-03,13705,13825,13600,13775,7096,10290,13545.0,13224.0,13012.5,12869.75,178.47142144963254,74.37792823039794,104.0934932192346,73.26732673267327,250.71428571428572,104.2730477435133,5175.45,-2756,7360.0,730.0,7.635983263598334
2016-02-04,13750,14115,13720,14045,6388,10271,13725.0,13351.0,13071.5,12892.833333333334,225.01493785335515,104.5053301549894,120.50960769836576,85.7843137254902,253.92857142857142,110.72133622872248,5377.25,3632,7532.95,-19.0,-0.18464528668610258
2016-02-05,14055,14055,13605,13815,3706,9805,13793.0,13453.0,13114.25,12911.833333333334,240.56880468985037,131.7180250619616,108.85077962788876,73.53689567430025,260.0,81.9255507574211,5433.15,-74,7711.7,-466.0,-4.5370460519910445
2016-02-15,13975,14125,13810,13875,2153,9840,13838.0,13559.5,13171.0,12933.083333333334,254.7996826422077,156.33435657801084,98.46532606419686,72.91666666666666,266.07142857142856,82.37460727120668,5373.25,2079,7898.1,35.0,0.3569607343192338
2016-02-16,13840,13880,13690,13695,2327,9492,13841.0,13637.0,13228.0,12953.333333333334,248.68655644941464,174.8047965522916,73.88175989712303,70.8860759493671,261.7857142857143,57.10221631055956,5267.95,-248,8050.1,-348.0,-3.5365853658536617
2016-02-17,13625,13685,13470,13510,4887,10274,13788.0,13666.5,13267.75,12974.166666666666,226.30520052686188,185.10487734720567,41.20032317965621,67.79661016949152,266.42857142857144,31.906922828003477,5300.3,-5135,8224.7,782.0,8.238516645596295
2016-02-18,13545,13550,13370,13485,6185,10393,13676.0,13700.5,13300.25,12996.416666666666,204.19667152170587,188.9232361821057,15.273435339600155,66.66666666666666,267.5,19.160844888839623,5376.75,-11320,8401.55,119.0,1.1582635779638029
2016-02-19,13410,13700,13370,13655,8605,10315,13644.0,13718.5,13353.75,13024.666666666666,198.1094004034585,190.76046902637628,7.348931377082209,68.98876404494382,282.85714285714283,27.470713009081795,5503.1,-2715,8582.75,-78.0,-0.7505051476955682
2016-02-22,13595,13870,13565,13860,7756,11218,13641.0,13739.5,13402.25,13051.0,207.43579026348198,194.09553327379743,13.340256989684548,70.25862068965517,290.7142857142857,45.390443146591814,5580.05,5041,8791.3,903.0,8.754241396025208
2016-02-23,13900,13930,13465,13590,6983,11371,13620.0,13730.5,13432.0,13077.833333333334,190.84038869782125,193.44450435860222,-2.6041156607809626,58.169934640522875,300.35714285714283,29.136359699507054,5682.0,-1942,8980.15,153.0,1.3638794794081033
2016-02-24,13620,13630,13490,13555,4411,11410,13629.0,13708.5,13466.25,13096.166666666666,172.8714514176263,189.32989377040707,-16.458442352780764,59.07079646017699,298.92857142857144,12.759115342444982,5693.7,-6353,9193.0,39.0,0.3429777504177389
2016-02-25,13545,13760,13485,13520,6688,11496,13636.0,13656.0,13503.5,13112.083333333334,154.0311563813757,182.27014629260083,-28.238989911225133,51.14503816793893,279.2857142857143,12.638417871404311,5847.75,-13041,9420.0,86.0,0.7537248028045562
2016-02-26,13535,13660,13450,13610,6609,10950,13627.0,13635.5,13544.25,13125.333333333334,144.69438783295845,174.75499460067235,-30.060606767713892,48.93617021276596,273.2142857142857,5.661087567046374,5919.1,-6432,9621.65,-546.0,-4.749478079331936
2016-02-29,13670,13835,13565,13650,8261,10731,13585.0,13613.0,13586.25,13142.75,138.9212000775551,167.5882356960489,-28.6670356184938,49.20634920634921,283.92857142857144,19.524941107736606,6192.5,1829,9823.1,-219.0,-2.0000000000000018
2016-03-01,13740,13795,13500,13660,4212,9931,13599.0,13609.5,13623.25,13158.916666666666,133.61262049622565,160.79311265608428,-27.18049215985863,46.81440443213297,288.92857142857144,7.948090378104994,6209.5,6041,9972.75,-800.0,-7.455036809244242
2016-03-02,13690,13800,13625,13740,3759,9971,13636.0,13632.5,13649.5,13175.166666666666,134.3125923855423,155.4970086019759,-21.18441621643359,40.55727554179566,273.2142857142857,21.157299111045074,6123.1,9800,10101.05,40.0,0.4027791763165922
2016-03-03,13725,13955,13725,13835,4432,9618,13699.0,13667.5,13684.0,13192.583333333334,140.90872315482738,152.5793515125462,-11.670628357718812,50.67567567567568,257.5,56.24181911080928,6176.5,14232,10211.2,-353.0,-3.5402667736435633
2016-03-04,13885,13950,13765,13890,5473,8935,13755.0,13691.0,13704.75,13214.666666666666,148.8582988497983,151.83514097999662,-2.976842130198321,50.50847457627118,248.21428571428572,61.973385862191584,5916.8,19705,10227.3,-683.0,-7.101268454980247
2016-03-07,13870,14115,13765,13880,5231,8148,13801.0,13693.0,13716.25,13232.666666666666,152.592487227912,151.9866102295797,0.6058769983322918,57.088122605363985,259.64285714285717,71.97613106370723,5640.6,14474,10200.95,-787.0,-8.808058198097369
2016-03-08,14000,14275,13715,13755,10335,9044,13820.0,13709.5,13720.0,13244.916666666666,143.8076776981943,150.35082372330263,-6.543146025108314,59.83935742971888,283.57142857142856,63.16205941000564,5774.85,4139,10175.15,896.0,10.996563573883167
2016-03-09,13795,13860,13485,13570,6541,8902,13786.0,13711.0,13709.75,13255.75,120.52832347749609,144.38632367414132,-23.858000196645236,53.02491103202847,297.5,-28.26600356728014,5747.1,-2402,10105.75,-142.0,-1.5701017249004856
2016-03-10,13630,13670,13630,13640,27,9149,13747.0,13723.0,13689.5,13265.833333333334,106.50001662677823,136.8090622646687,-30.309045637890478,49.42528735632183,281.07142857142856,-21.70594254498994,5429.05,-2375,10049.65,247.0,2.774657380363954
2016-03-11,13630,13770,13520,13770,3507,9415,13723.0,13739.0,13687.25,13280.5,104.66587289329073,130.38042439039313,-25.714551497102406,46.34146341463415,277.14285714285717,-4.99466243051682,5419.1,1132,10030.15,266.0,2.9074215761285327
2016-03-14,13750,13815,13605,13695,3903,9607,13686.0,13743.5,13678.25,13290.416666666666,96.05318623151834,123.51497675861819,-27.46179052709985,55.07246376811594,258.92857142857144,6.497302849275832,5506.6,-2771,10018.5,192.0,2.0392989909718606
2016-03-15,13720,13745,13605,13615,2484,9396,13658.0,13739.0,13674.25,13298.833333333334,81.82896521467046,115.17777444982866,-33.3488092351582,52.77777777777778,258.92857142857144,-11.568463284728466,5514.45,-5255,10013.7,-211.0,-2.196315186842923
2016-03-16,13530,13600,13465,13525,4736,9293,13649.0,13717.5,13675.0,13307.583333333334,62.57262150956558,104.65674386177605,-42.08412235221047,50.22026431718062,250.0,-60.640765696688746,5506.9,-9991,9964.65,-103.0,-1.0962111536824137
2016-03-17,13485,13710,13415,13685,4229,9182,13658.0,13702.5,13685.0,13320.416666666666,59.53619699405863,95.63263448823257,-36.09643749417394,53.11203319502075,256.07142857142856,-36.73061186676842,5409.1,-5762,9904.1,-111.0,-1.1944474335521371
2016-03-18,13685,13790,13620,13630,6418,9241,13630.0,13676.5,13683.75,13333.833333333334,52.09129235092405,86.92436606077086,-34.833073709846815,49.18032786885246,248.92857142857142,-6.366759529524199,5299.75,-12180,9850.4,59.0,0.6425615334349821
2016-03-21,13600,13740,13470,13595,4387,9040,13610.0,13648.0,13670.5,13346.833333333334,42.87273409945374,78.11403966850743,-35.241305569053694,47.389558232931726,247.14285714285714,-37.002666042174006,5131.3,-16567,9741.5,-201.0,-2.1750892760523777
2016-03-22,13605,13700,13595,13600,3352,9316,13607.0,13632.5,13671.0,13355.666666666666,35.560499183353386,69.60333157147663,-34.042832388123244,44.01709401709402,242.14285714285714,-23.127603496245083,4949.75,-13215,9638.75,276.0,3.053097345132749
2016-03-23,13595,13710,13540,13570,3427,9321,13616.0,13632.5,13671.75,13365.083333333334,27.033129956396806,61.08929124846067,-34.05616129206386,38.00904977375566,237.85714285714286,-35.77438066582641,4900.55,-16642,9534.3,5.0,0.0536711034778925
2016-03-24,13545,13595,13465,13520,4001,9419,13583.0,13620.5,13671.75,13372.25,16.055468824662967,52.08252676370113,-36.027057939038166,33.18181818181819,233.92857142857142,-67.73431054259918,4766.2,-20643,9430.45,98.0,1.0513893359081594
2016-03-25,13495,13575,13435,13540,2273,9382,13565.0,13597.5,13668.25,13380.5,8.86721045849481,43.43946350265987,-34.57225304416506,34.68468468468468,218.92857142857142,-68.75744340844952,4549.4,-18370,9352.05,-37.0,-0.39282301730544367
2016-03-28,13550,13620,13525,13575,2094,9564,13561.0,13585.5,13664.5,13387.666666666666,5.926356063822823,35.936842014892456,-30.010485951069633,41.1764705882353,185.71428571428572,-41.95662262611958,4241.05,-16276,9293.7,182.0,1.9398848859518258
2016-03-29,13575,13650,13530,13550,2110,9361,13551.0,13579.0,13659.0,13397.5,1.5604290473238507,29.061559421378735,-27.501130374054885,48.83720930232558,167.5,-38.453643726515345,4135.95,-18386,9265.2,-203.0,-2.1225428690924253
2016-03-30,13550,13575,13285,13295,3795,8716,13496.0,13556.0,13636.75,13402.416666666666,-22.219832051612684,18.80528112678045,-41.025113178393134,33.49282296650718,181.07142857142858,-97.25827031401717,4137.75,-22181,9202.45,-645.0,-6.8902894989851475
2016-03-31,13305,13385,13110,13240,4815,8384,13440.0,13511.5,13607.0,13405.416666666666,-44.98533767554545,6.04715736631527,-51.03249504186072,22.680412371134025,182.85714285714286,-119.23482432342601,4156.9,-26996,9140.75,-332.0,-3.8090867370353387
2016-04-01,13240,13375,13170,13370,3190,8155,13406.0,13485.5,13581.0,13408.75,-51.938536239304085,-5.549981354808601,-46.388554884495484,34.14634146341464,182.5,-89.07391266049352,4042.75,-23806,9101.75,-229.0,-2.731393129770987
2016-04-05,13300,13370,13200,13230,1222,7881,13337.0,13449.0,13548.5,13410.166666666666,-67.96239794892426,-18.032464673631733,-49.92993327529253,32.25806451612904,184.64285714285714,-92.25381678221025,3842.3,-25028,9088.4,-274.0,-3.3599019006744335
2016-04-06,13230,13270,13155,13170,1321,7660,13261.0,13406.0,13519.25,13408.0,-84.52853008097372,-31.33167775510013,-53.19685232587359,33.175355450236964,182.14285714285714,-103.79792342632915,3391.6,-26349,9019.2,-221.0,-2.804212663367589
2016-04-07,13160,13300,13115,13230,1925,7344,13248.0,13372.0,13502.25,13408.166666666666,-91.75808055388006,-43.41695831485612,-48.341122239023946,26.17801047120419,174.28571428571428,-85.30475863293184,3160.8,-24424,8941.3,-316.0,-4.125326370757176
2016-04-08,13230,13230,13000,13025,2581,7213,13205.0,13322.5,13471.5,13410.833333333334,-112.72985849642464,-57.27953835116982,-55.45032014525482,22.624434389140276,178.57142857142858,-102.58360783069782,3288.5,-27005,8844.5,-131.0,-1.783769063180829
2016-04-11,13025,13270,12935,13165,2080,6772,13164.0,13285.0,13441.25,13414.25,-116.70797673065317,-69.1652260270665,-47.54275070358668,32.231404958677686,183.21428571428572,-81.43703270592206,3217.15,-24925,8712.35,-441.0,-6.113960903923477
2016-04-12,13140,13140,13000,13070,1852,6585,13132.0,13234.5,13410.0,13419.75,-126.07307817649416,-80.54679645695202,-45.52628171954214,29.615384615384613,187.5,-83.54616123855027,3114.6,-26777,8561.25,-187.0,-2.761370348493797
2016-04-13,13145,13460,13100,13390,2727,6282,13176.0,13218.5,13398.75,13433.666666666666,-106.44661260640896,-85.72675968684341,-20.719852919565554,44.339622641509436,203.21428571428572,-21.236406215897677,3126.75,-24050,8405.55,-303.0,-4.601366742596813
2016-04-14,13230,13435,13230,13350,4957,6982,13200.0,13224.0,13390.0,13444.25,-93.04756849757905,-87.19092144899055,-5.856647048588499,44.62025316455696,208.57142857142858,-13.656067018345155,3137.8,-29007,8290.0,700.0,11.142948105698824
2016-04-15,13400,13420,13235,13255,3480,7305,13246.0,13225.5,13368.5,13451.25,-89.06771834396568,-87.5662808279856,-1.5014375159800863,41.389728096676734,211.78571428571428,-19.141521685550735,3100.35,-32487,8196.15,323.0,4.626181609853908
2016-04-18,13240,13355,13200,13215,3882,7740,13256.0,13210.0,13347.75,13461.75,-88.1254685843669,-87.67811837926186,-0.44735020510503887,39.156626506024104,216.07142857142858,-27.305968575023314,2973.55,-36369,8121.1,435.0,5.954825462012314
2016-04-19,13300,13385,13175,13255,4640,8015,13293.0,13212.5,13330.75,13467.833333333334,-83.19207668058516,-86.78091003952653,3.588833358941372,41.194029850746276,222.5,-19.647773038279194,2986.2,-31729,8069.85,275.0,3.5529715762273817
2016-04-20,13295,13505,13295,13450,6581,8150,13305.0,13240.5,13323.25,13475.416666666666,-62.82327018411161,-81.98938206844355,19.16611188433194,54.798761609907125,219.64285714285714,26.6797884320623,3147.65,-25148,8011.55,135.0,1.6843418590143378
2016-04-21,13550,13620,13405,13440,9078,9114,13323.0,13261.5,13316.75,13484.916666666666,-46.946589650589885,-74.98082358487282,28.034233934282938,56.36942675159235,215.35714285714286,53.362118523190375,3430.2,-34226,8001.2,964.0,11.8282208588957
2016-04-22,13555,13650,13210,13365,8738,8801,13345.0,13295.5,13309.0,13494.75,-39.95549704283803,-67.97575827646587,28.020261233627835,49.834983498349835,232.14285714285714,30.514979367530014,3667.05,-42964,7970.3,-313.0,-3.434276936581082
2016-04-25,13430,13640,13180,13420,8101,8721,13386.0,13321.0,13303.0,13505.166666666666,-29.6353475975302,-60.30767614067874,30.672328543148538,56.64335664335665,252.85714285714286,35.28482781333013,3958.45,-34863,7937.25,-80.0,-0.9089876150437437
2016-04-26,13350,13400,13030,13060,5947,8540,13347.0,13320.0,13277.25,13509.333333333334,-49.92998438428185,-58.23213778939936,8.302153405117508,46.820809248554916,272.5,-48.83605865718891,4151.1,-40810,7886.05,-181.0,-2.0754500630661643
2016-04-27,13100,13215,13070,13105,3552,8624,13278.0,13291.5,13255.0,13512.416666666666,-61.67159458034985,-58.92002914758946,-2.751565432760387,46.355685131195344,270.35714285714283,-59.054206707941084,4223.2,-37258,7849.2,84.0,0.9836065573770592
2016-04-28,13160,13175,13020,13060,4026,8522,13202.0,13262.5,13243.25,13509.833333333334,-73.75779522307676,-61.88758236268693,-11.870212860389827,51.12540192926045,265.0,-69.59034404962371,4234.75,-41284,7839.5,-102.0,-1.182745825602971
2016-04-29,13090,13245,13055,13230,3801,8237,13175.0,13260.0,13242.75,13511.25,-68.82524250472125,-63.275114391093794,-5.550128113627451,52.050473186119866,254.64285714285714,-30.358355650926534,4184.05,-37483,7832.15,-285.0,-3.3442853790190075
2016-05-03,13245,13370,13180,13365,3241,7917,13164.0,13275.0,13242.5,13509.416666666666,-53.407142882026164,-61.30152008928027,7.894377207254102,59.07692307692307,256.42857142857144,21.645946576466486,4186.6,-34242,7820.25,-320.0,-3.884909554449434
2016-05-04,13295,13365,13030,13060,3078,7645,13164.0,13255.5,13234.0,13499.583333333334,-65.04929112199716,-62.051074295823646,-2.998216826173511,39.75155279503105,252.5,-37.572917249552546,4279.4,-37320,7808.45,-272.0,-3.4356448149551633
2016-05-05,13160,13190,13010,13040,2096,7519,13151.0,13214.5,13227.5,13488.916666666666,-75.02477146816454,-64.64581373029183,-10.37895773787271,40.25157232704402,250.71428571428572,-61.33448688317827,4318.15,-39416,7801.4,-126.0,-1.6481360366252473
2016-05-06,13090,13090,12740,12875,4055,7064,13114.0,13158.0,13209.75,13473.916666666666,-95.14772875968447,-70.74619673617036,-24.401532023514108,38.554216867469876,262.5,-106.99277843335855,4424.65,-43471,7787.4,-455.0,-6.051336613911429
2016-05-09,12875,13040,12845,12970,4902,8582,13062.0,13118.5,13207.0,13456.0,-102.25092630990912,-77.04714265091812,-25.203783658991,42.857142857142854,265.35714285714283,-83.14955799152061,4540.7,-38569,7855.85,1518.0,21.48924122310305
2016-05-10,12955,13050,12850,12970,3807,8741,12983.0,13073.5,13197.25,13441.916666666666,-106.65085685427402,-82.9678854915893,-23.682971362684725,41.492537313432834,264.64285714285717,-74.66314483188303,4627.05,-38569,7954.3,159.0,1.852714984852022
2016-05-11,12970,13140,12970,13120,3506,9051,12995.0,13079.5,13199.75,13429.333333333334,-96.91688953884113,-85.75768630103968,-11.15920323780145,39.87730061349694,258.92857142857144,-39.35564406556716,4709.75,-35063,8077.6,310.0,3.5465049765473156
2016-05-12,13150,13245,12925,13090,4131,9213,13005.0,13078.0,13184.75,13419.25,-90.57925828556836,-86.72200069794542,-3.8572575876229394,39.39393939393939,266.42857142857144,-32.959351485819305,4779.95,-39194,8224.15,162.0,1.7898574743122397
2016-05-13,13035,13135,12850,12885,4926,8540,13007.0,13060.5,13161.5,13408.833333333334,-100.93491176764292,-89.56458291188491,-11.370328855758004,36.516853932584276,255.35714285714286,-63.951150934375036,4778.4,-44120,8302.05,-673.0,-7.304895256702482
2016-05-16,12885,12965,12780,12880,4264,8767,12989.0,13025.5,13142.75,13398.75,-108.2969204870169,-93.31105042691132,-14.985870060105583,34.39306358381502,235.71428571428572,-76.87000133894841,4817.6,-48384,8375.15,227.0,2.658079625292742
2016-05-17,12845,13000,12830,12985,3593,8910,12992.0,12987.5,13131.25,13387.583333333334,-104.45465472028991,-95.53977128558705,-8.914883434702858,47.45762711864407,220.0,-53.93530240370441,4803.15,-44791,8433.65,143.0,1.6311166875784266
2016-05-18,12915,12960,12805,12860,4010,8745,12940.0,12967.5,13111.5,13370.916666666666,-110.22547607433262,-98.47691224333616,-11.74856383099646,42.12218649517685,221.78571428571428,-63.336054497673615,4771.65,-48801,8470.15,-165.0,-1.851851851851849
2016-05-19,12815,12990,12700,12870,5927,8261,12896.0,12950.5,13082.5,13358.916666666666,-112.69292327679614,-101.32011445002816,-11.37280882676798,43.75,231.42857142857142,-63.02379627178554,4738.95,-42874,8475.7,-484.0,-5.534591194968552
2016-05-20,12835,12835,12675,12795,4789,8449,12878.0,12942.5,13050.25,13346.25,-119.32476455192409,-104.92104447040735,-14.403720081516738,34.73684210526315,231.78571428571428,-80.4163219981087,4524.5,-47663,8442.45,188.0,2.2757535407335716
2016-05-23,12840,12870,12670,12690,5404,7322,12840.0,12914.5,13016.5,13332.416666666666,-131.53689359025157,-110.2442142943762,-21.29267929587536,25.80645161290323,232.5,-81.23990415964283,4357.8,-53067,8368.5,-1127.0,-13.338856669428335
2016-05-24,12625,12730,12590,12640,4159,6682,12771.0,12881.5,12977.5,13316.25,-143.59440900671507,-116.91425323684399,-26.680155769871078,31.578947368421055,218.57142857142858,-100.0756086094405,4160.7,-57226,8266.55,-640.0,-8.740781207320403
2016-05-25,12685,12760,12600,12650,3183,7153,12729.0,12834.5,12957.0,13299.583333333334,-150.60705602523558,-123.6528137945223,-26.954242230713277,32.743362831858406,217.14285714285714,-83.28799848508451,4022.5,-54043,8197.2,471.0,7.048787788087396
2016-05-26,12720,12750,12610,12715,2998,7429,12698.0,12797.0,12937.5,13283.833333333334,-149.19979023034284,-128.76220908168642,-20.43758114865642,42.23300970873787,202.14285714285714,-68.80834495862392,3994.8,-51045,8137.45,276.0,3.8585209003215493
2016-05-27,12740,12875,12690,12805,3436,7215,12700.0,12789.0,12924.75,13268.25,-139.21746186989367,-130.85325963932786,-8.364202230565809,41.951219512195124,201.42857142857142,-37.54458922620744,3965.3,-47609,8072.1,-214.0,-2.8806030421321793
2016-05-30,12840,12880,12785,12850,2320,7067,12732.0,12786.0,12905.75,13251.833333333334,-126.2202819650447,-129.92666410447123,3.7063821394265233,44.39252336448598,193.92857142857142,-20.459171274393878,3891.25,-45289,8013.6,-148.0,-2.051282051282055
2016-05-31,12830,12900,12730,12785,2210,7198,12761.0,12766.0,12876.75,13233.416666666666,-119.78408366961776,-127.89814801750055,8.114064347882788,32.99492385786802,193.92857142857142,-27.138184568599065,3839.7,-47499,7977.65,131.0,1.8536861468798627
2016-06-01,12815,12850,12640,12670,3406,7382,12765.0,12747.0,12857.25,13213.25,-122.55020655873159,-126.82855972574676,4.278353167015169,30.373831775700936,186.07142857142858,-52.975612364147246,3856.1,-50905,7964.5,184.0,2.556265629341481
2016-06-02,12650,12870,12650,12860,4187,6429,12794.0,12746.0,12848.25,13198.333333333334,-108.1641181492505,-123.09567141044752,14.931553261197024,48.81516587677725,181.42857142857142,-21.741138179511868,3960.65,-46718,7910.0,-953.0,-12.909780547277162
2016-06-03,12860,12860,12700,12770,2309,6409,12787.0,12743.5,12843.0,13185.0,-102.83981391789894,-119.0444999119378,16.20468599403887,45.175438596491226,179.64285714285714,-25.886648761687756,3873.35,-49027,7877.25,-20.0,-0.3110903717529978
2016-06-06,12800,12835,12770,12800,2734,6675,12777.0,12754.5,12834.5,13171.0,-95.1032244042417,-114.25624481039858,19.153020406156884,41.31455399061033,172.14285714285714,-13.075426660904673,3764.95,-46293,7781.9,266.0,4.150413481042281
2016-06-07,12785,12875,12725,12750,2130,6254,12770.0,12765.5,12823.5,13154.0,-91.94660043309705,-109.79431593493828,17.847715501841236,44.444444444444436,170.0,-17.491363868754636,3681.1,-48423,7657.55,-421.0,-6.307116104868915
2016-06-08,12745,12765,12710,12720,2511,5813,12780.0,12772.5,12803.5,13137.75,-90.81879988096625,-105.99921272414387,15.18041284317762,42.57425742574257,153.21428571428572,-36.3929081643796,3631.35,-50934,7495.65,-441.0,-7.051487048289095
2016-06-13,12705,12885,12655,12875,1261,5426,12783.0,12788.5,12792.75,13125.416666666666,-76.53555101669372,-100.10648038265384,23.570929365960126,53.669724770642205,155.71428571428572,7.093349162963467,3487.85,-49673,7306.3,-387.0,-6.6574918286599
2016-06-14,12850,12890,12740,12755,1866,5934,12780.0,12783.5,12786.25,13112.583333333334,-74.04542098324237,-94.89426850277155,20.848847519529187,52.94117647058823,152.14285714285714,6.708930199652725,3334.85,-51539,7176.0,508.0,9.362329524511615
2016-06-15,12745,12945,12730,12830,1791,5900,12786.0,12781.5,12783.75,13098.333333333334,-65.26773596007297,-88.96896199423183,23.701226034158864,58.407079646017706,157.5,37.211794797478866,3211.2,-49748,7032.65,-34.0,-0.5729693292888416
2016-06-16,12875,12940,12700,12805,2503,6059,12797.0,12783.5,12774.75,13084.583333333334,-59.641142440950716,-83.10339808357561,23.462255642624896,56.76855895196507,163.21428571428572,31.66439677712202,3156.7,-52251,6890.1,159.0,2.6949152542372845
2016-06-17,12820,12935,12775,12870,3082,6493,12827.0,12803.5,12775.25,13072.5,-49.36798635114428,-76.35631573708935,26.988329385945065,56.76855895196507,164.64285714285714,71.49345031776448,3110.3,-49169,6777.5,434.0,7.16289816801452
2016-06-20,12840,12880,12685,12790,2834,6799,12810.0,12796.5,12771.25,13059.0,-47.13838558162206,-70.5127297059959,23.374344124373835,49.33920704845816,165.35714285714286,10.717023017002607,2955.65,-52003,6704.4,306.0,4.712767595872469
2016-06-21,12800,12885,12785,12830,2534,6809,12825.0,12802.5,12773.0,13046.666666666666,-41.663474601722555,-64.74287868514124,23.07940408341868,49.115044247787615,165.71428571428572,49.84097365460392,2842.9,-49469,6622.4,10.0,0.14708045300779737
2016-06-22,12800,12885,12755,12870,1900,7106,12833.0,12809.5,12782.0,13035.833333333334,-33.70833381004377,-58.53596971012175,24.82763590007798,53.84615384615384,162.85714285714286,47.86692172264683,2667.7,-47569,6611.6,297.0,4.3618739903069415
2016-06-23,12870,12930,12780,12840,2765,7223,12840.0,12818.5,12792.0,13024.166666666666,-29.484695482546158,-52.72571486460663,23.241019382060472,58.33333333333333,158.57142857142858,57.2298624303738,2598.0,-50334,6638.65,117.0,1.6464959189417483
2016-06-24,12890,12895,12720,12730,3680,6983,12812.0,12819.5,12796.0,13010.083333333334,-34.614497983993715,-49.10347148848405,14.488973504490332,43.08510638297872,155.35714285714286,-17.03080382030025,2622.85,-54014,6630.15,-240.0,-3.322719091790116
2016-06-27,12760,12865,12740,12850,2854,7262,12824.0,12817.0,12802.75,12998.416666666666,-28.66645723174952,-45.016068637137145,16.349611405387627,54.123711340206185,153.57142857142858,21.77171944925421,2615.65,-51160,6621.8,279.0,3.9954174423600275
2016-06-28,12825,12915,12775,12900,4129,7947,12838.0,12831.5,12807.5,12991.833333333334,-19.691024081337673,-39.95105972597725,20.26003564463958,55.05050505050505,158.92857142857142,74.70305204782693,2650.3,-47031,6658.4,685.0,9.432663178187827
2016-06-29,12930,13065,12785,12935,7521,7607,12851.0,12842.0,12811.75,12986.75,-9.642567634931765,-33.889361307768155,24.24679367283639,59.48717948717948,168.21428571428572,126.36063856557199,2910.35,-39510,6685.4,-340.0,-4.278344029193404
2016-06-30,12980,13275,12920,13175,8059,8484,12918.0,12879.0,12831.25,12983.5,17.485340608094702,-23.614420924595585,41.09976153269029,69.19831223628691,189.64285714285714,176.8498376141125,3202.8,-31451,6749.7,877.0,11.528855001971872
2016-07-01,13210,13270,13085,13260,6172,8028,13024.0,12918.0,12860.75,12984.0,45.320763412648375,-9.827384057146793,55.14814746979517,67.2645739910314,186.42857142857142,153.2449091386889,3341.1,-25279,6782.0,-456.0,-5.374823196605371
2016-07-04,13355,13585,13330,13440,6583,7993,13142.0,12983.0,12889.75,12988.5,80.9716415254752,8.332421059377607,72.6392204660976,79.14893617021276,198.92857142857142,161.20011477748082,3460.9,-18696,6860.2,-35.0,-0.4359740906826115
2016-07-05,13455,13470,12950,13110,6527,7396,13184.0,13011.0,12906.75,12986.5,81.65570111215857,22.9970770699338,58.65862404222477,59.790209790209786,220.71428571428572,73.41732182417604,3671.8,-25223,6909.55,-597.0,-7.469035405980229
2016-07-06,13160,13220,12900,12970,4707,7320,13191.0,13021.0,12915.25,12985.583333333334,70.09300476426324,32.41626260879969,37.67674215546355,55.33980582524271,226.42857142857142,30.786681091325494,3770.45,-29930,6941.8,-76.0,-1.0275824770145991
2016-07-07,13025,13200,12945,13015,5364,8240,13159.0,13038.5,12928.5,12983.083333333334,63.8248750926723,38.69798510557422,25.12688998709808,54.75409836065574,233.21428571428572,33.48144599306098,3932.15,-24566,7041.1,920.0,12.568306010928953
2016-07-08,13025,13085,12965,13040,4714,8312,13115.0,13069.5,12944.5,12982.583333333334,60.18090027769358,42.994568139998094,17.186332137695487,58.503401360544224,227.85714285714286,23.79705554348788,4042.3,-19852,7166.05,72.0,0.8737864077669855
2016-07-11,13095,13165,12975,13165,5054,8644,13060.0,13101.0,12959.0,12978.833333333334,66.61162200068429,47.71797891213534,18.893643088548956,60.77170418006431,234.28571428571428,39.45384985180509,4231.95,-14798,7326.95,332.0,3.99422521655437
2016-07-12,13125,13225,13080,13190,4676,8462,13076.0,13130.0,12980.75,12976.166666666666,72.8851319317946,52.75140951606719,20.133722415727412,60.38961038961039,235.35714285714286,51.45605462102176,4372.45,-10122,7453.35,-182.0,-2.1055067098565527
2016-07-13,13290,13445,13175,13250,8855,8842,13132.0,13161.5,13001.75,12976.083333333334,81.75600003244472,58.5523276193427,23.20367241310202,63.05732484076433,243.92857142857142,75.55164552326588,4725.65,-1267,7600.45,380.0,4.490664145592049
2016-07-14,13260,13300,13160,13270,3738,9221,13183.0,13171.0,13025.0,12977.0,89.3698596550912,64.7158340264924,24.654025628598802,68.24324324324324,241.42857142857142,57.17464919510055,4787.4,2471,7758.55,379.0,4.286360551911339
2016-07-15,13285,13440,13260,13420,6978,9805,13259.0,13187.0,13052.5,12979.75,106.28248631493989,73.0291644841819,33.25332183075798,68.87417218543047,244.64285714285714,79.4763243779183,4982.2,9449,7924.15,584.0,6.333369482702533
2016-07-18,13425,13465,13130,13210,5736,9645,13268.0,13164.0,13073.5,12975.75,101.56978656052343,78.73728889945022,22.832497661073205,59.2814371257485,258.57142857142856,48.98661132478535,5127.3,3713,8066.45,-160.0,-1.6318204997450292
2016-07-19,13255,13390,13140,13340,5763,9796,13298.0,13187.0,13099.0,12974.083333333334,107.09038035337835,84.40790719023585,22.682473163142504,61.47308781869688,256.42857142857144,49.31272881550379,5288.75,9476,8215.8,151.0,1.5655780196993208
2016-07-20,13335,13395,13235,13320,5006,9942,13312.0,13222.0,13121.5,12973.333333333334,108.59978711013719,89.24628317421612,19.35350393592107,54.69255663430421,242.5,50.94877116026198,5444.05,4470,8357.6,146.0,1.4904042466312717
2016-07-21,13195,13520,13140,13390,5375,10025,13336.0,13259.5,13149.0,12972.833333333334,114.12881192400528,94.22278892417395,19.906022999831322,54.2483660130719,256.42857142857144,54.243598888058244,5574.55,9845,8497.7,83.0,0.8348420840877058
2016-07-22,13400,13505,13360,13395,5749,10297,13331.0,13295.0,13182.25,12978.416666666666,117.55891612946834,98.89001436523283,18.668901764235514,48.33948339483395,243.57142857142858,67.97251824185737,5678.0,15594,8663.4,272.0,2.7132169576059795
2016-07-25,13380,13665,13270,13635,11378,10707,13416.0,13342.0,13221.5,12987.25,138.05191610663314,106.7223947135129,31.329521393120245,70.7509881422925,234.64285714285714,89.09109953576314,6104.2,26972,8835.65,410.0,3.981742255025744
2016-07-26,13615,13830,13470,13810,15315,11523,13510.0,13404.0,13267.0,12999.75,166.4945580704334,118.676827384897,47.81773068553642,82.3076923076923,237.5,119.72222229094746,6663.5,42287,9014.45,816.0,7.621182404034754
2016-07-27,13795,13860,13670,13755,10619,11961,13597.0,13454.5,13308.0,13008.5,182.49384099853341,131.44023010762427,51.05361089090914,78.2442748091603,232.85714285714286,114.38673949209895,6818.4,31668,9232.15,438.0,3.8010934652434214
2016-07-28,13710,13780,13545,13605,9052,11529,13640.0,13488.0,13329.5,13012.5,180.9833778681459,141.34885965972862,39.63451820841729,69.68641114982579,241.07142857142858,75.41131732692449,6868.05,22616,9384.4,-432.0,-3.6117381489842004
2016-07-29,13610,13800,13575,13775,9876,11062,13716.0,13523.5,13355.25,13024.416666666666,191.2987315082337,151.33883402942965,39.95989747880404,70.6081081081081,243.57142857142858,80.69785217474143,7053.25,32492,9536.1,-467.0,-4.050654870326998
2016-08-01,13800,14135,13745,14050,9082,11664,13799.0,13607.5,13385.75,13041.25,219.13784069624126,164.898635362792,54.23920533344926,74.85549132947978,261.07142857142856,112.29587194596694,7178.2,41574,9719.65,602.0,5.442053878141384
2016-08-02,14005,14065,13840,13900,7009,11088,13817.0,13663.5,13425.25,13058.333333333334,226.4859992829006,177.21610814681372,49.26989113608687,67.85714285714286,257.85714285714283,89.7122387060532,7202.3,34565,9904.25,-576.0,-4.938271604938271
2016-08-03,13945,14030,13775,13805,5736,10726,13827.0,13712.0,13467.0,13072.25,222.0837189814738,186.18963031374574,35.894088667728056,64.11609498680738,266.07142857142856,70.73791674083184,7253.75,28829,10074.55,-362.0,-3.2647907647907592
2016-08-04,13835,13905,13775,13835,2997,10587,13873.0,13756.5,13508.0,13086.666666666666,218.49693277401457,192.6510908057995,25.84584196821507,61.690140845070424,262.5,59.46574881323014,7135.4,31826,10191.9,-139.0,-1.2959164646653032
2016-08-05,13770,13950,13705,13945,4479,10672,13907.0,13811.5,13553.25,13100.416666666666,221.97170787900905,198.5152142204414,23.456493658567638,71.94029850746269,256.07142857142856,59.1221902501301,7123.65,36305,10309.9,85.0,0.8028714461131514
2016-08-08,13950,13950,13755,13900,4771,10507,13877.0,13838.0,13590.0,13113.916666666666,218.57477432447195,202.52712624124754,16.047648083224402,67.61006289308176,252.14285714285714,54.506265085606195,7109.5,31534,10403.05,-165.0,-1.5461019490254913
2016-08-09,13860,13960,13710,13730,3960,10013,13843.0,13830.0,13617.0,13128.0,199.86122496607823,201.99394598621367,-2.132721020135449,61.7816091954023,258.57142857142856,37.984211846463445,7073.7,27574,10480.6,-494.0,-4.7016274864376095
2016-08-10,13735,13850,13660,13765,3517,9787,13835.0,13831.0,13642.75,13142.75,185.71401421558767,198.73795963208846,-13.023945416500794,60.99706744868035,245.0,26.335436579076234,6806.8,31091,10527.85,-226.0,-2.257065814441228
2016-08-11,13850,13940,13705,13885,4028,9880,13845.0,13859.0,13673.5,13157.75,182.08626773909782,195.40762125349036,-13.321353514392541,63.46153846153846,251.42857142857142,39.271334300352734,6821.3,35119,10560.8,93.0,0.9502401144375172
2016-08-12,13870,13920,13790,13805,2372,9936,13817.0,13862.0,13692.75,13173.5,170.78719266220105,190.4835355352325,-19.696342873031455,55.12048192771084,232.5,34.271612302684524,6591.0,32747,10567.35,56.0,0.5668016194331882
2016-08-15,13745,13865,13460,13470,5585,8435,13731.0,13804.0,13705.75,13183.5,133.26470144626182,179.0397687174384,-45.77506727117657,40.65934065934066,235.71428571428572,-23.021303693044377,6583.45,27162,10506.85,-1501.0,-15.106682769726243
2016-08-16,13505,13680,13450,13530,5634,8130,13691.0,13767.0,13715.25,13195.75,107.13437697284462,164.65869036851964,-57.52431339567502,43.83561643835617,238.57142857142858,-40.41182280474665,6577.0,32796,10423.55,-305.0,-3.6158861885002946
2016-08-17,13655,13655,13485,13540,3390,7778,13646.0,13740.5,13726.25,13209.916666666666,86.238716750393,148.97469564489433,-62.73597889450133,48.07121661721068,233.92857142857142,-46.51490406356859,6496.2,36186,10315.35,-352.0,-4.329643296432961
2016-08-18,13565,13840,13555,13840,3626,7282,13637.0,13741.0,13748.75,13229.916666666666,92.81631951912095,137.74302041973965,-44.9267009006187,51.790633608815426,239.28571428571428,1.3360411483253458,6408.75,39812,10178.2,-496.0,-6.376960658266906
2016-08-19,13855,14010,13785,13990,2904,6746,13674.0,13745.5,13778.5,13252.25,108.87778813258046,131.96997396230782,-23.092185829727356,48.22485207100592,227.5,60.08842217655057,6266.5,42716,10000.65,-536.0,-7.360615215600108
2016-08-22,14000,14035,13870,13900,3192,8128,13760.0,13745.5,13791.75,13272.0,113.04130014446491,128.18423919873925,-15.142939054274336,50.0,223.21428571428572,58.33362621126187,5857.2,39524,9871.7,1382.0,20.486214052772024
2016-08-23,13855,13960,13845,13915,4007,8478,13837.0,13764.0,13797.0,13290.5,116.2116722319006,125.78972580537152,-9.578053573470925,53.54838709677419,213.21428571428572,42.79298521629563,5291.8,43531,9719.45,350.0,4.306102362204722
2016-08-24,13930,13995,13895,13965,4651,8679,13922.0,13784.0,13807.5,13309.083333333334,121.35983643451436,124.9037479312001,-3.5439114966857375,54.14012738853503,211.07142857142858,54.8612512969218,4993.4,48182,9555.35,201.0,2.3708421797593804
2016-08-25,13995,14070,13880,13970,6565,9003,13948.0,13792.5,13825.75,13328.833333333334,124.40914073645399,124.8048264922509,-0.39568575579690446,50.85324232081911,207.14285714285714,57.19176246876777,4869.05,54747,9429.05,324.0,3.733148980297263
2016-08-26,13945,14050,13865,13960,4406,8698,13942.0,13808.0,13835.0,13350.333333333334,124.58270803014966,124.76040279983066,-0.17769476968099696,52.09790209790209,206.42857142857142,46.59269633151084,4595.55,50341,9310.85,-305.0,-3.3877596356770012
2016-08-29,14000,14040,13855,13905,4289,8965,13943.0,13851.5,13827.75,13367.75,118.91148345364309,123.59061893059315,-4.679135476950066,56.65399239543726,201.78571428571428,38.56327223598767,4355.9,46052,9175.9,267.0,3.069671188779033
2016-08-30,13875,13905,13765,13810,4374,9066,13922.0,13879.5,13823.25,13385.083333333334,105.53475213639285,119.9794455717531,-14.44469343536025,51.63636363636364,198.21428571428572,-0.3913936881514877,4224.15,41678,9074.8,101.0,1.126603457891795
2016-08-31,13845,13920,13805,13835,5004,9063,13896.0,13909.0,13824.75,13402.333333333334,95.84603384354705,115.1527632261119,-19.306729382564853,48.046875,189.64285714285714,10.39117332807826,4187.55,46682,8991.65,-3.0,-0.033090668431501324
2016-09-01,13825,14420,13825,14420,10793,11310,13986.0,13967.0,13854.0,13430.166666666666,133.82956186090814,118.88812295307116,14.941438907836982,67.22689075630251,222.85714285714286,121.06799352763431,4577.35,57475,9027.8,2247.0,24.793114862628272
2016-09-02,14460,14935,14370,14495,20654,12220,14093.0,14017.5,13881.5,13459.75,168.0465190042978,128.7198021633165,39.326716840981305,83.60655737704917,234.28571428571428,156.45334111607764,5386.1,78129,9105.2,910.0,8.045977011494255
2016-09-05,14595,14610,14290,14520,13068,11475,14216.0,14079.5,13912.5,13487.166666666666,194.93391825904473,141.96262538246214,52.971292876582595,83.2214765100671,240.71428571428572,105.95176090745792,5800.95,91197,9153.6,-745.0,-6.096563011456624
2016-09-06,14575,14595,14400,14420,5179,10532,14338.0,14130.0,13947.0,13514.916666666666,205.80086732462405,154.73027377089454,51.07059355372951,77.84810126582278,242.5,90.32252130178597,5861.9,86018,9179.55,-943.0,-8.217864923747275
2016-09-07,14385,14400,14200,14240,5275,9919,14419.0,14157.5,13970.75,13538.416666666666,197.61057536945373,163.30633409060638,34.30424127884734,63.6986301369863,236.78571428571428,51.876773169821426,5949.8,80743,9186.15,-613.0,-5.820357007216104
2016-09-08,14160,14385,14115,14135,4757,9399,14362.0,14174.0,13983.25,13560.583333333334,180.56563921803354,166.75819511609183,13.807444101941712,55.12367491166078,240.0,36.86739613964733,5986.25,75986,9162.1,-520.0,-5.242463958060284
2016-09-09,14140,14190,14045,14145,3732,9400,14292.0,14192.5,14000.25,13581.833333333334,165.9513372279689,166.59682353846725,-0.6454863104983417,59.176029962546814,238.57142857142858,20.311709838476084,6054.25,79718,9135.3,1.0,0.010639429726566618
2016-09-12,14060,14190,13820,13835,6425,8893,14155.0,14185.5,14018.5,13599.25,127.8808574667728,158.85363032412837,-30.97277285735558,47.54601226993865,256.7857142857143,-13.167044211979936,6096.25,73293,9158.2,-507.0,-5.393617021276597
2016-09-13,13865,14070,13865,14040,3710,7664,14079.0,14208.5,14044.0,13619.416666666666,112.94950315282404,149.6728048898675,-36.72330173704347,52.100840336134446,266.42857142857144,-10.182757946878564,6000.05,77003,9134.9,-1229.0,-13.819858315529066
2016-09-14,14060,14110,13990,14070,3284,7331,14045.0,14232.0,14070.5,13639.416666666666,102.35713720140666,140.20967135217535,-37.85253415076869,52.76243093922651,261.42857142857144,-2.7680899978009967,5994.75,80287,9112.55,-333.0,-4.344989561586643
2016-09-19,14220,14355,14070,14250,3406,7675,14068.0,14215.0,14091.0,13662.916666666666,107.25078624572234,133.61789433088475,-26.367108085162414,57.323232323232325,268.57142857142856,29.29221237750606,5983.75,83693,9132.2,344.0,4.692402127949813
2016-09-20,14250,14495,14250,14475,6488,9359,14134.0,14213.0,14115.25,13692.0,127.81132853120107,132.45658117094803,-4.645252639746957,63.25581395348837,272.85714285714283,62.56617554003081,6162.95,90181,9262.85,1684.0,21.941368078175906
2016-09-21,14525,14745,14510,14620,9231,10730,14291.0,14223.0,14151.25,13721.5,154.0304277174764,136.77135048025372,17.259077237222698,68.4090909090909,282.14285714285717,93.53058478746352,6464.9,99412,9392.95,1371.0,14.649000961641212
2016-09-22,14580,14610,14395,14550,6580,10683,14393.0,14236.0,14183.0,13749.0,167.2330789008265,142.86369616436826,24.36938273645825,65.92427616926503,290.0,64.9268053315211,6593.55,92832,9503.2,-47.0,-0.4380242311276761
2016-09-23,14580,14745,14320,14515,6818,10848,14482.0,14263.5,14210.5,13775.333333333334,172.8792235156925,148.86680163463313,24.012421881059367,52.802359882005895,277.85714285714283,59.84658407013928,6701.9,86014,9611.65,165.0,1.5445099691097974
2016-09-26,14450,14525,14335,14440,6009,10516,14520.0,14294.0,14234.0,13796.416666666666,169.3498015072164,152.9634016091498,16.3863998980666,48.37758112094395,251.07142857142858,38.02280834449496,6674.1,80005,9687.3,-332.0,-3.06047197640118
2016-09-27,14485,14890,14450,14750,15266,13142,14575.0,14354.5,14273.5,13821.25,189.384017295366,160.24752474639303,29.136492548972967,55.80808080808081,260.35714285714283,78.06107011083832,7217.1,95271,9909.5,2626.0,24.97147204260175
2016-09-28,14750,14795,14605,14650,7117,12178,14581.0,14436.0,14310.75,13841.416666666666,194.94490980978117,167.18700175907065,27.757908050710512,55.80808080808081,260.0,68.07411882174569,7358.5,88154,10070.15,-964.0,-7.3352609952823
2016-09-29,14750,15150,14735,15005,12128,12266,14672.0,14532.5,14370.5,13873.0,225.3992283346397,178.8294470741845,46.569781260455215,67.74941995359629,280.0,103.99501315717454,7746.2,100282,10230.15,88.0,0.7226145508293591
2016-09-30,15130,15460,15080,15445,16243,14037,14858.0,14670.0,14451.0,13914.25,281.79051232608435,199.42166012456448,82.36885220151987,76.30522088353413,293.2142857142857,132.9220203407204,8308.15,116525,10478.85,1771.0,14.438284689385284
2016-10-10,15330,15825,15310,15770,8263,15107,15124.0,14822.0,14518.5,13960.166666666666,348.68635576865745,229.2745992533831,119.41175651527436,78.96613190730838,319.64285714285717,132.8359494922832,8181.65,124788,10668.7,1070.0,7.622711405570981
2016-10-11,15740,15915,15680,15880,7707,15501,15350.0,14962.5,14587.75,14007.5,405.89892421205695,264.5994642451179,141.29945996693908,89.25143953934742,310.0,121.55764138345724,7534.3,132495,10832.75,394.0,2.608062487588536
2016-10-12,15760,15790,15580,15625,6976,14722,15545.0,15063.0,14643.0,14048.5,425.75607699008106,296.8307867941105,128.92529019597055,79.84934086629002,314.64285714285717,90.74768280659833,7229.7,125519,10995.1,-779.0,-5.025482226953104
2016-10-13,15665,15780,15340,15375,8430,13174,15619.0,15145.5,14690.75,14084.916666666666,416.51873427212195,320.7683762897128,95.75035798240913,72.69565217391305,337.5,67.99603030619787,7392.25,117089,11127.2,-1548.0,-10.514875696236924
2016-10-14,15325,15485,15270,15480,5099,12118,15626.0,15242.0,14752.75,14122.083333333334,412.91091608258466,339.19688424828723,73.71403183429743,71.96428571428572,332.5,54.84659807630399,7383.45,122188,11237.15,-1056.0,-8.015788674662216
2016-10-17,15440,15645,15400,15510,4792,11577,15574.0,15349.0,14821.5,14159.416666666666,407.77190278784656,352.91188795619917,54.86001483164739,69.86564299424184,332.5,57.245755207912225,7385.2,126980,11346.05,-541.0,-4.464433074764818
2016-10-18,15435,15650,15420,15610,2761,10852,15520.0,15435.0,14894.75,14195.916666666666,407.0758450465273,363.7446793742648,43.3311656722625,69.3359375,329.64285714285717,54.805624438987095,7336.65,129741,11418.65,-725.0,-6.262416861017539
2016-10-19,15575,15615,15405,15445,2867,9902,15484.0,15514.5,14975.25,14233.166666666666,388.7290665307137,368.7415568055546,19.9875097251591,66.85499058380415,328.57142857142856,44.76057223335817,7158.75,126874,11469.1,-950.0,-8.754146701068933
2016-10-20,15390,15650,15290,15410,9875,11535,15491.0,15555.0,15043.75,14267.666666666666,367.1328261946128,368.4198106833662,-1.2869844887534327,66.85499058380415,323.92857142857144,37.69886569077423,7467.0,116999,11662.65,1633.0,16.49161785497879
2016-10-21,15455,15800,15430,15760,12604,13754,15547.0,15586.5,15128.25,14308.333333333334,373.94907292622156,369.5256631319373,4.423409794284282,72.52559726962457,338.2142857142857,52.48798369101391,7933.0,129603,11983.8,2219.0,19.237104464672726
2016-10-24,15725,15875,15620,15755,11210,14655,15596.0,15585.0,15203.5,14347.75,374.6290488791765,370.54634028138514,4.082708597791338,69.14285714285714,324.2857142857143,56.02849963848673,8323.2,118393,12332.8,901.0,6.550821579176969
2016-10-25,15830,16370,15800,16370,14267,16599,15748.0,15634.0,15298.25,14397.333333333334,419.95234572118716,380.4275413693456,39.52480435184157,77.38853503184714,354.64285714285717,87.61873943318643,8712.15,132660,12694.8,1944.0,13.265097236438073
2016-10-26,16380,16620,16025,16230,15752,15143,15905.0,15694.5,15378.75,14440.583333333334,439.50817833847395,392.2436687631713,47.26450957530267,70.94017094017094,361.42857142857144,86.34257165469988,9038.2,116908,12915.45,-1456.0,-8.771612747755885
2016-10-27,16305,16560,16175,16245,13887,15674,16072.0,15781.5,15463.5,14481.166666666666,451.0176406074206,403.9984631320212,47.01917747539943,66.0,356.42857142857144,80.64199529094435,9403.55,130795,13165.0,531.0,3.506570692729305
2016-10-28,16320,16500,16250,16455,9941,15622,16211.0,15879.0,15560.5,14526.166666666666,471.647360155941,417.5282425368051,54.119117619135864,64.36058700209642,337.85714285714283,79.65266036968654,9559.7,140736,13403.7,-52.0,-0.33175960188848164
2016-10-31,16440,16600,16295,16470,12746,15221,16354.0,15975.0,15662.0,14573.916666666666,483.6319283474495,430.748979698934,52.88294864851548,62.882096069869,342.85714285714283,79.53848041919719,9896.55,153482,13638.95,-401.0,-2.5668928434259386
2016-11-01,16515,16955,16440,16590,17216,14423,16398.0,16073.0,15754.0,14620.833333333334,497.08272190663774,444.01572814047483,53.06699376616291,72.38979118329466,358.2142857142857,90.45416347257593,9994.05,170698,13703.0,-798.0,-5.242756717692664
2016-11-02,16595,16675,16240,16355,11792,12878,16423.0,16164.0,15839.25,14659.25,483.2098938187464,451.8545612761292,31.355332542617248,72.89719626168224,357.85714285714283,63.94325439078938,10227.8,158906,13738.0,-1545.0,-10.712057130971363
2016-11-03,16475,16680,16325,16640,5826,12501,16502.0,16287.0,15921.0,14704.916666666666,489.5692462419793,459.39749826929926,30.17174797268001,75.0,367.85714285714283,71.86883981210234,9912.7,164732,13749.75,-377.0,-2.927473210125797
2016-11-04,16675,16765,16570,16680,5997,11655,16547.0,16379.0,15982.75,14752.833333333334,492.16339134574264,465.95067688458795,26.21271446115469,75.10729613733906,364.2857142857143,76.47482963745111,9400.4,170729,13630.65,-846.0,-6.767458603311738
2016-11-07,16665,17100,16600,17000,13186,12484,16653.0,16503.5,16044.25,14805.583333333334,514.1142071239537,475.5833829324611,38.53082419149263,77.25490196078431,383.57142857142856,87.43845518276085,9646.55,183915,13499.5,829.0,7.112827112827103
2016-11-08,16935,17100,16635,16690,15139,12943,16673.0,16535.5,16084.75,14851.333333333334,500.7239436211403,480.611495070197,20.11244855094327,73.09833024118738,401.7857142857143,69.5244276046116,10018.15,168776,13371.6,459.0,3.6767061839154014
2016-11-09,16675,17050,16550,16690,16014,13330,16740.0,16581.5,16138.0,14897.833333333334,484.5267406645635,481.39454418907036,3.1321964754931173,74.06015037593986,411.7857142857143,58.66566516007944,10470.05,168776,13302.0,387.0,2.9900332225913706
2016-11-10,16810,17465,16790,17400,27674,14148,16892.0,16697.0,16239.25,14959.0,522.9531287679365,489.7062611048436,33.24686766309293,77.1523178807947,439.2857142857143,88.45707970739629,11432.25,196450,13350.7,818.0,6.136534133533389
2016-11-11,17400,17480,17060,17450,17236,13782,17046.0,16796.5,16337.75,15020.416666666666,551.0882974669566,501.98266837726624,49.10562908969041,77.65089722675367,451.07142857142856,87.15944743798083,12039.1,213686,13433.9,-366.0,-2.586938083121293
2016-11-14,17420,18295,16835,17675,38003,13996,17181.0,16917.0,16446.0,15083.583333333334,584.8000302372202,518.5461407492571,66.25388948796308,74.39252336448598,511.42857142857144,95.91387011710609,13699.65,251689,13554.85,214.0,1.5527499637207898
2016-11-15,17650,18565,17615,17790,34447,13877,17401.0,17037.0,16555.0,15150.0,613.7217578465461,537.5812641687149,76.14049367783116,79.43396226415095,536.7857142857143,107.55221581026815,15283.95,286136,13706.1,-119.0,-0.8502429265504485
2016-11-16,17780,18660,17710,18320,40297,16026,17727.0,17233.5,16698.75,15230.833333333334,671.666453177535,564.398301970479,107.26815120705601,82.78041074249604,577.1428571428571,107.13538786790632,17155.45,326433,14012.3,2149.0,15.486056063990784
2016-11-17,18295,18360,17400,17790,29052,14955,17805.0,17348.5,16817.75,15301.833333333334,667.1311979163147,584.9448811596462,82.18631675666848,69.15351506456241,627.5,74.19960046203158,18114.3,297381,14183.3,-1071.0,-6.682890303257205
2016-11-18,17850,17975,17600,17835,17571,14596,17882.0,17464.0,16921.5,15373.416666666666,659.5650441029247,599.868913748302,59.69613035462271,69.4167852062589,632.5,65.15331721476781,18362.65,314952,14225.4,-359.0,-2.4005349381477803
2016-11-21,17860,18340,17665,18230,30034,15870,17993.0,17587.0,17045.25,15446.583333333334,677.630706567048,615.4212723120513,62.20943425499672,71.63588390501319,643.9285714285714,77.83279671992308,19303.85,344986,14286.15,1274.0,8.72841874486161
2016-11-22,18280,19100,18075,19095,34443,18026,18254.0,17827.5,17181.5,15531.666666666666,753.0652773686561,642.9500733233723,110.1152040452838,80.99547511312217,686.0714285714286,107.10229768610633,20312.65,379429,14357.5,2156.0,13.585381222432268
2016-11-23,19010,19355,18765,19170,36808,19929,18424.0,18075.5,17328.5,15619.5,809.5674023286774,676.2735391244333,133.29386320424408,80.04750593824228,702.8571428571429,107.84972516630906,21365.45,416237,14596.8,1903.0,10.556973260845437
2016-11-24,19120,20105,19020,19880,53111,20212,18842.0,18323.5,17510.25,15718.916666666666,901.2477862451742,721.2683885485816,179.97939769659263,82.78688524590164,766.4285714285714,115.31181778592463,23326.65,469348,14823.7,283.0,1.4200411460685514
2016-11-25,19900,20475,19805,20180,63341,20332,19311.0,18596.5,17696.5,15822.5,986.7381407524554,774.3623389893564,212.37580176309893,82.71604938271605,778.5714285714286,114.27864568238698,25996.65,532689,15059.2,120.0,0.5937067088858106
2016-11-28,20470,21635,20295,21635,81833,22721,19992.0,18992.5,17954.75,15950.25,1158.5412602011565,851.1981232317165,307.34313696944,91.17402164862614,849.2857142857143,125.71866328449032,29451.0,614522,15434.2,2389.0,11.749950816446987
2016-11-29,21730,22940,21555,21865,134632,21436,20546.0,19400.0,18218.5,16082.0,1298.2896727583866,940.6164331370505,357.67323962133605,91.49959903769046,912.5,124.9905726470118,35321.8,749154,15784.85,-1285.0,-5.655560934818005
2016-11-30,22080,22145,20670,20670,133981,19933,20846.0,19635.0,18434.25,16194.75,1297.6562105424491,1012.0243886181304,285.63182192431873,74.33035714285714,962.5,83.12154293672411,41431.25,615173,16137.6,-1503.0,-7.011569322634825
2016-12-01,20600,21470,20450,21140,103212,19256,21098.0,19970.0,18659.25,16316.916666666666,1319.8646807659388,1073.592447047692,246.27223371824675,75.84033613445378,1005.3571428571429,70.50668005443816,46300.55,718385,16475.35,-677.0,-3.396377865850597
2016-12-02,21190,21315,20000,20300,65978,18510,21122.0,20216.5,18840.25,16424.666666666668,1255.2147394223393,1109.9169055226216,145.29783389971772,66.92456479690523,995.0,51.07681452181394,49299.6,652407,16818.1,-746.0,-3.874117158288326
2016-12-05,20200,20515,19670,20210,70903,19305,20837.0,20414.5,19000.75,16521.166666666668,1183.0791473221143,1124.5493538825203,58.52979343959396,65.65329883570504,987.5,35.0477066850046,52185.45,581504,17159.15,795.0,4.294975688816849
2016-12-06,20300,21300,20220,20350,50780,19021,20534.0,20540.0,19183.75,16618.75,1124.248365507723,1124.4891562075609,-0.24079069983781665,63.828337874659404,997.5,45.373428490311696,53967.5,632284,17463.05,-284.0,-1.4711214711214726
2016-12-07,20440,21285,20255,21060,71004,18590,20612.0,20729.0,19402.25,16727.75,1121.9821020861054,1123.9877453832698,-2.005643297164397,71.74202127659575,1002.5,48.43919364158929,56717.0,703288,17726.05,-431.0,-2.2659166184743174
2016-12-08,20995,21460,20515,20775,36893,20887,20539.0,20818.5,19571.0,16833.666666666668,1084.6853760197555,1116.127271510567,-31.441895490811476,68.94329896907217,1043.2142857142858,45.56886387130794,57177.95,666395,18063.0,2297.0,12.35610543302852
2016-12-09,20910,21080,20210,20465,34445,21579,20572.0,20847.0,19721.75,16937.416666666668,1018.3738627082857,1096.5765897501108,-78.20272704182503,64.56026058631922,1057.142857142857,30.655042412842345,58038.4,631950,18452.85,692.0,3.3130655431608202
2016-12-12,20520,20960,20180,20440,39992,21011,20618.0,20727.5,19860.0,17042.5,952.8206957239927,1067.8254109448872,-115.00471522089447,59.839063643013894,1039.642857142857,24.850549223636232,58137.85,591958,18803.6,-568.0,-2.632188701978777
2016-12-13,20465,20820,20300,20545,41288,22507,20657.0,20595.5,19997.75,17149.166666666668,898.9790897308994,1034.0561467020898,-135.07705697119036,60.014566642388935,1034.642857142857,22.23946274260176,58479.9,633246,19235.1,1496.0,7.120079958117187
2016-12-14,20785,20815,20315,20490,40861,22526,20543.0,20577.5,20106.25,17260.083333333332,842.1632549530514,995.6775683522822,-153.5143133992308,54.91143317230274,992.8571428571429,18.01069855925485,58508.1,592385,19560.1,19.0,0.08441818101034837
2016-12-15,20600,20950,20250,20745,47917,23768,20537.0,20538.0,20254.0,17371.833333333332,808.3940025777774,958.2208551973813,-149.82685261960387,54.5823195458232,995.0,18.56039850674984,59451.35,640302,20000.75,1242.0,5.513628695729378
2016-12-16,20400,20495,19830,19830,50941,22972,20410.0,20491.0,20353.75,17467.833333333332,699.7326908583709,906.5232223295793,-206.7905314712084,33.95555555555555,956.4285714285714,-16.977583530560764,61119.85,589361,20419.55,-796.0,-3.349040727027941
2016-12-19,19680,19755,18760,18760,63660,23595,20074.0,20346.0,20380.25,17543.0,521.2688974501943,829.4723573537024,-308.203459903508,25.986078886310906,933.9285714285714,-82.55035806003028,62801.15,525701,20805.8,623.0,2.7119972139996618
2016-12-20,18590,18600,17665,18055,96426,22682,19576.0,20116.5,20328.25,17602.666666666668,319.2671345526178,727.4313127934855,-408.1641782408677,28.11715481171548,906.7857142857143,-129.1777200385283,65900.3,429275,21038.6,-913.0,-3.869463869463874
2016-12-21,18220,18665,18110,18405,79332,22843,19159.0,19851.0,20290.0,17665.75,185.28550111944423,619.0021504586773,-433.7166493392331,26.64389410760033,877.5,-103.19224668868671,68026.5,508607,21184.3,161.0,0.7098139493871836
2016-12-22,18380,18425,18010,18070,61569,22810,18624.0,19580.5,20199.5,17724.416666666668,51.47897348810511,505.4975150645629,-454.0185415764578,29.1588785046729,813.2142857142857,-99.5802890904286,68449.4,447038,21314.2,-33.0,-0.14446438733967115
2016-12-23,17820,18560,17780,18260,85061,22598,18310.0,19360.0,20103.5,17786.833333333332,-38.78516039386159,396.640979972878,-435.42614036673956,32.11009174311927,808.5714285714286,-85.56307365293335,69535.4,532099,21427.5,-212.0,-0.9294169224024595
2016-12-26,18155,18450,17070,17385,84403,21366,18035.0,19054.5,19891.0,17835.916666666668,-178.8634970775238,281.54008456279763,-460.4035816403214,26.030719482619233,829.2857142857143,-93.879395899443,69663.9,447696,21359.75,-1232.0,-5.451809894680948
2016-12-27,17400,17705,17260,17655,58416,21876,17955.0,18765.5,19680.5,17884.333333333332,-265.03468966925357,172.2251297163874,-437.259819385641,20.365535248041766,787.5,-87.88487020152343,65853.1,506112,21381.75,510.0,2.386969952260598
2016-12-28,17700,18135,17505,17590,67324,21453,17792.0,18475.5,19526.5,17933.333333333332,-334.7125791394792,70.8375879452141,-405.55016708469327,21.17647058823529,765.0,-71.30730660951465,62520.25,438788,21457.75,-423.0,-1.9336258913878246
2016-12-29,17745,17930,17430,17775,61138,20942,17733.0,18178.5,19358.25,17979.5,-370.7312950590058,-17.476188655629883,-353.2551064033759,25.09259259259258,738.5714285714286,-65.18051188370526,60416.55,499926,21542.05,-511.0,-2.381951242250502
2016-12-30,17690,17825,17310,17665,58199,20607,17614.0,17962.0,19226.5,18016.5,-403.50115744542927,-94.68118241358977,-308.8199750318395,24.703737465815863,719.6428571428571,-62.27414246062048,60027.6,441727,21646.9,-335.0,-1.5996561932957731
2017-01-03,17670,17910,17385,17410,23568,19912,17619.0,17827.0,19086.5,18043.833333333332,-444.91912760635387,-164.7287714521426,-280.19035615421126,22.182786157941436,720.0,-57.166167110340545,57660.85,418159,21677.25,-695.0,-3.3726403649245396
2017-01-04,17515,17720,17280,17715,43190,20139,17631.0,17793.0,18954.75,18074.416666666668,-447.9683164491689,-221.37668045154788,-226.59163599762104,26.42310960067968,715.7142857142857,-51.630853758444154,57281.35,461349,21733.15,227.0,1.140016070711125
2017-01-05,17730,18030,17690,17910,46363,19538,17695.0,17743.5,18797.25,18112.5,-429.6966744718993,-263.0406792556182,-166.6559952162811,25.66523605150215,690.0,-36.57680947854137,56049.3,507712,21780.55,-601.0,-2.984259397189537
2017-01-06,17885,18120,17720,17960,45338,19843,17732.0,17732.5,18656.5,18155.583333333332,-406.4958532706514,-291.7317140586249,-114.76413921202652,31.149193548387103,653.2142857142857,-30.66438894020966,56471.55,553050,21728.35,305.0,1.5610604974920728
2017-01-09,18035,18185,17840,18090,38225,19169,17817.0,17715.5,18537.75,18199.083333333332,-373.31576995605064,-308.0485252381101,-65.26724471794057,41.66666666666667,601.4285714285714,-22.74462462658289,56660.55,591275,21607.85,-674.0,-3.39666381091569
2017-01-10,18060,18865,18040,18755,45653,17887,18086.0,17852.5,18453.5,18253.166666666668,-290.0172343681879,-304.44226706412564,14.425032695937716,58.79396984924623,582.1428571428571,3.542484909131692,56943.6,636928,21451.65,-1282.0,-6.687881475298663
2017-01-11,18800,19015,18620,18780,37703,15489,18299.0,17965.0,18365.25,18306.0,-219.45550723389897,-287.4449150980803,67.98940786418132,55.12995896032832,566.7857142857143,21.333592321741662,56764.35,674631,21100.75,-2398.0,-13.406384525074078
2017-01-12,18770,18840,18360,18660,40210,15242,18449.0,18072.0,18273.75,18359.583333333332,-171.2438348952528,-264.2046990575148,92.960864162262,58.57558139534883,571.4285714285714,19.53908899879836,56731.8,634421,20736.55,-247.0,-1.5946800955516816
2017-01-13,18760,19020,18400,18555,32754,14100,18568.0,18150.0,18164.25,18412.0,-139.89572881915956,-239.34290500984378,99.44717619068422,54.39642324888227,560.0,36.51080608508097,55973.65,601667,20253.15,-1142.0,-7.49245505839129
2017-01-16,18725,19200,18590,18900,28168,16367,18730.0,18273.5,18117.75,18464.333333333332,-86.2196260094679,-208.7182492097686,122.4986232003007,76.8141592920354,507.5,76.6812204273833,54835.0,629835,19922.9,2267.0,16.078014184397162
2017-01-17,19065,19150,18155,18310,31566,16334,18641.0,18363.5,18095.25,18506.916666666668,-90.24866653168283,-185.02433267415148,94.77566614246865,60.413354531001595,546.7857142857143,47.42761194067418,53230.3,598269,19559.85,-33.0,-0.20162522148224893
2017-01-18,18400,18690,18290,18530,32473,17135,18591.0,18445.0,18119.0,18542.916666666668,-74.82698982935108,-162.9848641051914,88.15787427584033,64.24242424242424,530.3571428571429,40.62179576918969,50032.65,630742,19282.5,801.0,4.903881474225535
2017-01-19,18505,18605,18305,18375,30591,18415,18534.0,18491.5,18117.5,18578.666666666668,-74.2564227283292,-145.23917582981898,70.98275310148978,59.174311926605505,516.0714285714286,32.242446866331406,47595.6,600151,19061.1,1280.0,7.4700904581266325
2017-01-20,18460,18500,17825,17975,34638,18182,18418.0,18493.0,18112.75,18607.5,-104.8720020910223,-137.16574108205964,32.293738991037344,54.353932584269664,527.5,-2.814546422930462,46249.05,565513,18829.7,-233.0,-1.2652728753733355
2017-01-23,18150,19000,18015,18725,46626,17814,18383.0,18556.5,18136.0,18645.333333333332,-67.83438475876028,-123.29946981739977,55.46508505863949,66.21454993834772,563.2142857142857,45.8559391078452,44327.3,612139,18590.5,-368.0,-2.023979760202399
2017-01-24,18700,18860,18350,18580,35115,18005,18437.0,18539.0,18195.75,18680.5,-49.610218646492285,-108.56161958321829,58.951400936726,61.10397946084724,568.2142857142857,43.06312739946872,41862.9,577024,18422.45,191.0,1.0721904120354786
2017-01-25,18660,18920,18655,18750,31996,17851,18481.0,18536.0,18250.5,18716.5,-21.205413645184308,-91.0903783956115,69.88496475042719,60.85271317829458,568.2142857142857,56.63256522218222,40541.9,609020,18221.2,-154.0,-0.8553179672313282
2017-01-26,18750,19070,18665,19015,31946,17476,18609.0,18571.5,18321.75,18760.833333333332,22.430321482854197,-68.38623841991836,90.81655990277255,62.91309669522644,568.5714285714286,64.80786057134674,38773.0,640966,18022.35,-375.0,-2.1007226485911135
2017-02-03,18785,19015,18405,18495,14740,17965,18713.0,18565.5,18357.75,18791.75,14.880765569116193,-51.732837622111454,66.61360319122764,54.52513966480446,587.5,31.07259167777589,36453.1,626226,17873.5,489.0,2.7981231403066964
2017-02-06,18515,18870,18475,18680,26374,17662,18704.0,18543.5,18408.5,18825.083333333332,23.554124718531966,-36.67544515398277,60.22956987251474,49.061326658322905,556.7857142857143,31.46050031223672,34861.85,652600,17726.25,-303.0,-1.6866128583356566
2017-02-07,18670,18920,18635,18825,22989,18816,18753.0,18595.0,18479.25,18855.5,41.64802006672471,-21.010752109841278,62.65877217656599,50.54678007290401,548.9285714285714,42.775160177085,34832.9,675589,17671.45,1154.0,6.533801381496995
2017-02-08,18800,19415,18705,19250,38954,21040,18853.0,18667.0,18556.0,18898.166666666668,89.25266149261006,1.0419306106489898,88.21073088196107,56.67420814479638,565.3571428571429,85.52002109095274,34621.1,714543,17716.5,2224.0,11.819727891156461
2017-02-09,19275,19630,19210,19245,33056,21146,18899.0,18754.0,18622.75,18940.75,125.13376048448845,25.860296585416883,99.27346389907157,57.986111111111114,551.0714285714286,107.88860114178652,33955.75,681487,17796.9,106.0,0.5038022813688148
2017-02-10,19290,19525,19180,19435,33809,21279,19087.0,18900.0,18696.5,18974.666666666668,166.97640202530602,54.08351767339472,112.8928843519113,56.42256902761105,529.6428571428571,100.37380669124175,33379.3,715296,17868.7,133.0,0.6289605599167691
2017-02-13,19565,20070,19495,19915,40275,21240,19334.0,19019.0,18787.75,19015.75,236.14683169944692,90.49618047860517,145.65065122084175,69.79038224414303,503.92857142857144,133.7711894239467,33481.8,755571,17972.25,-39.0,-0.1832792894402968
2017-02-14,19990,20015,19525,19830,31577,19524,19535.0,19144.0,18841.5,19051.666666666668,280.86842951594735,128.57063028607362,152.29779922987373,66.58163265306122,510.35714285714283,106.00886381301812,32778.0,723994,18054.1,-1716.0,-8.079096045197742
2017-02-15,19820,19855,19250,19335,31572,17967,19552.0,19202.5,18869.25,19077.416666666668,273.218759092797,157.5002560474183,115.71850304537867,61.267605633802816,532.1428571428571,64.11218428479296,32471.45,692422,18178.0,-1557.0,-7.974800245851254
2017-02-16,19240,19440,18900,18990,32521,16308,19501.0,19200.0,18885.75,19088.583333333332,236.59045595109274,173.3182960281532,63.27215992293952,62.06896551724138,522.5,21.751107181945276,32087.0,659901,18231.3,-1659.0,-9.233594924027388
2017-02-17,18890,18980,18655,18695,26891,14934,19353.0,19220.0,18892.75,19103.666666666668,181.66411638478894,174.98746009948036,6.676656285308582,49.6,473.2142857142857,-14.969332342498506,31793.85,633010,18273.0,-1374.0,-8.425312729948487
2017-02-20,18735,18880,18600,18785,21851,13729,19127.0,19230.5,18887.0,19119.5,143.7399002985403,168.73794813929234,-24.998047840752037,52.77401894451962,456.7857142857143,-16.503802021213062,31478.0,654861,18141.1,-1205.0,-8.068836212669073
2017-02-21,18940,19320,18935,19150,19977,16186,18991.0,19263.0,18929.0,19134.833333333332,141.5059429626126,163.2915471039564,-21.785604141343782,55.141388174807204,470.7142857142857,21.687915534755977,30898.55,674838,18133.7,2457.0,17.896423628814915
2017-02-22,19100,19140,18705,18825,24059,17671,18889.0,19220.5,18943.75,19130.333333333332,112.2171622240603,153.07667012797717,-40.859507903916864,47.59493670886076,473.57142857142856,-7.488209410603685,30477.85,650779,18160.5,1485.0,9.17459532929692
2017-02-23,18950,19135,18605,18720,28498,19085,18835.0,19168.0,18961.0,19122.833333333332,79.61521535226711,138.38437917283517,-58.76916382056805,53.18246110325319,467.85714285714283,-18.225584356404966,30373.2,622281,18194.0,1414.0,8.001810876577453
2017-02-24,18810,18910,18430,18800,33326,18790,18856.0,19104.5,19002.25,19104.833333333332,59.546849964372086,122.61687333114256,-63.07002336677047,51.74927113702625,473.92857142857144,-38.433607428546345,30307.6,655607,18224.4,-295.0,-1.5457165313073062
2017-02-27,18775,18980,18480,18545,37879,19356,18808.0,18967.5,18993.25,19077.583333333332,22.803294746339816,102.65415761418201,-79.8508628678422,46.045197740113,489.2857142857143,-45.46616430822477,29870.25,617728,18301.5,566.0,3.012240553485901
2017-02-28,18630,18695,18380,18450,40055,20394,18668.0,18829.5,18986.75,19024.5,-13.822605150937306,79.35880506115815,-93.18141021209546,37.53894080996885,461.07142857142856,-65.12953084038236,30117.25,577673,18420.95,1038.0,5.362678239305652
2017-03-01,18515,18685,18440,18625,30024,20870,18628.0,18758.5,18980.5,18970.5,-28.400474242527707,57.80694920042098,-86.20742344294868,40.828402366863905,448.57142857142856,-52.914671121795216,30018.65,607697,18571.9,476.0,2.334019809747967
2017-03-02,18740,19010,18680,18835,32030,20140,18651.0,18743.0,18971.5,18939.916666666668,-22.746092770208634,41.696340806295055,-64.44243357650369,41.17647058823529,451.42857142857144,-19.352268896374095,30022.85,639727,18705.1,-730.0,-3.4978437949209407
2017-03-03,18765,18765,18425,18570,24847,19501,18605.0,18730.5,18975.25,18897.083333333332,-39.19640822328802,25.517791000378445,-64.71419922366647,28.88540031397173,435.35714285714283,-51.18235075508897,30528.2,614880,18781.9,-639.0,-3.1727904667328666
2017-03-06,18545,18640,18010,18075,33650,20519,18511.0,18659.5,18945.0,18860.0,-91.12532878370257,2.1891670435622395,-93.3144958272648,25.591098748261473,445.35714285714283,-85.80511624603221,30892.0,581230,18924.75,1018.0,5.220245115635103
2017-03-07,18100,18205,17950,17990,25161,20397,18419.0,18543.5,18903.25,18823.0,-137.55254200016134,-25.759174765182475,-111.79336723497886,28.88540031397173,420.35714285714283,-93.92187143701476,31000.6,556069,19003.8,-122.0,-0.5945708855207399
2017-03-08,18010,18115,17715,17990,32494,19044,18292.0,18460.0,18840.25,18783.666666666668,-172.35958891334303,-55.079257594814585,-117.28033131852845,32.39436619718309,410.35714285714283,-90.18340388056139,30677.6,556069,18904.0,-1353.0,-6.633328430651564
2017-03-09,18050,18090,17550,17625,35280,18323,18050.0,18350.5,18759.25,18726.416666666668,-226.78266454146797,-89.41993898414526,-137.3627255573227,31.61512027491409,425.0,-92.59286489136143,30788.8,520789,18762.85,-721.0,-3.785969334173489
2017-03-10,17675,17950,17675,17840,22965,17070,17904.0,18254.5,18679.5,18677.5,-249.68641137784653,-121.47323346288553,-128.213177914961,34.431630971993414,428.2142857142857,-76.68799353282236,30246.6,543754,18552.4,-1253.0,-6.838399825356111
2017-03-13,17905,18260,17780,18160,32355,16031,17921.0,18216.0,18591.75,18639.083333333332,-239.2584476584525,-145.03027630199892,-94.22817135645357,33.4448160535117,424.2857142857143,-52.18712155413392,29850.6,576109,18291.95,-1039.0,-6.086701816051554
2017-03-14,18185,18330,17915,18030,22328,14633,17929.0,18174.0,18501.75,18598.916666666668,-238.73216898760438,-163.77065483912003,-74.96151414848435,35.77817531305904,422.14285714285717,-47.53884088416085,29388.15,553781,18047.4,-1398.0,-8.72060383007922
2017-03-15,17860,18180,17650,18055,32355,15101,17942.0,18117.0,18437.75,18557.416666666668,-233.6049458809539,-177.7375130474868,-55.86743283346709,37.753222836095766,422.14285714285717,-57.92786004238767,29427.3,586136,17904.1,468.0,3.198250529624813
2017-03-16,18170,18540,18170,18540,17081,17678,18125.0,18087.5,18415.25,18524.916666666668,-188.23626742553097,-179.83726392309566,-8.399003502435306,45.833333333333336,422.5,-1.7674868088749172,28655.3,603217,17972.6,2577.0,17.06509502681941
2017-03-17,18590,18590,18310,18455,13389,17637,18248.0,18076.0,18403.25,18486.75,-157.326490659314,-175.33510927033933,18.008618611025327,48.47457627118644,406.7857142857143,4.607283446849271,27980.2,589828,18107.75,-41.0,-0.23192668853943
2017-03-20,18535,18715,18320,18545,19096,18806,18325.0,18123.0,18391.25,18465.333333333332,-124.1370474304058,-165.09549690235264,40.958449471946835,51.61290322580645,412.5,15.692580839450176,27842.45,608924,18361.6,1169.0,6.628111356806721
2017-03-21,18560,18605,18200,18445,20285,19494,18408.0,18168.5,18356.0,18460.083333333332,-104.69646316353464,-153.01569015458904,48.31922699105439,46.864111498257834,423.92857142857144,6.961669453122698,27857.85,588639,18527.0,688.0,3.6584068914176315
2017-03-22,18600,18600,17925,18060,31145,20742,18409.0,18175.5,18317.75,18460.166666666668,-118.98436479873635,-146.2094250834185,27.225060284682144,37.274220032840724,444.64285714285717,-20.708045800143008,28212.15,557494,18680.55,1248.0,6.4019698368728895
2017-03-23,18325,18790,18175,18605,50129,23078,18422.0,18273.5,18312.0,18463.5,-85.34685907362655,-134.0369118814601,48.69005280783355,50.52631578947368,467.5,32.510522548177946,29293.7,607623,18880.2,2336.0,11.262173368045513
2017-03-24,18605,18605,18100,18230,41834,23883,18377.0,18312.5,18283.5,18466.166666666668,-87.9346040573837,-124.81645031664483,36.88184625926114,52.418096723868956,458.57142857142856,2.2908914375414247,29719.1,565789,19134.85,805.0,3.4881705520409145
2017-03-27,18160,18315,17690,17730,39788,24123,18214.0,18269.5,18242.75,18457.333333333332,-128.84597572206985,-125.62235539772985,-3.223620324340004,46.408839779005525,485.0,-57.96767252133599,29814.55,526001,19373.2,240.0,1.0048988820499982
2017-03-28,17750,17810,17145,17275,56004,26624,17980.0,18194.0,18184.0,18455.5,-195.72701077876263,-139.6432864739364,-56.083724304826234,41.22699386503067,503.92857142857144,-113.87229126594053,30612.0,469997,19684.7,2501.0,10.367698876590815
2017-03-29,17410,17700,17230,17525,61021,27825,17873.0,18141.0,18129.0,18453.333333333332,-225.95315493111775,-156.90526016537268,-69.04789476574507,48.73737373737374,498.92857142857144,-89.37800573446584,32161.85,531018,20032.45,1201.0,4.510967548076916
2017-03-30,17455,17585,17115,17270,53247,28743,17606.0,18014.0,18050.75,18448.0,-267.40152251565814,-179.0045126354298,-88.39700988022835,42.875,509.2857142857143,-99.21344276030472,33222.7,477771,20462.6,918.0,3.2991913746630797
2017-03-31,17320,17590,17265,17400,45533,26279,17440.0,17908.5,17992.25,18441.75,-286.45763361447825,-200.4951368312395,-85.96249678323875,40.02624671916011,498.2142857142857,-77.53991096964081,34257.0,523304,20801.5,-2464.0,-8.572522005357829
2017-04-05,17300,17625,17200,17535,23883,24540,17401.0,17807.5,17965.25,18439.583333333332,-287.353929961253,-217.8668954572422,-69.48703450401081,43.51245085190039,498.92857142857144,-65.22699522486481,33768.65,547187,21002.55,-1739.0,-6.617451196773095
2017-04-06,17560,17695,17420,17580,30320,25331,17462.0,17721.0,17944.75,18442.416666666668,-281.19172419349707,-230.5318612044932,-50.65986298900387,43.80704041720991,480.7142857142857,-47.127617221403376,34026.6,577507,21249.25,791.0,3.223308883455589
2017-04-07,17650,17650,16310,16325,62469,25827,17222.0,17547.5,17861.5,18419.25,-373.273281222253,-259.08014520804517,-114.19313601420782,25.950054288816517,541.7857142857143,-115.56221067691526,35525.35,515038,21588.4,496.0,1.9580750858631646
2017-04-10,16350,16655,16240,16480,45399,22513,17064.0,17335.0,17804.25,18395.416666666668,-428.79845232771913,-293.02380663197994,-135.7746456957392,28.87700534759358,551.4285714285714,-117.02857766387025,36031.3,560437,21797.9,-3314.0,-12.831532891934794
2017-04-11,16465,16550,16240,16340,36374,21626,16852.0,17146.0,17729.25,18368.416666666668,-478.5825783809705,-330.13556098177804,-148.44701739919248,26.66666666666667,545.3571428571429,-103.04218160282427,36701.75,524063,22025.7,-887.0,-3.9399458090880857
2017-04-12,16460,16520,15920,16250,47749,20571,16595.0,16998.0,17633.75,18337.75,-519.3127902075285,-367.97100682692815,-151.3417833806003,26.72322375397667,559.2857142857143,-96.11728571232804,37471.45,476314,22252.7,-1055.0,-4.878387126606865
2017-04-13,16335,16545,16135,16485,32590,19263,16376.0,16919.0,17556.5,18299.916666666668,-526.5593916077341,-399.68868378308935,-126.8707078246448,32.74917853231106,540.3571428571429,-75.3052916020388,37984.55,508904,22484.2,-1308.0,-6.35846580137086
2017-04-14,16455,16505,16085,16175,29255,18230,16346.0,16784.0,17462.5,18256.5,-550.9655962192046,-429.9440662703124,-121.02152994889218,21.93995381062355,518.2142857142857,-73.92430810488537,37829.55,479649,22640.65,-1033.0,-5.362612261849142
2017-04-17,16230,16885,16230,16510,26355,19624,16352.0,16708.0,17361.0,18220.666666666668,-537.0848095618785,-451.3722149286257,-85.71259463325282,29.95337995337995,532.8571428571429,-51.45826549102323,38293.25,506004,22737.95,1394.0,7.646736149204614
2017-04-18,16540,16650,15980,16210,33002,22056,16326.0,16589.0,17248.75,18181.583333333332,-544.0205486814993,-469.90188167920047,-74.11866700229888,31.418092909535446,536.0714285714286,-60.833802106624745,39273.9,473002,22958.9,2432.0,12.392988177741548
2017-04-19,16125,16150,15550,15915,55798,22615,16259.0,16427.0,17117.25,18131.833333333332,-566.7876314825553,-489.2790316398715,-77.5085998426838,32.69720101781171,535.7142857142857,-77.00232701650249,41109.0,417204,23149.35,559.0,2.5344577439245564
2017-04-20,15950,16225,15865,16160,49370,22216,16194.0,16285.0,17003.0,18096.0,-558.6218116659147,-503.1475876450802,-55.47422402083453,32.61146496815287,527.8571428571429,-58.930124825392404,42563.25,466574,23285.45,-399.0,-1.7643157196550963
2017-04-21,16145,16320,16010,16085,42908,22723,16176.0,16261.0,16904.25,18055.25,-551.8409350384463,-512.8862571237535,-38.954677914692866,34.17890520694259,516.4285714285714,-50.710288422164524,43151.4,423666,23384.5,507.0,2.2821389989196916
2017-04-24,16000,16065,15775,15990,44971,23536,16072.0,16212.0,16773.5,18015.5,-547.817844403955,-519.8725745797938,-27.945269824161187,30.997304582210248,515.3571428571429,-59.749509700346266,42893.5,378695,23407.4,813.0,3.5778726400563343
2017-04-25,16020,16045,15800,15945,30179,24557,16019.0,16172.5,16659.25,17981.666666666668,-542.0126555090792,-524.3005907656509,-17.7120647434283,28.038674033149164,502.5,-57.80182661088778,42310.75,348516,23441.1,1021.0,4.338035350101976
2017-04-26,16010,16210,15955,16110,37200,24147,16058.0,16158.5,16578.25,17938.083333333332,-518.1252550300869,-523.0655236185381,4.940268588451204,30.347593582887697,501.7857142857143,-42.065536965307494,42181.35,385716,23442.3,-410.0,-1.6695850470334284
2017-04-27,16135,16250,16100,16180,28206,24825,16062.0,16128.0,16523.5,17898.083333333332,-487.92144832967824,-516.0367085607662,28.115260231087973,47.16242661448141,416.7857142857143,-31.20128191652345,40791.45,413922,23352.35,678.0,2.807802211454846
2017-04-28,16255,16430,16155,16355,38769,24384,16116.0,16146.0,16465.0,17858.166666666668,-444.7370248654879,-501.7767718217106,57.0397469562227,47.57281553398058,406.7857142857143,-15.520664384290615,39678.85,452691,23180.3,-441.0,-1.776435045317215
2017-05-02,16500,16860,16355,16485,19494,24198,16215.0,16143.5,16425.75,17816.0,-395.46447628396345,-480.51431271416124,85.04983643019779,52.82651072124756,420.7142857142857,12.456527911286795,37991.2,472185,22953.05,-186.0,-0.7627952755905554
2017-05-03,16500,16520,16195,16230,25489,24949,16272.0,16145.5,16367.25,17778.25,-372.69579034363414,-458.9506082400559,86.25481789642174,49.633699633699635,401.07142857142856,-8.106115624712771,36989.0,446696,22886.55,751.0,3.1035622778742056
2017-05-04,16185,16230,15870,15995,31474,25039,16249.0,16153.5,16290.25,17733.5,-369.35626956026135,-441.031740504097,71.67547094383565,41.02564102564102,397.5,-38.16018885775459,37368.55,415222,22911.5,90.0,0.36073590123852917
2017-05-05,15950,16205,15905,16020,29608,24654,16217.0,16139.5,16212.25,17686.75,-360.5363456466748,-424.9326615326126,64.39631588593778,46.830265848670756,388.92857142857144,-42.11857885739478,37332.95,444830,22877.65,-385.0,-1.5376013419066248
2017-05-08,16050,16185,15805,16050,37492,24857,16156.0,16136.0,16198.5,17633.416666666668,-347.12431015145194,-409.3709912563805,62.24668110492854,39.25233644859813,365.35714285714283,-46.51573043325171,36084.1,482322,22829.15,203.0,0.8233957978421413
2017-05-09,16070,16115,15915,16050,26876,24718,16069.0,16142.0,16177.0,17580.166666666668,-332.6604725395082,-394.02888751300605,61.36841497349786,45.65217391304348,331.7857142857143,-39.03390689664145,35157.95,482322,22939.4,-139.0,-0.5591986160840001
2017-05-10,16060,16280,16055,16190,33302,23430,16061.0,16166.5,16169.5,17526.083333333332,-306.36931233026917,-376.4969724764587,70.12766014618956,58.160237388724035,301.07142857142856,1.1066234029458355,35004.35,515624,23029.6,-1288.0,-5.210777571000891
2017-05-11,16170,16425,16060,16340,32537,22784,16130.0,16189.5,16174.0,17466.5,-270.3136248463343,-355.26030295043387,84.94667810409959,55.660377358490564,301.42857142857144,26.422483267390966,34243.75,548161,23140.25,-646.0,-2.757148954332056
2017-05-12,16295,16320,15980,16020,32790,22112,16130.0,16173.5,16150.75,17403.0,-264.51143522391976,-337.1105294051311,72.59909418121134,48.228882833787466,305.0,-13.996811621383078,34253.75,515371,23282.7,-672.0,-2.94943820224719
2017-05-15,16070,16115,15845,15965,31224,21247,16113.0,16134.5,16140.25,17346.833333333332,-261.33864922089924,-321.95615336828473,60.61750414738549,49.30362116991644,302.14285714285717,-44.82296387166588,34352.2,484147,23433.55,-865.0,-3.911903039073805
2017-05-16,15955,16040,15500,15715,34984,21155,16046.0,16057.5,16100.5,17292.25,-275.817649939665,-312.7284526825608,36.91080274289584,44.25,323.2142857142857,-95.72948312805677,34783.65,449163,23510.1,-92.0,-0.43300230620793023
2017-05-17,15680,15785,15605,15710,24450,19958,15950.0,16005.5,16075.5,17242.5,-284.4172356886702,-307.0662092837827,22.648973595112523,39.130434782608695,317.14285714285717,-93.75383542909128,34356.05,424713,23405.2,-1197.0,-5.6582368234459945
2017-05-18,15780,15795,15395,15425,28199,20856,15767.0,15948.5,16051.0,17186.5,-310.64862354685283,-307.78269213639675,-2.865931410456085,31.6301703163017,335.0,-113.20254174985327,32976.1,396514,23317.25,898.0,4.499448842569387
2017-05-19,15355,15540,15140,15385,30340,19968,15640.0,15885.0,16012.25,17123.75,-330.8510086374881,-312.396355436615,-18.45465320087311,24.73958333333333,343.92857142857144,-119.8394651173411,32024.6,366174,23204.85,-888.0,-4.257767548906788
2017-05-22,15500,15815,15500,15730,27061,17804,15593.0,15853.0,15994.5,17072.166666666668,-315.38733873827186,-312.9945520969464,-2.392786641325472,32.31850117096019,338.57142857142856,-55.45008696153598,31232.25,393235,22958.9,-2164.0,-10.837339743589746
2017-05-23,15875,16040,15700,15865,21953,19773,15623.0,15834.5,15988.25,17024.583333333332,-288.90853937292195,-308.17734955214155,19.2688101792196,40.94292803970223,339.64285714285717,-22.23534102164917,30081.35,415188,22770.75,1969.0,11.059312514041796
2017-05-24,15840,15975,15655,15930,27827,20465,15667.0,15808.5,15987.5,16976.75,-259.6854511023721,-298.4789698621877,38.79351875981558,48.23848238482385,336.7857142857143,-24.049087840012664,29963.75,443015,22566.15,692.0,3.499721842917114
2017-05-25,15920,15980,15815,15930,22607,20638,15768.0,15767.5,15978.5,16933.166666666668,-233.83049076388124,-285.5492740425264,51.71878327864516,47.527472527472526,327.14285714285717,-13.011089457744006,29234.1,443015,22390.7,173.0,0.8453457121915475
2017-05-26,15930,16010,15855,15980,25989,21346,15887.0,15763.5,15968.5,16892.0,-206.92041652986154,-269.82350253999346,62.903086010131915,48.09782608695653,311.07142857142856,-4.1915055500813425,29123.25,469004,22216.75,708.0,3.430564977226469
2017-05-31,15930,16215,15770,15835,23953,21574,15908.0,15750.5,15942.5,16845.5,-195.0459091780831,-254.8679838676114,59.82207468952831,44.584382871536526,328.57142857142856,-2.4863769992371845,28382.45,445051,22076.25,228.0,1.0681158062400442
2017-06-01,15865,16170,15800,16090,33004,21798,15953.0,15788.0,15922.75,16799.75,-163.17789448163967,-236.52996599041705,73.35207150877739,47.61904761904762,338.57142857142856,19.933611546523455,29057.95,478055,21956.25,224.0,1.0382868267358791
2017-06-02,16075,16250,16000,16185,32298,21592,16004.0,15835.5,15920.5,16760.0,-128.77215197608712,-214.97840318755107,86.20625121146395,46.210268948655255,330.35714285714283,50.9543194941661,29398.4,510353,21788.4,-206.0,-0.9450408294338963
2017-06-05,16110,16630,16040,16500,40819,22015,16118.0,15943.0,15945.75,16733.75,-75.22039187086921,-187.0268009242147,111.8064090533455,61.76470588235294,346.7857142857143,92.41306139878533,29865.65,551172,21637.2,423.0,1.9590589107076672
2017-06-06,16450,16720,16400,16605,39125,22423,16243.0,16065.0,15975.0,16710.666666666668,-24.03060384688615,-154.427561508749,130.39695766186284,65.311004784689,350.35714285714283,107.92943097421703,30341.5,590297,21525.65,408.0,1.853281853281863
2017-06-07,16590,16780,16375,16480,43257,21493,16372.0,16140.0,15996.5,16685.5,6.3776984949454345,-122.2665095080101,128.64420800295554,69.46564885496184,340.7142857142857,89.0237389961962,30629.75,547040,21357.45,-930.0,-4.147527092717295
2017-06-08,16485,16750,16370,16670,32237,20935,16488.0,16220.5,16027.5,16669.583333333332,45.285881828347556,-88.75603124073858,134.04191306908615,72.32558139534883,355.0,85.01642125337357,30897.8,579277,21168.3,-558.0,-2.596194109710137
2017-06-09,16675,16920,16530,16850,32297,20906,16621.0,16312.5,16060.5,16653.083333333332,89.61239718268189,-53.08234555605449,142.69474273873638,84.84107579462102,354.2857142857143,95.03133854198704,30847.55,611574,21042.1,-29.0,-0.13852400286601396
2017-06-12,16985,17120,16825,17070,29783,19648,16735.0,16426.5,16097.0,16634.916666666668,140.86978217901196,-14.291920009041199,155.16170218805317,87.86516853932584,346.7857142857143,106.39471290322587,30709.85,641357,20885.3,-1258.0,-6.017411269492012
2017-06-13,17035,17050,16725,16825,30044,19078,16779.0,16511.0,16137.25,16614.833333333332,159.87918886070838,20.542301764908718,139.33688709579965,75.76470588235294,340.7142857142857,79.74886462921533,30572.55,611313,20733.6,-570.0,-2.901058631921827
2017-06-14,16975,17030,16685,16975,32430,17986,16878.0,16625.0,16187.75,16596.833333333332,184.91642556162697,53.41712652425237,131.4992990373746,75.93457943925233,341.07142857142856,73.41930325917268,30632.85,643743,20570.55,-1092.0,-5.723870426669464
2017-06-15,16975,17215,16920,17110,34334,18414,16966.0,16727.0,16257.5,16573.0,213.1944152781689,85.37258427503568,127.82183100313321,76.69683257918552,339.2857142857143,80.55813559947144,30600.35,678077,20433.5,428.0,2.379628600022232
2017-06-16,17125,17380,17120,17295,25394,17929,17055.0,16838.0,16336.75,16553.666666666668,247.6778041982143,117.8336282596714,129.8441759385429,78.49686847599165,346.7857142857143,85.3831805932427,30647.55,703471,20332.05,-485.0,-2.63386553709134
2017-06-19,17280,17485,17165,17405,25496,16787,17122.0,16928.5,16435.75,16534.666666666668,280.6470940449981,150.39632141673673,130.25077262826136,79.0224032586558,358.57142857142856,82.8352049018101,30512.4,728967,20128.6,-1142.0,-6.369568854927765
2017-06-20,17410,17780,17355,17675,25947,17403,17292.0,17035.5,16550.25,16521.833333333332,324.81793829481103,185.2806447923516,139.53729350245942,85.65891472868218,357.14285714285717,94.31725948877849,30292.75,754914,20000.35,616.0,3.6695061654852035
2017-06-21,17620,17740,17460,17600,28482,16283,17417.0,17147.5,16643.75,16514.166666666668,349.7401901908779,218.17255387205688,131.56763631882103,81.45833333333333,350.7142857142857,83.76587202264788,30363.8,726432,19924.3,-1120.0,-6.43567201057289
2017-06-22,17580,17695,17475,17535,20925,17224,17502.0,17234.0,16727.25,16496.333333333332,360.09534264288595,246.5571116262227,113.53823101666325,78.48101265822785,348.57142857142856,72.68648812666407,30312.4,705507,19796.85,941.0,5.779033347663209
2017-06-23,17650,17665,17210,17375,20229,17915,17518.0,17286.5,16799.5,16482.083333333332,351.341170431293,267.5139233872368,83.82724704405621,69.75169300225734,338.92857142857144,54.801716234080665,29932.5,685278,19669.35,691.0,4.011843938690207
2017-06-26,17385,17405,17050,17180,28648,19509,17473.0,17297.5,16862.0,16472.916666666668,324.92304496145516,278.99574770208045,45.92729725937471,62.47288503253796,341.42857142857144,33.439995550097464,30234.55,656630,19612.9,1594.0,8.897571867150432
2017-06-27,17200,17440,17130,17405,27835,20341,17419.0,17355.5,16933.25,16475.083333333332,318.47097463652244,286.89079308896885,31.580181547553593,69.23076923076923,334.64285714285717,39.713429137951124,30326.85,684465,19562.65,832.0,4.264698344353879
2017-06-28,17410,17890,17390,17715,40856,21253,17442.0,17429.5,17027.25,16478.25,334.5159796567459,296.4158304025243,38.100149254221606,70.6930693069307,343.2142857142857,67.30851824290131,31172.0,725321,19546.6,912.0,4.483555380758064
2017-06-29,17675,17865,17590,17735,31229,20843,17482.0,17492.0,17109.5,16486.0,344.870146214962,306.1066935650118,38.76345264995018,68.71035940803382,335.0,69.47734502212317,31083.25,756550,19498.85,-410.0,-1.9291394156119135
2017-06-30,17750,17880,17580,17800,31857,21289,17567.0,17542.5,17190.25,16492.666666666668,354.23742604017025,315.73284006004354,38.504585980126706,66.5158371040724,335.35714285714283,68.0464210302815,31061.2,788407,19483.7,446.0,2.1398071294919108
2017-07-03,17800,18170,17725,18100,27272,21907,17751.0,17612.0,17270.25,16502.083333333332,381.47119312784343,328.88051067360357,52.59068245423987,78.1456953642384,342.5,87.20439218742577,30383.85,815679,19478.3,618.0,2.902907604866356
2017-07-04,18050,18210,17655,17765,27842,21819,17823.0,17621.0,17328.25,16505.166666666668,371.73729334607197,337.45186720809727,34.285426137974696,66.12244897959184,357.5,66.8700721806328,29819.7,787837,19448.1,-88.0,-0.40169808736932877
2017-07-05,17705,17930,17420,17475,38960,20845,17775.0,17608.5,17378.0,16524.333333333332,336.7407930230729,337.3096523710924,-0.5688593480194868,57.005758157389636,372.85714285714283,31.79772415042341,29604.85,748877,19415.7,-974.0,-4.463999266694163
2017-07-06,17440,17650,17315,17580,27377,20148,17744.0,17613.0,17423.5,16542.666666666668,313.86044897487955,332.6198116918498,-18.75936271697026,55.64356435643564,377.5,15.727179978381447,29361.85,776254,19376.35,-697.0,-3.3437275125929533
2017-07-07,17645,17850,17530,17810,23268,20117,17746.0,17656.5,17471.5,16567.166666666668,310.7050745898305,328.236864271446,-17.53178968161552,57.65595463137996,377.5,43.00876209715422,28910.4,799522,19336.9,-31.0,-0.15386142545166237
2017-07-10,17750,17890,17545,17580,27932,19806,17642.0,17696.5,17497.0,16589.333333333332,286.3445382529426,319.8583990677453,-33.51386081480274,48.17658349328215,371.7857142857143,30.133464495013524,28817.85,771590,19344.8,-311.0,-1.5459561564845625
2017-07-11,17600,18000,17500,17985,33466,20939,17686.0,17754.5,17555.0,16614.333333333332,296.30315464708474,315.1473501836132,-18.844195536528446,56.5587734241908,387.5,52.67522802426647,28988.95,805056,19437.85,1133.0,5.720488740785612
2017-07-12,17950,18085,17810,17920,25090,20084,17775.0,17775.0,17602.25,16643.416666666668,295.5436301166046,311.2266061702115,-15.682976053606865,56.5587734241908,391.42857142857144,70.62676596617956,28621.95,779966,19542.75,-855.0,-4.083289555375136
2017-07-13,17950,17995,17785,17885,16070,19477,17836.0,17790.0,17641.0,16666.333333333332,288.788519671165,306.7389888704022,-17.950469199237205,59.07473309608541,373.92857142857144,57.50830563183927,27708.75,763896,19595.9,-607.0,-3.0223063134833694
2017-07-14,17865,17905,17470,17600,23025,18704,17794.0,17770.0,17656.25,16689.5,257.4699742262055,296.8851859415629,-39.41521171535737,57.24137931034483,379.64285714285717,2.7132011709842168,27590.3,740871,19634.65,-773.0,-3.9687836935873078
2017-07-17,17695,17890,17560,17835,20193,17734,17845.0,17743.5,17677.75,16721.5,248.74496028241992,287.2571408097343,-38.5121805273144,57.388316151202744,381.07142857142856,23.584018597128686,27325.15,761064,19682.0,-970.0,-5.186056458511546
2017-07-18,17760,17940,17510,17635,22488,17009,17775.0,17730.5,17675.75,16746.083333333332,223.12000679047924,274.4297140058833,-51.309707215404046,48.57142857142857,376.07142857142856,5.769589974635366,27152.2,738576,19662.3,-725.0,-4.0881921732265685
2017-07-19,17560,17635,17410,17535,19712,15909,17698.0,17736.5,17672.5,16770.25,192.52359015958064,258.0484892366228,-65.52489907704216,46.52777777777778,372.5,-35.1741378721745,26713.7,718864,19643.6,-1100.0,-6.467164442354045
2017-07-20,17430,17485,17150,17330,19888,14498,17587.0,17711.5,17662.25,16792.583333333332,150.00476128740047,236.43974364677834,-86.43498235937787,42.21854304635762,378.57142857142856,-77.77951929224115,26661.85,698976,19507.3,-1411.0,-8.869193538248787
2017-07-21,17360,17450,17205,17430,16285,14582,17553.0,17673.5,17665.0,16817.333333333332,122.96004053241995,213.74380302390668,-90.78376249148673,38.12056737588653,364.2857142857143,-66.7330755350421,26464.65,715261,19340.65,84.0,0.5793902607256207
2017-07-24,17500,17645,17365,17460,19934,16875,17478.0,17661.5,17679.0,16839.833333333332,102.76306512002702,191.54765544313076,-88.78459032310374,43.936381709741546,344.64285714285717,-45.04984900163089,26028.95,735195,19208.95,2293.0,15.724866273487859
2017-07-25,17460,17650,17430,17645,26222,18601,17480.0,17627.5,17691.0,16864.25,100.52596968159924,173.34331829082447,-72.81734860922523,53.52697095435685,323.92857142857144,-28.902614081671903,25948.3,761417,19121.95,1726.0,10.228148148148142
2017-07-26,17660,18125,17660,17935,48648,19161,17560.0,17629.0,17702.0,16890.583333333332,120.76156761808306,162.8269681562762,-42.06540053819313,56.84007707129094,334.2857142857143,57.16791229492409,26337.9,810065,19017.35,560.0,3.010590828450077
2017-07-27,17910,18230,17850,18215,45155,23417,17737.0,17662.0,17726.0,16919.416666666668,157.5756507008773,161.77670466519643,-4.201053964319129,57.65595463137996,338.57142857142856,92.9500253034701,27034.2,855220,19146.05,4256.0,22.21178435363498
2017-07-28,18185,18300,17965,18030,42185,22637,17857.0,17705.0,17737.5,16949.416666666668,169.86502461815326,163.3943686557878,6.47065596236547,58.65384615384615,337.85714285714283,82.02751054337064,27550.6,813035,19213.45,-780.0,-3.330913438954608
2017-07-31,18135,18480,18100,18400,37759,24506,18045.0,17761.5,17752.5,16989.5,207.0733372357572,172.1301623717817,34.943174863975514,58.0896686159844,334.2857142857143,113.5444795973968,28074.95,850794,19343.4,1869.0,8.256394398551038
2017-08-01,18350,18425,18165,18185,19992,23129,18153.0,17816.5,17773.5,17025.583333333332,216.714341853698,181.04699826816497,35.66734358553302,54.88029465930018,333.2142857142857,88.41569139691114,27682.45,830802,19408.9,-1377.0,-5.619032073777852
2017-08-02,18185,18455,18135,18440,25901,23542,18254.0,17907.0,17821.75,17065.416666666668,242.14003673267143,193.26560596106626,48.87443077160518,59.45485519591141,341.07142857142856,88.87863496325761,27029.5,856703,19543.75,413.0,1.785637078991753
2017-08-03,18430,18780,18380,18425,31577,23476,18296.0,18016.5,17864.0,17105.0,258.10444113377525,206.23337299560808,51.871068138167175,65.47842401500938,338.57142857142856,100.17464424694502,27239.5,825126,19710.15,-66.0,-0.28035001274318017
2017-08-04,18475,18725,18450,18685,19142,23394,18427.0,18142.0,17907.75,17146.583333333332,288.41154496787567,222.6690073900616,65.74253757781406,65.79925650557621,336.42857142857144,95.9321556794306,27033.2,844268,19874.0,-82.0,-0.34929289487135584
2017-08-07,18670,19105,18555,18935,33474,22718,18534.0,18289.5,17975.5,17189.833333333332,328.8127055790028,243.89774702784985,84.91495855115295,73.72262773722628,345.0,105.55241856009592,27310.3,877742,20019.6,-676.0,-2.889629819611861
2017-08-08,19010,19165,18970,19035,24895,20580,18704.0,18428.5,18028.0,17240.083333333332,364.69609117940854,268.0574158581616,96.63867532124692,77.37226277372262,345.35714285714283,105.09974131122149,26881.75,902637,20001.65,-2138.0,-9.41103970419931
2017-08-09,19010,20200,18905,19700,33599,18789,18956.0,18605.0,18117.0,17302.333333333332,441.7022070637249,302.7863740992743,138.9158329644506,87.03125,410.35714285714283,123.5285042356929,27307.2,936236,19936.9,-1791.0,-8.702623906705542
2017-08-10,19585,19635,19305,19420,29171,17716,19155.0,18725.5,18193.75,17364.083333333332,474.66480831709487,337.1620609428385,137.5027473742564,79.43786982248521,421.07142857142856,94.31003658121564,27962.25,907065,19848.85,-1073.0,-5.710788227154184
2017-08-11,19410,19430,18920,19010,28465,15831,19220.0,18823.5,18264.25,17419.083333333332,462.3743698880535,362.20452273188147,100.16984715617201,70.61170212765957,437.5,62.45743595717468,28234.25,878600,19705.2,-1885.0,-10.640099345224652
2017-08-14,19090,19220,18905,19050,19673,15078,19243.0,18888.5,18325.0,17479.5,450.6667686130204,379.8969719081093,70.76979670491107,69.43291839557399,444.2857142857143,52.44076746873738,28208.25,898273,19572.4,-753.0,-4.756490430168658
2017-08-15,19040,19325,19000,19215,17168,13901,19279.0,18991.5,18404.0,17543.333333333332,449.5207360629174,393.821724739071,55.699011323846435,68.33810888252148,433.2142857142857,55.062020713753235,27942.25,915441,19417.0,-1177.0,-7.806075076270059
2017-08-16,19280,19510,19235,19440,28047,18701,19227.0,19091.5,18499.25,17605.166666666668,461.448821830636,407.34714415738404,54.10167767325197,67.8311499272198,427.14285714285717,63.234402855051115,28359.0,943488,19556.6,4800.0,34.52988993597583
2017-08-17,19580,20535,19580,20365,65207,22475,19416.0,19285.5,18651.0,17680.166666666668,539.3246859297833,433.7426525118639,105.58203341791938,77.96407185628743,481.42857142857144,101.14006642001364,30624.95,1008695,19955.45,3774.0,20.18073899791455
2017-08-18,19995,20170,19535,19840,65630,22792,19582.0,19401.0,18771.5,17745.333333333332,552.3120474213683,457.4565314937648,94.8555159276035,66.62817551963049,508.57142857142856,73.80366215632637,33092.2,943065,20365.95,317.0,1.410456062291443
2017-08-21,19785,20040,19380,19620,72628,24398,19696.0,19469.5,18879.5,17806.833333333332,538.6433187048424,473.6938889359804,64.94942976886199,66.55132641291812,537.1428571428571,57.84345233740693,35726.9,870437,20742.1,1606.0,7.046332046332049
2017-08-22,19600,19685,19015,19355,59473,24402,19724.0,19501.5,18965.0,17863.083333333332,500.6562142265975,479.08635399410383,21.56986023249368,60.52934407364788,562.1428571428571,31.115330936191018,37389.45,810964,21032.15,4.0,0.01639478645789616
2017-08-23,19420,19940,19270,19570,95537,24471,19750.0,19488.5,19046.75,17925.333333333332,482.33975101171745,479.7370333976266,2.6027176140908637,62.5962596259626,581.4285714285714,45.58843074760392,39733.9,906501,21297.65,69.0,0.2827637078927969
2017-08-24,19500,19750,19300,19415,57208,24939,19560.0,19488.0,19106.75,17980.75,450.12782397997944,473.8151915140972,-23.687367534117755,58.22072072072072,592.1428571428571,33.22049841021804,40336.55,849293,21373.75,468.0,1.9124678190511224
2017-08-25,19205,19525,19180,19490,48740,25908,19490.0,19536.0,19179.75,18035.833333333332,425.74380338269475,464.2009138878167,-38.45711050512193,56.506447831184055,577.5,21.671053807767365,40664.3,898033,21537.3,969.0,3.885480572597144
2017-08-28,19480,19600,18745,19025,57231,23759,19371.0,19533.5,19211.0,18077.916666666668,364.6937154117986,444.2994741926131,-79.60575878081448,49.892008639308855,622.1428571428571,-8.31934451614335,41637.9,840802,21499.95,-2149.0,-8.294735216921412
2017-08-29,19100,19175,18805,19150,41621,24645,19330.0,19527.0,19259.25,18120.333333333332,322.67790614215846,419.97516058252216,-97.2972544403637,43.2762836185819,556.0714285714286,-22.574949354195823,42719.35,882423,21575.75,886.0,3.7291131781640674
2017-08-30,19375,19500,19110,19465,57024,24085,19309.0,19529.5,19310.5,18170.083333333332,311.2105010888299,398.2222286837837,-87.01172759495381,50.54545454545455,555.7142857142857,7.883448825871554,44275.5,939447,21602.9,-560.0,-2.27226617975248
2017-08-31,19400,19570,19260,19300,59774,24144,19286.0,19423.0,19354.25,18213.916666666668,285.51711535087816,375.6812060172026,-90.16409066632446,53.73711340206185,541.4285714285714,5.432085434432779,45685.35,879673,21636.3,59.0,0.24496574631514
2017-09-01,19380,19550,19185,19535,39229,23481,19295.0,19392.5,19396.75,18258.666666666668,280.8796522758348,356.72089526892904,-75.84124299309423,55.95092024539877,545.0,7.256028922030314,46689.7,918902,21640.65,-663.0,-2.746023856858848
2017-09-04,19425,19820,19410,19530,41778,23528,19396.0,19383.5,19426.5,18299.666666666668,273.64654414266624,340.1060250436765,-66.45948090101024,54.02298850574712,551.0714285714286,30.11475508675942,47104.9,877124,21681.15,47.0,0.20016183297133505
2017-09-05,19550,19600,19400,19515,27303,23069,19469.0,19399.5,19450.5,18344.5,263.6645187489594,324.81772378473306,-61.15320503577368,51.012145748987855,544.2857142857143,12.407351739055457,47225.3,849821,21805.6,-459.0,-1.9508670520231197
2017-09-06,19385,19400,18790,19015,51643,22356,19379.0,19344.0,19416.25,18378.5,212.95307983652674,302.4447949950918,-89.49171515856506,29.420731707317074,517.8571428571429,-60.678921205145535,48127.5,798178,21983.95,-713.0,-3.090727816550354
2017-09-07,19020,19220,18900,18905,29884,21497,19300.0,19293.0,19390.5,18408.416666666668,162.02015100386052,274.3598661968456,-112.33971519298507,33.68237347294939,481.42857142857144,-64.25652891282354,48163.15,768294,22173.0,-859.0,-3.842368938987295
2017-09-08,18975,19220,18635,18900,42079,20516,19173.0,19234.0,19385.0,18435.166666666668,119.87019079588572,243.46193111665363,-123.59174032076791,36.41509433962264,476.07142857142856,-74.5447532703836,48843.85,726215,22407.25,-981.0,-4.563427454993718
2017-09-11,18860,18860,18480,18785,43019,19995,19024.0,19210.0,19371.75,18458.166666666668,76.30688646432827,210.03092218618858,-133.7240357218603,38.6,458.2142857142857,-97.00956893226433,50011.15,683196,22653.1,-521.0,-2.539481380386044
2017-09-12,18785,19145,18715,19090,36656,20484,18939.0,19204.0,19365.5,18481.75,65.63698265511266,181.1521342799734,-115.51515162486075,40.73359073359074,441.07142857142856,-53.33476145319105,50985.55,719852,22982.25,489.0,2.4456114028507114
2017-09-13,18995,19695,18920,19515,50525,20580,19039.0,19209.0,19369.25,18513.666666666668,90.43250550937228,163.0082085258532,-72.57570301648093,51.74825174825175,464.2857142857143,3.8703313590754167,52109.45,770377,23076.2,96.0,0.4686584651435233
2017-09-14,19580,20035,19410,19905,57291,20389,19239.0,19269.5,19346.25,18553.166666666668,139.93973845205983,158.39451451109454,-18.454776059034714,56.53543307086614,484.2857142857143,73.87433296643482,51713.65,827668,22971.9,-191.0,-0.9280855199222504
2017-09-15,19300,20085,19090,19110,48799,21079,19281.0,19227.0,19309.75,18582.083333333332,113.71389829659165,149.45839126819396,-35.74449297160231,51.212553495007135,494.2857142857143,20.939574789837128,50872.1,778869,22886.25,690.0,3.384177742900585
2017-09-18,19255,19945,18955,19830,58432,24085,19490.0,19257.0,19320.25,18626.25,149.30660018850176,149.42803305225553,-0.1214328637537676,58.29268292682927,538.5714285714286,49.2311279698792,50162.3,837301,22870.6,3006.0,14.260638550215866
2017-09-19,19820,20175,19815,19895,61611,28767,19651.0,19295.0,19347.25,18667.75,180.67630565721993,155.67768757324842,24.998618083971508,55.58441558441559,536.4285714285714,100.1501310664125,50269.2,898912,23088.85,4682.0,19.43948515673657
2017-09-20,20010,20770,19720,20645,104924,36906,19877.0,19458.0,19401.0,18716.583333333332,263.0237808175334,177.14690622210543,85.87687459542798,65.16347237880495,589.2857142857143,129.62950200783666,50738.55,1003836,23710.6,8139.0,28.29283554072375
2017-09-21,20650,20915,20515,20650,120228,40497,20026.0,19632.5,19462.75,18765.166666666668,324.9424718312548,206.7060193439353,118.2364524873195,63.25802615933413,591.7857142857143,129.2786673125498,53889.55,1124064,24488.5,3591.0,9.730125182897087
2017-09-22,20845,21070,19845,20225,183875,39621,20249.0,19765.0,19499.5,18805.583333333332,335.848084769852,232.53443242911865,103.31365234073334,57.51351351351351,650.0,84.46829551821745,60646.3,940189,25174.15,-876.0,-2.16312319431069
2017-09-25,20500,20970,20180,20600,182758,44355,20403.0,19946.5,19578.25,18847.25,370.47956972436805,260.12345988816855,110.3561098361995,60.88264794383149,692.1428571428571,89.00250737409107,66922.65,1122947,26203.95,4734.0,11.948209282956013
2017-09-26,20680,20880,20470,20820,78794,54420,20588.0,20119.5,19661.75,18898.166666666668,410.94036768332444,290.2868414471998,120.65352623612466,69.1817215727949,669.6428571428571,87.47726595522082,68781.3,1201741,27692.7,10065.0,22.691917483936418
2017-09-27,20660,20790,20405,20705,69069,50111,20600.0,20238.5,19723.75,18952.0,428.78355277728406,317.98618371321663,110.79736906406742,69.10828025477707,676.4285714285714,71.13024131239652,69383.55,1132672,28994.0,-4309.0,-7.918044836457183
2017-09-28,20590,20660,20390,20650,54795,45097,20600.0,20313.0,19791.25,19003.166666666668,433.4893695571445,341.08682088200226,92.40254867514227,68.38235294117646,657.1428571428571,59.428267913505195,69134.6,1077877,30041.65,-5014.0,-10.005787152521407
2017-09-29,20790,21350,20500,21220,65817,46765,20799.0,20524.0,19875.5,19060.0,477.70629872020436,368.4107164496427,109.29558227056168,73.34611697027805,687.8571428571429,81.26187937116782,70464.0,1143694,31205.85,1668.0,3.698693926425256
2017-10-09,21220,21430,20920,21150,25612,42385,20909.0,20656.0,19956.5,19119.5,501.32119993090964,394.9928131458961,106.32838678501355,70.68273092369478,693.5714285714286,79.71277001339023,69655.7,1118082,32148.7,-4380.0,-9.365978830321819
2017-10-10,21110,21160,20640,20650,38100,41581,20875.0,20731.5,20013.25,19163.916666666668,474.2238011651607,410.83901074974904,63.38479041541166,61.22650840751731,675.3571428571429,51.877142639645214,70195.55,1079982,33074.3,-804.0,-1.8968974873186273
2017-10-11,20720,21000,20560,20665,34672,39501,20867.0,20733.5,20095.75,19209.666666666668,448.7859667912526,418.42840195804973,30.357564833202844,58.11965811965811,662.1428571428571,42.682361220999994,69347.0,1114654,33931.55,-2080.0,-5.002284697337722
2017-10-12,20720,20850,20450,20730,31674,38965,20883.0,20741.5,20187.0,19257.083333333332,428.92685476849147,420.5280925201381,8.398762248353364,70.50632911392405,619.6428571428571,34.58522973203969,69436.5,1146328,34804.95,-536.0,-1.3569276727171453
2017-10-13,20740,20890,20480,20645,30704,36878,20768.0,20783.5,20274.25,19307.833333333332,401.6990393117012,416.7622818784508,-15.06324256674958,62.29260935143288,578.2142857142857,30.512777250412444,68867.75,1115624,35623.05,-2087.0,-5.356088797638902
2017-10-16,20685,20840,20360,20600,34295,35433,20658.0,20783.5,20365.0,19353.916666666668,372.19919484484853,407.84966447173036,-35.65046962688183,60.698027314112295,586.7857142857143,21.660038149171537,68431.55,1081329,36394.95,-1445.0,-3.91832528879007
2017-10-17,20550,20805,20180,20265,23130,30782,20581.0,20728.0,20423.75,19397.75,318.1215480990868,389.9040411972017,-71.78249309811491,43.40277777777778,556.4285714285714,0.6576286468056596,67755.25,1058199,36909.85,-4651.0,-13.126181807919169
2017-10-18,20275,20300,19670,19745,21461,27344,20397.0,20632.0,20435.25,19434.583333333332,230.64622317748945,358.0524775932593,-127.40625441576987,36.671575846833576,572.8571428571429,-56.65634239559888,66302.05,1036738,37248.05,-3438.0,-11.168864921057764
2017-10-19,19405,19975,19170,19200,42172,22328,20091.0,20487.0,20400.0,19465.75,116.0071939861773,309.6434208718429,-193.63622688566562,35.419630156472266,542.8571428571429,-97.41500632863318,65546.1,994566,37345.0,-5016.0,-18.344060854300757
2017-10-20,19195,19490,18850,19270,59874,22777,19816.0,20292.0,20408.0,19496.416666666668,30.452317052968283,253.805200108068,-223.3528830550997,29.28348909657322,532.1428571428571,-114.99223886398936,66099.85,1054440,37429.9,449.0,2.010927982801869
2017-10-23,19185,19390,18910,19295,57086,23104,19555.0,20106.5,20381.25,19527.0,-34.93059014031678,196.05804205839107,-230.98863219870785,24.709784411276942,537.1428571428571,-106.1439238038743,66032.55,1111526,37380.85,327.0,1.4356587785924413
2017-10-24,19220,19585,19210,19385,44048,23213,19379.0,19980.0,20355.75,19556.0,-78.57895799670587,141.13064204737168,-219.70960004407755,27.926421404682273,534.2857142857143,-81.02926596289625,65154.4,1155574,37103.15,109.0,0.4717797783933442
2017-10-25,19375,19390,18980,19025,46019,24821,19235.0,19816.0,20274.75,19574.166666666668,-140.59885921755995,84.78474179438535,-225.3836010119453,25.341426403641876,541.0714285714286,-88.77938392634455,62209.15,1109555,36498.9,1608.0,6.927152888467658
2017-10-26,19090,19375,19045,19110,43124,25741,19217.0,19654.0,20197.75,19589.083333333332,-180.80705693512573,31.666382048483136,-212.47343898360887,12.455516014234874,505.35714285714283,-75.18953028777166,58353.95,1152679,35761.1,920.0,3.7065388179364334
2017-10-27,19110,19135,18520,18635,50933,26867,19090.0,19453.0,20118.25,19599.166666666668,-248.14046475446594,-24.29498731210668,-223.84547744235925,10.886469673405912,512.8571428571429,-89.90261015719831,51706.85,1101746,35123.4,1126.0,4.374344431063282
2017-10-30,18635,18670,18200,18265,45866,27374,18884.0,19219.5,20001.5,19596.916666666668,-327.5824171513377,-84.95247327995288,-242.62994387138485,11.345218800648297,509.2857142857143,-96.85315907471222,44862.25,1055880,34274.35,507.0,1.887073361372682
2017-10-31,18255,18650,18180,18610,41481,25262,18729.0,19054.0,19891.0,19604.0,-358.56876256596297,-139.6757311371549,-218.89303142880806,19.912152269399712,511.42857142857144,-79.63855776239566,42996.6,1097361,32816.45,-2112.0,-7.7153503324322354
2017-11-01,18540,19105,18450,18715,46385,23614,18667.0,18951.0,19791.5,19608.583333333332,-370.38349173621464,-185.81728325696685,-184.5662084792478,20.839363241678726,529.6428571428571,-57.91132734319707,41862.4,1143746,31491.6,-1648.0,-6.5236323331485995
2017-11-02,18755,18825,18555,18705,34247,23416,18586.0,18901.5,19694.25,19613.25,-376.21687223443223,-223.89720105245993,-152.3196711819723,21.301775147928993,519.6428571428571,-55.2442573713502,40835.0,1109499,30407.55,-198.0,-0.8384856441094213
2017-11-03,18730,18815,18450,18590,37103,23089,18577.0,18833.5,19562.75,19611.666666666668,-385.67360200101757,-256.2524812421715,-129.4211207588461,20.869565217391298,511.42857142857144,-54.09156603868384,39399.3,1072396,29223.75,-327.0,-1.3964810386060789
2017-11-06,18670,18865,18515,18790,31292,22576,18682.0,18783.0,19444.75,19609.25,-372.73316404605066,-279.5486178029473,-93.18454624310334,27.7526395173454,491.7857142857143,-44.48304058559458,39683.3,1103688,28233.3,-513.0,-2.221837238511848
2017-11-07,18850,19045,18735,18835,33150,21357,18727.0,18728.0,19354.0,19605.916666666668,-354.7572293058802,-294.5903401035339,-60.16688920234628,33.97887323943662,468.92857142857144,-32.06444916450267,39435.8,1136838,27222.1,-1219.0,-5.399539333805814
2017-11-08,18835,19100,18640,18670,30246,21272,18718.0,18692.5,19254.25,19588.75,-349.79309548602396,-305.63089118003194,-44.16220430599202,39.22764227642276,444.2857142857143,-32.537502396761546,39214.5,1106592,26310.65,-85.0,-0.39799597321721336
2017-11-09,18825,19010,18680,18860,28279,20193,18749.0,18667.5,19160.75,19579.416666666668,-326.76087559312873,-309.8568880626513,-16.903987530477423,42.054263565891475,422.85714285714283,-25.741390962637688,39044.75,1134871,25372.05,-1079.0,-5.072395637457694
2017-11-10,18935,19340,18785,19290,34489,20271,18889.0,18733.0,19093.0,19584.083333333332,-270.6899241033352,-302.0234952707881,31.333571167452874,49.916247906197654,428.2142857142857,0.9031599721642252,39234.0,1169360,24541.7,78.0,0.3862724706581444
2017-11-13,19305,19430,19200,19260,35636,19018,18983.0,18832.5,19026.0,19587.583333333332,-226.06806838793273,-286.832409894217,60.76434150628427,47.863247863247864,417.85714285714283,24.05322180420905,39301.05,1133724,23720.95,-1253.0,-6.181244141877562
2017-11-14,19205,19360,19020,19115,32740,18545,19039.0,18883.0,18968.5,19585.916666666668,-200.0986023044934,-269.4856483762723,69.38704607177891,51.66051660516605,412.85714285714283,22.310317759811998,39781.55,1100984,23109.1,-473.0,-2.4871174676622143
2017-11-15,19095,19185,18520,18720,26053,17393,19049.0,18883.5,18917.25,19573.916666666668,-208.9818000761079,-257.3848787162394,48.403078640131525,43.54304635761589,435.35714285714283,-22.44853302918287,40011.15,1074931,22611.55,-1152.0,-6.211916958748986
2017-11-16,18650,18675,18385,18495,23505,19594,18976.0,18862.5,18882.0,19542.75,-231.50872938348402,-252.20964884968836,20.70091946620434,47.47292418772563,415.35714285714283,-64.58151016879559,39077.8,1051426,22474.85,2201.0,12.654516184671994
2017-11-17,18580,18605,18270,18410,24658,20524,18800.0,18844.5,18839.0,19518.916666666668,-253.30038363418134,-252.42779580658697,-0.8725878275943728,52.91750503018109,405.7142857142857,-71.19670872264207,37317.0,1026768,22362.2,930.0,4.746350923752174
2017-11-20,18400,18755,18325,18660,26493,20918,18680.0,18831.5,18807.25,19502.916666666668,-247.5439830199466,-251.4510332492589,3.90705022931229,51.046025104602506,402.85714285714283,-41.734318596325735,35787.35,1053261,22252.9,394.0,1.919703761450009
2017-11-21,18610,18810,18495,18675,30657,21543,18592.0,18815.5,18771.75,19491.583333333332,-239.0163872906196,-248.96410405753105,9.94771676691144,49.130434782608695,378.57142857142856,-24.595956207344948,35117.8,1083918,22169.4,625.0,2.987857347738787
2017-11-22,18770,18975,18715,18955,28582,22270,18639.0,18844.0,18768.25,19481.333333333332,-207.2752067358415,-240.62632459319315,33.35111785735165,54.86381322957199,380.7142857142857,19.795212163675927,34245.95,1112500,22041.85,727.0,3.3746460567237513
2017-11-23,18910,18920,18290,18300,42163,24476,18600.0,18788.0,18727.75,19462.75,-232.29536206487683,-238.9601320875299,6.664770022653073,45.337620578778136,402.14285714285717,-49.16351409539959,34197.9,1070337,21978.6,2206.0,9.905702739110911
2017-11-24,18330,18575,18270,18520,34482,23400,18622.0,18711.0,18722.0,19446.583333333332,-231.70094972079096,-237.50829561418212,5.807345893391158,45.68690095846645,398.92857142857144,-54.00526382423882,33375.35,1104819,21805.25,-1076.0,-4.396143160647159
2017-11-27,18685,18695,18235,18300,32898,24391,18550.0,18615.0,18723.75,19434.5,-246.14463293017252,-239.23556307738022,-6.9090698527923,41.90620272314675,409.64285714285717,-63.686276448205476,32726.95,1071921,21656.1,991.0,4.235042735042738
2017-11-28,18300,18495,18130,18380,37925,24897,18491.0,18541.5,18712.25,19421.666666666668,-248.27407552521618,-241.04326556694744,-7.230809958268736,45.49689440993788,402.85714285714283,-74.2866921762447,32549.15,1109846,21637.85,506.0,2.0745356893936195
2017-11-29,18400,18480,18055,18260,34159,23704,18352.0,18495.5,18689.5,19401.583333333332,-256.68575760936073,-244.1717639754301,-12.513993633930625,40.47619047619048,408.92857142857144,-77.28663806390165,31937.85,1075687,21642.35,-1193.0,-4.791741976945019
2017-11-30,18250,18415,18185,18375,28676,22951,18367.0,18483.5,18673.0,19386.166666666668,-251.17712382788886,-245.5728359459219,-5.604287881966968,33.86243386243386,385.7142857142857,-60.70866089788782,31659.3,1104363,21619.1,-753.0,-3.176679041511976
2017-12-01,18510,18765,18385,18750,31028,22246,18413.0,18517.5,18681.0,19373.083333333332,-214.08429537998018,-239.27512783273357,25.190832452753398,41.9811320754717,397.14285714285717,-8.383307103156062,31355.55,1135391,21576.95,-705.0,-3.0717615790161634
2017-12-04,18830,19385,18770,18950,41833,23013,18543.0,18546.5,18689.0,19363.416666666668,-166.6288395261472,-224.7458701714163,58.1170306452691,47.44976816074188,418.2142857142857,55.38224583141889,31882.6,1177224,21598.8,767.0,3.4478108423986242
2017-12-05,19115,19150,18850,18910,30976,21573,18649.0,18570.0,18692.75,19353.333333333332,-130.74061810760395,-205.94481975865384,75.20420165104989,53.29861111111111,392.14285714285717,43.355464312779105,31773.9,1146248,21609.6,-1440.0,-6.2573328118889275
2017-12-06,18900,18970,18480,18720,29487,20106,18741.0,18546.5,18695.25,19348.416666666668,-116.28983929698006,-188.0138236663191,71.72398436933904,53.95430579964851,403.2142857142857,3.9498858120114484,31735.95,1116761,21551.3,-1467.0,-6.800166875260738
2017-12-07,18820,18915,18560,18680,28134,19116,18802.0,18584.5,18686.25,19344.666666666668,-106.83364690350572,-171.77778831375642,64.9441414102507,54.82142857142856,404.64285714285717,4.235398707743578,31728.7,1088627,21497.45,-990.0,-4.923903312444045
2017-12-08,18705,18850,18380,18550,33232,18621,18762.0,18587.5,18649.25,19338.833333333332,-108.5778420721108,-159.13779906542732,50.55995699331652,47.94776119402985,407.5,-12.535750746019055,31665.85,1055395,21414.95,-495.0,-2.5894538606403006
2017-12-11,18440,18620,18360,18490,25475,18621,18670.0,18606.5,18610.75,19333.916666666668,-113.49334720908155,-150.00890869415818,36.51556148507663,46.60550458715596,403.57142857142856,-27.26812356489351,31157.8,1029920,21395.1,0.0,0.0
2017-12-12,18595,19525,18560,19155,39765,20822,18719.0,18684.0,18612.75,19335.0,-63.00272192085686,-132.60767133949793,69.60494941864107,53.21543408360129,456.07142857142856,96.42522924134447,31509.05,1069685,21508.95,2201.0,11.819988185382101
2017-12-13,19250,19280,19025,19270,26163,19784,18829.0,18785.0,18640.25,19330.916666666668,-13.552770804202737,-108.79669123243889,95.24392042823615,68.8715953307393,426.7857142857143,103.0789357436594,31514.55,1095848,21628.5,-1038.0,-4.985111900874073
2017-12-14,19260,19265,19000,19050,18013,18505,18903.0,18852.5,18668.0,19316.666666666668,7.794658370436082,-85.4784213118639,93.27307968229998,60.311284046692606,424.2857142857143,76.40054372872379,31239.95,1077835,21574.05,-1279.0,-6.464820056611398
2017-12-15,18955,19075,18900,18980,13684,17079,18989.0,18875.5,18696.5,19314.5,18.846978568566556,-64.61334133577782,83.46031990434437,64.0495867768595,403.92857142857144,50.06232628665214,30691.25,1064151,21401.8,-1426.0,-7.706025398540939
2017-12-18,19050,19465,18980,19315,19008,16005,19154.0,18912.0,18729.25,19305.916666666668,54.0150701361199,-40.88765904139828,94.90272917751818,67.47663551401868,412.5,83.85987303312983,30317.0,1083159,21156.15,-1074.0,-6.288424380818547
2017-12-19,19465,19550,19190,19250,12701,14295,19173.0,18946.0,18758.0,19295.166666666668,75.76767669034234,-17.556591895050158,93.3242685853925,68.89312977099236,407.85714285714283,83.58216178151741,29419.2,1070458,20793.75,-1710.0,-10.68416119962512
2017-12-20,19225,19440,19180,19335,20335,20383,19186.0,19007.5,18777.0,19273.333333333332,98.72749462666616,5.7002254092931075,93.02726921737305,68.53281853281854,410.0,73.96093729633351,29006.85,1090793,20699.4,6088.0,42.588317593564184
2017-12-21,19295,19350,18850,19170,35617,19675,19210.0,19056.5,18820.5,19248.666666666668,102.42846315653514,25.04587295874152,77.38259019779363,58.82352941176471,417.85714285714283,42.43478191583408,28679.55,1055176,20459.35,-708.0,-3.4734828042977006
2017-12-22,19125,19250,18955,19235,26004,20657,19261.0,19125.0,18856.25,19232.166666666668,109.34599162686936,41.905896692367094,67.44009493450227,56.347438752783965,393.57142857142856,41.26397254206571,28255.65,1081180,20322.2,982.0,4.991105463786538
2017-12-25,19175,19280,19020,19125,26193,20845,19223.0,19188.5,18897.5,19207.583333333332,104.74467072326297,54.473651498546275,50.271019224716696,54.64362850971923,390.7142857142857,36.49795871240413,27920.4,1054987,20144.9,188.0,0.9101031127462855
2017-12-26,19170,19170,18890,19000,19860,20574,19173.0,19173.0,18928.5,19177.25,89.97446579054304,61.57381435694563,28.400651433597403,56.22222222222222,375.7142857142857,15.116707499249042,27017.15,1035127,19928.75,-271.0,-1.3000719597025645
2017-12-27,19095,19110,18910,19040,21093,20416,19114.0,19150.0,18967.5,19149.5,80.56790106216795,65.3726316979901,15.195269364177847,58.0,364.64285714285717,10.54868698305066,26363.85,1056220,19764.35,-158.0,-0.7679595606104761
2017-12-28,19170,19330,19085,19250,28065,21877,19130.0,19170.0,19011.25,19126.166666666668,89.0320694252623,70.10451924344454,18.927550181817764,65.0214592274678,351.7857142857143,43.97771126312921,26333.3,1084285,19710.65,1461.0,7.156152037617547
2017-12-29,19200,19240,19100,19170,22633,20153,19117.0,19189.0,19032.25,19092.0,88.26716350546485,73.7370480958486,14.530115409616243,64.46808510638297,343.92857142857144,29.704945711530804,25913.55,1061652,19606.0,-1724.0,-7.880422361384099
2018-01-02,19180,19220,18880,19020,18542,20490,19096.0,19159.5,19035.75,19056.5,74.69617267365174,73.92887301140924,0.7672996622425075,46.32152588555858,294.2857142857143,1.7019865844266584,24749.0,1043110,19479.85,337.0,1.6722076117699602
2018-01-03,19180,19390,19095,19310,29543,21258,19158.0,19165.5,19055.75,19034.166666666668,86.34629469803258,76.4123573487339,9.933937349298674,50.995024875621894,302.5,45.886491056149175,24677.35,1072653,19464.1,768.0,3.748169838945836
2018-01-04,19365,19495,19205,19405,24105,21518,19231.0,19172.5,19090.0,19013.166666666668,102.06822739863492,81.5435313587141,20.524696039920812,59.41644562334218,303.92857142857144,61.472944291271396,24408.25,1096758,19534.7,260.0,1.2230689622730218
2018-01-05,19400,19565,19325,19480,20750,21326,19277.0,19203.5,19130.0,18992.333333333332,119.20571623929209,89.0759683348297,30.12974790446239,63.22751322751323,308.57142857142856,72.91616718746054,24039.05,1117508,19645.2,-192.0,-0.8922762338507306
2018-01-08,19425,19590,19345,19405,23720,20755,19324.0,19220.5,19172.75,18971.666666666668,125.29114805189965,96.31900427824368,28.972143773655972,52.76073619631902,291.42857142857144,68.62568734677639,23563.45,1093788,19751.9,-571.0,-2.677482884741633
2018-01-09,19395,19650,19320,19620,20312,20144,19444.0,19270.0,19229.25,18955.333333333332,145.78211430904776,106.2116262844045,39.570488024643254,60.3932584269663,289.2857142857143,101.16658287812649,23305.3,1114100,19828.05,-611.0,-2.9438689472416235
2018-01-10,19570,19685,19350,19415,19276,18366,19465.0,19311.5,19242.25,18941.166666666668,143.82167916226535,113.73363685997668,30.08804230228867,52.10526315789473,294.64285714285717,76.13829359630454,22280.85,1094824,19705.25,-1778.0,-8.826449563145356
2018-01-11,19490,19515,19325,19390,12603,17376,19462.0,19346.5,19248.25,18935.25,138.65243021065908,118.71739553011317,19.93503468054591,56.25,272.5,49.41822194061524,21602.85,1082221,19584.85,-990.0,-5.390395295655015
2018-01-12,19490,19490,19180,19250,16657,15517,19416.0,19346.5,19258.25,18936.083333333332,121.854272995457,119.34477102318193,2.5095019722750607,50.40871934604905,273.57142857142856,16.352783352090107,21535.05,1065564,19435.45,-1859.0,-10.698664825046045
2018-01-15,19120,19210,19005,19185,17887,14825,19372.0,19348.0,19268.5,18934.666666666668,102.11948574143753,115.89971396683306,-13.780228225395533,51.67597765363128,272.5,-39.78428240833475,21745.2,1047677,19322.75,-692.0,-4.459624927498873
2018-01-16,19155,19205,18745,18820,19617,12383,19212.0,19328.0,19243.75,18926.75,56.3771938957907,103.99520995262459,-47.618016056833895,45.566502463054185,285.35714285714283,-91.16022626268962,21775.65,1028060,19141.65,-2442.0,-16.472175379426645
2018-01-17,18815,19265,18815,19195,22829,16420,19168.0,19316.5,19241.0,18923.583333333332,49.81127072446543,93.15842210699276,-43.34715138252733,53.276955602536994,303.2142857142857,-39.30283953616903,22282.05,1050889,19247.9,4037.0,32.60114673342485
2018-01-18,19195,19340,19080,19330,23492,18716,19156.0,19309.0,19240.75,18928.666666666668,54.86860988397166,85.50045966238855,-30.631849778416893,51.74672489082969,301.07142857142856,6.418551137442757,22439.9,1074381,19164.55,2296.0,13.982947624847753
2018-01-19,19400,19595,19355,19570,30011,21478,19220.0,19318.0,19260.75,18936.333333333332,77.350928486052,83.87055342712124,-6.519624941069239,58.163265306122454,309.2857142857143,70.42559455566224,22159.6,1104392,19254.7,2762.0,14.757426800598417
2018-01-22,19575,19575,19305,19480,26975,20488,19279.0,19325.5,19273.0,18950.416666666668,86.90430142515834,84.47730302672866,2.4269983984296744,59.62343096234309,304.2857142857143,50.744642180521105,22208.15,1077417,19246.25,-990.0,-4.609367725114066
2018-01-23,19490,19815,19425,19800,33899,24923,19475.0,19343.5,19306.75,18976.0,118.92584089112279,91.36701059960748,27.558830291515306,60.12396694214876,305.7142857142857,94.0469061391204,22593.45,1111316,19450.15,4435.0,21.64681764935572
2018-01-24,19740,19780,19560,19575,24351,23756,19551.0,19359.5,19335.5,18992.083333333332,124.70994342552876,98.03559716479174,26.674346260737025,53.33333333333333,302.14285714285717,75.20125770398788,22818.0,1086965,19609.25,-1167.0,-4.682421859326724
2018-01-25,19620,19890,19545,19650,35102,22663,19615.0,19385.5,19366.0,19007.666666666668,133.8033577368078,105.18914927919496,28.614208457612847,53.33333333333333,309.64285714285717,79.31046582679724,23518.45,1122067,19721.6,-1093.0,-4.600942919683448
2018-01-26,19540,19630,19395,19470,26718,21709,19595.0,19407.5,19377.0,19020.416666666668,125.04402869024125,109.16012516140422,15.883903528837024,51.22410546139359,310.35714285714283,30.427617197793314,23451.1,1095349,19713.2,-954.0,-4.2095044786656715
2018-01-29,19545,19895,19450,19800,31005,23200,19659.0,19469.0,19408.5,19040.583333333332,143.0810896515868,115.94431805944075,27.13677159214606,53.249097472924184,318.57142857142856,71.74098907989273,23869.7,1126354,19865.55,1491.0,6.86811921322954
2018-01-30,19840,19840,19455,19540,30846,21034,19607.0,19541.0,19434.5,19053.083333333332,134.8413956509139,119.72373357773539,15.117662073178522,52.21238938053097,322.14285714285717,44.4929597260674,24484.9,1095508,19892.75,-2166.0,-9.336206896551724
2018-01-31,19650,19650,19350,19400,23162,20183,19572.0,19561.5,19439.0,19062.5,115.6810496885555,118.91519679989942,-3.2341471113439155,50.17006802721089,330.0,8.006581090089979,24165.85,1072346,19839.0,-851.0,-4.045830560045638
2018-02-01,19465,19645,19380,19570,22482,20366,19556.0,19585.5,19447.25,19077.5,112.91233362472849,117.71462416486524,-4.802290540136752,55.387205387205384,326.7857142857143,21.56989255310663,24084.7,1094828,19781.4,183.0,0.906703661497299
2018-02-02,19655,19785,19595,19660,23496,20777,19594.0,19594.5,19456.25,19090.833333333332,116.63584857615206,117.49886904712261,-0.8630204709705538,57.92988313856427,324.64285714285717,52.663881757203065,24222.0,1118324,19753.95,411.0,2.018069331238337
2018-02-05,19595,19780,19505,19535,23452,20088,19541.0,19600.0,19462.75,19094.916666666668,108.2524389389364,115.64958302548538,-7.397144086548991,62.97640653357532,311.42857142857144,33.408861346153394,24208.6,1094872,19720.6,-689.0,-3.3161669153390805
2018-02-06,19470,19640,19405,19465,17941,18841,19526.0,19566.5,19455.0,19098.333333333332,94.86654889338024,111.49297619906437,-16.626427305684132,55.510204081632644,296.07142857142856,10.098580222858924,24090.05,1076931,19655.45,-1247.0,-6.207686180804462
2018-02-07,19380,19415,19150,19200,24228,17565,19486.0,19529.0,19444.25,19099.75,62.15832679052255,101.62604631735601,-39.46771952683346,47.48062015503876,300.0,-43.2629015307396,24337.65,1052703,19615.4,-1276.0,-6.772464306565473
2018-02-08,19125,19255,19015,19080,23297,15582,19388.0,19472.0,19428.75,19105.75,26.25122027927864,86.55108110974055,-60.29986083046191,40.040650406504064,298.2142857142857,-67.39354216795557,24872.35,1029406,19525.7,-1983.0,-11.289496157130664
2018-02-09,19130,19195,18975,19040,21553,14482,19264.0,19429.0,19418.25,19114.833333333332,-5.371170523310866,68.16663078313027,-73.53780130644114,40.871369294605806,294.64285714285717,-71.07297681747525,25117.15,1007853,19473.95,-1100.0,-7.059427544602748
2018-02-12,19165,19185,19010,19030,20894,13791,19163.0,19352.0,19410.5,19125.166666666668,-30.883058809980866,48.35669286450805,-79.23975167448891,31.66666666666667,279.2857142857143,-68.39476819756858,25267.5,986959,19422.25,-691.0,-4.771440408783311
2018-02-13,19025,19040,18905,19015,13314,12104,19073.0,19299.5,19420.25,19131.083333333332,-51.71564297976147,28.34222569565415,-80.05786867541562,35.185185185185176,271.7857142857143,-88.8299353614216,24952.35,973645,19408.3,-1687.0,-12.232615473859765
2018-02-14,19000,19340,18985,19315,10058,14991,19096.0,19291.0,19426.25,19141.75,-43.516492195631145,13.970482117397093,-57.48697431302824,42.08037825059101,272.5,-45.10795834698524,24313.8,983703,19336.85,2887.0,23.851619299405158
2018-02-22,19285,19340,19155,19295,6864,15802,19139.0,19263.5,19424.5,19147.416666666668,-38.192183265666245,3.537949040784426,-41.73013230645067,45.52429667519182,267.5,-34.799619333786424,23482.4,976839,19191.15,811.0,5.409912614235202
2018-02-23,19240,19440,19240,19375,15937,17389,19206.0,19235.0,19414.75,19165.333333333332,-27.20371121779681,-2.6103830109318213,-24.59332820686499,37.5366568914956,250.0,-14.544936189357674,22778.7,992776,18986.7,1587.0,10.043032527528162
2018-02-26,19300,19465,19255,19430,19975,18943,19286.0,19224.5,19412.25,19180.5,-13.897031280368537,-4.867712664819165,-9.029318615549371,46.333333333333336,237.5,-7.122739816901565,22428.7,1012751,18909.45,1554.0,8.936684110644656
2018-02-27,19485,19575,19430,19500,16736,19560,19383.0,19228.0,19397.25,19200.5,2.2708465199502825,-3.440000827865276,5.710847347815559,53.4965034965035,226.42857142857142,20.34831806290898,21570.55,1029487,18641.3,617.0,3.2571398405743635
2018-02-28,19485,19490,19145,19205,23584,20866,19361.0,19228.5,19378.75,19214.25,-8.620654878879577,-4.476131638068137,-4.1445232408114405,38.2636655948553,232.85714285714286,-24.524746163122902,21532.2,1005903,18496.8,1306.0,6.6768916155419245
2018-03-01,19175,19180,19035,19080,20467,20292,19318.0,19228.5,19350.25,19227.916666666668,-27.027151360827702,-8.98633558262005,-18.04081577820765,31.761006289308185,229.64285714285714,-59.08835245603048,20800.45,985436,18378.25,-574.0,-2.750886609795844
2018-03-02,18925,18930,18775,18895,22359,19866,19222.0,19214.0,19321.5,19236.583333333332,-55.89802864599551,-18.368674195295142,-37.52935445070037,30.60606060606061,231.78571428571428,-94.36856005275727,20582.5,963077,18286.1,-426.0,-2.099349497338854
2018-03-05,18880,18950,18730,18750,18665,19041,19086.0,19186.0,19269.0,19236.583333333332,-89.44759884211453,-32.58445912465902,-56.86313971745551,29.27536231884058,230.71428571428572,-93.50762085357059,19965.5,944412,18078.15,-825.0,-4.15282392026578
2018-03-06,18660,18730,18500,18640,20576,18926,18914.0,19148.5,19224.0,19231.416666666668,-123.48845755596994,-50.76525881092121,-72.72319874504873,32.165605095541395,226.07142857142858,-108.77627022442918,19452.0,923836,17972.75,-115.0,-0.6039598760569254
2018-03-07,18670,18775,18615,18715,16190,19016,18816.0,19088.5,19189.75,19228.166666666668,-142.76846415450564,-69.16589987963809,-73.60256427486755,38.03278688524591,220.35714285714286,-82.6632021710712,19103.4,940026,17914.4,90.0,0.47553629927084007
2018-03-08,18700,18750,18440,18580,21553,18299,18716.0,19017.0,19140.25,19225.833333333332,-167.01612215444766,-88.7359443346,-78.28017781984765,35.80246913580247,226.78571428571428,-88.17001042502855,19056.95,918473,17811.05,-717.0,-3.770509045014725
2018-03-09,18510,18590,18315,18475,20382,16511,18632.0,18927.0,19081.0,19222.416666666668,-192.4863257480829,-109.48602061729659,-83.0003051307863,33.81924198250729,233.92857142857142,-96.13038392861591,18901.25,898091,17597.75,-1788.0,-9.771025739111428
2018-03-12,18465,18600,18375,18445,20058,15670,18571.0,18828.5,19026.5,19220.666666666668,-212.6411994952541,-130.1170563928881,-82.52414310236603,33.52601156069365,240.35714285714286,-84.4956920733347,18731.55,878033,17376.85,-841.0,-5.09357398098238
2018-03-13,18365,18395,18105,18190,19126,15293,18481.0,18697.5,18962.75,19215.666666666668,-246.35067380434702,-153.3637798751799,-92.98689392916714,16.617210682492583,239.28571428571428,-103.57771133007196,18790.8,858907,17199.45,-377.0,-2.4058710912571835
2018-03-14,18405,18420,18245,18385,17640,17262,18415.0,18615.5,18922.0,19202.833333333332,-254.39825995757565,-173.57067589165905,-80.8275840659166,25.537634408602145,242.5,-76.38607141864814,18461.4,876547,17184.3,1969.0,12.875171647158833
2018-03-15,18500,18610,18370,18460,29264,20385,18391.0,18553.5,18891.0,19189.333333333332,-251.82131737155578,-189.2208041876384,-62.60051318391737,25.33692722371967,245.35714285714286,-53.42333972819425,18759.75,905811,17424.45,3123.0,18.09176225234619
2018-03-16,18435,18575,18375,18550,24551,20977,18406.0,18519.0,18866.5,19181.0,-239.75309947798814,-199.32726324570837,-40.42583623227978,26.719576719576708,244.64285714285714,-46.260458719334714,18909.65,930362,17749.2,592.0,2.904096149129254
2018-03-19,18540,18625,18305,18345,24105,21545,18386.0,18478.5,18832.25,19170.416666666668,-243.91899030806962,-208.24560865818063,-35.673381649888995,21.48148148148148,257.14285714285717,-50.621454366655215,19070.2,906257,18136.9,568.0,2.7077275110835686
2018-03-20,18330,18445,18250,18325,21141,21046,18413.0,18447.0,18797.75,19153.916666666668,-245.99860289222852,-215.7962075049902,-30.20239538723831,24.85714285714286,245.71428571428572,-55.46758099642655,19461.55,885116,18584.0,-499.0,-2.316082617776749
2018-03-21,18380,18420,18150,18355,25714,22903,18407.0,18411.0,18749.75,19139.0,-242.43136371580476,-221.12323874715312,-21.30812496865164,28.096676737160124,252.85714285714286,-53.61466136296932,20244.35,910830,18979.6,1857.0,8.823529411764696
2018-03-22,18450,18920,18390,18855,46210,27917,18486.0,18438.5,18727.75,19131.0,-196.9877277375126,-216.29613654522504,19.308408807712425,48.98477157360406,271.42857142857144,-0.389615164230365,22211.65,957040,19585.35,5014.0,21.89232851591494
2018-03-23,18700,18800,18275,18435,46945,25223,18463.0,18434.5,18680.75,19118.75,-192.64313854953434,-211.56553694608692,18.92239839655258,42.98440979955456,297.14285714285717,-24.218292545507296,23762.05,910095,19977.05,-2694.0,-9.65003402944442
2018-03-26,18435,18550,18290,18405,31955,24237,18475.0,18430.5,18629.5,19104.916666666668,-189.43705712248993,-207.13984098136754,17.70278385887761,44.57274826789838,297.85714285714283,-32.70666498164958,24361.05,878140,20241.75,-986.0,-3.909130555445428
2018-03-27,18475,18665,18385,18570,30012,24878,18524.0,18468.5,18583.0,19095.666666666668,-171.6039499403596,-200.03266277316595,28.428712832806355,46.784922394678496,306.42857142857144,-8.636963012007984,25024.85,908152,20507.65,641.0,2.6447167553740103
2018-03-28,18555,18735,18465,18645,29220,25485,18582.0,18494.5,18555.0,19089.75,-149.69363576700562,-189.9648573719339,40.271221604928286,51.48063781321184,303.57142857142856,14.89138064333166,25306.65,937372,20738.6,607.0,2.439906744915188
2018-03-29,18645,18780,18550,18735,27772,26107,18558.0,18522.0,18537.75,19084.666666666668,-123.64203764524063,-176.70029342659527,53.05825578135463,55.96330275229357,300.35714285714283,46.057609839071866,25671.9,965144,21029.35,622.0,2.440651363547186
2018-03-30,18735,18870,18560,18825,23265,26966,18636.0,18549.5,18534.25,19077.583333333332,-94.64272814647484,-160.2887803705712,65.64605222409637,58.482142857142854,306.42857142857144,70.71631444350703,25717.2,988409,21384.35,859.0,3.2903052821082523
2018-04-02,18815,19110,18800,18895,28066,26839,18734.0,18604.5,18541.5,19073.0,-65.2598762241214,-141.28299954128127,76.02312331715987,67.15328467153284,304.2857142857143,116.36720334189849,26187.25,1016475,21774.25,-127.0,-0.47096343543722163
2018-04-03,18845,18900,18640,18705,20825,25925,18761.0,18642.5,18544.75,19067.75,-56.652116157045384,-124.3568228644341,67.70470670738871,57.80487804878049,306.42857142857144,58.67399613785908,26199.7,995650,22124.2,-914.0,-3.405492007898958
2018-04-04,18770,18770,18610,18640,18681,24077,18760.0,18671.0,18541.0,19056.583333333332,-54.44772161837318,-110.37500261522192,55.92728099684874,54.41176470588235,300.7142857142857,38.33460422048388,26324.25,976969,22377.25,-1848.0,-7.128254580520732
2018-04-09,18690,18745,18435,18555,16407,23614,18724.0,18641.0,18539.75,19042.416666666668,-58.880771804673714,-100.07615645311228,41.19538464843856,50.122850122850124,308.57142857142856,11.715636861259213,26066.95,960562,22643.0,-463.0,-1.9229970511276284
2018-04-10,18605,18605,18380,18490,20600,21990,18657.0,18646.5,18540.5,19025.916666666668,-66.86813851126863,-93.43455286474355,26.566414353474926,53.82585751978891,301.7857142857143,-13.241278550096558,26077.85,939962,22916.95,-1624.0,-6.877276192089443
2018-04-11,18490,18595,18435,18485,13450,21217,18575.0,18654.5,18542.5,19010.583333333332,-72.7628772299795,-89.30021773779075,16.53734050781125,54.255319148936174,299.2857142857143,-9.939894644632847,25747.45,926512,23194.3,-773.0,-3.515234197362438
2018-04-12,18515,18645,18350,18475,28862,20859,18529.0,18645.0,18556.75,18991.5,-77.34977648560744,-86.91012948735408,9.560353001746648,53.2258064516129,301.07142857142856,-19.576065095138375,26234.25,897650,23472.6,-358.0,-1.6873262006881329
2018-04-13,18375,18380,18115,18365,26989,19922,18474.0,18617.0,18555.75,18974.0,-88.83695081425321,-87.29549375273392,-1.5414570615192957,33.33333333333333,286.42857142857144,-79.42551009757618,26701.7,870661,23605.6,-937.0,-4.492065774965248
2018-04-16,18300,18350,18035,18350,26437,17516,18433.0,18578.5,18550.25,18956.666666666668,-98.02106801402988,-89.44060860499312,-8.580459409036763,46.009389671361504,268.57142857142856,-82.0027678344855,26560.35,844224,23462.15,-2406.0,-12.077100692701537
2018-04-17,18140,18300,18045,18155,32429,23408,18366.0,18511.5,18530.5,18938.416666666668,-119.65510778007592,-95.48350844000967,-24.17159934006625,39.837398373983746,271.7857142857143,-90.01755903405412,26954.25,811795,23583.7,5892.0,33.637816853162825
2018-04-18,18050,18250,18020,18170,33764,24182,18303.0,18439.0,18521.75,18921.5,-134.04468186708982,-103.19574312542571,-30.848938741664114,31.48148148148148,268.2142857142857,-84.55741104713898,27437.2,845559,23715.55,774.0,3.3065618591934465
2018-04-19,18405,18530,18290,18350,35998,23483,18278.0,18403.5,18523.0,18913.666666666668,-129.43201561769092,-108.44299762387875,-20.98901799381217,37.552742616033754,274.64285714285717,-28.357331597793703,28180.05,881557,23837.4,-699.0,-2.8905797700769176
2018-04-20,18250,18340,18140,18325,27493,23516,18270.0,18372.0,18521.5,18899.166666666668,-126.33739658334889,-112.02187741577279,-14.315519167576099,31.69642857142857,273.2142857142857,-56.05717540156068,28269.0,854064,23868.05,33.0,0.14052718988204482
2018-04-23,18465,18470,18305,18440,20904,24006,18288.0,18360.5,18500.75,18884.333333333332,-113.29930592585879,-112.27736311779,-1.0219428080687862,33.18777292576419,262.85714285714283,-20.875214234272043,27003.7,874968,23672.5,490.0,2.0836877019901445
2018-04-24,18305,18415,18240,18365,19566,23999,18330.0,18348.0,18497.25,18864.25,-107.77602343436956,-111.37709518110591,3.601071746736352,26.956521739130437,255.0,-34.04298656363484,25634.75,855402,23611.3,-7.0,-0.029159376822462946
2018-04-25,18410,18440,18215,18215,20663,24102,18339.0,18321.0,18487.75,18843.166666666668,-114.18626053152911,-111.93892825119056,-2.2473322803385543,27.927927927927925,252.5,-43.570865319287314,25070.15,834739,23604.55,103.0,0.42918454935623185
2018-04-26,18285,18285,18110,18225,28496,24963,18314.0,18296.0,18470.5,18816.916666666668,-117.10953733948554,-112.97305006884957,-4.136487270635968,30.33175355450237,253.57142857142858,-57.00822482052434,24994.35,863235,23608.8,861.0,3.5723176499875553
2018-04-27,18220,18430,18200,18370,25132,25160,18323.0,18296.5,18456.75,18796.833333333332,-106.49832073786092,-111.67810420265185,5.17978346479093,41.70403587443947,247.85714285714286,-25.62377034934737,24789.95,888367,23592.55,197.0,0.7891679685935182
2018-05-02,18350,18595,18300,18590,16953,27523,18353.0,18320.5,18449.5,18779.166666666668,-79.42117587062967,-105.22671853624742,25.80554266561775,53.937007874015755,252.85714285714286,13.421388371498116,24249.0,905320,23663.35,2363.0,9.391891891891891
2018-05-03,18560,18605,18400,18510,20061,27476,18382.0,18356.0,18433.75,18763.166666666668,-63.68357033794746,-96.91808889658743,33.23451855863998,50.929368029739784,256.07142857142856,19.746636860245264,24088.8,885259,23688.85,-47.0,-0.17076626821204144
2018-05-04,18525,18570,18420,18550,21408,29080,18449.0,18394.0,18416.5,18742.333333333332,-47.43691562900494,-87.02185424307095,39.584938614066004,52.72727272727273,245.71428571428572,33.11927790550037,23755.9,906667,23800.9,1604.0,5.837822099286649
2018-05-07,18530,18965,18495,18865,29961,32432,18577.0,18445.5,18424.5,18731.083333333332,-9.039258342752873,-71.42533506300732,62.38607672025445,65.82278481012659,253.57142857142858,109.91877236754824,24212.7,936628,24126.25,3352.0,11.526822558459425
2018-05-08,18875,18980,18830,18955,16036,32116,18694.0,18508.5,18440.25,18723.666666666668,28.32687495380378,-51.47489305964511,79.80176801344889,68.27794561933536,240.71428571428572,128.6318116989488,24080.45,952664,24528.2,-316.0,-0.9743463246176587
2018-05-09,18950,18990,18790,18950,19815,33450,18766.0,18559.5,18460.0,18713.333333333332,56.880661725135724,-29.80378210268895,86.68444382782468,77.13310580204778,233.21428571428572,106.92839726083604,24250.85,932849,25020.0,1334.0,4.153692863370284
2018-05-10,18930,18960,18850,18935,16342,33536,18851.0,18616.5,18482.25,18701.25,77.40706832119031,-8.3616120179131,85.76868033910341,76.10921501706484,224.64285714285714,93.0334881306602,24037.95,916507,25597.3,86.0,0.257100149476841
2018-05-11,19015,19245,19010,19160,31018,33955,18973.0,18711.0,18516.0,18695.0,110.55559692697716,15.421829771064953,95.13376715591221,76.82119205298014,221.07142857142858,112.10496921270712,24916.35,947525,26234.2,419.0,1.249403625954204
2018-05-14,19240,19815,19185,19385,44618,31369,19077.0,18827.0,18561.5,18693.666666666668,153.2154914537059,42.980562107593144,110.23492934611276,80.99415204678363,252.85714285714286,127.49709346013707,25704.15,992143,26759.7,-2586.0,-7.615962303048152
2018-05-15,19465,19530,19305,19490,20221,30888,19184.0,18939.0,18617.75,18698.5,193.2685086304482,73.03815141216415,120.23035721828404,80.88235294117646,257.14285714285717,103.3827880473604,25365.75,1012364,27308.0,-481.0,-1.5333609614587629
2018-05-16,19400,19490,19250,19410,18131,29042,19276.0,19021.0,18670.75,18704.0,216.06482113495804,101.64348535672293,114.4213357782351,80.64516129032258,260.0,83.78504647303734,24950.45,994233,27884.3,-1846.0,-5.976430976430979
2018-05-17,19335,19635,19300,19410,22153,28349,19371.0,19111.0,18733.5,18710.166666666668,231.46290277085427,127.60736883954921,103.85553393130506,88.42443729903538,267.85714285714283,80.41746669339884,24436.65,994233,28131.35,-693.0,-2.386199297569036
2018-05-18,19420,19705,19360,19665,15259,28924,19472.0,19222.5,18808.25,18720.75,261.23105330871476,154.33210573338232,106.89894757533244,90.0,280.0,83.3507723366431,23511.4,1009492,28368.45,575.0,2.0282902395146296
2018-05-21,19600,19920,19580,19825,20182,28390,19560.0,19318.5,18882.0,18734.25,294.3402190770212,182.3337284021101,112.00649067491108,90.08264462809917,287.85714285714283,89.64719640620496,22720.6,1029674,28613.8,-534.0,-1.846217673904027
2018-05-22,19325,19760,19325,19685,30678,30964,19599.0,19391.5,18950.0,18740.416666666668,305.7580530085761,207.0185933234033,98.73945968517279,81.55619596541787,302.5,64.4822698539389,22879.85,998996,28986.2,2574.0,9.066572736879186
2018-05-23,19885,19895,19520,19750,25105,32117,19667.0,19471.5,19015.5,18748.0,316.4044123223757,228.89575712319782,87.5086551991779,86.04651162790698,314.64285714285717,68.91768725145424,23089.9,1024101,29391.75,1153.0,3.7236791112259304
2018-05-24,19740,20100,19625,19990,49524,37355,19783.0,19577.0,19096.75,18758.25,340.28512788364606,251.17363127528748,89.11149660835858,87.5,337.85714285714283,76.66471824465066,24587.8,1073625,30059.55,5238.0,16.309119780801453
2018-05-25,20000,20225,19955,19995,51750,39051,19849.0,19660.5,19185.75,18767.666666666668,355.51605742158426,272.0421165045468,83.47394091703745,85.09316770186335,323.57142857142856,80.98360057966947,26142.15,1125375,30807.0,1696.0,4.540222192477583
2018-05-28,19915,19960,19635,19870,48563,36943,19858.0,19709.0,19268.0,18773.833333333332,353.42614686103116,288.31892257584366,65.1072242851875,77.81155015197568,338.57142857142856,55.35103470621448,27145.5,1076812,31406.0,-2108.0,-5.3980691915699985
2018-05-29,19890,20210,19750,20065,54824,38547,19934.0,19766.5,19352.75,18788.166666666668,363.31665970548784,303.31847000177254,59.9981897037153,80.38147138964578,357.14285714285717,67.31725635470842,28630.1,1131636,32075.35,1604.0,4.341823890858887
2018-05-30,20045,20055,19785,19835,35054,38701,19951.0,19809.0,19415.0,18800.75,348.5776978633294,312.3703155740839,36.20738228924546,71.95121951219512,369.2857142857143,51.48048653284022,29535.15,1096582,32634.25,154.0,0.3995122837056053
2018-05-31,19885,20115,19855,19940,32411,38834,19941.0,19862.0,19486.5,18818.166666666668,341.4337511452468,318.1830026883165,23.250748456930296,70.20725388601036,367.14285714285717,55.45382941258144,30152.65,1128993,33202.15,133.0,0.343660370533061
2018-06-01,19970,20075,19700,19840,33738,38404,19910.0,19879.5,19551.0,18836.333333333332,323.9684509969484,319.3400923500429,4.628358646905497,62.60387811634349,347.14285714285717,41.888336848646475,30769.15,1095255,33668.35,-430.0,-1.107277128289641
2018-06-04,19885,20015,19760,19885,24845,39196,19913.0,19885.5,19602.0,18857.083333333332,310.1826067098518,317.5085952220047,-7.32598851215289,61.318051575931236,349.2857142857143,40.249993519994355,30513.35,1120100,34006.55,792.0,2.0622851786272323
2018-06-05,19895,20680,19855,20600,114661,48484,20020.0,19977.0,19684.25,18888.5,352.88392407227,324.5836609920578,28.300263080212233,75.0,391.07142857142856,94.62994396673247,35444.6,1234761,34824.95,9288.0,23.696295540361255
2018-06-06,20625,20780,20495,20675,52970,46206,20188.0,20069.5,19770.5,18923.416666666668,388.3008089109462,337.32709057583554,50.973718335110675,75.76374745417515,387.5,113.36753748460191,37102.35,1287731,35462.75,-2278.0,-4.698457223001407
2018-06-07,20700,20810,20540,20645,38423,42953,20329.0,20135.0,19856.0,18959.583333333332,409.2308376716137,351.7078399949912,57.52299767662248,71.97309417040358,382.14285714285717,104.19368945354616,38206.4,1249308,35933.6,-3253.0,-7.040211227979054
2018-06-08,20700,20770,20310,20385,37417,38708,20438.0,20174.0,19917.25,18991.916666666668,400.22466832260034,361.411205660513,38.81346266208732,62.01716738197425,390.7142857142857,75.4322035618529,38526.35,1211891,36171.25,-4245.0,-9.88289525760715
2018-06-11,20375,20595,20325,20545,30527,38501,20570.0,20241.5,19975.25,19031.166666666668,401.37112061812877,369.4031886520362,31.96793196609258,68.29787234042553,374.2857142857143,67.67179910455849,37821.8,1242418,36527.85,-207.0,-0.5347731735041883
2018-06-12,20500,20635,20450,20580,18033,37857,20566.0,20293.0,20029.75,19067.75,400.487331156015,375.62001715283196,24.867314003183026,67.88793103448276,360.7142857142857,68.56190493805578,37712.4,1260451,36876.3,-644.0,-1.6726838263941168
2018-06-13,20505,20550,20390,20505,18388,36924,20532.0,20360.0,20084.5,19101.833333333332,389.2480393420374,378.34562159067303,10.90241775136434,61.94895591647332,340.35714285714283,54.56892827225038,37725.25,1242063,37270.4,-933.0,-2.4645376020286824
2018-06-14,20480,20750,20180,20250,45095,34360,20453.0,20391.0,20126.5,19130.166666666668,355.66457094827274,373.809411462193,-18.144840513920258,55.301455301455306,361.7857142857143,39.18193236505259,38872.35,1196968,37570.95,-2564.0,-6.943993066839993
2018-06-15,20200,20330,20110,20210,23570,33140,20418.0,20428.0,20153.75,19161.25,322.1086960420689,363.4692683781682,-41.36057233609927,57.32758620689655,351.7857142857143,11.111945990635054,39287.9,1173398,37781.75,-1220.0,-3.5506402793946457
2018-06-19,20050,20335,19950,20080,20772,31112,20325.0,20447.5,20166.5,19190.5,281.7773559184934,347.1308858862332,-65.3535299677398,50.33259423503326,346.42857142857144,-5.525402724645363,39317.4,1152626,37917.85,-2028.0,-6.119493059746528
2018-06-20,20020,20075,19905,19975,20830,27876,20204.0,20385.0,20181.0,19217.5,238.59152128129062,325.4230129652447,-86.83149168395408,53.286384976525824,338.92857142857144,-31.583996322061985,38825.0,1131796,37763.45,-3236.0,-10.401131396245821
2018-06-21,19930,20050,19850,19855,18401,26563,20074.0,20303.0,20186.25,19234.166666666668,192.46482438569,298.83137524933375,-106.36655086364374,48.018648018648015,333.2142857142857,-45.99954139909899,38489.8,1113395,37485.75,-1313.0,-4.710144927536231
2018-06-22,19905,19950,19610,19935,24416,24901,20011.0,20232.0,20183.5,19259.166666666668,160.5141094459941,271.1679220886658,-110.65381264267171,52.235294117647065,330.7142857142857,-59.32874683160192,37234.4,1137811,36863.05,-1662.0,-6.256823400971278
2018-06-25,19995,20165,19900,19980,18637,23315,19965.0,20191.5,20182.75,19285.416666666668,137.24202099527974,244.38274186998862,-107.14072087470888,52.235294117647065,331.42857142857144,-27.994420944066817,35578.75,1156448,36076.25,-1586.0,-6.369222119593587
2018-06-26,19645,19940,19575,19895,47977,30669,19928.0,20126.5,20184.0,19307.5,110.66426484733893,217.6390464654587,-106.97478161811978,26.421404682274243,301.42857142857144,-63.08814490558841,35549.45,1108471,35762.55,7354.0,31.54192579884194
2018-06-27,19820,20195,19815,20170,43830,32143,19967.0,20085.5,20189.25,19332.916666666668,110.51742724029464,196.2147226204259,-85.69729538013127,35.10324483775811,308.2142857142857,-20.73769170238718,34999.75,1152301,35442.35,1474.0,4.8061560533437575
2018-06-28,20200,20625,20200,20595,68106,39073,20115.0,20094.5,20227.25,19363.916666666668,143.0460595739205,185.58099001112484,-42.53493043720434,48.80382775119617,321.42857142857144,43.97831072270943,36652.35,1220407,35460.95,6930.0,21.55990417820366
2018-06-29,20500,20550,20280,20460,50075,38672,20220.0,20115.5,20253.25,19391.166666666668,156.13206998261376,179.69120600542263,-23.55913602280887,51.90839694656489,311.07142857142856,33.007523735380104,37535.55,1170332,35452.85,-401.0,-1.0262841348245622
2018-07-02,20515,20585,20015,20080,42162,36851,20240.0,20102.5,20265.25,19410.916666666668,134.29196907793812,170.61135861992574,-36.31938954198762,39.359267734553775,332.5,-4.7478910203262235,37956.75,1128170,35375.2,-1821.0,-4.708833264377333
2018-07-03,20120,20235,20050,20115,32602,35955,20284.0,20106.0,20276.75,19434.416666666668,118.44240889247521,160.17756867443563,-41.73515978196042,39.359267734553775,332.5,-24.525516704070213,38344.6,1160772,35213.15,-896.0,-2.431412987435888
2018-07-04,20100,20185,19880,19905,33253,33757,20231.0,20099.0,20242.0,19455.5,87.92275451477326,145.72660584250315,-57.80385132772989,37.06896551724139,340.7142857142857,-46.54768707079424,34274.2,1127519,34476.8,-2198.0,-6.113197051870389
2018-07-05,19855,19880,19520,19605,42073,33967,20033.0,20074.0,20188.5,19473.0,39.07775174575363,124.39683502315324,-85.31908327739961,36.36363636363636,327.5,-92.19219629844063,33729.35,1085446,33864.85,210.0,0.6220931954853848
2018-07-06,19765,19790,19455,19685,39179,31899,19878.0,20049.0,20140.5,19492.916666666668,6.745310809961666,100.86653018051494,-94.12121937055328,39.08523908523909,335.7142857142857,-86.65803515691843,33767.15,1124625,33312.15,-2068.0,-6.088262136779821
2018-07-09,19535,19725,19510,19635,26843,30749,19789.0,20014.5,20103.0,19512.083333333332,-22.651847311361053,76.16285468213975,-98.8147019935008,40.43010752688171,323.57142857142856,-79.74090098529477,33238.45,1097782,32914.2,-1150.0,-3.6051286874196675
2018-07-10,19670,19765,19430,19465,26120,29648,19659.0,19971.5,20049.0,19528.583333333332,-58.98692165357352,49.1328994149971,-108.11982106857062,39.33054393305439,335.0,-81.05714115396239,33018.1,1071662,32471.55,-1101.0,-3.580604247292596
2018-07-11,19400,19455,18790,19045,50894,28232,19487.0,19859.0,19972.25,19539.916666666668,-120.28663036438593,15.248993459120491,-135.53562382350643,34.94423791821562,368.92857142857144,-124.899007968385,34661.15,1020768,31990.3,-1416.0,-4.776038855909337
2018-07-12,19055,19240,18855,19070,39222,27760,19380.0,19706.5,19900.5,19551.916666666668,-164.94837786870266,-20.79048080644414,-144.1578970622585,33.58633776091082,372.14285714285717,-109.5779091465631,35702.85,1059990,31532.1,-472.0,-1.6718617172003403
2018-07-13,18865,18995,18760,18935,30540,26430,19230.0,19554.0,19834.75,19564.916666666668,-208.82925266132952,-58.39823517742122,-150.4310174839083,30.825688073394502,375.35714285714283,-108.14573877328439,34975.1,1029450,31135.6,-1330.0,-4.791066282420752
2018-07-16,18905,19355,18850,19005,44668,25091,19104.0,19446.5,19774.5,19578.833333333332,-235.24498929189213,-93.7675860003154,-141.4774032915767,33.57933579335793,382.5,-77.6308032466605,36030.0,1074118,30733.15,-1339.0,-5.066212637154743
2018-07-17,19020,19110,18660,18760,30298,24707,18963.0,19311.0,19708.5,19585.666666666668,-272.8043842099469,-129.57494564224172,-143.22943856770516,23.69402985074626,387.5,-88.19569534284406,36506.3,1043820,30412.9,-384.0,-1.530429237575226
2018-07-18,18795,18940,18685,18850,22047,24135,18924.0,19205.5,19652.25,19594.416666666668,-291.9428915194185,-162.04853481767708,-129.8943567017414,12.793176972281444,373.2142857142857,-78.82485444489359,36567.15,1065867,30225.85,-572.0,-2.315133363014532
2018-07-19,18745,19240,18700,18940,37997,22295,18898.0,19139.0,19606.5,19602.75,-296.43097683003725,-188.92502322014914,-107.50595360988811,16.956521739130437,389.2857142857143,-59.45574317201108,37546.95,1103864,30012.45,-1840.0,-7.623782887922104
2018-07-20,18700,19045,18700,18810,25569,20523,18873.0,19051.5,19550.25,19610.166666666668,-306.93952256536795,-212.52792308919294,-94.41159947617501,19.024390243902445,373.2142857142857,-62.31404361405623,37604.6,1078295,29793.55,-1772.0,-7.947970396949988
2018-07-23,18390,18515,18380,18475,17203,24146,18767.0,18935.5,19475.0,19614.5,-338.39847409514914,-237.7020332903842,-100.69644080476493,15.106382978723403,390.7142857142857,-84.27283746947592,37532.9,1061092,29835.1,3623.0,17.653364517858016
2018-07-24,18565,18585,18420,18575,15541,25004,18730.0,18846.5,19409.0,19620.333333333332,-351.2121999478841,-260.4040666218842,-90.80813332599985,20.3125,380.7142857142857,-69.75660874312744,35911.1,1076633,29551.85,858.0,3.5533835832021854
2018-07-25,18630,18880,18570,18820,31001,29097,18724.0,18824.0,19341.5,19627.833333333332,-337.704866072414,-275.8642265119902,-61.840639560423824,32.036613272311214,375.35714285714283,-46.85791631742825,35269.65,1107634,29399.55,4093.0,16.369380899056154
2018-07-26,18740,18835,18630,18820,26799,30832,18700.0,18799.0,19252.75,19631.666666666668,-323.2737085794106,-285.3461229254743,-37.92758565393632,29.453681710213772,366.07142857142856,-42.762446907566705,33204.3,1107634,28987.5,1735.0,5.962814035811248
2018-07-27,18765,18930,18760,18820,23396,30766,18702.0,18787.5,19170.75,19636.833333333332,-308.2832152891169,-289.9335413982028,-18.34967389091412,30.170316301703167,362.85714285714283,-33.08068395403519,31870.35,1107634,28592.2,-66.0,-0.21406331084586894
2018-07-30,18780,18785,18350,18435,44792,32749,18694.0,18730.5,19088.5,19634.916666666668,-323.73757849143294,-296.69434881684884,-27.043229674584097,27.312775330396477,372.5,-58.956412075256715,32001.85,1062842,28387.1,1983.0,6.445426769810836
2018-07-31,18490,18580,18410,18490,26184,33542,18677.0,18703.5,19007.25,19628.666666666668,-327.76891628821613,-302.90926231112235,-24.859653977093785,35.43307086614173,336.42857142857144,-59.2268266488324,31680.95,1089026,28266.45,793.0,2.42144798314452
2018-08-01,18550,18570,18270,18305,32318,33778,18574.0,18649.0,18927.25,19617.833333333332,-341.9499482795618,-310.71739950481026,-31.232548774751535,31.476997578692504,330.35714285714283,-69.02434464619323,31634.2,1056708,28267.5,236.0,0.7035954922187004
2018-08-02,18270,18380,18185,18240,23409,33514,18458.0,18579.0,18859.0,19606.0,-354.3487631072021,-319.44367222528865,-34.90509088191345,32.58145363408521,322.14285714285717,-76.53521787744548,30701.0,1033299,28244.85,-264.0,-0.781573805435487
2018-08-03,18310,18345,17855,17950,33409,32624,18284.0,18493.0,18772.25,19589.583333333332,-383.15867485982744,-332.18667275219644,-50.972002107631,26.185101580135438,321.07142857142856,-94.93052819681984,30412.5,999890,28281.1,-890.0,-2.655606612162087
2018-08-06,18005,18210,17810,17840,34811,31435,18165.0,18429.5,18682.5,19567.583333333332,-410.1389911918304,-347.77713644012323,-62.3618547517072,27.884615384615387,317.5,-98.83873163480357,30810.9,965079,28315.4,-1189.0,-3.6445561549779293
2018-08-07,17900,18235,17750,18120,40157,31068,18091.0,18384.0,18615.25,19546.5,-404.2672847147187,-359.07516609504233,-45.192118619676364,33.92070484581497,333.92857142857144,-84.13545334913904,31512.75,1005236,28386.4,-367.0,-1.1674884682678521
2018-08-08,18120,18565,18060,18455,31900,30234,18121.0,18347.5,18585.75,19529.25,-368.3362635749327,-360.9273855910204,-7.408877983912248,40.35785288270378,331.42857142857144,-34.38565121740311,30563.05,1037136,28486.5,-834.0,-2.684434144457315
2018-08-09,18450,18565,18310,18450,19865,29714,18163.0,18310.5,18554.75,19513.25,-336.3864747779553,-356.0192034284074,19.632728650452123,42.46861924686193,325.0,-18.86408776576322,29595.2,1017271,28584.2,-520.0,-1.719917973142815
2018-08-10,18460,18520,18205,18235,20102,28716,18220.0,18252.0,18519.75,19493.666666666668,-324.6721220193176,-349.7497871465895,25.07766512727187,44.7136563876652,316.7857142857143,-33.676122612555915,29073.3,997169,28698.5,-998.0,-3.3586861412128965
2018-08-13,18315,18375,18160,18180,18107,28249,18288.0,18226.5,18478.5,19468.916666666668,-316.18170749879937,-343.0361712170315,26.854463718232125,41.123595505617985,320.35714285714283,-42.538568895024945,27745.25,979062,28856.4,-467.0,-1.6262710683939252
2018-08-14,18260,18410,18080,18365,22649,27639,18337.0,18214.0,18458.75,19444.583333333332,-291.16862823059637,-332.6626626197445,41.49403438914811,39.491916859122405,321.7857142857143,-30.9947986879853,27362.8,1001711,29003.0,-610.0,-2.159368473220291
2018-08-15,18330,18385,18025,18145,20318,26274,18275.0,18198.0,18423.5,19418.916666666668,-285.80318289818024,-323.29076667543166,37.487583777251416,35.849056603773576,332.85714285714283,-43.57352727223461,27276.35,981393,29109.95,-1365.0,-4.938673613372413
2018-08-16,17855,17990,17500,17760,29131,24046,18137.0,18150.0,18364.5,19385.75,-309.05472079559695,-320.44355749946476,11.38883670386781,30.86642599277978,366.7857142857143,-105.10722230318078,26833.05,952262,29197.5,-2228.0,-8.479866027251271
2018-08-17,17810,17975,17495,17595,17545,22948,18009.0,18114.5,18303.75,19345.833333333332,-336.91213970900935,-323.7372739413737,-13.174865767635652,33.529411764705884,367.5,-100.60218481761045,26431.85,934717,29318.75,-1098.0,-4.56624802461948
2018-08-20,17345,17700,17280,17530,35381,26314,17879.0,18083.5,18256.5,19304.75,-360.0834834194138,-331.00651583698175,-29.076967582432076,31.25,385.35714285714283,-106.65770921776407,27340.75,899336,29427.15,3366.0,14.667944918947185
2018-08-21,17535,17580,17320,17550,36670,28616,17716.0,18026.5,18205.25,19266.083333333332,-372.53871301110485,-339.31295527180635,-33.2257577392985,34.23799582463465,382.5,-93.17309021415277,28397.2,936006,29607.75,2302.0,8.748194877251647
2018-08-22,17600,17720,17450,17535,37936,28972,17594.0,17934.5,18141.0,19223.916666666668,-379.2482095514788,-347.30000612774086,-31.948203423737937,34.9680170575693,387.85714285714283,-74.09846802938068,28743.95,898070,29601.5,356.0,1.2440592675426299
2018-08-23,17575,17975,17560,17815,40898,29583,17605.0,17871.0,18090.75,19190.25,-357.84683835602846,-349.4093725733984,-8.437465782630056,47.109207708779444,384.2857142857143,-42.859168214962956,29448.9,938968,29539.05,611.0,2.1089327626673926
2018-08-24,17860,18355,17860,18325,47335,31987,17751.0,17880.0,18066.0,19163.333333333332,-296.3175949595243,-338.79101705062357,42.47342209109928,58.86654478976234,394.2857142857143,15.604241117074865,30645.85,986303,29600.1,2404.0,8.126288746915456
2018-08-27,18430,18475,18220,18420,28649,30946,17929.0,17904.0,18065.25,19139.666666666668,-237.15573651542945,-318.46396094358477,81.30822442815531,55.88235294117647,377.85714285714283,46.3358346300588,29838.7,1014952,29509.95,-1041.0,-3.2544471191421565
2018-08-28,18500,18595,18260,18410,24402,30824,18101.0,17908.5,18061.25,19115.083333333332,-188.89894444082165,-292.5509576430322,103.65201320221053,48.98876404494382,365.7142857142857,55.24676312017802,29749.6,990550,29374.05,-122.0,-0.3942351192399718
2018-08-29,18390,18395,18185,18280,28981,29477,18250.0,17922.0,18060.0,19076.416666666668,-159.3085923089675,-265.90248457621925,106.59389226725176,46.38297872340426,363.57142857142856,35.626393717830204,29582.75,961569,29159.0,-1347.0,-4.369971450817545
2018-08-30,18275,18700,18255,18685,43195,31418,18424.0,18014.5,18082.25,19043.25,-102.00209314800668,-233.12240629057675,131.12031314257007,58.85826771653544,372.85714285714283,70.70098296080776,30572.05,1004764,29054.2,1941.0,6.584794924856663
2018-08-31,18640,18985,18460,18810,48805,32232,18521.0,18136.0,18125.25,19012.666666666668,-45.969911832180514,-195.6919073988975,149.721995566717,62.06896551724138,395.0,87.52160953180618,31341.85,1053569,29034.6,814.0,2.5908714749506734
2018-09-03,18755,19030,18620,18865,46090,32685,18610.0,18269.5,18176.5,18987.333333333332,2.8412833506699826,-155.98526924898403,158.826552599654,60.08064516129033,400.7142857142857,85.7642974533944,31905.8,1099659,29097.1,453.0,1.4054355919582928
2018-09-04,19000,19120,18805,18805,38939,30886,18689.0,18395.0,18210.75,18958.333333333332,36.264968655177654,-117.53522166815169,153.80019032332933,64.22413793103448,397.5,82.45033805823674,31844.9,1060720,29088.0,-1799.0,-5.504053847330582
2018-09-05,18795,18825,18470,18665,35986,30085,18766.0,18508.0,18221.25,18926.416666666668,50.870249521613005,-83.85412743019876,134.72437695181176,71.80722891566265,376.7857142857143,49.900805019264844,32049.2,1024734,29080.55,-801.0,-2.5934080165770923
2018-09-06,18660,18780,18440,18595,34168,29624,18748.0,18586.0,18228.5,18894.583333333332,56.14936986401517,-55.85342797135597,112.00279783537114,75.25252525252525,366.7857142857143,42.961292942231566,32764.35,990566,29076.05,-461.0,-1.5323250789429976
2018-09-07,18590,18755,18520,18645,30139,30473,18715.0,18618.0,18249.0,18867.833333333332,63.634157940094155,-31.955910789065946,95.5900687291601,78.37150127226462,353.57142857142856,44.1512512351517,33266.2,1020705,29163.9,849.0,2.8659195247096925
2018-09-10,18700,19095,18640,19045,38918,32420,18751.0,18680.5,18292.25,18848.416666666668,100.68196446192087,-5.428335738868583,106.11030020078945,81.87633262260128,367.5,67.86367856835697,34306.75,1059623,29372.45,1947.0,6.389262625931158
2018-09-11,19125,19240,18570,18705,39058,28604,18731.0,18710.0,18309.25,18825.5,101.43814376578302,15.94496016206174,85.49318360372129,71.91011235955057,396.07142857142856,54.05688435013209,35127.2,1020565,29420.7,-3816.0,-11.770512029611346
2018-09-12,18515,18950,18500,18870,29393,29340,18772.0,18769.0,18345.5,18807.083333333332,114.03699485837205,35.563367101323806,78.47362775704825,70.64579256360078,396.7857142857143,43.73947613634646,35580.95,1049958,29574.0,736.0,2.573066703957494
2018-09-13,18960,18990,18740,18835,24986,28141,18820.0,18784.0,18399.25,18790.083333333332,119.81629990403599,52.413953661866245,67.40234624216974,62.25961538461539,376.07142857142856,46.858327334257446,35373.7,1024972,29778.75,-1199.0,-4.086571233810499
2018-09-14,18985,19055,18790,19020,24954,26736,18895.0,18805.0,18470.5,18774.833333333332,137.73665229133258,69.47849338775951,68.25815890357306,63.824884792626726,376.7857142857143,51.731516029945944,35744.15,1049926,29968.15,-1405.0,-4.992715255321423
2018-09-17,19035,19050,18595,18665,24742,24858,18819.0,18785.0,18527.25,18752.916666666668,121.8880776398837,79.96041023818435,41.92766740169935,55.06958250497018,385.35714285714283,29.44205854155272,35212.2,1025184,29895.35,-1878.0,-7.024236983842014
2018-09-18,18705,18845,18495,18715,30237,22329,18821.0,18776.0,18585.5,18733.25,112.0706692646454,86.38246204347656,25.688207221168838,58.932238193018485,394.2857142857143,15.595929172920286,34890.55,1055421,29581.0,-2529.0,-10.173787110789279
2018-09-19,18320,18580,18175,18480,23401,25984,18743.0,18757.5,18632.75,18705.083333333332,84.35537017561364,85.97704366990399,-1.6216734942903486,45.47461368653422,401.07142857142856,-33.54943448564721,34163.8,1032020,29431.6,3655.0,16.36884768686462
2018-09-20,18420,18645,18335,18470,30840,28852,18670.0,18745.0,18665.5,18669.666666666668,60.88206895001349,80.95804872592589,-20.0759797759124,42.093023255813954,385.7142857142857,-35.79820156119248,33660.9,1001180,29395.05,2868.0,11.03756157635467
2018-09-21,18410,18470,18205,18290,35129,30468,18524.0,18709.5,18663.75,18633.5,27.438518770984956,70.2541427349377,-42.815623963952746,37.362637362637365,375.35714285714283,-77.7820724805901,33050.6,966051,29319.1,1616.0,5.600998197698592
2018-09-25,18325,18395,18155,18310,23306,30945,18453.0,18636.0,18658.25,18604.0,2.5190590150959906,56.70712599096936,-54.18806697587337,38.92617449664429,370.0,-82.43641456702177,32783.45,989357,29319.05,477.0,1.5655769988184298
2018-09-26,18360,18370,17975,18015,39894,28011,18313.0,18567.0,18638.5,18569.0,-40.566204998947796,37.25245979298593,-77.81866479193373,36.40167364016737,372.85714285714283,-104.90185827930559,33558.05,949463,29178.4,-2934.0,-9.481337857489091
2018-09-27,18080,18085,17760,17840,33283,26908,18185.0,18464.0,18616.5,18534.583333333332,-87.82028700426599,12.23791043353555,-100.05819743780154,34.86973947895791,371.7857142857143,-125.64639335589742,33773.15,916180,29049.95,-1103.0,-3.937738745492847
2018-09-28,17815,18175,17780,18115,30762,25758,18114.0,18392.0,18588.0,18509.75,-101.90459299698705,-10.59059025256897,-91.31400274441808,40.25735294117647,383.2142857142857,-89.56301686131975,33151.5,946942,28766.95,-1150.0,-4.273821911699127
2018-10-08,18045,18170,17945,18130,14763,25085,18082.0,18303.0,18554.0,18483.833333333332,-110.58141856966904,-30.58875591598899,-79.99266265368004,30.406852248394003,366.7857142857143,-71.18160092037897,31449.4,961705,28409.6,-673.0,-2.6127804953800737
2018-10-09,18160,18345,18050,18335,27487,24775,18087.0,18270.0,18527.5,18462.166666666668,-99.76603782382517,-44.42421229755623,-55.34182552626894,41.59090909090909,340.0,-42.33897855636507,30519.25,989192,28014.1,-310.0,-1.2357982858281824
2018-10-10,18185,18320,18005,18250,38176,25332,18134.0,18223.5,18499.75,18441.916666666668,-96.93614079703548,-54.92659799745208,-42.0095427995834,35.37735849056604,331.42857142857144,-45.42299414006499,30481.1,951016,27736.4,557.0,2.2482341069626655
2018-10-11,18140,18410,18055,18210,47755,27203,18208.0,18196.5,18477.0,18428.0,-96.8051828324933,-63.30231496446033,-33.50286786803297,35.294117647058826,338.92857142857144,-36.7351780669308,31069.55,903261,27592.3,1871.0,7.3859150481604186
2018-10-12,18480,18750,18330,18600,54943,27070,18305.0,18209.5,18477.25,18420.166666666668,-64.48827636075293,-63.53950724371885,-0.9487691170340824,40.987124463519315,358.57142857142856,14.5845201614187,32108.3,958204,27464.6,-133.0,-0.48891666360327823
2018-10-15,18780,18995,18700,18815,39167,27291,18442.0,18262.0,18485.75,18418.166666666668,-21.282856459980394,-55.088177086971164,33.80532062699077,53.42465753424657,354.2857142857143,53.88597042372207,32559.7,997371,27305.5,221.0,0.8164019209456974
2018-10-16,18955,19060,18715,18750,31014,26073,18525.0,18306.0,18471.0,18413.916666666668,7.624898236750596,-42.54556202222681,50.17046025897741,50.79365079365079,353.92857142857144,56.184171781285876,32164.5,966357,26988.15,-1218.0,-4.463009783445093
2018-10-17,18825,18875,18600,18670,22146,25029,18609.0,18371.5,18469.25,18412.416666666668,23.804764187330875,-29.275496780315276,53.080260967646154,54.63414634146341,335.0,38.69009786858857,31318.9,944211,26809.4,-1044.0,-4.004142216085604
2018-10-18,18630,18760,18480,18500,25414,22746,18667.0,18437.5,18450.75,18406.583333333332,22.648764414283505,-18.89064454139552,41.53940895567902,50.67873303167421,332.85714285714283,19.810784191615706,31119.95,918797,26479.7,-2283.0,-9.121419153781618
2018-10-19,18435,18480,18260,18275,23043,19742,18602.0,18453.5,18422.75,18395.5,3.5362430603090615,-14.405267021054604,17.941510081363667,49.667405764966745,331.07142857142856,-14.779114808295265,31022.8,895754,26059.75,-3004.0,-13.20671766464433
2018-10-22,18175,18270,17950,18250,16886,22430,18489.0,18465.5,18384.25,18386.166666666668,-13.472555642209045,-14.218724745285492,0.746169103076447,48.67256637168141,337.14285714285717,-40.91746566910955,30619.4,878868,25844.45,2688.0,13.61564177894843
2018-10-23,18205,18270,18035,18125,19395,23778,18364.0,18444.5,18357.25,18380.333333333332,-36.61651410552804,-18.698282617334,-17.91823148819404,52.631578947368425,325.7142857142857,-39.1147230162717,30352.05,859473,25790.45,1348.0,6.009808292465446
2018-10-24,18040,18310,18040,18150,35944,23826,18260.0,18434.5,18329.0,18373.25,-52.337660888973915,-25.426158271661986,-26.91150261731193,57.98969072164949,321.7857142857143,-31.041614498045462,30637.4,895417,25865.3,48.0,0.20186727226847445
2018-10-25,18100,18455,18100,18420,31992,25706,18244.0,18455.5,18326.0,18366.583333333332,-42.51989656388105,-28.8449059301058,-13.674990633775248,57.88113695090439,318.92857142857144,-0.33124756420963003,31066.95,927409,25851.4,1880.0,7.8905397464954286
2018-10-26,18420,18540,18340,18520,29829,26389,18293.0,18447.5,18328.5,18361.583333333332,-26.36615076428643,-28.34915489694193,1.9830041326554984,59.65346534653465,317.14285714285717,26.691700576752414,31016.4,957238,25728.25,683.0,2.656967245001174
2018-10-29,18465,18625,18450,18560,30752,26599,18355.0,18422.0,18342.0,18357.25,-10.218729972420988,-24.723069912037744,14.504339939616756,56.06469002695418,308.57142857142856,38.76724606486896,30797.55,987990,25534.8,210.0,0.7957861230057928
2018-10-30,18545,18555,18370,18405,24777,25991,18411.0,18387.5,18346.75,18356.75,-9.81583641785619,-21.741623213201436,11.925786795345246,54.02597402597402,298.57142857142856,18.30005542711601,30871.1,963213,25287.1,-608.0,-2.2858002180533132
2018-10-31,18350,18465,18225,18425,25972,26380,18466.0,18363.0,18367.25,18355.666666666668,-7.792876095412794,-18.95187378964371,11.158997694230916,55.643044619422575,290.35714285714283,2.686587399954718,30175.0,989185,25205.55,389.0,1.4966719248970861
2018-11-01,18295,18800,18210,18740,44709,29740,18530.0,18387.0,18412.25,18362.916666666668,19.009077161146706,-11.359683599485626,30.368760760632334,53.82513661202186,293.92857142857144,39.172993294600545,30746.3,1033894,25347.15,3360.0,12.736921910538278
2018-11-02,18785,18790,18610,18750,36768,28112,18576.0,18434.5,18444.0,18371.416666666668,40.5888516252744,-0.9699765545336199,41.55882817980802,48.0,278.57142857142856,60.842711751197506,31046.6,1070662,25464.85,-1628.0,-5.4741089441829205
2018-11-05,18850,18860,18630,18635,29696,27203,18591.0,18473.0,18469.25,18382.833333333332,47.85974214132875,8.795967184638855,39.0637749566899,46.56716417910447,270.35714285714283,54.02537221837444,31793.25,1040966,25570.75,-909.0,-3.233494593056341
2018-11-06,18580,18660,18420,18420,27935,25418,18594.0,18502.5,18473.5,18392.5,35.85990146710901,14.208754041132888,21.651147425976124,43.0939226519337,267.85714285714283,6.462872454588943,31815.65,1013031,25602.9,-1785.0,-6.561776274675591
2018-11-07,18420,18465,18260,18390,24560,23528,18587.0,18526.5,18480.5,18397.0,23.656494654351263,16.098302163776566,7.558192490574697,46.706586826347305,262.5,-24.78547096922943,31134.85,988471,25512.7,-1890.0,-7.435675505547246
2018-11-08,18365,18520,18320,18465,24176,22973,18532.0,18531.0,18493.25,18397.166666666668,19.80873724088815,16.840389179198883,2.968348061689266,56.25,259.64285714285717,-13.152657126516402,29955.9,1012647,25301.2,-555.0,-2.3588915334920135
2018-11-09,18520,18765,18500,18550,29062,22305,18492.0,18534.0,18490.75,18398.833333333332,23.34899867203785,18.14211107776668,5.206887594271173,59.49367088607595,257.85714285714283,26.651357762267956,28661.85,1041709,25062.95,-668.0,-2.9077612849867207
2018-11-12,18545,18680,18385,18605,26645,22493,18486.0,18538.5,18480.25,18405.0,30.24408670302728,20.5625062028188,9.68158050020848,65.89403973509934,262.14285714285717,19.964943096631515,28035.75,1068354,24823.05,188.0,0.8428603452140804
2018-11-13,18495,18575,18420,18475,17836,21350,18497.0,18545.5,18466.5,18409.916666666668,24.931188873142673,21.436242736883575,3.494946136259099,60.06191950464396,256.07142857142856,8.250886870763555,27376.85,1050518,24586.9,-1143.0,-5.081580936291285
2018-11-14,18380,18540,18315,18505,21633,19746,18520.0,18553.5,18458.25,18412.25,22.877708363997954,21.724535862306453,1.1531725016915004,53.09090909090909,246.78571428571428,1.6587083808036687,27351.2,1072151,24322.75,-1604.0,-7.512880562060886
2018-11-15,18140,18320,18030,18250,24564,25245,18477.0,18504.5,18445.75,18414.0,0.6662611461324559,17.512880919071655,-16.8466197729392,41.17647058823529,266.42857142857144,-66.70623763678603,27308.7,1047587,24447.7,5499.0,27.84867821330903
2018-11-16,18210,18265,18020,18140,38546,27207,18395.0,18443.5,18439.0,18420.333333333332,-25.518391359561065,8.906626463345113,-34.42501782290618,36.875,271.42857142857144,-76.07160402493484,28083.85,1009041,24820.95,1962.0,7.771836007130117
2018-11-19,18220,18445,18160,18205,49595,27774,18315.0,18400.5,18436.75,18430.5,-40.55743943257403,-0.9861867158387163,-39.571252716735316,43.37748344370861,279.64285714285717,-44.1075714386834,29719.3,1058636,25088.15,567.0,2.0840224942110464
2018-11-20,18295,18355,18200,18300,33175,26930,18280.0,18388.5,18445.5,18443.333333333332,-44.299628783992375,-9.648875129469449,-34.65075365452293,46.05678233438486,273.57142857142856,-44.20791639780395,30408.3,1091811,25245.75,-844.0,-3.0388132786058897
2018-11-21,18335,18335,18070,18290,45393,27233,18237.0,18378.5,18452.5,18455.666666666668,-47.524425241270364,-17.22398515182963,-30.300440089440734,32.421875,250.35714285714286,-63.116682085941704,30880.75,1046418,25416.1,303.0,1.1251392499071589
2018-11-22,18250,18385,18215,18345,31547,29408,18256.0,18366.5,18448.75,18469.166666666668,-45.12192189308553,-22.80357250008081,-22.318349393004716,34.716981132075475,249.64285714285714,-37.007940473071315,30858.5,1077965,25601.2,2175.0,7.986633863327586
2018-11-23,18360,18585,18215,18480,55891,34237,18324.0,18359.5,18446.75,18480.25,-31.956177994728932,-24.634093599010438,-7.322084395718495,44.237918215613384,259.64285714285717,-1.8084484167059895,32161.6,1133856,25993.6,4829.0,16.42070184983677
2018-11-26,18385,18425,18105,18120,52407,33443,18307.0,18311.0,18424.75,18476.833333333332,-49.99491222827055,-29.706257324862463,-20.288654903408087,39.932885906040276,269.2857142857143,-60.11192031349502,33244.35,1081449,26335.8,-794.0,-2.319128428308559
2018-11-27,18095,18190,17935,17945,42221,35579,18236.0,18258.0,18401.75,18468.916666666668,-77.51819503541992,-39.26864486697396,-38.249550168445964,36.3914373088685,272.85714285714283,-99.17247906869264,34116.55,1039228,26815.2,2136.0,6.386986813383966
2018-11-28,17950,18175,17920,18150,45269,33910,18208.0,18222.5,18388.0,18464.583333333332,-81.84534600928237,-47.78398509543564,-34.06136091384673,41.07648725212464,276.7857142857143,-74.68406548598789,35081.4,1084497,27191.7,-1669.0,-4.690969392057109
2018-11-29,18230,18315,18135,18190,33320,31496,18177.0,18216.5,18360.5,18463.083333333332,-81.111970322032,-54.44958214075491,-26.66238818127708,39.53488372093023,268.2142857142857,-37.66281594197287,34511.95,1117817,27279.5,-2414.0,-7.118843998820412
2018-11-30,18255,18330,18175,18290,30919,30555,18139.0,18231.5,18337.5,18456.5,-71.63582731553106,-57.88683117571014,-13.748996139820918,41.07648725212464,258.2142857142857,-20.71407274215538,34219.5,1148736,27401.65,-941.0,-2.9876809753619504
2018-12-03,18395,18765,18320,18570,45892,29569,18229.0,18268.0,18334.25,18452.5,-41.05895370855069,-54.52125568227826,13.46230197372757,52.480417754569196,278.92857142857144,66.35260570457814,35029.3,1194628,27519.95,-986.0,-3.226967763050237
2018-12-04,18510,18580,18405,18475,22069,27731,18335.0,18285.5,18337.0,18446.0,-24.21315297705587,-48.45963514123378,24.246482164177912,49.24242424242424,275.35714285714283,47.14491417300775,34736.0,1172559,27635.6,-1838.0,-6.215969427440903
2018-12-05,18525,18635,18520,18535,26467,27765,18412.0,18310.0,18344.25,18441.5,-5.952617897088203,-39.958231692404674,34.00561379531647,57.983193277310924,252.85714285714286,64.39557147037317,34831.35,1199026,27847.45,34.0,0.1226064692942952
2018-12-06,18530,18630,18430,18465,15689,28029,18467.0,18322.0,18344.25,18438.166666666668,2.837859648723679,-31.399013424179003,34.23687307290268,59.31232091690544,249.64285714285714,46.66360043337853,34407.0,1183337,28100.25,264.0,0.9508373851971896
2018-12-07,18435,18620,18370,18590,17757,27155,18527.0,18333.0,18346.25,18438.083333333332,19.664155621667305,-21.18637961500974,40.85053523667705,60.664819944598335,245.71428571428572,54.645584885122695,33841.75,1201094,28342.75,-874.0,-3.1181990081701083
2018-12-10,18520,18605,18480,18530,15530,26356,18519.0,18374.0,18342.5,18436.166666666668,27.83673331418322,-11.381757029171148,39.21849034335437,56.497175141242934,243.57142857142858,58.742138792689865,33286.0,1185564,28535.9,-799.0,-2.942367888050079
2018-12-11,18530,18560,18370,18380,16692,25605,18500.0,18417.5,18337.75,18425.083333333332,21.956710328951885,-4.714063557546542,26.670773886498427,52.35602094240838,238.21428571428572,29.87508944547109,33228.8,1168872,28748.65,-751.0,-2.84944604644104
2018-12-12,18430,18590,18425,18560,17337,26520,18505.0,18458.5,18340.5,18422.666666666668,31.45861015159244,2.520471184281255,28.938138967311183,55.282555282555286,241.07142857142858,54.12659542298974,33014.0,1186209,29087.35,915.0,3.5735207967193983
2018-12-13,18500,18550,18450,18500,15467,25090,18512.0,18489.5,18353.0,18416.5,33.758291093530715,8.768035166131147,24.990255927399566,50.51020408163265,222.5,42.352662048345444,32559.15,1170742,29079.6,-1430.0,-5.392156862745101
2018-12-14,18440,18500,18355,18390,14558,24235,18472.0,18499.5,18365.5,18409.083333333332,26.40039677632012,12.294507488168943,14.105889288151179,57.89473684210526,206.07142857142858,14.060889040701346,31359.75,1156184,28931.0,-855.0,-3.407732164208843
2018-12-17,18380,18415,18255,18380,14701,23118,18442.0,18480.5,18374.25,18398.416666666668,19.537084741165017,13.74302293876816,5.7940618023968575,64.07766990291262,199.28571428571428,-7.098918873462617,29615.05,1141483,28698.2,-1117.0,-4.609036517433463
2018-12-18,18275,18340,18200,18220,12778,22364,18410.0,18455.0,18370.25,18391.0,1.1736683632952918,11.229152023673587,-10.055483660378295,52.333333333333336,193.92857142857142,-36.21006879643398,28595.2,1128705,28469.9,-754.0,-3.2615278138247272
2018-12-19,17945,18115,17915,18080,15771,23042,18314.0,18409.5,18359.75,18380.416666666668,-24.395089976780582,4.104303623582753,-28.499393600363334,46.5625,202.85714285714286,-91.76816877112665,27114.1,1112934,28260.35,678.0,3.0316580218207934
2018-12-20,18025,18170,18005,18045,13814,24251,18223.0,18367.5,18344.75,18373.166666666668,-46.941609018416784,-6.104878904817155,-40.83673011359963,42.019543973941374,203.57142857142858,-73.34694364636286,26227.45,1099120,28002.5,1209.0,5.246940369759567
2018-12-21,18075,18160,18010,18035,17718,25818,18152.0,18312.0,18322.5,18365.916666666668,-64.86903437561341,-17.857709998976407,-47.011324376637006,28.853754940711454,180.35714285714286,-66.69251225700333,24318.8,1081402,27581.55,1567.0,6.461589212815966
2018-12-24,18030,18060,17900,17950,21155,28408,18066.0,18254.0,18314.0,18360.25,-84.9561165286832,-31.277391304917764,-53.67872522376543,29.083665338645417,179.28571428571428,-82.33480446746869,22756.2,1060247,27329.8,2590.0,10.031760787047794
2018-12-25,18015,18085,17820,17835,23103,29069,17989.0,18199.5,18308.5,18352.333333333332,-108.89948725796785,-46.80181049552778,-62.09767676244007,23.28244274809161,186.78571428571428,-90.42998167175354,21800.3,1037144,27004.3,661.0,2.32680934947902
2018-12-26,17870,17880,17655,17825,23617,30143,17938.0,18126.0,18292.25,18349.166666666668,-127.21523939905092,-62.88449627623241,-64.3307431228185,24.400000000000006,188.57142857142858,-104.07991269349215,20717.7,1013527,26815.95,1074.0,3.694657538959034
2018-12-27,17825,17995,17795,17930,18981,28172,17915.0,18069.0,18279.25,18350.666666666668,-131.73937296373333,-76.6554716137326,-55.08390135000073,23.170731707317074,185.0,-72.26656605312229,20000.75,1032508,26649.75,-1971.0,-6.538831569518633
2018-12-28,17995,18080,17935,18050,23370,26440,17918.0,18035.0,18267.25,18349.583333333332,-124.20996908462257,-86.1663711079106,-38.043597976711965,31.395348837209298,186.78571428571428,-46.72904638056579,19623.3,1055878,26444.0,-1732.0,-6.147948317478347
2019-01-02,18000,18140,17960,18000,9817,27048,17928.0,17997.0,18238.75,18347.416666666668,-120.88396924674817,-93.10989073567812,-27.774078511070044,34.03361344537815,186.07142857142858,-40.22501961947835,17819.55,1046061,26317.95,608.0,2.299546142208775
2019-01-03,17915,17925,17755,17770,18688,28490,17915.0,17952.0,18203.5,18338.0,-135.24811217437673,-101.53753502341785,-33.71057715095888,18.14516129032259,188.57142857142858,-72.15605281924945,17650.5,1027373,26355.9,1442.0,5.331262939958603
2019-01-04,17760,17820,17520,17735,23695,28645,17897.0,17917.5,18163.5,18329.416666666668,-147.75280407295577,-110.78058883332544,-36.97221523963033,18.51851851851852,202.14285714285714,-83.84926372498788,17511.9,1003678,26399.9,155.0,0.5440505440505339
2019-01-07,17720,17755,17570,17670,23164,29922,17845.0,17880.0,18123.75,18320.416666666668,-161.05131990149675,-120.83473504695971,-40.21658485453705,19.23076923076924,205.0,-78.54423968153877,17885.65,980514,26494.55,1277.0,4.458020596962831
2019-01-08,17655,17660,17365,17410,24474,30669,17717.0,17817.5,18064.75,18300.583333333332,-190.37578307313015,-134.7429446521938,-55.63283842093634,15.845070422535215,215.35714285714286,-95.59907320087764,18221.5,956040,26670.25,747.0,2.4964908762783233
2019-01-09,17450,17615,17430,17570,20591,29448,17631.0,17779.5,18016.75,18279.833333333332,-198.41773247456877,-147.4779022166688,-50.939830257899956,27.112676056338017,217.14285714285714,-77.4981073933889,18474.55,976631,26824.85,-1221.0,-3.981218820307153
2019-01-10,17550,17620,17395,17450,15976,28977,17567.0,17741.0,17970.25,18258.166666666668,-212.029883914729,-160.38829855628086,-51.64158535844814,27.5,211.42857142857142,-76.4553284335853,18438.75,960655,26993.45,-471.0,-1.5994295028524896
2019-01-11,17465,17595,17275,17485,23329,27622,17517.0,17707.0,17916.5,18238.416666666668,-217.48635716369245,-171.8079102777632,-45.67844688592925,30.0,222.5,-75.42332043804193,18738.35,983984,27048.55,-1355.0,-4.676122441936704
2019-01-14,17465,17500,17335,17470,18415,26523,17477.0,17661.0,17865.0,18221.25,-220.47947600930638,-181.54222342407184,-38.937252585234546,29.893238434163692,223.57142857142858,-72.6006875361909,18885.75,965569,27120.2,-1099.0,-3.978712620375069
2019-01-15,17420,17570,17345,17555,13622,25697,17506.0,17611.5,17823.25,18209.25,-213.53129874009028,-187.94003848727553,-25.59126025281475,35.94306049822063,228.21428571428572,-59.20134115196223,18838.95,979191,27193.3,-826.0,-3.1142781736606007
2019-01-16,17480,17630,17440,17590,14686,24583,17510.0,17570.5,17783.75,18198.25,-202.8621422044962,-190.92445923071966,-11.937682973776532,40.75471698113207,222.85714285714286,-44.51959981230187,18838.2,993877,27266.55,-1114.0,-4.33513639724481
2019-01-17,17560,17665,17555,17650,11282,23497,17550.0,17558.5,17755.25,18190.333333333332,-187.40497235803923,-190.2205618561836,2.8155894981443623,43.63636363636363,214.64285714285714,-27.30992430723656,18763.4,1005159,27323.2,-1086.0,-4.417687019485006
2019-01-18,17670,17730,17595,17715,14789,21491,17596.0,17556.5,17737.0,18183.083333333332,-167.9737997164193,-185.77120942823075,17.79740971181144,41.947565543071164,210.0,-11.982966630079472,18714.3,1019948,27245.65,-2006.0,-8.53726007575435
2019-01-21,17715,17810,17685,17715,16809,20069,17645.0,17561.0,17720.5,18171.333333333332,-150.83571517137534,-178.7841105768597,27.948395405484348,36.21399176954733,208.21428571428572,4.542784674023522,18864.05,1019948,27036.55,-1422.0,-6.616723279512349
2019-01-22,17595,17655,17480,17500,12576,22035,17634.0,17570.0,17693.75,18154.333333333332,-152.84051257714964,-173.59539097691768,20.754878399768046,31.8840579710145,212.14285714285714,-36.90853775507747,18606.95,1007372,26847.4,1966.0,9.796203099307398
2019-01-23,17525,17585,17500,17555,9606,22386,17627.0,17568.5,17674.0,18137.583333333332,-148.281986184782,-168.53271001849055,20.25072383370855,41.078838174273855,200.71428571428572,-32.61726771706315,18029.5,1016978,26546.3,351.0,1.5929203539823078
2019-01-24,17565,17690,17530,17605,17177,23362,17618.0,17584.0,17662.5,18124.25,-139.0320639550373,-162.6325808057999,23.600516850762602,44.67213114754098,190.71428571428572,-12.870238541513435,17733.2,1034155,26260.95,976.0,4.359867774501924
2019-01-25,17650,17815,17615,17660,23462,23626,17607.0,17601.5,17654.25,18111.5,-125.8130985162934,-155.2686843478986,29.45558583160522,49.586776859504134,192.5,12.993216893110311,17725.45,1057617,25935.1,264.0,1.130040236281138
2019-01-28,17690,17860,17675,17705,18758,22859,17605.0,17625.0,17643.0,18094.25,-110.43284811823105,-146.3015171019651,35.86866898373404,64.82412060301507,185.0,30.764594549264398,17714.3,1076375,25669.45,-767.0,-3.2464234318124063
2019-01-29,17775,17785,17620,17645,19299,21452,17634.0,17634.0,17622.75,18075.833333333332,-101.9106251782323,-137.42333871721854,35.51271353898625,54.18994413407822,182.14285714285714,19.998905017436584,17510.75,1057076,25420.05,-1407.0,-6.155124896102193
2019-01-30,17660,17670,17490,17500,18413,21561,17623.0,17625.0,17597.75,18056.916666666668,-105.63924680440323,-131.06652033465548,25.42727353025225,52.71739130434783,178.92857142857142,-22.060849547040775,17940.55,1038663,25145.7,109.0,0.5081111318292031
2019-01-31,17515,17590,17395,17410,16942,20812,17584.0,17601.0,17579.75,18040.083333333332,-114.53615267329224,-127.76044680238284,13.224294129090609,46.15384615384615,170.0,-59.14568422643292,17853.25,1021721,24761.8,-749.0,-3.4738648485691748
2019-02-01,17400,17515,17330,17375,14733,19143,17527.0,17567.0,17561.75,18023.166666666668,-122.99343046033391,-126.80704353397307,3.8136130736391607,45.22613065326633,171.42857142857142,-77.95826106049189,17405.15,1006988,24286.7,-1669.0,-8.019411877762828
2019-02-11,17345,17345,16675,16770,17670,21932,17340.0,17472.5,17516.75,17994.916666666668,-176.47997652755657,-136.74163013268978,-39.738346394866795,24.0924092409241,205.35714285714286,-172.45755791580353,17130.45,989318,23887.2,2789.0,14.569294258998067
2019-02-12,16795,16945,16790,16800,12078,22522,17171.0,17402.5,17486.25,17965.75,-213.9810598961485,-152.18951608538154,-61.79154381076697,23.84105960264901,204.28571428571428,-140.87708805120337,16510.65,1001396,23479.85,590.0,2.6901331387926275
2019-02-13,16800,16825,16510,16710,21890,21416,17013.0,17318.0,17443.25,17934.166666666668,-248.10320715192938,-171.37225429869113,-76.73095285323825,19.480519480519476,218.92857142857142,-131.22188137898607,16575.6,979506,23078.25,-1106.0,-4.910753929491163
2019-02-14,16680,16895,16630,16875,17885,19966,16906.0,17245.0,17414.5,17907.5,-258.84730306854544,-188.86726405266202,-69.98003901588342,24.39024390243904,228.21428571428572,-94.4483840556724,16671.05,997391,22627.7,-1450.0,-6.77063877474785
2019-02-15,16860,16920,16785,16870,10133,19551,16805.0,17166.0,17383.75,17880.25,-264.714075617816,-204.03662636569283,-60.677449252123154,24.316109422492403,228.92857142857142,-75.80101387309097,16011.25,987258,22224.15,-415.0,-2.0785335069618327
2019-02-18,17010,17120,16925,16965,14207,18408,16844.0,17092.0,17358.5,17858.833333333332,-258.7155176365595,-214.97240461986618,-43.74311301669334,32.459016393442624,230.0,-50.745420394844416,15800.85,1001465,21818.4,-1143.0,-5.846248273745591
2019-02-19,16935,16940,16740,16830,11475,17218,16850.0,17010.5,17322.25,17837.0,-261.83669850439037,-224.34526339677103,-37.49143510761934,27.414330218068542,240.0,-65.9314869647653,15693.5,989990,21394.45,-1190.0,-6.464580617122994
2019-02-20,16770,16870,16735,16790,10486,16444,16866.0,16939.5,17282.25,17813.416666666668,-264.4890573210141,-232.37402218161967,-32.11503513939445,24.45141065830721,238.21428571428572,-63.538199493668884,15483.5,979504,20987.5,-774.0,-4.495295620861883
2019-02-21,16780,16860,16740,16770,12384,13414,16845.0,16875.5,17238.25,17787.916666666668,-265.14843750701766,-238.9289052466993,-26.219532260318374,21.474358974358978,231.78571428571428,-58.13554367956397,15538.6,967120,20483.35,-3030.0,-18.42617368036974
2019-02-22,16755,17045,16735,17045,18758,21590,16880.0,16842.5,17204.75,17767.166666666668,-240.70608936206918,-239.2843420697733,-1.4217472922958905,31.564245810055866,239.64285714285714,-35.42020846849621,15737.05,985878,20488.3,8176.0,60.95124496794393
2019-02-25,17085,17225,16970,17125,21649,21773,16912.0,16878.0,17175.25,17746.833333333332,-212.43124577999333,-233.9137228118173,21.482477031823976,35.63535911602209,246.07142857142858,-11.254249791704806,15979.05,1007527,20573.5,183.0,0.8476146364057469
2019-02-26,17140,17180,16965,17025,17049,23224,16951.0,16900.5,17151.5,17722.583333333332,-195.83492963129902,-226.29796417571364,30.463034544414626,36.54390934844193,248.57142857142858,-14.947113992646031,16202.7,990478,20632.95,1451.0,6.664217149680796
2019-02-27,17025,17200,16985,17145,14091,23677,17022.0,16944.0,17131.0,17706.333333333332,-171.02773117142715,-215.24391757485637,44.21618640342922,42.61838440111421,250.0,-4.977022114118388,16426.95,1004569,20697.5,453.0,1.9505683775404847
2019-02-28,17250,17375,17185,17365,22427,24015,17141.0,16993.0,17119.0,17696.666666666668,-132.09300039891968,-198.61373413966905,66.52073374074936,49.747474747474755,253.21428571428572,25.598084489489487,16689.45,1026996,20730.15,338.0,1.4275457194745877
2019-03-01,17415,17850,17415,17780,34632,22628,17288.0,17084.0,17125.0,17690.5,-66.97783525921477,-172.2865543635782,105.30871910436343,78.2122905027933,237.85714285714286,79.86552243403847,17247.95,1061628,20680.25,-1387.0,-5.775556943576932
2019-03-04,17780,17800,17650,17710,18644,20622,17405.0,17158.5,17125.25,17682.5,-20.782445645381813,-141.98573261993894,121.20328697455713,74.86338797814207,236.07142857142858,86.22503871256397,17242.25,1042984,20568.4,-2006.0,-8.865122856637797
2019-03-05,17615,17705,17540,17570,19990,19218,17514.0,17232.5,17121.5,17670.5,4.479269244602619,-112.69273224703063,117.17200149163325,72.87234042553192,225.71428571428572,71.32936916706899,17276.8,1022994,20456.7,-1404.0,-6.808263020075644
2019-03-06,17620,17635,17490,17525,13831,17989,17590.0,17306.0,17122.75,17653.083333333332,20.6304217168763,-86.02810145424925,106.65852317112555,68.4659090909091,217.14285714285714,63.22421287062753,17047.7,1009163,20278.1,-1229.0,-6.395046310750341
2019-03-07,17555,17595,17470,17575,15688,19047,17632.0,17386.5,17131.0,17638.083333333332,37.03795802174136,-61.41488955905113,98.4528475807925,69.52908587257618,216.42857142857142,61.24555297924763,16985.0,1024851,20189.85,1058.0,5.881371949524716
2019-03-08,17525,17565,17395,17475,11891,18576,17571.0,17429.5,17136.0,17620.416666666668,41.49357241419057,-40.8331971644028,82.32676957859337,64.08839779005524,211.42857142857142,50.19911810013126,16842.9,1012960,20161.5,-471.0,-2.4728303669869223
2019-03-11,17445,17555,17365,17465,11755,18113,17522.0,17463.5,17170.75,17603.75,43.71385636936975,-23.92378645764829,67.63764282701804,68.84272997032642,208.92857142857142,43.41277128553121,16547.15,1001205,19970.55,-463.0,-2.4924633936261875
2019-03-12,17430,17490,17355,17415,10003,17729,17491.0,17502.5,17201.5,17584.166666666668,40.966627486741345,-10.945703668770363,51.91233115551171,68.43657817109144,208.92857142857142,33.65699056020722,16443.4,991202,19730.9,-384.0,-2.1200242919450107
2019-03-13,17390,17550,17390,17450,10730,17202,17476.0,17533.0,17238.5,17566.166666666668,41.13940682386237,-0.5286815702438155,41.66808839410619,69.88304093567251,211.78571428571428,35.99042242337141,15885.4,1001932,19520.2,-527.0,-2.9725308816064056
2019-03-14,17500,17580,17310,17325,17520,17392,17426.0,17529.0,17261.0,17548.583333333332,30.83444012988548,5.743942769782044,25.090497360103434,58.97435897435897,208.92857142857142,23.497179239943044,15867.15,984412,19391.5,190.0,1.104522729915125
2019-03-15,17325,17400,17190,17200,15772,16486,17371.0,17471.0,17277.5,17525.916666666668,12.437848673009285,7.082723950427493,5.355124722581792,52.336448598130836,205.71428571428572,-2.329814775715275,16149.1,968640,19238.25,-906.0,-5.209291628334867
2019-03-18,17150,17155,16910,16910,16547,14219,17260.0,17391.0,17274.75,17499.416666666668,-25.25108023107532,0.61596311412693,-25.86704334520225,46.7966573816156,211.07142857142858,-47.35228727879484,16266.1,952093,19028.8,-2267.0,-13.751061506732986
2019-03-19,16840,16985,16810,16855,11451,12686,17148.0,17319.5,17276.0,17473.833333333332,-58.87914612195891,-11.28305873309024,-47.59608738886867,41.6184971098266,208.21428571428572,-66.49150930872575,16264.9,940642,18802.2,-1533.0,-10.78134889936001
2019-03-20,16885,16910,16760,16880,8411,11544,17034.0,17255.0,17280.5,17448.833333333332,-82.56063197809635,-25.538573382091464,-57.02205859600489,34.20195439739413,202.5,-73.56379803958083,16161.15,949053,18557.2,-1142.0,-9.002049503389564
2019-03-21,16845,17005,16815,16990,15527,19252,16967.0,17196.5,17291.5,17428.333333333332,-91.39871198528999,-38.710601102731175,-52.68811088255882,17.886178861788622,181.42857142857142,-62.453881022037265,16318.3,964580,18849.1,7708.0,66.77061677061677
2019-03-22,16960,17050,16865,16980,13942,19388,16923.0,17147.0,17288.25,17410.0,-98.0792736777039,-50.58433561772572,-47.494938059978175,18.803418803418808,183.92857142857142,-57.93985861701338,16077.5,950638,18739.0,136.0,0.7064201121961267
2019-03-25,16930,16960,16785,16850,14446,20458,16911.0,17085.5,17274.5,17390.083333333332,-112.5659898335507,-62.98066646089072,-49.585323372659985,18.965517241379317,185.71428571428572,-70.29601776784561,15717.35,936192,18673.25,1070.0,5.518877656282228
2019-03-26,16805,16890,16755,16815,15163,21815,16903.0,17025.5,17264.0,17369.75,-125.42520061282266,-75.46957329127711,-49.95562732154555,19.130434782608702,185.0,-72.52694968761374,15623.05,921029,18602.8,1357.0,6.633101965001464
2019-03-27,16750,16865,16745,16835,13147,21362,16894.0,16964.0,17248.5,17351.166666666668,-132.47529224201935,-86.87071708142557,-45.60457516059378,16.964285714285722,184.64285714285714,-67.72589165069463,15575.85,934176,18487.05,-453.0,-2.0765528306211367
2019-03-28,16820,16870,16735,16760,15691,21697,16848.0,16907.5,17218.25,17333.25,-142.47208434760614,-97.99099053466169,-44.48109381294445,17.351598173515995,181.42857142857142,-64.66585014971301,15239.05,918485,18371.15,335.0,1.568205224229935
2019-03-29,16760,16795,16700,16730,12937,22051,16798.0,16860.5,17165.75,17315.0,-151.07387777110125,-108.60756798194961,-42.46630978915164,17.040358744394624,174.64285714285714,-64.88871813182364,14154.3,905548,18342.3,354.0,1.631561967092221
2019-04-01,16765,16960,16765,16945,20344,21308,16817.0,16864.0,17127.5,17298.583333333332,-138.94053782915216,-114.67416195139013,-24.26637587776203,31.640625,181.42857142857142,-38.96929799239007,14239.3,925892,18376.6,-743.0,-3.3694617024171203
2019-04-02,16990,16990,16775,16820,11603,21495,16818.0,16860.5,17090.0,17278.083333333332,-137.82250183099677,-119.30382992731147,-18.518671903685302,27.007299270073005,185.35714285714286,-39.37976168908922,13819.95,914289,18490.45,187.0,0.8776046555284411
2019-04-03,16750,16910,16735,16895,13278,21173,16830.0,16862.0,17058.5,17259.666666666668,-129.39301491698643,-121.32166692524646,-8.07134799173997,33.712121212121204,178.57142857142858,-37.8687132267013,13792.3,927567,18649.65,-322.0,-1.4980227959990655
2019-04-04,16890,16945,16815,16920,18229,21544,16862.0,16855.0,17025.75,17245.5,-119.31984978587934,-120.92130349737305,1.6014537114937042,38.52459016393443,172.85714285714286,-26.012271017235392,13919.35,945796,18774.5,371.0,1.7522316157370321
2019-04-08,16810,16945,16775,16880,10076,21001,16892.0,16845.0,16996.0,17231.25,-113.25888166565346,-119.38881913102914,6.129937465375676,48.45360824742268,164.28571428571428,-27.276380504604308,13828.6,935720,18895.75,-543.0,-2.5204233197177905
2019-04-09,16900,16930,16820,16900,13336,20475,16883.0,16850.0,16967.75,17218.416666666668,-105.62411881743901,-116.63587906831111,11.0117602508721,52.406417112299465,159.64285714285714,-19.994741215454447,13907.65,949056,19013.85,-526.0,-2.5046426360649465
2019-04-10,16855,16940,16665,16685,19170,21854,16856.0,16837.0,16931.25,17206.333333333332,-115.58977050253816,-116.42665735515652,0.8368868526183633,41.333333333333336,168.57142857142858,-43.89385644163349,14366.0,929886,19220.1,1379.0,6.735042735042729
2019-04-11,16690,16690,16410,16445,26667,22640,16766.0,16798.0,16881.0,17187.583333333332,-141.22565406776266,-121.38645669767776,-19.839197370084904,28.286852589641427,175.0,-103.77476844205488,15162.85,903219,19492.0,786.0,3.5965955889082135
2019-04-12,16465,16515,16260,16345,15730,22225,16651.0,16756.5,16832.0,17169.166666666668,-167.67854684315535,-130.64487472677328,-37.033672116382064,26.394052044609666,180.0,-133.63939642243446,15073.35,887489,19733.65,-415.0,-1.8330388692579525
2019-04-15,16355,16475,16225,16440,15698,20387,16563.0,16727.5,16794.0,17151.75,-178.91453352652388,-140.2988064867234,-38.615727039800475,34.35114503816794,183.92857142857142,-119.66542987253611,15069.65,903187,19928.7,-1838.0,-8.26996625421822
2019-04-16,16450,16530,16335,16520,24624,25188,16487.0,16685.0,16774.5,17135.916666666668,-179.29697855165068,-148.09844089970886,-31.19853765194182,39.11439114391143,188.21428571428572,-84.3031257703023,15473.5,927811,20477.15,4801.0,23.549320645509386
2019-04-17,16465,16545,16350,16440,18169,26789,16438.0,16647.0,16753.75,17117.333333333332,-183.93511093826964,-155.26577490742102,-28.669336030848626,36.04240282685513,193.57142857142858,-77.92434954251583,15809.4,909642,21182.3,1601.0,6.356201365729719
2019-04-18,16500,16515,16340,16365,15511,26708,16422.0,16594.0,16728.0,17096.916666666668,-191.45575470626864,-162.50377086719055,-28.951983839078082,36.04240282685513,196.42857142857142,-77.07595724990537,16164.4,894131,21940.5,-81.0,-0.3023629101496894
2019-04-19,16410,16540,16355,16500,15891,26808,16453.0,16552.0,16703.5,17077.75,-184.3969342429482,-166.88240354234208,-17.514530700606116,42.43421052631579,202.85714285714286,-56.863182770240755,16182.6,910022,22318.3,100.0,0.3744196495432117
2019-04-22,16475,16580,16450,16575,13703,25445,16480.0,16521.5,16683.25,17058.75,-170.782223803104,-167.66236759449447,-3.1198562086095194,36.59420289855072,195.71428571428572,-36.05207174665111,16170.65,923725,22621.15,-1363.0,-5.084303193076689
2019-04-23,16600,16665,16470,16500,13844,27262,16476.0,16481.5,16665.75,17038.5,-164.15209768866043,-166.96031361332768,2.808215924667252,37.96992481203007,194.28571428571428,-30.02481048161379,16140.55,909881,22961.35,1817.0,7.14089212025939
2019-04-24,16510,16535,16340,16345,13968,28199,16457.0,16447.5,16642.25,17019.25,-169.4515476253364,-167.45856041572944,-1.9929872096069516,30.496453900709213,195.71428571428572,-58.21205632694304,16080.8,895913,23280.55,937.0,3.4370185606338532
2019-04-25,16360,16550,16350,16545,21406,28322,16493.0,16457.5,16627.75,17002.416666666668,-155.71805059423787,-165.11045845143116,9.392407857193291,38.170347003154575,201.07142857142858,-35.934112158621545,16493.75,917319,23628.55,123.0,0.43618568034327065
2019-04-26,16475,16610,16430,16590,18147,28021,16511.0,16482.0,16619.25,16985.5,-139.5938799790565,-160.00714275695623,20.413262777899718,40.880503144654085,201.78571428571428,-17.972646524483874,16616.55,935466,23944.75,-301.0,-1.0627780523974284
2019-04-29,16625,16780,16590,16710,23825,29242,16538.0,16509.0,16618.25,16969.666666666668,-115.79751975372346,-151.1652181563097,35.36769840258623,44.37869822485207,207.5,20.25129079111854,17160.95,959291,24304.3,1221.0,4.357446201063486
2019-04-30,16730,16750,16650,16685,12135,28480,16575.0,16525.5,16605.25,16952.666666666668,-97.82831992186766,-140.49783850942129,42.669518587553625,50.0,195.0,24.318722986454112,16750.5,947156,24662.9,-762.0,-2.605840913754187
2019-05-06,16305,16595,16210,16380,12626,28414,16582.0,16519.5,16583.25,16931.583333333332,-106.96551868697497,-133.791374544932,26.825855857957038,47.92332268370607,208.92857142857142,-50.17028816914001,16801.65,934530,25008.85,-66.0,-0.2317415730337058
2019-05-07,16365,16420,16325,16365,13354,28521,16546.0,16519.5,16556.75,16912.666666666668,-114.10189357488343,-129.8534783509223,15.751584776038868,50.67567567567568,197.5,-52.071864002372415,16805.45,921176,25376.25,107.0,0.3765749278524577
2019-05-08,16355,16395,16295,16355,13980,28877,16499.0,16505.0,16528.5,16895.083333333332,-119.19048479960111,-127.72087964065807,8.53039484105696,46.95340501792115,186.78571428571428,-54.50815902084657,16593.0,907196,25742.9,356.0,1.2482030784334297
2019-05-09,16305,16380,16155,16180,18057,28053,16393.0,16465.5,16493.5,16875.166666666668,-135.77909063321567,-129.3325218391696,-6.4465687940460725,38.59060402684564,188.92857142857142,-82.29238757425988,16992.05,889139,26095.5,-824.0,-2.8534820099040736
2019-05-10,16110,16255,16100,16155,18207,26980,16287.0,16431.0,16456.25,16864.916666666668,-149.22282351558533,-133.31058217445275,-15.912241341132585,40.06968641114982,186.07142857142858,-100.12979976891484,17235.6,870932,26420.75,-1073.0,-3.8249028624389503
2019-05-13,16120,16140,15940,15955,16476,27632,16202.0,16392.0,16419.75,16850.833333333332,-174.00953362552355,-141.4503724646669,-32.55916116085663,36.85897435897435,188.92857142857142,-128.91720355475078,17100.9,854456,26709.65,652.0,2.4166048925129635
2019-05-14,15875,15995,15790,15890,14411,26831,16107.0,16326.5,16392.0,16837.166666666668,-196.63149130567035,-152.4865962328676,-44.14489507280274,29.53020134228187,190.35714285714286,-126.83689037608988,16488.1,840045,26919.2,-801.0,-2.8988129704690224
2019-05-15,15820,16130,15810,16065,17043,25243,16049.0,16274.0,16378.0,16823.666666666668,-198.15431864702987,-161.62014071570007,-36.53417793132979,33.9622641509434,203.92857142857142,-86.20456472748751,16553.75,857088,27070.1,-1588.0,-5.918527076888669
2019-05-16,16020,16280,15965,16275,13146,23630,16068.0,16230.5,16369.75,16813.75,-180.33711136579586,-165.36353484571924,-14.97357652007662,43.47826086956522,212.5,-43.175685636980305,16426.15,870234,27232.25,-1613.0,-6.389890266608567
2019-05-17,16360,16400,16080,16120,14492,21250,16061.0,16174.0,16349.75,16799.666666666668,-176.6873095202027,-167.62828978061594,-9.059019739586745,43.47826086956522,221.42857142857142,-33.916960796847754,15919.55,855742,27035.35,-2380.0,-10.07194244604317
2019-05-20,16075,16180,16030,16080,10737,20183,16086.0,16144.0,16331.75,16787.166666666668,-175.00513075775598,-169.10365797604396,-5.901472781712016,35.14376996805112,217.5,-51.882657200188945,15547.95,845005,26705.05,-1067.0,-5.02117647058824
2019-05-21,16015,16155,15880,16150,13373,18622,16138.0,16122.5,16321.0,16776.5,-166.10877838538,-168.50468205791117,2.395903672531176,36.16352201257862,224.28571428571428,-54.08888649214733,15441.05,858378,26300.75,-1561.0,-7.734231779220135
2019-05-22,16105,16145,16020,16085,18820,22317,16142.0,16095.5,16300.25,16765.083333333332,-162.43090939408467,-167.28992752514586,4.859018131061191,29.641693811074916,220.0,-44.902403276664934,15587.5,839558,26076.2,3695.0,19.84212222102888
2019-05-23,16030,16275,16020,16125,25864,22939,16112.0,16090.0,16277.75,16749.75,-154.50744041920552,-164.7334301039578,10.225989684752278,31.93548387096773,231.07142857142858,-29.397217434232264,16195.55,865422,25950.9,622.0,2.787112963211902
2019-05-24,16025,16295,16025,16265,24978,23187,16141.0,16101.0,16266.0,16735.416666666668,-135.37073463638808,-158.86089101044385,23.490156374055772,45.848375451263536,216.42857142857142,-14.379139918663062,16752.25,890400,25747.15,248.0,1.0811282095993802
2019-05-27,16305,16350,15990,16020,19731,24869,16129.0,16107.5,16249.75,16718.666666666668,-138.37906218960597,-154.76452524627626,16.38546305667029,39.31888544891641,235.35714285714286,-27.922728735683627,17040.4,870669,25580.65,1682.0,7.254064777677138
2019-05-28,16020,16135,15935,15955,22199,27885,16090.0,16114.0,16220.25,16698.833333333332,-144.3442297918191,-152.68046615538483,8.336236363565746,38.02395209580838,242.5,-47.76982594939703,17080.05,848470,25558.8,3016.0,12.127548353371665
2019-05-29,15965,16040,15865,15945,20478,27231,16062.0,16102.0,16188.0,16675.166666666668,-148.17056646259152,-151.7784862168262,3.607919754234672,42.19269102990033,238.92857142857142,-55.580096600955294,17196.6,827992,25519.3,-654.0,-2.345346960731576
2019-05-30,15970,16185,15920,16175,21913,25604,16072.0,16092.0,16161.25,16648.416666666668,-131.1322767720285,-147.64924432786665,16.516967555838164,50.58479532163743,246.78571428571428,-18.718085733383568,17101.0,849905,25337.4,-1627.0,-5.9748081230949985
2019-05-31,16120,16165,15920,15925,22692,26201,16004.0,16072.5,16123.25,16618.666666666668,-136.23182443016776,-145.3657603483269,9.133935918159125,49.14772727272727,249.64285714285714,-45.14897704990308,17628.85,827213,25223.45,597.0,2.3316669270426527
2019-06-03,15930,16090,15920,15960,18510,26060,15992.0,16060.5,16102.25,16591.833333333332,-135.88267431127315,-143.46914314091615,7.586468829642996,52.02312138728324,247.14285714285714,-46.76956011737654,17923.05,845723,25105.75,-141.0,-0.5381473989542362
2019-06-04,15960,16030,15860,15870,17548,25904,15975.0,16032.5,16077.5,16564.25,-141.24009032283539,-143.02333257729998,1.7832422544645965,44.07294832826748,236.42857142857142,-71.15067211845569,18132.75,828175,24974.9,-156.0,-0.5986185725249449
2019-06-05,15990,16100,15935,16030,22155,24562,15992.0,16027.0,16061.25,16538.5,-131.0643895874764,-140.63154397933528,9.567154391858878,42.31974921630094,230.35714285714286,-23.785381243096996,18541.5,850330,24759.15,-1342.0,-5.180667078443479
2019-06-06,16125,16145,15985,16090,18062,23136,15975.0,16023.5,16056.75,16515.416666666668,-116.81203841775095,-135.86764286701842,19.055604449267463,49.0,218.92857142857142,7.266777580710594,18541.75,868392,24513.3,-1426.0,-5.80571614689358
2019-06-10,16080,16270,15920,16220,14611,23039,16034.0,16019.0,16060.0,16494.666666666668,-93.9441047273067,-127.48293523907608,33.53883051176939,54.40251572327044,233.21428571428572,44.27884880206568,18361.95,883003,24316.25,-97.0,-0.4192600276625158
2019-06-11,16300,16320,16160,16180,15516,23236,16078.0,16035.0,16071.25,16474.083333333332,-78.14792756553652,-117.61593370436817,39.468006138831655,50.96153846153846,225.0,79.9597305621953,18313.95,867487,24096.45,197.0,0.8550718347150488
2019-06-12,16215,16265,16025,16045,17604,23095,16113.0,16044.0,16079.0,16450.666666666668,-75.65066138391558,-109.22287924027766,33.57221785636209,48.77300613496933,232.85714285714286,18.622364523920492,18473.6,849883,23909.65,-141.0,-0.6068170080908986
2019-06-13,16050,16170,16020,16065,14091,21983,16120.0,16056.0,16079.0,16429.666666666668,-71.23655641103323,-101.62561467442879,30.389058263395555,48.13664596273291,225.35714285714286,0.5020067536957863,18326.0,863974,23746.65,-1112.0,-4.814894998917518
2019-06-14,16050,16175,16000,16135,12676,22143,16129.0,16052.0,16072.0,16411.916666666668,-61.38235386634187,-93.5769625128114,32.19460864646953,45.77922077922078,218.57142857142858,14.082187600661404,18302.5,876650,23672.3,160.0,0.7278351453395837
2019-06-17,16090,16200,16020,16145,14226,21169,16114.0,16074.0,16073.25,16399.166666666668,-52.16459000521354,-85.29448801129183,33.12989800607829,54.78927203065134,205.71428571428572,29.48962663373262,18289.2,890876,23668.25,-974.0,-4.398681298830331
2019-06-18,16120,16255,16060,16140,13573,20110,16106.0,16092.0,16076.25,16387.25,-44.74708737891342,-77.18500788481614,32.437920505902724,57.42971887550201,205.35714285714286,46.327728119758234,18431.0,877303,23664.6,-1059.0,-5.00259813878785
2019-06-19,16130,16340,16120,16270,15221,18822,16151.0,16132.0,16082.25,16377.083333333334,-28.055345009261146,-67.35907530970515,39.303730300444,61.904761904761905,208.57142857142858,90.09576325300306,18523.4,892524,23674.6,-1288.0,-6.404773744405768
2019-06-20,16220,16225,16060,16090,14662,17603,16156.0,16138.0,16082.5,16362.083333333334,-29.017024406151904,-59.690665128994496,30.673640722842592,46.7680608365019,204.64285714285714,19.903066278615608,18315.5,877862,23438.9,-1219.0,-6.47646371267665
2019-06-21,16110,16160,15975,16010,14407,15270,16131.0,16130.0,16076.75,16345.916666666666,-35.82156496603966,-54.916845096403534,19.095280130363875,53.7117903930131,199.64285714285714,-21.966373184750676,17742.65,863455,23055.45,-2333.0,-13.253422712037722
2019-06-24,15910,16165,15910,16160,23136,24456,16134.0,16124.0,16071.5,16334.416666666666,-28.77872278400355,-49.68922063392354,20.91049784991999,57.93650793650794,205.71428571428572,-1.1684910008398617,17650.55,886591,23118.9,9186.0,60.15717092337918
2019-06-25,16185,16290,16145,16235,20092,25437,16153.0,16129.5,16082.25,16324.75,-16.949957851822546,-43.141368077503344,26.191410225680798,64.65863453815261,203.92857142857142,78.62282975282382,17668.6,906683,23147.3,981.0,4.011285574092249
2019-06-26,16235,16310,16140,16185,20705,25893,16136.0,16143.5,16093.75,16313.916666666666,-11.477849054792387,-36.80866427296115,25.330815218168766,56.82819383259912,199.64285714285714,64.45088132483718,17593.9,885978,23047.7,456.0,1.7926642292723116
2019-06-27,16175,16220,16035,16040,16740,26866,16126.0,16141.0,16098.5,16301.916666666666,-18.62673419609564,-33.17227825758805,14.545544061492407,47.95081967213115,201.42857142857142,-2.80149846519063,17407.0,869238,23029.45,973.0,3.757772370911061
2019-06-28,16025,16085,15985,16020,18877,28230,16128.0,16129.5,16090.75,16290.083333333334,-25.610883703428044,-31.65999934675605,6.049115643328005,40.99099099099099,183.57142857142858,-41.14392213756952,17255.2,850361,23160.75,1364.0,5.077049058289296
2019-07-01,16020,16275,15990,16275,21906,25671,16151.0,16142.5,16108.25,16278.916666666666,-10.449053446169273,-27.417810166638695,16.968756720469422,53.58490566037735,192.5,42.727559485995904,17215.9,872267,23134.25,-2559.0,-9.064824654622738
2019-07-02,16285,16300,16110,16170,21150,25737,16138.0,16145.5,16118.75,16268.083333333334,-6.827117450355217,-23.299671623382004,16.472554173026786,54.82625482625483,188.92857142857142,46.219470821606194,17347.9,851117,23118.1,66.0,0.25709945074208207
2019-07-03,16095,16160,16010,16015,17520,25348,16104.0,16120.0,16126.0,16253.416666666666,-16.276288764744095,-21.894995051654423,5.618706286910328,48.25174825174825,189.64285714285714,-47.71046527209315,17346.5,833597,23090.3,-389.0,-1.5114426700858719
2019-07-04,16020,16170,15925,16150,20313,24857,16126.0,16126.0,16132.0,16240.583333333334,-12.724770122002155,-20.060950065723972,7.336179943721817,50.50167224080268,194.64285714285714,-37.09864011937827,17254.4,853910,23105.05,-491.0,-1.9370364525800876
2019-07-05,16135,16195,15975,16010,15749,25375,16124.0,16126.0,16128.0,16226.083333333334,-20.965320813620565,-20.241824215303293,-0.7234965983172721,45.84615384615385,197.5,-53.02184225422966,17138.75,838161,23217.0,518.0,2.0839200225288623
2019-07-08,16005,16065,15910,15960,17104,25921,16061.0,16106.0,16115.0,16210.416666666666,-31.171275676701043,-22.427714507582845,-8.743561169118198,44.61077844311377,194.64285714285714,-97.93859412941207,17263.4,821057,23361.1,546.0,2.1517241379310326
2019-07-09,16000,16005,15655,15655,23827,28257,15958.0,16048.0,16088.75,16193.25,-63.14265027681358,-30.570701661428995,-32.571948615384585,33.33333333333333,203.92857142857142,-158.42598468425658,17678.95,797230,23612.15,2336.0,9.011997993904552
2019-07-10,15720,16450,15675,15995,40360,24234,15954.0,16029.0,16086.25,16185.75,-60.34936655580168,-36.526434640303535,-23.822931915498145,47.63092269326683,245.71428571428572,-26.195661846033616,18816.75,837590,23669.1,-4023.0,-14.237180167746043
2019-07-11,16060,16155,16005,16105,16657,22713,15945.0,16035.5,16088.25,16181.75,-48.69822556007057,-38.96079282425694,-9.737432735813627,52.33415233415233,243.92857142857142,-2.973503196264898,18945.05,854247,23705.6,-1521.0,-6.2763060163406825
2019-07-12,16005,16155,15975,16105,17787,21923,15964.0,16044.0,16086.75,16176.166666666666,-39.014873206604534,-38.97160890072646,-0.043264305878075504,48.54111405835544,238.57142857142858,-7.18998741351185,19200.6,854247,23694.6,-790.0,-3.478184299740239
2019-07-15,16080,16170,15965,16060,16955,20417,15984.0,16022.5,16082.5,16168.5,-34.57333078486772,-38.091953277554715,3.518622492686994,45.283018867924525,242.85714285714286,-12.256192511367889,19337.05,837292,23657.0,-1506.0,-6.8694977877115315
2019-07-16,16075,16300,16045,16285,18093,17334,16110.0,16034.0,16089.75,16165.916666666666,-12.75077383581629,-33.02371738920703,20.27294355339074,52.463054187192114,248.92857142857142,54.881064670622585,19563.05,855385,23518.2,-3083.0,-15.100161630014208
2019-07-17,16270,16395,16220,16305,21193,25925,16172.0,16063.0,16091.5,16164.916666666666,6.0874206266707915,-25.201489786031466,31.288910412702258,56.955380577427825,248.21428571428572,93.99609704776132,19861.65,876578,23873.35,8591.0,49.5615553247952
2019-07-18,16305,16635,16260,16500,42458,30570,16251.0,16098.0,16112.0,16164.916666666666,36.33287303315956,-12.894617222193261,49.22749025535282,61.53846153846153,267.85714285714283,126.51346425323393,21251.45,919036,24521.7,4645.0,17.917068466730957
2019-07-19,16530,16725,16505,16675,40867,32936,16365.0,16164.5,16145.25,16166.583333333334,73.57551667889129,4.399409558023649,69.17610712086764,60.0,263.57142857142856,136.53865499026753,22574.45,959903,25405.0,2366.0,7.739614000654238
2019-07-22,16815,16915,16355,16430,52042,30588,16439.0,16211.5,16158.75,16165.416666666666,82.37159911723757,19.99384746986643,62.377751647371134,56.07476635514019,290.0,98.51997483793409,24019.75,907861,25711.6,-2348.0,-7.1289774107359705
2019-07-23,16365,16515,16360,16455,20571,31465,16473.0,16291.5,16169.75,16167.25,90.3187110091967,34.058820177732485,56.25989083146422,60.94527363184079,289.64285714285717,62.61341620905439,24043.7,928432,26013.0,877.0,2.867137439518763
2019-07-24,16465,16670,16415,16640,31640,33796,16540.0,16356.0,16192.5,16168.833333333334,110.27364242301701,49.30178462678939,60.97185779622762,61.89320388349515,290.35714285714283,82.4660624965435,24590.45,960072,26408.15,2331.0,7.408231368186868
2019-07-25,16755,16765,16590,16695,25762,32723,16579.0,16415.0,16225.25,16170.583333333334,129.03863264839856,65.24915423111122,63.78947841728734,67.34177215189874,287.14285714285717,90.62477162144498,25041.55,985834,26701.0,-1073.0,-3.1749319446088275
2019-07-26,16795,16930,16745,16765,32710,34147,16597.0,16481.0,16262.5,16171.5,147.85406792300637,81.77013696949025,66.08393095351612,70.17543859649123,292.85714285714283,98.0051297784416,25733.2,1018544,26996.85,1424.0,4.351679247012807
2019-07-29,16705,16760,16630,16670,24631,32419,16645.0,16542.0,16282.25,16171.25,153.33221159486857,96.08255189456591,57.24965970030266,78.43137254901961,277.5,67.36139461678233,25869.45,993913,27334.25,-1728.0,-5.060473833718926
2019-07-30,16590,16850,16550,16835,23333,31909,16721.0,16597.0,16315.5,16178.833333333334,169.03922203185903,110.67388592202454,58.36533610983449,76.08695652173913,242.14285714285714,68.87156298805883,25978.6,1017246,27642.85,-510.0,-1.5731515469323498
2019-07-31,16725,16760,16485,16505,30310,31864,16694.0,16617.0,16340.0,16181.166666666666,153.09412511460687,119.15793376054101,33.936191354065855,60.928961748633874,255.71428571428572,38.69844065943002,26618.1,986936,27968.65,-45.0,-0.1410260428092336
2019-08-01,16465,16600,16360,16385,25906,30081,16632.0,16605.5,16351.75,16181.666666666666,129.28421584764874,121.18319017796257,8.101025669686166,57.17948717948718,260.0,14.176514487547509,26897.75,961030,28229.85,-1783.0,-5.595656540296257
2019-08-02,16410,16430,16310,16380,20406,28505,16555.0,16576.0,16370.25,16185.0,108.7575437342457,118.6980608892192,-9.940517154973506,58.37696335078534,253.92857142857142,-0.7615018447699113,27130.6,940624,28386.35,-1576.0,-5.239187527010403
2019-08-05,16350,16380,16210,16325,20612,26308,16486.0,16565.5,16388.5,16187.833333333334,87.04852662278608,112.36815403593259,-25.319627413146506,51.149425287356316,247.85714285714286,-15.872072259911603,27306.0,920012,28405.7,-2197.0,-7.707419750920897
2019-08-06,16305,16600,16265,16595,25200,28244,16438.0,16579.5,16435.5,16198.5,90.58649296995645,108.01182182273737,-17.425328852780922,57.286432160804026,259.2857142857143,11.821882255213907,27374.65,945212,28405.05,1936.0,7.3589782575642415
2019-08-07,16630,16695,16460,16470,24950,27926,16431.0,16562.5,16459.25,16208.166666666666,82.35456924799655,102.88037130778922,-20.525802059792667,49.21875,249.28571428571428,19.456610218963146,26604.15,920262,28589.65,-318.0,-1.1259028466222953
2019-08-08,16460,16815,16425,16780,26651,26791,16510.0,16571.0,16493.0,16220.083333333334,99.6958874801021,102.2434745422518,-2.5475870621497023,52.55474452554745,261.07142857142856,45.001722282096914,27103.85,946913,28793.55,-1135.0,-4.064312826756433
2019-08-09,16850,16950,16605,16785,27546,25484,16591.0,16573.0,16527.0,16228.583333333334,112.5451152975038,104.30380269330222,8.241312604201582,59.77961432506887,245.71428571428572,66.19107186062895,27591.8,974459,28971.6,-1307.0,-4.878503975215553
2019-08-12,16760,16995,16710,16900,26985,23619,16706.0,16596.0,16569.0,16241.583333333334,130.50339788609926,109.54372173186162,20.95967615423764,61.67979002624672,255.0,85.49775778581018,28093.3,1001444,29131.7,-1865.0,-7.318317375608229
2019-08-13,16915,16920,16585,16630,20503,22595,16713.0,16575.5,16586.25,16250.75,121.54759765908602,111.94449691730651,9.603100741779514,49.74874371859296,260.7142857142857,38.85265866282328,28213.8,980941,29394.75,-1024.0,-4.335492611880265
2019-08-14,16640,16760,16545,16715,19555,22819,16762.0,16596.5,16606.75,16260.166666666666,119.9264140321211,113.54088034026944,6.385533691851663,50.495049504950494,263.57142857142856,23.346667588354073,28131.9,1000496,29239.45,224.0,0.9913697720734582
2019-08-15,16650,16660,16520,16620,13386,22125,16730.0,16620.0,16612.75,16269.083333333334,109.71122556048431,112.77494938431241,-3.0637238238280986,46.45476772616137,260.7142857142857,-3.281531506875497,26678.3,987110,28817.2,-694.0,-3.0413252114465994
2019-08-16,16640,16795,16590,16720,16537,21236,16717.0,16654.0,16615.0,16279.0,108.43481036976664,111.90692158140325,-3.4721112116366157,51.21951219512195,265.7142857142857,29.82585255342408,25461.8,1003647,28232.2,-889.0,-4.018079096045202
2019-08-19,16665,16775,16635,16750,11660,21413,16687.0,16696.5,16631.0,16287.083333333334,108.59220803664357,111.24397887245132,-2.6517708358077527,47.78067885117493,254.28571428571428,33.09511577819163,23442.7,1015307,27773.45,177.0,0.833490299491424
2019-08-20,16770,16960,16735,16950,18558,20542,16751.0,16732.0,16655.75,16302.583333333334,123.43242321112848,113.68166774018675,9.750755470941726,62.464985994397765,245.35714285714286,77.25022534390799,23342.05,1033865,27227.3,-871.0,-4.067622472329891
2019-08-21,16950,17155,16920,17120,35917,28468,16832.0,16797.0,16679.75,16322.0,147.2139886816076,120.38813192847093,26.825856753136662,70.02724795640327,245.0,110.42091722066111,23555.9,1069782,26960.9,7926.0,38.58436374257619
2019-08-22,17145,17190,16970,17045,38191,27900,16917.0,16823.5,16697.25,16340.333333333334,158.18571104529838,127.94764775183643,30.23806329346195,67.45406824146983,252.14285714285714,94.86737174571431,24177.35,1031591,26719.75,-568.0,-1.9952227061964312
2019-08-23,17100,17150,16980,17140,21596,30381,17001.0,16859.0,16716.0,16356.416666666666,172.5574512328567,136.86960844804048,35.68784278481621,70.95115681233933,252.14285714285714,88.91032636326904,23621.65,1053187,26531.45,2481.0,8.892473118279565
2019-08-26,17080,17115,16880,16935,26262,29779,17038.0,16862.5,16729.25,16373.25,165.49761860222497,142.5952104788774,22.902408123347584,59.04255319148937,246.78571428571428,57.528130634496705,23703.2,1026925,26399.45,-602.0,-1.9815015963924876
2019-08-27,16960,17275,16920,17180,33385,34448,17084.0,16917.5,16746.5,16393.583333333332,177.62455749728906,149.60107988255973,28.02347761472933,67.75,255.35714285714286,79.69001225788102,24205.8,1060310,26526.4,4669.0,15.678834077705762
2019-08-28,17250,17460,17185,17435,40761,37528,17147.0,16989.5,16793.0,16419.666666666668,205.44338930969025,160.76954176798586,44.67384754170439,66.83804627249357,247.5,105.07337144181717,24728.35,1101071,26809.6,3080.0,8.941012540640969
2019-08-29,17365,17425,17205,17330,29830,34244,17204.0,17060.5,16840.25,16441.333333333332,216.52146677741985,171.91992676987266,44.601540007547186,63.32518337408313,239.28571428571428,85.71604030534657,24924.55,1071241,27017.75,-3284.0,-8.750799403112342
2019-08-30,17270,17380,17200,17245,29219,33394,17225.0,17113.0,16883.5,16460.583333333332,215.952764317346,180.72649427936733,35.22627003797868,58.560794044665016,231.78571428571428,70.95863900162591,25365.2,1042022,27262.2,-850.0,-2.482186660436869
2019-09-02,17275,17375,17180,17350,26178,31829,17308.0,17173.0,16934.75,16479.416666666668,221.42226792478323,188.86564900845053,32.556618916332695,69.45945945945945,221.78571428571428,70.69220170619792,25643.5,1068200,27538.25,-1565.0,-4.686470623465288
2019-09-03,17315,17480,17270,17360,25833,32049,17344.0,17214.0,16973.0,16499.083333333332,223.98188165796455,195.88889553835335,28.092986119611197,68.16901408450704,221.42857142857142,75.28328961376427,25675.15,1094033,27728.5,220.0,0.691193565616266
2019-09-04,17320,17340,17205,17280,23186,30790,17313.0,17230.0,17013.5,16519.666666666668,217.05301057532415,200.1217185457475,16.93129202957664,68.75,218.57142857142858,53.18097315997998,25586.95,1070847,27871.7,-1259.0,-3.928359699210582
2019-09-05,17375,17415,17225,17360,26193,28868,17319.0,17261.5,17042.5,16541.25,215.5326356749647,203.20390197159097,12.328733703373729,68.39080459770115,217.5,58.081277518477876,25564.05,1097040,27975.55,-1922.0,-6.242286456641766
2019-09-06,17385,17590,17325,17470,30916,28522,17364.0,17294.5,17076.75,16563.5,220.66017516129068,206.69515660953093,13.965018551759755,69.78021978021978,226.42857142857142,72.9522466547267,25732.55,1127956,28127.45,-346.0,-1.198558958015794
2019-09-09,17450,17580,17355,17400,26366,27464,17374.0,17341.0,17101.75,16584.416666666668,216.57878672281004,208.67188263218677,7.9069040906232715,63.31360946745562,226.42857142857142,62.66396040789125,25701.6,1101590,28319.7,-1058.0,-3.709417291915018
2019-09-10,17425,17495,17305,17415,19070,27055,17385.0,17364.5,17141.0,16605.666666666668,212.10956459325826,209.3594190244011,2.750145568857164,59.609120521172635,223.21428571428572,50.64157950024061,25629.95,1120660,28542.7,-409.0,-1.4892222545878187
2019-09-11,17460,17485,17305,17365,20637,26093,17402.0,17357.5,17173.5,16623.916666666668,202.20223027986867,207.92798127549463,-5.725750995625958,60.59602649006622,220.35714285714286,43.045434697693445,25684.05,1100023,28706.4,-962.0,-3.5557198299759785
2019-09-12,17390,17490,17330,17345,20008,24300,17399.0,17359.0,17209.75,16644.833333333332,190.5403332505157,204.45045167049886,-13.910118419983178,57.14285714285714,219.64285714285714,40.96746614288799,26015.15,1080015,28815.15,-1793.0,-6.871574751849153
2019-09-16,17355,17435,17320,17360,13167,22924,17377.0,17370.5,17241.75,16667.333333333332,180.42870072609003,199.6461014816171,-19.21740075552708,67.06827309236948,209.28571428571428,34.43171831318403,25846.65,1093182,28899.55,-1376.0,-5.6625514403292225
2019-09-17,17385,17395,16770,16825,28884,20762,17262.0,17318.0,17245.5,16678.416666666668,127.77225130409352,185.27133144611238,-57.49908014201887,38.43648208469056,228.57142857142858,-70.76760721173396,26707.85,1064298,28867.0,-2162.0,-9.431163845751179
2019-09-18,16810,16955,16715,16925,23172,18070,17164.0,17274.5,17244.25,16689.916666666668,93.0383122833955,166.824727613569,-73.7864153301735,31.521739130434796,225.71428571428572,-106.96171846394317,26938.55,1087470,28743.4,-2692.0,-12.96599556882767
2019-09-19,16885,16950,16750,16855,25117,24919,17062.0,17232.0,17231.0,16701.083333333332,59.1808009448614,145.2959422798275,-86.1151413349661,32.342007434944236,223.57142857142858,-98.30523267721846,26398.55,1062353,28565.95,6849.0,37.90260099612617
2019-09-20,16890,16935,16785,16870,22835,27036,16967.0,17183.0,17222.25,16714.916666666668,33.17641683694819,122.87203719125164,-89.69562035430344,35.294117647058826,221.42857142857142,-86.39508540285492,25630.75,1085188,28522.75,2117.0,8.49552550262851
2019-09-23,16900,16930,16805,16895,20847,28937,16874.0,17125.5,17210.0,16729.5,14.418834794145369,101.18139671183039,-86.76256191768502,30.962343096234306,216.42857142857142,-76.13890033290878,25593.3,1106035,28450.55,1901.0,7.031365586625249
2019-09-24,16850,16895,16650,16750,28747,31214,16859.0,17060.5,17200.75,16737.416666666668,-12.008545265529392,78.54340831635844,-90.55195358188783,27.067669172932327,218.92857142857142,-92.21398549389309,25717.55,1077288,28522.3,2277.0,7.868818467705707
2019-09-25,16740,16970,16700,16900,38992,30209,16854.0,17009.0,17186.75,16749.583333333332,-20.611096078493574,58.71250743738804,-79.32360351588162,36.42857142857143,227.14285714285714,-66.68176878293569,25997.9,1116280,28310.35,-1005.0,-3.219709104888835
2019-09-26,16930,17075,16850,16855,25574,28085,16854.0,16958.0,17157.75,16763.583333333332,-30.70584562051954,40.828836825806526,-71.53468244632606,31.501831501831504,229.64285714285714,-47.65545090535912,25238.55,1090706,27838.2,-2124.0,-7.031017246515936
2019-09-27,16935,16990,16840,16980,18307,27510,16876.0,16921.5,17140.25,16777.416666666668,-28.293403288826084,27.00438880288001,-55.29779209170609,32.2463768115942,221.42857142857142,-41.48619662846294,24662.4,1109013,27501.5,-575.0,-2.0473562399857537
2019-09-30,16935,17050,16850,16920,29020,26295,16881.0,16877.5,17124.0,16792.583333333332,-30.867205982922314,15.430069845719544,-46.29727582864186,32.48175182481752,219.64285714285714,-37.214343862753054,24652.45,1079993,27146.55,-1215.0,-4.416575790621591
2019-10-08,17100,17280,17075,17205,19464,27999,16972.0,16915.5,17116.75,16813.333333333332,-9.79691229900709,10.384673416774218,-20.18158571578131,43.59756097560976,231.78571428571428,12.161885689401432,24316.75,1099457,26955.05,1704.0,6.480319452367378
2019-10-09,17180,17230,16905,16915,21385,26345,16975.0,16914.5,17094.5,16834.333333333332,-16.311104856631573,5.045517762093061,-21.356622618724636,38.03191489361702,242.14285714285714,-18.29437359173697,24094.35,1078072,26669.85,-1654.0,-5.907353834065498
2019-10-10,16945,16980,16865,16950,16238,25485,16994.0,16924.0,17078.0,16850.25,-18.43691264557856,0.349031680558737,-18.785944326137297,39.577836411609496,238.92857142857142,-32.024748177838475,23746.95,1094310,26404.6,-860.0,-3.2643765420383386
2019-10-11,16945,16995,16835,16900,17297,24923,16978.0,16927.0,17055.0,16863.5,-23.880928290527663,-4.496960313658543,-19.38396797686912,38.08290155440415,242.14285714285714,-32.629253154227776,23302.15,1077013,26207.35,-562.0,-2.2052187561310554
2019-10-14,16930,17065,16860,16920,21252,25487,16978.0,16929.5,17027.5,16877.083333333332,-26.278593786824786,-8.853287008291792,-17.425306778532992,53.35689045936395,212.14285714285714,-20.967400690200556,22818.95,1098265,26055.6,564.0,2.2629699474381093
2019-10-15,16845,16895,16725,16810,18102,26522,16899.0,16935.5,16998.0,16889.583333333332,-36.63256426070802,-14.409142458775039,-22.223421801932986,45.96491228070175,208.92857142857142,-47.707869452564246,22405.75,1080163,26008.5,1035.0,4.060893788990461
2019-10-16,16820,16985,16805,16895,15592,25943,16895.0,16935.0,16972.0,16899.75,-37.5465574894115,-19.036625464902333,-18.509932024509165,51.388888888888886,207.5,-23.831367778195627,22231.85,1095755,25952.9,-579.0,-2.1830932810496972
2019-10-17,16935,17145,16935,17095,18434,26983,16924.0,16959.0,16958.5,16912.916666666668,-21.880352098916774,-19.60537079170522,-2.2749813072115543,56.92307692307692,214.64285714285714,26.404576871653124,22121.7,1114189,25997.4,1040.0,4.008788497860705
2019-10-18,17105,17200,16995,17055,13370,26680,16955.0,16966.5,16944.0,16922.166666666668,-12.547794005524338,-18.193855434469043,5.646061428944705,54.878048780487816,220.35714285714286,46.3081503930828,21789.8,1100819,26116.4,-303.0,-1.1229292517511036
2019-10-21,17135,17165,16895,16910,16276,24857,16953.0,16965.5,16921.5,16926.083333333332,-16.659917504937766,-17.88706784856279,1.2271503436250235,54.878048780487816,222.14285714285714,27.465736268285387,21945.25,1084543,26213.05,-1823.0,-6.832833583208398
2019-10-22,16980,17060,16870,16945,11515,24421,16980.0,16939.5,16927.5,16934.666666666668,-16.89978728362621,-17.689611735575475,0.789824451949265,51.475409836065566,216.42857142857142,12.607233885390151,21076.8,1096058,26396.0,-436.0,-1.7540330691555694
2019-10-23,16835,16845,16640,16665,24466,29057,16934.0,16914.5,16914.5,16938.166666666668,-39.231311614123115,-21.997951711285005,-17.23335990283811,44.60227272727273,222.14285714285714,-96.10852347202085,21141.5,1071592,26945.35,4636.0,18.983661602718982
2019-10-24,16700,16740,16600,16630,30564,29105,16841.0,16882.5,16903.25,16938.0,-59.072462452953914,-29.41285385961879,-29.659608593335125,39.52095808383234,221.42857142857142,-104.96944535473335,21413.85,1041028,27154.65,48.0,0.16519255256908227
2019-10-25,16660,16785,16605,16750,28309,29403,16780.0,16867.5,16897.25,16938.916666666668,-64.3716836235144,-36.40461981239791,-27.96706381111649,45.08670520231214,220.0,-74.40344758290018,21687.55,1069337,27273.0,298.0,1.0238790585809898
2019-10-28,16740,16810,16655,16700,19600,29286,16738.0,16845.5,16887.5,16937.833333333332,-71.7785186303845,-43.47939957599523,-28.299119054389266,33.11036789297658,205.35714285714286,-65.10467680505873,21625.2,1049737,27290.45,-117.0,-0.3979185797367668
2019-10-29,16675,16785,16630,16670,20557,30470,16683.0,16831.5,16883.5,16937.833333333332,-79.15676806732881,-50.61487327426195,-28.54189479306686,40.08097165991903,193.21428571428572,-71.20856475026855,21215.7,1029180,27253.25,1184.0,4.042887386464522
2019-10-30,16680,16760,16640,16730,23795,29821,16696.0,16815.0,16875.0,16936.083333333332,-79.2490516083235,-56.341708941074266,-22.90734266724923,41.26984126984127,193.57142857142858,-60.84347580805637,20455.85,1052975,27233.85,-649.0,-2.1299638989169645
2019-10-31,16715,16715,16520,16600,23845,30397,16690.0,16765.5,16862.25,16937.666666666668,-88.78860080302547,-62.831087313464515,-25.95751348956096,38.80597014925374,197.14285714285714,-81.98334652619504,20369.4,1029130,27349.45,576.0,1.93152476442775
2019-11-01,16620,16640,16455,16575,19559,29445,16655.0,16717.5,16842.0,16940.833333333332,-97.24507267006629,-69.71388438478488,-27.531188285281416,37.174721189591075,195.71428571428572,-85.65634592849831,20432.0,1009571,27446.2,-952.0,-3.131888015264661
2019-11-04,16510,16545,16410,16470,16826,29713,16609.0,16673.5,16819.5,16942.333333333332,-111.13837601125124,-77.99878271007816,-33.13959330117308,37.3134328358209,193.57142857142858,-92.73299372060866,19822.3,992745,27617.1,268.0,0.9101715061979876
2019-11-05,16460,16475,16360,16390,15375,30799,16553.0,16618.0,16778.75,16943.416666666668,-127.13867491376004,-87.82676115081455,-39.311913762945494,31.086142322097388,188.92857142857142,-98.29051915157201,19617.85,977370,27757.1,1086.0,3.654965839868063
2019-11-06,16400,16430,16060,16155,28456,29890,16438.0,16567.0,16740.75,16936.083333333332,-156.97208659049647,-101.65582623875095,-55.31626035174553,15.69343065693431,197.5,-118.42553140664245,19971.4,948914,27934.35,-909.0,-2.9513945257962915
2019-11-07,16155,16235,16070,16090,13880,27950,16336.0,16513.0,16697.75,16929.75,-183.74217167522875,-118.07309532604651,-65.66907634918223,15.412186379928315,194.64285714285714,-111.00928521163698,19853.5,935034,28057.6,-1940.0,-6.490465038474403
2019-11-08,16115,16130,16005,16100,13310,26844,16241.0,16448.0,16657.75,16918.416666666668,-201.82423638064574,-134.82332353696637,-67.00091284367937,17.85714285714286,184.28571428571428,-101.1752222298913,19654.15,948344,28153.65,-1106.0,-3.9570661896243253
2019-11-11,16025,16090,15895,15965,16730,26058,16140.0,16374.5,16610.0,16904.75,-224.46033566402548,-152.7507259623782,-71.70960970164728,13.97058823529413,185.35714285714286,-99.03328674696948,19428.05,931614,28182.2,-786.0,-2.9280286097451924
2019-11-12,16010,16055,15780,16025,21436,25594,16067.0,16310.0,16570.75,16890.166666666668,-234.8508939554049,-169.17075956098353,-65.68013439442137,21.929824561403507,183.21428571428572,-88.95426933732742,19594.75,953050,28135.8,-464.0,-1.7806431805971301
2019-11-13,15920,16100,15820,15875,16370,23654,16011.0,16224.5,16519.75,16877.583333333332,-252.2810932554239,-185.79282629987162,-66.48826695555229,19.920318725099605,193.21428571428572,-80.61838066383493,19633.65,936680,28021.35,-1940.0,-7.579901539423306
2019-11-14,15780,15875,15720,15810,10745,21877,15955.0,16145.5,16455.5,16862.5,-268.2474192795926,-202.2837448958158,-65.96367438377678,10.833333333333343,191.42857142857142,-86.7455579261348,19249.2,925935,27766.05,-1777.0,-7.512471463600234
2019-11-15,15725,15840,15660,15810,24838,30566,15897.0,16069.0,16393.25,16849.0,-277.6996984235484,-217.36693560136234,-60.332762822186055,11.304347826086953,193.21428571428572,-81.94536190748858,19822.6,925935,27960.35,8689.0,39.7175115418019
2019-11-18,15740,16015,15665,15885,41285,34967,15881.0,16010.5,16342.0,16835.083333333332,-275.95775532068,-229.0850995452259,-46.87265577545412,17.154811715481173,207.14285714285714,-64.84910658794199,21073.05,967220,28465.85,4401.0,14.398351109075435
2019-11-19,15820,15860,15560,15640,29363,36081,15804.0,15935.5,16276.75,16816.583333333332,-290.99232690309873,-241.46654501680047,-49.52578188629826,10.507246376811608,221.78571428571428,-78.91299627569406,21965.45,937857,29048.85,1114.0,3.18586095461435
2019-11-20,15635,15725,15610,15655,18644,36178,15760.0,15885.5,16226.25,16795.0,-298.2588165827365,-252.82499932998766,-45.43381725274881,12.648221343873516,215.0,-73.152697351303,21674.35,956501,29404.9,97.0,0.26883955544469984
2019-11-21,15675,15710,15390,15550,29636,39551,15708.0,15831.5,16172.25,16768.833333333332,-308.9290427809392,-264.045808020178,-44.883234760761184,11.895910780669155,224.64285714285714,-77.68012286345099,21627.95,926865,29927.2,3373.0,9.323345679694839
2019-11-22,15530,15595,15435,15520,18241,40113,15650.0,15773.5,16110.75,16743.416666666668,-316.1615101125117,-274.46894843864476,-41.69256167386692,12.5984251968504,224.28571428571428,-73.51893231309779,21124.55,908624,30462.7,562.0,1.4209501656089696
2019-11-25,15525,15640,15515,15560,14458,39615,15585.0,15733.0,16053.75,16717.083333333332,-315.0341097584733,-282.5819807026105,-32.45212905586277,16.260162601626007,225.0,-61.05608943433486,20867.45,923082,30979.15,-498.0,-1.2414927828883426
2019-11-26,15570,15580,15315,15360,26462,42838,15529.0,15666.5,15988.25,16690.833333333332,-326.5151025322775,-291.36860506854396,-35.14649746373357,16.73640167364016,217.5,-73.23264327614497,21162.7,896620,31597.55,3223.0,8.135807143758678
2019-11-27,15360,15415,15245,15290,27692,43568,15456.0,15608.0,15916.25,16659.333333333332,-337.3732580954347,-300.56953567392213,-36.80372242151259,16.666666666666657,217.85714285714286,-79.34867586087651,21357.55,868928,32284.9,730.0,1.7040944955413417
2019-11-28,15300,15510,15205,15480,33595,36805,15442.0,15575.0,15860.25,16626.75,-326.8789553817169,-305.8314196154811,-21.047535766235796,27.53623188405797,230.71428571428572,-63.928195010199566,21845.05,902523,32605.3,-6763.0,-15.522860815277273
2019-11-29,15445,15600,15420,15435,34622,37824,15425.0,15537.5,15803.25,16595.166666666668,-318.5215506301556,-308.369445818416,-10.152104811739605,29.45736434108528,228.92857142857142,-48.63257174794917,22598.2,867901,33024.25,1019.0,2.7686455644613472
2019-12-02,15420,15460,15240,15300,23154,37779,15373.0,15479.0,15744.75,16562.75,-319.11308194297453,-310.51817304332775,-8.594908899646782,23.443223443223445,225.0,-67.3342965741562,22914.6,844747,33427.55,-45.0,-0.11897208121827152
2019-12-03,15265,15270,15030,15050,23508,39671,15311.0,15420.0,15677.75,16524.416666666668,-335.88293602631893,-315.59112563992596,-20.291810386392967,21.84300341296928,224.28571428571428,-94.48326854138892,23321.25,821239,33871.15,1892.0,5.008073268217794
2019-12-04,15070,15100,14970,15025,18602,39014,15258.0,15357.0,15621.25,16485.5,-347.1882868206594,-321.9105578760727,-25.277728944586727,22.45614035087719,222.5,-96.42453725888093,22828.55,802637,34327.35,-657.0,-1.656121600161331
2019-12-05,15050,15145,15020,15060,14231,38119,15174.0,15308.0,15569.75,16448.5,-349.29717092652936,-327.387880486164,-21.90929044036534,24.31506849315069,218.57142857142858,-80.92203914496032,22846.1,816868,34835.8,-895.0,-2.294048290357309
2019-12-06,15055,15120,14995,15120,10106,37807,15111.0,15268.0,15520.75,16411.166666666668,-342.1825112268416,-330.3468066342996,-11.835704592542015,23.529411764705884,202.5,-73.39443236363151,22685.9,826974,35383.95,-312.0,-0.8184894671948384
2019-12-09,15080,15180,15020,15140,19520,35159,15079.0,15226.0,15479.5,16372.333333333334,-331.11339025156667,-330.500123357753,-0.613266893813659,29.508196721311478,190.71428571428572,-61.875178317950706,22825.4,846494,35839.0,-2648.0,-7.003993969370748
2019-12-10,15125,15155,15065,15130,8416,34309,15095.0,15203.0,15434.75,16334.5,-319.4653508521187,-328.29316885662615,8.827818004507435,28.395061728395063,188.92857142857142,-56.37496283561719,22174.4,838078,36274.75,-850.0,-2.417588668619697
2019-12-11,15120,15225,15105,15200,16010,32811,15130.0,15194.0,15401.0,16297.583333333334,-301.114717694687,-322.8574786242383,21.74276092955131,35.16949152542372,174.64285714285714,-42.15438834917552,22156.4,854088,36732.6,-1498.0,-4.3662012882917045
2019-12-12,15185,15315,15160,15300,15268,30596,15178.0,15176.0,15375.5,16263.166666666666,-275.32872627282995,-313.3517281539566,38.023001881126675,41.2,174.28571428571428,-23.271350086447352,22382.55,869356,37168.55,-2215.0,-6.750784797781229
2019-12-13,15275,15330,15230,15255,13292,28671,15205.0,15158.0,15347.75,16228.333333333334,-255.57812072837987,-301.7970066688413,46.218885940461405,37.84860557768925,172.5,-16.853482904445947,21805.25,856064,37073.8,-1925.0,-6.291672114001834
2019-12-16,15260,15325,15025,15070,15881,27637,15191.0,15135.0,15307.0,16190.166666666666,-251.94926315676275,-291.8274579664256,39.87819480966283,38.306451612903224,175.0,-41.928244712950494,20535.05,840183,36707.3,-1034.0,-3.6064315859230534
2019-12-17,14950,15000,14910,14945,27361,35197,15154.0,15124.5,15272.25,16158.833333333334,-256.20643442507753,-284.703253258156,28.496818833078464,36.67953667953668,174.28571428571428,-79.58428654071066,20434.95,812822,36663.1,7560.0,27.354633281470498
2019-12-18,14930,14980,14750,14955,42889,31848,15105.0,15117.5,15237.25,16126.0,-255.82437277575082,-278.927477161675,23.103104385924155,26.457399103139025,168.92857142857142,-85.6044461105441,21647.2,855711,36446.6,-3349.0,-9.515015484274226
2019-12-19,14945,15080,14945,15070,24312,31507,15059.0,15118.5,15213.25,16096.25,-243.43587008438772,-271.82915574621757,28.39328566182985,34.599156118143455,165.71428571428572,-47.392958069192765,21381.0,880023,36044.4,-341.0,-1.0707108766641493
2019-12-20,15050,15090,14950,14985,23066,32240,15005.0,15105.0,15186.5,16064.833333333334,-237.73620706312977,-265.01056600960004,27.274358946470272,36.12334801762115,160.0,-49.02238717825974,21622.25,856957,35650.75,733.0,2.326467134287613
2019-12-23,15020,15070,14775,14795,29965,34932,14950.0,15070.5,15148.25,16029.833333333334,-245.71810974376058,-261.15207475643217,15.433965012671592,38.139534883720934,161.78571428571428,-79.07214755364613,22397.6,826992,35416.6,2692.0,8.349875930521101
2019-12-24,14800,15090,14770,15090,30626,30292,14979.0,15066.5,15134.75,16002.166666666666,-225.63876728848481,-254.0494132628427,28.41064597435789,52.41635687732342,175.35714285714286,-45.07153686118057,22605.8,857618,34789.3,-4640.0,-13.282949730905758
2019-12-25,15060,15235,15000,15225,38662,30246,15033.0,15069.0,15131.5,15974.25,-196.5664759940264,-242.55282580907948,45.986349815053075,55.70934256055364,183.21428571428572,8.850012047203377,23154.3,896280,34123.2,-46.0,-0.1518552753202118
2019-12-26,15200,15340,15135,15215,26928,29459,15062.0,15060.5,15118.25,15946.916666666666,-172.34668679188508,-228.51159800564062,56.164911213755545,53.40501792114695,188.92857142857142,37.96258669898766,22820.95,869352,33755.9,-787.0,-2.6019969582754765
2019-12-27,15220,15285,15160,15235,16646,28295,15112.0,15058.5,15108.25,15917.833333333334,-149.81156206893138,-212.77159081829876,62.96002874936738,53.40501792114695,186.42857142857142,49.173200507534155,21922.15,885998,33279.45,-1164.0,-3.9512542856173005
2019-12-30,15210,15265,15140,15185,16959,29814,15190.0,15070.0,15102.5,15888.916666666666,-134.43718729090324,-197.10471011281967,62.667522821916435,51.91637630662021,188.92857142857142,43.33248179768459,21612.4,869039,32881.2,1519.0,5.36843965364906
2019-12-31,15215,15240,15020,15050,25135,29534,15182.0,15080.5,15102.5,15853.0,-131.62892001705222,-184.00955209366617,52.38063207661395,45.0,196.07142857142858,3.146482389707305,21693.75,843904,32374.35,-280.0,-0.939156101160532
2020-01-02,15060,15120,14890,14910,15144,29443,15119.0,15076.0,15096.75,15819.583333333334,-139.09675710999545,-175.02699309693205,35.930235986936594,37.33766233766234,201.42857142857142,-50.933331046347526,21520.85,828760,31895.8,-91.0,-0.30811945554276576
2020-01-03,14940,14960,14545,14595,27387,32032,14995.0,15028.5,15073.5,15780.333333333334,-168.49068352629,-173.71973118280366,5.229047656513643,31.767955801104975,223.92857142857142,-127.41771441557337,22178.65,801373,31591.45,2589.0,8.793261556227282
2020-01-06,14610,14805,14575,14755,27593,28816,14899.0,15005.5,15055.25,15744.583333333334,-176.83645854160568,-174.34307665456407,-2.4933818870416076,41.17647058823529,218.92857142857142,-102.62506682906505,23053.0,828966,31141.9,-3216.0,-10.03996003996004
2020-01-07,14775,14825,14725,14820,16393,26765,14826.0,15008.0,15039.25,15709.583333333334,-176.1747556784885,-174.70941245934898,-1.4653432191395268,46.3768115942029,214.64285714285714,-70.4769056106446,22896.65,845359,30722.2,-2051.0,-7.117573570238756
2020-01-08,14845,14965,14765,14960,21611,23480,14808.0,14995.0,15030.75,15678.75,-162.48054681788744,-172.26363933105668,9.783092513169237,50.13477088948788,212.5,-36.9192701513872,23556.4,866970,30180.75,-3285.0,-12.273491500093403
2020-01-09,14960,15015,14880,14925,15252,21706,14811.0,14965.0,15017.0,15645.916666666666,-152.69185843060222,-168.34928315096582,15.657424720363593,45.91549295774648,212.5,-21.820241535128126,23518.5,851718,29625.5,-1774.0,-7.555366269165242
2020-01-10,14920,15015,14920,14975,10544,19044,14887.0,14941.0,15000.75,15610.583333333334,-139.2939759798137,-162.5382217167354,23.244245736921698,49.712643678160916,209.28571428571428,-9.755157461735996,23282.3,862262,29047.9,-2662.0,-12.263890168616975
2020-01-13,15000,15075,14940,14990,21654,22870,14934.0,14916.5,14987.5,15576.166666666666,-126.01308259552388,-155.2331938924931,29.220111296969208,56.230031948881795,197.85714285714286,4.031546667771776,23700.4,883916,28757.85,3826.0,20.09031716026044
2020-01-14,14925,14950,14780,14905,24205,24831,14951.0,14888.5,14979.25,15542.75,-120.95240450133133,-148.37703601426074,27.42463151292941,43.17343173431735,190.0,-32.01741471667976,24116.6,859711,28617.55,1961.0,8.574551814604291
2020-01-15,14895,15160,14875,15140,22316,25870,14987.0,14897.5,14989.0,15512.666666666666,-96.86267204005526,-138.07416321941966,41.2114911793644,47.07903780068728,193.57142857142858,25.035751000024646,23864.35,882027,28151.2,1039.0,4.184285771817486
2020-01-16,15170,15320,15125,15300,40780,25634,15062.0,14936.5,15006.25,15489.916666666666,-64.12156914828483,-123.2836444051927,59.16207525690787,52.64797507788162,192.85714285714286,76.3761984509224,23758.9,922807,27840.5,-236.0,-0.9122535755701544
2020-01-17,15300,15405,15140,15225,36947,25703,15112.0,14999.5,15014.0,15466.5,-43.7218837584569,-107.37129227584555,63.64940851738865,49.6987951807229,202.85714285714286,71.19550228701185,24390.65,885860,27550.3,69.0,0.26917375360848705
2020-01-20,15200,15515,15145,15470,38783,27476,15208.0,15071.0,15038.25,15445.166666666666,-7.696809635273894,-87.43639574773123,79.73958611245733,57.681940700808624,220.35714285714286,90.88705605848202,25176.5,924643,27312.1,1773.0,6.89802746761079
2020-01-21,15435,15505,15075,15085,38003,26059,15244.0,15097.5,15052.75,15418.25,-10.09657424377474,-71.96843144693993,61.87185720316519,50.83135391923991,235.35714285714286,45.63102421988681,25578.4,886640,26868.45,-1417.0,-5.157228126364832
2020-01-22,15105,15225,15090,15155,17770,24166,15247.0,15117.0,15056.0,15393.0,-6.277625441389318,-58.83027024582981,52.55264480444049,56.01965601965602,228.92857142857142,26.3852765495988,24935.6,904410,26562.15,-1893.0,-7.264284891975903
2020-01-23,15130,15130,14820,14850,23012,23044,15157.0,15109.5,15037.25,15361.666666666666,-27.544515975800095,-52.573119391823866,25.02860341602377,56.2962962962963,223.21428571428572,-28.401660485608833,24153.1,881398,26202.05,-1122.0,-4.642886700322768
2020-02-03,14500,14505,14020,14220,21374,22803,14956.0,15034.0,14987.5,15322.0,-94.14912233779614,-60.88831998101833,-33.260802356777816,39.27855711422846,266.07142857142856,-144.63096977586648,23875.4,860024,25869.25,-241.0,-1.0458253775386228
2020-02-04,14120,14330,14065,14320,10896,21847,14726.0,14967.0,14941.75,15284.416666666666,-137.28208604205975,-76.16707319322661,-61.11501284883313,40.11857707509881,277.85714285714283,-116.99773247985506,23587.9,870920,25546.85,-956.0,-4.192430820506077
2020-02-05,14305,14315,14075,14105,11296,22578,14530.0,14887.0,14887.75,15245.0,-186.6622475078875,-98.2661080561588,-88.39613945172871,33.58925143953935,281.07142857142856,-106.43599513093713,23304.75,859624,25185.05,731.0,3.3459971620817486
2020-02-06,14195,14210,14120,14175,9855,22591,14334.0,14790.5,14844.0,15208.083333333334,-217.63915751663626,-122.14071794825429,-95.49843956838197,35.79545454545455,278.92857142857144,-90.60022945529767,22540.75,869479,24837.9,13.0,0.05757817344318461
2020-02-07,14140,14210,14035,14070,11963,23081,14178.0,14667.5,14802.0,15173.333333333334,-247.80466641219027,-147.27350764104148,-100.5311587711488,33.20964749536178,284.64285714285717,-85.62125893095237,22381.7,857516,24519.8,490.0,2.169005356115261
2020-02-10,13970,14045,13815,14010,12754,22350,14136.0,14546.0,14772.75,15138.666666666666,-273.40095211198604,-172.4989965352304,-100.90195557675565,32.11678832116789,293.2142857142857,-90.05305263766732,21650.05,844762,24035.7,-731.0,-3.1671071444044907
2020-02-11,13950,14080,13950,14070,5522,21714,14086.0,14406.0,14738.5,15104.833333333334,-285.55301695242997,-195.10980061867033,-90.44321633375964,34.62246777163904,287.5,-73.03923240780288,20546.5,850284,23680.6,-636.0,-2.845637583892613
2020-02-12,14245,14245,14080,14170,14117,19871,14099.0,14314.5,14706.0,15074.916666666666,-283.84249206158347,-212.85633890725296,-70.98615315433051,31.201550387596896,279.64285714285717,-54.18122033223329,20432.7,864401,23335.9,-1843.0,-8.487611679101036
2020-02-13,14175,14260,14090,14240,11509,22423,14112.0,14223.0,14670.0,15045.166666666666,-273.6836193743202,-225.02179500066643,-48.66182437365376,28.714859437751002,277.85714285714283,-46.49319179530257,19927.6,875910,23283.05,2552.0,12.842836294096927
2020-02-14,14330,14430,14270,14405,16243,23740,14179.0,14178.5,14644.0,15020.666666666666,-249.44309382874962,-229.9060547662831,-19.537039062466533,34.10852713178295,272.5,-26.66047072615083,19977.15,892153,23384.75,1317.0,5.873433528073857
2020-02-17,14335,14450,14285,14445,9853,24535,14266.0,14201.0,14617.5,14997.916666666666,-224.4176895542605,-228.8083817238786,4.390692169618092,28.421052631578945,257.85714285714283,-21.47606504705921,19942.6,902006,23659.3,795.0,3.3487784330244352
2020-02-18,14420,14515,14385,14450,11756,24240,14342.0,14214.0,14590.5,14975.25,-201.85456438701658,-223.41761825650622,21.563053869489636,34.08521303258145,236.42857142857142,-13.269836817810933,19447.7,913762,23727.8,-295.0,-1.2023639698390043
2020-02-19,14550,14575,14475,14555,10135,24019,14419.0,14259.0,14573.0,14953.083333333334,-173.5004969267884,-213.43419399056265,39.93369706377425,35.22167487684729,235.35714285714286,-2.9436402138830107,18744.2,923897,23687.2,-221.0,-0.9117161716171607
2020-02-20,14550,14560,14450,14540,13120,24366,14479.0,14295.5,14543.0,14934.75,-150.50513926505118,-200.84838304546037,50.34324378040918,41.09195402298851,219.28571428571428,-2.1084330917263077,18284.4,910777,23612.0,347.0,1.4446896207169324
2020-02-21,14495,14670,14480,14640,13913,24495,14526.0,14352.5,14510.0,14917.833333333334,-122.79646714528644,-185.2379998654256,62.44153272013915,67.35537190082644,173.57142857142858,10.42006108989631,16941.05,924690,23555.05,129.0,0.5294262496921887
2020-02-24,14460,14585,14420,14505,18933,24454,14538.0,14402.0,14474.0,14900.416666666666,-110.45723437743072,-170.28184676782664,59.82461239039591,57.42971887550201,170.35714285714286,4.529604895460621,16040.35,905757,23492.6,-41.0,-0.1673810981833057
2020-02-25,14530,14595,14485,14560,16059,23958,14560.0,14451.0,14428.5,14884.416666666666,-95.14350802794434,-155.2541790198502,60.11067099190586,70.96774193548387,160.71428571428572,17.50195038604102,14904.15,921816,23316.7,-496.0,-2.0282980289523134
2020-02-26,14575,14620,14500,14560,14011,24321,14561.0,14490.0,14402.25,14867.75,-82.06131777660266,-140.6156067712007,58.55428899459804,68.9655172413793,161.78571428571428,28.445708930055286,13704.55,921816,23229.8,363.0,1.5151515151515138
2020-02-27,14525,14590,14460,14520,13412,24545,14557.0,14518.0,14370.5,14853.75,-74.06744999818329,-127.30597541659722,53.23852541841393,73.68421052631578,158.57142857142858,34.34015142996011,13486.65,908404,23248.75,224.0,0.9210147609062025
2020-02-28,14505,14535,14240,14335,31922,24379,14496.0,14511.0,14344.75,14837.833333333334,-81.7182094310665,-118.18842221949109,36.47021278842459,65.11627906976744,161.42857142857142,9.70589410431806,13932.15,876482,23315.5,-166.0,-0.6763088205337109
2020-03-02,14450,14660,14435,14640,24415,24227,14523.0,14530.5,14365.75,14823.833333333334,-62.4506481955068,-107.04086741469425,44.590219219187446,71.5909090909091,175.35714285714286,56.850705574803456,14084.2,900897,23386.7,-152.0,-0.6234874277041724
2020-03-03,14715,15200,14575,14580,16590,22490,14527.0,14543.5,14378.75,14809.583333333334,-51.429617048608634,-95.91861734147713,44.489000292868496,66.015625,207.5,91.98828872887432,14368.9,884307,23418.85,-1737.0,-7.169686713171252
2020-03-04,14550,14650,14380,14455,21285,21342,14506.0,14533.5,14396.25,14795.5,-52.18032350561589,-87.17095857430488,34.99063506868899,58.052434456928836,214.64285714285714,23.532613766189435,14868.35,863022,23357.05,-1148.0,-5.104490884837709
2020-03-05,14385,14480,14360,14430,9554,21208,14488.0,14522.5,14409.0,14785.166666666666,-54.16813826816178,-80.57039451307627,26.402256244914483,51.046025104602506,209.64285714285714,4.310081754710735,14853.3,853468,23287.9,-134.0,-0.6278699278418176
2020-03-06,14400,14515,14380,14470,12705,19870,14515.0,14505.5,14429.0,14775.916666666666,-51.91735908476767,-74.83978742741455,22.92242834264688,51.046025104602506,207.5,8.11516414473092,14890.4,866173,23127.35,-1338.0,-6.308940022632969
2020-03-09,14390,14555,14105,14485,19901,19264,14484.0,14503.5,14452.75,14766.333333333334,-48.365696088263576,-69.54496915958435,21.17927307132078,51.45228215767634,230.35714285714286,-18.54960589401918,15247.75,886074,22973.05,-606.0,-3.049823855057876
2020-03-10,14470,14610,14465,14555,16476,17909,14479.0,14503.0,14477.0,14756.916666666666,-39.44783253159039,-63.52554183398557,24.077709302395178,50.0,231.78571428571428,26.80955260402157,15795.45,902550,22782.8,-1355.0,-7.0338455149501655
2020-03-11,14530,14600,14365,14365,10590,16599,14461.0,14483.5,14486.75,14744.0,-47.168049602212704,-60.254043387631,13.085993785418296,43.49442379182157,240.71428571428572,-16.865497249328,15619.1,891960,22619.2,-1310.0,-7.314757942933725
2020-03-12,14260,14390,14180,14250,20564,26445,14425.0,14456.5,14487.25,14729.333333333334,-61.852914263217826,-60.57381756274837,-1.2790967004694593,35.66176470588235,242.14285714285714,-97.62390630579118,16071.85,871396,22820.3,9846.0,59.31682631483823
2020-03-13,14190,14250,14040,14150,22501,27073,14361.0,14438.0,14474.5,14711.833333333334,-80.63048157012418,-64.58515036422352,-16.045331205900652,36.60377358490567,241.42857142857142,-125.51086419028934,16384.75,848895,22986.95,628.0,2.3747400264700236
2020-03-16,14170,14210,14045,14185,20175,27053,14301.0,14392.5,14461.5,14693.25,-91.63136214880979,-69.99439272114077,-21.636969427669015,35.632183908045974,245.35714285714286,-105.89908775011726,16900.85,869070,23112.85,-20.0,-0.07387433974809232
2020-03-17,14205,14220,13615,13720,43788,28449,14134.0,14306.5,14425.0,14667.666666666666,-136.3000707258543,-83.25552832208348,-53.04454240377083,26.271186440677965,280.0,-143.45168258535475,18502.45,825282,23323.3,1396.0,5.160241008390942
2020-03-18,13500,13565,13075,13075,57839,29780,13876.0,14168.5,14351.0,14634.416666666666,-221.19663646882873,-110.84374995143253,-110.3528865173962,19.578947368421055,316.7857142857143,-169.36006954160064,20887.65,767443,23611.35,1331.0,4.678547576364722
2020-03-19,13500,13515,12620,12945,69172,28738,13615.0,14020.0,14271.25,14601.083333333334,-295.5606508091205,-147.78713012297013,-147.77352068615036,20.043103448275858,359.64285714285717,-142.00836621089175,23690.25,698271,23829.95,-1042.0,-3.4989926124916026
2020-03-20,13070,13410,13005,13310,48671,25358,13447.0,13904.0,14204.75,14573.666666666666,-321.338033545142,-182.49731080740452,-138.8407227377375,22.058823529411754,369.64285714285717,-98.90990837292561,25428.15,746942,23873.1,-3380.0,-11.761430858097288
2020-03-23,13200,13270,12910,13225,45113,24657,13255.0,13778.0,14140.75,14542.916666666666,-344.65264356857733,-214.92837735963911,-129.72426620893822,21.829521829521838,353.57142857142856,-93.14609101938967,26737.15,701829,23883.25,-701.0,-2.764413597286852
2020-03-24,13360,13535,13330,13460,31059,24377,13203.0,13668.5,14085.75,14517.5,-340.2449717229083,-239.99169623229295,-100.25327549061535,30.21868787276341,356.42857142857144,-58.67723533923829,27487.15,732888,23904.2,-280.0,-1.1355801597923487
2020-03-25,13325,13555,13325,13550,21182,24702,13298.0,13587.0,14035.25,14496.75,-325.73474481564335,-257.14030594896303,-68.59443886668032,32.945736434108525,364.2857142857143,-50.24901533896073,27845.7,754070,23923.25,325.0,1.333223940599737
2020-03-26,13650,13650,13500,13515,18758,24118,13412.0,13513.5,13985.0,14470.5,-313.4462793490875,-268.40150062898795,-45.04477872009954,31.456310679611647,365.35714285714283,-39.20728070259301,28113.0,735312,23901.9,-584.0,-2.3641810379726347
2020-03-27,13695,13895,13660,13845,20529,24987,13519.0,13483.0,13960.5,14447.5,-273.9217405436757,-269.5055486119255,-4.416191931750177,38.92733564013841,360.35714285714283,-15.273770388972707,27543.35,755841,23932.3,869.0,3.6031180031511845
2020-03-30,13625,13835,13560,13745,17288,24699,13623.0,13439.0,13915.75,14423.0,-247.8108142369456,-265.1666017369296,17.35578749998399,36.13013698630137,370.35714285714283,-19.692592254672952,27187.0,738553,23955.9,-288.0,-1.152599351662864
2020-03-31,13825,13925,13825,13885,11105,25287,13708.0,13455.5,13881.0,14400.5,-213.3613897603118,-254.80555934160603,41.44416958129423,41.63763066202091,366.42857142857144,-0.4919047328914016,26912.75,749658,24095.75,588.0,2.380663184744325
2020-04-01,13930,13975,13680,13680,12752,24201,13734.0,13516.0,13842.25,14375.416666666666,-200.29290745229082,-243.903028963743,43.61012151145218,40.37162162162162,372.5,-7.091373429962937,26486.1,736906,24238.7,-1086.0,-4.2946968798196705
2020-04-02,13740,13795,13520,13790,15874,23955,13789.0,13600.5,13810.25,14354.416666666666,-178.99659900637744,-230.9217429722699,51.92514396589246,43.93939393939394,377.14285714285717,-11.695921192341407,26802.1,752780,24376.05,-246.0,-1.0164869220280148
2020-04-03,13725,13840,13660,13810,11472,23208,13782.0,13650.5,13777.25,14336.083333333334,-158.67616818400893,-216.4726280146177,57.79645983060877,43.654822335025386,378.2142857142857,-0.806954740736078,26740.45,764252,24542.95,-747.0,-3.118346900438318
2020-04-07,13710,13980,13710,13865,12140,22933,13806.0,13714.5,13746.25,14323.916666666666,-136.55986291652334,-200.49007499499885,63.930212078475506,52.84872298624755,354.2857142857143,11.986283476691451,26352.4,776392,24726.4,-275.0,-1.1849362288865906
2020-04-08,13930,13945,13675,13715,14165,21715,13772.0,13740.0,13704.25,14306.583333333334,-129.64184753126756,-186.3204295022526,56.67858197098505,65.60975609756098,327.5,8.717519736097785,26236.85,762227,24916.7,-1218.0,-5.311123708193433
2020-04-09,13725,13795,13655,13700,10566,21716,13776.0,13755.0,13671.0,14287.916666666666,-123.94093123192215,-173.84452984818654,49.90359861626439,69.50904392764858,273.57142857142856,6.024941242578057,26235.65,751661,25172.55,1.0,0.0046051116739498354
2020-04-10,13780,13910,13685,13835,10956,21319,13785.0,13787.0,13650.25,14269.166666666666,-107.2927383337792,-160.53417154530507,53.24143321152587,65.39589442815249,256.42857142857144,25.4775427087371,25755.25,762617,24916.25,-397.0,-1.8281451464358112
2020-04-13,13780,13950,13740,13945,8985,20752,13812.0,13797.0,13640.0,14252.833333333334,-84.25164431576377,-145.2776660993968,61.02602178363304,70.8092485549133,242.85714285714286,41.03466593430663,25079.45,771602,24600.2,-567.0,-2.6595994183592153
2020-04-14,13985,14235,13935,14060,20588,19023,13851.0,13828.5,13633.75,14237.583333333334,-56.06558325531296,-127.43524953058005,71.3696662752671,68.63354037267081,242.14285714285714,77.32317827661403,25100.1,792190,24198.7,-1729.0,-8.33172706245181
2020-04-15,14035,14045,13815,13845,13671,16181,13877.0,13824.5,13640.0,14218.5,-50.4945601081763,-112.04711164609931,61.55255153792301,58.501440922190206,243.21428571428572,45.82330186978179,23594.25,778519,23585.3,-2842.0,-14.939809704042473
2020-04-16,13805,13855,13750,13810,8361,14991,13899.0,13837.5,13676.75,14200.25,-48.34638459280541,-99.30696623544054,50.960581642635134,58.501440922190206,240.0,25.285877347291482,21120.35,770158,22845.85,-1190.0,-7.354304431122927
2020-04-17,13800,13850,13645,13715,16039,24196,13875.0,13830.0,13715.25,14176.5,-53.690732726427086,-90.18371953363786,36.49298680721077,45.666666666666664,227.5,7.527776570279702,18463.7,754119,22618.75,9205.0,61.403508771929815
2020-04-20,13630,13710,13555,13595,16600,26427,13805.0,13808.5,13729.5,14148.083333333334,-66.83868943822381,-85.51471351455505,18.676024076331245,45.06578947368421,218.57142857142858,-25.0584521509122,16860.15,737519,22672.2,2231.0,9.220532319391639
2020-04-21,13605,13695,13510,13620,26002,24976,13717.0,13784.0,13749.25,14121.333333333334,-74.38379866327159,-83.28853054429837,8.904731881026777,40.56939501779359,218.92857142857142,-45.21958511314216,15904.6,763521,22688.15,-1451.0,-5.490596738184427
2020-04-22,13550,13735,13425,13645,25814,25113,13677.0,13777.0,13758.5,14090.916666666666,-77.45322841322741,-82.12147011808418,4.668241704856769,48.57142857142857,220.0,-54.89250099607389,15642.35,789335,22724.95,137.0,0.5485265855220911
2020-04-23,13710,13830,13665,13825,19472,25246,13680.0,13789.5,13772.25,14069.916666666666,-64.61642005876638,-78.62046010622062,14.00404004745424,51.35135135135135,213.57142857142858,2.2982967920929855,15556.85,808807,22752.15,133.0,0.5296061800661
2020-04-24,13720,13810,13700,13775,14627,24894,13692.0,13783.5,13785.25,14046.916666666666,-57.811326105173066,-74.45863330601111,16.647307200838043,48.679245283018865,209.64285714285714,-7.412820229077527,15350.3,794180,22790.95,-352.0,-1.3942802820248734
2020-04-27,13790,14030,13790,13940,21549,25564,13761.0,13783.0,13790.0,14031.75,-38.65848809475028,-67.29860426375895,28.640116169008664,52.613240418118465,208.57142857142858,59.01988680887665,15401.3,815729,22819.8,670.0,2.6914115851209175
2020-04-28,13995,14000,13755,13770,14566,25773,13791.0,13754.0,13791.25,14024.25,-36.773404319121255,-61.19356427483141,24.420159955710155,51.89003436426116,206.78571428571428,22.330068677501576,15265.2,801163,22873.5,209.0,0.8175559380378727
2020-04-29,13800,13820,13730,13745,11986,25340,13811.0,13744.0,13784.25,14014.666666666666,-36.87171869070335,-56.3291951580058,19.457476467302456,51.53583617747441,203.21428571428572,-8.792546471752066,15309.25,789177,22876.15,-433.0,-1.6800527684010413
2020-04-30,13800,13800,13625,13660,18295,23408,13778.0,13729.0,13783.25,14007.25,-43.30918187424504,-53.72519250125365,10.41601062700861,43.81625441696113,199.64285714285714,-37.388456645359526,15586.4,770882,22836.5,-1932.0,-7.624309392265194
2020-05-06,13605,13840,13605,13835,12746,24246,13790.0,13741.0,13785.5,14001.583333333334,-33.89911249526085,-49.759976500055096,15.860864004794244,46.28378378378378,201.42857142857142,-10.41850042536063,15430.0,783628,22851.05,838.0,3.5799726589200276
2020-05-07,13820,13945,13770,13885,19662,24414,13779.0,13770.0,13789.25,13998.5,-22.151632355085894,-44.238307671061264,22.08667531597537,43.81625441696113,192.5,34.13324418439926,15839.5,803290,22911.35,168.0,0.6928977975748651
2020-05-08,13910,14000,13850,13895,18371,25391,13804.0,13797.5,13790.75,13996.583333333334,-11.897605095915424,-37.7701671560321,25.872562060116678,52.06611570247934,185.71428571428572,52.60408712819347,16151.05,821661,23034.25,977.0,4.00180224461375
2020-05-11,13900,13925,13805,13895,16176,24460,13834.0,13822.5,13799.75,13993.666666666666,-3.728237811998042,-30.96178128722529,27.233543475227247,53.617021276595736,186.78571428571428,33.097352179241,16251.6,821661,23171.5,-931.0,-3.666653538655429
2020-05-12,13895,14340,13875,14150,63895,26083,13932.0,13855.0,13822.25,13993.333333333334,23.05663100374659,-20.158098829030916,43.21472983277751,66.29213483146069,205.35714285714286,110.94287596363372,18918.05,885556,23389.85,1623.0,6.635322976287816
2020-05-13,14140,14215,13865,13885,30481,24927,13942.0,13866.0,13824.75,13987.416666666666,22.639572315181795,-11.598564600188372,34.23813691537016,59.7972972972973,218.92857142857142,57.03021376025033,19894.3,855075,23570.25,-1156.0,-4.432005520837324
2020-05-14,13865,13920,13745,13860,20492,23944,13937.0,13858.0,13820.5,13978.333333333334,20.060514114000398,-5.266748857350618,25.327262971351015,58.10810810810811,218.21428571428572,6.299420691536876,20469.65,834583,23729.85,-983.0,-3.9435150639868466
2020-05-15,13800,13980,13730,13940,18837,21342,13946.0,13875.0,13814.5,13969.916666666666,24.193041003511098,0.6252091148217254,23.567831888689373,59.609120521172635,213.92857142857142,26.5990937987649,20382.1,853420,23845.8,-2602.0,-10.86702305379218
2020-05-18,13895,14005,13835,13955,16992,18465,13958.0,13896.0,13820.0,13961.666666666666,28.351652771605586,6.170497846178498,22.181154925427087,54.744525547445264,212.85714285714286,44.17073347428056,20548.15,870412,23960.0,-2877.0,-13.480461062693283
2020-05-19,14005,14190,13990,14045,21544,15818,13937.0,13934.5,13831.75,13953.166666666666,38.46621580619103,12.629641438181006,25.836574368010027,59.57446808510638,220.71428571428572,85.64635463499006,21207.3,891956,24001.35,-2647.0,-14.335228811264555
2020-05-20,14095,14230,13995,14200,14851,14078,14000.0,13971.0,13856.0,13947.5,58.31704193521182,21.767121537587172,36.549920397624646,59.28571428571428,219.28571428571428,92.68085406964502,21147.9,906807,23495.45,-1740.0,-11.000126438234926
2020-05-21,14145,14280,14065,14170,35181,25102,14062.0,13999.5,13884.75,13939.666666666666,70.8119394216501,31.57608511439976,39.235854307250335,65.87301587301587,217.14285714285714,90.07114810473682,22076.95,871626,23429.2,11024.0,78.30657763886917
2020-05-22,14150,14280,13970,14045,39468,25865,14083.0,14014.5,13906.0,13932.0,69.82290537915287,39.225449167350384,30.597456211802488,61.029411764705884,232.85714285714286,62.366045450319305,22750.25,832158,23473.65,763.0,3.039598438371449
2020-05-25,13935,14430,13935,14350,40816,29475,14162.0,14060.0,13941.25,13928.5,92.58280286290574,49.896919906461456,42.68588295644428,71.83544303797468,255.71428571428572,96.27925439996086,23500.35,872974,23691.75,3610.0,13.957084863715451
2020-05-26,14400,14405,14200,14310,20006,28604,14215.0,14076.0,13965.5,13924.333333333334,106.16867350843313,61.1512706268558,45.01740288157733,66.43598615916954,253.57142857142858,99.16955285759157,23527.05,852968,23859.65,-871.0,-2.9550466497031413
2020-05-27,14375,14495,14155,14260,43787,28727,14227.0,14113.5,13989.75,13920.0,111.61437075483445,71.24389065245154,40.37048010238291,62.9757785467128,265.35714285714283,86.23648018102395,24985.05,809181,24051.3,123.0,0.43000978884071284
2020-05-28,14260,14380,14170,14305,21963,28655,14254.0,14158.0,14008.0,13919.5,118.19872762019259,80.63485804599975,37.563869574192836,63.85135135135135,269.64285714285717,72.01554941628953,25005.75,831144,24205.85,-72.0,-0.25063529084137226
2020-05-29,14215,14295,14125,14220,25610,26473,14289.0,14186.0,14030.5,13912.5,115.2297909463814,87.55384462607608,27.675946320305314,60.38338658146965,273.92857142857144,48.46313365001775,25557.95,805534,24240.85,-2182.0,-7.614726923748039
2020-06-01,14280,14580,14220,14550,33605,29438,14329.0,14245.5,14070.75,13912.0,137.91532727378035,97.62614115561693,40.289186118163414,62.19512195121952,266.42857142857144,94.45198648182736,26638.9,839139,24445.75,2965.0,11.20009065840668
2020-06-02,14525,14620,14420,14495,23646,29531,14366.0,14290.5,14112.5,13912.666666666666,149.72974659269494,108.04686224303255,41.68288434966239,71.32867132867133,255.71428571428572,97.08643333157447,26906.45,815493,24751.9,93.0,0.31591820096474876
2020-06-03,14595,14645,14415,14465,30840,29717,14407.0,14317.0,14144.0,13913.25,154.88657373323986,117.41480454107402,37.47176919216584,71.0801393728223,259.64285714285717,86.26258715866258,27811.15,784653,25025.45,186.0,0.6298466018759941
2020-06-04,14465,14505,14280,14285,23954,29317,14403.0,14328.5,14164.0,13910.166666666666,142.80275939909916,122.49239551267905,20.310363886420106,61.237785016286644,257.85714285714283,46.377702321461605,28025.75,760699,25270.6,-400.0,-1.3460308914089558
2020-06-05,14325,14445,14285,14390,21262,28228,14437.0,14363.0,14188.75,13908.583333333334,140.08406999885665,126.01073040991457,14.073339588942076,63.38461538461539,257.14285714285717,45.59484080154223,28170.3,781961,25412.45,-1089.0,-3.7145683391888618
2020-06-08,14435,14490,14270,14340,33348,25385,14395.0,14362.0,14211.0,13905.0,132.36903904426254,127.28239213678418,5.086646907478354,59.305993690851736,256.07142857142856,39.91858563732004,29028.9,748613,25458.7,-2843.0,-10.071560153039538
2020-06-09,14300,14445,14255,14340,32916,25273,14364.0,14365.0,14220.5,13904.583333333334,124.8160200451457,126.7891177184565,-1.9730976733107894,54.89510489510489,252.85714285714286,31.85026405585642,27479.95,748613,25418.2,-112.0,-0.44120543628126674
2020-06-10,14360,14475,14270,14420,29754,25552,14355.0,14381.0,14247.25,13907.416666666666,123.85777416213205,126.20284900719162,-2.345074845059571,58.445945945945944,252.14285714285714,38.11500070789115,27443.6,778367,25449.45,279.0,1.103944921457689
2020-06-11,14460,14460,14140,14160,38910,24853,14330.0,14366.5,14262.25,13907.583333333334,100.95478637159795,121.15323648007289,-20.198450108474944,53.56037151702786,252.85714285714286,-1.9698934614741064,28364.5,739457,25494.9,-699.0,-2.7355979962429555
2020-06-12,14180,14235,14035,14145,36511,22872,14281.0,14359.0,14272.5,13906.916666666666,80.66378697591972,113.05534657924227,-32.39155960332255,42.26415094339623,231.78571428571428,-44.84117175417867,29248.2,702946,25571.4,-1981.0,-7.970868708003054
2020-06-15,14215,14235,14060,14080,22689,20753,14229.0,14312.0,14278.75,13912.916666666666,58.66184970607537,102.17664720460888,-43.51479749853351,41.48148148148148,229.64285714285714,-59.66939549517668,29533.05,680257,25685.8,-2119.0,-9.26460300804477
2020-06-16,14070,14290,14020,14260,17777,19011,14213.0,14288.5,14289.5,13932.666666666666,55.114327916813636,92.76418334704984,-37.6498554302362,50.0,224.64285714285714,-39.37265085540847,29344.7,698034,25845.45,-1742.0,-8.393967137281354
2020-06-17,14350,14395,14215,14360,20324,18396,14201.0,14278.0,14297.5,13956.25,59.68405497175809,86.14815767199148,-26.464102700233397,51.791530944625414,222.5,10.827904032791245,29618.35,718358,26061.35,-615.0,-3.234969228341489
2020-06-18,14330,14500,14330,14485,14004,18864,14266.0,14298.0,14313.25,13975.833333333334,72.55567525729202,83.4296611890516,-10.873985931759577,58.412698412698404,221.78571428571428,53.11609214820091,28559.5,732362,25749.45,468.0,2.544031311154593
2020-06-19,14495,14635,14450,14605,13371,19285,14358.0,14319.5,14341.25,13998.833333333334,91.3860823156756,85.0209454143764,6.365136901299195,52.01465201465202,209.28571428571428,94.09719969774821,27254.65,745733,25420.45,421.0,2.231764206955056
2020-06-22,14545,14730,14545,14645,14826,17860,14471.0,14350.0,14356.0,14018.583333333334,108.28869659428892,89.67449565035892,18.61420094393,55.55555555555556,208.21428571428572,104.0555151071984,25955.15,760559,24839.7,-1425.0,-7.389162561576357
2020-06-23,14525,14645,14400,14455,20703,23008,14510.0,14361.5,14363.25,14033.666666666666,105.14073118186934,92.76774275666101,12.372988425208334,49.66887417218543,209.28571428571428,48.43691109914558,25990.0,739856,24559.9,5148.0,28.82418812989922
2020-06-24,14500,14515,14390,14470,14089,23874,14532.0,14366.5,14373.75,14049.583333333334,102.67277273986656,94.74874875330212,7.9240239865644355,56.87732342007434,202.14285714285714,30.702486277387248,24505.1,753945,24317.25,866.0,3.7639082058414486
2020-06-29,14560,14720,14510,14685,19617,25652,14572.0,14419.0,14392.75,14063.583333333334,116.72012412872755,99.14302382838721,17.577100300340334,60.13745704467354,208.57142857142858,82.10842181727276,24387.8,773562,24167.1,1778.0,7.447432353187566
2020-06-30,14695,14785,14640,14770,22131,24662,14605.0,14481.5,14420.25,14080.666666666666,133.17636667978513,105.9496923986668,27.226674281118335,64.42953020134229,203.21428571428572,96.58067024063142,24213.85,795693,24076.55,-990.0,-3.8593481989708356
2020-07-01,14840,14915,14725,14785,26022,25451,14633.0,14552.0,14432.0,14095.666666666666,145.74833600976308,113.90942112088607,31.838914888877014,64.78405315614619,203.21428571428572,100.89167449359473,23834.7,821715,23877.2,789.0,3.1992539129024333
2020-07-02,14795,14940,14710,14790,22639,26317,14700.0,14605.0,14446.75,14114.166666666666,154.3360802311454,121.99475294293794,32.34132728820745,62.93706293706294,205.0,89.48856662280893,23784.35,844354,23716.5,866.0,3.4026167930533147
2020-07-03,14770,14770,14615,14650,24663,26567,14736.0,14634.0,14456.0,14128.5,148.1374629660586,127.22329494756207,20.914168018496525,68.70229007633588,194.64285714285714,52.755578281645484,23475.5,819691,23559.0,250.0,0.9499563020101132
2020-07-06,14705,14710,14565,14650,19797,26870,14729.0,14650.5,14474.25,14142.5,141.59282023169362,130.09720000438838,11.495620227305238,69.4980694980695,190.71428571428572,40.16148970733369,23267.65,819691,23436.65,303.0,1.1405126660894993
2020-07-07,14710,14710,14585,14670,20487,25808,14709.0,14657.0,14488.25,14155.916666666666,136.44709934030652,131.36717987157203,5.079919468734488,73.6,187.14285714285714,39.517912516665255,23228.9,840178,23315.65,-1062.0,-3.9523632303684386
2020-07-08,14700,14840,14670,14840,22995,25715,14720.0,14676.5,14513.25,14174.666666666666,144.42185249559589,133.9781143963768,10.443738099219075,73.38709677419355,180.0,62.19139024055402,22711.25,863173,23332.15,-93.0,-0.36035337879727347
2020-07-09,14840,15145,14775,15075,34010,25675,14777.0,14738.5,14550.0,14197.583333333334,167.77048414152887,140.73658834540723,27.03389579612164,76.0,193.57142857142858,93.79933584267263,22765.95,897183,23352.25,-40.0,-0.15555123468792287
2020-07-10,15135,15175,15020,15070,27094,25225,14861.0,14798.5,14582.5,14218.166666666666,183.75279686536305,149.3398300493984,34.412966815964666,73.30677290836653,192.5,94.93348703716745,22632.95,870089,23335.9,-450.0,-1.7526777020447915
2020-07-13,15130,15545,15130,15460,34480,25068,15023.0,14876.0,14647.5,14243.416666666666,225.29161399240547,164.53018683799982,60.76142715440565,78.0327868852459,213.21428571428572,119.0088147082753,22411.45,904569,23346.65,-157.0,-0.6223984142715522
2020-07-14,15480,15635,15295,15365,34504,22292,15162.0,14935.5,14708.5,14265.166666666666,247.6904979068422,181.1622490517683,66.52824885507391,72.78481012658227,224.28571428571428,108.3894294258312,22311.1,870065,23317.65,-2776.0,-11.073879048986758
2020-07-15,15415,15445,15310,15345,18358,22006,15263.0,14991.5,14771.75,14290.166666666666,260.8213556984192,197.0940703810985,63.72728531732071,81.56028368794327,216.42857142857142,88.68708584298237,22094.55,851707,23380.3,-286.0,-1.2829714695855032
2020-07-16,15390,15410,14835,14890,41095,20178,15226.0,15001.5,14803.25,14308.166666666666,231.84044535622343,204.0433453761235,27.797099980099915,61.351351351351354,248.57142857142858,38.13111228344296,23260.45,810612,23438.65,-1828.0,-8.306825411251474
2020-07-17,14950,15005,14860,14925,21472,19060,15197.0,15029.0,14831.5,14328.333333333334,209.2845703547173,205.0915903718423,4.192979982874988,57.18562874251497,241.07142857142858,16.58042710904636,23317.85,832084,23471.85,-1118.0,-5.540687877886807
2020-07-20,14905,14925,14665,14795,26777,17832,15064.0,15043.5,14847.0,14348.333333333334,178.85720879678956,199.84471405683178,-20.987505260042212,50.72886297376094,249.28571428571428,-9.031173640176355,23956.5,805307,23420.25,-1228.0,-6.442812172088141
2020-07-21,14870,15095,14835,15075,17244,16625,15006.0,15084.0,14870.5,14372.583333333334,175.3160314075667,194.9389775269788,-19.62294611941209,57.323232323232325,257.14285714285717,23.39554354863296,24150.15,822551,23287.25,-1207.0,-6.768730372364285
2020-07-22,15015,15235,14950,14990,21236,14418,14935.0,15099.0,14887.75,14395.0,163.76307440566598,188.70379690271625,-24.940722497050274,54.85436893203883,261.07142857142856,29.959538528548773,24470.65,801315,23115.15,-2207.0,-13.275187969924806
2020-07-23,14950,15020,14790,14865,14056,13175,14930.0,15078.0,14908.25,14412.333333333334,142.873856533457,179.5378088288644,-36.6639522954074,55.256723716381416,265.0,-3.391188618077503,24138.3,787259,22623.5,-1243.0,-8.621167984463863
2020-07-24,14840,15030,14800,14975,30476,23087,14940.0,15068.5,14933.5,14432.333333333334,133.65439687251455,170.36112643759444,-36.70672956507988,57.540603248259856,271.07142857142856,0.30838224338306286,24957.65,817735,22584.15,9912.0,75.23339658444024
2020-07-27,14970,15260,14915,15160,33631,22852,15013.0,15038.5,14957.25,14452.666666666666,139.66588121938003,164.22207739395157,-24.55619617457154,60.560344827586206,286.7857142857143,32.74828864802139,25658.35,851366,22444.15,-235.0,-1.0178888551999
2020-07-28,15195,15560,15135,15435,48414,23021,15085.0,15045.5,14990.5,14480.416666666666,164.7214215912063,164.32194623340254,0.399475357803766,62.2680412371134,305.0,78.30975681766357,26972.5,899780,22362.1,169.0,0.7395413968142917
2020-07-29,15435,15580,15355,15555,31382,23677,15198.0,15066.5,15029.0,14510.583333333334,192.04731308946066,169.86701960461417,22.180293484846487,60.38961038961038,294.64285714285717,88.28852375157052,27240.5,931162,22273.4,656.0,2.849572129794531
2020-07-30,15515,15785,15485,15710,38314,24950,15367.0,15148.5,15075.0,14544.75,223.63258633636178,180.6201329509637,43.01245338539809,63.00813008130081,305.0,99.64623981392063,28024.25,969476,22205.05,1273.0,5.376525742281535
2020-07-31,15590,15725,15525,15705,31255,24122,15513.0,15226.5,15127.75,14575.916666666666,245.43150313850492,193.58240698847194,51.84909615003298,55.903614457831324,285.35714285714283,86.44241726999655,28353.85,938221,22082.8,-828.0,-3.3186372745490966
2020-08-03,15685,16010,15620,15920,42514,25942,15665.0,15339.0,15191.25,14609.833333333334,276.8644835032792,210.23882229143342,66.62566121184577,62.642369020501135,288.92857142857144,102.07583429092968,29489.7,980735,22036.4,1820.0,7.544979686593156
2020-08-04,15920,16015,15685,15735,30068,25143,15725.0,15405.0,15244.5,14640.5,283.57847685456,224.90675320405876,58.671723650501235,58.26271186440678,302.85714285714283,86.13888224224445,29968.75,950667,22003.15,-799.0,-3.07994757536042
2020-08-05,15710,15970,15660,15900,26705,24893,15794.0,15496.0,15297.5,14673.916666666666,298.7694576642007,239.67929409608715,59.090163568113525,74.39613526570048,283.92857142857144,80.84136314507218,30154.25,977372,21962.05,-250.0,-0.9943125323151558
2020-08-06,15940,16475,15900,16475,44150,27093,15947.0,15657.0,15367.5,14712.666666666666,353.13538898042316,262.37051307295434,90.76487590746882,79.69348659003832,314.64285714285717,115.75027834130896,30661.25,1021522,22032.95,2200.0,8.837825894829866
2020-08-07,16410,16585,16315,16355,50238,25282,16077.0,15795.0,15431.75,14753.833333333334,382.13279512298686,286.32296948296084,95.80982564002602,80.0,315.35714285714283,108.19793232688417,31818.45,971284,22035.8,-1811.0,-6.684383420071605
2020-08-10,16390,16565,16150,16195,36142,23521,16132.0,15898.5,15468.5,14792.75,387.73323816775337,306.60502321991936,81.12821494783401,72.58064516129032,323.57142857142856,83.48823733207624,31901.55,935142,21958.45,-1761.0,-6.9654299501621715
2020-08-11,16250,16295,16040,16130,25920,21595,16211.0,15968.0,15506.75,14829.25,382.5172520841079,321.7874689927571,60.72978309135078,73.17073170731707,321.42857142857144,62.29792510124682,31472.35,909222,21923.6,-1926.0,-8.18842736278219
2020-08-12,16195,16360,15855,15990,40088,20946,16229.0,16011.5,15539.0,14863.166666666666,362.90339116861105,330.01065342792793,32.89273774068312,72.72727272727273,341.07142857142856,49.42600120528804,32558.85,869134,21870.6,-649.0,-3.005325306783979
2020-08-13,16050,16055,15880,16010,21860,19844,16136.0,16041.5,15595.0,14895.916666666666,344.99619653489026,333.0077620493204,11.988434485569883,71.69811320754717,337.14285714285717,37.350823525343564,31597.1,890994,21853.9,-1102.0,-5.261147713167191
2020-08-14,16050,16190,15955,16095,29185,19126,16084.0,16080.5,15653.5,14927.5,333.8153893827148,333.1692875159993,0.646101866715469,70.45951859956236,329.2857142857143,42.099549806787806,31982.75,920179,21857.2,-718.0,-3.618222132634552
2020-08-17,16080,16270,16035,16200,18616,18899,16085.0,16108.5,15723.75,14961.333333333334,329.6274021337722,332.4609104395539,-2.83350830578172,68.08510638297872,315.7142857142857,46.37174827467646,31574.7,938795,21910.55,-227.0,-1.1868660462198033
2020-08-18,16135,16280,16055,16165,21497,16519,16092.0,16151.5,15778.25,14996.666666666666,319.7977551195454,329.9282793755523,-10.13052425600688,65.02463054187191,315.7142857142857,41.96178863101106,31787.35,917298,21905.25,-2380.0,-12.593258902587435
2020-08-19,16330,16330,16050,16155,23779,15003,16125.0,16177.0,15836.5,15026.75,307.6543250643008,325.47348851330196,-17.819163449001167,61.80371352785146,314.2857142857143,39.13561725472075,31914.5,893519,21934.5,-1516.0,-9.177310975240626
2020-08-20,16200,16415,15930,16025,26011,14048,16128.0,16132.0,15894.5,15055.333333333334,284.26383912284837,317.2315586352113,-32.96771951236292,57.960199004975124,334.64285714285717,29.740646947944327,32512.25,867508,21978.15,-955.0,-6.365393587949075
2020-08-21,16085,16100,15955,16030,22867,23538,16115.0,16099.5,15947.25,15084.833333333334,263.0973462727343,306.4047161627159,-43.3073698899816,53.05555555555556,317.14285714285717,13.421010261648698,32131.8,890375,22000.7,9490.0,67.55410022779043
2020-08-24,15960,16055,15780,15930,31511,26057,16061.0,16073.0,15985.75,15111.916666666666,235.5384433699619,292.23146160416513,-56.69301823420324,55.68513119533528,313.2142857142857,-10.274951720729211,32025.8,858864,22160.95,2519.0,10.701843827003144
2020-08-25,15930,16030,15855,15895,23078,26303,16007.0,16049.5,16008.75,15139.833333333334,208.47048874961365,275.47926703325487,-67.00877828364122,49.8422712933754,303.57142857142856,-16.67786086255866,30759.0,835786,22325.05,246.0,0.9440841232682295
2020-08-26,15960,15995,15720,15780,26921,27537,15932.0,16028.5,16020.0,15160.333333333334,175.71388055703937,255.52618973801177,-79.81230918097239,19.111111111111114,282.14285714285717,-45.51470892458911,30535.95,808865,22518.05,1234.0,4.691480059308817
2020-08-27,15780,15815,15605,15640,30284,28351,15855.0,15991.5,16016.5,15179.416666666666,136.87934273599421,231.79682033760827,-94.91747760161405,18.777292576419214,277.85714285714283,-81.31369655556989,30134.45,778581,22688.1,814.0,2.9560228056796367
2020-08-28,15660,15810,15545,15795,35998,26036,15808.0,15961.5,16021.0,15201.583333333334,117.25821660570546,208.8890995912277,-91.63088298552225,32.45614035087719,267.14285714285717,-76.9838585143911,30371.6,814579,22783.8,-2315.0,-8.16549680787274
2020-08-31,15780,15815,15570,15605,29339,27214,15743.0,15902.0,16005.25,15223.583333333334,85.3925683086909,184.18979333472035,-98.79722502602945,29.2490118577075,266.42857142857144,-82.74004093855638,29712.85,785240,22847.4,1178.0,4.524504532186202
2020-09-01,15615,15970,15610,15965,38656,25307,15757.0,15882.0,16016.75,15249.833333333334,88.17141857959177,164.98611838369462,-76.81469980410284,49.15824915824916,256.42857142857144,-40.31030302411365,30142.25,823896,22855.6,-1907.0,-7.007422650106565
2020-09-02,16055,16055,15760,15845,28743,24907,15770.0,15851.0,16014.0,15274.916666666666,79.77112840916016,147.94312038878775,-68.17199197962759,44.79495268138801,265.0,-32.05433179141029,30244.15,795153,22856.3,-400.0,-1.580590350495914
2020-09-03,15700,15880,15670,15670,31814,25244,15776.0,15815.5,15973.75,15297.083333333334,58.320517837923035,130.01859987861482,-71.69808204069179,37.3134328358209,263.2142857142857,-60.52654327255335,29627.35,763339,22763.85,337.0,1.3530332838157966
2020-09-04,15845,15845,15360,15440,42101,26790,15705.0,15756.5,15928.0,15314.083333333334,22.502284281106768,108.51533675911321,-86.01305247800644,28.888888888888886,281.07142857142856,-96.79006499860887,29220.5,721238,22839.25,1546.0,6.124227539217242
2020-09-07,15460,15655,15410,15580,28859,26446,15700.0,15721.5,15897.25,15337.75,5.35122056245018,87.8825135197806,-82.53129295733042,34.64566929133858,282.5,-87.20447205937421,28856.35,750097,22985.5,-344.0,-1.2840612168719678
2020-09-08,15635,15660,15530,15595,17157,24903,15626.0,15691.5,15870.5,15361.916666666666,-6.95062389589657,68.91588603664516,-75.86650993254173,35.340314136125656,271.7857142857143,-68.25746480996096,28418.2,767254,23150.9,-1543.0,-5.834530741889132
2020-09-09,15540,15540,15215,15220,30852,25048,15501.0,15635.5,15832.0,15380.916666666666,-46.4241416465029,45.84788050001555,-92.27202214651845,31.322505800464043,264.2857142857143,-108.10259711478075,27956.4,736402,23356.0,145.0,0.5822591655623821
2020-09-10,15330,15385,14920,14970,33375,28301,15361.0,15568.5,15780.0,15392.75,-96.76465678846762,17.32537304231892,-114.09002983078653,27.91666666666667,287.14285714285717,-121.63752146663336,28532.15,703027,23778.85,3253.0,12.987064835515817
2020-09-11,14800,15035,14785,15000,31615,27156,15273.0,15489.0,15725.25,15403.416666666666,-132.70933780524138,-12.681569127193143,-120.02776867804823,30.042918454935617,285.35714285714283,-117.6728520559241,28653.65,734642,24180.35,-1145.0,-4.045793434860956
2020-09-14,14945,15075,14830,15075,37563,26285,15172.0,15436.0,15669.0,15413.25,-153.3758618177526,-40.82042766530503,-112.55543415244756,32.700421940928265,290.35714285714283,-94.74452117951111,29601.0,772205,24549.65,-871.0,-3.2073943143320127
2020-09-15,15090,15175,14940,15145,28996,25297,15082.0,15354.0,15618.0,15422.25,-162.235664256983,-65.10347498364064,-97.13218927334236,36.34408602150538,287.5,-73.58900387442898,29975.95,801201,24988.55,-988.0,-3.7587977934183003
2020-09-16,15195,15215,14865,14950,27034,25052,15028.0,15264.5,15557.75,15427.333333333334,-182.88382099134105,-88.65954418518072,-94.22427680616033,35.50420168067227,297.5,-75.68600578384223,30138.7,774167,25491.0,-245.0,-0.9684942878602221
2020-09-17,14915,15045,14805,14870,25396,23219,15008.0,15184.5,15500.0,15434.25,-203.35877203972814,-111.5993897560902,-91.75938228363793,29.934924078091115,295.7142857142857,-80.27020663067499,30107.95,748771,25949.55,-1833.0,-7.316781095321733
2020-09-18,14915,15260,14800,15210,31401,18866,15050.0,15161.5,15459.0,15446.583333333334,-189.9604143478391,-127.27159467444,-62.68881967339911,41.955193482688394,311.07142857142856,-51.08381768705042,30534.65,780172,25715.95,-4353.0,-18.74757741504802
2020-09-21,15200,15450,15170,15370,32066,15147,15109.0,15140.5,15431.0,15458.0,-164.53480174766628,-134.72423608908525,-29.810565658581027,36.807095343680714,305.0,-15.24780602154159,30562.4,812238,25170.45,-3719.0,-19.712710696491044
2020-09-22,15410,15450,15165,15330,25648,13311,15146.0,15114.0,15402.75,15467.333333333334,-145.93029271052,-136.9654474133722,-8.964845297147804,38.160919540229884,304.2857142857143,-13.767342266851406,30690.9,786590,24520.85,-1836.0,-12.121212121212121
2020-09-23,15285,15615,15285,15400,25182,11229,15236.0,15132.0,15383.75,15477.583333333334,-124.10704155366147,-134.39376624143006,10.286724687768583,43.47826086956522,312.85714285714283,7.087257174589825,30603.95,811772,23705.45,-2082.0,-15.641199008338969
2020-09-24,15355,15495,15230,15415,19402,8818,15345.0,15176.5,15372.5,15488.0,-104.39814629910325,-128.3946422529647,23.996495953861455,49.326145552560654,297.14285714285717,1.2083039602585186,30059.85,831174,22728.8,-2411.0,-21.47119066702289
2020-09-25,15100,15100,14685,14695,44566,24783,15242.0,15146.0,15317.5,15488.75,-145.20287911904597,-131.75628962618097,-13.446589492865002,31.827515400410675,331.7857142857143,-77.04243957160887,30488.25,786608,22666.15,15965.0,181.05012474484008
2020-09-28,14545,15070,14545,14995,43706,23145,15167.0,15138.0,15287.0,15494.5,-151.5860415378702,-135.72224000851884,-15.863801529351349,38.970588235294116,360.0,-63.259846003862634,31206.6,830314,22462.7,-1638.0,-6.609369325747483
2020-09-29,15045,15230,14885,15200,33767,23571,15141.0,15143.5,15248.75,15503.333333333334,-138.5063421048926,-136.27906042779358,-2.227281677099029,49.6078431372549,357.5,-23.940120832035625,30962.15,864081,22375.9,426.0,1.840570317563195
2020-09-30,15090,15175,15020,15080,27999,19341,15077.0,15156.5,15210.5,15507.333333333334,-136.25294406361718,-136.2738371549583,0.020893091341122272,52.27272727272727,337.14285714285717,-22.376416262453667,30924.95,836082,22097.6,-4230.0,-17.945780832378766
2020-10-09,15150,15150,14680,14720,25618,21530,14938.0,15141.5,15163.0,15501.416666666666,-161.65266988240546,-141.34960370044774,-20.303066181957718,44.90909090909091,352.85714285714283,-63.83972832207968,30615.15,810464,21911.9,2189.0,11.3179256501732
2020-10-12,14760,14840,14690,14750,27898,24014,14949.0,15095.5,15128.5,15496.083333333334,-177.31738190701253,-148.5431593417607,-28.77422256525182,43.99260628465804,346.07142857142856,-74.38570244963404,29905.0,838362,21773.1,2484.0,11.53738968880631
2020-10-13,14805,14915,14750,14825,24878,23758,14915.0,15041.0,15090.75,15485.5,-181.58668754558494,-155.15186498252555,-26.434822563059384,44.095940959409596,341.07142857142856,-55.769349388470864,29705.95,863240,21638.7,-256.0,-1.0660448071957984
2020-10-14,14705,14760,14475,14515,35689,25513,14778.0,14959.5,15036.75,15471.333333333334,-207.59156589437225,-165.63980516489488,-41.95176072947737,42.30088495575221,341.07142857142856,-99.83300089722027,30632.55,827551,21669.2,1755.0,7.38698543648455
2020-10-15,14520,14590,14350,14550,26692,24805,14672.0,14874.5,15003.25,15458.083333333334,-222.80801969021013,-177.07344806995795,-45.73457162025218,44.24460431654676,341.07142857142856,-100.9244672876728,30424.55,854243,21657.05,-708.0,-2.7750558538784165
2020-10-16,14395,14515,14360,14470,25454,24343,14622.0,14780.0,14978.25,15451.083333333334,-238.57238639988464,-189.3732357359433,-49.19915066394134,35.317460317460316,321.7857142857143,-93.81625556953894,30028.5,828789,21459.15,-462.0,-1.8625277161862575
2020-10-19,14535,14535,14280,14420,32948,24378,14556.0,14752.5,14949.25,15442.666666666666,-252.19321631316234,-201.9372318513871,-50.25598446177523,30.290456431535276,320.0,-87.25045255109883,30095.15,795841,21320.25,35.0,0.14377849895246264
2020-10-20,14460,14470,14180,14365,31394,24470,14464.0,14689.5,14913.75,15435.5,-264.3782743214215,-214.425440345394,-49.95283397602748,30.10309278350516,320.35714285714283,-85.97432047574262,29786.7,764447,21229.5,92.0,0.37738944950365116
2020-10-21,14425,14490,14310,14420,30715,23082,14445.0,14611.5,14877.5,15424.583333333334,-266.524649976649,-224.84528227164503,-41.67936770500398,29.66804979253112,309.64285714285717,-67.43079677888164,29872.65,795162,21118.75,-1388.0,-5.672251736820599
2020-10-22,14500,14575,14290,14395,33278,20178,14414.0,14543.0,14849.75,15414.666666666666,-267.16326737061354,-233.30887929143873,-33.85438807917481,28.925619834710744,311.07142857142856,-59.08725097272714,30184.85,761884,20875.05,-2904.0,-12.58123212893163
2020-10-23,14390,14565,14380,14480,27451,16637,14416.0,14519.0,14830.25,15408.25,-257.8383862135124,-238.2147806758535,-19.623605537658932,43.977591036414566,272.14285714285717,-47.256948440859375,30287.6,789335,20545.95,-3541.0,-17.54881554167905
2020-10-26,14590,14590,14115,14160,25376,16428,14364.0,14460.0,14777.75,15394.666666666666,-273.1213039825816,-245.19608533719912,-27.925218645382472,26.86980609418282,268.57142857142856,-64.89799982966936,29986.35,763959,20424.05,-209.0,-1.2562361002584566
2020-10-27,14060,14405,14050,14385,45302,30251,14368.0,14416.0,14728.5,15381.75,-264.0338885141009,-248.9636459725795,-15.070242541521395,27.671232876712324,269.2857142857143,-60.21939422591059,30648.15,809261,21179.25,13823.0,84.14292671049428
2020-10-28,14400,14495,14275,14435,38181,31302,14371.0,14408.0,14683.75,15365.083333333334,-249.91658136912156,-249.15423305188796,-0.7623483172336023,31.623931623931625,272.14285714285717,-39.97751783673907,31274.8,847442,22078.8,1051.0,3.4742653135433565
2020-10-29,14360,14560,14320,14455,38393,30713,14383.0,14398.5,14636.5,15346.75,-234.4125192883639,-246.20589029918315,11.793371010819243,40.63604240282685,255.71428571428572,-30.664963773144066,31935.35,885835,23053.0,-589.0,-1.8816689029454992
2020-10-30,14385,14645,14285,14380,57116,28769,14363.0,14389.5,14584.75,15324.583333333334,-225.577000344314,-242.08011230820935,16.50311196389535,37.32876712328767,270.7142857142857,-29.29062550920436,33821.05,828719,24050.55,-1944.0,-6.329567284211901
2020-11-02,14370,14400,14255,14315,36883,29836,14394.0,14379.0,14565.75,15301.416666666666,-221.26909233578954,-237.9179083137254,16.648815977935868,32.41379310344827,269.2857142857143,-46.31495916545146,33436.9,791836,24303.2,1067.0,3.7088532795717555
2020-11-03,14185,14475,14185,14385,31105,28080,14394.0,14381.0,14535.25,15275.833333333334,-209.78832005178083,-232.2919906613365,22.503670609555684,44.62809917355372,265.0,-37.36331532058892,32806.85,822941,24549.95,-1756.0,-5.885507440675697
2020-11-04,14455,14490,14140,14245,40296,32009,14356.0,14363.5,14487.5,15251.0,-209.57075407369302,-227.74774334380783,18.176989270114802,38.40304182509506,272.85714285714283,-46.61599606941169,33133.3,782645,24971.85,3929.0,13.992165242165244
2020-11-05,14275,14495,14230,14425,38046,30109,14350.0,14366.5,14454.75,15226.416666666666,-192.65305133788206,-220.72880494262267,28.075753604740612,48.40989399293286,278.2142857142857,-22.823075865046157,33635.65,820691,25510.25,-1900.0,-5.935830547658472
2020-11-06,14490,14490,14205,14280,36416,29947,14330.0,14346.5,14432.75,15189.833333333334,-188.76991613076098,-214.33702718025035,25.56711104948937,45.36423841059603,280.35714285714283,-37.68813216029417,34175.55,784275,25931.1,-162.0,-0.5380451027931832
2020-11-09,14340,14615,14330,14545,49769,27247,14376.0,14385.0,14422.5,15159.666666666666,-162.4367484769682,-203.95697143959393,41.52022296262572,55.23255813953489,283.57142857142856,30.074152720900983,35269.1,834044,26092.75,-2700.0,-9.015928139713491
2020-11-10,14600,14685,14435,14495,32926,25423,14398.0,14396.0,14406.0,15131.333333333334,-143.94282226984433,-191.95414160564403,48.0113193357997,52.186588921282805,288.57142857142856,76.75333724867,35671.5,801118,26176.0,-1824.0,-6.694314970455462
2020-11-11,14555,14735,14510,14590,37060,25232,14467.0,14411.5,14409.75,15105.666666666666,-120.23455732386537,-177.6102247492883,57.37566742542293,55.46218487394958,285.35714285714283,114.41782060237814,35740.05,838178,26161.95,-191.0,-0.7512882035951685
2020-11-12,14560,14690,14470,14680,33973,24823,14518.0,14434.0,14416.25,15083.833333333334,-93.11002430551707,-160.71018466053408,67.60016035501701,55.58659217877095,287.85714285714283,101.31715333288355,36104.1,872151,26162.85,-409.0,-1.6209575142675958
2020-11-13,14710,14815,14645,14785,33778,25390,14619.0,14474.5,14432.0,15063.416666666666,-62.42145827341483,-141.05243938311025,78.63098110969543,69.84126984126983,266.07142857142856,129.27080846813024,36520.3,905929,26215.2,567.0,2.284171937316204
2020-11-16,14760,14860,14635,14675,43479,25171,14645.0,14510.5,14444.75,15039.75,-46.441283082755035,-122.13020812303922,75.68892504028419,59.93150684931507,256.7857142857143,99.6918406114721,37046.85,862450,26254.85,-219.0,-0.8625443087829865
2020-11-17,14745,14750,14580,14640,33085,22922,14674.0,14536.0,14458.5,15013.75,-36.183980205940315,-104.94096253961945,68.75698233367913,57.09342560553634,253.21428571428572,67.58907386855253,37131.4,829365,26177.45,-2249.0,-8.934885383973622
2020-11-18,14680,14680,14510,14600,33919,21133,14676.0,14571.5,14467.5,14987.666666666666,-30.926161938283258,-90.13800241935222,59.21184048106896,54.948805460750854,248.21428571428572,42.889275224385685,37291.6,795446,26080.0,-1789.0,-7.80472908123201
2020-11-19,14620,14730,14510,14725,31568,19393,14685.0,14601.5,14484.0,14963.833333333334,-16.482843786263402,-75.40697069273446,58.92412690647106,61.38613861386139,238.21428571428572,56.73369210818446,37206.1,827014,26040.75,-1740.0,-8.233568352813137
2020-11-20,14780,15300,14730,15280,48281,19660,14784.0,14701.5,14524.0,14951.416666666666,39.29448916801084,-52.4666787205854,91.76116788859625,74.06483790523691,268.92857142857144,143.00995336603495,38247.6,875295,26191.9,267.0,1.3767854380446476
2020-11-23,15320,15635,15085,15155,105749,35189,14880.0,14762.5,14573.75,14936.833333333334,72.57536838668057,-27.458269299132212,100.03363768581278,68.68932038834951,287.5,138.4818839350063,42266.25,769546,27129.95,15529.0,78.98779247202441
2020-11-24,15180,15455,15165,15385,76717,37031,15029.0,14851.5,14623.75,14927.75,116.17063992966723,1.2675125466276782,114.90312738303956,76.51162790697674,283.92857142857144,117.66056920941567,43837.0,846263,27468.95,1842.0,5.2345903549404715
2020-11-25,15345,15420,15165,15225,48097,37781,15154.0,14915.0,14663.25,14916.583333333334,136.23906475759395,28.261822988820935,107.97724176877301,68.7793427230047,283.2142857142857,91.44098551234246,44332.8,798166,27792.9,750.0,2.025330128810987
2020-11-26,15350,15450,15145,15260,50392,38642,15261.0,14973.0,14703.5,14907.916666666666,153.20163048024187,53.249784487105124,99.95184599313674,74.25742574257426,284.64285714285717,81.62695884235474,44932.75,848558,28189.35,861.0,2.278923268309474
2020-11-27,15290,15380,15220,15270,58172,41019,15259.0,15021.5,14748.0,14901.75,165.543223220433,75.7084722337707,89.83475098666229,70.53824362606233,272.14285714285717,72.84483026803386,44985.55,906730,28801.85,2377.0,6.151337922467781
2020-11-30,15330,15900,15220,15530,122578,42404,15334.0,15107.0,14808.75,14897.333333333334,194.0667705442811,99.3801318958728,94.6866386484083,76.20253164556962,302.85714285714283,92.70754236027912,49270.3,1029308,29430.25,1385.0,3.376484068358576
2020-12-01,15690,15690,15110,15265,76326,40137,15310.0,15169.5,14852.75,14891.666666666666,193.0630908630319,118.11672368930462,74.94636717372728,65.73426573426573,327.14285714285717,61.72963700895528,51531.35,952982,30033.1,-2267.0,-5.346193755306105
2020-12-02,15220,15355,14975,15010,59815,39748,15267.0,15210.5,14891.0,14875.75,169.73470261290095,128.4403194740239,41.29438313887704,57.142857142857146,338.57142857142856,28.07637550154463,52507.3,893167,30420.05,-389.0,-0.9691805565936629
2020-12-03,15040,15040,14820,14845,50056,37313,15184.0,15222.5,14912.0,14859.083333333334,136.3607835837338,130.0244122959659,6.336371287767889,51.265822784810126,342.14285714285717,-2.917042726879183,53107.8,843111,30780.25,-2435.0,-6.126094394686521
2020-12-04,15020,15060,14810,14975,45637,33777,15125.0,15192.0,14946.75,14847.5,119.02952755138176,127.82543534704908,-8.795907795667318,56.27615062761507,343.92857142857144,-0.8642118121518775,53568.85,888748,30971.75,-3536.0,-9.476589928443168
2020-12-07,14895,14895,14705,14755,50467,35154,14970.0,15152.0,14957.25,14836.083333333334,86.54458875051932,119.56926602774314,-33.024677277223816,52.23300970873787,351.07142857142856,-28.439638778678574,53603.75,838281,31367.1,1377.0,4.076738609112707
2020-12-08,14710,15105,14710,15060,55806,31896,14929.0,15119.5,14985.5,14827.416666666666,84.43764708317212,112.54294223882894,-28.10529515565682,58.098591549295776,367.14285714285717,-5.097067230231659,54747.75,894087,31690.75,-3258.0,-9.267793138760883
2020-12-09,15075,15230,14940,15130,50681,31228,14953.0,15110.0,15012.5,14819.666666666666,87.40870250524131,107.51609429211142,-20.10739178687011,57.27109515260323,372.14285714285717,14.623024063319951,55428.8,944768,31990.55,-668.0,-2.0943064961123636
2020-12-10,15125,15245,14850,14990,57185,31230,14982.0,15083.0,15028.0,14815.833333333334,77.57225074184498,101.52732558205814,-23.955074840213157,43.881856540084385,359.2857142857143,-1.1518888935899099,56589.4,887583,32310.9,2.0,0.006404508774182638
2020-12-11,14910,15205,14755,14805,88828,35351,14948.0,15036.5,15029.0,14813.083333333334,54.22377997859621,92.06661646136575,-37.84283648276954,42.79835390946502,352.14285714285717,-22.40016821586977,59341.9,798755,32808.95,4121.0,13.195645212936281
2020-12-14,14810,15030,14725,14960,51139,32470,14989.0,14979.5,15043.25,14812.416666666666,47.67755610449785,83.18880438999217,-35.51124828549432,40.976645435244166,352.5,-27.998449836856125,59724.9,849894,33173.9,-2881.0,-8.149698735537891
2020-12-15,14790,14945,14550,14565,55871,34803,14890.0,14909.5,15039.5,14803.916666666666,10.495442743258536,68.65013206064545,-58.15468931738691,37.25868725868726,363.57142857142856,-70.340700385939,60864.2,794023,33767.95,2333.0,7.1850939328611085
2020-12-16,14615,14780,14485,14680,42973,33418,14800.0,14876.5,15043.5,14796.166666666666,-9.581659665042025,53.003773715507954,-62.58543338054998,39.13857677902622,362.85714285714283,-79.56127835366627,61316.9,836996,34382.2,-1385.0,-3.979541993506308
2020-12-17,14695,14860,14640,14795,33926,31923,14761.0,14871.5,15047.0,14793.583333333334,-16.02860132778369,39.19729870684963,-55.22590003463332,41.44144144144144,367.14285714285717,-59.76199482818355,61434.8,870922,35008.7,-1495.0,-4.473636962116223
2020-12-18,14765,15010,14680,14975,42945,28356,14795.0,14871.5,15031.75,14795.333333333334,-6.537987515655914,30.05024146234852,-36.58822897800444,39.70315398886827,342.14285714285717,-32.429868946462335,61168.0,913867,35443.5,-3567.0,-11.17376186448642
2020-12-21,14965,15060,14435,14525,57607,29607,14708.0,14848.5,15000.25,14783.916666666666,-34.92525034073333,17.055143101732153,-51.980393442465484,37.15277777777778,345.35714285714283,-67.23011138458925,58760.9,856260,35164.4,1251.0,4.4117647058823595
2020-12-22,14505,14525,14065,14070,48186,28197,14609.0,14749.5,14934.5,14762.25,-93.0642710687498,-4.96873973236424,-88.09553133638556,34.740259740259745,351.07142857142856,-122.8410555920235,57334.35,808074,34722.7,-1410.0,-4.762387273279966
2020-12-23,14150,14560,14150,14500,52957,19411,14573.0,14686.5,14898.25,14748.416666666666,-103.25223008849207,-24.625437803589804,-78.62679228490227,44.84304932735426,370.35714285714283,-81.2670345162751,57577.35,861031,33804.2,-8786.0,-31.159343192538213
2020-12-24,14465,14650,14450,14590,47347,34887,14532.0,14646.5,14864.75,14734.916666666666,-102.87809849326368,-40.27596994152458,-62.6021285517391,44.17549167927383,366.7857142857143,-50.903194834633005,57425.1,908378,33616.45,15476.0,79.72798928442634
2020-12-25,14620,14780,14520,14670,49629,33637,14471.0,14633.0,14834.75,14722.5,-95.03080908397351,-51.226937770014366,-43.80387131395914,48.657187993680886,366.07142857142856,-32.27575149529897,56997.95,958007,33247.35,-1250.0,-3.582996531659355
2020-12-28,14730,14970,14720,14860,56373,31978,14538.0,14623.0,14801.25,14725.25,-72.64298052588128,-55.510146321187754,-17.13283420469353,46.721311475409834,359.2857142857143,6.103245852626603,53687.7,1014380,32726.05,-1659.0,-4.932068852751437
2020-12-29,14800,14990,14595,14715,55606,30645,14667.0,14638.0,14773.75,14720.583333333334,-65.84177033904598,-57.5764711247594,-8.265299214286578,43.36,366.7857142857143,-5.0146624690982025,52651.7,958774,32251.45,-1333.0,-4.168490837450745
2020-12-30,14660,14835,14575,14720,55224,31152,14711.0,14642.0,14759.25,14712.583333333334,-59.363992895354386,-57.933975478878395,-1.430017416475991,45.484949832775925,357.14285714285717,-13.952957320771416,52422.15,1013998,31821.65,507.0,1.6544297601566393
2020-12-31,14650,14980,14560,14625,76875,31284,14718.0,14625.0,14748.25,14705.0,-61.190645976275846,-58.58530957835789,-2.6053363979179593,46.89655172413793,355.0,-9.15748457959481,53763.1,937123,31520.2,132.0,0.4237288135593209
2021-01-04,14745,15140,14660,15045,44892,29719,14793.0,14632.0,14751.75,14710.416666666666,-28.42018162683962,-52.55228398805424,24.13210236121462,51.342812006319114,370.0,44.99111989105219,53725.85,982015,31317.3,-1565.0,-5.0025572177470945
2021-01-05,15140,15185,14865,15010,62794,27749,14823.0,14680.5,14764.5,14714.75,-5.2134624741283915,-43.08451968526908,37.87105721114069,57.93226381461676,363.57142857142856,57.141397352865674,54342.2,919221,30947.05,-1970.0,-6.628756014670745
2021-01-06,15050,15165,14940,15035,55399,27191,14887.0,14777.0,14763.25,14718.25,15.022154668014991,-31.46318481461227,46.48533948262726,56.537753222836095,358.57142857142856,60.90647472242545,54321.85,974620,30711.8,-558.0,-2.010883275072972
2021-01-07,15050,15230,14725,15230,62558,27527,14989.0,14850.0,14768.25,14730.166666666666,46.26063357233943,-15.918421137221932,62.17905470956136,57.78175313059033,378.92857142857144,65.54020747297933,54915.7,1037178,30526.75,336.0,1.2357029899599192
2021-01-08,15060,15230,14815,14950,51398,28444,15054.0,14886.0,14766.25,14736.833333333334,47.87185626293649,-3.1603656571902476,51.03222192012674,49.568221070811745,385.0,51.85024209212832,54626.35,985780,30387.45,917.0,3.331274748428825
2021-01-11,14800,14880,14350,14470,60013,29549,14939.0,14866.0,14749.5,14736.833333333334,10.298063712685689,-0.4686797832150602,10.76674349590075,49.059829059829056,383.2142857142857,-42.955370463320556,53185.6,925767,30097.35,1105.0,3.884826325411339
2021-01-12,14595,14625,14380,14505,49448,26662,14838.0,14830.5,14726.75,14738.25,-16.46542690318165,-3.6680292072083787,-12.797397695973272,58.68263473053892,367.85714285714283,-51.89686100012975,53101.05,975215,29806.95,-2887.0,-9.770212189921823
2021-01-13,14505,14800,14390,14795,42169,21995,14790.0,14838.5,14738.25,14745.416666666666,-14.112430355464312,-5.756909436859566,-8.355520918604746,56.23678646934461,362.14285714285717,-16.10932022635528,52415.95,1017384,29166.55,-4667.0,-17.504313254819593
2021-01-14,14805,14980,14745,14910,39014,17412,14726.0,14857.5,14749.75,14753.583333333334,-2.934299950777131,-5.19238753964308,2.2580875888659486,56.69456066945607,364.64285714285717,29.623543345895925,52218.0,1056398,28366.25,-4583.0,-20.836553762218692
2021-01-15,14970,15110,14825,14905,25961,14988,14717.0,14885.5,14755.25,14762.083333333334,5.4580734426454,-3.062295343185384,8.520368785830783,55.0755939524838,366.42857142857144,41.969307022804124,51819.75,1030437,27519.5,-2424.0,-13.921433494141965
2021-01-18,14870,15115,14845,14985,62036,34453,14820.0,14879.5,14755.75,14770.5,18.35286087689201,1.2207359008300949,17.132124976061913,52.8344671201814,364.2857142857143,47.794908470166654,52774.3,1092473,27824.35,19465.0,129.87056311716037
2021-01-19,14980,15045,14740,14785,46558,35894,14876.0,14857.0,14768.75,14780.916666666666,12.292049198575114,3.434998560379099,8.857050638196014,51.548672566371685,357.85714285714283,19.002039336445115,52221.85,1045915,28138.7,1441.0,4.1825095057034245
2021-01-20,14820,15150,14815,15130,55717,38274,14943.0,14866.5,14821.75,14793.333333333334,34.92483720902601,9.732966290108482,25.191870918917527,57.88461538461539,365.35714285714283,55.443716975563774,52598.4,1101632,28642.55,2380.0,6.6306346464590105
2021-01-21,15140,15280,15085,15190,54921,39396,14999.0,14862.5,14856.25,14805.916666666666,57.04539947124431,19.195452926335648,37.84994654490866,61.01364522417154,349.2857142857143,86.91296108749223,52696.6,1156553,29641.8,1122.0,2.9314939645712412
2021-01-22,15295,15320,14970,15085,58394,37515,15035.0,14876.0,14881.0,14816.416666666666,65.35016592202555,28.42639552547363,36.92377039655192,50.888888888888886,337.5,65.12062146843823,53248.95,1098159,29773.2,-1881.0,-4.774596405726472
2021-01-25,15100,15635,15020,15555,91876,48026,15149.0,14984.5,14925.25,14836.0,108.60489558093468,44.46209553656584,64.14280004436884,60.14897579143389,358.57142857142856,112.74907988781014,55361.3,1190035,30492.65,10511.0,28.018126082900174
2021-01-26,15495,15665,15315,15430,66890,45623,15278.0,15077.0,14953.75,14854.583333333334,131.28475619026722,61.82662766730612,69.45812852296109,57.091561938958705,367.5,105.29519292822566,55887.15,1123145,31174.9,-2403.0,-5.003539749302465
2021-01-27,15480,15765,15320,15420,87013,45049,15336.0,15139.5,14989.0,14871.833333333334,146.76003437489817,78.81330900882453,67.94672536607364,53.65384615384615,363.2142857142857,94.68127364368,57457.5,1036132,31895.1,-574.0,-1.2581373430068155
2021-01-28,15305,15500,15235,15380,68911,41493,15374.0,15186.5,15022.0,14890.75,154.0211778600078,93.85488277906119,60.166295080946625,59.11016949152542,352.5,63.76871498726793,58141.85,967221,32412.15,-3556.0,-7.89362693955471
2021-01-29,15355,15510,15085,15110,74928,39102,15379.0,15207.0,15046.25,14902.166666666666,136.41641930435435,102.36719008411981,34.04922922023454,64.88372093023256,340.0,35.42131882886724,58044.5,892293,32803.05,-2391.0,-5.762417757212058
2021-02-01,15280,15320,14995,15070,64253,37271,15282.0,15215.5,15047.5,14915.333333333334,117.87803104218438,105.46935827573273,12.408672766451645,63.109048723897914,345.7142857142857,14.457091467339756,59012.55,828040,33180.65,-1831.0,-4.682624929671119
2021-02-02,15035,15130,14880,14910,57942,35314,15178.0,15228.0,15042.5,14921.416666666666,89.24678062547173,102.22484274568053,-12.978062120208804,52.83950617283951,334.2857142857143,-13.225559617152436,58769.95,770098,33558.9,-1957.0,-5.250731131442676
2021-02-03,15070,15085,14760,14765,56796,35247,15047.0,15191.5,15029.0,14925.916666666666,54.23088037733032,92.62605027201049,-38.395169894680166,46.47201946472019,340.7142857142857,-30.04132993153237,58839.8,713302,33961.7,-67.0,-0.18972645409752742
2021-02-04,14840,15070,14820,15020,44041,32072,14975.0,15174.5,15018.5,14933.083333333334,46.52063510739026,83.40496723908645,-36.88433213169618,52.4945770065076,342.14285714285717,-11.270633753511552,57913.95,757343,34188.95,-3175.0,-9.007858824864524
2021-02-05,14900,15300,14890,15275,43974,30015,15008.0,15193.5,15034.75,14943.0,60.291575307783205,78.7822888528258,-18.490713545042595,55.846774193548384,352.14285714285717,20.380533817243972,57542.75,801317,34267.5,-2057.0,-6.413694188076824
2021-02-08,15250,15250,15040,15145,43493,27980,15023.0,15152.5,15068.5,14949.0,60.023319620820985,75.03049500642484,-15.007175385603858,57.4688796680498,347.14285714285717,14.614618674734826,56716.75,757824,34189.05,-2035.0,-6.779943361652507
2021-02-09,15135,15380,15115,15190,41557,26626,15079.0,15128.5,15102.75,14957.583333333334,62.718864941623906,72.56816899346467,-9.849304051840761,51.4218009478673,340.0,27.51463722125751,56322.2,799381,34187.25,-1354.0,-4.839170836311646
2021-02-10,15245,15520,15025,15430,68408,27995,15212.0,15129.5,15134.5,14970.75,83.26131366941445,74.70679792865462,8.554515740759825,55.24017467248909,361.42857142857144,46.20947371344959,57634.15,867789,34487.25,1369.0,5.141590926162398
2021-02-18,15370,15625,15270,15560,30428,27688,15320.0,15147.5,15167.0,14986.75,108.77734827187851,81.5209079972994,27.256440274579106,60.259179265658744,361.7857142857143,76.79441715099848,57204.85,898217,35001.05,-307.0,-1.0966243972137857
2021-02-19,15640,15670,15245,15570,59999,26582,15379.0,15193.5,15200.25,15000.833333333334,128.32663637042606,90.88205367192474,37.44458269850132,50.40431266846361,348.2142857142857,70.75533703095466,58906.75,958216,35580.75,-1106.0,-3.994510257151107
2021-02-22,15700,15955,15450,15810,56145,25021,15512.0,15267.5,15241.5,15009.666666666666,161.3259175146377,104.97082644046733,56.35509107417036,59.64467005076142,359.2857142857143,106.52847254191755,58612.2,1014361,35109.15,-1561.0,-5.872394853660367
2021-02-23,15815,16120,15625,15880,95751,35485,15650.0,15364.5,15296.25,15021.75,190.92562875281692,122.16178690293727,68.76384184987965,61.330049261083744,362.85714285714283,113.6725388610281,61071.85,1110112,35088.7,10464.0,41.820870468806206
2021-02-24,15840,15865,15510,15595,72961,40153,15683.0,15447.5,15319.5,15025.25,189.20545232970653,135.57051998829112,53.63493234141541,54.72527472527473,370.35714285714283,64.20303644502843,61934.05,1037151,35182.65,4668.0,13.154854163731144
2021-02-25,15665,16145,15630,15775,103214,44498,15726.0,15523.0,15348.75,15034.416666666666,200.06052262692901,148.4685205160187,51.5920021109103,65.21739130434783,379.2857142857143,86.80088109159178,64348.7,1140365,35437.75,4345.0,10.821109257091631
2021-02-26,15930,15965,15510,15595,87918,43560,15731.0,15555.0,15374.25,15040.0,191.92634097800874,157.16008460841672,34.766256369592014,61.29032258064516,388.57142857142856,53.29387551109865,65824.9,1052447,35740.0,-938.0,-2.107959908310486
2021-03-01,15550,15635,15250,15330,85766,43713,15635.0,15573.5,15363.0,15041.0,162.22661072910523,158.17338983255442,4.053220896550812,58.641975308641975,398.2142857142857,4.5455338093265665,65519.4,966681,35524.35,153.0,0.351239669421477
2021-03-02,15325,15435,15155,15360,64612,41172,15531.0,15590.5,15359.5,15038.166666666666,139.50201739188196,154.43911534441995,-14.937097952537982,62.85097192224622,395.0,-9.264219415441328,65405.5,1031293,35301.8,-2541.0,-5.812916066158813
2021-03-03,15395,15475,15260,15355,59545,39800,15483.0,15583.0,15356.25,15039.666666666666,119.70922184400843,147.49313664433765,-27.783914800329228,58.11138014527845,388.57142857142856,-0.08612890970690257,64032.1,971748,35039.35,-1372.0,-3.3323617992810695
2021-03-04,15295,15540,15050,15105,82133,36942,15349.0,15537.5,15342.5,15041.25,82.89481824560062,134.57347296459025,-51.678654718989634,45.87378640776699,394.2857142857143,-21.451156722933145,64693.2,889615,34811.8,-2858.0,-7.180904522613063
2021-03-05,15160,15335,14850,15080,80888,33690,15246.0,15488.5,15341.0,15045.166666666666,51.11265225544594,117.8813088227614,-66.76865656731546,48.33759590792839,412.14285714285717,-44.001280716344084,64991.2,808727,34541.2,-3252.0,-8.802988468409945
2021-03-08,15085,15085,14790,14825,85341,40399,15145.0,15390.0,15328.75,15042.666666666666,5.287734146286311,95.36259388746639,-90.07485974118008,41.57043879907621,414.2857142857143,-70.69687163897963,66045.6,723386,34697.6,6709.0,19.913921044820416
2021-03-09,14950,15040,14755,14880,61588,36689,15049.0,15290.0,15327.25,15044.75,-26.287774163127324,71.03252027734766,-97.32029444047498,36.11111111111111,399.2857142857143,-70.12687159312104,66227.9,784974,34766.35,-3710.0,-9.183395628604673
2021-03-10,14915,14920,14610,14635,64117,38007,14905.0,15194.0,15320.75,15037.666666666666,-70.27100404470912,42.771815412936306,-113.04281945764542,27.923627684964202,396.07142857142856,-92.11616938778252,66593.95,720857,34904.35,1318.0,3.592357382321687
2021-03-11,14650,15010,14600,14900,54431,33814,14864.0,15106.5,15314.75,15033.833333333334,-82.79038923347616,17.659374483653814,-100.44976371712997,35.74468085106383,395.0,-71.65634767625795,67113.45,775288,34991.45,-4193.0,-11.03217828294788
2021-03-12,14715,14945,14650,14855,52856,36171,14819.0,15032.5,15293.75,15031.583333333334,-95.24528772343729,-4.921557957764406,-90.32372976567288,27.842227378190245,380.0,-68.69540609882912,67557.55,722432,35299.25,2357.0,6.970485597681431
2021-03-15,14745,14965,14740,14820,53715,37808,14818.0,14981.5,15277.5,15031.833333333334,-106.71000548368102,-25.27924746294773,-81.4307580207333,25.0,360.7142857142857,-60.727754213136876,68068.65,668717,35790.65,1637.0,4.525725028337613
2021-03-16,14865,15020,14675,14815,57861,36933,14805.0,14927.0,15258.75,15029.416666666666,-114.87512617351786,-43.19842320506176,-71.6767029684561,28.804347826086953,358.92857142857144,-56.65616105607352,68883.85,610856,36306.0,-875.0,-2.3143250105797764
2021-03-17,14830,14900,14695,14850,33443,34842,14848.0,14876.5,15229.75,15034.166666666666,-117.17115946414742,-57.99297045687889,-59.17818900726853,22.713864306784657,334.2857142857143,-54.319474348123784,67135.6,644299,36648.35,-2091.0,-5.661603444074403
2021-03-18,14780,14975,14610,14675,50638,38377,14803.0,14833.5,15185.5,15034.083333333334,-131.59487603698835,-72.71335157290079,-58.88152446408756,22.7810650887574,327.85714285714283,-56.05731957871933,68146.1,593661,37182.8,3535.0,10.14580104471614
2021-03-19,14800,14975,14670,14820,59176,28264,14796.0,14807.5,15148.0,15034.5,-129.8289004055987,-84.13646133944037,-45.692439066158315,33.757961783439484,322.14285714285717,-43.140947889968665,68104.95,652837,37266.9,-10113.0,-26.351721082940305
2021-03-22,14920,15210,14780,15170,79523,36506,14866.0,14842.0,15116.0,15037.75,-99.04554171541531,-87.11827741463537,-11.927264300779939,44.973544973544975,332.85714285714283,-11.036676577978449,69273.85,732360,37841.15,8242.0,29.16076988395131
2021-03-23,15170,15285,15070,15280,58751,37557,14959.0,14882.0,15086.0,15050.333333333334,-65.02387275056753,-82.69939648182181,17.675523731254273,48.1203007518797,332.85714285714283,15.477574867874521,67423.85,791111,37944.75,1051.0,2.8789787980058046
2021-03-24,15180,15275,15045,15240,56715,37126,15037.0,14942.5,15068.25,15069.833333333334,-40.81858939918493,-74.32323506529443,33.5046456661095,53.78151260504202,314.64285714285717,16.426555057606876,66611.55,734396,37793.4,-431.0,-1.1475889980562926
2021-03-25,15225,15290,14880,14900,73099,38964,15082.0,14942.5,15024.5,15076.5,-48.51167407375033,-69.1609228669856,20.649248793235273,45.714285714285715,309.2857142857143,-3.205838306686937,65105.8,661297,37516.7,1838.0,4.950708398426973
2021-03-26,14940,15085,14870,15025,49707,36569,15123.0,14959.5,14996.0,15083.75,-44.01467005441009,-64.1316723044705,20.11700225006041,55.07614213197969,303.57142857142856,-2.809887565852253,63195.25,711004,37167.15,-2395.0,-6.14669951750334
2021-03-29,15025,15150,14975,15140,59197,36813,15117.0,14991.5,14986.5,15091.583333333334,-30.81599545173958,-57.46853693392432,26.652541482184738,56.403940886699516,295.7142857142857,25.353641070319004,61866.8,770201,36822.15,244.0,0.6672318083622786
2021-03-30,15185,15460,15140,15425,75734,41529,15146.0,15052.5,14989.75,15101.0,2.611068643818726,-45.45261581837571,48.06368446219444,69.08212560386474,296.42857142857144,89.03402560086609,62422.9,845935,36840.0,4716.0,12.810691875152802
2021-03-31,15310,15450,15285,15385,57268,41655,15175.0,15106.0,14991.25,15112.166666666666,25.57972491647888,-31.246147671404792,56.82587258788367,63.14363143631436,278.92857142857144,96.45136782132192,62309.05,788667,36932.75,126.0,0.3034024416672665
2021-04-01,15400,15475,15115,15230,77872,39897,15241.0,15161.5,14997.5,15120.666666666666,30.918931683760093,-18.813131800371817,49.73206348413191,59.59079283887468,283.57142857142856,69.67008647531624,62096.0,710795,37080.5,-1758.0,-4.220381706877929
2021-04-02,15230,15280,15010,15015,60872,40313,15239.0,15181.0,14994.25,15127.166666666666,17.598721240075974,-11.53076119228226,29.129482432358234,54.566744730679154,286.7857142857143,26.730020171285567,61095.2,649923,37411.65,416.0,1.0426849136526473
2021-04-06,15045,15095,14930,14965,43595,43169,15204.0,15160.5,15001.25,15125.833333333334,2.973499710236865,-8.629909011778434,11.603408722015299,53.44036697247706,273.92857142857144,-0.5624459884549199,59007.9,606328,37550.15,2856.0,7.084563292238233
2021-04-07,15000,15035,14840,14925,60143,47130,15104.0,15125.0,15003.5,15124.416666666666,-11.709776413828877,-9.245882492188523,-2.463893921640354,51.71624713958809,273.2142857142857,-16.996719893197852,58935.65,546185,38072.2,3961.0,9.17556579953207
2021-04-08,14925,15010,14860,14885,51519,45237,15004.0,15089.5,15016.0,15121.916666666666,-26.27120612454746,-12.65094721866031,-13.620258905887152,55.121951219512205,257.85714285714283,-24.452323965836584,58305.75,494666,38433.7,-1893.0,-4.016549968173133
2021-04-09,14940,15005,14750,14900,73964,45050,14938.0,15089.5,15016.0,15116.416666666666,-36.18376551471556,-17.357510877871363,-18.826254636844197,52.08333333333334,254.28571428571428,-34.273323129568716,59282.4,568630,38995.5,-187.0,-0.4133784291619702
2021-04-12,14805,14940,14725,14740,55831,49664,14883.0,15061.0,15010.25,15112.916666666666,-56.301197908558606,-25.146248284008813,-31.154949624549793,37.57225433526012,238.92857142857142,-56.085683667213786,59431.15,512799,39670.15,4614.0,10.241953385127633
2021-04-13,14705,14835,14610,14790,55647,51867,14848.0,15026.0,15008.75,15118.25,-67.43250593326229,-33.603499813859514,-33.82900611940278,35.32934131736526,239.64285714285714,-67.79027789042483,59527.75,568446,40373.1,2203.0,4.4358086340206215
2021-04-14,14815,14925,14760,14880,46629,49710,14839.0,14971.5,15012.0,15124.5,-68.20566742346455,-40.52393333578052,-27.681734087684028,39.53488372093023,234.64285714285714,-39.80394544687217,58966.15,615075,41011.95,-2157.0,-4.1587136329457985
2021-04-15,14910,14940,14840,14880,42533,49390,14838.0,14921.0,15013.5,15125.916666666666,-68.0341481645246,-46.02597630152933,-22.008171862995262,49.275362318840585,212.5,-33.06462172312826,59420.65,615075,41739.35,-320.0,-0.6437336552001627
2021-04-16,14990,15095,14900,15045,51600,45925,14867.0,14902.5,15032.0,15128.166666666666,-53.96205588855082,-47.613192218933634,-6.348863669617188,50.70422535211267,212.5,-3.2914823280234327,59468.75,666675,42116.75,-3465.0,-7.015590200445432
2021-04-19,15125,15160,14940,15105,50007,39953,14940.0,14911.5,15046.25,15131.5,-37.53563537730588,-45.597680850608086,8.062045473302206,48.717948717948715,215.71428571428572,8.89031650692265,59010.3,716682,42701.2,-5972.0,-13.003810560696794
2021-04-20,15200,15325,15165,15300,52094,33021,15042.0,14945.0,15052.75,15136.75,-8.682620613484687,-38.21466880318341,29.53204818969872,45.09803921568627,208.57142857142858,59.60737194257982,57638.85,768776,42526.95,-6932.0,-17.35038670437764
2021-04-21,15300,15425,15130,15195,48663,27599,15105.0,14972.0,15048.5,15143.583333333334,5.64589660162892,-29.442555722220945,35.088452323849864,42.91044776119403,217.85714285714286,54.77334666550846,57134.45,720113,42029.05,-5422.0,-16.419854032282487
2021-04-22,15175,15335,15145,15310,48074,19930,15191.0,15014.5,15052.0,15146.583333333334,25.981391324565266,-18.357766312863703,44.33915763742897,53.07692307692308,205.71428571428572,56.20874616534855,56702.4,768187,41169.25,-7669.0,-27.787238668067683
2021-04-23,15325,15420,15220,15300,40423,16451,15242.0,15054.5,15072.0,15148.416666666666,40.81995395564445,-6.522222259162072,47.34217621480652,63.013698630136986,200.71428571428572,62.83463918481838,55068.6,727764,40043.6,-3479.0,-17.456096337180128
2021-04-26,15435,15435,15230,15360,70630,46491,15293.0,15116.5,15088.75,15153.0,56.766748564547015,6.135571905579746,50.63117665896727,67.87330316742081,203.57142857142858,62.943831148329615,56114.75,798394,40539.7,30040.0,182.60288128381254
2021-04-27,15365,15525,15355,15470,59316,51269,15327.0,15184.5,15105.25,15151.583333333334,77.3886902260565,20.386195569675095,57.0024946563814,73.19148936170212,201.78571428571428,79.02427107401635,56120.7,857710,41262.5,4778.0,10.277257963906994
2021-04-28,15530,15530,15270,15360,63428,49665,15360.0,15232.5,15102.0,15150.416666666666,83.88863095543275,33.08668264682663,50.801948308606114,69.07630522088354,209.64285714285714,63.252042940377265,55505.4,794282,41669.3,-1604.0,-3.128596227739955
2021-04-29,15350,15405,15215,15290,66286,52319,15356.0,15273.5,15097.25,15148.25,82.44113573251707,42.95757326396472,39.48356246855235,65.0,205.0,46.0749647141801,55956.3,727996,42202.5,2654.0,5.343803483338361
2021-04-30,15390,15390,15080,15110,79252,48408,15318.0,15280.0,15091.25,15143.75,66.00858379738202,47.56777537064818,18.440808426733838,64.0151515151515,211.78571428571428,22.017359695398735,56025.3,648744,42628.05,-3911.0,-7.4752957816472065
2021-05-06,15195,15500,15185,15445,55796,51494,15335.0,15314.0,15112.75,15149.333333333334,79.10548944595212,53.87531818570897,25.230171260243146,70.40498442367601,223.57142857142858,58.97633966036585,55771.5,704540,43187.1,3086.0,6.374979342257481
2021-05-07,15580,15775,15485,15755,79114,55340,15392.0,15359.5,15152.25,15160.75,113.19445553020705,65.73914565460859,47.45530987559846,73.97260273972603,235.35714285714286,103.23335754110707,57547.45,783654,43795.65,3846.0,7.468831320153813
2021-05-10,15800,15885,15620,15700,79345,52136,15460.0,15410.0,15191.0,15173.916666666666,134.224905248293,79.43629757334548,54.788607674947514,71.80851063829788,247.14285714285714,97.64224167414874,58507.55,704309,44045.95,-3204.0,-5.789663895916153
2021-05-11,15700,15740,15525,15705,62847,50648,15543.0,15449.5,15232.0,15189.583333333334,149.57098516704173,93.46323509208473,56.107750074956996,69.18604651162791,247.14285714285714,74.17425968805748,59073.95,767156,44316.5,-1488.0,-2.8540739604112297
2021-05-12,15735,15755,15505,15640,57170,51303,15649.0,15483.5,15269.0,15199.916666666666,154.70456931800436,105.71150193726865,48.99306738073571,65.5072463768116,249.28571428571428,63.27647958020196,58234.25,709986,44629.15,655.0,1.2932396145948433
2021-05-13,15555,15630,15240,15305,72958,50240,15621.0,15478.0,15297.25,15200.416666666666,130.2399464241098,110.61719083463689,19.622755589472916,50.134048257372655,262.14285714285717,18.485212206164064,59090.6,637028,44657.95,-1063.0,-2.0720035865348985
2021-05-14,15155,15235,14980,15055,69178,49496,15481.0,15436.5,15310.5,15198.916666666666,89.64527097819155,106.42280686334783,-16.777535885156283,46.51741293532338,264.2857142857143,-43.640430261978175,59767.15,567850,44539.4,-744.0,-1.4808917197452254
2021-05-17,15060,15225,15000,15210,54519,49808,15383.0,15421.5,15327.0,15199.25,69.18339966326312,98.9749254233309,-29.791525760067785,47.56097560975609,266.7857142857143,-38.62169129354659,60161.65,622369,44544.3,312.0,0.6303539679974213
2021-05-18,15210,15565,15125,15500,59318,48257,15342.0,15442.5,15358.0,15200.416666666666,75.49750732634311,94.27944180393334,-18.781934477590227,54.291845493562235,283.92857142857144,12.082143694878015,61000.9,681687,44487.65,-1551.0,-3.113957597173145
2021-05-19,15500,15705,15485,15575,66311,43301,15329.0,15489.0,15384.5,15200.666666666666,85.56699330366791,92.53695210388025,-6.969958800212339,54.58422174840085,285.0,54.278320250225505,61736.45,747998,44356.45,-4956.0,-10.27001264065317
2021-05-20,15560,15750,15300,15735,74899,39487,15415.0,15518.0,15416.0,15203.416666666666,105.24460205167452,95.0784820934391,10.166119958235413,55.53235908141962,305.0,51.43746841233443,62981.05,822897,44333.15,-3814.0,-8.808110667190139
2021-05-21,15585,15750,15465,15610,63220,36746,15526.0,15503.5,15431.5,15200.083333333334,109.4906533265912,97.96091634006953,11.52973698652167,55.186721991701255,306.7857142857143,49.75405289653949,63537.35,759677,44519.4,-2741.0,-6.9415250588801385
2021-05-24,15665,15750,15305,15350,69554,29953,15554.0,15468.5,15439.25,15191.25,90.8288342020769,96.53449991247102,-5.705665710394115,51.15384615384615,325.0,10.206915473548554,64581.9,690123,44637.1,-6793.0,-18.48636586295107
2021-05-25,15300,15400,15205,15260,47735,22980,15506.0,15424.0,15436.75,15185.666666666666,67.99317723327295,90.82623537663142,-22.83305814335847,52.98804780876494,316.7857142857143,-38.814835023011575,64564.95,642388,44789.6,-6973.0,-23.27980502787701
2021-05-26,15290,15460,15220,15420,71684,52025,15475.0,15402.0,15442.75,15179.75,62.09067473938376,85.07912324918189,-22.988448509798133,49.46466809421841,306.07142857142856,-18.466163756191648,66128.0,714072,46568.3,29045.0,126.39251523063533
2021-05-27,15400,15440,15275,15420,62183,57714,15412.0,15413.5,15445.75,15176.833333333334,56.7586209366018,79.41502278666587,-22.65640185006407,41.72839506172839,294.2857142857143,-15.851379491957191,65705.65,714072,47129.45,5689.0,10.93512734262374
2021-05-28,15350,15615,15340,15600,77326,57827,15410.0,15468.0,15452.25,15181.333333333334,66.29323837389347,76.79066590411139,-10.49742753021792,47.67441860465116,295.0,21.47719098519237,66606.15,791398,47457.35,113.0,0.19579304848043044
2021-05-31,15540,15680,15510,15625,69785,56843,15465.0,15509.5,15465.5,15185.75,75.00220373502998,76.43297347029511,-1.4307697352651303,48.15668202764977,291.7857142857143,41.423034875671135,66924.0,861183,47816.25,-984.0,-1.701627267539385
2021-06-01,15560,15695,15405,15455,69844,58006,15504.0,15505.0,15473.75,15187.416666666666,67.4094876648669,74.62827630920947,-7.218788644342567,45.934065934065934,294.64285714285717,15.533970767268158,67101.9,791339,48100.6,1163.0,2.045986313178405
2021-06-02,15350,15525,15300,15350,77380,61571,15490.0,15482.5,15485.75,15191.5,52.31651082738972,70.16592321284553,-17.849412385455807,51.100244498777506,282.14285714285717,-22.899054387992482,67008.3,713959,48758.75,3565.0,6.145915939730373
2021-06-03,15385,15465,15300,15305,63392,63383,15467.0,15439.5,15478.75,15195.25,36.30558583133279,63.39385573654298,-27.08826990521019,56.79347826086956,270.7142857142857,-32.574231273048476,67388.1,650567,49353.2,1812.0,2.9429439184031514
2021-06-04,15205,15205,15020,15035,83045,71879,15354.0,15382.0,15442.75,15198.75,1.8092134175403771,51.07692727274246,-49.26771385520208,45.52429667519182,275.0,-94.60323979566726,67584.65,567522,50180.15,8496.0,13.404225107678712
2021-06-07,15035,15075,14930,14945,67379,79023,15218.0,15341.5,15405.0,15199.833333333334,-32.41796398263796,34.37794902166638,-66.79591300430434,34.18803418803418,253.92857142857142,-104.95244460762092,66986.35,500143,51524.5,7144.0,9.93892513807928
2021-06-08,14910,15080,14900,15050,52618,77659,15137.0,15320.5,15372.25,15206.75,-50.48862474935959,17.40463426746119,-67.89325901682078,35.294117647058826,251.07142857142858,-86.34416634485949,66474.9,552761,52875.05,-1364.0,-1.7260797489338509
2021-06-09,15030,15485,15005,15450,81384,63041,15157.0,15323.5,15362.75,15215.916666666666,-32.162348999645474,7.491237614039859,-39.653586613685334,42.96296296296296,253.21428571428572,-10.418723196584045,67685.6,634145,53461.95,-14618.0,-18.823317323169242
2021-06-10,15485,15495,15380,15420,54469,58120,15180.0,15323.5,15368.5,15225.333333333334,-19.83079564588661,2.0268309620545653,-21.857626607941175,45.07772020725389,241.07142857142858,18.61586892804942,66761.15,579676,53855.95,-4921.0,-7.8060309957012075
2021-06-11,15400,15525,15375,15465,61394,51963,15266.0,15310.0,15389.0,15236.083333333334,-6.353586657660344,0.3507474381115836,-6.7043340957719275,53.35276967930029,220.0,20.83689838237389,66371.95,641070,53979.3,-6157.0,-10.593599449415002
2021-06-15,15405,15490,15245,15285,41255,53396,15334.0,15276.0,15392.75,15243.916666666666,-10.081088599559735,-1.7356197694226803,-8.345468830137055,50.69252077562327,223.57142857142858,-12.239021879283762,65708.75,599815,54158.7,1433.0,2.7577314627715843
2021-06-16,15220,15320,15150,15160,50714,53991,15356.0,15246.5,15375.75,15249.083333333334,-22.858121874842254,-5.960120190506595,-16.89800168433566,42.655367231638415,218.57142857142858,-44.08181994178714,65278.55,549101,54445.4,595.0,1.1143156790770936
2021-06-17,15190,15415,15160,15370,57619,46281,15340.0,15248.5,15365.5,15260.666666666666,-15.855989861176568,-7.939294124640591,-7.916695736535977,48.73737373737374,225.0,-12.950813940143513,64843.95,606720,54594.4,-7710.0,-14.280157804078453
2021-06-18,15280,15280,15030,15055,68680,53216,15267.0,15223.5,15331.5,15264.583333333334,-35.31749908282109,-13.414935116276691,-21.902563966544395,37.11583924349882,229.64285714285714,-60.074687964938384,64533.0,538040,55280.85,6935.0,14.984550895615921
2021-06-21,15105,15480,15080,15435,91496,36651,15261.0,15263.5,15322.75,15269.0,-19.849251332452695,-14.701798359511892,-5.147452972940803,46.15384615384615,247.85714285714286,2.123203299629926,65946.8,629536,55276.1,-16565.0,-31.127856283824418
2021-06-22,15435,15545,15395,15540,48811,31880,15312.0,15323.0,15332.25,15273.333333333334,0.8720168632171408,-11.587035314966085,12.459052178183226,51.76715176715176,237.85714285714286,49.295082538268076,64909.65,678347,55372.45,-4771.0,-13.017380153338243
2021-06-23,15595,15610,15385,15415,44234,27165,15363.0,15359.5,15340.0,15276.25,7.125181211809831,-7.844592009610902,14.969773221420734,51.34020618556701,237.85714285714286,39.13175912790325,64734.6,634113,55581.7,-4715.0,-14.789836888331243
2021-06-24,15445,15545,15350,15390,34263,22772,15367.0,15353.5,15338.5,15284.416666666666,9.948883408436814,-4.285896926001359,14.234780334438174,51.76715176715176,240.0,26.003916052603884,62863.55,599850,54119.05,-4393.0,-16.171544266519422
2021-06-25,15510,15700,15465,15650,76157,58383,15486.0,15376.5,15350.0,15294.833333333334,32.78854885128203,3.1289922294553185,29.659556621826713,62.839248434237994,241.78571428571428,69.59835210447808,63562.25,676007,54152.5,35611.0,156.38064289478305
2021-06-28,15600,15650,15260,15350,106642,63759,15469.0,15365.0,15337.5,15298.333333333334,26.377591020449472,7.77871198765415,18.598879032795324,57.773512476007674,259.2857142857143,20.989046803273197,65028.05,569365,54449.1,5376.0,9.208159909562719
2021-06-29,15295,15485,15295,15470,80375,68091,15455.0,15383.5,15329.75,15299.083333333334,30.626811055890357,12.348331801301391,18.278479254588966,58.01526717557252,260.0,23.962616477355535,65557.55,649740,55011.5,4332.0,6.794334917423428
2021-06-30,15575,16075,15560,16050,144260,73455,15582.0,15472.5,15359.5,15310.166666666666,79.8747548323081,25.853616407502734,54.021138424805365,60.714285714285715,268.92857142857144,129.8097930407461,69278.35,794000,55783.95,5364.0,7.87769308719215
2021-07-01,15900,16065,15675,15715,97336,64003,15647.0,15507.0,15377.75,15318.25,90.82542582713722,38.847978291429634,51.97744753570759,54.750402576489535,288.57142857142856,95.13619329241955,70276.15,696664,55905.55,-9452.0,-12.867742155060924
2021-07-02,15665,15800,15660,15730,54675,60070,15663.0,15574.5,15399.0,15330.166666666666,99.56654497320596,50.9916916277849,48.57485334542106,54.30894308943089,287.85714285714283,68.34495637131872,69840.3,751339,55739.9,-3933.0,-6.145024451978809
2021-07-05,15785,15890,15715,15820,75859,63337,15757.0,15613.0,15438.25,15344.416666666666,112.45982584293779,63.28531847081548,49.17450737212231,58.96147403685092,282.85714285714283,75.26413154243278,69481.0,827198,55312.8,3267.0,5.4386549026136155
2021-07-06,15885,15890,15725,15830,49977,63358,15829.0,15642.0,15482.5,15359.5,122.07752651474402,75.0437600796012,47.03376643514282,61.67247386759582,282.5,70.89324889942252,68610.9,877175,54529.55,21.0,0.03315597518038782
2021-07-07,15830,15930,15655,15895,78118,62765,15798.0,15690.0,15524.75,15376.333333333334,133.4067503856495,86.71635814081087,46.690392244838634,59.633027522935784,283.92857142857144,68.67500215553123,69885.9,955293,53784.85,-593.0,-0.9359512610877863
2021-07-08,15930,16015,15695,15725,91111,59702,15800.0,15723.5,15538.5,15390.083333333334,127.20136452512816,94.81335941767433,32.38800510745382,62.984496124031004,282.5,58.85350330476302,70372.25,864182,53617.9,-3063.0,-4.880108340635703
2021-07-09,15750,15800,15650,15725,71098,60464,15799.0,15731.0,15553.75,15406.5,120.89000677657168,100.0286888894538,20.861317887117877,56.59090909090909,262.85714285714283,36.77584531568587,71203.7,864182,53735.1,762.0,1.2763391511172228
2021-07-12,15800,15970,15775,15895,79017,60119,15814.0,15785.5,15575.25,15424.916666666666,128.12880048608713,105.64871120878047,22.48008927730666,57.836644591611474,269.64285714285717,62.581848404508136,72084.85,943199,54142.9,-345.0,-0.5705874569992053
2021-07-13,15830,15910,15600,15630,77325,62781,15774.0,15801.5,15592.5,15437.416666666666,111.20046164897212,106.7590612968188,4.441400352153323,54.46985446985447,275.7142857142857,25.255835261839174,73888.35,865874,54612.15,2662.0,4.427884695354223
2021-07-14,15685,15685,15530,15650,66510,66024,15725.0,15761.5,15617.0,15450.25,98.26571798286932,105.06039263402891,-6.794674651159596,55.41666666666667,272.85714285714283,2.0897335557002346,74678.15,932384,55213.8,3243.0,5.165575572227277
2021-07-15,15585,15915,15580,15890,81084,56100,15758.0,15779.0,15643.0,15464.333333333334,106.15712145834004,105.27973839889114,0.8773830594489027,55.04201680672269,274.64285714285717,36.843090360358225,75851.4,1013468,55704.75,-9924.0,-15.030897855325332
2021-07-16,15825,16010,15825,15895,71052,55078,15792.0,15795.5,15685.0,15477.5,111.52893761195992,106.5295782415049,4.999359370455025,63.069544364508396,260.0,62.847806998891286,75970.0,1084520,55797.85,-1022.0,-1.8217468805704073
2021-07-19,15960,15975,15730,15830,57827,49392,15779.0,15796.5,15704.75,15486.333333333334,109.28145525240689,107.0799536436853,2.2015016087215855,58.86699507389162,263.92857142857144,41.93104040930978,74286.55,1026693,56434.9,-5686.0,-10.323541159809723
2021-07-20,15765,15765,15555,15630,60847,49655,15779.0,15776.5,15709.25,15493.583333333334,90.32081858606398,103.72812663216104,-13.407308046097057,37.27272727272727,240.35714285714286,-17.99265688796885,74888.35,965846,57323.65,263.0,0.5324748947197921
2021-07-21,15695,15860,15640,15815,60218,36475,15812.0,15768.5,15729.25,15502.0,89.19415659863262,100.82133262545536,-11.627176026822738,53.33333333333334,228.92857142857142,15.256854532278284,75687.55,1026064,57789.15,-13180.0,-26.543147719262915
2021-07-22,15920,15975,15825,15960,50285,29081,15826.0,15792.0,15757.75,15513.0,98.86193815721344,100.42945373180697,-1.5675155745935285,57.055214723926376,230.35714285714286,59.269466107405385,76488.65,1076349,58104.6,-7394.0,-20.271418779986295
2021-07-23,16090,16390,16080,16345,112218,79031,15916.0,15854.0,15792.5,15529.416666666666,136.02202982667404,107.5479689507804,28.47406087589364,63.63636363636363,248.57142857142858,134.80352570268087,78291.7,1188567,59137.0,49950.0,171.76163130566349
2021-07-26,16395,16420,16040,16065,97493,75003,15963.0,15871.0,15828.25,15539.333333333334,141.2497708232404,114.2883293252724,26.961441497967996,55.35307517084283,263.92857142857144,98.21042925812002,77834.25,1091074,59699.2,-4028.0,-5.096734192911645
2021-07-27,16125,16205,16010,16065,86279,75947,16050.0,15914.5,15858.0,15551.083333333334,143.73589529835044,120.17784251988802,23.558052778462425,53.99061032863849,258.2142857142857,73.10784838472966,78129.45,1091074,60092.0,944.0,1.2586163220137836
2021-07-28,16065,16070,15830,15870,86730,76123,16061.0,15936.5,15849.0,15560.75,128.4901421629129,121.84030244849299,6.6498397144198975,53.364269141531324,252.5,20.719760531555377,75252.95,1004344,60225.4,176.0,0.23174055591399512
2021-07-29,15945,15995,15855,15970,60341,76550,16063.0,15944.5,15861.75,15575.083333333334,123.05839663329061,122.08392128545252,0.9744753478380943,55.432372505543235,251.78571428571428,23.822896614565085,73403.2,1064685,60852.75,427.0,0.5609342774194337
2021-07-30,15960,16035,15845,15860,71701,79029,15966.0,15941.0,15868.25,15582.0,108.62545188349213,119.39222740506045,-10.76677552156832,49.202733485193626,247.85714285714286,13.179434277614783,74254.5,992984,61800.7,2479.0,3.238406270411498
2021-08-02,16000,16150,15955,16090,93302,74024,15971.0,15967.0,15881.75,15587.583333333334,114.42727064779865,118.3992360536081,-3.9719654058094562,60.648148148148145,246.42857142857142,54.26318670282541,75126.65,1086286,62335.05,-5005.0,-6.333118222424683
2021-08-03,16205,16270,15755,15790,113039,75399,15916.0,15983.0,15879.75,15589.083333333334,93.7372167378071,113.46683219044792,-19.729615452640815,52.868852459016395,272.14285714285717,14.619400532133014,78279.75,973247,62937.1,1375.0,1.8575056738355133
2021-08-04,15980,15985,15830,15895,56884,71871,15921.0,15991.0,15879.75,15592.25,84.83489852641469,107.74044545764127,-22.90554693122658,50.10845986984815,262.14285714285717,3.005240012753529,77218.05,1030131,63392.4,-3528.0,-4.679107149962203
2021-08-05,15865,15865,15705,15730,57592,77421,15873.0,15968.0,15880.0,15593.75,63.7309751582161,98.93855139775624,-35.207576239540145,46.65314401622718,262.5,-37.0648448189476,75542.1,972539,64278.35,5550.0,7.722168885920611
2021-08-06,15760,15810,15670,15785,60313,79076,15858.0,15912.0,15883.0,15601.75,50.857747731186464,89.32239066444228,-38.46464293325582,49.08350305498982,255.0,-41.3406586781217,75002.85,1032852,65208.95,1655.0,2.1376629079965292
2021-08-09,15650,15690,15370,15460,92438,83943,15732.0,15851.5,15861.25,15608.5,14.266384388285587,74.31118940921095,-60.04480502092537,46.70542635658915,265.0,-97.93785423377379,75673.9,940414,66400.15,4867.0,6.154838383327421
2021-08-10,15395,15530,15320,15495,72814,82583,15673.0,15794.5,15854.5,15613.25,-11.772619762286922,57.09442757491138,-68.8670473371983,43.415637860082306,263.57142857142856,-99.25670067358455,75448.35,1013228,67390.25,-1360.0,-1.6201470045149713
2021-08-11,15455,15540,15380,15400,57894,84329,15574.0,15747.5,15842.0,15611.583333333334,-39.617735609461306,37.751994938036844,-77.36973054749815,38.23529411764706,263.57142857142856,-92.62364065475546,75017.55,955334,68305.5,1746.0,2.11423658622234
2021-08-12,15480,15565,15440,15510,46097,80890,15530.0,15701.5,15823.0,15610.5,-52.20729662238409,19.76013662595266,-71.96743324833676,30.166270783847978,244.64285714285714,-70.61036236848756,73268.2,1001431,69545.0,-3439.0,-4.078075158012073
2021-08-13,15550,15560,15380,15410,52814,82782,15455.0,15656.5,15798.75,15605.083333333334,-69.4531658305441,1.9174761346533096,-71.37064196519741,32.98701298701299,230.35714285714286,-72.90668738953815,72356.3,948617,70930.2,1892.0,2.338978860180485
2021-08-16,15505,15580,15330,15420,64088,82791,15447.0,15589.5,15778.25,15601.916666666666,-81.37567685311296,-14.741154462899946,-66.63452239021302,33.33333333333333,234.28571428571428,-66.69734698283987,72669.35,1012705,72600.15,9.0,0.010871928680145082
2021-08-17,15475,15475,15360,15385,44814,82292,15425.0,15549.0,15766.0,15602.5,-92.58134016876284,-30.309191604072524,-62.27214856469031,36.33802816901409,225.35714285714286,-68.15385745667383,71867.7,967891,74232.0,-499.0,-0.6027225181481133
2021-08-18,15300,15380,15265,15335,51112,82784,15412.0,15493.0,15742.0,15603.75,-104.29425199534126,-45.106203682326274,-59.18804831301498,31.59420289855072,223.92857142857142,-73.75516871841081,71412.4,916779,76547.45,492.0,0.597870995965577
2021-08-19,15335,15525,15240,15465,69638,71614,15403.0,15466.5,15717.25,15604.5,-101.9121259108033,-56.46738812802168,-45.444737782781615,38.68194842406877,230.71428571428572,-53.85703646039612,72380.05,986417,78674.1,-11170.0,-13.492945496714338
2021-08-20,15415,15455,15090,15115,72657,70940,15344.0,15399.5,15655.75,15599.416666666666,-126.80462398233976,-70.5348352988853,-56.269788683454465,23.860589812332435,236.78571428571428,-78.54197340466861,70402.0,913760,78269.55,-674.0,-0.941156757058681
2021-08-23,15070,15475,15070,15420,73939,56039,15344.0,15395.5,15623.5,15596.416666666666,-120.53174214115097,-80.53421666733844,-39.99752547381253,40.106951871657756,228.92857142857142,-56.63900662584633,69224.3,987699,77321.35,-14901.0,-21.005074711023397
2021-08-24,15460,15530,15405,15460,48506,49524,15359.0,15392.0,15593.25,15593.666666666666,-111.05262682807188,-86.63789869948513,-24.414728128586745,37.95013850415512,223.92857142857142,-27.292397180885285,67335.65,1036205,76000.2,-6515.0,-11.625832009850278
2021-08-25,15415,15505,15370,15415,37348,43472,15375.0,15393.5,15570.5,15593.0,-105.9501561203524,-90.5003501836586,-15.449805936693807,40.652818991097924,220.0,-30.228406386542982,64866.55,998857,74367.65,-6052.0,-12.220337614086096
2021-08-26,15550,15640,15230,15275,118248,72412,15337.0,15370.0,15535.75,15591.75,-111.9131758664953,-94.78291532022594,-17.130260546269355,35.593220338983045,239.28571428571428,-35.820019049240614,67761.9,880609,74160.75,28940.0,66.57158630842841
2021-08-27,15300,15460,15285,15350,74852,75518,15384.0,15364.0,15510.25,15592.5,-109.32678762354226,-97.6916897808892,-11.635097842653053,46.38157894736842,222.85714285714286,-35.351917593731805,67919.45,955461,73985.2,3106.0,4.289344307573328
2021-08-30,15350,15375,15200,15210,73837,85601,15342.0,15343.0,15466.25,15595.416666666666,-117.22261691896347,-101.59787520850406,-15.624741710459404,41.230769230769226,220.35714285714286,-56.69642599524342,66946.2,881624,74564.05,10083.0,13.351783680711883
2021-08-31,15155,15190,14995,15025,80449,95489,15255.0,15307.0,15428.0,15596.75,-136.83077244194465,-108.64445465519219,-28.186317786752454,39.06705539358601,224.28571428571428,-98.45014338428487,65316.7,801175,75568.55,9888.0,11.55126692445181
2021-09-01,14960,15040,14865,14900,61755,100308,15152.0,15263.5,15378.25,15594.25,-160.60547238226354,-119.03665820060647,-41.568814181657075,32.369942196531795,225.0,-121.17362942208227,65560.25,739420,76990.4,4819.0,5.046654588486632
2021-09-02,14950,15020,14875,14925,58234,100342,15082.0,15209.5,15338.0,15585.5,-175.4078102570711,-130.3108886118994,-45.096921645171705,35.347432024169194,222.5,-106.27046794812007,65592.35,797654,78136.45,34.0,0.03389560154722915
2021-09-03,14925,15085,14915,15035,63267,92135,15019.0,15201.5,15300.5,15579.083333333334,-176.23120534124246,-139.49495195776802,-36.736253383474434,39.03133903133903,216.78571428571428,-82.51312177846091,65740.05,860921,78789.4,-8207.0,-8.179027725179889
2021-09-06,15005,15150,14970,15090,54491,89338,14995.0,15168.5,15282.0,15572.833333333334,-170.4805182380569,-145.6920652138258,-24.788453024231103,41.690140845070424,221.42857142857142,-60.13358066146185,63842.7,915412,79059.15,-2797.0,-3.035762739458403
2021-09-07,15045,15070,14825,14895,59431,93165,14969.0,15112.0,15252.0,15566.333333333334,-179.58775178128417,-152.47120252731747,-27.116549253966696,38.541666666666664,231.78571428571428,-84.68788236342304,63173.55,855981,79588.25,3827.0,4.283731446864714
2021-09-08,14915,14920,14830,14895,39800,93946,14968.0,15060.0,15226.75,15561.916666666666,-184.67646465097823,-158.91225495204964,-25.764209698928596,34.07821229050279,217.85714285714286,-84.15392535751359,62268.85,855981,80069.1,781.0,0.8382976439650136
2021-09-09,14920,15095,14880,14940,78626,86886,14971.0,15026.5,15198.25,15554.75,-182.96902926796065,-163.72360981523184,-19.24541945272881,44.10774410774411,206.42857142857142,-57.217935212679315,63895.3,934607,80368.9,-7060.0,-7.514955399910583
2021-09-10,15030,15130,14980,15070,61050,81090,14978.0,14998.5,15181.25,15555.0,-169.17580748049295,-164.81404934828407,-4.361758132208877,36.641221374045806,191.07142857142858,-32.57132060398386,64307.1,995657,80284.3,-5796.0,-6.670810026931839
2021-09-13,15070,15230,15030,15060,64538,78332,14972.0,14983.5,15163.25,15548.75,-157.2389436016456,-163.2990281989564,6.060084597310805,34.375,196.42857142857142,-17.924980209644858,64329.6,931119,80061.35,-2758.0,-3.401159205820692
2021-09-14,15090,15090,14855,14890,79966,80894,14971.0,14970.0,15138.5,15537.916666666666,-159.65605658999448,-162.57043387716402,2.9143772871695433,31.316725978647682,203.57142857142858,-52.92237101236608,66087.2,851153,79991.45,2562.0,3.270693969259053
2021-09-15,14900,14915,14640,14660,85337,86956,14924.0,14946.0,15104.75,15525.333333333334,-178.07794218952586,-165.67193553963642,-12.406006649889434,29.43143812709029,193.92857142857142,-90.20681497507088,67798.45,765816,80200.05,6062.0,7.493757262590561
2021-09-16,14620,14740,14580,14665,61275,83352,14869.0,14920.0,15064.75,15513.25,-190.08280478529014,-170.5541093887672,-19.52869539652295,25.96491228070174,192.14285714285714,-93.80426534648451,67380.3,827091,80786.95,-3604.0,-4.144624867749203
2021-09-17,14670,14770,14480,14665,78744,74173,14788.0,14883.0,15042.25,15496.833333333334,-197.3221381035055,-175.90771513171484,-21.414422971790657,28.793774319066145,200.35714285714286,-85.50926090079463,67684.65,827091,80948.6,-9179.0,-11.012333237354833
2021-09-22,14555,14555,14150,14220,68096,75853,14620.0,14796.0,14982.25,15478.0,-236.24387061090056,-187.974946227552,-48.26892438334855,23.94822006472492,221.78571428571428,-120.85651079540992,67392.5,758995,81939.3,1680.0,2.2649751257195927
2021-09-23,14150,14380,14055,14345,94511,66495,14511.0,14741.0,14926.5,15459.25,-254.07435766813796,-201.1948285156692,-52.87952915246876,32.03883495145631,232.5,-109.58484890701293,69692.75,853506,82787.85,-9358.0,-12.337020289243672
2021-09-24,14345,14385,14240,14355,63058,55593,14450.0,14687.0,14873.5,15431.0,-264.3509574119198,-213.82605429491935,-50.52490311700046,31.372549019607845,232.5,-88.01740570810898,70978.25,916564,83393.9,-10902.0,-16.395217685540263
2021-09-27,14460,14600,14360,14495,79647,38271,14416.0,14642.5,14834.5,15410.666666666666,-258.22178675634314,-222.70520078720412,-35.516585969139015,32.69230769230769,237.85714285714286,-58.133540030746204,69048.2,996211,81686.85,-17322.0,-31.158599104203766
2021-09-28,14495,14595,14420,14470,50353,24287,14377.0,14582.5,14790.5,15389.666666666666,-252.47133354463767,-228.65842733869084,-23.81290620594683,29.73856209150327,237.5,-52.16766040685727,67823.25,945858,79125.3,-13984.0,-36.539416268192625
2021-09-29,14500,14545,14265,14355,110775,75114,14404.0,14512.0,14747.75,15365.25,-254.26261568880363,-233.77926500871342,-20.48335068009021,31.379310344827587,238.57142857142858,-64.19628200361655,69670.15,835083,78600.95,50827.0,209.2765677111212
2021-09-30,14380,14395,14225,14350,70338,72788,14405.0,14458.0,14714.0,15340.583333333334,-253.16732260301978,-237.6568765275747,-15.510446075445088,31.271477663230243,244.28571428571428,-67.53264140332485,69164.6,764745,77465.9,-2326.0,-3.0966264611124394
2021-10-08,14430,14695,14430,14610,57534,68488,14456.0,14453.0,14699.5,15319.166666666666,-228.68334856027832,-235.86217093411543,7.178822373837107,40.119760479041915,253.57142857142858,-21.721746239735513,68953.55,822279,75874.9,-4300.0,-5.907567181403528
2021-10-11,14675,14780,14535,14765,73677,66894,14510.0,14463.0,14691.5,15303.166666666666,-194.5299974035952,-227.5957362280114,33.0657388244162,41.00294985250738,257.5,-0.057737903756172194,69725.7,895956,74202.5,-1594.0,-2.3274150216096245
2021-10-12,14805,14980,14790,14875,70712,63239,14591.0,14484.0,14683.5,15289.0,-156.779879005584,-213.43256478352595,56.65268577794194,44.84679665738162,258.57142857142856,34.42214773769901,70097.95,966668,72757.7,-3655.0,-5.4638682094059305
2021-10-13,14970,14970,14650,14795,68785,62343,14679.0,14541.5,14668.75,15270.666666666666,-131.79867651135282,-197.10578712909134,65.30711061773852,47.21407624633431,264.64285714285717,24.316310667762753,70812.65,897883,71407.95,-896.0,-1.4168471987223041
2021-10-14,14935,15380,14900,15335,140656,59465,14876.0,14640.5,14690.75,15265.75,-67.64760701859086,-171.21415110699127,103.5665440884004,66.74937965260546,286.7857142857143,89.33101336882412,74873.9,1038539,69722.95,-2878.0,-4.616396387725963
2021-10-15,15395,15465,15195,15365,100474,52722,15027.0,14741.5,14714.25,15261.0,-14.22272229328155,-139.81586534424935,125.5931430509678,67.15686274509804,294.64285714285717,97.91785905555918,77907.6,1139013,67661.75,-6743.0,-11.339443370049606
2021-10-18,15590,15915,15405,15790,118539,50679,15232.0,14871.0,14756.75,15259.333333333334,61.69959733245378,-99.51277280890872,161.2123701413625,72.81947261663286,313.2142857142857,123.14817216999077,79903.25,1257552,65851.4,-2043.0,-3.8750426766814616
2021-10-19,15910,15990,15670,15840,100976,49427,15425.0,15008.0,14795.25,15258.416666666666,124.46837085879997,-54.71654407536698,179.18491493416695,89.13043478260869,299.2857142857143,115.37326570397248,81899.55,1358528,64268.25,-1252.0,-2.470451271729912
2021-10-20,15790,15990,15500,15725,121600,43064,15611.0,15145.0,14828.5,15256.666666666666,163.05395272862916,-11.162444714567755,174.2163974431969,83.49514563106797,311.07142857142856,92.57991350878139,84752.65,1236928,62504.85,-6363.0,-12.873530661379407
2021-10-21,15805,16330,15775,15945,119475,39784,15733.0,15304.5,14881.25,15261.916666666666,208.9765145613601,32.865347140617814,176.11116742074228,85.02202643171806,343.92857142857144,101.39388079774815,86728.1,1356403,60449.35,-3280.0,-7.616570685491364
2021-10-22,15945,16175,15660,16030,111553,34966,15866.0,15446.5,14949.75,15265.5,249.35485771165986,76.16324925482623,173.19160845683365,84.65011286681715,363.2142857142857,83.40725157566864,88038.9,1467956,57849.85,-4818.0,-12.110396139151414
2021-10-25,15905,16200,15790,15985,92216,30211,15905.0,15568.5,15015.75,15265.916666666666,274.5589173569206,115.84238287524511,158.71653448167547,83.89261744966443,380.0,76.0220645272756,89585.95,1375740,55192.8,-4755.0,-13.598924669679114
2021-10-26,16000,16160,15890,16010,60746,25291,15939.0,15682.0,15083.0,15260.333333333334,293.1711131774864,151.3081289356934,141.86298424179301,88.57808857808858,379.2857142857143,69.4804468636083,88686.05,1436486,52748.7,-4920.0,-16.285458938797127
2021-10-27,16105,16150,15860,15900,91061,51668,15974.0,15792.5,15167.0,15257.583333333334,295.63740775852784,180.1739847002603,115.46342305826755,84.44444444444444,387.85714285714283,59.44025197544665,89834.3,1345425,51539.45,26377.0,104.29401763473174
2021-10-28,15805,15885,15590,15750,131951,54827,15935.0,15834.0,15237.25,15252.333333333334,282.2347906039777,200.58614588100377,81.6486447229739,76.63551401869158,385.35714285714283,38.70859531917387,91706.3,1213474,50956.05,3159.0,6.114035766818926
2021-10-29,15815,16065,15650,15705,124196,54947,15870.0,15868.0,15304.75,15249.583333333334,264.92807014836944,213.45453073447692,51.473539413892524,73.15270935960591,397.5,39.40036871428957,94763.2,1089278,50923.75,120.0,0.21887026465063908
2021-11-01,15660,15930,15660,15680,92875,54841,15809.0,15857.0,15364.0,15244.75,246.35524847917986,220.03467428341753,26.320574195762333,70.69408740359897,401.42857142857144,31.679026895788212,95424.6,996403,51752.25,-106.0,-0.19291317087375415
2021-11-02,15730,15845,15685,15745,62048,54223,15756.0,15847.5,15427.75,15242.833333333334,234.18161043660803,222.86406151405563,11.31754892255239,74.61139896373058,390.35714285714283,28.0564312877423,96009.35,1058451,53249.05,-618.0,-1.126894112069432
2021-11-03,15765,15965,15610,15865,66054,53425,15749.0,15861.5,15503.25,15239.083333333334,231.5477731048304,224.6008038322106,6.9469692726198105,67.54966887417218,373.92857142857144,29.00580287437128,93773.3,1124505,52164.6,-798.0,-1.4717002010217084
2021-11-04,15900,15905,15630,15715,56654,51951,15742.0,15838.5,15571.5,15237.833333333334,214.87969231093302,222.6565815279551,-7.776889217022074,60.736196319018404,374.2857142857143,19.247261132416718,93089.1,1067851,51122.75,-1474.0,-2.7590079550772084
2021-11-05,15695,15820,15510,15745,75234,53054,15750.0,15810.0,15628.25,15235.333333333334,201.76504562271293,218.47827434690666,-16.713228724193726,48.178137651821864,357.14285714285717,8.257676844235439,93974.1,1143085,50351.05,1103.0,2.1231545109815064
2021-11-08,15685,15720,15470,15505,63761,53466,15715.0,15762.0,15665.25,15231.583333333334,170.0454216291164,208.79170380334864,-38.74628217423225,38.24561403508772,353.92857142857144,-14.62768255767861,93478.3,1079324,49679.65,412.0,0.7765672710822846
2021-11-09,15590,15700,15545,15610,53566,50677,15688.0,15722.0,15702.0,15228.666666666666,151.63209318251938,197.35978167918282,-45.72768849666343,45.936395759717314,332.85714285714283,-14.422630153898611,92621.0,1132890,49051.55,-2789.0,-5.216399206972655
2021-11-10,15650,15690,15485,15570,56389,51731,15629.0,15689.0,15740.75,15230.5,132.2868119986324,184.34518774307276,-52.058375744440355,34.81781376518218,304.2857142857143,-37.994539614364214,92001.2,1076501,48520.95,1054.0,2.079838980207982
2021-11-11,15470,15525,15345,15420,57330,54211,15570.0,15656.0,15745.0,15229.25,103.65689868363734,168.20752993118566,-64.55063124754832,26.538461538461547,283.57142857142856,-86.86006438821089,87834.9,1019171,48258.25,2480.0,4.794030658599291
2021-11-12,15540,15715,15440,15570,57371,49731,15535.0,15642.5,15755.25,15232.083333333334,92.01059168546635,152.9681422820418,-60.95755059657546,35.231316725978644,275.35714285714283,-57.631478653554844,85679.75,1076542,48108.7,-4480.0,-8.264005460146462
2021-11-15,15570,15580,15250,15260,70335,55213,15486.0,15600.5,15728.75,15227.916666666666,57.10809370472998,133.79613256657944,-76.68803886184946,27.81065088757397,279.64285714285717,-102.40483434681546,83269.55,1006207,48335.4,5482.0,11.023305382960324
2021-11-16,15310,15345,15185,15195,37581,57421,15403.0,15545.5,15696.5,15224.333333333334,23.926842082160874,111.82227446969574,-87.89543238753487,28.57142857142857,270.35714285714283,-109.3709082613339,80099.8,968626,48735.1,2208.0,3.9990581928169178
2021-11-17,15195,15225,14955,14995,44702,57730,15288.0,15458.5,15660.0,15217.25,-18.29695154899491,85.79842926595762,-104.09538081495253,27.728613569321524,267.5,-118.96754063504801,76254.9,923924,49468.4,309.0,0.5381306490656712
2021-11-18,14995,15085,14845,14890,51698,49630,15182.0,15376.0,15607.25,15209.0,-59.545827453188394,56.72957792212843,-116.27540537531682,26.780626780626775,255.0,-115.34966631771906,72866.05,872226,49960.7,-8100.0,-14.030833188983195
2021-11-19,14855,14900,14620,14840,56247,50673,15036.0,15285.5,15547.75,15200.75,-95.17334188008317,26.34899396168611,-121.52233584176928,26.404494382022477,255.71428571428572,-114.32067768170631,70100.75,815979,50746.05,1043.0,2.1015514809590963
2021-11-22,14765,14925,14585,14865,60947,48992,14957.0,15221.5,15491.75,15190.75,-120.00773817602385,-2.9223524658558837,-117.08538571016797,24.712643678160916,268.2142857142857,-97.3021706979386,68537.3,876926,51685.1,-1681.0,-3.3173484893335714
2021-11-23,14920,15015,14855,14945,45734,45904,14907.0,15155.0,15438.5,15187.916666666666,-131.7155103375062,-28.680984040185947,-103.03452629732026,22.941176470588232,254.28571428571428,-70.02579341744068,67786.7,922660,52715.75,-3088.0,-6.303069888961465
2021-11-24,15015,15295,14895,15250,41125,40133,14958.0,15123.0,15406.0,15185.083333333334,-115.05675051715843,-45.95613733558045,-69.10061318157798,37.466307277628026,263.2142857142857,-37.91957015806602,65289.9,963785,52139.0,-5771.0,-12.57188915998606
2021-11-25,15335,15335,15140,15275,71815,49122,15035.0,15108.5,15382.25,15182.0,-98.6995255807924,-56.50481498462285,-42.19471059616955,37.29729729729729,255.0,-20.40332729198744,62283.1,1035600,51853.75,8989.0,22.398026561682414
2021-11-26,15290,15445,15215,15330,83946,49888,15133.0,15084.5,15363.5,15180.583333333334,-80.37179065251621,-61.27821011820152,-19.09358053431469,44.74474474474475,251.78571428571428,-5.832372793340471,60270.6,1119546,51600.8,766.0,1.5593827612882194
2021-11-29,15275,15480,15235,15405,71666,45292,15241.0,15099.0,15349.75,15182.75,-59.11363034515125,-60.845294163591475,1.731663818440225,43.730886850152906,255.35714285714286,3.567553893606558,59210.15,1191212,51123.35,-4596.0,-9.21263630532393
2021-11-30,15555,15565,15290,15340,55471,41999,15320.0,15113.5,15329.5,15182.583333333334,-46.969902123195425,-58.070215755512265,11.10031363231684,43.07228915662651,260.35714285714283,10.653580833418323,58881.3,1135741,50512.15,-3293.0,-7.2705996643998905
2021-12-01,15400,15425,15210,15280,51588,40756,15326.0,15142.0,15300.25,15183.75,-41.7066403866429,-54.7975006817384,13.090860295095496,45.54140127388535,259.64285714285717,-0.30261265508711366,58158.0,1084153,49878.7,-1243.0,-2.9595942760541893
2021-12-02,15220,15335,15205,15245,44978,40948,15320.0,15177.5,15276.75,15187.416666666666,-39.89973571684641,-51.81794768876,11.918211971913593,38.83161512027491,247.85714285714286,-3.8312163989099575,57574.2,1039175,49328.55,192.0,0.47109628030228556
2021-12-03,15310,15320,15100,15265,62387,40491,15307.0,15220.0,15252.75,15193.5,-36.43393022664168,-48.741144196336336,12.307213969694658,50.21459227467812,240.0,-6.117164111249126,56931.85,1101562,48700.4,-457.0,-1.1160496239132511
2021-12-06,15120,15165,14770,14820,85631,48043,15190.0,15215.5,15218.5,15191.75,-68.80192956933934,-52.753301270936944,-16.04862829840239,37.86407766990291,263.92857142857144,-61.161024654659535,58025.35,1015931,48429.25,7552.0,18.65105825986022
2021-12-07,14875,14965,14820,14955,54993,43393,15113.0,15216.5,15185.75,15190.416666666666,-82.60817487123313,-58.72427599099619,-23.88389888023694,48.64864864864865,255.0,-57.08164534524533,58096.7,1070924,48065.05,-4650.0,-9.678829382011944
2021-12-08,15000,15195,14985,15175,53147,40736,15092.0,15209.0,15166.0,15191.833333333334,-74.93377247389799,-61.966175287576554,-12.967597186321434,58.93416927899687,255.0,-11.0763718107082,57934.6,1124071,47515.3,-2657.0,-6.12310741363814
2021-12-09,15285,15590,15240,15520,87227,42144,15147.0,15233.5,15171.0,15202.25,-40.54575039651536,-57.68209030936432,17.13633991284896,67.989417989418,264.64285714285717,61.70992952135612,59429.45,1211298,46911.95,1408.0,3.4564021995286742
2021-12-10,15465,15500,15400,15470,39674,38708,15188.0,15247.5,15166.0,15211.833333333334,-17.130112012277095,-49.57169464994688,32.44158263766978,65.79634464751959,248.92857142857142,67.3764135698577,58544.6,1171624,46360.8,-3436.0,-8.152999240698556
2021-12-13,15435,15805,15425,15740,72956,39566,15372.0,15281.0,15190.0,15225.166666666666,22.949150106567686,-35.06752569864397,58.016675805211655,68.88361045130641,264.64285714285717,99.51113052467554,58675.65,1244580,45578.45,858.0,2.2165960524956008
2021-12-14,15805,15870,15620,15715,46817,38457,15524.0,15318.5,15216.0,15235.916666666666,52.094450625816535,-17.63513043375187,69.7295810595684,62.73972602739726,253.92857142857142,98.29971009270417,59137.45,1197763,44630.25,-1109.0,-2.802911590759738
2021-12-15,15550,15690,15265,15320,57679,32443,15553.0,15322.5,15232.25,15240.25,42.82544732179667,-5.54301488264216,48.368462204438835,51.0250569476082,272.14285714285717,37.36049131928763,59786.3,1140084,43365.9,-6014.0,-15.63824531294693
2021-12-16,15380,15465,15250,15425,52901,29273,15534.0,15340.5,15259.0,15249.166666666666,43.451436786492195,4.2558754511847114,39.19556133530748,52.115812917594646,271.07142857142856,25.66306237901687,59846.45,1192985,42348.05,-3170.0,-9.770982954720587
2021-12-17,15425,15775,15425,15670,58946,30294,15574.0,15381.0,15300.5,15266.0,62.99087084815801,16.002874530579373,46.987996317578634,55.48654244306418,278.57142857142856,65.91304050878986,59981.4,1251931,41329.1,1021.0,3.4878557032077318
2021-12-20,15695,15700,15350,15470,51482,24261,15520.0,15446.0,15330.75,15279.416666666666,61.62728362185044,25.127756348833586,36.49952727301685,52.549019607843135,283.92857142857144,39.891758498673234,59508.15,1200449,40092.55,-6033.0,-19.91483462071697
2021-12-21,15455,15625,15430,15560,29187,21656,15489.0,15506.5,15361.5,15294.333333333334,67.03612800440897,33.509430679948665,33.5266973244603,55.42635658914728,282.5,42.743696211670034,58680.8,1229636,38880.15,-2605.0,-10.737397469189236
2021-12-22,15635,15645,15345,15515,69292,42394,15528.0,15540.5,15374.75,15315.916666666666,66.92013852630407,40.191572249219746,26.728566277084326,55.212355212355206,294.64285714285717,30.770381288239445,60089.15,1160344,38993.2,20738.0,95.76099002585889
2021-12-23,15575,15765,15555,15705,65795,47774,15584.0,15559.0,15396.25,15338.583333333334,81.22333607449764,48.39792501427533,32.82541106022231,57.971014492753625,296.7857142857143,63.433643921076104,59788.15,1226139,38925.8,5380.0,12.690475067226492
2021-12-24,15640,15640,15350,15480,70019,42538,15546.0,15560.0,15403.75,15357.333333333334,73.55520496753525,53.429381004927315,20.12582396260793,62.99212598425197,286.7857142857143,20.4591681988352,59091.8,1156120,38558.3,-5236.0,-10.959936367061584
2021-12-27,15465,15515,15305,15375,45610,43319,15527.0,15523.5,15402.25,15372.0,58.33310561059625,54.410125926061106,3.922979684535143,58.36653386454183,291.42857142857144,-0.1479010945241348,57789.0,1110510,38459.65,781.0,1.836005453947065
2021-12-28,15435,15510,15365,15400,46868,42372,15495.0,15492.0,15405.25,15387.5,47.73649664877303,53.07540007060349,-5.338903421830466,54.85961123110151,284.64285714285717,5.47052690854174,57358.85,1157378,38478.3,-947.0,-2.1861077125510775
2021-12-29,15340,15505,15300,15500,50795,37460,15492.0,15510.0,15416.25,15406.583333333334,46.867512457614794,51.833822548005756,-4.966310090390962,49.51690821256038,269.64285714285717,6.275183300009913,57319.2,1208173,38313.5,-4912.0,-11.592561125271406
2021-12-30,15480,15480,15280,15325,58423,38569,15416.0,15500.0,15420.25,15422.833333333334,31.692467721433786,47.805551582691365,-16.11308386125758,46.69703872437358,276.7857142857143,-11.292348206933545,57991.45,1149750,38194.55,1109.0,2.9604911906033093
2021-12-31,15390,15470,15280,15300,57357,36978,15380.0,15463.0,15422.0,15434.333333333334,17.447717939850918,41.73398485412328,-24.28626691427236,38.717948717948715,263.2142857142857,-15.543504876262304,57739.95,1092393,38018.9,-1591.0,-4.125074541730401
2022-01-04,15360,15530,15360,15385,41271,34412,15382.0,15454.5,15450.25,15444.666666666666,12.86909383245802,35.96100664979023,-23.091912817332208,41.791044776119406,261.7857142857143,-4.9544500225884605,55521.95,1133664,37337.35,-2566.0,-6.93926118232463
2022-01-05,15260,15355,15190,15200,64624,42049,15342.0,15418.5,15462.5,15450.083333333334,-5.622638375125462,27.64427764480709,-33.26691601993255,46.666666666666664,243.57142857142858,-73.30085443402572,56003.5,1069040,37270.15,7637.0,22.192839707078925
2022-01-06,15325,15340,15050,15060,63884,49777,15254.0,15373.0,15456.75,15454.5,-31.214478271380358,15.872526461569603,-47.087004732949964,40.05449591280654,248.92857142857142,-110.83547593895393,56540.35,1005156,37722.2,7728.0,18.378558348593298
2022-01-07,15105,15475,15055,15415,90243,38326,15272.0,15344.0,15451.5,15455.833333333334,-22.590256215496993,8.179969926156282,-30.770226141653275,43.444730077120816,253.92857142857142,-48.439721577840025,56691.15,1095399,37531.3,-11451.0,-23.00460051831167
2022-01-10,15350,15415,15065,15190,82653,44851,15250.0,15315.0,15437.5,15452.916666666666,-33.524666214842,-0.1609573020433741,-33.36370891279863,42.89340101522843,253.92857142857142,-71.68571871579374,58840.1,1012746,37838.45,6525.0,17.0249960862078
2022-01-11,15290,15290,15145,15190,42828,42668,15211.0,15296.5,15410.0,15442.916666666666,-41.70946417769301,-8.4706586771733,-33.2388055005197,40.15957446808511,250.35714285714286,-69.30489658267437,57333.7,1012746,37993.55,-2183.0,-4.867227040645695
2022-01-12,15150,15365,15150,15310,55488,39695,15233.0,15287.5,15389.75,15434.083333333334,-38.074084072486585,-14.391343756235958,-23.682740316250626,44.75703324808184,244.28571428571428,-44.70455167715742,57767.25,1068234,38055.45,-2973.0,-6.967751007781009
2022-01-13,15395,15425,15260,15365,67539,34583,15294.0,15274.0,15392.0,15428.083333333334,-30.404494712880478,-17.593973947564862,-12.810520765315616,40.65934065934066,238.21428571428572,-15.996410082001544,58260.25,1135773,38162.45,-5112.0,-12.878196246378637
2022-01-14,15490,15670,15470,15655,88026,31353,15342.0,15307.0,15403.5,15423.25,-0.9151640782838513,-14.25821197370866,13.343047895424808,54.64190981432361,234.64285714285714,66.77253350882299,60016.5,1223799,38266.45,-3230.0,-9.33984905878611
2022-01-17,15530,15715,15530,15660,69998,26468,15436.0,15343.0,15403.0,15417.083333333334,22.598301963957056,-6.886909186175518,29.485211150132574,57.983193277310924,232.85714285714286,78.71508869598236,60569.1,1293797,38075.15,-4885.0,-15.580646190157243
2022-01-18,15660,15710,15565,15615,46458,22086,15521.0,15366.0,15410.25,15410.916666666666,37.17325909717874,1.9251244704953345,35.24813462668341,55.955678670360115,232.85714285714286,71.4784522947165,60317.9,1247339,37966.4,-4382.0,-16.555841015565964
2022-01-19,15660,15660,15425,15510,39831,18135,15561.0,15397.0,15407.75,15402.583333333334,39.7926897958896,9.498637535574188,30.29405226031541,50.27624309392265,235.0,39.468385793264964,60850.1,1207508,37790.35,-3951.0,-17.889160554197225
2022-01-20,15665,15845,15615,15815,74191,56846,15651.0,15472.5,15422.75,15401.166666666666,65.72195669891516,20.743301368242385,44.97865533067278,62.628865979381445,243.21428571428572,98.16000161801547,61095.05,1281699,38512.95,38711.0,213.46015991177282
2022-01-21,15705,15795,15580,15675,65787,55964,15655.0,15498.5,15421.25,15399.916666666666,74.1198500651135,31.418611107616606,42.70123895749689,59.12408759124088,246.42857142857142,75.71520960418667,61094.65,1215912,38922.45,-882.0,-1.551560356049675
2022-01-24,15780,15875,15670,15700,62846,58402,15663.0,15549.5,15432.25,15399.833333333334,81.84902748803142,41.50469438369957,40.34433310433185,57.89473684210526,244.64285714285714,83.90191469379647,60736.0,1278758,39715.65,2438.0,4.356371953398619
2022-01-25,15680,15680,15430,15455,77619,55707,15631.0,15576.0,15436.25,15396.083333333334,67.42773883090922,46.689303273141505,20.738435557767716,56.20437956204379,250.0,20.97729323988058,62336.45,1201139,40335.05,-2695.0,-4.6145679942467765
2022-01-26,15500,15515,15385,15440,66395,53391,15617.0,15589.0,15438.25,15391.0,54.164019924835884,48.18424660348038,5.979773321355502,59.84455958549223,238.57142857142858,0.5156101625164153,63312.8,1134744,40886.0,-2316.0,-4.15746674565135
2022-01-27,15505,15530,15325,15395,66687,50146,15533.0,15592.0,15433.0,15383.166666666666,39.5652199850374,46.460441279791794,-6.895221294754393,49.382716049382715,223.21428571428572,-7.304448602539274,64107.4,1068057,41520.3,-3245.0,-6.077803375100677
2022-01-28,15340,15400,15185,15210,70427,49368,15440.0,15547.5,15427.25,15374.75,12.918693308727597,39.75209168557896,-26.833398376851363,50.63291139240506,213.57142857142858,-45.92686983364347,64707.6,997630,42060.25,-778.0,-1.5514697084513251
2022-02-07,15000,15000,14785,14820,73814,54674,15264.0,15463.5,15403.25,15359.333333333334,-39.216547743180854,23.958363799826998,-63.17491154300785,40.609137055837564,233.57142857142858,-119.8498704845552,65530.45,923816,42945.05,5306.0,10.747852860152317
2022-02-08,14820,14870,14690,14840,66563,59114,15141.0,15386.0,15376.0,15348.25,-78.02089275258913,3.5625124893437725,-81.58340524193291,37.43315508021391,231.07142857142858,-109.62752948334338,66795.05,990379,44180.15,4440.0,8.120861835607428
2022-02-09,14820,15015,14785,14995,66282,55811,15052.0,15334.5,15365.75,15338.0,-95.16935801349246,-16.183861611223474,-78.98549640226898,40.609137055837564,235.71428571428572,-76.91694298182158,66877.95,1056661,44868.25,-3303.0,-5.58750888114491
2022-02-10,15100,15230,15030,15230,70566,46662,15019.0,15276.0,15374.25,15332.333333333334,-88.77377543427247,-30.701844375833275,-58.07193105843919,38.90339425587467,230.71428571428572,-36.247633093804,67212.05,1127227,44712.5,-9149.0,-16.392825787031228
2022-02-11,15205,15470,15195,15230,75286,40330,15023.0,15231.5,15365.0,15329.166666666666,-82.75132440571906,-41.111740381810435,-41.639584023908625,38.7434554973822,237.14285714285714,-12.241172004795862,66464.2,1127227,44812.7,-6332.0,-13.569928421413568
2022-02-14,15355,15450,15295,15385,68154,34811,15136.0,15200.0,15374.75,15326.083333333334,-64.72517246704592,-45.834426798857535,-18.890745668188387,44.306930693069305,242.5,0.2371193307494295,65739.25,1195381,44310.7,-5519.0,-13.68460203322589
2022-02-15,15345,15425,15245,15360,57882,32190,15240.0,15190.5,15383.25,15327.75,-51.858812145095726,-47.03930386810518,-4.819508276990547,46.1340206185567,238.57142857142858,-6.955902791166104,66491.95,1137499,43786.8,-2621.0,-7.529229266611126
2022-02-16,15445,15450,15280,15310,41753,30115,15303.0,15177.5,15383.25,15329.666666666666,-45.17595078579143,-46.66663325164244,1.490682465851009,35.01483679525222,226.78571428571428,-7.0257729719250825,65805.2,1095746,43307.8,-2075.0,-6.446101273687477
2022-02-17,15410,15505,15360,15490,43919,26206,15355.0,15187.0,15389.5,15337.916666666666,-25.066290737495365,-42.34656474881302,17.28027401131766,44.63768115942029,223.92857142857142,10.964406149222539,64624.2,1139665,42888.95,-3909.0,-12.980242404117547
2022-02-18,15470,15565,15410,15470,40972,23063,15403.0,15213.0,15380.25,15347.583333333334,-10.620644936265307,-36.00138078630348,25.38073585003817,43.31395348837209,220.35714285714286,17.628813748915228,62271.5,1098693,42474.45,-3143.0,-11.993436617568499
2022-02-21,15410,15525,15325,15385,30199,18606,15403.0,15269.5,15366.5,15356.666666666666,-5.962425064233685,-29.99358964188952,24.031164577655836,47.756410256410255,215.35714285714286,7.069534004535826,60281.55,1068494,42081.35,-4457.0,-19.32532628018905
2022-02-22,15475,15555,15425,15530,66487,53224,15437.0,15338.5,15362.25,15367.75,9.322076830540027,-22.130456347403612,31.45253317794364,52.66272189349112,218.21428571428572,25.81515580986855,61283.0,1134981,43638.25,34618.0,186.05826077609376
2022-02-23,15595,15610,15480,15565,59170,54983,15488.0,15395.5,15365.0,15378.083333333334,23.982902225810903,-12.907784632760709,36.89068685857161,55.0595238095238,212.85714285714286,34.71385633823661,62249.95,1194151,45480.65,1759.0,3.3049000450924293
2022-02-24,15575,15630,15430,15540,57702,54958,15498.0,15426.5,15351.25,15382.916666666666,33.20169246739533,-3.685889212729501,36.88758168012483,60.85526315789473,211.78571428571428,35.1036605548072,61425.5,1136449,45386.25,-25.0,-0.045468599385267705
2022-02-25,15555,15640,15515,15615,58754,56193,15527.0,15465.0,15348.25,15388.583333333334,46.028930491802384,6.257074728176876,39.77185576362551,82.98755186721992,190.35714285714286,48.40141408118196,61073.85,1195203,45397.7,1235.0,2.247170566614498
2022-02-28,15545,15630,15435,15550,65643,56486,15560.0,15481.5,15340.75,15392.25,50.36902945118891,15.079465672779284,35.28956377840962,78.4,191.42857142857142,42.38228705169538,61213.7,1129560,45301.9,293.0,0.5214172583773768
2022-03-01,15650,15680,15545,15585,51725,56178,15571.0,15504.0,15347.25,15395.25,55.987408642144146,23.26105426665226,32.72635437549189,76.10619469026548,184.64285714285714,54.585149046112434,59919.0,1181285,45325.45,-308.0,-0.5452678539815126
2022-03-02,15580,15675,15565,15580,51724,57312,15574.0,15531.0,15354.25,15399.25,59.35237913486708,30.479319240295226,28.873059894571853,69.44444444444444,175.71428571428572,52.21485488739928,59185.45,1129561,45521.5,1134.0,2.0185837872476853
2022-03-03,15685,15700,15465,15495,62029,58799,15565.0,15531.5,15359.25,15402.833333333334,54.53174485839736,35.28980436391566,19.241940494481703,63.45177664974619,172.85714285714286,39.167718013077746,58952.55,1067532,45954.15,1487.0,2.594570072585145
2022-03-04,15505,15530,15360,15480,59651,55993,15538.0,15532.5,15372.75,15406.75,48.93686905935829,38.01921730300418,10.917651756354104,55.62130177514793,169.28571428571428,17.55412342786437,58413.75,1007881,46285.4,-2806.0,-4.772190003231347
2022-03-07,15535,15790,15500,15770,100076,49664,15582.0,15571.0,15420.25,15415.166666666666,67.12963737567406,43.84130131753816,23.288336058135904,68.46846846846847,178.57142857142858,61.2646241850397,59726.85,1107957,46034.9,-6329.0,-11.303198614112475
2022-03-08,15770,16465,15230,15970,186870,47691,15659.0,15615.0,15476.75,15434.333333333334,96.57263662776495,54.38756837958353,42.18506824818142,76.19047619047619,254.64285714285714,106.1009233174122,65742.2,1294827,45463.75,-1973.0,-3.972696520618557
2022-03-09,15570,15750,15400,15410,109136,43762,15625.0,15599.5,15497.5,15441.916666666666,73.86760599475565,58.283575902617955,15.584030092137695,47.56097560975609,281.42857142857144,8.010100243836419,67884.9,1185691,44861.3,-3929.0,-8.238451699482086
2022-03-10,15360,15500,15180,15185,63338,41713,15563.0,15564.0,15495.25,15442.083333333334,37.28825030228654,54.084510782551675,-16.796260480265133,42.27642276422764,293.2142857142857,-74.84031378885396,67523.5,1122353,44613.85,-2049.0,-4.682144326127691
2022-03-11,15190,15485,15150,15275,43776,36483,15522.0,15530.0,15497.5,15438.0,15.38376079619411,46.344360785280166,-30.960599989086056,47.02702702702703,302.85714285714283,-69.84396282584402,65948.0,1166129,44421.5,-5230.0,-12.538057679859993
2022-03-14,15345,15345,15200,15215,47926,30664,15411.0,15496.5,15489.0,15433.75,-6.739514580898685,35.7275857120444,-42.46710029294309,41.07648725212464,301.07142857142856,-80.64146381707818,64936.6,1118203,44214.15,-5819.0,-15.949894471397641
2022-03-15,15120,15140,14910,15085,44550,28172,15234.0,15446.5,15475.25,15422.833333333334,-34.36613187542025,21.708842194551472,-56.074974069971724,37.09677419354839,313.57142857142856,-122.1703706935614,64270.0,1073653,44013.25,-2492.0,-8.126793634229069
2022-03-16,14975,15225,14975,15145,37127,23887,15181.0,15403.0,15467.0,15413.333333333334,-50.83295588821784,7.200482577997612,-58.03343846621545,39.577836411609496,317.14285714285717,-91.12899540875979,64038.7,1110780,43701.85,-4285.0,-15.210137725401108
2022-03-17,15205,15310,15065,15275,55636,55410,15199.0,15381.0,15456.25,15412.583333333334,-52.78465041803793,-4.796544021209496,-47.98810639682843,41.282051282051285,325.7142857142857,-59.475412670151364,64624.55,1166416,45162.05,31523.0,131.9671788001842
2022-03-18,15195,15305,15180,15265,36724,57815,15197.0,15359.5,15446.0,15409.916666666666,-54.509942138914994,-14.739223644750597,-39.7707184941644,42.480211081794195,320.7142857142857,-47.18564508233605,64412.15,1129692,46899.65,2405.0,4.340371774048002
2022-03-21,15285,15355,15160,15200,45590,59371,15194.0,15302.5,15436.75,15402.083333333334,-60.42565568502687,-23.876510052805855,-36.54914563222101,39.99999999999999,325.0,-46.7682643389139,65181.7,1084102,48937.9,1556.0,2.6913430770561186
2022-03-22,15240,15280,15165,15265,31846,59568,15230.0,15232.0,15423.5,15398.666666666666,-59.18667734440169,-30.938543511125026,-28.24813383327666,42.0654911838791,325.35714285714283,-43.21874588926071,63449.65,1115948,49255.1,197.0,0.3318118273231141
2022-03-23,15255,15345,15255,15260,36398,56797,15253.0,15217.0,15408.25,15393.666666666666,-57.94033616762317,-36.33890204242466,-21.601434125198516,43.83202099737533,315.0,-28.624557389480195,62311.05,1079550,49345.8,-2771.0,-4.651826484018262
2022-03-24,15360,15405,15305,15380,46354,56729,15274.0,15236.5,15400.25,15391.416666666666,-46.730919733765404,-38.417305580692805,-8.3136141530726,47.51243781094527,313.2142857142857,-9.010760026963862,61743.65,1125904,49434.35,-68.0,-0.11972463334330996
2022-03-25,15255,15460,15255,15445,54348,56735,15310.0,15253.5,15391.75,15387.083333333334,-32.23088213192386,-37.18002089093902,4.949138759015156,40.89635854341737,305.7142857142857,-1.2304569535769903,61523.35,1180252,49461.45,6.0,0.010576601032985522
2022-03-28,15495,15540,15365,15480,53394,52054,15366.0,15280.0,15388.25,15387.083333333334,-17.71112751929104,-33.28624221660942,15.575114697318384,34.876543209876544,230.0,17.72344921679412,60910.9,1233646,49239.85,-4681.0,-8.250638935401433
2022-03-29,15515,15665,15505,15590,64126,49605,15431.0,15330.5,15388.5,15390.666666666666,2.641513587694135,-26.10069105574871,28.742204643442847,57.69230769230769,202.5,48.20114985202838,61530.95,1297772,48911.2,-2449.0,-4.7047297037691616
2022-03-30,15575,15725,15545,15705,52619,48225,15520.0,15386.5,15394.75,15395.75,27.731001479629413,-15.334352548673088,43.0653540283025,74.52830188679245,192.5,63.909593843662705,61575.7,1350391,48456.85,-1380.0,-2.781977623223464
2022-03-31,15680,15860,15680,15815,58762,54491,15607.0,15440.5,15410.75,15401.0,55.846913628814946,-1.0980993131754815,56.94501294199043,75.0,181.42857142857142,85.09033974834082,61412.35,1409153,48241.45,6266.0,12.99326075686884
2022-04-01,15855,15875,15600,15740,71606,50197,15666.0,15488.0,15423.75,15407.916666666666,71.25571188098183,13.372662925655982,57.883048955325854,73.97260273972603,190.71428571428572,67.96598713785203,62010.1,1337547,47951.65,-4294.0,-7.880200400066062
2022-04-06,15625,15830,15620,15770,31832,51029,15724.0,15545.0,15423.75,15415.75,84.90926365255291,27.679983071035366,57.22928058151754,84.42211055276383,183.92857142857142,66.77756271982187,58597.9,1369379,48019.9,832.0,1.6574695698946096
2022-04-07,15875,15875,15585,15675,39263,48831,15741.0,15586.0,15409.0,15420.583333333334,87.0605163094533,39.55608971871895,47.504426590734354,75.72815533980582,186.78571428571428,67.0125856588474,51217.55,1330116,48076.9,-2198.0,-4.307354641478378
2022-04-08,15570,15630,15425,15455,43099,47843,15691.0,15605.5,15411.25,15424.833333333334,70.20397048441009,45.68566587185718,24.51830461255291,58.035714285714285,187.14285714285714,21.06997098440341,47915.7,1287017,48280.95,-988.0,-2.0233048678093835
2022-04-11,15580,15580,15340,15385,39128,47231,15605.0,15606.0,15421.25,15430.25,50.61318420570933,46.671169538627616,3.9420146670817147,55.08474576271186,195.35714285714286,4.306351829915735,46705.2,1247889,48556.85,-612.0,-1.2791839976590058
2022-04-12,15400,15495,15335,15370,36885,46269,15531.0,15598.5,15426.0,15429.5,33.49090795652046,44.03511722220619,-10.54420926568573,57.522123893805315,192.85714285714286,-4.636133513235861,46360.65,1211004,49046.15,-962.0,-2.0367978658084707
2022-04-13,15475,15535,15305,15490,40234,43400,15475.0,15599.5,15439.75,15434.5,29.267005961211908,41.081494970007334,-11.814489008795427,59.49367088607595,201.07142857142858,3.032148223477732,45976.05,1251238,49682.95,-2869.0,-6.200695930320521
2022-04-14,15455,15515,15305,15320,41075,47250,15404.0,15572.5,15451.5,15436.666666666666,12.062900341399654,35.2777760442858,-23.214875702886147,52.22222222222223,209.64285714285714,-16.75642395117908,45802.3,1210163,50636.85,3850.0,8.870967741935477
2022-04-15,15420,15490,15330,15440,37144,38627,15401.0,15546.0,15466.25,15438.833333333334,8.01908083480339,29.82603700238932,-21.80695616758593,52.22222222222223,211.42857142857142,-11.450514321663386,45803.15,1247307,51373.85,-8623.0,-18.24973544973545
2022-04-18,15395,15690,15395,15595,46588,33625,15443.0,15524.0,15482.25,15442.666666666666,17.124133006735065,27.285656203258473,-10.161523196523408,55.208333333333336,217.85714285714286,23.008470018162928,45350.75,1293895,50284.6,-5002.0,-12.949491288476978
2022-04-19,15670,15715,15540,15560,31686,32050,15481.0,15506.0,15497.0,15441.083333333334,21.270551283811074,26.082635219368992,-4.812083935557919,52.77777777777778,217.85714285714286,31.971492043043344,45098.85,1262209,48996.35,-1575.0,-4.684014869888475
2022-04-20,15600,15600,15385,15405,39712,28398,15464.0,15469.5,15507.25,15436.833333333334,11.912097782558703,23.248527732006938,-11.336429949448235,43.77104377104378,220.0,-14.223167631763669,44804.95,1222497,47447.7,-3652.0,-11.39469578783151
2022-04-21,15480,15695,15410,15680,62209,48194,15536.0,15470.0,15528.0,15437.916666666666,26.381547628783665,23.875131711362286,2.5064159174213785,49.24012158054711,227.85714285714286,23.688634600719837,46323.1,1284706,46879.0,19796.0,69.70913444608775
2022-04-22,15630,15780,15630,15725,54952,58976,15593.0,15497.0,15551.25,15441.5,41.00711035584027,27.301527440257882,13.705582915582387,47.15189873417721,225.71428571428572,58.923926881930605,47250.8,1339658,46987.95,10782.0,22.372079511972444
2022-04-25,15800,15830,15580,15650,68495,60201,15604.0,15523.5,15564.75,15438.75,46.01566109235682,31.04435417067767,14.971306921679151,47.15189873417721,223.92857142857142,45.38488898906968,48357.85,1271163,47161.55,1225.0,2.0771161150298534
2022-04-26,15685,15685,15550,15575,56247,55807,15607.0,15544.0,15571.25,15437.083333333334,43.432438323618044,33.52197100126575,9.910467322352297,43.99999999999999,218.57142857142858,11.188363198021172,48452.8,1214916,47115.15,-4394.0,-7.298882078370794
2022-04-27,15450,15575,15445,15495,50664,54902,15625.0,15544.5,15572.0,15433.666666666666,34.53182289712822,33.72394138043825,0.8078815166899744,44.409937888198755,207.14285714285714,-28.052198926139486,48316.3,1164252,47257.55,-905.0,-1.6216603651871608
2022-04-28,15480,15490,15390,15435,57104,54259,15576.0,15556.0,15564.25,15433.333333333334,22.378556418858352,31.45486438812227,-9.076307969263919,49.310344827586206,196.78571428571428,-49.848184590842635,47965.2,1107148,47490.25,-643.0,-1.1711777348730412
2022-04-29,15455,15715,15380,15695,61534,48048,15570.0,15581.5,15563.75,15437.583333333334,33.342480899771545,31.83238769045213,1.5100932093194146,59.45121951219512,203.57142857142858,11.786164424143594,48410.95,1168682,47481.4,-6211.0,-11.44694889327116
2022-05-05,15585,15900,15585,15750,53709,53126,15590.0,15597.0,15560.5,15443.5,45.93994331758404,34.65389881587851,11.286044501705526,61.3095238095238,214.64285714285714,71.53289259763645,48158.3,1222391,47413.15,5078.0,10.568598068598067
2022-05-06,15850,15850,15705,15775,53738,53112,15630.0,15618.5,15562.25,15452.916666666666,57.28051993191002,39.17922303908482,18.101296892825204,58.99053627760253,208.57142857142858,81.34405180062296,47264.9,1276129,47558.9,-14.0,-0.026352445130439772
2022-05-09,15700,15825,15480,15545,72653,47613,15640.0,15632.5,15551.0,15465.0,47.16523927439084,40.77642628614602,6.388812988244823,56.838905775075986,218.21428571428572,22.996399862557734,49305.95,1203476,47388.1,-5499.0,-10.35359240849526
2022-05-10,15350,15420,15225,15320,74149,47446,15617.0,15596.5,15533.25,15473.0,20.75394828318167,36.77193068555315,-16.01798240237148,46.57142857142857,228.92857142857142,-84.75349442434324,51050.25,1129327,47318.85,-167.0,-0.35074454455715776
2022-05-11,15170,15240,15060,15120,72582,50884,15502.0,15536.0,15516.5,15475.083333333334,-16.129586804328937,26.191627187576735,-42.32121399190567,36.76880222841226,226.42857142857142,-121.68926811155468,52524.4,1056745,47470.9,3438.0,7.246132445306253
2022-05-12,15100,15155,14970,14980,62453,56344,15348.0,15469.0,15496.25,15470.916666666666,-56.01122156742713,9.751057436575962,-65.76227900400309,34.73684210526315,227.14285714285714,-122.55351062396865,53690.65,994292,47926.55,5460.0,10.73028849933182
2022-05-13,14950,15070,14920,14925,56328,51079,15178.0,15404.0,15474.0,15465.833333333334,-91.0066764779167,-10.400489346322571,-80.60618713159413,36.666666666666664,222.5,-113.7127086878226,54662.8,937964,48167.05,-5265.0,-9.344384495243506
2022-05-16,14870,15080,14750,14960,91910,57105,15061.0,15350.5,15447.5,15458.75,-114.59563201772653,-31.239517880603366,-83.35611413712317,26.92307692307692,225.35714285714286,-102.73693402229814,57246.6,1029874,48852.3,6026.0,11.79741185222889
2022-05-17,15090,15090,14800,14895,52141,55099,14976.0,15296.5,15426.25,15451.0,-136.95625949743408,-52.38286620396951,-84.57339329346456,23.734177215189874,235.35714285714286,-89.64501382956117,57799.9,977733,49244.75,-2006.0,-3.5128272480518308
2022-05-18,14805,14940,14680,14770,58100,54783,14906.0,15204.0,15392.75,15442.0,-162.8860245086289,-74.48349786490141,-88.4025266437275,23.006134969325146,236.07142857142858,-95.93204740698475,58847.7,919633,50052.55,-316.0,-0.5735131309098196
2022-05-19,14795,14930,14720,14905,70375,39552,14891.0,15119.5,15358.25,15432.25,-170.57588570533517,-93.70197543298816,-76.873910272347,30.1775147928994,241.42857142857142,-76.63323106410846,60037.05,990008,50348.9,-15231.0,-27.802420458901487
2022-05-20,14815,15020,14805,15005,49532,32239,14907.0,15042.5,15330.5,15424.5,-166.6796130166549,-108.29750294972152,-58.38211006693339,35.672514619883046,247.5,-56.738073522753595,60929.35,1039540,50358.35,-7313.0,-18.489583333333336
2022-05-23,15100,15155,15005,15070,40793,24976,14929.0,14995.0,15313.75,15419.25,-156.54230976464896,-117.94646431270701,-38.595845451941955,39.35860058309038,250.71428571428572,-34.18674205202062,60983.4,1080333,50187.25,-7263.0,-22.528614411116965
2022-05-24,15145,15180,15055,15150,74004,64869,14980.0,14978.0,15287.25,15412.916666666666,-140.4342538291512,-122.44402221599586,-17.990231613155345,32.24755700325733,235.71428571428572,-23.652039907018438,61573.15,1154337,51021.0,39893.0,159.72533632286994
2022-05-25,15100,15135,14975,15085,56125,61775,15043.0,14974.5,15255.25,15404.916666666666,-131.3987769129726,-124.2349731553912,-7.163803757581405,28.47896440129449,225.71428571428572,-29.169197334430336,61631.8,1098212,51160.95,-3094.0,-4.769612603863171
2022-05-26,15000,15015,14790,14800,67982,67012,15022.0,14956.5,15212.75,15392.583333333334,-145.55732033291315,-128.4994425908956,-17.057877742017553,22.991689750692515,236.42857142857142,-53.58329585897973,61606.15,1030230,51501.5,5237.0,8.477539457709437
2022-05-27,14860,15095,14820,15045,65463,63786,15030.0,14968.5,15186.25,15383.083333333334,-135.4472638062798,-129.88900683397245,-5.558256972307362,36.26373626373627,232.85714285714286,-31.572748333928963,62066.95,1095693,51900.45,-3226.0,-4.814063152868142
2022-05-30,15020,15125,14975,15075,56164,56670,15031.0,14980.0,15165.25,15375.166666666666,-123.58955839303417,-128.6291171457848,5.039558752750622,42.46153846153845,220.71428571428572,-17.12666758007064,62341.95,1151857,51988.85,-7116.0,-11.156053052393943
2022-05-31,15170,15280,15120,15210,69197,53578,15043.0,15011.5,15154.0,15368.916666666666,-102.12167456906172,-123.32762863044019,21.205954061378463,52.88461538461539,216.78571428571428,8.523292900344094,62946.6,1221054,51954.8,-3092.0,-5.456149638256569
2022-06-01,15100,15220,15060,15125,49361,51452,15051.0,15047.0,15125.5,15361.333333333334,-90.91895448396463,-116.84589380114508,25.926939317180455,54.81727574750831,215.0,1.0772095594996431,62337.95,1171693,52125.0,-2126.0,-3.968046586285412
2022-06-02,15125,15150,15000,15030,41189,50297,15097.0,15059.5,15089.5,15353.583333333334,-88.68412872517183,-111.21354078595044,22.52941206077861,53.39805825242718,215.0,-7.150055771830948,61711.95,1130504,51983.55,-1155.0,-2.2448106973489867
2022-06-06,14970,15000,14805,14945,47476,55141,15077.0,15053.5,15048.0,15344.666666666666,-92.7031783018956,-107.51146828913949,14.808289987243882,49.529780564263326,207.5,-36.601821368461714,61398.85,1083028,52085.0,4844.0,9.630793089051037
2022-06-07,15050,15215,15025,15120,60562,49615,15086.0,15058.5,15026.75,15333.833333333334,-80.83544588136101,-102.1762638075838,21.340817926222783,56.598240469208214,206.07142857142858,35.93453745857898,60794.3,1143590,52185.1,-5526.0,-10.021581037703342
2022-06-08,15035,15280,14990,15275,61180,53651,15099.0,15071.0,15024.5,15322.25,-58.25149089796105,-93.39130922565926,35.13981832769821,64.55331412103746,208.21428571428572,69.79718012987297,60145.85,1204770,52495.35,4036.0,8.134636702610099
2022-06-09,15290,15310,15150,15175,41453,51087,15109.0,15080.0,15027.25,15318.333333333334,-47.87088239646255,-84.28722385981992,36.41634146335737,57.94117647058823,204.64285714285714,77.88945479204206,58589.4,1163317,52505.5,-2564.0,-4.779034873534515
2022-06-10,15160,15160,14980,15025,52727,51346,15108.0,15102.5,15029.5,15315.666666666666,-51.1582018622812,-77.66141946031217,26.50321759803097,50.57142857142858,203.21428571428572,12.634832622348602,58103.1,1110590,52255.6,259.0,0.5069782919333576
2022-06-13,14920,15040,14910,14955,43353,54342,15110.0,15093.5,15031.0,15310.333333333334,-58.73478318892194,-73.87609220603413,15.141309017112192,46.72364672364672,201.78571428571428,-23.085724642878365,57454.35,1067237,52418.75,2996.0,5.834923849959095
2022-06-14,14905,15020,14900,14950,49312,56819,15076.0,15081.0,15030.5,15305.916666666666,-64.40036932017574,-71.98094762886245,7.580578308686711,44.047619047619044,201.42857142857142,-28.67766330402108,55324.45,1017925,52404.45,2477.0,4.558168635677751
2022-06-15,14925,14965,14825,14940,52350,59224,15009.0,15054.0,15032.75,15303.5,-68.90303230824793,-71.36536456473955,2.462332256491621,45.53846153846153,198.92857142857142,-47.38084786765589,55334.9,965575,52610.7,2405.0,4.232739048557699
2022-06-16,14855,14960,14830,14885,49169,59297,14951.0,15030.0,15038.5,15299.166666666666,-76.03300436661812,-72.29889252511526,-3.734111841502852,53.046594982078844,187.14285714285714,-60.845323565080484,54888.35,916406,52836.4,73.0,0.12326084019991246
2022-06-17,14845,15120,14820,15085,68365,52329,14963.0,15035.5,15047.5,15296.0,-64.7982758725575,-70.79876919460371,6.000493322046211,51.48148148148148,187.5,-13.717412708189343,54787.85,984771,53475.25,-6968.0,-11.751016071639375
2022-06-20,15000,15050,14850,14960,59622,49728,14964.0,15037.0,15045.25,15290.916666666666,-65.22920624475955,-69.68485660463489,4.455650359875335,46.02076124567474,193.57142857142858,-40.215601500817435,55292.35,925149,54349.7,-2601.0,-4.97047526228287
2022-06-21,14960,15240,14940,15215,77270,38614,15017.0,15046.5,15052.5,15291.166666666666,-44.481596636145696,-64.64420461093705,20.162607974791356,50.159744408945684,200.35714285714286,42.70743891123971,57116.2,1002419,55031.6,-11114.0,-22.349581724581725
2022-06-22,15110,15230,15075,15185,55236,29724,15066.0,15037.5,15054.25,15289.833333333334,-30.112596553770345,-57.73788299950372,27.625286445733373,51.98675496688742,200.0,55.787562383965785,56177.8,947183,53274.35,-8890.0,-23.022737867094833
2022-06-23,15165,15175,15030,15080,44566,25192,15105.0,15028.0,15054.0,15286.833333333334,-26.887737839046167,-51.567853967412205,24.680116128366038,51.64473684210525,200.35714285714286,23.496497909514606,55599.85,902617,51445.2,-4532.0,-15.246938500874718
2022-06-24,15045,15050,14900,14915,81384,56293,15071.0,15017.0,15059.75,15279.083333333334,-37.217119326498505,-48.69770703922946,11.480587712730959,49.0625,197.14285714285714,-45.05866478837884,56269.95,821233,50909.25,31101.0,123.45585900285805
2022-06-27,14825,15200,14800,15185,110238,51451,15116.0,15040.0,15066.75,15274.75,-23.347351325766795,-43.62763589653693,20.280284570770135,51.91740412979351,206.42857142857142,4.806084939245273,58508.7,931471,50292.5,-4842.0,-8.601424688682425
2022-06-28,15195,15260,15130,15245,65688,49364,15122.0,15069.5,15075.25,15270.833333333334,-7.4283325066662655,-36.3877752185628,28.959442711896536,49.0625,195.0,70.20139179923305,58984.9,997159,49927.2,-2087.0,-4.0562865639151795
2022-06-29,15210,15285,15165,15170,62338,49017,15119.0,15092.5,15073.25,15263.833333333334,-0.8544193862107932,-29.2811040520924,28.426684665881606,49.84126984126984,192.14285714285714,67.67095459698197,58641.95,934821,49699.15,-347.0,-0.7029414147962099
2022-06-30,15190,15375,15180,15280,82028,59671,15159.0,15132.0,15081.0,15256.75,13.080748094329465,-20.808733622808028,33.88948171713749,58.306188925081436,192.85714285714286,89.50048464367302,60275.3,1016849,50110.1,10654.0,21.73531631882817
2022-07-01,15175,15195,15025,15085,84608,50988,15193.0,15132.0,15083.75,15244.583333333334,8.293990444104566,-14.988188809425509,23.282179253530074,53.915662650602414,201.78571428571428,13.830698089869227,62446.25,932241,50144.65,-8683.0,-14.551457156742808
2022-07-04,15085,15145,15015,15090,55549,51115,15174.0,15145.0,15091.0,15233.75,4.8480237330295495,-11.020946300934497,15.868970033964047,54.21686746987952,202.5,2.695282499105125,62849.9,987790,49943.35,127.0,0.24907821448183487
2022-07-05,15045,15085,14935,14955,59584,52536,15116.0,15119.0,15082.75,15220.166666666666,-8.67628663870346,-10.55201436848829,1.8757277297848312,50.42016806722689,203.57142857142858,-34.74169871353092,62801.0,928206,50089.4,1421.0,2.7800058691186624
2022-07-06,14960,15015,14875,14920,63164,51883,15066.0,15092.5,15065.0,15207.583333333334,-21.965404033779123,-12.834692301546458,-9.130711732232665,50.9915014164306,204.28571428571428,-53.210114354834424,62900.2,865042,50001.0,-653.0,-1.2429572102938935
2022-07-07,14960,15165,14930,15115,70212,49300,15033.0,15096.0,15062.0,15201.916666666666,-16.57123214634521,-13.582000270506208,-2.9892318758390015,50.85227272727273,200.35714285714286,8.499124678706014,64338.15,935254,49911.65,-2583.0,-4.978509338318915
2022-07-08,15115,15160,14860,14865,55910,51345,14989.0,15091.0,15054.0,15193.25,-32.09920309327026,-17.28544083505902,-14.813762258211241,47.48010610079576,205.0,-38.48039481871569,64497.3,879344,49911.6,2045.0,4.148073022312371
2022-07-11,14940,14940,14800,14830,50800,54064,14937.0,15055.5,15047.75,15184.25,-46.691212204468684,-23.166595108940953,-23.52461709552773,38.438438438438446,193.57142857142858,-78.58563724734557,64869.65,828544,49897.7,2719.0,5.295549712727632
2022-07-12,14830,15125,14825,15070,69324,50147,14960.0,15038.0,15053.75,15177.25,-38.44630524367494,-26.22253713588775,-12.22376810778719,46.93333333333333,203.92857142857142,-15.974590698562057,65870.25,897868,49564.1,-3917.0,-7.245116898490678
2022-07-13,15000,15040,14820,14880,60881,48634,14952.0,15009.0,15050.75,15169.916666666666,-46.705180926888715,-30.31906589408795,-16.386115032800767,44.89795918367347,210.71428571428572,-56.349164835327215,66296.8,836987,49034.6,-1513.0,-3.0171296388617486
2022-07-14,14895,14910,14610,14655,72898,54629,14860.0,14946.5,15039.25,15156.833333333334,-70.59227519804335,-38.37370775487903,-32.218567443164325,43.56435643564356,219.28571428571428,-117.43727958098742,67483.25,764089,48801.2,5995.0,12.3267672821483
2022-07-15,14640,14665,14345,14620,84336,55272,14811.0,14900.0,15016.0,15140.583333333334,-91.29478751649367,-48.95792370720196,-42.336863809291714,34.17366946778712,213.57142857142858,-136.22945567879594,68281.8,679753,48948.35,643.0,1.177030514927968
2022-07-18,14750,15065,14750,15040,91317,42240,14853.0,14895.0,15020.0,15131.916666666666,-72.97003463190049,-53.760345892141665,-19.209688739758825,45.22144522144522,236.07142857142858,-17.59440090601775,69866.55,771070,48573.95,-13032.0,-23.577941815023884
2022-07-19,15040,15200,15040,15095,52981,38463,14858.0,14909.0,15014.0,15126.75,-53.394002774944965,-53.68707726870233,0.2930744937573664,48.23529411764706,238.92857142857142,29.27716326542649,68652.1,824051,48566.4,-3777.0,-8.941761363636369
2022-07-20,15050,15145,14940,15125,40867,33512,14907.0,14929.5,15011.0,15117.5,-35.05501482120599,-49.96066477920307,14.905649957997085,46.210268948655255,238.92857142857142,18.83158441433863,67933.65,864918,48755.8,-4951.0,-12.872110859787334
2022-07-21,15200,15325,15190,15245,42678,29608,15025.0,14942.5,15019.25,15109.5,-10.714724944959016,-42.11147681235426,31.396751867395245,54.06091370558376,235.0,67.73851561638946,67839.25,907596,48976.6,-3904.0,-11.649558367152068
2022-07-22,15210,15220,15050,15160,36812,23883,15133.0,14972.0,15031.5,15101.333333333334,1.6967810828136862,-33.34982523332068,35.046606316134365,51.707317073170735,239.64285714285714,33.55020123660544,65610.65,870784,47356.1,-5725.0,-19.335990272899217
2022-07-25,15200,15295,15150,15215,68510,56903,15168.0,15010.5,15033.0,15095.333333333334,15.789023342944347,-23.522055518067674,39.31107886101202,56.5989847715736,238.92857142857142,51.361116119958034,63524.25,939294,47628.7,33020.0,138.2573378553783
2022-07-26,15255,15285,15190,15275,38284,57922,15204.0,15031.0,15034.5,15091.666666666666,31.436346785007117,-12.530375057452716,43.96672184245983,58.89724310776943,235.71428571428572,58.336061444971676,62154.05,977578,48056.6,1019.0,1.7907667434054364
2022-07-27,15230,15255,15150,15185,34807,56221,15216.0,15061.5,15035.25,15087.5,36.157909632378505,-2.792718119486471,38.95062775186498,51.85185185185185,227.14285714285714,44.19764527099922,60777.5,942771,48416.8,-1701.0,-2.9367079866026713
2022-07-28,15185,15305,15155,15305,46609,58833,15228.0,15126.5,15036.5,15081.0,49.01773340587533,7.56937218558589,41.44836122028944,62.5,216.42857142857142,60.803422458178815,59006.55,989380,48374.9,2612.0,4.645950801302012
2022-07-29,15255,15295,15190,15290,47318,59783,15254.0,15193.5,15046.75,15073.333333333334,57.3379060670959,17.523078961887894,39.81482710520801,63.2183908045977,214.64285714285714,57.57620923020567,57142.05,942062,48814.65,950.0,1.6147400268556655
2022-08-01,15340,15355,15100,15135,63767,54300,15238.0,15203.0,15049.0,15062.666666666666,50.838464065862354,24.186155982682788,26.652308083179566,51.96374622356495,211.42857142857142,39.19962360346055,57552.95,878295,48973.9,-5483.0,-9.171503604703679
2022-08-02,15185,15315,15185,15210,56376,58758,15225.0,15214.5,15061.75,15057.083333333334,51.1498589188468,29.578896569915592,21.57096234893121,60.71428571428572,206.42857142857142,45.424894644106374,57392.55,934671,49285.0,4458.0,8.209944751381215
2022-08-03,15160,15215,15095,15160,41214,56557,15220.0,15218.0,15073.75,15054.416666666666,46.822320881512496,33.027581432234975,13.794739449277522,68.4981684981685,193.57142857142858,22.42222206203756,56295.05,893457,49518.7,-2201.0,-3.745872902413283
2022-08-04,15090,15185,15085,15140,34392,54694,15187.0,15207.5,15075.0,15054.75,41.30277032939375,34.68261921166673,6.620151117727019,69.25925925925927,177.85714285714286,16.416428287249875,54504.05,859065,49788.4,-1863.0,-3.2940219601463983
2022-08-05,15170,15260,15090,15225,46449,57385,15174.0,15214.0,15093.0,15058.833333333334,43.28827607540552,36.403750584414496,6.884525490991024,59.11330049261084,158.21428571428572,27.498756958679312,54031.0,905514,50090.4,2691.0,4.920100925147186
2022-08-08,15200,15320,15190,15290,41903,59769,15205.0,15221.5,15116.0,15064.916666666666,49.53574324307374,39.03014911614635,10.505594126927392,59.512195121951216,156.07142857142858,42.142976900981886,53586.15,947417,50375.65,2384.0,4.15439574801777
2022-08-09,15425,15450,15280,15315,47159,64482,15226.0,15225.5,15128.25,15070.833333333334,55.860274576794836,42.39617420827605,13.464100368518785,59.313725490196084,153.57142857142858,57.128616030361314,52477.9,994576,51092.4,4713.0,7.885358630728301
2022-08-10,15355,15380,15155,15225,49349,58815,15239.0,15229.5,15145.5,15076.333333333334,52.99932021345194,44.51680340931124,8.482516804140701,48.989898989899,155.35714285714286,29.580858517169784,51901.3,945227,51601.45,-5667.0,-8.788499116032378
2022-08-11,15185,15250,15125,15250,38855,57064,15261.0,15224.0,15175.25,15084.333333333334,52.14815288931095,46.04307330531118,6.105079583999768,54.83870967741936,150.35714285714286,13.600565723655622,50199.15,984082,51723.2,-1751.0,-2.977131684094192
2022-08-12,15285,15345,15255,15315,43057,60029,15279.0,15226.5,15210.0,15091.166666666666,56.07218814373664,48.048896272996274,8.023291870740366,55.319148936170215,146.78571428571428,58.9112428106422,48135.2,1027139,51961.05,2965.0,5.195920370110763
2022-08-15,15205,15230,14985,14985,81602,54980,15218.0,15211.5,15207.25,15090.833333333334,32.18278911921334,44.87567484223969,-12.69288572302635,38.01652892561983,163.57142857142858,-93.97507463427847,47649.45,945537,52598.05,-5049.0,-8.410934714887809
2022-08-16,15060,15065,14975,15040,37551,53441,15163.0,15194.5,15204.5,15090.333333333334,17.486732457618928,39.397886365315536,-21.911153907696608,43.829787234042556,161.07142857142858,-106.91865941991138,46877.95,983088,53346.95,-1539.0,-2.7991997089850895
2022-08-17,15040,15175,15025,15100,38914,49372,15138.0,15188.5,15203.25,15089.5,10.559773734628834,33.6302638391782,-23.070490104549364,40.80717488789238,161.07142857142858,-64.93584541277144,46780.3,1022002,54139.95,-4069.0,-7.614004228962779
2022-08-18,15040,15110,14945,14960,37512,47970,15080.0,15170.5,15189.0,15087.416666666666,-6.155761147882004,25.673058841766156,-31.82881998964816,36.693548387096776,164.64285714285714,-103.17633208904012,46522.0,984490,55058.05,-1402.0,-2.8396662075670376
2022-08-19,15060,15075,14915,14960,40044,43853,15009.0,15144.0,15179.0,15090.083333333334,-19.1818268119805,16.702081711016824,-35.883908522997324,41.935483870967744,157.85714285714286,-98.81273061243985,46683.6,984490,56056.55,-4117.0,-8.582447362935163
2022-08-22,14960,15115,14925,15080,40244,39649,15028.0,15123.0,15172.25,15090.666666666666,-19.596187924171318,9.442427783979197,-29.038615708150516,44.24778761061947,158.57142857142858,-63.528231313706996,45270.3,1024734,55193.85,-4204.0,-9.586573324516001
2022-08-23,15015,15105,14970,15065,34429,37888,15033.0,15098.0,15161.75,15090.5,-20.894092636865025,3.375123699810352,-24.269216336675377,45.662100456621005,159.64285714285714,-54.481217947832704,45077.55,990305,54192.15,-1761.0,-4.441473933768824
2022-08-24,15055,15085,14995,15080,29031,35476,15029.0,15083.5,15156.5,15088.333333333334,-20.476279034139225,-1.3951568469795634,-19.08112218715966,47.247706422018354,158.92857142857142,-46.98403684082831,44788.75,1019336,53154.9,-2412.0,-6.366131756756754
2022-08-25,15025,15185,15025,15160,40030,32598,15069.0,15074.5,15149.25,15088.916666666666,-13.533817903411546,-3.82288905826596,-9.710928845145585,47.00460829493088,158.21428571428572,-12.447825213355785,44459.8,1059366,51843.15,-2878.0,-8.112526778667274
2022-08-26,15160,15200,14980,15020,52297,22873,15081.0,15045.0,15135.75,15088.75,-19.10842735479673,-6.879996717572115,-12.228430637224616,38.362068965517246,164.64285714285714,-34.81106609451626,44708.75,1007069,49997.65,-9725.0,-29.8331185962329
2022-08-29,15100,15100,14910,14945,28563,15463,15054.0,15041.0,15126.25,15088.75,-29.241144989302484,-11.352226371918189,-17.888918617384295,34.710743801652896,166.07142857142858,-65.47151338043749,42948.55,978506,48055.8,-7410.0,-32.396275084160365
2022-08-30,14920,14985,14860,14920,61286,60846,15025.0,15029.0,15111.75,15085.416666666666,-38.84095344950765,-16.849971787436083,-21.99098166207157,36.68122270742358,158.92857142857142,-82.30751895401286,43194.05,917220,48160.2,45383.0,293.4941473194076
2022-08-31,14900,14950,14855,14915,30704,59661,14992.0,15010.5,15099.5,15079.416666666666,-46.31839935480093,-22.743657300909057,-23.574742053891875,35.111111111111114,156.78571428571428,-77.85798153772436,42668.55,886516,48315.4,-1185.0,-1.9475396903658404
2022-09-01,14855,14900,14800,14800,39110,65959,14920.0,14994.5,15082.5,15073.166666666666,-60.82274131074519,-30.359474102876284,-30.463267207868903,28.085106382978722,158.21428571428572,-91.42865470826172,42904.45,847406,48878.65,6298.0,10.556309817133469
2022-09-02,14810,14920,14800,14885,37608,62106,14893.0,14987.0,15065.5,15070.833333333334,-64.71277855474,-37.230134993249024,-27.482643561490974,44.623655913978496,143.21428571428572,-70.00623795279772,42462.4,885014,49114.7,-3853.0,-5.8415076032080515
2022-09-05,14840,14935,14795,14920,39587,62173,14888.0,14971.0,15047.0,15070.25,-64.23103817832634,-42.63031563026449,-21.600722548061853,43.40659340659341,146.78571428571428,-58.9850528483193,42346.6,924601,49234.9,67.0,0.10788007599908944
2022-09-06,14870,15080,14870,15060,56569,55188,14916.0,14970.5,15034.25,15072.083333333334,-51.95353744833483,-44.49495999387856,-7.458577454456268,47.97979797979798,151.07142857142858,-12.34688306075805,42817.1,981170,48770.2,-6985.0,-11.234780370900555
2022-09-07,15050,15095,15000,15030,37691,51701,14939.0,14965.5,15024.5,15073.583333333334,-44.13551223312061,-44.42307044172697,0.28755820860636305,53.97727272727273,146.07142857142858,8.0730498296612,42234.2,943479,48414.5,-3487.0,-6.318402551279267
2022-09-08,15070,15135,15045,15110,43321,48191,15001.0,14960.5,15017.5,15077.333333333334,-31.125543620251847,-41.76356507743195,10.638021457180102,57.8125,142.14285714285714,37.20249043104281,42457.5,986800,47970.85,-3510.0,-6.789036962534578
2022-09-09,15015,15050,14905,14940,55717,46900,15012.0,14952.5,14998.75,15074.916666666666,-34.139094779739025,-40.23867101789337,6.0995762381543415,43.069306930693074,143.21428571428572,-21.842746175977744,43090.5,931083,47314.4,-1291.0,-2.6789234504367987
2022-09-13,15095,15195,15050,15145,55525,47348,15057.0,14972.5,15006.75,15078.0,-19.757813269026883,-36.14249946812007,16.38468619909319,53.33333333333333,151.78571428571428,73.39656536499837,41786.65,986608,46932.8,448.0,0.9552238805970115
2022-09-14,15065,15080,14955,14995,52639,43338,15044.0,14980.0,15004.5,15074.333333333334,-20.231079170673183,-32.960215408630695,12.729136237957512,46.81647940074906,158.92857142857142,3.9875103211064515,42541.05,933969,46427.65,-4010.0,-8.469206724676859
2022-09-15,15010,15075,14995,15050,38466,41162,15048.0,14993.5,15002.0,15072.083333333334,-15.98385354751008,-29.56494303640657,13.581089488896492,45.801526717557245,153.21428571428572,23.95913856782781,42518.65,972435,46017.15,-2176.0,-5.0209977387050575
2022-09-16,15025,15055,14920,14925,38316,43101,15011.0,15006.0,15000.25,15069.5,-22.445612919136693,-28.141077012952596,5.695464093815904,46.33204633204633,147.14285714285714,-18.923138249581623,42558.85,934119,45773.7,1939.0,4.710655458918422
2022-09-19,14920,14925,14845,14875,53477,48274,14998.0,15005.0,14996.0,15068.833333333334,-31.24105843343932,-28.761073297049943,-2.4799851363893772,47.24409448818897,139.28571428571428,-63.77944573772428,43230.5,880642,45994.75,5173.0,12.002041715969458
2022-09-20,14835,14950,14825,14910,33895,43662,14951.0,15004.0,14987.5,15064.25,-34.98403074882299,-30.005664787404555,-4.978365961418433,49.609375,139.28571428571428,-50.897053166260775,42913.05,914537,46195.4,-4612.0,-9.553797075030035
2022-09-21,14980,15005,14935,14960,27544,40196,14944.0,14994.0,14982.25,15059.5,-33.52927651444952,-30.71038713281355,-2.8188893816359695,51.698113207547166,139.28571428571428,-8.64167033055925,42568.8,942081,46310.8,-3466.0,-7.9382529430626185
2022-09-22,14925,15050,14910,15005,41744,32980,14935.0,14991.5,14978.5,15056.75,-28.417668193907957,-30.251843345032434,1.8341751511244766,58.16733067729084,141.07142857142858,5.578052351645697,43204.45,983825,46186.0,-7216.0,-17.952035028361035
2022-09-23,15015,15055,14860,14885,44687,34005,14927.0,14969.0,14964.75,15050.166666666666,-33.66164836221469,-30.93380434846889,-2.727844013745802,50.0,146.42857142857142,-22.36137995164791,43437.3,939138,46256.35,1025.0,3.1079442086112685
2022-09-26,14850,14995,14825,14940,45311,23201,14940.0,14969.0,14960.75,15047.75,-32.99910691729929,-31.34686486223497,-1.6522420550643169,50.76335877862596,148.57142857142858,-27.025765508742122,43088.0,984449,46272.75,-10804.0,-31.77179826496104
2022-09-27,14930,14965,14820,14855,33076,21297,14929.0,14940.0,14956.25,15043.833333333334,-38.884590321798896,-32.854409954147755,-6.030180367651141,41.832669322709165,143.92857142857142,-48.299629514051425,43313.65,951373,46564.45,-1904.0,-8.206542821430107
2022-09-28,14865,14925,14830,14880,50331,53710,14913.0,14928.5,14954.25,15042.583333333334,-41.05829281453407,-34.49518652622502,-6.563106288309051,43.99999999999999,143.92857142857142,-47.04617368210912,42765.9,1001704,46207.65,32413.0,152.19514485608303
2022-09-29,14885,15045,14885,15005,68901,48620,14913.0,14924.0,14958.75,15044.0,-32.32192533374837,-34.060534287729695,1.738608953981327,45.94594594594595,148.21428571428572,12.673754658548782,44675.75,1070605,45655.6,-5090.0,-9.476819959039284
2022-09-30,15075,15100,14980,15030,45033,46536,14942.0,14934.5,14970.25,15042.583333333334,-23.114549953261303,-31.871337420836017,8.756787467574714,53.913043478260875,142.14285714285714,44.84164117826872,44971.9,1115638,44684.45,-2084.0,-4.286301933360759
2022-10-10,15285,15295,15155,15245,63349,50985,15003.0,14971.5,14988.25,15048.916666666666,1.5136165123985847,-25.1943466341891,26.707963146587684,54.31034482758621,142.85714285714286,132.15002023830777,46258.95,1178987,44128.4,4449.0,9.560340381640021
2022-10-11,15290,15300,15225,15265,42762,54903,15085.0,15007.0,15005.5,15056.166666666666,22.387380934073008,-15.678001120536678,38.065382054609685,63.10679611650486,134.64285714285714,119.17777136022907,46417.7,1221749,43764.9,3918.0,7.684613121506323
2022-10-12,15240,15305,15235,15295,35471,57652,15168.0,15040.5,15017.25,15059.916666666666,40.879505413342486,-4.366499813760845,45.24600522710333,62.18905472636816,133.92857142857142,104.3207186563664,45362.8,1257220,43888.1,2749.0,5.007012367265906
2022-10-13,15260,15365,15210,15280,42809,59980,15223.0,15068.0,15029.75,15066.583333333334,53.70519262173366,7.247838673338057,46.4573539483956,69.83240223463687,135.35714285714286,92.09663412137118,45618.7,1214411,44302.05,2328.0,4.0380212308332775
2022-10-14,15280,15385,15240,15365,38595,61152,15290.0,15116.0,15042.5,15078.416666666666,69.92240974942797,19.78275288855604,50.13965686087193,76.34408602150538,140.0,94.02200867154706,45382.4,1253006,44950.1,1172.0,1.9539846615538536
2022-10-17,15365,15390,15265,15310,38498,58897,15303.0,15153.0,15061.0,15089.916666666666,77.44390567854134,31.3149834465531,46.12892223198824,71.05263157894737,140.0,79.77524610445259,44521.45,1214508,45549.95,-2255.0,-3.687532705389851
2022-10-18,15300,15360,15280,15315,34276,58524,15313.0,15199.0,15069.5,15094.5,82.85312436170898,41.62261162958428,41.2305127321247,69.61325966850829,138.92857142857142,71.77226542485016,43459.0,1248784,46108.75,-373.0,-0.6333089970626649
2022-10-19,15280,15350,15260,15310,34758,55510,15316.0,15242.0,15085.25,15098.083333333334,85.74806065921439,50.447701435510304,35.300359223704085,67.63005780346822,135.35714285714286,61.56379652036138,42564.95,1214026,46717.35,-3014.0,-5.150023921809854
2022-10-20,15280,15390,15255,15350,38205,54663,15330.0,15276.5,15100.25,15101.833333333334,90.22987045743866,58.40413523989598,31.825735217542686,79.61783439490446,131.07142857142858,61.777876764154456,42551.9,1252231,47392.4,-847.0,-1.525851197982342
2022-10-21,15310,15510,15300,15460,51258,57608,15349.0,15319.5,15127.0,15105.416666666666,101.48792804342702,67.0208938006022,34.46703424282482,80.95238095238095,133.92857142857142,75.87629938903794,43199.0,1303489,48117.75,2945.0,5.387556482446998
2022-10-24,15365,15410,15265,15365,50185,46232,15360.0,15331.5,15151.5,15108.833333333334,101.57343836813743,73.93140271410925,27.642035654028177,80.0,137.5,51.32110052262093,43034.4,1253304,48015.65,-11376.0,-19.747257325371482
2022-10-25,15350,15395,15300,15310,46491,31184,15359.0,15336.0,15171.5,15110.416666666666,96.09543718814348,78.3642096089161,17.73122757922738,74.43181818181819,137.5,43.8424383469696,43664.2,1206813,47391.75,-15048.0,-32.54888388994635
2022-10-26,15275,15290,15160,15190,38079,20248,15335.0,15325.5,15183.0,15109.0,81.13580165181702,78.91852801749629,2.2172736343207333,60.57142857142857,136.42857142857142,9.006873919753366,44190.95,1168734,46394.35,-10936.0,-35.06926629040533
2022-10-27,15190,15230,15105,15125,56149,65225,15290.0,15310.0,15189.0,15108.0,63.30547977404967,75.79591836880697,-12.490438594757293,55.19125683060109,136.78571428571428,-9.718059225681165,44911.2,1112585,48006.6,44977.0,222.1305807981035
2022-10-28,15075,15140,15055,15080,50100,62463,15214.0,15281.5,15198.75,15104.25,45.02468081255938,69.64167085755746,-24.616990044998076,38.92617449664429,123.92857142857143,-30.536037874412937,45181.85,1062485,49429.5,-2762.0,-4.234572633192791
2022-10-31,15180,15290,15125,15180,71228,62446,15177.0,15268.5,15210.75,15102.416666666666,38.16622372520942,63.346581431087856,-25.180357705878436,44.84848484848485,133.57142857142858,-3.7111761937472973,46477.7,1133713,51391.75,-17.0,-0.02721611193826634
2022-11-01,15170,15180,15105,15160,43395,58765,15147.0,15253.0,15226.0,15102.833333333334,30.76240436930675,56.82974601873164,-26.06734164942489,41.717791411042946,133.92857142857142,-27.026902920954544,46993.65,1090318,53265.15,-3681.0,-5.894693014764751
2022-11-02,15165,15225,15130,15155,33478,57810,15140.0,15237.5,15239.75,15101.916666666666,24.212262089105934,50.3062492328065,-26.093987143700566,42.23602484472049,129.64285714285714,-29.863813981222812,46151.0,1056840,53470.15,-955.0,-1.62511699140645
2022-11-03,15155,15175,15065,15165,45383,53862,15148.0,15219.0,15247.75,15102.0,19.602181817277597,44.16543574970073,-24.56325393242313,36.3013698630137,127.14285714285714,-55.6330915711855,44975.1,1102223,53732.25,-3948.0,-6.829268292682922
2022-11-04,15150,15275,15120,15230,46651,53044,15178.0,15196.0,15257.75,15103.5,20.952094062229662,39.52276741220652,-18.570673349976857,44.5945945945946,129.28571428571428,-26.42705306175452,45056.0,1148874,54057.65,-818.0,-1.5186959266273115
2022-11-07,15205,15245,15115,15125,47877,49321,15167.0,15172.0,15251.75,15101.833333333334,13.394878937193425,34.297189717203906,-20.90231078001048,38.6904761904762,132.85714285714286,-49.80577697839605,44282.4,1100997,53974.45,-3723.0,-7.018701455395515
2022-11-08,15145,15250,15115,15165,44712,48721,15168.0,15157.5,15246.75,15099.75,10.512218894078615,29.540195552578847,-19.027976658500233,41.714285714285715,136.07142857142858,-38.403964186785984,44379.9,1145709,53665.35,-600.0,-1.2165203463027963
2022-11-09,15200,15315,15170,15290,43224,50637,15195.0,15167.5,15246.5,15099.333333333334,18.10543716349821,27.25324387476272,-9.147806711264511,46.875,137.14285714285714,6.968893808277714,44767.55,1188933,53314.6,1916.0,3.9325958005788086
2022-11-10,15315,15580,15300,15535,75339,59353,15269.0,15208.5,15259.25,15104.5,43.39236957215144,30.481069014240465,12.911300557910973,53.42465753424657,142.85714285714286,104.36820133697934,46394.05,1264272,53283.25,8716.0,17.21271007366154
2022-11-11,15555,15750,15455,15680,65254,60035,15359.0,15268.5,15275.0,15111.666666666666,74.276520381527,39.24015928769778,35.03636109382923,63.75545851528384,150.0,135.16144578369085,47727.0,1329526,53227.4,682.0,1.1490573349283162
2022-11-14,15720,15765,15550,15585,72334,57623,15451.0,15309.0,15288.75,15116.166666666666,90.04870098281754,49.40186762672174,40.6468333560958,61.60337552742616,158.57142857142858,111.95007568371138,49418.8,1257192,53163.7,-2412.0,-4.017656367119182
2022-11-15,15680,15970,15630,15880,89615,61795,15594.0,15381.0,15317.0,15131.083333333334,124.91239004670206,64.5039721107178,60.40841793598426,75.36764705882352,175.35714285714286,130.8972208189584,52185.75,1346807,53327.25,4172.0,7.240164517640535
2022-11-16,15890,16035,15820,15880,75343,61088,15712.0,15453.5,15345.5,15145.083333333334,150.80374313041102,81.76392631465644,69.03981681575458,79.15057915057915,181.78571428571428,119.64418099119582,54215.0,1346807,53606.15,-707.0,-1.1441055101545472
2022-11-17,15890,15920,15585,15635,72975,48537,15732.0,15500.5,15359.75,15154.0,149.82627055348166,95.37639516242149,54.449875391060175,68.56187290969899,199.64285714285714,69.92440287235443,55953.5,1273832,53299.85,-12551.0,-20.545770036668408
2022-11-18,15635,15720,15600,15670,42276,44796,15730.0,15544.5,15370.25,15165.833333333334,150.14504536581808,106.33012520310082,43.81492016271726,67.13286713286713,193.21428571428572,55.7237043473582,55504.4,1316108,52659.25,-3741.0,-7.707522096544905
2022-11-21,15795,15850,15620,15650,33753,41345,15743.0,15597.0,15384.5,15177.333333333334,147.08830146818036,114.48176045611673,32.60654101206363,67.13286713286713,204.28571428571428,58.265777567352295,54682.8,1282355,52414.9,-3451.0,-7.703812840432178
2022-11-22,15655,15815,15615,15735,47769,93577,15714.0,15654.0,15405.75,15188.25,149.79782346897082,121.54497305868756,28.25285041028326,69.20529801324503,211.78571428571428,55.533078123879356,54746.7,1330124,55534.55,52232.0,126.33208368605638
2022-11-23,15700,15800,15590,15610,70531,87874,15660.0,15686.0,15426.75,15197.333333333334,140.2420606665255,125.28439058025516,14.95767008627034,63.69230769230769,218.92857142857142,41.47433844313797,56369.3,1259593,58915.85,-5703.0,-6.094446284877697
2022-11-24,15660,15810,15610,15725,51094,90675,15678.0,15705.0,15456.75,15208.083333333334,140.3309409704034,128.29370065828482,12.03724031211857,64.77611940298507,222.14285714285714,45.26067019536668,56116.55,1310687,60188.35,2801.0,3.1875184923868316
2022-11-25,15725,15780,15620,15640,50559,84050,15672.0,15701.0,15484.75,15216.083333333334,132.02073675298016,129.0391078772239,2.9816288757562575,65.55891238670695,224.28571428571428,35.05788075537325,56139.5,1260128,61267.7,-6625.0,-7.306313757926663
2022-11-28,15625,15660,15575,15595,55117,81800,15661.0,15702.0,15505.5,15225.666666666666,120.41563958260122,127.31441421829936,-6.898774635698146,62.95180722891566,220.71428571428572,18.90705326194005,55333.95,1205011,62235.4,-2250.0,-2.676977989292084
2022-11-29,15660,15685,15550,15670,38512,83996,15648.0,15681.0,15531.0,15237.75,115.93397496669058,125.03832636797762,-9.104351401287033,61.80124223602484,219.64285714285714,20.023966296574674,55089.8,1243523,63496.95,2196.0,2.6845965770171176
2022-11-30,15720,15780,15705,15740,41035,83355,15674.0,15667.0,15560.25,15251.416666666666,116.6855599546052,123.36777308530314,-6.682213130697946,57.14285714285714,206.78571428571428,37.31194618410826,55467.65,1284558,64774.2,-641.0,-0.763131577694176
2022-12-01,15770,15825,15715,15750,40545,81576,15679.0,15678.5,15589.5,15265.333333333334,116.74237941858883,122.0426943519603,-5.300314933371467,52.69230769230769,193.57142857142858,38.262826302029765,55225.75,1325103,66159.9,-1779.0,-2.134245096274967
2022-12-02,15750,15775,15690,15745,28429,80835,15700.0,15686.0,15615.25,15281.083333333334,115.05763820753782,120.64568312307581,-5.588044915537992,56.611570247933884,184.28571428571428,28.523956142383337,54314.65,1296674,67549.45,-741.0,-0.9083553986466653
2022-12-05,15770,16045,15770,16005,78505,88470,15782.0,15721.5,15659.25,15299.75,133.1672268517832,123.1499918688173,10.017234982965903,55.319148936170215,178.21428571428572,76.26285949841794,55846.05,1375179,69506.9,7635.0,9.445166079049926
2022-12-06,15935,16020,15900,15940,37037,85387,15836.0,15742.0,15698.0,15316.75,140.65289058329472,126.65057161171279,14.002318971581929,52.41935483870967,171.42857142857142,81.55386649776639,55462.3,1338142,71340.2,-3083.0,-3.484797106363735
2022-12-07,15910,15935,15755,15770,56313,73988,15842.0,15758.0,15722.0,15328.583333333334,131.35359133495513,127.59117555636126,3.762415778593862,55.79399141630902,160.71428571428572,39.22881701891878,56116.75,1281829,72507.75,-11399.0,-13.34980734772272
2022-12-08,15820,15835,15700,15730,43600,71166,15838.0,15758.5,15731.75,15340.25,119.38002535594205,125.94894551627743,-6.568920160335381,52.56410256410256,161.78571428571428,6.798093779976612,54529.8,1238229,73098.4,-2822.0,-3.814132021408878
2022-12-09,15785,15825,15720,15810,36769,68615,15851.0,15775.5,15738.25,15351.916666666666,115.02033662189024,123.76322373740001,-8.742887115509774,56.50406504065041,152.85714285714286,18.183305074069334,53105.55,1274998,73527.4,-2551.0,-3.584576904701686
2022-12-12,15670,15715,15505,15540,77056,67523,15758.0,15770.0,15736.0,15361.916666666666,88.75539146988922,116.76165728389786,-28.006265814008643,43.1095406360424,160.35714285714286,-77.95163615216644,53341.65,1197942,74022.4,-1092.0,-1.5914887415288237
2022-12-13,15695,15695,15525,15590,47384,63875,15688.0,15762.0,15721.5,15369.333333333334,71.15458952493464,107.64024373210522,-36.48565420717058,49.25373134328358,157.5,-62.59181396978397,51230.1,1245326,74126.4,-3648.0,-5.402603557306396
2022-12-14,15595,15610,15515,15530,36487,65653,15640.0,15741.0,15704.0,15378.25,51.76758413187781,96.46571181205975,-44.69812768018194,42.4124513618677,150.0,-79.25719193128973,49287.3,1208839,74354.65,1778.0,2.783561643835619
2022-12-15,15470,15535,15430,15445,38327,60949,15583.0,15710.5,15694.5,15384.833333333334,29.207764132965167,83.01412227624084,-53.80635814327567,42.4124513618677,146.07142857142858,-99.41513647008209,47554.9,1170512,74975.25,-4704.0,-7.1649429576713946
2022-12-16,15415,15600,15410,15550,46675,52576,15531.0,15691.0,15688.5,15395.25,19.57590784740387,70.32647939047345,-50.75057154306958,48.3271375464684,153.57142857142858,-71.15695757530827,47774.85,1217187,75364.25,-8373.0,-13.737715138886609
2022-12-19,15530,15580,15465,15510,30876,50584,15525.0,15641.5,15681.5,15405.833333333334,8.615611237946723,57.98430575996811,-49.368694522021386,43.89312977099237,152.14285714285714,-64.82249039413227,47631.0,1186311,75826.2,-1992.0,-3.7888009738283657
2022-12-20,15515,15570,15450,15465,31340,45817,15500.0,15594.0,15668.0,15415.083333333334,-3.6594429288670653,45.655556022201075,-49.31499895106814,39.29961089494163,152.85714285714286,-66.06385684492959,46809.55,1154971,73438.2,-4767.0,-9.423928514945434
2022-12-21,15545,15590,15460,15505,46203,35999,15495.0,15567.5,15662.75,15424.166666666666,-10.044064365218219,34.515631944717214,-44.55969630993543,40.68441064638783,154.28571428571428,-53.182118813690884,45593.15,1201174,70844.45,-9818.0,-21.428727328284257
2022-12-22,15525,15795,15470,15735,42702,28952,15553.0,15568.0,15663.25,15436.333333333334,3.415779972288874,28.295661550231546,-24.879881577942673,49.67532467532468,171.42857142857142,-0.29318368065047457,45173.55,1243876,67758.3,-7047.0,-19.575543765104587
2022-12-23,15865,15885,15720,15865,66602,66869,15616.0,15573.5,15674.5,15452.666666666666,24.29268616295667,27.495066472776575,-3.2023803098199046,45.0354609929078,161.78571428571428,50.797398304989734,45975.7,1310478,66899.25,37917.0,130.96504559270517
2022-12-26,15950,16030,15900,15980,56803,71985,15710.0,15617.5,15693.75,15470.0,49.54618604267853,31.905290386756967,17.64089565592156,51.36986301369863,165.0,86.9339802191583,46060.0,1367281,66408.5,5116.0,7.650779883054937
2022-12-27,15975,16125,15975,16120,44310,74258,15841.0,15670.5,15716.25,15491.083333333334,79.93515391376968,41.51126309215951,38.42389082161017,62.23776223776223,162.5,99.66992564990866,46349.9,1411591,65921.6,2273.0,3.157602278252414
2022-12-28,16055,16205,16055,16185,44852,76967,15977.0,15736.0,15738.5,15512.833333333334,108.01841758583578,54.812693990894765,53.20572359494101,65.63573883161511,163.57142857142858,101.08367907681462,46540.75,1456443,65602.2,2709.0,3.6480917880901798
2022-12-29,16125,16150,15820,15905,71390,71861,16011.0,15782.0,15746.25,15527.833333333334,106.45381313989674,65.14091782069517,41.31289531920157,52.87009063444109,182.14285714285714,50.757110419170274,48083.0,1385053,65116.45,-5106.0,-6.634011979159904
2022-12-30,15980,16000,15875,15925,41815,71594,16023.0,15819.5,15755.25,15542.75,105.61027617353284,73.2347894912627,32.375486682270136,63.70106761565836,169.28571428571428,41.65909040782095,48752.3,1426868,64654.4,-267.0,-0.37155063247101827
2023-01-03,16050,16110,15770,15875,48034,67830,16002.0,15856.0,15748.75,15553.25,99.75724548850849,78.53928069071186,21.217964797796625,60.14234875444839,181.42857142857142,38.584915381837604,47228.75,1378834,63622.4,-3764.0,-5.257423806464234
2023-01-04,15885,15930,15740,15765,45593,65041,15931.0,15886.0,15740.0,15561.583333333334,85.25977420549862,79.88337939366922,5.3763948118294,58.07560137457045,188.21428571428572,15.627913912727148,47656.55,1333241,62605.1,-2789.0,-4.111749963143152
2023-01-05,15750,15755,15655,15675,40892,58765,15829.0,15903.0,15735.25,15567.916666666666,65.75024799567109,77.0567531140696,-11.306505118398505,57.87671232876713,188.57142857142858,-10.807339847868057,46885.5,1292349,61843.95,-6276.0,-9.649298135022521
2023-01-06,15770,15770,15600,15620,46919,52243,15772.0,15891.5,15729.75,15573.583333333334,45.32825170027354,70.71105283131038,-25.382801131036842,52.4822695035461,187.14285714285714,-17.245077324184013,47051.45,1245430,60897.8,-6522.0,-11.098442950735986
2023-01-09,15555,15620,15525,15595,46591,45874,15706.0,15864.5,15719.0,15577.416666666666,26.817248885354275,61.932292042119165,-35.11504315676489,53.046594982078844,185.71428571428572,-34.306795020028346,47542.55,1198839,59760.75,-6369.0,-12.191106942556896
2023-01-10,15680,15705,15445,15530,46164,35614,15637.0,15819.5,15718.5,15581.083333333334,6.823531592923246,50.91053995227999,-44.087008359356744,52.29681978798586,195.71428571428572,-38.53359907572978,45997.95,1152675,58165.3,-10260.0,-22.36561014954005
2023-01-11,15500,15585,15365,15375,63988,74191,15559.0,15745.0,15707.75,15582.083333333334,-21.283495135825433,36.47173293465891,-57.75522807048434,45.751633986928105,202.14285714285714,-62.18403987891821,46828.15,1088687,58681.1,38577.0,108.31976189139101
2023-01-12,15450,15450,15315,15370,44897,73034,15498.0,15663.5,15699.75,15583.083333333334,-43.460983369050155,20.485189673917098,-63.94617304296725,36.01532567049807,188.57142857142858,-71.3542726167395,47248.65,1043790,59050.15,-1157.0,-1.5594883476432453
2023-01-13,15340,15350,15245,15255,46608,76736,15425.0,15598.5,15690.25,15581.5,-69.51501565013496,2.4851486091066874,-72.00016425924164,26.356589147286826,185.71428571428572,-84.9662832668546,47662.7,997182,59839.5,3702.0,5.068872032204186
2023-01-16,15220,15425,15190,15340,61182,79588,15374.0,15540.0,15679.75,15579.5,-82.35489831309314,-14.482860775333279,-67.87203753775987,24.603174603174594,190.71428571428572,-72.27883734862648,48388.05,1058364,61190.1,2852.0,3.7166388657214444
2023-01-17,15345,15420,15305,15370,47440,78905,15342.0,15489.5,15672.75,15579.583333333334,-89.082955689335,-29.402879758133622,-59.68007593120137,17.391304347826093,188.21428571428572,-59.8815907521078,49216.25,1105804,62606.15,-683.0,-0.858169573302503
2023-01-18,15375,15400,15320,15360,37794,79662,15339.0,15449.0,15667.5,15580.416666666666,-94.13675613294981,-42.349655033096866,-51.78710109985295,12.328767123287676,183.21428571428572,-58.0816785812588,49538.95,1068010,64298.4,757.0,0.9593815347569867
2023-01-19,15315,15360,15265,15285,52939,81742,15322.0,15410.0,15656.5,15582.0,-103.00640883227425,-54.48100579293235,-48.525403039341896,15.168539325842701,163.92857142857142,-64.07983344691146,49875.75,1015071,66585.55,2080.0,2.6110316085460994
2023-01-20,15300,15320,15180,15190,50918,78622,15309.0,15367.0,15629.25,15583.083333333334,-116.3600522994675,-66.85681509423938,-49.50323720522812,11.917098445595855,165.0,-69.2624588707447,50286.55,964153,69069.05,-3120.0,-3.816887279489123
2023-01-30,15345,15385,15220,15230,42545,80759,15287.0,15330.5,15597.5,15585.583333333334,-122.30538490425351,-77.94652905624221,-44.3588558480113,16.2303664921466,154.64285714285714,-55.160996920080876,49083.7,1006698,69763.55,2137.0,2.7180687339421583
2023-01-31,15190,15265,15190,15210,42670,82392,15255.0,15298.5,15559.0,15586.083333333334,-127.1650570600923,-87.79023465701223,-39.37482240308006,17.919075144508668,146.42857142857142,-58.35506447297093,48377.05,964028,70283.9,1633.0,2.02206565212546
2023-02-01,15200,15280,15125,15270,51737,82955,15237.0,15288.0,15516.5,15587.916666666666,-124.73699328406838,-95.17958638242347,-29.55740690164491,25.74850299401197,149.64285714285714,-53.314532698094766,48748.4,1015765,70718.75,563.0,0.6833187688125131
2023-02-02,15295,15380,15230,15340,66770,76940,15248.0,15285.0,15474.25,15591.0,-115.82911433380286,-99.30949197269935,-16.519622361103515,33.529411764705884,148.21428571428572,-34.51636065303789,49844.3,1082535,70717.4,-6015.0,-7.250919173045622
2023-02-03,15330,15400,15250,15275,46395,74245,15265.0,15287.0,15442.75,15592.833333333334,-112.71520217238503,-101.99063401263649,-10.724568159748543,32.02247191011236,152.14285714285714,-32.6061244958766,48594.55,1036140,70836.6,-2695.0,-3.5027293995321007
2023-02-06,15260,15340,15205,15310,51819,71559,15281.0,15284.0,15412.0,15594.166666666666,-106.19900088155919,-102.83230738642104,-3.3666934951381506,37.2093023255814,143.21428571428572,-34.488894021369795,49094.75,1087959,70834.85,-2686.0,-3.6177520371742156
2023-02-07,15280,15315,15160,15235,42190,73210,15286.0,15270.5,15380.0,15596.0,-105.86637592855732,-103.43912109484829,-2.4272548337090285,41.02564102564102,138.57142857142858,-44.80445840123803,48802.55,1045769,71103.85,1651.0,2.307187076398498
2023-02-08,15155,15310,15150,15245,47279,69592,15281.0,15259.0,15354.0,15597.333333333334,-103.60159710864355,-103.47161629760734,-0.12998081103620507,42.038216560509554,140.35714285714286,-43.88258711895633,48886.85,1093048,71331.4,-3618.0,-4.941947821335879
2023-02-09,15280,15285,15190,15265,35280,67826,15266.0,15257.0,15333.5,15596.916666666666,-99.05111117157685,-102.58751527240125,3.5364041008243987,50.724637681159415,138.21428571428572,-37.4672866938063,48606.25,1128328,71784.45,-1766.0,-2.5376480055178785
2023-02-10,15265,15415,15265,15395,64164,59898,15290.0,15277.5,15322.25,15594.583333333334,-83.98675767476925,-98.86736375287485,14.8806060781056,53.741496598639465,132.14285714285714,15.523249787575415,49468.5,1192492,72167.2,-7928.0,-11.688732934272995
2023-02-13,15295,15330,15190,15255,57952,60843,15279.0,15280.0,15305.25,15587.5,-82.39517863681613,-95.57292672966311,13.177748092846983,43.19526627218935,138.57142857142858,-31.062157033910477,50036.55,1134540,72915.65,945.0,1.577682059501151
2023-02-14,15285,15300,15230,15270,34014,57176,15286.0,15286.0,15292.25,15582.25,-79.0126574117894,-92.26087286608836,13.248215454298958,44.70588235294118,137.85714285714286,-24.13995549774215,49429.05,1168554,73993.75,-3667.0,-6.026987492398472
2023-02-15,15220,15260,15190,15230,34815,58458,15283.0,15282.0,15285.0,15571.416666666666,-78.65298799147604,-89.53929589116589,10.886307899689854,46.62576687116564,136.78571428571428,-56.62856105395103,47970.4,1133739,73207.1,1282.0,2.242199524275912
2023-02-16,15225,15225,15145,15155,43906,61450,15261.0,15263.5,15274.25,15559.333333333334,-83.45777134603122,-88.32299098213896,4.865219636107739,47.79874213836477,132.85714285714286,-95.58506112884274,47920.85,1089833,72627.9,2992.0,5.118204522905323
2023-02-17,15150,15185,15080,15170,41484,59571,15216.0,15253.0,15270.0,15551.583333333334,-85.07453583924507,-87.67329995356019,2.5987641143151166,46.103896103896105,126.42857142857143,-102.98799019433295,47664.65,1131317,71769.65,-1879.0,-3.0577705451586668
2023-02-20,15170,15235,15085,15220,32962,56912,15209.0,15244.0,15264.0,15544.083333333334,-81.38311729872294,-86.41526342259274,5.032146123869808,50.625,131.78571428571428,-65.85530856880693,46253.65,1164279,70635.85,-2659.0,-4.463581272766948
2023-02-21,15300,15415,15260,15395,63138,40519,15234.0,15260.0,15265.25,15539.833333333334,-63.6034233732571,-81.85289541272562,18.249472039468515,56.830601092896174,134.64285714285714,78.88845047987142,47038.55,1227417,68716.55,-16393.0,-28.80411863930278
2023-02-22,15405,15470,15375,15440,45049,27863,15276.0,15279.5,15269.25,15534.916666666666,-45.35889481771301,-74.5540952937231,29.195200476010086,55.61797752808988,130.71428571428572,120.43214465665054,47401.3,1272466,66126.6,-12656.0,-31.23472938621388
2023-02-23,15445,15500,15320,15345,54975,55593,15314.0,15287.5,15272.25,15530.5,-38.12618560960618,-67.26851335689972,29.142327747293535,53.80434782608695,132.85714285714286,81.93409059593932,47503.1,1217491,64819.15,27730.0,99.52266446542009
2023-02-24,15390,15390,15300,15350,61166,54644,15350.0,15283.0,15280.25,15524.25,-31.626186251576655,-60.140047935835106,28.51386168425845,52.247191011235955,129.64285714285714,48.56105347917215,48015.5,1278657,63620.25,-949.0,-1.7070494486715937
2023-02-27,15305,15400,15285,15345,57954,53368,15375.0,15292.0,15286.0,15519.333333333334,-26.572042181880533,-53.42644678504419,26.85440460316366,56.707317073170735,126.78571428571429,43.23123943191698,48785.95,1220703,62250.7,-1276.0,-2.3351145596954836
2023-02-28,15390,15415,15330,15350,54763,53486,15366.0,15300.0,15293.0,15515.25,-21.910567002694734,-47.123270828574306,25.212703825879572,56.441717791411044,121.42857142857143,51.91648396158957,49390.6,1275466,60805.4,118.0,0.2211062809174047
2023-03-01,15290,15345,15275,15340,44729,53914,15346.0,15311.0,15296.5,15509.75,-18.80644181099342,-41.45990502505813,22.653463214064708,54.6583850931677,120.0,20.041217505803605,49040.2,1230737,59353.35,428.0,0.8002094005908011
2023-03-02,15365,15370,15275,15285,39154,55667,15334.0,15324.0,15293.75,15502.166666666666,-20.547580856688,-37.27744019138411,16.72985933469611,42.465753424657535,116.07142857142857,13.743800845472983,47659.4,1191583,58289.7,1753.0,3.251474570612456
2023-03-03,15300,15315,15215,15295,51440,59374,15323.0,15336.5,15294.75,15494.583333333334,-20.87983987132793,-33.99792012737288,13.118080256044948,53.33333333333333,108.57142857142857,-8.080261208884126,47911.65,1243023,57546.15,3707.0,6.659241561427787
2023-03-06,15310,15315,15235,15285,31875,61073,15311.0,15343.0,15293.5,15486.916666666666,-21.699930667740773,-31.53832223544646,9.838391567705688,51.260504201680675,109.28571428571429,-5.676140995722045,46914.45,1211148,57021.85,1699.0,2.861521878263207
2023-03-07,15280,15300,15245,15285,37449,61217,15298.0,15332.0,15296.0,15474.916666666666,-22.095159289798175,-29.649689646316805,7.5545303565186295,54.95495495495495,107.5,-8.170590503788969,46677.4,1211148,56422.2,144.0,0.2357834067427511
2023-03-08,15215,15225,15160,15195,40334,63485,15269.0,15307.5,15293.5,15462.5,-29.332501836543088,-29.586252084362062,0.2537502478189744,53.50877192982456,110.35714285714286,-60.30753635461502,46330.15,1170814,56116.85,2268.0,3.7048532270447687
2023-03-09,15210,15230,15155,15180,34601,67179,15248.0,15291.0,15289.25,15452.666666666666,-35.86509213001409,-30.842020093492472,-5.023072036521619,50.87719298245614,108.21428571428571,-59.61841270313858,46296.2,1136213,56084.5,3694.0,5.818697330077982
2023-03-10,15210,15210,15145,15155,32675,68263,15220.0,15271.5,15277.25,15443.083333333334,-42.56880142398768,-33.18737635959152,-9.381425064396161,44.03669724770642,102.14285714285714,-63.708305391172665,44721.75,1103538,56502.75,1084.0,1.6135994879352245
2023-03-13,15155,15190,15120,15150,37474,69698,15193.0,15252.0,15272.0,15432.083333333334,-47.73474116799662,-36.09684932127254,-11.637891846724074,17.333333333333343,93.21428571428571,-67.11617523076818,43697.85,1066064,56945.5,1435.0,2.10216369043259
2023-03-14,15150,15285,15145,15240,54836,60343,15184.0,15241.0,15270.5,15427.083333333334,-44.058657022496845,-37.68921086151741,-6.369446160979436,26.190476190476204,96.42857142857143,-25.183244638898742,44738.95,1120900,57103.85,-9355.0,-13.422192889322504
2023-03-15,15260,15300,15230,15260,31336,56203,15197.0,15233.0,15272.0,15421.583333333334,-39.08099956351725,-37.96756860191738,-1.1134309615998745,37.68115942028986,88.57142857142857,-3.2749472827854476,44565.0,1152236,56991.1,-4140.0,-6.860779212170421
2023-03-16,15260,15295,15220,15245,38982,51269,15210.0,15229.0,15276.5,15416.833333333334,-35.93233916615645,-37.5605227147652,1.628183548608746,35.21126760563381,87.5,-11.689402931901583,44318.8,1113254,56482.05,-4934.0,-8.778890806540574
2023-03-17,15250,15420,15235,15405,65530,43556,15260.0,15240.0,15288.25,15416.166666666666,-20.292421884279975,-34.10690254866815,13.814480664388178,55.88235294117647,92.5,43.813098827579914,45521.1,1178784,55681.3,-7713.0,-15.044178743490221
2023-03-20,15405,15450,15300,15320,55166,37040,15294.0,15243.5,15293.25,15412.333333333334,-14.588299547944189,-30.203181948523362,15.614882400579173,47.45762711864407,97.14285714285714,41.56363708181688,46631.3,1123618,54687.7,-6516.0,-14.96005142804665
2023-03-21,15355,15400,15330,15395,36345,29895,15325.0,15254.5,15293.25,15410.416666666666,-3.970103420639134,-24.95656624294652,20.986462822307384,54.198473282442755,97.5,52.17822628194423,45291.65,1159963,54156.5,-7145.0,-19.28995680345572
2023-03-22,15435,15435,15280,15340,30922,23788,15341.0,15269.0,15288.25,15408.333333333334,0.006775065659894608,-19.963897981225237,19.970673046885132,54.198473282442755,101.78571428571429,42.610747072835636,44585.3,1129041,53952.75,-6107.0,-20.428165245024253
2023-03-23,15390,15405,15355,15375,44196,56814,15367.0,15288.5,15289.75,15406.166666666666,5.914508636798928,-14.788216657620405,20.70272529441933,55.88235294117647,99.28571428571429,61.73097837141809,44046.35,1173237,54013.8,33026.0,138.83470657474356
2023-03-24,15395,15400,15340,15390,32415,55755,15364.0,15312.0,15291.75,15400.416666666666,11.67225421376861,-9.496122483342603,21.168376697111214,57.66423357664233,97.85714285714286,58.300434186951115,42608.8,1205652,54069.35,-1059.0,-1.8639771887210888
2023-03-27,15390,15440,15365,15440,56409,63595,15388.0,15341.0,15296.5,15393.333333333334,20.038895287305422,-3.589118929212998,23.62801421651842,60.54421768707483,99.28571428571429,77.25286141978603,42531.55,1262061,54580.7,7840.0,14.0615191462649
2023-03-28,15410,15450,15385,15420,42737,65944,15393.0,15359.0,15300.0,15384.0,24.77015088295775,2.082735033221152,22.6874158497366,66.91729323308272,95.0,74.467227687995,41930.25,1219324,55203.6,2349.0,3.6936866105826027
2023-03-29,15390,15405,15240,15260,79537,54987,15377.0,15359.0,15296.0,15369.666666666666,15.431161382308346,4.752420303038591,10.678741079269756,54.93827160493827,102.5,3.7262238871891906,43670.65,1139787,55257.25,-10957.0,-16.61561324760403
2023-03-30,15335,15360,15245,15305,51356,54631,15363.0,15365.0,15297.0,15355.0,11.528179165190522,6.107572075468978,5.420607089721544,59.036144578313255,106.07142857142857,4.9542195939598335,44280.75,1191143,55205.45,-356.0,-0.647425755178499
2023-03-31,15285,15330,15265,15285,39473,53564,15342.0,15353.0,15296.5,15344.666666666666,6.743470258157686,6.23475171200672,0.5087185461509653,57.98816568047337,105.71428571428571,-1.7394437107633942,43682.4,1151670,54914.95,-1067.0,-1.953103549266899
2023-04-03,15265,15275,15175,15175,53573,54025,15289.0,15338.5,15291.0,15332.166666666666,-5.8570107403229485,3.816399221540787,-9.673409961863737,46.24277456647399,103.57142857142857,-50.36473648325291,44767.3,1098097,54562.55,461.0,0.8606526771712364
2023-04-04,15210,15240,15185,15205,36270,54640,15246.0,15319.5,15287.0,15321.0,-13.269273508471088,0.39926467553841194,-13.668538184009499,46.85714285714286,103.21428571428571,-46.28710982699927,44708.35,1134367,54233.7,615.0,1.138361869504867
2023-04-06,15190,15250,15190,15230,25016,53097,15240.0,15308.5,15288.75,15312.083333333334,-16.931083101653712,-3.0668048799000127,-13.8642782217537,49.152542372881356,102.14285714285714,-40.093942082625944,43942.45,1159383,53714.3,-1543.0,-2.8239385065885747
2023-04-07,15220,15330,15220,15320,50978,51292,15243.0,15303.0,15295.75,15306.166666666666,-12.427588246151572,-4.938961553150325,-7.4886266930012475,44.785276073619634,96.78571428571429,-3.6677546480622905,44761.3,1210361,52919.95,-1805.0,-3.399438763018625
2023-04-10,15290,15325,15270,15320,31581,50013,15250.0,15296.0,15304.0,15301.166666666666,-8.757584148581373,-5.702686072236535,-3.0548980763448377,50.0,90.0,1.5551958507499628,44706.6,1210361,52007.45,-1279.0,-2.4935662481478604
2023-04-11,15290,15315,15240,15285,34685,46095,15272.0,15280.5,15310.75,15296.0,-8.574446076139793,-6.277038073017186,-2.297408003122607,42.02898550724638,90.0,-21.76403660272086,44567.15,1175676,50827.3,-3918.0,-7.833963169575908
2023-04-12,15255,15310,15245,15280,27823,44049,15287.0,15266.5,15312.75,15291.833333333334,-8.7321077450124,-6.768052007416229,-1.96405573759617,45.31250000000001,83.57142857142857,-26.113151554423357,43216.5,1147853,50012.6,-2046.0,-4.438659290595515
2023-04-13,15330,15355,15300,15320,32645,44894,15305.0,15272.5,15315.75,15290.916666666666,-5.565237454298767,-6.5274890967927375,0.9622516424939702,45.736434108527135,84.28571428571429,8.067915340779335,43281.95,1180498,49447.15,845.0,1.918318236509342
2023-04-14,15290,15315,15245,15305,39453,43158,15302.0,15272.5,15318.75,15289.833333333334,-4.2172309592479,-6.06543746928377,1.8482065100358707,43.41085271317829,85.35714285714286,-22.90014560548123,43305.5,1141045,49041.6,-1736.0,-3.8668864436227524
2023-04-17,15345,15405,15325,15390,53107,41818,15316.0,15283.0,15318.0,15292.083333333334,3.6675858782909927,-4.118832799768818,7.78641867805981,46.3235294117647,87.14285714285714,44.624892496975264,42684.35,1194152,48954.7,-1340.0,-3.1048704759256696
2023-04-18,15355,15390,15295,15365,46027,34045,15332.0,15302.0,15320.25,15292.5,7.809051082876977,-1.733256023239659,9.542307106116635,45.98540145985401,89.28571428571429,26.29970337651657,42227.4,1148125,48804.95,-7773.0,-18.58768951169353
2023-04-19,15390,15400,15360,15395,44036,59141,15355.0,15321.0,15320.25,15292.916666666666,13.357959136808859,1.2849870087700446,12.072972128038813,62.16216216216216,79.28571428571429,53.5522410510511,42611.95,1192161,50267.25,25096.0,73.71420179174622
2023-04-20,15410,15430,15370,15410,54375,67691,15373.0,15339.0,15323.75,15293.75,18.749747963827758,4.777939199781588,13.97180876404617,60.0,75.35714285714286,63.58027936211799,43784.6,1246536,52462.4,8550.0,14.456975702135576
2023-04-21,15430,15450,15255,15290,76922,66210,15370.0,15336.0,15319.5,15293.833333333334,13.187762025294433,6.459903764884157,6.727858260410276,50.4,84.64285714285714,10.692252809842222,45420.9,1169614,52932.2,-1481.0,-2.187883175015881
2023-04-24,15325,15335,15280,15300,45517,65926,15352.0,15334.0,15315.0,15295.666666666666,9.477513645813815,7.063425741070089,2.4140879047437256,61.904761904761905,80.71428571428571,-7.540703010831188,46076.0,1215131,53440.75,-284.0,-0.42893822685394767
2023-04-25,15255,15300,15230,15295,44348,63238,15338.0,15335.0,15307.75,15296.75,6.063757637437448,6.863492120343562,-0.7997344829061142,59.00000000000001,81.07142857142857,-27.81204513007843,45472.95,1170783,53422.9,-2688.0,-4.07729878955192
2023-04-26,15280,15320,15255,15315,53664,67060,15322.0,15338.5,15302.5,15298.5,4.915501418479835,6.473893979970816,-1.5583925614909813,58.585858585858595,81.42857142857143,-4.477284666882843,46019.3,1224447,53478.7,3822.0,6.043834403365067
2023-04-27,15290,15315,15260,15275,46343,63599,15295.0,15334.0,15303.25,15298.583333333334,0.7689701766375947,5.332909219304172,-4.563939042666577,44.943820224719104,77.5,-16.341509186083886,44359.6,1178104,53909.3,-3461.0,-5.1610498061437475
2023-04-28,15280,15280,15240,15255,36531,61231,15288.0,15329.0,15300.75,15297.166666666666,-4.083941425107696,3.449539090421799,-7.5334805155294955,43.01075268817205,76.42857142857143,-37.50817006154035,43618.35,1141573,54239.3,-2368.0,-3.7233289831601124
2023-05-04,15270,15395,15250,15370,58930,65958,15302.0,15327.0,15305.0,15298.75,1.33424967238534,3.0264812068145073,-1.6922315344291672,57.79816513761468,81.07142857142857,35.21739339475112,44591.2,1200503,54859.0,4727.0,7.719945779098825
2023-05-05,15310,15360,15275,15345,50906,62478,15312.0,15325.0,15313.5,15299.333333333334,3.5697640687412786,3.135137779199862,0.4346262895414168,55.752212389380524,83.21428571428571,20.535357417372303,44457.85,1149597,55281.65,-3480.0,-5.2760847812244105
2023-05-08,15315,15325,15270,15275,41748,60677,15304.0,15313.0,15317.0,15300.0,-0.30349119415768655,2.4474119845283524,-2.750903178686039,46.21848739495798,83.21428571428571,-22.965187023081732,44731.75,1107849,55583.5,-1801.0,-2.88261468036749
2023-05-09,15300,15300,15230,15245,38511,61240,15298.0,15296.5,15317.75,15300.0,-5.727796699913597,0.8123702476399626,-6.540166947553559,45.08196721311475,82.85714285714286,-65.17094134598511,45406.5,1069338,55990.65,563.0,0.9278639352637841
2023-05-10,15245,15330,15240,15285,38658,63335,15304.0,15296.0,15316.0,15300.333333333334,-6.721451478499148,-0.6943940975878596,-6.027057380911288,40.70796460176991,82.14285714285714,-32.41250379473294,44790.5,1107996,56592.8,2095.0,3.42096668843892
2023-05-11,15305,15320,15270,15305,33448,63165,15291.0,15296.5,15315.25,15298.833333333334,-5.827916601567267,-1.7210985983837412,-4.106818003183526,44.642857142857146,78.92857142857143,-15.871802720244371,44883.85,1141444,57250.4,-170.0,-0.2684139891055537
2023-05-12,15270,15280,15220,15230,51011,59924,15268.0,15290.0,15312.5,15298.416666666666,-11.044344642697979,-3.5857478072465887,-7.45859683545139,36.36363636363636,82.14285714285714,-75.90521073679601,45700.15,1090433,57941.85,-3241.0,-5.131006095147628
2023-05-15,15225,15240,15175,15200,56427,59219,15253.0,15278.5,15308.5,15297.25,-17.398590604921992,-6.3483163667816696,-11.050274238140322,33.064516129032256,82.5,-102.65584805858009,47130.35,1034006,58700.35,-705.0,-1.1764902209465355
2023-05-16,15200,15245,15180,15185,39692,52457,15241.0,15269.5,15301.75,15296.5,-23.375295098347124,-9.75371211309476,-13.621582985252363,39.80582524271844,73.21428571428571,-89.41666236068782,47482.7,994314,59078.5,-6762.0,-11.418632533477435
2023-05-17,15185,15230,15155,15215,39975,49366,15227.0,15265.5,15297.25,15297.5,-25.398350811447017,-12.882639852765212,-12.515710958681804,42.056074766355145,74.64285714285714,-81.71472698680314,47508.8,1034289,59388.9,-3091.0,-5.892445240863942
2023-05-18,15245,15325,15205,15305,43013,43703,15227.0,15259.0,15293.0,15299.75,-19.51443889650909,-14.208999661513989,-5.305439234995102,50.806451612903224,78.21428571428571,-11.172925850686338,47004.1,1077302,59483.15,-5663.0,-11.47145808856298
2023-05-19,15290,15400,15290,15380,61133,44545,15257.0,15262.5,15293.75,15302.416666666666,-8.699243648094125,-13.107048458830018,4.407804810735893,54.81481481481482,81.42857142857143,58.599850529963625,47759.4,1138435,60008.15,842.0,1.9266411916802006
2023-05-22,15395,15440,15360,15375,41758,42009,15292.0,15272.5,15292.75,15302.083333333334,-0.5255237965084234,-10.590743526365701,10.065219729857278,57.8125,83.21428571428571,88.61630267110382,47645.5,1096677,59151.55,-2536.0,-5.69311931754406
2023-05-23,15355,15370,15270,15305,41544,31779,15316.0,15278.5,15287.5,15299.833333333334,0.3003310592521302,-8.412528609242136,8.712859668494266,53.6231884057971,87.85714285714286,27.729537098310484,47003.95,1055133,57355.95,-10230.0,-24.35192458758837
2023-05-24,15315,15315,15270,15290,25156,23177,15331.0,15279.0,15287.5,15298.916666666666,-0.25263543334949645,-6.780549974063608,6.527914540714112,43.22033898305085,80.71428571428571,6.746842595092881,44415.65,1029977,55204.3,-8602.0,-27.06818968501211
2023-05-25,15250,15275,15205,15270,51313,54483,15324.0,15275.5,15286.0,15297.583333333334,-2.278433848539862,-5.880126748958859,3.601692900418997,43.58974358974359,80.0,-32.40333113535837,44705.45,978664,54632.15,31306.0,135.07356430944472
2023-05-26,15220,15275,15220,15265,43662,55088,15301.0,15279.0,15284.5,15296.25,-4.238493189801375,-5.551800037127363,1.313306847325988,49.03846153846154,78.57142857142857,-27.742467380443504,44671.15,935002,54224.65,605.0,1.1104381183121292
2023-05-29,15250,15260,15220,15240,35378,54605,15274.0,15283.0,15280.75,15294.416666666666,-7.720152295463777,-5.985470488794645,-1.7346818066691316,49.51456310679612,76.78571428571429,-37.7014519560725,43756.85,899624,53601.9,-483.0,-0.876778971826897
2023-05-30,15250,15255,15200,15215,36770,56770,15256.0,15286.0,15277.75,15292.333333333334,-12.35427094183251,-7.259230579402218,-5.095040362430292,43.00000000000001,74.28571428571429,-49.734708009379965,43278.2,862854,53260.45,2165.0,3.9648383847632918
2023-05-31,15230,15235,15170,15195,36185,57044,15237.0,15284.0,15274.75,15290.833333333334,-17.439642862012988,-9.295313035924373,-8.144329826088615,39.0,75.35714285714286,-66.02515224544662,43260.9,826669,53051.1,274.0,0.48264928659502715
2023-06-01,15170,15180,15100,15140,66274,61447,15211.0,15267.5,15263.25,15288.25,-25.612630630112108,-12.55877655476192,-13.053854075350188,40.625,76.07142857142857,-102.11029095703523,43628.1,760395,52825.55,4403.0,7.7186031835074775
2023-06-02,15080,15100,15030,15050,66967,59569,15168.0,15234.5,15248.5,15284.333333333334,-38.90357397400476,-17.82773603861049,-21.07583793539427,36.111111111111114,79.28571428571429,-129.28164533398711,44431.15,693428,52680.1,-1878.0,-3.0562924146012027
2023-06-05,15070,15110,15015,15055,47854,59013,15131.0,15202.5,15237.5,15280.5,-48.47450025228136,-23.957088881344664,-24.517411370936696,37.73584905660377,81.42857142857143,-106.1087921750273,44736.45,741282,52596.9,-556.0,-0.9333713844449254
2023-06-06,15090,15090,15030,15080,32284,59458,15104.0,15180.0,15229.25,15278.583333333334,-53.42637126514819,-29.85094535810537,-23.57542590704282,37.14285714285714,80.35714285714286,-87.90977516388259,44425.1,773566,52507.8,445.0,0.7540711368681396
2023-06-07,15095,15175,15080,15165,43337,54425,15098.0,15167.5,15223.25,15278.333333333334,-49.9165679702146,-33.86406988052722,-16.052498089687383,36.53846153846153,78.57142857142857,-43.55391601550379,44659.05,816903,52062.3,-5033.0,-8.464798681422181
2023-06-08,15165,15195,15135,15165,27596,52309,15103.0,15157.0,15216.25,15278.5,-46.59787230643087,-36.41083036570795,-10.18704194072292,25.842696629213478,75.0,-26.802797067860705,44366.45,816903,51519.5,-2116.0,-3.887919154800179
2023-06-09,15140,15185,15140,15180,28389,47579,15129.0,15148.5,15213.75,15279.0,-42.27014354071616,-37.5826930007096,-4.687450540006566,28.57142857142857,72.5,-22.872168943517416,43235.35,845292,50902.25,-4730.0,-9.042420998298573
2023-06-12,15150,15305,15150,15275,55440,47251,15173.0,15152.0,15217.5,15279.583333333334,-30.819414239478647,-36.23003724846341,5.410623008984764,46.875,76.07142857142857,16.79726703039074,43186.0,900732,50303.85,-328.0,-0.6893797683852121
2023-06-13,15310,15335,15280,15335,47903,47341,15224.0,15164.0,15225.0,15280.833333333334,-16.710501946603472,-32.326130188091426,15.615628241487954,54.285714285714285,77.14285714285714,51.85838378219479,43596.55,948635,50048.05,90.0,0.190472159319377
2023-06-14,15345,15355,15290,15315,43215,45625,15254.0,15176.0,15230.0,15282.0,-7.06151935878006,-27.273208022229156,20.211688663449095,54.285714285714285,75.71428571428571,49.13713381889163,43758.55,905420,49861.0,-1716.0,-3.6247650028516487
2023-06-15,15380,15395,15320,15380,55671,46617,15297.0,15200.0,15233.75,15281.583333333334,5.763883174229704,-20.665789782937384,26.42967295716709,59.82905982905983,77.5,66.96211848786061,44391.45,961091,50006.7,992.0,2.1742465753424645
2023-06-16,15450,15515,15385,15460,64198,40458,15353.0,15241.0,15237.75,15283.916666666666,22.128356575598445,-12.10696051123022,34.235317086828665,67.1875,83.92857142857143,99.71867526285341,44544.7,1025289,49802.35,-6159.0,-13.211918398867361
2023-06-19,15415,15535,15415,15495,40986,37264,15397.0,15285.0,15243.75,15285.583333333334,37.489372983218345,-2.187693812340507,39.67706679555885,71.53846153846155,88.57142857142857,102.76661878989984,44506.1,1066275,49565.1,-3194.0,-7.894606752681799
2023-06-20,15500,15550,15480,15545,27043,35399,15439.0,15331.5,15255.75,15289.0,53.08573201502077,8.866991353131748,44.218740661889015,75.73529411764706,88.92857142857143,103.14715821025031,43781.05,1093318,49746.1,-1865.0,-5.004830399313009
2023-06-21,15530,15635,15500,15595,63587,95613,15495.0,15374.5,15271.0,15292.666666666666,68.68874000842516,20.83134108419043,47.85739892423473,83.7037037037037,91.78571428571429,102.77268381094021,45702.6,1156905,53367.9,60214.0,170.10085030650583
2023-06-26,15615,15690,15540,15550,63605,105841,15529.0,15413.0,15285.0,15295.333333333334,76.54079766698123,31.973232400748593,44.56756526623264,89.68253968253968,94.64285714285714,92.40858357314376,46317.2,1093300,55935.8,10228.0,10.69729011745264
2023-06-27,15535,15585,15470,15490,57701,107131,15535.0,15444.0,15296.25,15296.166666666666,77.03411010411764,40.98540794142241,36.048702162695236,81.75182481751824,96.07142857142857,62.615736543544905,47019.15,1035599,58537.95,1290.0,1.218809346094618
2023-06-28,15470,15510,15445,15475,49118,107403,15531.0,15464.0,15308.0,15297.083333333334,75.34614565909214,47.85755548495636,27.488590174135787,79.25925925925927,96.42857142857143,47.38141722054748,47706.15,986481,61177.85,272.0,0.25389476435391245
2023-06-29,15470,15485,15435,15460,34142,107533,15514.0,15476.5,15320.25,15300.416666666666,71.96843966188862,52.67973232034281,19.288707341545816,74.3801652892562,93.21428571428571,39.07985740139364,47574.75,952339,63716.0,130.0,0.12103944954982016
2023-06-30,15420,15480,15405,15440,42986,106458,15483.0,15489.0,15332.5,15302.666666666666,66.90649405539625,55.5250846673535,11.381409388042755,72.0,94.28571428571429,30.82388423831018,47914.8,909353,66186.7,-1075.0,-0.9996931174616197
2023-07-03,15485,15650,15470,15615,79930,107958,15496.0,15512.5,15356.25,15308.166666666666,76.13822904683002,59.647713543248805,16.490515503581214,77.70700636942675,106.07142857142857,61.23308998602475,48597.6,989283,68512.25,1500.0,1.4090063687087762
2023-07-04,15580,15630,15515,15520,42403,106192,15502.0,15518.5,15379.75,15313.916666666666,74.92505014784729,62.70318086416851,12.221869283678778,65.60509554140128,103.21428571428571,50.45877874363697,47369.4,946880,70843.4,-1766.0,-1.635821337927712
2023-07-05,15505,15510,15455,15490,34859,101791,15505.0,15518.0,15401.5,15318.666666666666,70.72754474097746,64.3080536395303,6.419491101447164,60.264900662251655,103.57142857142857,27.121670574712642,46719.65,912021,72982.3,-4401.0,-4.144379990959768
2023-07-06,15495,15580,15485,15555,45875,101926,15524.0,15519.0,15425.25,15324.083333333334,71.81807418299104,65.81005774822245,6.008016434768592,65.0,105.71428571428571,40.923278117010064,47399.2,957896,75105.7,135.0,0.13262469177039993
2023-07-07,15510,15545,15475,15505,39941,98391,15537.0,15510.0,15442.25,15327.166666666666,67.86543401154267,66.2211330008865,1.6443010106561786,57.961783439490446,105.71428571428571,26.48394252043658,47229.4,917955,77304.0,-3535.0,-3.468202421364519
2023-07-10,15490,15540,15425,15510,52326,95656,15516.0,15506.0,15459.5,15330.333333333334,64.39410129588941,65.85572665988708,-1.461625363997669,53.52112676056338,104.28571428571429,15.970984037246964,48465.9,970281,79471.35,-2735.0,-2.779725787927756
2023-07-11,15510,15610,15500,15560,40827,93859,15524.0,15513.0,15478.5,15334.916666666666,64.92916425318799,65.67041417854728,-0.7412499253592841,54.48275862068966,103.57142857142857,43.03037977078658,49087.8,1011108,81785.35,-1797.0,-1.8786066739148621
2023-07-12,15525,15535,15480,15520,38693,89392,15530.0,15517.5,15490.75,15338.916666666666,61.41755643621764,64.81984263008135,-3.4022861938637163,48.25174825174825,104.28571428571429,15.207653119030528,48250.45,972415,83892.4,-4467.0,-4.759266559413589
2023-07-13,15585,15665,15565,15655,59143,91687,15550.0,15537.0,15506.75,15344.5,68.73561234672707,65.60299657341051,3.1326157733165587,53.75,105.0,84.23991307517545,48812.45,1031558,86109.7,2295.0,2.5673438339001153
2023-07-14,15655,15830,15635,15740,72288,90376,15597.0,15567.0,15528.0,15351.75,80.46644689374625,68.57568663747766,11.890760256268592,61.3095238095238,108.21428571428571,134.8118763133926,50266.1,1103846,88347.25,-1311.0,-1.4298646482053035
2023-07-17,15790,15790,15655,15750,52155,86536,15645.0,15580.5,15546.5,15357.75,89.53799593322037,72.76814849662621,16.769847436594162,66.45569620253164,109.64285714285714,115.55276433202582,50090.3,1156001,90343.2,-3840.0,-4.248915641320705
2023-07-18,15700,15760,15675,15705,38907,85508,15674.0,15599.0,15558.75,15363.416666666666,92.03521531248407,76.62156185979778,15.41365345268629,64.02439024390245,111.07142857142857,90.28696797275998,48825.75,1117094,92595.7,-1028.0,-1.1879449015438692
2023-07-19,15680,15775,15680,15755,44633,78563,15721.0,15625.5,15571.75,15369.416666666666,96.9314958482355,80.68354865748533,16.247947190750168,67.2514619883041,114.28571428571429,89.19177880426021,49008.1,1161727,94660.65,-6945.0,-8.12204705992422
2023-07-20,15795,15850,15740,15825,40471,74251,15755.0,15652.5,15585.75,15376.333333333334,105.24702622982477,85.59624417195323,19.650782057871538,71.2707182320442,116.78571428571429,103.55700195498142,49679.5,1202198,96603.25,-4312.0,-5.488588775886871
2023-07-21,15825,15930,15815,15925,43820,71563,15792.0,15694.5,15602.25,15386.916666666666,118.53985457745512,92.1849662530536,26.354888324401514,68.67469879518072,110.0,114.39590258425838,48691.15,1246018,95400.75,-2688.0,-3.6201532639291045
2023-07-24,15935,15985,15910,15980,47454,67344,15838.0,15741.5,15623.75,15398.25,131.9910465355406,100.14618230955101,31.844864225989582,79.11392405063292,107.14285714285714,113.33428424204982,47883.6,1293472,93475.9,-4219.0,-5.895504660229445
2023-07-25,15975,16210,15975,16135,69921,52895,15924.0,15799.0,15656.0,15412.25,153.3902305877673,110.79499196519427,42.59523862257302,85.24590163934427,119.28571428571429,124.97986146881196,48494.6,1363393,90764.1,-14449.0,-21.455511998099308
2023-07-26,16055,16080,15915,15975,79259,100837,15968.0,15844.5,15681.0,15423.25,155.64440349948018,119.76487427205146,35.87952922742872,70.79207920792079,128.21428571428572,81.68069099549292,50001.65,1284134,90435.8,47942.0,90.63616598922393
2023-07-27,15970,15970,15895,15925,58765,99499,15988.0,15871.5,15704.25,15434.083333333334,151.64816400296513,126.1415322182342,25.506631784730928,70.79207920792079,128.21428571428572,59.82155476990076,51232.8,1225369,90034.1,-1338.0,-1.3268938980731226
2023-07-28,15960,16005,15920,15960,55898,105205,15995.0,15893.5,15730.25,15445.833333333334,149.58104571933654,130.8294349184547,18.75161080088185,71.63461538461539,126.07142857142857,61.523700750428915,51878.4,1281267,89971.45,5706.0,5.734731002321625
2023-07-31,15975,16030,15940,15970,49938,108403,15993.0,15915.5,15748.0,15455.833333333334,147.0546020986094,134.07446835448565,12.980133744123748,70.5,124.64285714285714,59.5084535958343,50378.8,1331205,89993.7,3198.0,3.039779478161675
2023-08-01,15945,15960,15840,15895,53816,105484,15945.0,15934.5,15766.75,15465.0,137.4164527991943,134.7428652434274,2.6735875557669146,68.1159420289855,128.21428571428572,35.28520011509343,50949.45,1277389,89958.3,-2919.0,-2.692729905998914
2023-08-02,15925,15975,15910,15935,43310,106243,15937.0,15952.5,15789.0,15476.0,131.49007995436295,134.0923081856145,-2.6022282312515586,64.89361702127658,123.57142857142857,41.48935022407356,51372.0,1320699,90180.9,759.0,0.719540404231922
2023-08-03,15935,15965,15890,15925,39582,106313,15937.0,15962.5,15807.5,15487.333333333334,124.5507270992457,132.18399196834076,-7.633264869095058,60.69364161849711,115.0,34.0725505842651,51057.35,1281117,90400.25,70.0,0.06588669371159206
2023-08-04,15930,16030,15910,15950,46168,106512,15935.0,15965.0,15829.75,15498.416666666666,119.68883267316596,129.68496010930582,-9.996127436139858,61.36363636363636,113.92857142857143,39.96649596858054,51368.7,1327285,90806.3,199.0,0.18718312906229606
2023-08-07,15925,15940,15825,15920,54148,101972,15925.0,15959.0,15850.25,15508.666666666666,112.12251843423655,126.17247177429198,-14.049953340055424,62.42774566473988,116.78571428571429,16.466934379690862,51459.8,1273137,91122.1,-4540.0,-4.262430524260175
2023-08-08,15980,16050,15920,15945,43163,100580,15935.0,15940.0,15869.5,15520.583333333334,106.91104695434115,122.32018681030182,-15.409139855960674,61.3095238095238,119.28571428571429,37.1605625854256,51576.6,1316300,91458.15,-1392.0,-1.3650806103636337
2023-08-09,15885,15980,15840,15950,34623,100141,15938.0,15937.5,15891.0,15533.083333333334,102.00848614297865,118.2578466768372,-16.24936053385855,58.064516129032256,121.42857142857143,16.320639612605685,51373.1,1350923,91995.6,-439.0,-0.4364684827997567
2023-08-10,15950,16005,15940,15985,30015,99143,15950.0,15943.5,15907.5,15546.416666666666,99.79698139170796,114.56567361981135,-14.76869222810339,54.22535211267606,117.85714285714286,35.72257651594997,49916.7,1380938,92368.4,-998.0,-0.9965948013301196
2023-08-11,15960,16000,15925,15950,34472,98443,15950.0,15942.5,15918.0,15558.666666666666,94.13501064479351,110.47954102480779,-16.344530380014277,47.82608695652174,117.85714285714286,23.224392029277073,48025.9,1346466,92771.75,-700.0,-0.7060508558345058
2023-08-14,15900,15950,15860,15875,46682,95951,15941.0,15933.0,15924.25,15568.166666666666,82.64332404086235,104.9122976280187,-22.268973587156353,28.688524590163922,107.5,-14.705715960029654,47752.25,1299784,93242.5,-2492.0,-2.531414117814368
2023-08-15,15890,15955,15855,15955,35202,91954,15943.0,15939.0,15936.75,15577.75,79.07982799457932,99.74580370133084,-20.665975706751524,48.11320754716981,98.92857142857143,-6.6152068486701685,47567.0,1334986,93564.8,-3997.0,-4.165667892987046
2023-08-16,15920,16100,15920,16005,56705,91203,15954.0,15946.0,15949.25,15588.25,79.37532450538856,95.6717078621424,-16.296383356753836,57.54716981132075,106.07142857142857,53.13502482922383,48170.6,1391691,94196.8,-751.0,-0.8167127041781796
2023-08-17,16000,16080,15965,16040,51644,88275,15965.0,15957.5,15960.0,15600.5,81.49429955510823,92.83622620073557,-11.341926645627339,57.54716981132075,108.21428571428571,68.75304648888131,48729.25,1443335,94898.0,-2928.0,-3.2104207098450743
2023-08-18,16145,16145,16000,16070,45891,85225,15989.0,15969.5,15967.25,15613.5,84.61891761907282,91.19276448440301,-6.5738468653301965,59.09090909090909,112.14285714285714,94.96550784851965,48832.8,1489226,95581.1,-3050.0,-3.455111866326821
2023-08-21,16070,16160,16055,16155,37756,82542,16045.0,15993.0,15976.0,15628.25,92.88328883592294,91.530869354707,1.3524194812159465,73.21428571428572,110.35714285714286,113.19377561502779,48347.9,1526982,96341.0,-2683.0,-3.148137283660901
2023-08-22,16180,16330,16170,16300,67007,72318,16114.0,16028.5,15984.25,15645.5,109.86667609885626,95.19803070353686,14.668645395319402,77.44360902255639,117.14285714285714,160.38643373943296,48202.2,1593989,97312.15,-10224.0,-12.386421458166751
2023-08-23,16350,16450,16255,16430,109735,111462,16199.0,16076.5,16007.0,15665.333333333334,132.29107721826222,102.61664000648194,29.674437211780273,82.1656050955414,125.71428571428571,150.17210131353156,49726.0,1703724,97843.4,39144.0,54.127603086368545
2023-08-24,16435,16565,16350,16425,105470,116120,16276.0,16120.5,16032.0,15685.5,147.9536014318346,111.68403229155248,36.26956914028213,81.04575163398692,132.5,132.04891879501602,52061.25,1598254,98674.45,4658.0,4.17900270944358
2023-08-25,16470,16480,16360,16435,65258,116117,16349.0,16169.0,16055.75,15706.166666666666,159.3364497309958,121.21451577944116,38.12193395155465,84.56375838926175,132.14285714285714,103.48824574624304,52529.25,1663512,99220.05,-3.0,-0.0025835342748914414
2023-08-28,16380,16415,16325,16330,62180,114040,16384.0,16214.5,16073.75,15726.0,158.06276734736275,128.5841660930255,29.478601254337264,73.33333333333333,130.71428571428572,74.67653102732078,53141.35,1601332,99501.9,-2077.0,-1.7887131083303864
2023-08-29,16375,16375,16070,16105,115644,102809,16345.0,16229.5,16084.25,15743.583333333334,137.3148649972518,130.33030587387077,6.984559123381018,57.41626794258373,142.5,26.399382253171165,56232.75,1485688,99368.15,-11231.0,-9.848298842511404
2023-08-30,16185,16350,16155,16305,107983,101803,16320.0,16259.5,16102.75,15764.416666666666,135.4489601360874,131.35403672631412,4.094923409773287,63.22314049586777,155.35714285714286,44.567636520374485,59466.4,1593671,99146.15,-1006.0,-0.9785135542608181
2023-08-31,16310,16400,16285,16310,86251,100324,16297.0,16286.5,16122.0,15784.916666666666,132.84235136866664,131.65169965478464,1.190651713882005,65.25423728813558,158.21428571428572,54.773634803116636,61799.85,1679922,98846.7,-1479.0,-1.4528059094525703
2023-09-01,16385,17210,16360,17055,222432,108219,16421.0,16385.0,16177.25,15816.416666666666,188.7164630025236,143.06465232433243,45.65181067819117,81.8918918918919,216.07142857142858,140.29493511850626,70613.05,1902354,98932.05,7895.0,7.8695028108927145
2023-09-04,17150,17540,16520,16595,198386,95244,16474.0,16429.0,16211.0,15840.25,193.64670473272417,153.1810628060108,40.465641926713374,64.34977578475336,281.7857142857143,115.06691865341018,77824.95,1703968,98595.65,-12975.0,-11.989576691708482
2023-09-05,16595,16680,16450,16515,98707,92851,16556.0,16450.5,16239.5,15862.5,188.92086329931772,160.32902290467217,28.591840394645544,61.283185840707965,285.35714285714283,51.7445716476032,80602.15,1605261,98209.2,-2393.0,-2.5124942253580307
2023-09-06,16575,16865,16530,16750,110926,93439,16645.0,16482.5,16279.5,15887.083333333334,201.8117754150353,168.6255734067448,33.18620200829051,64.4308943089431,302.14285714285717,71.44002489918714,84417.3,1716187,97874.1,588.0,0.6332726626530727
2023-09-07,16745,17125,16745,17075,114795,95894,16798.0,16547.5,16334.0,15916.083333333334,235.5375695180628,182.0079726290084,53.5295968890544,68.23956442831216,318.92857142857144,97.99196485468575,88656.3,1830982,97711.65,2455.0,2.6273825704470344
2023-09-08,17075,17100,16880,17025,73812,93892,16792.0,16606.5,16387.75,15944.583333333334,255.2881196612525,196.66400203545723,58.624117625795265,65.99264705882354,327.14285714285717,87.96290781857849,90623.3,1757170,97484.1,-2002.0,-2.08772185955326
2023-09-11,17025,17165,16830,17085,74448,93559,16890.0,16682.0,16448.25,15973.0,272.6392558741645,211.8590528031987,60.780203070965825,64.89563567362428,338.57142857142856,81.61504816591957,92011.6,1831618,97364.5,-333.0,-0.3546628040727695
2023-09-12,17090,17175,16925,16965,59696,95124,16980.0,16768.0,16498.75,15998.083333333334,273.5538012731813,224.19800249719523,49.355798775986074,60.1904761904762,342.5,73.1726044647641,93236.3,1771922,97523.0,1565.0,1.6727412648702922
2023-09-13,16920,16985,16800,16930,78459,95300,17016.0,16830.5,16545.0,16022.0,268.3608804174437,233.03057808124495,35.33030233619874,59.51035781544256,340.35714285714283,51.85310577180984,94324.0,1693463,97727.85,176.0,0.1850216559438289
2023-09-14,16880,16960,16835,16870,49448,92178,16975.0,16886.5,16586.5,16044.083333333334,256.44778424366086,237.71401931372816,18.733764929932704,58.04066543438078,340.7142857142857,45.11870876790216,94214.2,1644015,97923.0,-3122.0,-3.27597061909759
2023-09-15,16890,17185,16845,17110,74978,90864,16992.0,16892.0,16638.5,16069.333333333334,263.33697915886296,242.83861128275515,20.498367876107807,63.73239436619718,357.14285714285717,62.87658212579444,95668.55,1718993,98204.95,-1314.0,-1.4255028314782314
2023-09-18,17005,17285,17000,17255,70533,87581,17026.0,16958.0,16693.5,16097.75,277.3004568940305,249.73098040501026,27.569476489020246,70.83333333333333,355.7142857142857,75.47216242427785,97307.4,1789526,98456.9,-3283.0,-3.6130920936784605
2023-09-19,17150,17305,17095,17275,55696,86532,17088.0,17034.0,16742.25,16127.5,286.67582598119407,257.119949520247,29.555876460947047,68.7984496124031,353.2142857142857,73.80892085782021,96741.85,1845222,99167.6,-1049.0,-1.197748370080265
2023-09-20,17240,17365,17225,17325,57837,84123,17167.0,17091.5,16787.0,16158.333333333334,294.7428436308983,264.64452834237727,30.098315288521007,69.33333333333333,355.0,76.10419702493061,94146.95,1903059,97800.65,-2409.0,-2.7839412009430076
2023-09-21,17350,17375,16910,16920,72406,72901,17177.0,17076.0,16811.75,16182.666666666666,265.39657149171035,264.79493697224393,0.6016345194664154,47.04595185995624,323.92857142857144,37.629957247156064,92493.75,1830653,95639.7,-11222.0,-13.339990252368562
2023-09-22,16855,17115,16800,17115,48481,64458,17178.0,17085.0,16845.75,16210.583333333334,254.93557113773932,262.82306380534305,-7.887492667603738,62.87128712871287,273.57142857142856,25.522894186064978,91654.9,1879134,93056.75,-8443.0,-11.58145978793158
2023-09-25,16840,16940,16805,16825,78146,93644,17092.0,17059.0,16870.5,16230.75,220.7004788816339,254.39854682060124,-33.69806793896734,56.95067264573991,279.2857142857143,-1.544233966495625,92453.2,1800988,92036.95,29186.0,45.27909646591579
2023-09-26,16880,16900,16705,16760,87841,95280,16989.0,17038.5,16903.25,16251.416666666666,186.17782279629319,240.75440201573966,-54.57657921944647,50.24271844660194,268.2142857142857,-20.283881570638364,91063.05,1713147,91660.5,1636.0,1.747041988808684
2023-09-27,16820,16825,16615,16620,68333,93915,16848.0,17007.5,16919.0,16270.25,145.840382013801,221.77159801535194,-75.93121600155095,37.86666666666667,256.07142857142856,-50.43408584620289,89080.55,1644814,91266.1,-1365.0,-1.43261964735516
2023-09-28,16530,16625,16475,16490,52810,87975,16762.0,16969.5,16928.0,16285.833333333334,102.20460496753367,197.8581994057883,-95.65359443825463,36.31713554987212,251.07142857142858,-96.87886147086768,87408.5,1592004,90648.65,-5940.0,-6.3248682319118394
2023-10-09,16800,16820,16655,16655,42304,85536,16670.0,16924.0,16908.0,16305.0,80.01469867809283,174.28949926024922,-94.27480058215639,39.56310679611651,250.71428571428572,-49.6474166827758,78402.1,1634308,89514.5,-2439.0,-2.772378516624041
2023-10-10,16545,16630,16375,16415,61052,85440,16588.0,16840.0,16899.0,16320.083333333334,42.57229689943415,147.94605878808622,-105.37376188865207,37.38532110091744,252.85714285714286,-91.25201942350421,71535.4,1573256,89024.3,-96.0,-0.11223344556677839
2023-10-11,16335,16410,16295,16345,51756,84459,16505.0,16747.0,16890.5,16333.166666666666,7.167881866018433,119.79042340367268,-112.62254153765424,36.79458239277653,248.21428571428572,-106.82674036149642,69187.85,1521500,88604.7,-981.0,-1.1481741573033721
2023-10-12,16355,16425,16305,16370,36956,85632,16455.0,16651.5,16871.5,16347.333333333334,-18.658003209915478,92.10073808095505,-110.75874129087053,38.53211009174312,247.85714285714286,-91.51299600147763,65489.35,1558456,88214.35,1173.0,1.3888395552871913
2023-10-13,16300,16310,16160,16220,56974,82836,16401.0,16581.5,16828.75,16356.75,-50.64514390234399,63.55156168429525,-114.19670558663924,28.708133971291858,238.57142857142858,-97.66705013823844,62598.3,1501482,87561.45,-2796.0,-3.265134529147984
2023-10-16,16160,16230,16080,16135,89037,81874,16297.0,16483.5,16784.25,16363.333333333334,-81.90976816105831,34.45929571522454,-116.36906387628285,22.41379310344827,228.92857142857142,-94.01544214459845,63359.55,1412445,86960.55,-962.0,-1.1613308223477725
2023-10-17,16135,16305,16125,16285,60309,74628,16271.0,16429.5,16744.25,16372.25,-93.5055875300095,8.86631906617773,-102.37190659618724,27.08333333333333,226.78571428571428,-71.63236447037671,62652.6,1472754,86014.0,-7246.0,-8.850184429733488
2023-10-18,16255,16455,16245,16380,56359,67802,16278.0,16391.5,16715.0,16383.5,-93.94669287571014,-11.696283322199843,-82.2504095535103,28.57142857142857,231.78571428571428,-49.43977649493015,62485.75,1529113,84647.9,-6826.0,-9.14670097014525
2023-10-19,16430,16475,16380,16475,38336,66128,16299.0,16377.0,16692.25,16395.5,-85.6433230710536,-26.485691271970595,-59.157631799083006,38.25857519788918,205.35714285714286,-34.54939106414855,60479.6,1567449,83189.3,-1674.0,-2.468953718179401
2023-10-20,16475,16560,16435,16440,43287,62266,16343.0,16372.0,16670.75,16405.75,-80.95386441417577,-37.37932590041163,-43.57453851376414,30.54755043227665,191.78571428571428,-26.930495877307113,60171.55,1524162,81693.7,-3862.0,-5.840188724897166
2023-10-23,16430,16595,16385,16480,31379,61157,16412.0,16354.5,16639.25,16415.0,-73.16635276660236,-44.53673127364978,-28.62962149295258,38.38383838383839,184.64285714285714,-22.48298257732396,57991.6,1555541,80208.35,-1109.0,-1.7810683197892918
2023-10-24,16500,16515,16425,16455,26673,57915,16446.0,16358.5,16599.25,16422.916666666668,-68.22552338156311,-49.27448969523245,-18.95103368633066,39.44636678200692,177.14285714285714,-21.796358083525586,55798.6,1528868,78725.05,-3242.0,-5.301110257206865
2023-10-25,16435,16525,16390,16425,28498,54880,16455.0,16366.5,16556.75,16427.75,-65.97016675930354,-52.61362510804667,-13.356541651256869,42.69662921348315,171.78571428571428,-20.656873194964746,54438.7,1500370,77142.45,-3035.0,-5.240438573771911
2023-10-26,16220,16275,16150,16185,51268,60186,16397.0,16348.0,16499.75,16431.25,-82.59665183577818,-58.610230453592976,-23.9864213821852,39.44636678200692,180.71428571428572,-60.21089061343124,54110.25,1449102,75945.6,5306.0,9.668367346938766
2023-10-27,16155,16300,16135,16285,48857,60753,16366.0,16354.5,16468.0,16437.25,-86.70461989471369,-64.22910834181712,-22.475511552896563,36.59420289855072,168.92857142857142,-50.65159022169674,52932.8,1497959,75338.2,567.0,0.9420795533845006
2023-10-30,16295,16340,16260,16305,33893,61608,16331.0,16371.5,16427.5,16443.0,-87.33958495633306,-68.85120366472032,-18.48838129161274,45.258620689655174,154.64285714285714,-34.92279432605308,52203.4,1531852,75195.7,855.0,1.4073379092390592
2023-10-31,16340,16360,16250,16320,39164,64116,16304.0,16375.0,16402.25,16448.833333333332,-85.64516060340065,-72.20999505245639,-13.435165550944262,48.86877828054299,153.92857142857142,-29.540084480454638,50254.3,1571016,73719.3,2508.0,4.070899883132051
2023-11-01,16290,16380,16230,16270,38182,62170,16273.0,16364.0,16377.75,16455.083333333332,-87.33021091829869,-75.23403822562486,-12.096172692673832,45.575221238938056,156.07142857142858,-31.250612332339617,47771.35,1532834,72063.8,-1946.0,-3.035123838043541
2023-11-02,16285,16460,16260,16460,49057,63628,16328.0,16362.5,16369.75,16463.833333333332,-72.49849579842339,-74.68692974018457,2.1884339417611756,60.25641025641025,155.35714285714286,7.409247302962926,46807.55,1581891,70549.45,1458.0,2.3451825639375867
2023-11-03,16490,16625,16475,16620,50497,64849,16395.0,16380.5,16376.25,16475.416666666668,-47.28847972674339,-69.20723973749634,21.918760010752948,69.47791164658634,156.42857142857142,71.97317908523968,46691.9,1632388,69393.15,1221.0,1.9189664927390382
2023-11-06,16670,16695,16565,16595,38899,65960,16453.0,16392.0,16373.25,16486.166666666668,-28.992444573985267,-61.16428070479413,32.17183613080886,63.839285714285715,152.85714285714286,97.56634552689754,46521.65,1593489,68414.35,1111.0,1.713210689447786
2023-11-07,16550,16590,16455,16490,42005,65956,16487.0,16395.5,16377.0,16495.666666666668,-22.70361424548173,-53.472147412931655,30.768533167449924,54.86725663716815,147.85714285714286,53.92296783729881,45569.3,1551484,67440.15,-4.0,-0.006064281382656134
2023-11-08,16550,16575,16415,16435,45180,64010,16520.0,16396.5,16381.5,16503.833333333332,-21.905201717501768,-47.15875827384568,25.25355655634391,48.165137614678905,152.5,36.715846943347636,45240.5,1506304,66417.7,-1946.0,-2.9504518163624205
2023-11-09,16450,16550,16425,16465,36852,64028,16521.0,16424.5,16386.25,16512.416666666668,-18.636870515041664,-41.45438072208487,22.817510207043206,51.1520737327189,152.5,35.9438339832195,45235.3,1543156,65337.5,18.0,0.028120606155290773
2023-11-10,16490,16545,16455,16505,28397,64062,16498.0,16446.5,16400.5,16521.083333333332,-12.672942985875125,-35.698093174842924,23.0251501889678,51.1520737327189,143.92857142857142,39.84429995060143,43806.45,1571553,64398.8,34.0,0.053101767976504455
2023-11-13,16455,16630,16400,16605,39210,66882,16500.0,16476.5,16424.0,16532.0,0.12127878752653487,-28.53421878236903,28.655497569895566,56.46551724137932,153.92857142857142,53.15932951142683,41315.1,1610763,63649.2,2820.0,4.4019855764728
2023-11-14,16540,16580,16360,16415,39578,65558,16485.0,16486.0,16430.5,16541.0,-5.012835535733757,-23.82994213304198,18.81710659730822,49.62121212121212,161.78571428571428,10.195323930305538,40278.55,1571185,63195.7,-1324.0,-1.9796058730301103
2023-11-15,16415,16545,16370,16505,33475,66328,16499.0,16509.5,16436.75,16550.166666666668,-1.7986762672262557,-19.423688959878834,17.62501269265258,63.675213675213676,154.64285714285714,17.492552951693806,39134.35,1604660,63122.0,770.0,1.1745324750602526
2023-11-16,16550,16810,16540,16770,63782,68513,16560.0,16540.5,16451.5,16562.916666666668,21.879638558722945,-11.163023456158479,33.04266201488142,68.16479400749063,164.64285714285714,102.4166887382541,40406.65,1668442,63241.25,2185.0,3.294234712338673
2023-11-17,16905,17060,16870,17030,64391,67702,16665.0,16581.5,16481.0,16579.416666666668,60.92242494875609,3.2540662248244363,57.668358723931654,73.01587301587301,179.64285714285714,146.93160850917675,41461.85,1732833,63513.05,-811.0,-1.1837169588253316
2023-11-20,17100,17195,17035,17045,57020,61456,16753.0,16626.5,16509.25,16595.666666666668,92.01381115235563,21.006015210330673,71.00779594202496,73.01587301587301,183.57142857142858,131.93911917593502,42743.9,1789853,63528.0,-6246.0,-9.225724498537712
2023-11-21,17010,17040,16790,16830,46206,57356,16836.0,16660.5,16528.0,16606.916666666668,98.173571726089,36.43952651348234,61.73404521260665,66.0919540229885,191.07142857142858,75.92713487751779,43720.55,1743647,63500.05,-4100.0,-6.671439729237183
2023-11-22,16775,16840,16650,16700,53499,80337,16875.0,16687.0,16541.75,16613.583333333332,91.51043745506831,47.45370870179954,44.05672875326877,57.14285714285714,190.35714285714286,39.528649135332124,44970.6,1690148,64772.9,22981.0,40.067298974823906
2023-11-23,16640,16645,16475,16530,83878,80625,16827.0,16693.5,16559.0,16615.25,71.68592556233489,52.30015207390661,19.385773488428278,47.337278106508876,194.64285714285714,-1.3112425876036966,46601.1,1606270,65794.85,288.0,0.3584898614586107
2023-11-24,16530,16560,16440,16465,53535,75419,16714.0,16689.5,16568.0,16615.916666666668,50.151781765322085,51.87047801218971,-1.7186962468676228,46.24277456647399,193.92857142857142,-18.436869571258875,46835.0,1552735,66528.15,-5206.0,-6.457054263565887
2023-11-27,16465,16470,16120,16145,76815,72212,16534.0,16643.5,16560.0,16611.083333333332,7.1817057788830425,42.93272356552838,-35.751017786645335,41.13110539845758,208.92857142857142,-72.47160551359352,48981.1,1475920,67058.35,-3207.0,-4.252244129463401
2023-11-28,16105,16230,16055,16135,71689,73408,16395.0,16615.5,16550.75,16607.833333333332,-27.363871769222897,28.873404498578125,-56.23727626780102,42.10526315789474,210.0,-88.972174383778,50607.35,1404231,67522.95,1196.0,1.6562344208718827
2023-11-29,16085,16120,15965,16020,73997,69072,16259.0,16567.0,16538.25,16606.416666666668,-63.29144538362016,10.440434522138471,-73.73187990575863,38.79093198992443,213.21428571428572,-99.51381804618441,52398.1,1330234,67868.05,-4336.0,-5.906713164777678
2023-11-30,15965,15975,15810,15810,65893,67666,16115.0,16471.0,16505.75,16598.166666666668,-107.47069598881717,-13.141791580052658,-94.32890440876452,33.874709976798144,221.78571428571428,-110.15076247184692,53239.9,1264341,68069.95,-1406.0,-2.035557099837848
2023-12-01,15825,16015,15740,15785,84343,61894,15979.0,16346.5,16464.0,16589.416666666668,-142.85363368817343,-39.084160001676814,-103.76947368649661,30.288461538461533,225.0,-95.71681094784843,54932.2,1179998,67922.2,-5772.0,-8.53013330180593
2023-12-04,15810,15850,15560,15645,83692,57838,15879.0,16206.5,16416.5,16565.916666666668,-180.11543805447036,-67.29041561223553,-112.82502244223483,31.034482758620683,228.21428571428572,-100.17258424298468,57171.85,1096306,67516.1,-4056.0,-6.553139238052152
2023-12-05,15700,15770,15580,15610,49679,51563,15774.0,16084.5,16372.5,16549.5,-210.0485846314332,-95.84204941607507,-114.20653521535812,27.341772151898738,229.28571428571428,-89.5734671590319,57555.55,1046627,66796.45,-6275.0,-10.849268646910337
2023-12-06,15570,15635,15480,15580,56150,50344,15686.0,15972.5,16329.75,16533.916666666668,-233.4999264267026,-123.37362481820058,-110.126301608502,15.804597701149419,218.57142857142858,-86.62822502197051,58104.05,990477,66113.15,-1219.0,-2.3640982875317573
2023-12-07,15515,15595,15480,15535,50252,48943,15631.0,15873.0,16283.25,16513.666666666668,-252.8022605805254,-149.25935197066553,-103.54290860985986,0.983606557377044,206.07142857142858,-78.7138447923893,58774.05,940225,65358.9,-1401.0,-2.782853964722709
2023-12-08,15525,15570,15405,15410,54963,47363,15556.0,15767.5,16228.5,16485.916666666668,-275.01574448360225,-174.4106304732529,-100.60511401034935,0.0,206.07142857142858,-76.07865013105993,60102.35,885262,64523.95,-1580.0,-3.228245101444538
2023-12-11,15490,15700,15485,15550,48893,43758,15537.0,15708.0,16175.75,16461.333333333332,-278.11729746198216,-195.15196387099877,-82.96533359098339,8.974358974358978,208.57142857142858,-58.32815474653,60586.5,934155,63367.75,-3605.0,-7.611426641048924
2023-12-12,15545,15650,15510,15575,30146,40724,15530.0,15652.0,16133.75,16436.166666666668,-275.3835592261039,-211.1982829420198,-64.1852762840841,11.340206185567013,205.0,-52.8502632048425,60114.9,964301,62126.05,-3034.0,-6.933589286530461
2023-12-13,15625,15645,15500,15545,31378,39557,15523.0,15604.5,16085.75,16412.5,-272.49662973387785,-223.4579523003914,-49.03867743348644,12.547528517110266,199.28571428571428,-49.16196552138807,60010.05,932923,60787.5,-1167.0,-2.865632059719081
2023-12-14,15595,15635,15470,15560,36847,34487,15528.0,15579.5,16025.25,16389.666666666668,-265.932834493713,-231.95292873905575,-33.97990575465727,14.229249011857704,202.5,-45.175469111258586,58663.3,969770,59086.2,-5070.0,-12.816947695730207
2023-12-15,15575,15655,15530,15620,61067,50026,15570.0,15563.0,15954.75,16368.833333333334,-252.97336147656097,-236.1570152865568,-16.816346190004168,23.88059701492537,186.42857142857142,-37.20902004738912,58497.1,1030837,58202.4,15539.0,45.0575579203758
2023-12-18,15605,15785,15565,15720,61758,50437,15604.0,15570.5,15888.5,16345.666666666666,-231.95983291353514,-235.31757881195247,3.3577458984173347,31.05022831050229,189.64285714285714,-25.094564100779763,58734.0,1092595,57651.45,411.0,0.8215727821532903
2023-12-19,15795,15810,15605,15675,55645,56373,15624.0,15577.0,15830.75,16319.333333333334,-216.44256884947026,-231.54257681945603,15.100007969985768,33.17073170731706,192.14285714285714,-20.504870847104552,59205.95,1036950,57602.3,5936.0,11.76913773618573
2023-12-20,15670,15695,15610,15670,36868,56001,15649.0,15586.0,15779.25,16292.583333333334,-202.21744664714788,-225.67755078499442,23.460104137846542,41.463414634146346,183.21428571428572,-21.880603848755033,58374.4,1000082,56385.5,-372.0,-0.6598903730509309
2023-12-21,15685,15705,15615,15660,39207,56349,15669.0,15598.5,15735.75,16264.833333333334,-189.5656563559005,-218.45517189917567,28.889515543275166,42.23602484472049,170.0,-17.537432461458266,56140.85,960875,55171.7,348.0,0.6214174746879575
2023-12-22,15620,15685,15585,15665,46259,55543,15678.0,15624.0,15695.75,16243.916666666666,-177.09413226610923,-210.1829639725624,33.08883170645316,51.492537313432834,156.42857142857142,-16.19178599792484,55777.05,1007134,54177.9,-806.0,-1.4303714351630026
2023-12-25,15710,15775,15630,15720,52633,53224,15678.0,15641.0,15674.5,16220.666666666666,-160.91736402178867,-200.32984398240765,39.41247996061898,57.971014492753625,153.21428571428572,6.572111594221921,54567.95,1059767,53228.5,-2319.0,-4.175143582449636
2023-12-26,15710,15765,15695,15745,30175,52189,15692.0,15658.0,15655.0,16202.666666666666,-144.41513973895235,-189.14690313371662,44.73176339476427,62.043795620437955,147.14285714285714,26.266321233152908,52492.25,1089942,52167.55,-1035.0,-1.9446114534796277
2023-12-27,15705,15860,15700,15840,44558,50842,15726.0,15687.5,15646.0,16187.333333333334,-122.26194248329375,-175.76991100363205,53.507968520338295,70.74829931972789,150.35714285714286,69.76154401339275,51020.3,1134500,51256.05,-1347.0,-2.5810036597750496
2023-12-28,15820,15960,15795,15900,42879,50169,15774.0,15721.5,15650.5,16175.333333333334,-98.72582563076139,-160.36109392905792,61.63526829829652,86.56716417910448,150.35714285714286,107.68194705322672,49869.6,1177379,50381.2,-673.0,-1.3237087447386053
2023-12-29,15870,15910,15820,15875,33577,50392,15816.0,15747.0,15655.0,16165.083333333334,-81.15506940007799,-144.51988902326195,63.36481962318396,79.27927927927928,136.07142857142858,97.4168571835562,47331.3,1143802,49806.1,223.0,0.4444975981183541
2024-01-02,15900,16000,15870,15955,29617,49626,15863.0,15770.5,15670.5,16153.416666666666,-60.08219691848717,-127.632350602307,67.55015368381983,81.14754098360656,135.35714285714286,108.0193251989257,44627.55,1173419,49395.5,-766.0,-1.5200825527861617
2024-01-03,15970,15985,15860,15980,33416,46968,15910.0,15801.0,15689.0,16146.166666666666,-40.89311224580706,-110.28450293100701,69.39139068519995,85.9504132231405,133.92857142857142,92.20588867237682,43814.4,1206835,49165.75,-2658.0,-5.356063353887075
2024-01-04,15995,16020,15930,15965,33003,43213,15935.0,15830.5,15708.25,16139.833333333334,-26.589491921105946,-93.54550072902681,66.95600880792087,83.47107438016529,128.57142857142858,88.69866039469261,42657.05,1173832,48809.2,-3755.0,-7.994804973599045
2024-01-05,15940,16105,15920,16055,41554,39477,15966.0,15870.0,15734.25,16134.583333333334,-7.900450448234551,-76.41649067286836,68.51604022463381,84.25196850393701,132.85714285714286,92.19509625550569,42222.15,1215386,48335.9,-3736.0,-8.6455464790688
2024-01-08,16095,16180,16050,16140,42637,38818,16019.0,15917.5,15770.75,16133.25,13.612621366104577,-58.41066826507378,72.02328963117836,83.87096774193549,126.42857142857143,105.36779348049703,41605.85,1258023,47908.65,-659.0,-1.6693264432454336
2024-01-09,16105,16210,16070,16185,35802,38879,16065.0,15964.0,15802.5,16134.083333333334,33.90220616234001,-39.94809337959103,73.85029954193104,91.12903225806451,121.78571428571429,97.47202646367565,40951.3,1293825,47664.7,61.0,0.15714359317842153
2024-01-10,16150,16415,16150,16385,44594,37447,16146.0,16028.0,15843.0,16135.75,65.36667053360725,-18.885140596951373,84.25181113055862,93.86503067484662,134.64285714285714,114.370334555018,41673.7,1338419,47500.85,-1432.0,-3.683222305100442
2024-01-11,16415,16520,16330,16475,47085,33353,16248.0,16091.5,15889.5,16137.333333333334,96.45288426569823,4.182464375578547,92.27041989011968,95.53072625698324,141.78571428571428,116.493603285107,42459.05,1385504,47190.65,-4094.0,-10.932785002803957
2024-01-12,16455,16550,16305,16325,45262,28150,16302.0,16134.0,15927.75,16134.833333333334,107.74318979066084,24.894609458595006,82.84858033206584,81.73076923076923,152.14285714285714,92.63066600222567,42879.8,1340242,46873.8,-5203.0,-15.599796120289033
2024-01-15,16345,16345,16155,16200,36634,24273,16314.0,16166.5,15956.75,16130.833333333334,105.38951816730696,40.9935912003374,64.39592696696957,71.62162162162161,155.35714285714286,55.998058885476944,41658.15,1303608,45586.15,-3877.0,-13.772646536412081
2024-01-16,16210,16295,16135,16230,48941,62926,16323.0,16194.0,15982.25,16126.666666666666,104.73761569126327,53.742396098522576,50.995219592740696,71.74887892376682,161.78571428571428,48.330573399034236,41017.3,1352549,46210.6,38653.0,159.24278004366994
2024-01-17,16250,16270,16155,16170,34826,63491,16280.0,16213.0,16007.0,16121.916666666666,98.24695003976194,62.64330688677045,35.60364315299149,65.27777777777777,158.57142857142858,39.830505591293736,39976.35,1317723,46566.5,565.0,0.8978800495820449
2024-01-18,16170,16265,16140,16215,50894,64693,16228.0,16238.0,16034.25,16118.416666666666,95.6317909106383,69.24100369154402,26.39078721909428,64.78873239436619,155.71428571428572,37.390385494222144,40677.65,1368617,47001.1,1202.0,1.8931817107936455
2024-01-19,16220,16410,16195,16360,56188,70467,16235.0,16268.5,16069.25,16121.333333333334,104.06000765094905,76.20480448342502,27.855203167524024,70.46413502109705,164.64285714285714,55.73970750464528,41526.7,1424805,47707.0,5774.0,8.925231477903317
2024-01-22,16455,16545,16350,16355,70045,77517,16266.0,16290.0,16103.75,16122.5,109.07858193294669,82.77955997332936,26.299021959617335,68.01801801801801,169.28571428571428,69.91178873244262,42716.0,1354760,48805.7,7050.0,10.004683043126562
2024-01-23,16360,16730,16360,16685,61250,85331,16357.0,16340.0,16152.0,16128.833333333334,138.0922389124862,93.84209576116073,44.250143151325474,74.91166077738515,187.14285714285714,95.6586305449004,43146.85,1416010,50411.05,7814.0,10.080369467342653
2024-01-24,16665,16725,16575,16665,56392,85165,16456.0,16368.0,16198.0,16134.583333333334,157.65459422223648,106.6045954533759,51.04999876886059,74.64788732394366,191.42857142857142,96.63397795471916,44457.7,1359618,52059.85,-166.0,-0.19453656935931596
2024-01-25,16690,16690,16305,16310,70756,79949,16475.0,16351.5,16221.5,16135.25,142.86550400369742,113.8567771634402,29.008726840257225,57.566765578635014,205.71428571428572,47.118005726724164,45767.6,1288862,53515.2,-5216.0,-6.124581694358011
2024-01-26,16335,16410,16200,16225,69947,75587,16448.0,16341.5,16237.75,16131.333333333334,122.86988626548191,115.65939898384855,7.2104872816333625,52.52225519287834,211.42857142857142,9.529147817445661,47121.0,1218915,54786.1,-4362.0,-5.455978186093635
2024-01-29,16275,16315,16205,16240,48958,70607,16425.0,16345.5,16256.0,16125.0,107.00015856442587,113.92755089996402,-6.927392335538144,51.66163141993957,209.28571428571428,-0.6884157920065858,47890.05,1267873,55796.85,-4980.0,-6.588434519163345
2024-01-30,16255,16335,16175,16240,38957,66601,16336.0,16346.5,16270.25,16119.083333333334,93.34723619391661,109.81148795875454,-16.464251764837925,45.017182130584196,201.78571428571428,-5.792445553109456,48357.05,1267873,56645.6,-4006.0,-5.673658419136918
2024-01-31,16255,16320,16205,16300,32909,64350,16263.0,16359.5,16286.25,16115.916666666666,86.37304076182227,105.1237985193681,-18.750757757545827,43.85964912280702,196.42857142857142,-3.90478340372701,48331.7,1300782,57514.7,-2251.0,-3.3798291316947227
2024-02-01,16210,16250,16120,16230,43824,60824,16247.0,16361.0,16299.5,16112.5,74.34057379067235,98.96715357362895,-24.626579782956597,46.468401486988846,191.78571428571428,-32.53278689717031,48872.75,1256958,58395.25,-3526.0,-5.4794094794094805
2024-02-02,16245,16280,16150,16240,36294,58649,16250.0,16349.0,16308.75,16108.75,64.8639620749218,92.14651527388753,-27.28255319896573,51.626016260162594,187.5,-30.659257538487573,48609.75,1293252,59353.85,-2175.0,-3.575891095620154
2024-02-05,16180,16250,16155,16205,34212,55881,16243.0,16334.0,16312.0,16103.75,53.90805304320929,84.49882282775188,-30.590769784542587,48.98785425101215,182.85714285714286,-40.50956548854687,48188.5,1259040,60207.0,-2768.0,-4.719603062285804
2024-02-06,16205,16330,16125,16185,38318,51477,16232.0,16284.0,16312.0,16096.75,43.11458524863883,76.22197531192927,-33.10739006329044,50.62761506276151,189.28571428571428,-38.75473958430334,48314.3,1220722,60836.9,-4404.0,-7.8810329092178
2024-02-07,16185,16215,16150,16180,31051,46743,16208.0,16235.5,16301.75,16092.833333333334,33.76796990818002,67.73117423117942,-33.9632043229994,48.484848484848484,185.0,-46.94012856920059,47637.15,1189671,61301.7,-4734.0,-9.196340113060197
2024-02-08,16180,16330,16140,16250,32881,43052,16212.0,16229.5,16290.5,16088.583333333334,31.644348545618413,60.51380909406723,-28.869460548448814,44.90740740740741,183.21428571428572,-22.301663584044235,46926.95,1222552,61786.65,-3691.0,-7.896369509873136
2024-02-19,16165,16180,15860,15910,37117,37899,16146.0,16198.0,16269.75,16074.25,2.497416155625615,48.91053050637891,-46.4131143507533,34.275618374558306,197.14285714285714,-99.33024143504501,46519.7,1185435,62274.1,-5153.0,-11.969246492613584
2024-02-20,15860,15890,15825,15845,26281,34029,16074.0,16158.5,16252.0,16054.5,-25.552145302695862,34.01799534456396,-59.57014064725982,13.478260869565204,176.42857142857142,-115.1202263036543,46002.05,1159154,62761.9,-3870.0,-10.21135122298742
2024-02-21,15890,15890,15790,15840,29393,28317,16005.0,16118.5,16232.5,16034.416666666666,-47.63596530220093,17.68720321521098,-65.32316851741191,13.656387665198238,172.85714285714286,-100.22860845697966,45024.65,1129761,61031.45,-5712.0,-16.78568279996474
2024-02-22,15845,15920,15835,15865,23798,23764,15942.0,16075.0,16217.25,16018.333333333334,-62.40094148070784,1.669574276027216,-64.07051575673506,22.360248447204967,151.42857142857142,-81.25769737303199,44473.25,1153559,59045.1,-4553.0,-16.07868065119893
2024-02-23,15890,15985,15830,15885,38319,42112,15869.0,16040.5,16200.75,16004.75,-71.6623793244853,-12.996816444075288,-58.665562880410015,27.02702702702703,147.5,-67.81544618786032,43844.5,1191878,57916.05,18348.0,77.20922403635753
2024-02-26,15845,15950,15845,15895,36679,44167,15866.0,16006.0,16177.5,15994.166666666666,-77.30410550608576,-25.858274256477383,-51.445831249608375,26.530612244897966,147.14285714285714,-61.5612280987674,42869.05,1228557,56601.05,2055.0,4.8798442249240015
2024-02-27,15955,15980,15910,15955,29251,44806,15888.0,15981.0,16157.5,15985.666666666666,-76.05697809273988,-35.89801502372988,-40.15896306901,32.07547169811322,141.78571428571428,-45.82646113967823,40829.35,1257808,54965.5,639.0,1.446781533724284
2024-02-28,15955,15965,15900,15945,26996,45478,15909.0,15957.0,16120.5,15982.333333333334,-75.01085857410362,-43.72058373380463,-31.29027484029899,26.174496644295303,138.21428571428572,-44.68473382950768,39116.65,1230812,52972.85,672.0,1.4997991340445438
2024-02-29,15905,15995,15900,15970,25857,45129,15930.0,15936.0,16085.75,15979.583333333334,-71.34212267119256,-49.24489152128222,-22.097231149910336,31.42857142857143,132.14285714285714,-38.655945256664005,37589.9,1256669,50971.05,-349.0,-0.7674040195259191
2024-03-01,15950,16085,15930,15970,37189,45225,15947.0,15908.0,16068.75,15978.75,-67.65474129231916,-52.92686147548961,-14.72787981682955,30.434782608695656,133.92857142857142,-24.00745610472998,35911.55,1256669,49234.85,96.0,0.21272352589243315
2024-03-04,15970,16025,15915,15995,32799,43515,15967.0,15916.5,16057.25,15981.833333333334,-62.00047108046965,-54.74158339648562,-7.258887683984028,34.55882352941177,135.0,-25.402297751464786,34054.15,1289468,47631.25,-1710.0,-3.7810945273631824
2024-03-05,15955,16010,15950,15990,25291,41594,15974.0,15931.0,16044.75,15985.25,-57.26278962012475,-55.24582464121345,-2.0169649789112967,35.33834586466166,124.64285714285714,-20.39131445416388,32870.8,1264177,46180.6,-1921.0,-4.414569688613124
2024-03-06,15980,16060,15965,16020,24215,41208,15989.0,15949.0,16033.75,15991.5,-50.50520112988124,-54.29769993894701,3.792498809065769,38.405797101449274,126.78571428571429,-6.700956426784117,32133.7,1288392,44910.95,-386.0,-0.9280184642015632
2024-03-07,16095,16095,16000,16040,31779,38568,16003.0,15966.5,16020.75,15998.666666666666,-43.03979475000415,-52.046118901158444,9.006324151154296,33.59375,120.0,7.985653359691678,32077.2,1320171,43621.85,-2640.0,-6.406523005241704
2024-03-08,16065,16270,16040,16220,37792,38632,16053.0,16000.0,16020.25,16009.333333333334,-22.341373287139504,-46.10516977835466,23.763796491215153,82.29166666666667,108.57142857142857,57.38934525293622,31775.6,1357963,42512.25,64.0,0.1659406762082538
2024-03-11,16205,16280,16130,16250,35523,34891,16104.0,16035.5,16020.75,16021.25,-3.4768963770657138,-37.57951509809687,34.102618721031156,95.50561797752809,113.21428571428571,73.68123089238756,31737.05,1393486,41324.35,-3741.0,-9.68368192172292
2024-03-12,16280,16315,16235,16270,28119,33841,16160.0,16067.0,16024.0,16035.583333333334,12.938028796093931,-27.476006319258712,40.41403511535265,96.73913043478261,111.78571428571429,88.4283708071862,31432.4,1421605,40222.35,-1050.0,-3.0093720443667427
2024-03-13,16310,16345,16235,16340,29164,32148,16224.0,16106.5,16031.75,16048.75,31.23532881727624,-15.733739291951723,46.96906810922796,97.02970297029702,113.57142857142857,93.38062809887221,30974.7,1450769,39255.9,-1693.0,-5.002807245648766
2024-03-14,16360,16380,16240,16275,30313,29295,16271.0,16137.0,16036.5,16060.416666666666,40.029676938518605,-4.581056045857659,44.61073298437626,85.45454545454545,112.5,83.87024589799137,30937.8,1420456,38383.5,-2853.0,-8.874580067189253
2024-03-15,16275,16335,16255,16310,18974,25733,16289.0,16171.0,16039.5,16073.166666666666,49.25567986042006,6.1862911353978856,43.06938872502217,86.08695652173913,110.71428571428571,81.04729584918302,30242.45,1439430,37517.55,-3562.0,-12.159071513910224
2024-03-18,16245,16320,16200,16255,31743,48341,16290.0,16197.0,16056.75,16084.75,51.53524705153359,15.256082318625026,36.27916473290856,76.31578947368422,113.21428571428571,61.32850606014631,29973.75,1407687,38039.65,22608.0,87.85606031166206
2024-03-19,16265,16325,16200,16215,39692,52009,16279.0,16219.5,16075.25,16094.666666666666,49.543053288998635,22.113476512699748,27.429576776298887,72.5,117.5,52.470280009172896,30644.3,1367995,38938.65,3668.0,7.5877619412093145
2024-03-20,16260,16300,16225,16255,31367,54504,16262.0,16243.0,16096.0,16103.583333333334,50.60850771106925,27.812482752373647,22.796024958695604,73.17073170731707,116.78571428571429,51.536446985854184,30743.0,1399362,40248.0,2495.0,4.7972466303908945
2024-03-21,16215,16250,16175,16230,30861,53766,16253.0,16262.0,16114.25,16112.833333333334,48.87222832424595,32.02443186674811,16.847796457497843,70.3125,111.42857142857143,34.698197577025695,31096.15,1368501,41748.1,-738.0,-1.3540290620871809
2024-03-22,16260,16275,16165,16235,38593,54542,16238.0,16263.5,16131.75,16122.25,47.35380739925131,35.09030697324875,12.263500426002558,69.35483870967742,111.42857142857143,32.953667835712814,31109.85,1407094,42369.6,776.0,1.4432912993341596
2024-03-25,16225,16290,16185,16240,43085,54536,16235.0,16262.5,16149.0,16131.916666666666,46.02337724548852,37.27692102769671,8.74645621779181,70.16129032258064,114.64285714285714,33.597097230430386,31430.15,1450179,42888.05,-6.0,-0.01100069671079451
2024-03-26,16235,16255,16145,16155,49545,51342,16223.0,16251.0,16159.0,16140.083333333334,37.675907726210426,37.35671836739945,0.31918935881097354,60.0,115.71428571428571,11.001506989124394,32444.85,1400634,43214.85,-3194.0,-5.856681824849641
2024-03-27,16150,16235,16120,16185,42072,48818,16209.0,16235.5,16171.0,16147.833333333334,33.09967482391403,36.505309658702366,-3.405634834788337,60.58394160583942,117.14285714285714,4.929548058993671,33198.65,1442706,43381.85,-2524.0,-4.916053133886489
2024-03-28,16185,16515,16150,16465,89632,59994,16256.0,16254.5,16195.75,16159.833333333334,51.47328523010401,39.4989047729827,11.974380457121313,65.60509554140128,126.78571428571429,78.03031104044251,36387.4,1532338,44125.1,11176.0,22.89319513294277
2024-03-29,16490,16895,16480,16815,171082,65831,16372.0,16305.0,16238.0,16176.083333333334,93.20220181353034,50.239564181092234,42.9626376324381,75.56561085972851,146.78571428571428,154.989092558171,43082.05,1703420,45155.4,5837.0,9.729306263959735
2024-04-01,16740,16780,16425,16490,85428,60184,16422.0,16328.5,16262.75,16185.916666666666,98.90773814739805,59.9731989743534,38.93453917304465,57.801418439716315,168.92857142857142,91.96341204255043,45713.5,1617992,45988.85,-5647.0,-8.578025550272672
2024-04-02,16425,16515,16380,16490,54363,56456,16489.0,16356.0,16287.75,16196.166666666666,102.25073398564018,68.42870597661076,33.822028009029424,55.59701492537313,170.71428571428572,56.480345720802845,47167.1,1617992,46731.95,-3728.0,-6.194337365412739
2024-04-03,16490,16505,16395,16460,41603,52257,16544.0,16376.5,16309.75,16204.583333333334,101.3114773462512,75.00526025053884,26.306217095712356,57.088122605363985,168.57142857142858,49.633395518753666,48036.5,1576389,47284.4,-4199.0,-7.437650559727926
2024-04-08,16625,16735,16430,16470,57649,49544,16545.0,16400.5,16331.25,16212.75,100.21876656215682,80.04796151286243,20.170805049294387,56.25,184.64285714285714,72.85638342433346,49330.0,1634038,47833.2,-2713.0,-5.191648965688811
2024-04-09,16550,16640,16495,16595,43642,46150,16501.0,16436.5,16350.0,16223.25,108.1920698901522,85.67678318832039,22.515286701831812,62.59259259259259,188.21428571428572,73.9799560595842,49622.5,1677680,48209.1,-3394.0,-6.850476344259649
2024-04-10,16640,16840,16590,16805,46505,44781,16564.0,16493.0,16377.75,16235.75,129.95813865265154,94.53305428118662,35.42508437146492,69.40789473684211,197.14285714285714,105.63169289540339,50171.6,1724185,48703.6,-1369.0,-2.966413867822315
2024-04-11,16800,16835,16620,16685,57956,33069,16603.0,16546.0,16398.5,16244.833333333334,135.95767242779948,102.8179779105092,33.13969451729028,63.4375,206.42857142857142,83.8208226317202,51663.45,1666229,48665.0,-11712.0,-26.153949219535065
2024-04-12,16690,16780,16615,16760,57264,68573,16663.0,16603.5,16419.5,16254.416666666666,145.0916926513164,111.27272085867064,33.81897179264577,66.06060606060606,212.5,75.02979615544783,53068.45,1723493,50486.25,35504.0,107.36339169615046
2024-04-15,16795,16940,16680,16755,85021,66792,16720.0,16632.5,16443.5,16260.583333333334,150.19564932043795,119.05730655102411,31.13834276941384,65.75757575757575,223.21428571428572,81.19539051884773,55803.85,1638472,52361.1,-1781.0,-2.5972321467633064
2024-04-16,16770,16985,16720,16940,70848,70186,16789.0,16645.0,16475.0,16268.333333333334,167.24067919715526,128.69398108025035,38.546698116904906,69.1256830601093,234.64285714285714,87.74294133730079,58397.55,1709320,54583.75,3394.0,5.081446879865847
2024-04-17,16940,17115,16830,16885,96382,70139,16805.0,16684.5,16506.5,16277.666666666666,174.3017062607105,137.8155261163424,36.48618014436809,70.27777777777777,247.14285714285714,87.25544989140501,61629.5,1612938,55673.65,-47.0,-0.06696492177926672
2024-04-18,16960,17130,16915,17070,61756,72039,16882.0,16742.5,16549.25,16292.166666666666,192.6053404984159,148.7734889927571,43.83185150565879,72.63427109974424,256.42857142857144,91.32943930130875,62732.7,1674694,56675.15,1900.0,2.7089065997519146
2024-04-19,17120,17415,17065,17315,79490,77870,16993.0,16828.0,16602.25,16310.25,224.29502156216404,163.8777955066385,60.41722605552553,72.13541666666667,255.35714285714286,109.44404061326718,65138.85,1754184,57843.45,5831.0,8.094226738294541
2024-04-22,17400,17560,16920,16920,110727,74508,17026.0,16873.0,16636.75,16322.75,215.05707912991784,174.11365223129437,40.94342689862347,52.671755725190835,270.35714285714283,78.19415586589669,69132.15,1643457,58880.55,-3362.0,-4.3174521638628445
2024-04-23,16880,16910,16750,16830,65704,65411,17004.0,16896.5,16666.5,16333.0,198.18909484106553,178.9287407532486,19.26035408781692,59.826589595375715,254.64285714285714,26.585174544668497,70487.7,1577753,59424.0,-9097.0,-12.209427175605303
2024-04-24,16805,17155,16780,17030,73133,62010,17033.0,16919.0,16706.0,16344.166666666666,198.66928840574474,182.87685028374784,15.792438121996895,63.989637305699475,271.7857142857143,48.03362783480634,71990.1,1650886,59797.7,-3401.0,-5.1994312883154254
2024-04-25,17095,17180,16985,17175,47339,58734,17054.0,16968.0,16757.0,16357.833333333334,208.3484225272914,187.97116473245657,20.377257794834833,67.48166259168704,277.85714285714283,64.39700776354185,71879.8,1698225,60167.3,-3276.0,-5.283018867924527
2024-04-26,17160,17400,17060,17380,52540,58326,17067.0,17030.0,16816.75,16369.416666666666,229.91072507235003,196.35907680043528,33.55164827191476,70.3125,280.35714285714283,87.61912967169893,72403.2,1750765,60642.7,-408.0,-0.694657268362453
2024-04-29,17380,17395,17180,17240,57961,53314,17131.0,17078.5,16855.5,16379.0,233.01611054130262,203.69048354860877,29.325626992693856,64.30155210643017,283.57142857142856,78.06476240149009,70819.65,1692804,60308.7,-5012.0,-8.593080272948594
2024-04-30,17290,17475,17230,17350,44738,47936,17235.0,17119.5,16882.25,16396.333333333332,241.56857937833047,211.26610271455314,30.302476663777327,62.64501160092807,283.2142857142857,81.04267644792775,64502.45,1737542,59413.95,-5378.0,-10.087406684923284
2024-05-06,17230,17750,17215,17740,36497,50804,17377.0,17205.0,16944.75,16421.583333333332,276.6274244286724,224.338367057377,52.28905737129537,71.75257731958763,306.07142857142856,100.27516714500639,62055.9,1774039,58944.95,2868.0,5.982977303070758
2024-05-07,17755,17825,17560,17735,54188,50248,17489.0,17271.5,17007.0,16446.5,300.5438708421425,239.57946781433014,60.96440302781235,70.70063694267516,313.2142857142857,104.4258664600704,62047.15,1719851,58634.55,-556.0,-1.0944020155893242
2024-05-08,17750,18055,17740,17870,83247,49876,17587.0,17327.0,17077.5,16473.666666666668,326.6260568260077,256.98878561666567,69.63727120934203,72.43460764587525,317.5,110.9253780290147,64129.35,1803098,58515.5,-372.0,-0.7403279732526635
2024-05-09,17800,18145,17765,18065,64435,48721,17752.0,17441.5,17157.25,16503.083333333332,358.8941392142042,277.36985633617337,81.52428287803082,72.54509018036072,325.7142857142857,105.82940728538782,64468.65,1867533,58474.35,-1155.0,-2.31574304274601
2024-05-10,18065,18205,17830,18070,69216,42416,17896.0,17565.5,17231.0,16533.75,380.4842990429752,297.9927448775337,82.49155416544147,74.23312883435582,332.14285714285717,96.40719710161213,65747.35,1936749,58287.65,-6305.0,-12.94103158802159
2024-05-13,18060,18285,17955,18225,58107,40052,17993.0,17685.0,17302.0,16566.833333333332,405.42833538696505,319.47986297942,85.94847240754507,73.91304347826087,338.2142857142857,94.70228801355813,66327.45,1994856,58051.2,-2364.0,-5.573368540173518
2024-05-14,18235,18475,18220,18370,48099,35099,18120.0,17804.5,17386.25,16602.916666666668,431.9180694412389,341.9675042717838,89.9505651694551,72.78617710583154,331.42857142857144,99.34380843402559,65834.6,2042955,58152.7,-4953.0,-12.366423649255964
2024-05-15,18300,18860,18300,18790,152876,89967,18304.0,17945.5,17487.75,16646.333333333332,481.2542648462513,369.8248563866773,111.429408459574,89.95726495726495,325.7142857142857,107.89784727909395,70615.2,2195831,59222.4,54868.0,156.32354198125302
2024-05-16,18820,18950,18460,18635,198097,84435,18418.0,18085.0,17581.75,16687.25,502.0589277436702,396.2716706580759,105.78725708559432,87.52598752598753,348.57142857142856,95.32237338000962,76269.0,1997734,60104.55,-5532.0,-6.148921271132746
2024-05-17,18730,18855,18650,18695,101469,86010,18543.0,18219.5,17669.5,16728.0,517.423732831463,420.5020830927533,96.92164973870968,86.75496688741723,337.5,87.00682154310397,77800.05,2099203,60895.75,1575.0,1.8653402025226473
2024-05-20,18730,19060,18670,18830,117641,82291,18664.0,18328.5,17766.75,16776.666666666668,534.334349548888,443.2685363839803,91.0658131649077,86.69623059866962,351.42857142857144,84.66386005455406,78863.0,2216844,61503.35,-3719.0,-4.3239158237414195
2024-05-21,18890,19175,18560,18655,145208,81870,18721.0,18420.5,17846.0,16823.5,527.5340139337823,460.12163189394073,67.41238203984153,78.65168539325842,371.07142857142856,71.65587662221748,83035.6,2071636,61994.9,-421.0,-0.511599081309011
2024-05-22,18730,18765,18300,18710,122835,79624,18705.0,18504.5,17915.75,16871.333333333332,520.5817964127273,472.213664797698,48.368131615029256,84.34579439252336,388.92857142857144,51.0011578268662,85202.85,2194471,62082.6,-2246.0,-2.7433736411383913
2024-05-23,18685,18685,18320,18365,113723,79043,18651.0,18534.5,17988.0,16913.0,481.6809787376842,474.1071275856953,7.57385115198889,71.36842105263158,399.2857142857143,36.9660472348395,85352.65,2080748,62309.35,-581.0,-0.7296794936200168
2024-05-24,18360,18595,18350,18490,82161,75333,18610.0,18576.5,18071.0,16956.416666666668,455.68539818044883,470.422781704646,-14.737383524197185,67.77251184834122,378.57142857142856,34.89724640674331,86175.5,2162909,62805.45,-3710.0,-4.693647761345088
2024-05-27,18475,18680,18400,18550,82290,71326,18554.0,18609.0,18147.0,17000.666666666668,434.9118191321286,463.3205891901426,-28.408770058014,68.82217090069284,379.64285714285717,36.46483994256244,86633.35,2245199,63271.25,-4007.0,-5.319050084292409
2024-05-28,18625,18975,18600,18860,97665,66318,18595.0,18658.0,18231.25,17049.083333333332,438.40930769390616,458.3383328908953,-19.92902519698913,71.15384615384616,387.14285714285717,55.64847385049695,89149.65,2342864,63650.45,-5008.0,-7.0212825617586905
2024-05-29,18870,19075,18795,19040,84694,63490,18661.0,18683.0,18314.25,17100.666666666668,450.5123621774219,456.77313874820067,-6.2607765707787735,70.96774193548387,380.0,65.0474047087574,90757.35,2427558,63908.65,-2828.0,-4.264302301034406
2024-05-30,18880,19060,18750,18760,84994,60317,18740.0,18695.5,18390.25,17147.166666666668,432.5245859217466,451.9234281829099,-19.39884226116328,63.269230769230774,375.35714285714283,50.9530130178536,92109.0,2342564,64258.8,-3173.0,-4.997637423216251
2024-05-31,18750,18910,18655,18840,74969,55126,18810.0,18710.0,18464.75,17195.0,419.8843100983868,445.5156045660053,-25.631294467618545,62.17821782178218,370.0,42.640418203634965,93620.55,2417533,64618.3,-5191.0,-8.60619725782118
2024-06-03,18840,18975,18640,18770,110177,54972,18854.0,18704.0,18516.25,17241.25,399.6119081273973,436.33486527828376,-36.72295715088643,58.163265306122454,375.7142857142857,39.030772303712304,97304.55,2307356,64826.7,-154.0,-0.27936001160976387
2024-06-04,18860,19140,18840,18995,148764,57061,18881.0,18738.0,18579.25,17291.333333333332,397.1237081999534,428.4926338626177,-31.36892566266431,54.54545454545455,362.14285714285717,63.35207507244859,102033.35,2456120,65167.35,2089.0,3.800116422906208
2024-06-05,18815,18905,18670,18690,92318,53836,18811.0,18736.0,18620.25,17335.833333333332,366.318153177599,416.057737725614,-49.73958454801499,51.143451143451145,350.35714285714283,23.98213044120117,102486.9,2363802,65365.35,-3225.0,-5.6518462697814575
2024-06-06,18670,19070,18590,18890,108432,46119,18837.0,18788.5,18661.5,17383.333333333332,353.9625969272929,403.63870956594985,-49.676112638656946,53.83104125736739,368.92857142857144,37.495004697645506,104686.75,2472234,65235.25,-7717.0,-14.334274463184482
2024-06-07,18890,19020,18755,18870,65038,42216,18843.0,18826.5,18701.5,17427.5,338.653114430017,390.6415905387633,-51.98847610874628,50.823045267489704,360.0,42.34264919905977,104477.85,2407196,65225.25,-3903.0,-8.462889481558577
2024-06-11,18790,18885,18645,18705,40445,40273,18830.0,18842.0,18725.5,17468.416666666668,309.63681772212294,374.44063597543527,-64.80381825331233,51.03305785123967,333.2142857142857,4.40291342331548,103594.75,2366751,65236.3,-1943.0,-4.602520371423157
2024-06-12,18630,18735,18505,18605,77113,80973,18752.0,18816.5,18737.25,17507.333333333332,275.39741924474583,354.6319926292974,-79.23457338455154,47.87018255578093,316.42857142857144,-42.678042253004094,105045.45,2289638,67530.0,40700.0,101.06026370024583
2024-06-13,18690,18785,18490,18580,94258,85979,18730.0,18770.5,18726.75,17544.666666666668,243.43894557449676,332.3933832183373,-88.95443764384055,55.01165501165501,309.64285714285717,-40.71276997205493,102114.55,2195380,67330.6,5006.0,6.182307682807853
2024-06-14,18645,18655,18495,18630,86741,88282,18678.0,18757.5,18726.5,17583.916666666668,219.6146263676128,309.8376318481925,-90.22300548057967,53.3816425120773,303.57142857142856,-46.571320495962595,96546.75,2282121,67522.95,2303.0,2.678561043975858
2024-06-17,18540,18845,18415,18665,172263,96295,18637.0,18740.0,18725.0,17623.166666666668,201.23814121842952,288.1177337222399,-86.87959250381039,52.81173594132029,314.2857142857143,-29.130391001635473,100086.45,2454384,68037.2,8013.0,9.076595455472237
2024-06-18,18655,19015,18650,18895,172537,107187,18675.0,18752.5,18728.25,17667.166666666668,202.89487631558586,271.07316224090914,-68.17828592532328,50.890585241730285,310.0,38.87622034409388,102831.25,2626921,69282.0,10892.0,11.311075341398835
2024-06-19,18890,19495,18860,19485,306059,137369,18851.0,18801.5,18769.75,17721.666666666668,248.9462228866796,266.64777437006325,-17.70155148338364,59.368421052631575,335.35714285714283,132.251123010778,110873.8,2932980,72056.95,30182.0,28.158265461296605
2024-06-20,19500,19560,18695,18790,384308,107858,18893.0,18811.5,18773.75,17763.916666666668,226.74774828697628,258.6677691534459,-31.9200208664696,50.537634408602145,375.0,58.75793480838608,123947.45,2548672,73468.65,-29511.0,-21.48301290684216
2024-06-21,18805,18905,18680,18735,216927,99328,18914.0,18796.0,18792.25,17805.666666666668,202.3842966970442,247.41107466216553,-45.02677796512134,48.10126582278481,372.85714285714283,-5.381997743404869,129107.65,2331745,74482.9,-8530.0,-7.908546422147634
2024-06-24,18735,19000,18635,18890,205778,98470,18959.0,18798.0,18812.25,17849.916666666668,193.35442098758722,236.59974392724988,-43.24532293966266,52.10526315789473,375.0,8.711519251842512,135288.5,2537523,75639.75,-858.0,-0.863804768041232
2024-06-25,18890,18970,18750,18885,131436,92512,18957.0,18816.0,18829.0,17894.0,183.67740245752793,226.01527563330552,-42.33787317577759,47.90874524714829,364.2857142857143,12.593519529958922,137745.8,2406087,76699.05,-5958.0,-6.050573778815882
2024-06-26,18995,19260,18925,19240,224241,104445,18908.0,18879.5,18848.0,17945.416666666668,202.3215913304739,221.2765387727392,-18.954947442265308,60.26119402985074,367.85714285714283,84.92177106729089,144074.6,2630328,78605.4,11933.0,12.898867173988249
2024-06-27,19265,19340,19175,19215,135345,106884,18993.0,18943.0,18856.75,17995.916666666668,212.62890066021282,219.54701115023394,-6.918110490021121,56.48702594810379,345.35714285714283,98.84219971850338,146607.15,2494983,80775.1,2439.0,2.3352003446790226
2024-06-28,19275,19490,19190,19440,149466,105915,19134.0,19024.0,18890.75,18045.5,236.23002448652915,222.883613817493,13.346410669036146,60.516605166051654,347.85714285714283,108.09520741586181,149830.75,2644449,83055.0,-969.0,-0.9065903222184812
2024-07-01,19480,19705,19440,19655,145388,111955,19287.0,19123.0,18931.5,18092.833333333332,269.1798505671286,232.14286116742014,37.03698939970846,67.21014492753623,349.64285714285717,122.47159129340531,153351.7,2789837,85896.45,6040.0,5.702686116225264
2024-07-02,19680,19820,19420,19740,192353,107069,19458.0,19207.5,18980.0,18147.0,298.7082915070023,245.4559472353366,53.25234427166569,70.67395264116576,361.7857142857143,108.54180121302794,157460.5,2982190,88501.3,-4886.0,-4.364253494707693
2024-07-03,19740,19780,19390,19500,165549,92033,19510.0,19209.0,19005.25,18197.166666666668,299.2937276677949,256.2235033218283,43.07022434596661,65.54054054054055,368.57142857142856,81.2561906580619,158299.75,2816641,90249.9,-15036.0,-14.043280501358934
2024-07-04,19500,19640,19410,19570,109870,88235,19581.0,19287.0,19049.25,18249.0,301.92569357533284,265.3639413725292,36.56175220280363,65.7718120805369,373.57142857142856,70.01872286149391,159177.35,2926511,91969.85,-3798.0,-4.126780611302472
2024-07-05,19520,19815,19520,19660,153670,91713,19625.0,19379.5,19087.75,18302.166666666668,307.7265136615788,273.83645583033916,33.89005783123963,66.39209225700165,363.92857142857144,76.73273376552605,161439.25,3080181,94249.55,3478.0,3.941746472488239
2024-07-08,19755,19760,19525,19575,121793,89009,19609.0,19448.0,19123.0,18351.833333333332,301.98383408628433,279.46593148152823,22.517902604756102,61.76470588235294,354.64285714285717,63.500306364398845,164277.0,2958388,96589.2,-2704.0,-2.9483279360614123
2024-07-09,19675,19810,19530,19625,121006,88188,19586.0,19522.0,19169.0,18398.833333333332,298.03177648072597,283.1791004813678,14.852675999358155,52.97872340425532,329.2857142857143,61.01023419387254,168305.05,3079394,98984.95,-821.0,-0.9223786358682817
2024-07-10,19560,19590,19400,19430,120548,85573,19572.0,19541.0,19210.25,18444.583333333332,275.983505975164,281.73998158012705,-5.756475604963043,67.29729729729729,283.57142857142856,34.75605220004961,170476.8,2958846,99214.95,-2615.0,-2.965256043906206
2024-07-11,19455,19585,19360,19535,93353,83866,19565.0,19573.0,19258.0,18490.833333333332,263.9401771634002,278.1800206967817,-14.239843533381475,71.05263157894737,283.57142857142856,33.44114122185272,170431.55,3052199,99109.3,-1707.0,-1.9947880756780778
2024-07-12,19555,19640,19450,19455,82164,81730,19524.0,19574.5,19299.25,18535.833333333332,245.11488903835925,271.56699436509723,-26.45210532673798,65.47945205479454,271.07142857142856,32.702405297793526,170202.7,2970035,98781.7,-2136.0,-2.546920086805138
2024-07-15,19480,19700,19480,19595,87303,79920,19528.0,19568.5,19345.75,18580.083333333332,238.740490774715,265.00169364702083,-26.26120287230583,68.11224489795919,272.85714285714283,40.50300102113537,165954.7,3057338,97962.95,-1810.0,-2.2146090786736794
2024-07-16,19585,19795,19575,19725,92923,80915,19548.0,19567.0,19387.25,18627.416666666668,241.3959851177351,260.2805519411637,-18.8845668234286,63.97694524495677,261.7857142857143,52.82303121886561,161974.0,3150261,96649.35,995.0,1.2449949949949968
2024-07-17,19700,19895,19670,19885,92406,81351,19639.0,19605.5,19407.25,18674.333333333332,253.4890819948232,258.92225795189563,-5.433175957072422,67.91443850267379,266.07142857142856,64.95961504446319,151291.35,3242667,93848.45,436.0,0.5388370512265928
2024-07-18,19985,20050,19805,19965,92471,78147,19725.0,19645.0,19466.0,18718.5,266.4567324598356,260.42915285348363,6.027579606351992,65.21739130434783,262.14285714285717,75.45679720574104,136699.5,3335138,92362.9,-3204.0,-3.9384887708817318
2024-07-19,19850,19915,19715,19830,107866,72660,19800.0,19662.0,19520.75,18767.0,262.8107978388616,260.9054818505592,1.905315988302391,55.319148936170215,261.07142857142856,54.27619114035687,131246.45,3227272,91029.5,-5487.0,-7.021382778609542
2024-07-22,19465,19475,19090,19125,182724,112933,19706.0,19617.0,19532.5,18805.25,200.71998526871175,248.86838253418972,-48.14839726547797,36.423841059602644,285.35714285714283,-58.20851821532285,130093.75,3044548,91752.65,40273.0,55.42664464629783
2024-07-23,19030,19255,18970,19055,201127,119729,19572.0,19560.0,19541.0,18839.0,144.2018844200902,227.93508291136982,-83.73319849127961,39.379474940334134,277.85714285714283,-97.86701484434705,133578.3,2843421,93113.5,6796.0,6.017727325051148
2024-07-24,19025,19210,18780,19165,242183,121369,19428.0,19533.5,19537.25,18872.166666666668,107.05292353390905,203.75865103587768,-96.70572750196862,40.515222482435604,292.14285714285717,-102.03101434337417,134475.4,3085604,93959.7,1640.0,1.3697600414268818
2024-07-25,19180,19180,18645,18725,231670,115683,19180.0,19452.5,19512.75,18894.583333333332,41.6279208620108,171.33250500110432,-129.70458413909353,31.187122736418516,309.2857142857143,-120.85541561755161,139291.65,2853934,94399.65,-5686.0,-4.684886585536674
2024-07-26,18720,18910,18595,18610,204564,118107,18936.0,19368.0,19471.25,18917.416666666668,-19.279165799587645,133.21017084096593,-152.48933664055357,30.81510934393637,315.0,-118.18882919418614,142046.55,2649370,95009.25,2424.0,2.0953813438448154
2024-07-29,18665,18860,18485,18710,241867,119060,18853.0,19279.5,19424.0,18940.083333333332,-58.80147967064477,94.80784073864379,-153.60932040928856,32.16374269005847,321.7857142857143,-100.92195522889641,146870.5,2891237,95364.5,953.0,0.8068954422684405
2024-07-30,18710,18765,18585,18730,189743,118988,18788.0,19180.0,19373.5,18956.583333333332,-87.50071156767808,58.346130277379416,-145.8468418450575,35.35564853556485,318.57142857142856,-86.15964180700362,146740.0,3080980,95960.45,-72.0,-0.060473710734088026
2024-07-31,18640,18970,18520,18805,272706,112593,18716.0,19072.0,19338.75,18974.416666666668,-103.00579967426893,26.075744287049748,-129.0815439613187,34.53389830508475,334.64285714285717,-68.75429116083744,152097.85,3353686,96988.45,-6395.0,-5.374491545365922
2024-08-01,18820,19080,18590,18660,227386,103469,18703.0,18941.5,19293.25,18987.583333333332,-125.54675702644454,-4.248755975649107,-121.29800105079543,33.60824742268041,356.07142857142856,-60.59597804740493,157973.65,3126300,97750.15,-9124.0,-8.103523309619598
2024-08-02,18725,18735,18015,18165,343973,101004,18614.0,18775.0,19218.5,18989.25,-181.26349846161247,-39.65170447284178,-141.6117939887707,24.280575539568346,390.0,-96.81158834905253,167488.8,2782327,98214.7,-2465.0,-2.382356068001046
2024-08-05,18160,18205,17525,17590,263873,94778,18390.0,18621.5,19119.25,18981.25,-268.7194810850415,-85.46525979528172,-183.25422128975976,16.89922480620156,422.85714285714283,-119.69287892179297,174592.8,2518454,98503.15,-6226.0,-6.164112312383663
2024-08-06,17300,17415,17040,17215,251052,88640,18087.0,18437.5,18998.75,18964.416666666668,-364.09132523633525,-141.19047288349242,-222.90085235284283,11.191860465116264,446.07142857142856,-128.09139616185954,181095.1,2267402,98525.75,-6138.0,-6.47618645677267
2024-08-07,17225,17435,17225,17295,146064,86963,17785.0,18250.5,18892.0,18946.5,-428.2819002809483,-198.60875836298362,-229.6731419179647,11.191860465116264,444.2857142857143,-101.11672296374161,182370.9,2413466,98595.25,-1677.0,-1.8919223826714848
2024-08-08,17360,17395,17235,17345,107106,84265,17522.0,18112.5,18782.5,18922.416666666668,-469.70435195088066,-252.82787708056304,-216.87647487031762,12.965722801788374,437.85714285714283,-86.91282585086637,183058.55,2520572,98615.2,-2698.0,-3.1024688660694744
2024-08-09,17430,17985,17325,17905,208607,80350,17470.0,18042.0,18705.0,18910.25,-452.1327189065123,-292.6888454457529,-159.4438734607594,30.996884735202485,432.14285714285717,-56.509111732262035,189380.7,2729179,98546.2,-3915.0,-4.6460570818251945
2024-08-12,17980,18305,17825,18270,146511,79294,17606.0,17998.0,18638.75,18903.166666666668,-404.09645120615096,-314.97036659783254,-89.12608460831842,38.801711840228236,446.07142857142856,-30.127337893813543,192341.1,2875690,98514.9,-1056.0,-1.3142501555693853
2024-08-13,18270,18270,17705,17730,163572,78641,17709.0,17898.0,18539.0,18884.833333333332,-404.9330340482484,-332.9629000879157,-71.97013396033265,31.76620076238882,455.7142857142857,-39.47393283355782,195873.55,2712118,98401.2,-653.0,-0.823517542310892
2024-08-14,17705,17720,17275,17290,154483,71965,17708.0,17746.5,18409.25,18862.083333333332,-436.07357007498285,-353.58503408532914,-82.48853598965371,31.76620076238882,450.0,-62.21770273735387,198977.4,2557635,97931.9,-6676.0,-8.48921046273572
2024-08-15,17355,17645,17355,17530,137841,65186,17745.0,17633.5,18287.5,18842.416666666668,-436.356627417008,-370.13935275166494,-66.21727466534304,36.69950738916256,452.85714285714283,-53.44029393980964,201245.9,2695476,97283.85,-6779.0,-9.419856874869726
2024-08-16,17585,17805,17525,17795,126959,63040,17723.0,17596.5,18185.75,18832.916666666668,-410.46606975145187,-378.20469615162233,-32.26137359982954,39.171597633136095,446.07142857142856,-37.12441416705767,202200.55,2822435,96802.85,-2146.0,-3.2921179394348465
2024-08-19,17700,17840,17510,17660,123724,59388,17601.0,17603.5,18112.5,18819.083333333332,-396.272999560475,-381.81835683339284,-14.45464272708216,37.67281105990783,456.7857142857143,-36.03878140600557,199250.55,2698711,94125.6,-3652.0,-5.793147208121829
2024-08-20,17615,17675,17455,17640,97299,55863,17583.0,17646.0,18041.75,18803.916666666668,-382.2325827491877,-381.90120201655185,-0.3313807326358642,36.406067677946325,440.35714285714283,-38.27111004933777,194059.15,2601412,90932.3,-3525.0,-5.935542533845217
2024-08-21,17820,17915,17390,17660,121733,51715,17657.0,17682.5,17966.5,18783.916666666668,-365.2808877232601,-378.5771391578935,13.296251434633405,37.98076923076924,442.85714285714283,-29.203695914700212,188036.65,2723145,87449.6,-4148.0,-7.425308343626369
2024-08-22,17680,17720,17435,17480,86004,48371,17647.0,17696.0,17904.25,18757.916666666668,-362.195874381312,-375.30088620257726,13.105011821265236,41.0923276983095,411.7857142857143,-34.97353219050038,180753.35,2637141,84084.0,-3344.0,-6.466209030262016
2024-08-23,17425,17555,17305,17420,73679,45748,17572.0,17647.5,17844.75,18735.583333333332,-360.43757761048255,-372.32822448415834,11.890646873675792,47.44744744744745,381.07142857142856,-41.740766703968,174209.1,2563462,80466.05,-2623.0,-5.422670608422397
2024-08-26,17570,17840,17505,17830,78132,40099,17606.0,17603.5,17800.75,18718.75,-322.2458912218244,-362.3117578316916,40.06586660986716,59.138187221396734,371.7857142857143,-8.917826749335164,166022.35,2641594,76518.0,-5649.0,-12.348080790417072
2024-08-27,17750,17795,17570,17695,48764,29884,17617.0,17600.0,17749.0,18700.833333333332,-299.42054272675887,-349.73351481070506,50.31297208394619,55.84795321637426,374.64285714285717,-8.499420383393309,158973.4,2592830,72062.8,-10215.0,-25.474450734432274
2024-08-28,17615,17660,17360,17375,72189,52247,17560.0,17608.5,17677.5,18673.833333333332,-303.65230054143103,-340.51727195685027,36.864971415419234,50.40650406504064,387.14285714285717,-31.40448033772232,148947.55,2520641,69045.5,22363.0,74.83268638736446
2024-08-29,17310,17505,17275,17450,73849,53791,17554.0,17600.5,17617.0,18653.166666666668,-297.52444925046075,-331.9187074155724,34.39425816511164,42.90171606864274,356.42857142857144,-40.36309057709563,141270.7,2594490,66561.6,1544.0,2.955193599632522
2024-08-30,17380,17390,17195,17345,82262,52631,17539.0,17555.5,17576.0,18627.416666666668,-297.70890252106256,-325.0767464366704,27.367843915607864,34.29541595925296,340.35714285714283,-59.33566416618772,128185.15,2512228,64142.95,-1160.0,-2.1564945808778435
2024-09-02,17345,17600,17125,17130,115577,56041,17399.0,17502.5,17553.0,18598.416666666668,-311.61172029693626,-322.3837412087236,10.772020911787365,38.54961832061068,333.92857142857144,-58.414458046922476,120770.35,2396651,62206.1,3410.0,6.479071269783976
2024-09-03,17090,17420,17090,17255,87017,53826,17311.0,17464.0,17555.0,18574.25,-308.9816006592664,-319.7033130988322,10.721712439565806,49.240780911062906,325.0,-65.96629583949245,112568.6,2483668,60465.4,-2215.0,-3.9524633750289917
2024-09-04,17200,17300,17105,17120,82491,55492,17260.0,17410.0,17546.25,18549.5,-314.16903854246993,-318.59645818755973,4.427419645089799,40.68181818181818,313.57142857142856,-78.58961980744418,109389.95,2401177,58891.85,1666.0,3.0951584736001125
2024-09-05,17065,17240,16860,16925,95132,54714,17155.0,17354.5,17525.25,18521.916666666668,-330.20855211429443,-320.9188769729067,-9.289675141387761,29.577464788732385,320.7142857142857,-99.92604334136944,108791.25,2306045,57414.3,-778.0,-1.4020038924529632
2024-09-06,17000,17070,16710,16915,85412,53073,17069.0,17304.0,17475.75,18493.333333333332,-339.80978295131354,-324.69705816858806,-15.11272478272548,31.421446384039896,322.85714285714283,-101.08230797037555,102631.5,2220633,56050.45,-1641.0,-2.999232371970606
2024-09-09,16880,16905,16370,16475,100009,55433,16938.0,17168.5,17386.0,18456.833333333332,-378.5593537444074,-335.46951728375194,-43.08983646065548,25.979381443298976,346.07142857142856,-130.66349780096309,100306.4,2120624,54857.4,2360.0,4.446705481129776
2024-09-10,16475,16490,16280,16410,85099,55333,16769.0,17040.0,17320.0,18415.416666666668,-409.7898225567187,-350.3335783383453,-59.4562442183734,24.696356275303643,323.57142857142856,-127.63339437719738,96382.75,2035525,53692.0,-100.0,-0.1803979578951176
2024-09-11,16410,16620,16345,16585,79139,51427,16662.0,16961.0,17284.75,18367.083333333332,-415.62805512982595,-363.3924736966415,-52.23558143318445,31.845841784989858,322.85714285714283,-94.09500787915874,92615.55,2114664,52665.1,-3906.0,-7.059078669148611
2024-09-12,16635,16780,16525,16750,64901,48385,16627.0,16891.0,17245.75,18333.083333333332,-402.3032737539979,-371.17463370811276,-31.128640045885163,36.96498054474708,323.2142857142857,-65.76889483788507,88968.55,2179565,51825.05,-3042.0,-5.915180741633774
2024-09-13,16790,16860,16705,16715,55999,44885,16587.0,16828.0,17191.75,18299.416666666668,-390.0710003255954,-374.95390703160933,-15.117093293986045,24.60136674259681,304.2857142857143,-51.62455292626095,85420.55,2123566,50917.3,-3500.0,-7.233646791360959
2024-09-18,16555,16630,16335,16440,52917,44771,16580.0,16759.0,17130.75,18258.583333333332,-397.97937868994995,-379.5590013632775,-18.42037732667245,23.12633832976445,312.85714285714283,-76.01026031553073,81880.2,2070649,50186.45,-114.0,-0.2539823994653023
2024-09-19,16510,16570,16245,16540,65631,40616,16606.0,16687.5,17075.75,18219.5,-391.6628161128465,-381.9797643131913,-9.683051799655175,30.260047281323878,312.14285714285717,-69.52860969354153,80296.8,2136280,49424.1,-4155.0,-9.280561077483195
2024-09-20,16610,16710,16540,16595,56671,36305,16608.0,16635.0,17022.5,18175.416666666668,-377.86308399559493,-381.15642824967205,3.2933442540771125,29.59427207637232,307.85714285714283,-46.841500453649104,77043.7,2192951,48653.6,-4311.0,-10.6140437266102
2024-09-23,16520,16545,16285,16430,69767,29959,16544.0,16585.5,16970.0,18129.0,-375.9075892143228,-380.1066604426022,4.199071228279422,28.770301624129928,311.7857142857143,-61.970014233186745,76231.85,2123184,47733.0,-6346.0,-17.479685993664784
2024-09-24,16530,16715,16495,16655,52911,23214,16532.0,16559.5,16931.75,18082.583333333332,-352.1429412892321,-374.51391661192827,22.370975322696154,39.03002309468822,298.2142857142857,-35.55743373627477,75193.45,2176095,46606.3,-6745.0,-22.514102606896092
2024-09-25,16750,16780,16500,16510,45796,17592,16546.0,16563.0,16865.75,18030.166666666668,-341.07784173209075,-367.8267016359608,26.748859903870027,32.951945080091534,294.64285714285717,-34.777780217423384,73576.65,2130299,45480.95,-5622.0,-24.21814422331352
2024-09-26,16555,16755,16535,16725,71932,46167,16583.0,16594.5,16817.25,17979.916666666668,-311.37068006501795,-356.53549732177225,45.164817256754304,41.280353200883,298.2142857142857,-21.75594206305404,74735.05,2202231,46295.1,28575.0,162.4317871759891
2024-09-27,16850,17080,16765,16925,85943,44158,16649.0,16628.5,16794.75,17937.0,-268.59303853024903,-338.9470055634676,70.35396703321857,50.0,296.42857142857144,18.227795945678405,75422.75,2288174,45890.65,-2009.0,-4.351593129291487
2024-09-30,16900,17085,16815,17055,78931,43458,16774.0,16659.0,16775.0,17895.083333333332,-221.64653261519925,-315.48691097381396,93.84037835861471,52.92887029288703,290.0,33.6259952821522,75676.85,2367105,45374.0,-700.0,-1.5852167217718205
2024-10-08,17090,17100,16830,16880,55416,46118,16819.0,16675.5,16751.75,17848.75,-196.29930966049506,-291.6493907111502,95.35008105065515,59.529411764705884,270.35714285714283,31.170933666778623,74334.55,2311689,45048.35,2660.0,6.1208523171798035
2024-10-09,16825,16960,16740,16745,59968,45675,16866.0,16706.0,16732.5,17801.583333333332,-184.97257589643414,-270.314027748207,85.34145185177289,57.63097949886105,271.07142857142856,15.110262324582974,71554.1,2251721,44530.05,-443.0,-0.9605793833210474
2024-10-10,16665,16685,16515,16525,65925,43510,16826.0,16704.5,16696.0,17749.916666666668,-191.54026225340567,-254.5592746492468,63.019012395841116,48.660714285714285,267.85714285714283,-29.23605849353494,70499.5,2185796,44014.25,-2165.0,-4.7400109469075025
2024-10-11,16525,16740,16525,16725,45491,42582,16786.0,16717.5,16676.25,17704.833333333332,-178.5486745017115,-239.35715461973976,60.80848011802826,49.45054945054945,265.0,-4.169077750788723,68649.5,2231287,43368.75,-928.0,-2.132843024592046
2024-10-14,16805,16980,16590,16620,65650,41852,16699.0,16736.5,16661.0,17656.25,-174.7114057560575,-226.4280048470033,51.716599090945806,47.97441364605544,281.7857142857143,18.187360267048597,67175.4,2165637,42725.65,-730.0,-1.7143393922314565
2024-10-15,16520,16575,16450,16505,51486,43079,16624.0,16721.5,16640.5,17607.083333333332,-178.88777462192957,-216.91995880198857,38.032184180059005,51.48741418764302,266.7857142857143,-39.63871975970095,65479.1,2114151,42225.95,1227.0,2.931759533594569
2024-10-16,16495,16810,16460,16790,60133,38874,16633.0,16749.5,16656.25,17560.333333333332,-157.38620863796314,-205.0132087691835,47.62700013122037,55.27426160337553,268.57142857142856,10.342384142132401,63485.3,2174284,41398.0,-4205.0,-9.761136516632229
2024-10-17,16830,16890,16570,16585,50739,38138,16645.0,16735.5,16665.0,17508.0,-155.0999537087846,-195.03055775710374,39.93060404831914,49.801587301587304,279.2857142857143,4.995568535392336,61767.3,2123545,40538.25,-736.0,-1.8932962905798267
2024-10-18,16595,16770,16550,16760,45270,36016,16652.0,16719.0,16673.75,17455.916666666668,-137.58109353682084,-183.54066491304718,45.959571376226336,56.52173913043478,272.85714285714283,6.024069675786421,60073.85,2168815,39767.7,-2122.0,-5.564004405055323
2024-10-21,16805,16875,16670,16740,48149,34024,16676.0,16687.5,16673.25,17402.166666666668,-123.8830567236073,-171.6091432751592,47.7260865515519,51.82795698924731,267.14285714285717,26.45103200963904,59236.25,2120666,39049.65,-1992.0,-5.53087516659263
2024-10-22,16740,16850,16610,16785,49010,31453,16732.0,16678.0,16676.75,17351.416666666668,-108.14946028335908,-158.9172066767992,50.76774639344012,56.17977528089887,264.2857142857143,22.446347803923757,58886.8,2169676,38378.05,-2571.0,-7.556430754761346
2024-10-23,16810,16870,16690,16740,40576,28883,16722.0,16677.5,16691.75,17311.666666666668,-98.17983959332196,-146.76973326010375,48.58989366678179,50.36496350364963,259.64285714285717,24.615314370852268,58269.75,2129100,37583.65,-2570.0,-8.170921692684319
2024-10-24,16690,16865,16650,16845,36206,24504,16774.0,16709.5,16707.0,17274.833333333332,-80.87395626530997,-133.590577861145,52.71662159583502,47.95918367346938,249.64285714285714,27.51442090677452,56798.5,2165306,36778.05,-4379.0,-15.161167468753245
2024-10-25,16895,16900,16725,16770,59399,41281,16776.0,16714.0,16715.75,17234.916666666668,-72.37648122181781,-121.34775853327956,48.97127731146175,42.51968503937008,242.85714285714286,28.507399756913614,56934.9,2105907,37026.85,16777.0,68.46637283708783
2024-10-28,16770,16835,16665,16785,65691,39828,16785.0,16730.5,16733.5,17202.583333333332,-63.6975309031659,-109.81771300725684,46.120182104090944,47.27793696275072,235.71428571428572,10.735531106328638,56731.1,2171598,37520.3,-1453.0,-3.5197790751193003
2024-10-29,16745,16785,16605,16610,47763,43116,16750.0,16741.0,16731.25,17169.25,-70.13199967455512,-101.8805703407165,31.748570666161385,46.21848739495798,232.85714285714286,-29.86974569957323,56473.7,2123835,38515.4,3288.0,8.255498644169922
2024-10-30,16560,16770,16535,16730,67820,43918,16748.0,16735.0,16742.25,17136.25,-64.80137549630308,-94.46473137183382,29.66335587553074,56.083086053412465,233.21428571428572,-27.55741834491337,57574.9,2191655,39831.7,802.0,1.8600983393635806
2024-10-31,16705,16775,16610,16620,47757,43947,16703.0,16738.5,16737.0,17101.083333333332,-68.66141210312708,-89.30406751809247,20.64265541496539,46.70846394984326,229.64285714285714,-31.783631178596373,56366.15,2143898,39720.7,29.0,0.0660321508265449
2024-11-01,16650,16900,16550,16840,73689,44828,16717.0,16746.5,16732.75,17068.333333333332,-53.35333352325324,-82.11392071912462,28.76058719587138,56.432748538011694,226.78571428571428,13.699503804455476,55753.45,2217587,39754.2,881.0,2.00468746444582
2024-11-04,16885,16945,16690,16855,65959,44155,16731.0,16758.0,16722.75,17038.25,-39.5552282709541,-73.60218222949051,34.046953958536406,60.869565217391305,232.85714285714286,55.718969582748386,55104.85,2283546,39789.05,-673.0,-1.5012938342107596
2024-11-05,16810,16875,16740,16755,41642,42689,16760.0,16755.0,16716.5,17014.75,-36.271183092987485,-66.13598240218991,29.864799309202425,48.771929824561404,217.5,44.11908018940805,54416.15,2241904,39617.6,-1466.0,-3.320122296455663
2024-11-06,16755,16775,16620,16690,49498,42693,16752.0,16750.0,16713.75,16999.75,-38.47005159351829,-60.60279624045559,22.132744646937297,54.08560311284047,205.71428571428572,-11.434397483403647,53892.65,2192406,39468.5,4.0,0.00937009534072164
2024-11-07,16715,16940,16655,16900,58215,44016,16808.0,16755.5,16732.5,16994.5,-23.002269916229125,-53.082690975610305,30.08042105938118,55.30303030303031,210.35714285714286,70.9016151086771,53507.15,2250621,39493.8,1323.0,3.098868666994581
2024-11-08,16950,16950,16810,16890,47671,44446,16818.0,16767.5,16740.75,16987.75,-11.419224215605936,-44.74999762360943,33.330773408003495,55.72519083969466,205.71428571428572,90.48997684704449,53616.15,2202950,39587.0,430.0,0.9769174845510653
2024-11-11,16855,16945,16770,16945,45785,43420,16836.0,16783.5,16757.0,16981.083333333332,2.1734095864849223,-35.365316181590565,37.53872576807549,56.060606060606055,201.07142857142858,81.08791482618594,52622.9,2248735,39665.4,-1026.0,-2.3084192053278163
2024-11-12,16935,17045,16875,16995,51800,45213,16884.0,16822.0,16781.5,16965.916666666668,16.78674479226538,-24.934903986819375,41.72164877908476,59.62264150943396,200.35714285714286,122.37511229528945,52638.6,2300535,39772.1,1793.0,4.1294334408106925
2024-11-13,16970,17295,16970,17175,69094,44402,16981.0,16866.5,16800.75,16947.666666666668,42.40361146583018,-11.467200896289464,53.87081236211964,61.785714285714285,208.21428571428572,152.56732960872168,53086.65,2369629,40048.5,-811.0,-1.7937318912702116
2024-11-14,17140,17150,16855,16905,66623,40029,16982.0,16895.0,16816.75,16933.916666666668,40.45211257513802,-1.0833382020039686,41.53545077714199,54.2319749216301,218.57142857142858,68.59868839167548,53880.85,2303006,40143.05,-4373.0,-9.848655465970001
2024-11-15,16850,16880,16720,16760,55432,34502,16956.0,16887.0,16816.75,16925.083333333332,26.89521614995101,4.5123726683870276,22.382843481563985,49.275362318840585,219.64285714285714,-9.747799789559085,54388.95,2247574,40067.35,-5527.0,-13.807489570061705
2024-11-18,16760,16815,16650,16765,41203,32318,16920.0,16878.0,16818.0,16912.333333333332,16.366078310846206,6.883113796878863,9.482964513967342,54.98392282958199,218.57142857142858,-27.680849039776387,54041.65,2288777,39982.05,-2184.0,-6.330067822155239
2024-11-19,16740,16835,16730,16790,39092,28069,16879.0,16881.5,16818.25,16895.583333333332,9.924547772388905,7.491400591980872,2.4331471804080333,52.05479452054794,209.28571428571428,-10.868834420909087,53545.75,2327869,39812.85,-4249.0,-13.147471997029514
2024-11-20,16785,16990,16770,16955,31516,24538,16835.0,16908.0,16829.0,16883.833333333332,17.927057489865547,9.578531971557808,8.348525518307738,61.056105610561055,213.21428571428572,36.90585066800055,53092.75,2359385,39595.6,-3531.0,-12.579714275535292
2024-11-21,17060,17080,16895,16925,46000,44014,16839.0,16910.5,16833.0,16871.916666666668,21.599370715925033,11.982699720431253,9.61667099549378,53.20754716981131,201.42857142857142,57.034744544911995,53582.45,2313385,40571.1,19476.0,79.3707718640476
2024-11-22,16925,17005,16855,16975,43478,46833,16882.0,16919.0,16843.25,16860.5,28.218996511659498,15.229959078676902,12.989037432982595,54.41176470588235,193.92857142857142,44.31036357042643,52786.4,2356863,40848.7,2819.0,6.40478029717817
2024-11-25,16955,17285,16935,17190,95464,60395,16967.0,16943.5,16863.5,16855.666666666668,50.2347261634568,22.230912495632882,28.003813667823916,64.7457627118644,209.28571428571428,100.60681267455348,54275.05,2452327,41877.05,13562.0,28.9582132257169
2024-11-26,17185,17270,17085,17200,60891,58120,17049.0,16964.0,16893.0,16852.0,67.70876248707282,31.32648249392087,36.38227999315195,67.95774647887325,211.42857142857142,100.55636566822932,54931.45,2513218,42627.25,-2275.0,-3.766868118221711
2024-11-27,17220,17320,17180,17235,50942,58352,17105.0,16970.0,16918.25,16842.083333333332,83.41965974931372,41.74511794499944,41.67454180431428,63.45381526104418,201.07142857142858,102.24720511192929,54087.55,2564160,43348.95,232.0,0.3991741225051637
2024-11-28,17250,17470,17220,17300,78635,58751,17180.0,17009.5,16952.25,16835.5,99.96330108298935,53.38875457259743,46.57454651039192,65.76923076923077,208.92857142857142,107.97313744767655,55631.45,2642795,44089.15,399.0,0.6837811900191948
2024-11-29,17375,17430,17325,17395,46711,58550,17264.0,17073.0,16980.0,16835.833333333332,119.36400809845145,66.58380527776823,52.780202820683215,66.7910447761194,205.71428571428572,102.68253439403307,54282.55,2689506,44775.25,-201.0,-0.342121836224063
2024-12-02,17355,17660,17235,17630,71199,60072,17352.0,17159.5,17018.75,16838.833333333332,151.95015737725407,83.6570756976654,68.29308167958867,70.81967213114754,223.92857142857142,109.06688436662832,54544.55,2760705,45571.1,1522.0,2.5994876174210146
2024-12-03,17635,17760,17435,17455,85690,58670,17403.0,17226.0,17053.75,16840.666666666668,161.78887652871344,99.28343586387501,62.50544066483843,59.21052631578948,223.92857142857142,99.48275690869791,56746.95,2675015,46370.15,-1402.0,-2.333866027433751
2024-12-04,17430,17635,17405,17610,51023,56022,17478.0,17291.5,17099.75,16848.666666666668,180.0181992083053,115.43038853276107,64.58781067554423,75.08896797153025,217.5,87.62589523563523,56823.2,2726038,47036.6,-2648.0,-4.513379921595362
2024-12-05,17560,17715,17530,17610,48500,55234,17540.0,17360.0,17135.25,16854.583333333332,192.2489426272623,130.79409935166132,61.45484327560098,83.73015873015873,217.5,87.14508620987642,56337.45,2726038,47597.5,-788.0,-1.4065902681089537
2024-12-06,17610,17910,17600,17770,66367,57575,17615.0,17439.5,17179.25,16865.416666666668,212.4040955324017,147.1160985878094,65.2879969445923,85.51236749116607,227.85714285714286,95.27007811569189,57272.25,2792405,48253.95,2341.0,4.238331462504985
2024-12-09,17740,17800,17540,17740,56161,52400,17637.0,17494.5,17219.0,16879.0,223.3814478594213,162.3691684421318,61.012279417289506,83.45070422535211,238.92857142857142,74.76816008363359,57791.05,2736244,48702.95,-5175.0,-8.988276161528441
2024-12-10,17775,17825,17630,17670,44099,49405,17680.0,17541.5,17252.75,16891.583333333332,223.85223446481177,174.6657816466678,49.18645281814398,76.98113207547169,237.14285714285714,68.6002652600936,57406.0,2692145,48912.55,-2995.0,-5.71564885496183
2024-12-11,17720,17720,17570,17665,32425,45959,17691.0,17584.5,17277.25,16911.416666666668,221.27120135547375,183.986865588429,37.28433576704475,78.46153846153847,234.64285714285714,54.679097843949094,55572.55,2659720,48990.4,-3446.0,-6.975002530108288
2024-12-12,17690,17705,17420,17455,43385,41963,17660.0,17600.0,17304.75,16928.833333333332,199.9752785335695,187.18454817745712,12.790730356112391,66.43835616438356,244.28571428571428,33.01540765138544,54410.65,2616335,49087.1,-3996.0,-8.694706151134712
2024-12-13,17460,17540,17360,17380,41270,38282,17582.0,17598.5,17335.75,16942.083333333332,175.0286121798381,184.7533609779333,-9.72474879809522,57.196969696969695,232.14285714285714,14.779002046727634,53702.55,2575065,49276.1,-3681.0,-8.772013440411797
2024-12-16,17355,17500,17270,17500,43620,32641,17534.0,17585.5,17372.5,16954.583333333332,163.06152472686153,180.41499372771895,-17.353469000857416,60.48951048951049,235.35714285714286,9.960069481148054,53823.4,2618685,49292.25,-5641.0,-14.735384776134996
2024-12-17,17470,17625,17390,17560,36729,29367,17512.0,17596.0,17411.0,16968.666666666668,156.61367530100688,175.65473004237654,-19.041054741369663,61.16838487972509,242.14285714285714,23.56454845642053,53705.25,2655414,49357.15,-3274.0,-10.030329953126438
2024-12-18,17595,17775,17275,17295,65499,25745,17438.0,17564.5,17428.0,16982.916666666668,128.6375690522509,166.25129784435143,-37.61372879210052,49.84894259818731,260.0,4.121156467803955,55404.4,2589915,49417.5,-3622.0,-12.333571696121492
2024-12-19,17410,17515,17360,17420,50350,59918,17431.0,17545.5,17452.75,16997.583333333332,115.22452205904119,156.04594268728937,-40.82142062824818,50.74183976261128,266.42857142857144,-4.999291595893053,55621.9,2640265,50212.7,34173.0,132.7364536803263
2024-12-20,17415,17430,17280,17360,50716,61011,17427.0,17504.5,17472.0,17010.333333333332,98.6162998044274,144.560014110717,-45.94371430628959,41.05960264900662,246.78571428571428,-34.007954038825886,55983.8,2589549,50921.6,1093.0,1.8241596849027042
2024-12-23,17445,17645,17370,17540,50803,62115,17435.0,17484.5,17489.5,17028.833333333332,98.83930174392299,135.4158716373582,-36.57656989343522,52.80528052805281,243.92857142857142,8.684349423798773,53750.75,2640352,51007.6,1104.0,1.8095097605349775
2024-12-24,17415,17505,17360,17370,40520,59220,17397.0,17454.5,17498.0,17040.75,84.3263909928828,125.19797550846313,-40.871584515580324,42.15686274509803,240.35714285714286,-33.945307745612766,52732.2,2599832,51062.6,-2895.0,-4.660709973436372
2024-12-25,17400,17470,17320,17410,35860,57002,17420.0,17429.0,17506.75,17055.75,75.18577554984222,115.19553551673894,-40.00975996689672,43.630573248407636,237.85714285714286,-45.025010638144494,51978.1,2635692,50995.1,-2218.0,-3.745356298547786
2024-12-26,17350,17455,17330,17340,34699,54745,17404.0,17417.5,17508.75,17066.0,61.58346116512621,104.47312064641639,-42.88965948129018,35.47297297297298,224.64285714285714,-57.518135060854846,49781.3,2600993,50794.8,-2257.0,-3.9595101926248155
2024-12-27,17335,17385,16825,16850,99644,55726,17302.0,17364.5,17481.5,17064.75,11.136252331911237,85.80574698351536,-74.66949465160413,27.061855670103085,246.07142857142858,-147.2494782138278,52427.95,2501349,50653.6,981.0,1.791944469814588
2024-12-30,16880,16915,16760,16795,59610,53138,17153.0,17294.0,17439.75,17060.416666666668,-32.9022873788017,62.064140111051955,-94.96642748985366,27.272727272727266,243.21428571428572,-144.6889161542042,51848.5,2441739,50306.9,-2588.0,-4.6441517424541505
2024-12-31,16790,16820,16720,16765,40896,49740,17032.0,17214.5,17405.25,17058.5,-69.42362433301969,35.766587222237625,-105.19021155525732,26.92307692307692,239.64285714285714,-121.97159999134176,49608.8,2400843,49860.4,-3398.0,-6.394670480635323
2025-01-02,16870,16905,16740,16825,28915,49567,16915.0,17167.5,17366.0,17059.833333333332,-92.45973021643658,10.121323734502784,-102.58105395093936,32.5,231.07142857142858,-94.55793343171952,48503.4,2429758,49537.65,-173.0,-0.34780860474467046
2025-01-03,16795,16855,16620,16685,43733,49563,16784.0,17094.0,17319.75,17062.5,-120.62238035054907,-16.027417082507586,-104.59496326804148,31.36729222520107,235.0,-94.99358644012527,48265.05,2386025,49254.1,-4.0,-0.008069885205885807
2025-01-06,16615,16820,16615,16730,39929,47338,16760.0,17031.0,17267.75,17062.583333333332,-137.7227771182952,-40.36648908966511,-97.35628802863009,28.491620111731848,233.21428571428572,-83.68617134548921,46943.15,2425954,48742.25,-2225.0,-4.4892359219579125
2025-01-07,16795,16810,16660,16730,28827,43709,16747.0,16950.0,17217.25,17064.416666666668,-149.5510335361214,-62.203397978956374,-87.34763555716502,26.011560693641613,227.14285714285714,-73.24266242312838,45576.45,2425954,48307.7,-3629.0,-7.666145591279738
2025-01-08,16755,16805,16710,16735,24248,41843,16741.0,16886.5,17170.5,17068.25,-156.71504031890436,-81.10572644694597,-75.60931387195839,30.95238095238095,198.21428571428572,-64.25640745167549,44583.9,2450202,47929.6,-1866.0,-4.269143654624907
2025-01-09,16680,16690,16455,16505,51570,40156,16677.0,16796.0,17112.5,17063.5,-178.88951810805156,-100.6624847791671,-78.22703332888446,20.95238095238095,202.5,-82.72630827998977,45541.15,2398632,47639.45,-1687.0,-4.031737686112368
2025-01-10,16440,16630,16305,16600,59440,38847,16660.0,16722.0,17069.75,17063.75,-186.6457099017316,-117.85912980368,-68.7865800980516,26.39751552795032,215.0,-77.96242003565844,46343.9,2458072,47483.65,-1309.0,-3.2597868313577028
2025-01-13,16665,16725,16520,16570,42139,36980,16628.0,16694.0,17029.25,17060.583333333332,-192.9886441001836,-132.88503266298073,-60.10361143720286,16.780821917808225,209.28571428571428,-58.80829416982708,46387.35,2415933,47418.55,-1867.0,-4.806033927973841
2025-01-14,16570,16580,16420,16520,39257,34999,16586.0,16666.5,16980.25,17056.916666666668,-199.7474826419857,-146.25752265878174,-53.48995998320396,18.28358208955224,207.85714285714286,-64.54068964270303,46169.2,2376676,47536.45,-1981.0,-5.356949702541913
2025-01-15,16530,16680,16510,16535,42244,30423,16546.0,16643.5,16929.0,17052.75,-201.5699631788193,-157.32001076278925,-44.249952416030055,16.730038022813687,209.28571428571428,-50.68277708138698,46444.95,2418920,47589.25,-4576.0,-13.074659275979316
2025-01-16,16500,16660,16480,16645,28147,27070,16574.0,16625.5,16896.5,17051.166666666668,-191.92581017287375,-164.24117064480618,-27.684639528067578,24.354243542435427,213.21428571428572,-43.56522399582898,44577.35,2447067,47655.5,-3353.0,-11.02126680472011
2025-01-17,16665,16780,16625,16655,33771,20674,16585.0,16622.5,16858.25,17048.0,-181.3849403229433,-167.66992458043362,-13.715015742509678,38.85714285714286,184.28571428571428,-27.131210253272027,43748.4,2480838,45693.3,-6396.0,-23.627632065016623
2025-01-20,16690,16840,16635,16785,47208,45341,16628.0,16628.0,16829.5,17048.25,-160.68898884139708,-166.27373743262632,5.584748591229243,49.473684210526315,187.85714285714286,-13.755753371979367,43573.0,2528046,44909.8,24667.0,119.31411434652222
2025-01-21,16785,16875,16670,16690,40857,45197,16662.0,16624.0,16787.0,17046.666666666668,-150.22134606991312,-163.0632591600837,12.841913090170578,46.30541871921182,195.35714285714286,-10.403253070637566,43075.7,2487189,44063.9,-144.0,-0.3175933481837645
2025-01-22,16650,16830,16605,16780,44345,47165,16711.0,16628.5,16757.5,17049.5,-133.1287900971547,-157.07636534749793,23.94757525034322,47.846889952153106,199.64285714285714,-6.518494996390859,43266.95,2531534,43461.15,1968.0,4.354271301192547
2025-01-23,16855,16870,16645,16705,34075,45674,16723.0,16648.5,16722.25,17049.083333333332,-124.20295518861894,-150.50168331572215,26.298728127103203,51.020408163265316,198.92857142857142,0.754812782704212,43177.7,2497459,42894.75,-1491.0,-3.161242446729562
2025-01-24,16775,16820,16730,16730,36164,43702,16738.0,16661.5,16691.75,17050.916666666668,-113.80005940342744,-143.1613585332632,29.36129912983577,50.0,192.5,21.95138521723959,43250.95,2533623,42342.6,-1972.0,-4.317554845207338
2025-01-27,16720,16840,16625,16675,39337,40580,16716.0,16672.0,16683.0,17048.166666666668,-108.74024009134155,-136.2771348448789,27.536894753537354,47.290640394088676,197.14285714285714,11.445069057460222,40235.6,2494286,41585.3,-3122.0,-7.143837810626518
2025-02-05,16750,17110,16750,17095,51329,46513,16797.0,16729.5,16698.0,17052.166666666668,-70.03251567200277,-123.02821101030369,52.99569533830092,62.58741258741259,221.42857142857142,125.00728949015,39821.55,2545615,41254.05,5933.0,14.620502710694927
2025-02-06,17050,17175,17010,17040,38569,45986,16849.0,16780.0,16711.75,17056.916666666668,-43.295323996768275,-107.08163360759661,63.78630961082834,71.31474103585657,213.21428571428572,127.43491068882884,39705.2,2507046,41066.35,-527.0,-1.1330165760110034
2025-02-07,17060,17180,17015,17175,29776,45100,16943.0,16833.0,16729.25,17065.0,-11.084757026179432,-87.88225829131319,76.79750126513376,72.2007722007722,201.78571428571428,117.79909217985687,39748.25,2536822,40843.0,-886.0,-1.9266733353629384
2025-02-10,17210,17230,17100,17160,34066,43034,17029.0,16883.5,16753.0,17069.333333333332,13.081182988113142,-67.68957003542792,80.77075302354106,73.046875,196.42857142857142,106.53647038094417,39264.9,2502756,40516.55,-2066.0,-4.580931263858091
2025-02-11,17100,17220,17085,17130,32322,40280,17120.0,16918.0,16773.0,17073.333333333332,29.47237607066927,-48.25718081420848,77.72955688487775,74.2063492063492,194.64285714285714,87.76889277623783,38884.55,2470434,40163.65,-2754.0,-6.399591021053119
2025-02-12,17065,17185,17020,17145,26073,39053,17130.0,16963.5,16793.75,17076.666666666668,43.17519257614185,-29.970706136138418,73.14589871228027,74.2063492063492,194.28571428571428,72.09388083383311,38746.85,2496507,39930.85,-1227.0,-3.046176762661368
2025-02-13,17140,17175,17085,17145,21268,37162,17151.0,17000.0,16814.25,17079.166666666668,53.41899248696791,-13.292766411517153,66.71175889848506,71.73913043478261,187.85714285714286,68.15517535029132,38597.85,2496507,39696.8,-1891.0,-4.842137607866237
2025-02-14,17150,17235,17105,17130,32896,36818,17142.0,17042.5,16845.5,17078.416666666668,59.6394170041458,1.2936702716154365,58.34574673253036,70.56277056277057,186.07142857142858,65.34060149650927,37664.15,2463611,39529.9,-344.0,-0.9256767665895227
2025-02-17,17130,17240,17070,17190,43723,35018,17148.0,17088.5,16875.0,17083.166666666668,68.61964228678698,14.758864674649747,53.86077761213724,68.66359447004609,183.57142857142858,61.30766825535286,36878.3,2507334,39338.45,-1800.0,-4.888913031669295
2025-02-18,17200,17250,17110,17150,30281,31649,17152.0,17136.0,16904.0,17089.666666666668,71.68255790952026,26.14360332162385,45.538954587896406,72.33009708737865,178.92857142857142,56.10935059837297,36285.4,2477053,39071.9,-3369.0,-9.620766462961905
2025-02-19,17150,17160,16930,16965,37355,26228,17116.0,17123.0,16926.25,17093.0,58.50754812209561,32.616392281718205,25.891155840377408,58.222222222222214,179.28571428571428,20.470638294415927,36190.3,2439698,38633.35,-5421.0,-17.12850327024551
2025-02-20,16965,17160,16935,17155,20863,23271,17118.0,17134.5,16957.25,17099.083333333332,62.67518947813733,38.628151721002034,24.047037757135293,68.14516129032258,179.28571428571428,31.444901149502417,35121.25,2460561,38275.75,-2957.0,-11.274210767119108
2025-02-21,17210,17230,17100,17120,33670,46467,17116.0,17129.0,16981.0,17101.833333333332,62.434165589242184,43.389354494650064,19.04481109459212,65.6,180.35714285714286,43.81880970383056,35397.4,2426891,39245.6,23196.0,99.67771045507283
2025-02-24,17090,17195,17035,17160,39063,48788,17110.0,17129.0,17006.25,17105.75,64.72471193738238,47.65642598319653,17.068285954185853,69.63562753036437,176.42857142857142,34.75824923567924,35662.0,2465954,40651.3,2321.0,4.994942647470246
2025-02-25,17180,17180,17080,17125,38814,48674,17105.0,17128.5,17023.25,17108.25,62.98967318521318,50.72307542359986,12.266597761613319,51.76470588235294,152.5,30.48717983268265,35242.3,2427140,40817.95,-114.0,-0.2336640157415748
2025-02-26,17125,17220,17090,17140,36968,47055,17140.0,17128.0,17045.75,17107.416666666668,62.10906250262997,53.00027283940589,9.10878966322408,56.17283950617284,150.0,32.91879828243653,35047.85,2464108,40910.85,-1619.0,-3.326211118872502
2025-02-27,17160,17205,17125,17145,36603,47508,17138.0,17128.0,17064.0,17106.5,61.11019017293802,54.62225630611232,6.487933866825699,47.794117647058826,143.92857142857142,31.93968007004886,34660.75,2500711,40928.0,453.0,0.9627032196365848
2025-02-28,17140,17235,17115,17190,39112,47852,17152.0,17134.0,17088.25,17105.75,63.220929057963076,56.341990856482475,6.878938201480601,52.112676056338024,143.21428571428572,36.509235330754436,34912.6,2539823,41036.9,344.0,0.724088574555859
2025-03-03,17190,17295,17180,17260,43729,47555,17172.0,17141.0,17114.75,17105.083333333332,69.73822101565383,59.02123688831675,10.716984127337085,58.66666666666667,141.78571428571428,61.96024309310501,35290.85,2583552,41229.55,-297.0,-0.6206637131154435
2025-03-04,17270,17280,17190,17220,27623,46355,17191.0,17148.0,17142.0,17102.166666666668,70.85874068603152,61.38873764785971,9.47000303817181,54.83870967741936,136.42857142857142,77.4794760111782,34705.15,2555929,41518.3,-1200.0,-2.5233939648827697
2025-03-05,17290,17425,17230,17375,54251,50675,17238.0,17189.0,17156.0,17097.916666666668,83.29380606098857,65.76975133048549,17.52405473050308,62.365591397849464,144.64285714285714,142.15033309690074,34851.25,2610180,41726.4,4320.0,9.319383022327688
2025-03-06,17350,17440,17320,17410,46284,48152,17291.0,17214.5,17174.5,17097.166666666668,94.87918427713885,71.59163791981616,23.287546357322682,64.73684210526315,143.92857142857142,133.6687308697864,35237.0,2656464,41834.7,-2523.0,-4.978786383818445
2025-03-07,17440,17530,17400,17420,41747,47943,17337.0,17244.5,17186.75,17094.0,103.67252408435525,78.00781515272399,25.664708931631253,62.77777777777777,141.07142857142858,128.55525754515014,35835.55,2698211,41976.85,-209.0,-0.4340421997009458
2025-03-10,17400,17510,17355,17490,37222,46686,17383.0,17277.5,17203.25,17092.0,114.96448519730984,85.39914916164116,29.56533603566868,68.27956989247312,142.14285714285714,106.12977115409251,35993.35,2735433,42159.45,-1257.0,-2.6218634628621507
2025-03-11,17520,17555,17365,17400,40763,44340,17419.0,17305.0,17216.75,17085.833333333332,115.32183951432671,91.38368723217827,23.938152282148437,76.04790419161677,139.28571428571428,87.15006334304805,36415.4,2694670,42362.45,-2346.0,-5.025061046138024
2025-03-12,17380,17520,17345,17505,31885,44545,17445.0,17341.5,17234.75,17081.916666666668,122.66367734658343,97.63968525505932,25.023992091524107,73.33333333333333,135.71428571428572,81.6468680036327,36706.0,2726555,42637.05,205.0,0.4623364907532679
2025-03-13,17575,17640,17535,17570,38475,43441,17477.0,17384.0,17256.0,17080.25,132.2031380146327,104.552375806974,27.650762207658715,78.84615384615384,136.07142857142858,104.84874608637897,37566.35,2765030,42951.0,-1104.0,-2.4783926366595543
2025-03-14,17510,17755,17510,17725,44410,40930,17538.0,17437.5,17285.75,17081.25,150.5351583327356,113.74893231212631,36.78622602060928,81.56424581005587,142.14285714285714,107.22970537990325,38142.05,2809440,43156.6,-2511.0,-5.780253677401537
2025-03-17,17680,17695,17585,17635,41711,37191,17567.0,17475.0,17308.0,17084.25,156.00286475480607,122.19971880066227,33.8031459541438,76.84210526315789,145.0,86.50011091852242,38041.45,2767729,43265.25,-3739.0,-9.135108722208651
2025-03-18,17655,17655,17540,17540,26773,33995,17595.0,17507.0,17327.5,17086.916666666668,150.93052232475384,127.94587950548059,22.984642819273247,69.41747572815534,143.92857142857142,63.58012223257049,37866.05,2740956,43382.55,-3196.0,-8.593476916458286
2025-03-19,17615,17700,17550,17690,26633,29909,17632.0,17538.5,17363.75,17090.083333333332,157.20227087870444,133.79715778012536,23.40511309857908,73.19148936170212,149.64285714285714,73.17943372444408,37329.95,2767589,43566.6,-4086.0,-12.01941461979703
2025-03-20,17750,17760,17620,17650,43834,65232,17648.0,17562.5,17388.5,17091.583333333332,157.1336719294777,138.46446060999585,18.66921131948186,69.65811965811966,151.07142857142858,72.67117311869322,38478.5,2723755,45664.65,35323.0,118.10157477682304
2025-03-21,17580,17620,17320,17430,75458,61393,17589.0,17563.5,17404.0,17093.833333333332,137.73937164812378,138.31944281762145,-0.5800711694976712,56.43939393939394,166.42857142857142,14.682701727215893,40567.9,2648297,46410.95,-3839.0,-5.885148393426542
2025-03-24,17430,17805,17380,17670,81519,66597,17596.0,17581.5,17429.5,17098.0,140.12002673654206,138.67955960140557,1.4404671351364868,64.80263157894737,190.35714285714286,51.43642870679534,42690.7,2729816,47301.4,5204.0,8.4765364129461
2025-03-25,17640,17640,17480,17560,56779,61032,17600.0,17597.5,17451.25,17101.333333333332,131.61347415069758,137.26634251126399,-5.652868360566401,56.271186440677965,189.28571428571428,32.186817792657806,43588.95,2673037,47919.3,-5565.0,-8.356232262714535
2025-03-26,17565,17670,17510,17615,49343,58096,17585.0,17608.5,17475.0,17102.583333333332,127.83639193499766,135.38035239601072,-7.543960461013057,56.8561872909699,192.14285714285714,39.1813955063617,44207.7,2722380,48471.35,-2936.0,-4.810591165290335
2025-03-27,17625,17675,17585,17615,55557,54100,17578.0,17613.0,17498.5,17106.666666666668,123.42031450748982,132.98834481830653,-9.56803031081671,56.56565656565657,189.28571428571428,43.76622056622119,45155.4,2722380,48800.95,-3996.0,-6.878270448912149
2025-03-28,17530,17600,17415,17450,50953,51190,17582.0,17585.5,17511.5,17107.333333333332,105.39153231206365,127.46898231705795,-22.077450004994304,48.734177215189874,192.5,-6.944108159843625,45747.45,2671427,48967.85,-2910.0,-5.378927911275411
2025-03-31,17415,17460,17370,17445,37771,50652,17537.0,17566.5,17520.75,17109.083333333332,89.66651455425381,119.90848876449712,-30.241974210243313,51.50501672240802,185.35714285714286,-37.67123163120034,45449.55,2633656,49122.7,-538.0,-1.050986520804842
2025-04-01,17465,17465,17370,17410,31961,49569,17507.0,17553.5,17530.25,17118.416666666668,73.53248053255811,110.63328711810932,-37.10080658555121,46.666666666666664,179.64285714285714,-53.23877620913985,45666.45,2601695,49283.4,-1083.0,-2.1381189291637015
2025-04-02,17375,17400,17305,17360,37654,48551,17456.0,17520.5,17529.5,17127.833333333332,56.065274612054054,99.71968461689826,-43.65441000484421,42.5531914893617,177.5,-83.36335906377026,44836.6,2564041,49177.2,-1018.0,-2.0537029191631917
2025-04-03,17300,17355,17075,17100,53156,47915,17353.0,17465.5,17514.0,17133.416666666668,21.00048051921476,83.97584379736156,-62.9753632781468,29.372937293729365,180.35714285714286,-134.5620462642038,45180.2,2510885,49165.35,-636.0,-1.3099627196144215
2025-04-07,16420,17045,16305,16660,90361,44328,17195.0,17388.5,17476.0,17130.666666666668,-41.810973320119956,58.81848037386527,-100.62945369398523,23.860589812332435,227.14285714285714,-177.47029876893848,47610.9,2420524,48984.6,-3587.0,-7.486173432119381
2025-04-08,16550,16780,16520,16540,49232,42720,17014.0,17275.5,17428.5,17128.25,-100.11839757236157,27.031104784619902,-127.14950235698147,23.544973544973544,237.5,-137.67186125909458,48211.4,2371292,48786.3,-1608.0,-3.6275040606388753
2025-04-09,16650,16690,16165,16410,54274,41816,16814.0,17160.5,17379.0,17122.916666666668,-155.03027244153054,-9.381170660610184,-145.64910178092035,15.775401069518722,263.57142857142856,-128.45305774343356,48886.95,2317018,48660.1,-904.0,-2.1161048689138595
2025-04-10,16365,16900,16315,16800,61828,36768,16702.0,17079.0,17343.75,17124.083333333332,-165.17455876419262,-40.53984828132667,-124.63471048286596,30.85585585585585,295.35714285714283,-82.79854948396051,50384.1,2378846,48271.25,-5048.0,-12.07193418787067
2025-04-11,16735,16860,16700,16825,32358,34875,16647.0,17000.0,17306.5,17125.583333333332,-169.24572829033423,-66.28102428312818,-102.96470400720605,35.06172839506172,283.2142857142857,-60.72587997551486,50078.25,2411204,47842.95,-1893.0,-5.1484986945169675
2025-04-14,16920,16990,16845,16850,26063,32739,16685.0,16940.0,17262.75,17131.333333333332,-168.5123627818648,-86.7272919828755,-81.7850707989893,27.348066298342545,264.64285714285717,-44.17001026569541,49160.9,2437267,47433.4,-2136.0,-6.124731182795696
2025-04-15,16785,16860,16750,16825,17267,32077,16742.0,16878.0,17222.25,17135.083333333332,-168.0117218532141,-102.98417795694323,-65.02754389627088,28.695652173913032,258.92857142857144,-48.91958692224024,47938.7,2420000,47177.7,-662.0,-2.0220532087113274
2025-04-16,16830,16850,16630,16655,19726,30993,16791.0,16802.5,17178.0,17136.5,-179.26607187374975,-118.24055674030454,-61.02551513344521,23.913043478260875,263.2142857142857,-54.81723192211365,47586.35,2400274,47027.6,-1084.0,-3.3793683948000086
2025-04-17,16695,16790,16650,16750,21381,28291,16781.0,16741.5,17131.0,17140.333333333332,-178.46231679726043,-130.28490875169572,-48.177408045564704,27.648578811369504,266.7857142857143,-47.705109447889036,47323.75,2421655,46946.7,-2702.0,-8.718097634949828
2025-04-18,16750,16930,16735,16895,17853,26421,16795.0,16721.0,17093.25,17146.333333333332,-164.2318839960535,-137.0743038005673,-27.15758019548622,35.50913838120104,266.42857142857144,-29.44104689959605,46024.7,2439508,45006.15,-1870.0,-6.609875932275278
2025-04-21,16820,17075,16820,17045,34405,38159,16834.0,16759.5,17074.0,17153.0,-139.24528412051222,-137.50849986455628,-1.7367842559559392,40.29126213592233,278.2142857142857,-11.306325898355583,43972.05,2473913,43844.45,11738.0,44.42678172665681
2025-04-22,17085,17085,16880,16950,28503,37471,16859.0,16800.5,17038.0,17157.916666666668,-125.66039494029246,-135.13887887970353,9.478483939411063,39.15094339622642,286.07142857142856,-8.773914184756583,41321.25,2445410,42388.15,-688.0,-1.8029822584449295
2025-04-23,16890,16935,16825,16910,34044,39302,16910.0,16850.5,17005.5,17160.0,-116.77581914450639,-131.4662669326641,14.690447788157712,39.33649289099526,287.5,-15.914335437421004,40184.5,2411366,41301.65,1831.0,4.886445517867144
2025-04-24,16965,17000,16825,16940,39737,39654,16948.0,16864.5,16971.75,17164.166666666668,-106.09102820314001,-126.39121918675929,20.300190983619274,45.74468085106383,279.64285714285717,-7.416831572214279,39704.2,2451103,40379.55,352.0,0.8956287211846714
2025-04-25,16995,17080,16930,16945,37979,38733,16958.0,16876.5,16938.25,17166.916666666668,-96.11187828380207,-120.33535100616785,24.223472722365784,59.86159169550173,233.57142857142858,7.765415209728677,38825.3,2489082,39611.2,-921.0,-2.3225904070207304
2025-04-28,16940,17010,16825,17005,40549,38819,16950.0,16892.0,16916.0,17171.916666666668,-82.41183913578425,-112.75064863209114,30.338809496306894,66.78700361010831,228.21428571428572,6.516047307426053,38305.1,2529631,38992.65,86.0,0.22203289184932196
2025-04-29,17015,17020,16870,16895,31780,36543,16939.0,16899.0,16888.5,17174.666666666668,-79.51395274761671,-106.10330945519627,26.589356707579554,67.76556776556777,201.42857142857142,8.676753874918472,38005.55,2497851,38287.2,-2276.0,-5.863108271722606
2025-04-30,16885,16920,16765,16840,34434,36106,16925.0,16917.5,16860.0,17177.416666666668,-80.72485141503421,-101.02761784716387,20.30276643212966,51.94174757281554,170.71428571428572,-4.164038372082684,38129.2,2463417,37614.05,-437.0,-1.1958514626604244
2025-05-06,16755,16780,16625,16700,36146,38454,16877.0,16912.5,16827.0,17170.833333333332,-91.92171103862347,-99.2064364854558,7.284725446832326,44.54148471615721,174.64285714285714,-37.0671635576326,38053.8,2427271,37109.2,2348.0,6.5030742812828946
2025-05-07,16740,16875,16650,16700,44962,36929,16828.0,16893.0,16807.0,17165.166666666668,-99.64663853814272,-99.29447689599318,-0.3521616421495395,43.30357142857143,178.92857142857142,-21.309065386266038,37644.1,2427271,36559.9,-1525.0,-3.965777292349304
2025-05-08,16720,16865,16690,16775,39686,34382,16782.0,16866.0,16812.75,17158.5,-98.58045195186423,-99.15167190716741,0.571219955303178,47.863247863247864,183.57142857142858,-11.433268077595708,35110.35,2466957,36062.6,-2547.0,-6.8970186032657255
2025-05-09,16760,16865,16725,16805,28955,33454,16764.0,16851.5,16826.0,17152.583333333332,-94.22853423381457,-98.16704437249686,3.9385101386822896,57.28155339805825,177.85714285714286,-7.4938586843613315,34096.5,2495912,35599.3,-928.0,-2.6990867314292344
2025-05-12,16900,17015,16800,16995,42622,33309,16795.0,16860.0,16855.25,17150.333333333332,-74.58838748339258,-93.45131299467602,18.862925511283436,60.888888888888886,183.21428571428572,45.79393955095523,33513.9,2538534,35173.95,-145.0,-0.43343097985293344
2025-05-13,16940,17000,16895,16970,26926,30495,16849.0,16863.0,16863.75,17147.416666666668,-60.34510000106093,-86.830070395953,26.484970394892073,53.731343283582085,176.78571428571428,50.79684321061587,31768.8,2511608,34860.3,-2814.0,-8.448167162028286
2025-05-14,16930,16980,16835,16935,32590,30725,16896.0,16862.0,16869.25,17143.916666666668,-51.29015852628436,-79.72208802201928,28.43192949573492,43.82022471910113,168.92857142857142,27.509559540814912,31780.4,2479018,34652.8,230.0,0.7542220036071523
2025-05-15,16990,17050,16950,16975,24392,29283,16936.0,16859.0,16875.5,17141.333333333332,-40.420444738057995,-71.86175936522703,31.441314627169035,51.49700598802396,162.5,61.993544062703464,31696.85,2503410,34480.0,-1442.0,-4.693246541903983
2025-05-16,16990,17015,16845,16870,32484,28562,16949.0,16856.5,16877.75,17136.0,-39.81972373886674,-65.45335223995498,25.63362850108824,47.77777777777778,165.71428571428572,18.164831326703432,32457.7,2470926,34304.25,-721.0,-2.46217942150736
2025-05-19,16885,16985,16835,16860,26893,27388,16922.0,16858.5,16888.0,17131.166666666668,-39.69300815558381,-60.30128342308075,20.608275267496936,45.45454545454546,163.92857142857142,5.452452783642508,32816.05,2444033,34124.0,-1174.0,-4.110356417617811
2025-05-20,16860,16880,16740,16845,24386,22798,16897.0,16873.0,16892.75,17129.166666666668,-40.33796878798967,-56.30862049606253,15.970651708072864,44.38202247191011,163.21428571428572,-39.49385386300302,32966.3,2419647,33849.35,-4590.0,-16.759164597634
2025-05-21,16900,16935,16830,16900,20864,16764,16890.0,16893.0,16893.0,17124.916666666668,-35.996123485314456,-52.24612109391292,16.249997608598463,44.067796610169495,157.5,-0.8961987452193159,33116.85,2440511,33366.5,-6034.0,-26.46723396789192
2025-05-22,16895,16895,16670,16685,42980,45301,16832.0,16884.0,16875.0,17117.666666666668,-49.33517775261498,-51.663932425653336,2.328754673038354,39.39393939393939,163.21428571428572,-74.26430383671538,33545.6,2397531,33723.6,28537.0,170.22786924361725
2025-05-23,16685,16870,16655,16860,51462,47379,16830.0,16889.5,16870.5,17112.666666666668,-45.26366553750631,-50.383879048023935,5.1202135105176225,50.90090090090089,167.5,-43.626582191617686,34693.55,2448993,34219.0,2078.0,4.587095207611314
2025-05-26,16835,16890,16785,16795,36787,44332,16817.0,16869.5,16864.75,17107.166666666668,-46.74309425173851,-49.65572208876686,2.912627837028346,54.589371980676326,159.64285714285714,-24.949117104046657,34830.7,2412206,34470.5,-3047.0,-6.431119272251418
2025-05-27,16760,16850,16745,16825,36820,46064,16813.0,16855.0,16859.0,17101.916666666668,-44.976343594775244,-48.71984638996854,3.7435027951932938,55.86854460093896,151.07142857142858,-31.3302699722681,34684.85,2449026,34791.0,1732.0,3.9068844175764728
2025-05-28,16790,16805,16680,16705,32697,49021,16774.0,16832.0,16847.0,17094.583333333332,-52.65223588810113,-49.50632428959506,-3.145911598506075,46.846846846846844,148.92857142857142,-69.0233497886506,34420.75,2416329,35305.4,2957.0,6.419329628343173
2025-05-29,16730,16825,16705,16750,37075,45996,16787.0,16809.5,16834.25,17087.25,-54.476342546538945,-50.50032794098384,-3.9760146055551076,47.55555555555555,147.5,-46.6062461151346,34247.05,2453404,35664.25,-3025.0,-6.170824748577141
2025-05-30,16700,16715,16540,16620,52931,53330,16739.0,16784.5,16820.5,17076.583333333332,-65.65504328980023,-53.53127101074712,-12.123772279053114,32.39436619718309,147.14285714285714,-105.6883504906548,35304.6,2400473,36503.6,7334.0,15.944864770849643
2025-06-03,16650,16685,16525,16570,28541,55547,16694.0,16755.5,16807.0,17065.75,-77.65368297993336,-58.35575340458437,-19.297929575348995,31.65137614678899,151.07142857142858,-101.863715073367,35009.95,2371932,37475.65,2217.0,4.1571348209263
2025-06-04,16575,16705,16545,16670,35010,52496,16663.0,16738.0,16805.5,17054.0,-78.19217637841211,-62.32303799934992,-15.869138379062193,38.52813852813852,152.14285714285714,-75.6291747536972,34953.15,2406942,38177.75,-3051.0,-5.492645867463586
2025-06-05,16680,16765,16645,16695,30915,50484,16661.0,16717.5,16805.25,17042.083333333332,-75.72869198829721,-65.00416879713939,-10.724523191157829,37.71929824561404,152.5,-46.24251181533382,34250.8,2437857,38855.5,-2012.0,-3.8326729655592806
2025-06-06,16720,16795,16630,16780,30853,49975,16667.0,16727.0,16805.5,17031.416666666668,-66.15497980813961,-65.23433099933943,-0.9206488088001805,45.98214285714286,152.14285714285714,-30.240053224227765,33809.15,2468710,39635.15,-509.0,-1.0082402345297559
2025-06-09,16705,16770,16695,16765,27538,49567,16696.0,16717.5,16803.5,17019.333333333332,-59.096886449806334,-64.00684208943281,4.9099556396264745,45.777777777777786,147.5,-25.175952301943692,33738.3,2441172,40440.8,-408.0,-0.8164082041020482
2025-06-10,16815,16905,16790,16880,36214,43968,16758.0,16726.0,16797.75,17010.666666666668,-43.71978326079625,-59.9494303237055,16.22964706290925,51.42857142857142,147.5,27.77066260243662,33417.9,2477386,40973.75,-5599.0,-11.295821816934659
2025-06-11,16850,16875,16805,16845,21724,43989,16793.0,16728.0,16791.5,16999.666666666668,-33.96598693595297,-54.752741646154995,20.786754710202025,47.717842323651446,145.35714285714286,24.05283167032216,33157.8,2455662,41648.45,21.0,0.047762008733620576
2025-06-12,16870,16965,16840,16890,29540,44388,16832.0,16746.5,16789.25,16988.333333333332,-22.34730335454151,-48.2716539878323,25.924350633290793,59.90338164251207,137.85714285714286,52.06127139318498,33005.3,2485202,42331.6,399.0,0.9070449430539362
2025-06-13,16900,17010,16890,16945,32714,43604,16865.0,16766.0,16787.75,16975.333333333332,-8.602211621473543,-40.33776551456055,31.73555389308701,54.6448087431694,131.07142857142858,80.34819059342928,33421.4,2517916,43047.65,-784.0,-1.766243128773537
2025-06-16,16915,16985,16860,16980,30240,42057,16908.0,16802.0,16793.25,16964.416666666668,5.0567885867312725,-31.25885469430219,36.31564328103346,60.451977401129945,132.5,74.51756234766364,33309.2,2548156,43722.4,-1547.0,-3.5478396477387375
2025-06-17,16995,17000,16855,16860,29996,41457,16904.0,16831.0,16793.25,16953.083333333332,6.128007683335454,-23.781482218774663,29.909489902110117,51.79487179487179,135.35714285714286,55.886588827734585,33464.35,2518160,44425.85,-600.0,-1.4266352806904914
2025-06-18,16850,16925,16750,16810,36557,40054,16897.0,16845.0,16791.5,16938.416666666668,2.9088430703232007,-18.443417160955093,21.352260231278294,55.8011049723757,137.5,18.337015384328485,34072.9,2481603,45288.65,-1403.0,-3.3842294425549313
2025-06-19,16850,16965,16760,16925,37967,33907,16904.0,16868.0,16792.75,16926.333333333332,9.527345518017682,-12.849264625160538,22.37661014317822,58.97435897435897,143.57142857142858,45.3419265568447,34928.05,2519570,46145.8,-6147.0,-15.346781844509916
2025-06-20,16920,16940,16785,16810,26878,34107,16877.0,16871.0,16799.0,16916.0,5.430418996777007,-9.19332790077303,14.623746897550037,59.895833333333336,139.64285714285714,24.26356482798596,34122.95,2492692,45586.1,200.0,0.5898487038074718
2025-06-23,16855,16925,16825,16920,26206,28273,16865.0,16886.5,16802.0,16903.5,10.93361993885992,-5.16793833284644,16.10155827170636,67.15686274509804,136.42857142857142,42.95497938439074,32860.15,2518898,44630.8,-5834.0,-17.104993109918787
2025-06-24,16925,17005,16870,16955,34403,19560,16884.0,16894.0,16810.0,16893.416666666668,17.912667743181373,-0.5518171176408773,18.46448486082225,64.92146596858639,134.64285714285714,62.693222981364585,32740.95,2553301,43392.2,-8713.0,-30.8173876136243
2025-06-25,17000,17200,16990,17165,36222,15153,16955.0,16926.0,16827.0,16885.916666666668,39.928586475991324,7.5442636010855635,32.38432287490576,70.6140350877193,143.57142857142858,114.19245267610174,32711.05,2589523,41846.65,-4407.0,-22.530674846625764
2025-06-26,17170,17255,17150,17225,52643,51182,17015.0,16959.5,16853.0,16879.416666666668,61.50882381393967,18.337175643656387,43.171648170283284,69.95515695067265,139.28571428571428,118.1619153694015,33708.35,2642166,41954.7,36029.0,237.76809872632484
2025-06-27,17225,17270,17110,17125,40650,51800,17078.0,16977.5,16871.75,16874.0,69.73825393553125,28.617391302031358,41.12086263349989,65.0,144.64285714285714,89.64515777717354,33887.1,2601516,42244.9,618.0,1.2074557461607682
2025-06-30,17105,17220,17095,17200,32321,51408,17134.0,16999.5,16900.75,16869.916666666668,81.3739811939231,39.16870928040971,42.20527191351339,63.793103448275865,143.57142857142858,81.00909477036086,32856.6,2633837,42148.8,-392.0,-0.7567567567567601
2025-07-01,17200,17220,17090,17100,31387,51411,17163.0,17023.5,16927.25,16864.75,81.58574492976913,47.65211641028159,33.93362851948754,60.40816326530612,147.5,65.6359959626268,32998.9,2602450,41942.0,3.0,0.005835667600373462
2025-07-02,17115,17210,17110,17175,27524,51254,17165.0,17060.0,16952.5,16861.666666666668,86.80481059255908,55.482655246737096,31.322155345821983,61.35458167330677,146.42857142857142,68.46770831644075,32624.6,2629974,41879.9,-157.0,-0.3053821166676407
2025-07-03,17235,17315,17195,17245,34446,52878,17169.0,17092.0,16980.0,16864.083333333332,95.4886391250293,63.48385202239554,32.004787102633756,61.81102362204724,147.85714285714286,85.45508078521165,32801.15,2664420,41999.6,1624.0,3.168533187653644
2025-07-04,17220,17305,17215,17295,24330,51672,17203.0,17140.5,17005.75,16874.666666666668,105.1926228570228,71.825606189321,33.367016667701805,62.2568093385214,145.35714285714286,81.97887499902325,32475.0,2688750,42084.45,-1206.0,-2.280721661182339
2025-07-07,17315,17315,17155,17210,29406,51045,17205.0,17169.5,17028.0,16885.833333333332,104.81605600479816,78.42369615241643,26.39235985238173,64.0,146.42857142857142,62.69547536033305,32568.4,2659344,42158.35,-627.0,-1.2134231305155563
2025-07-08,17180,17185,17065,17160,35649,51617,17217.0,17190.0,17042.0,16898.333333333332,99.337936037904,82.60654412951395,16.73139190839005,64.0,144.28571428571428,30.976992108062266,32540.15,2623695,42540.8,572.0,1.1205798804976075
2025-07-09,17190,17280,17125,17175,33005,52261,17217.0,17191.0,17058.5,16904.583333333332,95.11048665030467,85.10733263367209,10.003154016632578,60.869565217391305,140.71428571428572,44.401514962854016,33104.2,2656700,42954.4,644.0,1.2476509677044278
2025-07-10,17180,17295,17120,17230,30897,52534,17214.0,17191.5,17075.5,16911.333333333332,95.10196662696399,87.10625943233048,7.9957071946335105,69.26605504587155,142.14285714285714,46.55678895275351,33172.05,2687597,43361.7,273.0,0.5223780639482589
2025-07-11,17200,17235,17015,17075,52461,53479,17170.0,17186.5,17082.0,16915.083333333332,81.64683593486916,86.0143747328382,-4.367538797969047,56.82819383259912,149.64285714285714,9.255247414725584,34159.4,2635136,43855.45,945.0,1.7988350401644704
2025-07-14,17055,17130,17020,17085,31556,52444,17145.0,17175.0,17087.25,16919.416666666668,70.972339399068,83.00596766608417,-12.03362826701617,55.85585585585586,147.85714285714286,-3.065674231441565,34225.2,2666692,44374.8,-1035.0,-1.935339105069278
2025-07-15,17060,17080,16925,16930,33602,52667,17099.0,17158.0,17090.75,16924.0,49.435655909208435,76.29190531470903,-26.85624940550059,38.862559241706165,141.78571428571428,-39.433762264277405,34405.5,2633090,44935.3,223.0,0.4252154679276865
2025-07-16,16930,16945,16855,16895,32614,53407,17043.0,17130.0,17095.0,16926.416666666668,29.206793848385132,66.87488302144425,-37.668089173059116,33.98058252427184,140.71428571428572,-71.69251899312263,34208.35,2600476,45602.95,740.0,1.4050543983898933
2025-07-17,16900,16935,16820,16845,31395,51951,16966.0,17090.0,17091.0,16925.583333333332,9.036525352315948,55.30721148761859,-46.27068613530264,35.71428571428572,137.5,-82.12219764266884,33879.75,2569081,46505.15,-1456.0,-2.726234388750537
2025-07-18,16825,16850,16770,16820,32288,50581,16915.0,17042.5,17091.5,16921.833333333332,-8.863673900756112,42.47303440994365,-51.33670831069976,29.569892473118273,134.28571428571428,-98.60067975125483,34150.25,2536793,47328.85,-1370.0,-2.637100344555443
2025-07-21,16850,17010,16850,16960,44659,44870,16890.0,17017.5,17093.5,16922.0,-11.618944838053721,31.654638560344175,-43.273583398397896,42.78350515463917,138.57142857142858,-56.011294281666544,35072.9,2581452,48158.7,-5711.0,-11.290800893616183
2025-07-22,16950,16990,16820,16900,34982,41631,16884.0,16991.5,17090.75,16921.833333333332,-18.431548052882135,21.637401237698914,-40.068949290581045,35.60209424083769,142.85714285714286,-67.31694399625124,35101.85,2546470,49262.25,-3239.0,-7.218631602406955
2025-07-23,16930,16985,16820,16850,70210,62272,16875.0,16959.0,17075.0,16920.333333333332,-27.547615551076888,11.800397879943754,-39.34801343102064,28.87700534759358,144.64285714285714,-66.27180757923955,36801.25,2476260,51618.2,20641.0,49.58084120006725
2025-07-24,16910,16945,16840,16890,46419,69992,16884.0,16925.0,17058.25,16919.416666666668,-31.185017544805305,3.2033147949939416,-34.38833233979925,28.108108108108112,145.71428571428572,-57.66249310090219,36490.05,2522679,52558.7,7720.0,12.397225077081186
2025-07-25,16890,16975,16850,16955,46763,73327,16911.0,16913.0,17049.75,16918.583333333332,-28.494263921151287,-3.1362009482351048,-25.358062972916183,35.911602209944746,143.21428571428572,-41.73099531935881,36795.7,2569442,53635.05,3335.0,4.764830266316156
2025-07-28,16960,17085,16820,16915,72526,70546,16902.0,16896.0,17035.5,16918.916666666668,-29.25228585223158,-8.3594179290344,-20.89286792319718,36.312849162011176,151.78571428571428,-33.65149906854814,38805.95,2496916,54591.95,-2781.0,-3.7926002700233163
2025-07-29,16985,17015,16890,16900,47978,64534,16902.0,16893.0,17025.5,16919.916666666668,-30.709399492225202,-12.829414241672561,-17.879985250552643,34.63687150837988,149.64285714285714,-31.956532249648713,39635.5,2448938,55248.1,-6012.0,-8.52209905593514
2025-07-30,16870,16930,16840,16890,37318,66741,16910.0,16892.5,17011.25,16923.083333333332,-32.298768874075904,-16.72328516815323,-15.575483705922675,30.0,143.57142857142858,-43.42668009530985,40125.2,2411620,56022.45,2207.0,3.4199026869557114
2025-07-31,16885,16905,16710,16735,53359,72631,16879.0,16881.5,16985.75,16923.666666666668,-45.54059652226351,-22.486747438975286,-23.053849083288227,30.0,141.78571428571428,-70.90978836008772,41070.85,2358261,57010.1,5890.0,8.825159946659467
2025-08-01,16705,16750,16615,16735,47634,76338,16835.0,16873.0,16957.75,16923.0,-55.39626665662581,-29.068651282505392,-26.32761537412042,29.166666666666657,143.57142857142858,-90.11247140056172,42236.05,2358261,58243.4,3707.0,5.103881262821663
2025-08-04,16780,16835,16715,16750,46198,71330,16802.0,16852.0,16934.75,16922.083333333332,-61.29006785412639,-35.512934596829595,-25.777133257296796,37.14285714285714,140.71428571428572,-62.73697213724491,43075.65,2404459,59257.65,-5008.0,-6.560297623726063
2025-08-05,16750,16805,16650,16775,40133,72083,16777.0,16839.5,16915.5,16918.416666666668,-63.21495405895985,-41.053338489255644,-22.161615569704203,41.30434782608696,145.35714285714286,-64.55991301401487,43299.85,2444592,60280.95,753.0,1.055656806392813
2025-08-06,16750,16935,16720,16855,48645,65019,16770.0,16840.0,16899.5,16916.5,-57.62089106777421,-44.366849004959356,-13.254042062814854,50.69444444444444,152.5,-27.386235581996363,44081.85,2493237,60918.85,-7064.0,-9.799814103186598
2025-08-07,16880,16905,16825,16875,32431,62019,16798.0,16838.5,16881.75,16915.5,-50.9859882562414,-45.69067685521577,-5.295311401025629,53.84615384615384,152.5,-9.49851698248232,44158.55,2525668,61393.1,-3000.0,-4.614035897199276
2025-08-08,16875,16910,16820,16845,31008,59123,16820.0,16827.5,16870.25,16913.333333333332,-47.59982806765038,-46.07250709770269,-1.527320969947688,40.49586776859504,145.35714285714286,-9.627009404550357,43085.9,2494660,61675.3,-2896.0,-4.669536754865444
2025-08-11,16850,16950,16820,16885,35623,54395,16847.0,16824.5,16860.25,16913.583333333332,-41.21352218692482,-45.100710115547116,3.8871879286222963,48.71794871794872,142.5,13.605202531069308,43289.25,2530283,61772.85,-4728.0,-7.996887843986267
2025-08-12,16855,16980,16855,16915,29986,51223,16875.0,16826.0,16859.5,16914.5,-33.34717402183742,-42.75000289680518,9.40282887496776,55.752212389380524,139.64285714285714,39.77006397165511,43108.45,2560269,61700.65,-3172.0,-5.831418328890525
2025-08-13,16940,16975,16865,16930,28937,49424,16890.0,16830.0,16861.25,16915.916666666668,-25.607474758340686,-39.321497269112285,13.7140225107716,53.70370370370371,140.0,43.150902038373594,42924.6,2589206,61501.5,-1799.0,-3.5120941764441804
2025-08-14,16880,16890,16755,16770,45616,51370,16869.0,16833.5,16857.5,16913.75,-32.01531750337017,-37.86026131596387,5.844943812593698,35.43307086614173,143.57142857142858,-39.27878382069994,43635.65,2543590,61472.45,1946.0,3.937358368404009
2025-08-15,16820,16870,16775,16850,32601,51207,16870.0,16845.0,16859.0,16916.5,-30.289093813542422,-36.34602781547958,6.056934001937158,45.18518518518518,131.78571428571428,-21.18567272753111,43651.3,2576191,61503.75,-163.0,-0.3173058205178103
2025-08-18,16810,16835,16750,16775,30595,49496,16848.0,16847.5,16849.75,16915.083333333332,-34.57437048032807,-35.99169634844928,1.4173258681212104,41.49659863945578,130.0,-48.31248853231068,42948.1,2545596,61735.05,-1711.0,-3.341340051164876
2025-08-19,16790,16865,16765,16825,27255,48112,16830.0,16852.5,16846.0,16915.583333333332,-33.549167065644724,-35.503190491888375,1.9540234262436513,45.80645161290323,130.71428571428572,-22.60995547923691,42561.75,2572851,62059.1,-1384.0,-2.7961855503475075
2025-08-20,16825,16830,16680,16725,38671,46776,16789.0,16839.5,16839.75,16913.916666666668,-40.340826304105576,-36.47071765433182,-3.870108649773755,49.30555555555555,127.5,-67.67299666836938,40984.8,2534180,61284.3,-1336.0,-2.776854007316265
2025-08-21,16770,16810,16720,16745,28843,44230,16784.0,16826.5,16832.5,16914.583333333332,-43.60676073532886,-37.89792627053123,-5.708834464797633,50.67567567567568,124.28571428571429,-52.7819744492832,40106.0,2563023,59996.2,-2546.0,-5.442962202839063
2025-08-22,16755,16800,16730,16780,22945,41165,16770.0,16820.0,16823.75,16915.083333333332,-42.876575338304974,-38.893656084085976,-3.9829192542189986,51.973684210526315,120.71428571428571,-40.525533724068396,38915.1,2585968,58388.1,-3065.0,-6.929685733664936
2025-08-25,16790,16895,16755,16845,41202,27975,16784.0,16816.0,16820.25,16918.833333333332,-36.630685635929694,-38.44106199445472,1.8103763585250263,54.375,119.64285714285714,6.898069962569714,37348.9,2627170,56259.55,-13190.0,-32.041783068140404
2025-08-26,16865,16970,16860,16930,45181,50846,16805.0,16817.5,16821.75,16924.833333333332,-24.539111816280638,-35.660671958819904,11.121560142539266,54.6583850931677,113.21428571428571,75.36863596380734,37209.05,2672351,55575.15,22871.0,81.75513851653263
2025-08-27,16925,16960,16870,16890,49426,49915,16838.0,16813.5,16821.75,16928.5,-17.976891737449478,-32.12391591454582,14.147024177096341,50.909090909090914,113.92857142857143,63.218290825512256,37814.45,2622925,54733.85,-931.0,-1.831019155882474
2025-08-28,16885,16925,16850,16910,34152,49909,16871.0,16827.5,16830.5,16932.083333333332,-11.035244761300419,-27.90618168389674,16.87093692259632,53.987730061349694,112.85714285714286,49.33426001812655,36854.1,2657077,53597.75,-6.0,-0.01202043473905734
2025-08-29,16880,16910,16800,16880,43853,57325,16891.0,16830.5,16837.75,16933.75,-7.864037076153181,-23.897752762348027,16.033715686194846,49.68944099378882,111.42857142857143,22.0787723119987,36665.05,2613224,52647.1,7416.0,14.859043459095545
2025-09-01,16875,16880,16780,16855,39854,56801,16893.0,16838.5,16843.0,16935.25,-7.284155988636485,-20.57503340760572,13.290877418969234,46.25,109.64285714285714,-1.4956383248672254,36347.85,2573370,51920.65,-524.0,-0.9140863497601348
2025-09-02,16875,16950,16830,16850,42223,51504,16877.0,16841.0,16846.75,16934.75,-7.145683273476607,-17.889163380779895,10.743480107303288,44.936708860759495,110.35714285714286,27.523512896516326,36452.35,2531147,50891.7,-5297.0,-9.3255400433091
2025-09-03,16810,16920,16800,16865,30342,55874,16872.0,16855.0,16847.25,16935.083333333332,-5.759179769876937,-15.463166658599304,9.703986888722367,57.36434108527132,106.42857142857143,12.563391879886245,35537.2,2561489,50434.45,4370.0,8.484777881329597
2025-09-04,16865,16890,16835,16860,25910,55044,16862.0,16866.5,16846.5,16934.583333333332,-5.0061165716724645,-13.371756641213937,8.365640069541472,50.87719298245614,103.21428571428571,12.896100038814188,35211.15,2535579,50085.7,-830.0,-1.4854851988402529
2025-09-05,16890,16915,16850,16900,33992,54090,16866.0,16878.5,16849.25,16933.833333333332,-1.1681768400667352,-10.931040680984497,9.762863840917761,61.68224299065421,100.71428571428571,35.606060605858715,35360.35,2569571,49834.05,-954.0,-1.733158927403533
2025-09-08,16915,16925,16830,16895,40658,53795,16874.0,16883.5,16849.75,16932.416666666668,1.453208155806351,-8.454190913626327,9.907399069432678,57.14285714285714,100.35714285714286,31.16805091821743,35612.1,2528913,49804.05,-295.0,-0.5453873174339097
2025-09-09,16920,16940,16885,16930,30476,49701,16890.0,16883.5,16850.5,16933.583333333332,6.2824618345584895,-5.506860363989364,11.789322198547854,74.11764705882354,93.57142857142857,62.818096982698336,35636.6,2559389,49727.95,-4094.0,-7.610372711218516
2025-09-10,16895,16910,16790,16795,45315,50467,16876.0,16874.0,16843.75,16933.333333333332,-0.7747606317716418,-4.56044041754582,3.785679785774178,54.629629629629626,97.14285714285714,-12.348508785872236,36455.5,2514074,49780.1,766.0,1.541216474517615
2025-09-11,16815,16920,16790,16900,41772,59737,16884.0,16873.0,16850.25,16932.916666666668,2.0809740243166743,-3.232157529173321,5.313131553489995,59.83606557377049,101.42857142857143,21.426281053128545,36263.3,2555846,50198.45,9270.0,18.368438781778185
2025-09-12,16860,17120,16830,17040,63429,59485,16912.0,16889.0,16859.75,16936.75,15.462749335791159,0.5068238438195749,14.955925491971584,64.23357664233578,112.14285714285714,114.69072195599361,37804.7,2619275,50612.35,-252.0,-0.4218491052446538
2025-09-15,17050,17205,17030,17160,58666,59417,16965.0,16919.5,16879.0,16940.75,35.34348213725025,7.47415550250571,27.86932663474454,65.97222222222223,115.71428571428571,152.36676091407767,39208.25,2677941,51108.4,-68.0,-0.11431453307556572
2025-09-16,17150,17155,17005,17055,54978,59417,16990.0,16940.0,16890.5,16942.416666666668,42.140711743664724,14.407466750737514,27.73324499292721,60.509554140127385,120.35714285714286,98.244462261156,40594.4,2622963,51673.65,0.0,0.0
2025-09-17,17075,17135,17035,17100,44958,59218,17051.0,16963.5,16909.25,16941.333333333332,50.57568409349187,21.641110219288386,28.934573874203487,61.7283950617284,122.14285714285714,94.51852337564122,40908.75,2667921,52295.75,-199.0,-0.3349209822104737
2025-09-18,17095,17170,17055,17145,39143,49375,17100.0,16992.0,16929.25,16940.0,60.19766318132315,29.352420811695342,30.845242369627808,66.06060606060606,122.5,96.87017888125155,41423.75,2707064,52553.0,-9843.0,-16.62163531358708
2025-09-19,17105,17180,17100,17150,35975,47289,17122.0,17017.0,16947.75,16940.416666666668,67.44909792898034,36.97175623515234,30.477341693827995,68.32298136645963,121.07142857142857,93.2463566161221,42075.25,2743039,52859.2,-2086.0,-4.224810126582279
2025-09-22,17150,17170,17075,17125,24370,27432,17115.0,17040.0,16961.75,16939.166666666668,70.36746876627512,43.6508987413769,26.716570024898225,66.66666666666666,119.28571428571429,74.53187494556643,41233.65,2718669,52832.05,-19857.0,-41.99073780371757
2025-09-23,17190,17190,17065,17085,48758,63941,17121.0,17055.5,16969.5,16938.916666666668,68.66114997764453,48.65294898863043,20.0082009890141,62.94117647058824,119.64285714285714,63.03664598049283,41412.5,2669911,53486.8,36509.0,133.0890930300379
2025-09-24,17085,17110,17035,17065,43329,61071,17114.0,17082.5,16978.25,16937.083333333332,64.94638568481241,51.91163632786683,13.034749356945582,61.849710982658955,121.07142857142857,40.74175464703881,41107.65,2626582,54044.6,-2870.0,-4.488512847781545
2025-09-25,17085,17145,17080,17090,46256,62847,17103.0,17101.5,16987.25,16934.5,63.290130062967364,54.18733507488694,9.102794988080426,61.17647058823529,122.14285714285714,50.13603830865975,41712.85,2672838,54691.5,1776.0,2.9080905830918047
2025-09-26,17100,17130,17055,17110,49275,60662,17095.0,17108.5,16998.75,16931.416666666668,62.866680443992664,55.92320414870809,6.943476295284576,62.42774566473988,120.71428571428571,42.854832723084684,41983.95,2722113,54858.35,-2185.0,-3.4766973761675146
2025-09-29,17065,17110,16845,16855,76219,48797,17041.0,17078.0,16998.75,16925.5,41.47660817335418,53.033884953637305,-11.557276780283125,46.54377880184332,135.71428571428572,-27.201510368464373,43802.2,2645894,54458.15,-11865.0,-19.559196861297025
2025-09-30,16880,16990,16870,16940,45605,42633,17012.0,17066.5,17003.25,16921.833333333332,31.025963423726353,48.632300647655114,-17.60633722392876,57.0048309178744,135.35714285714286,-30.518670292211432,43971.3,2691499,54014.6,-6164.0,-12.63192409369428
2025-10-09,17000,17155,16905,17115,40199,41077,17022.0,17068.0,17015.75,16920.833333333332,36.44467806805187,46.19477613173447,-9.7500980636826,59.72850678733032,143.92857142857142,21.05583781916304,44464.15,2731698,53274.75,-1556.0,-3.6497548847137185
2025-10-10,17135,17165,17095,17140,36308,44795,17032.0,17067.5,17029.75,16919.333333333332,42.269087797161774,45.409638464819935,-3.140550667658161,55.05050505050505,128.21428571428572,50.55709409297154,44984.05,2768006,52762.3,3718.0,9.051293911434621
2025-10-13,17160,17290,17085,17095,66594,43988,17029.0,17062.0,17039.5,16919.666666666668,42.760929176980426,44.879896607252036,-2.11896743027161,46.448087431693985,130.35714285714286,55.94861599122178,46614.15,2701412,52257.2,-807.0,-1.801540350485542
2025-10-14,17050,17155,17035,17050,43201,43597,17068.0,17054.5,17047.25,16919.083333333332,39.06922736142951,43.71776275808754,-4.648535396658026,49.707602339181285,127.85714285714286,15.625207665185922,46741.3,2658211,51747.3,-391.0,-0.8888787851232149
2025-10-15,17010,17135,16960,17110,41257,44032,17102.0,17057.0,17056.25,16922.083333333332,40.517959815213544,43.07780216951274,-2.5598423542991995,50.57471264367816,133.21428571428572,6.195023221325057,47280.35,2699468,51463.85,435.0,0.9977750762667048
2025-10-16,17110,17150,17090,17100,32242,41899,17099.0,17060.5,17071.5,16925.5,40.3935426799726,42.54095027160472,-2.147407591632124,47.305389221556894,129.28571428571428,27.357412099785925,46626.7,2667226,51035.45,-2133.0,-4.844204215116276
2025-10-17,17090,17110,17020,17075,39642,40218,17086.0,17059.0,17080.25,16929.333333333332,37.84143760045117,41.60104773737402,-3.759610136922845,45.6140350877193,130.0,-10.061390127976349,46520.2,2627584,50059.5,-1681.0,-4.012028926704692
2025-10-20,17075,17155,17055,17060,27656,38195,17079.0,17054.0,17081.25,16933.333333333332,34.214102423044096,40.123658674508036,-5.90955625146394,46.15384615384615,130.35714285714286,3.9204316132305,44731.55,2599928,48995.0,-2023.0,-5.0300860311303435
2025-10-21,17130,17210,17110,17160,43537,33556,17101.0,17084.5,17081.25,16936.666666666668,38.95947682908809,39.890822305424045,-0.9313454763359559,54.14364640883978,132.14285714285714,61.01460820011257,43975.1,2643465,47701.95,-4639.0,-12.145568791726669
2025-10-22,17125,17185,17110,17160,29011,26547,17111.0,17106.5,17086.5,16941.0,42.23338011782107,40.35933386790345,1.874046249917619,55.367231638418076,132.14285714285714,49.42513576643729,42676.75,2643465,46058.45,-7009.0,-20.887471689116698
2025-10-23,17160,17760,17160,17615,74008,23288,17214.0,17156.5,17112.25,16953.75,80.61340827716776,48.41014874975632,32.20325952741145,69.96197718631178,169.28571428571428,177.77780129853784,44129.25,2717473,44261.95,-3259.0,-12.276340076091463
2025-10-24,17565,17635,17440,17595,79514,83846,17318.0,17202.0,17134.75,16965.5,108.16911799429727,60.36194259866451,47.807175395632754,68.44106463878327,177.85714285714286,140.87108976605757,46147.8,2637959,45985.5,60558.0,260.03950532463074
2025-10-27,17640,17640,17395,17520,81722,84395,17410.0,17244.5,17153.25,16974.916666666668,122.54274676988643,72.7981034329089,49.74464333697753,79.29515418502203,176.42857142857142,105.71467070479069,48435.15,2556237,47840.8,549.0,0.6547718436180627
2025-10-28,17520,17540,17340,17355,57175,77635,17449.0,17275.0,17164.75,16982.25,119.24524513514916,82.08753177335696,37.157713361792204,67.07818930041152,181.07142857142858,67.16443363417541,50075.4,2499062,50350.95,-6760.0,-8.009953196279396
2025-10-29,17315,17410,17315,17355,46325,73518,17488.0,17299.5,17178.25,16989.833333333332,115.30281228588137,88.73058787586184,26.57222441001953,61.53846153846153,170.0,48.422559277461495,49953.75,2499062,50829.8,-4117.0,-5.30302054485734
2025-10-30,17360,17405,17335,17350,39452,69287,17435.0,17324.5,17192.5,16997.5,110.50115905884013,93.0847021124575,17.416456946382624,60.294117647058826,170.0,44.79369373747473,49759.9,2459610,51240.6,-4231.0,-5.7550531842542
2025-10-31,17355,17475,17335,17390,48319,68184,17394.0,17356.0,17207.5,17008.416666666668,108.67079075777656,96.20191984152132,12.468870916255241,64.53201970443351,165.35714285714286,49.492982721085326,49863.05,2507929,51507.45,-1103.0,-1.5919292219319647
2025-11-03,17390,17480,17350,17420,34978,68089,17374.0,17392.0,17223.0,17019.833333333332,108.39149034232832,98.63983394168272,9.7516564006456,68.5,166.07142857142858,48.798369671311946,49148.2,2542907,51878.8,-95.0,-0.1393288748093413
2025-11-04,17415,17490,17400,17415,32675,66092,17386.0,17417.5,17251.0,17030.916666666668,106.53857417247491,100.21958198784117,6.318992184633743,66.13756613756614,160.0,48.842561843695705,46971.0,2510232,52743.55,-1997.0,-2.9329260232930476
2025-11-05,17425,17585,17425,17475,46416,65699,17410.0,17449.0,17277.75,17042.583333333332,108.65906920552516,101.90747943137798,6.7515897741471775,68.84422110552764,167.85714285714286,59.69286621869576,47011.55,2556648,53896.85,-393.0,-0.5946256733038835
2025-11-06,17465,17555,17350,17385,34601,62991,17417.0,17426.0,17291.25,17051.416666666668,101.902658542469,101.9065152535962,-0.003856711127198764,64.62264150943398,176.07142857142858,37.7193546660003,46731.65,2522047,54992.55,-2708.0,-4.121828338330868
2025-11-07,17420,17460,17370,17420,27206,59818,17423.0,17408.5,17305.25,17060.5,98.2399133387371,101.17319487062437,-2.9332815318872747,66.66666666666666,175.35714285714286,30.38445009563196,46276.55,2549253,55743.7,-3173.0,-5.037227540442291
2025-11-10,17440,17535,17440,17505,31610,58725,17440.0,17407.0,17325.75,17071.5,101.03132477924373,101.14482085234826,-0.11349607310452825,66.19718309859155,172.85714285714286,47.28019842166277,44527.35,2580863,56480.55,-1093.0,-1.8272092012437735
2025-11-11,17505,17575,17435,17440,30855,55107,17445.0,17415.5,17345.25,17080.75,96.881788730876,100.29221442805381,-3.410425697177814,62.38938053097345,177.5,40.26652678984701,43910.05,2550008,57056.05,-3618.0,-6.160919540229881
2025-11-12,17485,17765,17440,17660,55843,50539,17482.0,17446.0,17372.75,17093.166666666668,110.07651930573411,102.24907540358987,7.827443902144239,52.51396648044692,157.85714285714286,74.2119195681354,44639.35,2605851,57381.4,-4568.0,-8.28932803455097
2025-11-13,17605,17815,17575,17650,61405,43468,17535.0,17476.0,17400.25,17105.166666666668,118.36211711446231,105.47168374576437,12.890433368697941,53.10734463276836,161.07142857142858,82.55189004487877,46097.5,2544446,57459.85,-7071.0,-13.991175132076217
2025-11-14,17670,17695,17465,17495,37346,38417,17550.0,17486.5,17421.25,17117.25,111.14015394905437,106.60537778642237,4.534776162631999,48.70466321243523,160.0,41.2077843236471,45982.7,2507100,57369.8,-5051.0,-11.620042329989877
2025-11-17,17520,17520,17440,17465,28030,77760,17542.0,17491.0,17441.5,17127.5,101.82220384568063,105.64874299827402,-3.8265391525933836,56.62650602409638,151.42857142857142,11.061321963374558,46001.4,2479070,59348.05,39343.0,102.41039123304785
2025-11-18,17365,17370,17215,17230,55068,69126,17500.0,17472.5,17445.0,17135.083333333332,74.61500984622398,99.44199636786401,-24.826986521640023,44.131455399061025,162.5,-76.95310455205065,46577.95,2424002,61126.55,-8634.0,-11.103395061728394
2025-11-19,17225,17265,17170,17250,46208,63895,17418.0,17450.0,17449.5,17142.166666666668,54.04396030423959,90.36238915513913,-36.31842885089954,45.370370370370374,164.28571428571428,-105.58598895012292,47437.8,2470210,62993.95,-5231.0,-7.567340797963141
2025-11-20,17300,17320,17195,17220,37231,60285,17332.0,17433.5,17429.75,17150.416666666668,34.9179931667386,79.27350995745903,-44.35551679072043,42.056074766355145,163.21428571428572,-84.69845740629358,45598.95,2432979,64843.8,-3610.0,-5.649894357930984
2025-11-21,17250,17275,17150,17165,40133,55106,17266.0,17408.0,17408.25,17157.416666666668,15.147870843436976,66.44838213465462,-51.300511291217646,38.35616438356164,162.85714285714286,-90.76191817975375,43629.9,2392846,63406.8,-5179.0,-8.590860081280582
2025-11-24,17195,17230,17115,17135,38420,52888,17200.0,17371.0,17389.0,17163.333333333332,-2.907328935143596,52.57723992069498,-55.484568855838575,37.5,164.64285714285714,-90.3094057465007,41464.8,2354426,61831.45,-2218.0,-4.024970057706967
2025-11-25,17115,17130,17010,17045,40496,52466,17163.0,17331.5,17373.5,17166.666666666668,-24.199495953289443,37.221892745898096,-61.42138869918754,31.304347826086953,161.42857142857142,-104.41456584496088,40630.85,2313930,60573.0,-422.0,-0.7979125699591583
2025-11-26,17065,17130,17030,17065,40187,49033,17126.0,17272.0,17359.0,17168.916666666668,-39.01017386262538,21.975479424193402,-60.98565328681878,35.185185185185176,153.92857142857142,-87.26550373738732,40323.95,2354117,59348.75,-3433.0,-6.543285175161062
2025-11-27,17060,17075,15885,16955,57305,48129,17073.0,17202.5,17339.25,17170.0,-58.94434973048192,5.79151359325834,-64.73586332374026,29.870129870129873,232.5,-147.0509749455294,41216.6,2296812,58290.85,-904.0,-1.8436563130952655
2025-11-28,16990,17150,16945,17090,43419,47922,17058.0,17162.0,17324.25,17173.0,-63.12133253600405,-7.991055632594137,-55.13027690340991,32.780082987551864,238.92857142857142,-52.991774551017976,40971.6,2340231,57277.75,-207.0,-0.4300941220469978
2025-12-01,17100,17175,17010,17075,38782,47187,17046.0,17123.0,17307.0,17176.25,-66.87114718379235,-19.76707394283378,-47.10407324095857,34.19913419913421,240.71428571428572,-43.76471185174304,41161.8,2301449,56232.65,-735.0,-1.5337423312883458
2025-12-02,17145,17230,17110,17210,52077,47601,17079.0,17121.0,17296.75,17182.166666666668,-58.27774102825788,-27.4692073599186,-30.80853366833928,28.971962616822438,228.57142857142858,-21.946244952315144,42131.9,2353526,55308.1,414.0,0.8773602899103672
2025-12-03,17170,17240,17140,17210,27017,46627,17108.0,17117.0,17283.5,17188.166666666668,-50.880881606932235,-32.15154220932133,-18.729339397610907,29.245283018867923,218.57142857142858,-16.534906954111054,41161.95,2353526,54354.5,-974.0,-2.046175500514691
2025-12-04,17240,17285,17120,17245,37288,46582,17166.0,17119.5,17276.5,17194.5,-41.7137594778942,-34.06398566303591,-7.6497738148582926,36.702127659574465,213.92857142857142,-10.386510949175152,41296.3,2390814,53534.05,-45.0,-0.09651060544320078
2025-12-05,17200,17375,17200,17290,44508,44944,17206.0,17132.0,17270.0,17201.666666666668,-30.466427217506862,-33.3444739739301,2.878046756423238,40.83769633507854,220.71428571428572,5.731455001392256,42161.4,2435322,52790.35,-1638.0,-3.516379717487439
2025-12-08,17340,17380,17275,17340,38061,43107,17259.0,17152.5,17261.75,17209.0,-17.31861502241736,-30.139302183627553,12.820687161210191,57.14285714285714,210.35714285714286,16.80437832782488,42483.95,2473383,52009.45,-1837.0,-4.087308650765397
2025-12-09,17310,17345,17145,17170,35748,40620,17251.0,17165.0,17248.25,17213.583333333332,-20.38151298896628,-28.1877443446953,7.806231355729022,45.65217391304348,217.85714285714286,-4.2623396659485735,42728.6,2437635,51285.1,-2487.0,-5.769364604356597
2025-12-10,17125,17150,17015,17115,36449,39315,17232.0,17170.0,17221.0,17216.666666666668,-26.93641580619078,-27.937478636994395,1.0010628308036154,44.44444444444444,220.0,-28.216429764142656,41758.9,2401186,50723.9,-1305.0,-3.2127031019202335
2025-12-11,17155,17220,17070,17155,34885,35754,17214.0,17190.0,17196.25,17222.666666666668,-28.574172534143145,-28.064817416424148,-0.5093551177189966,49.46236559139785,221.78571428571428,-10.50010412909083,40432.9,2436071,50338.2,-3561.0,-9.05761159862648
2025-12-12,17115,17190,17075,17125,29694,33768,17181.0,17193.5,17177.75,17226.416666666668,-31.924846067056933,-28.836823146550707,-3.0880229205062264,49.46236559139785,221.78571428571428,-11.04339885735318,40050.3,2406377,50105.75,-1986.0,-5.554623258936065
2025-12-15,17130,17165,16985,17010,41512,32396,17115.0,17187.0,17155.0,17225.916666666668,-43.35999090261976,-31.74145669776452,-11.618534204855237,48.167539267015705,225.71428571428572,-31.501800294448948,40724.4,2364865,47837.55,-1372.0,-4.063018242122718
2025-12-16,17015,17015,16810,16825,40679,29732,17046.0,17148.5,17134.75,17220.333333333332,-66.58285376919594,-38.709736112050805,-27.87311765714513,39.285714285714285,233.21428571428572,-79.3088746906212,40004.95,2324186,45867.85,-2664.0,-8.223237436720588
2025-12-17,16825,16855,16680,16735,40173,26930,16970.0,17101.0,17109.0,17215.0,-91.19811266729084,-49.20741142309882,-41.990701244192024,39.99999999999999,160.71428571428572,-100.87490310158672,39703.2,2284013,44019.6,-2802.0,-9.42418942553478
2025-12-18,16840,16915,16740,16780,24095,23743,16895.0,17054.5,17087.0,17209.666666666668,-105.85453359693929,-60.53683585786692,-45.31769773907237,34.65346534653466,158.92857142857142,-74.88310148800032,39046.4,2308108,42192.5,-3187.0,-11.834385443743034
2025-12-19,16800,16980,16705,16880,56461,62177,16846.0,17013.5,17072.75,17205.25,-108.15395701934904,-70.06026009016335,-38.09369692918568,41.09589041095891,166.78571428571428,-56.58055047599856,39862.8,2364569,42546.05,38434.0,161.87507897064398
2025-12-22,16970,17030,16890,16920,49244,59586,16828.0,16971.5,17062.0,17201.416666666668,-105.53209266916383,-77.15462660596344,-28.377466063200387,35.5,166.42857142857142,-28.65035233230724,40404.0,2413813,42880.95,-2591.0,-4.167135757595252
2025-12-23,16920,17025,16915,16995,44610,58086,16862.0,16954.0,17059.5,17199.25,-96.29237452962843,-80.98217619069644,-15.310198338931997,40.0,167.14285714285714,-18.823214342039872,40609.7,2458423,43161.95,-1500.0,-2.517369851978657
2025-12-24,17030,17305,17000,17225,68022,56538,16960.0,16965.0,17067.5,17201.583333333332,-69.6083517760926,-78.70741130777567,9.099059531683068,49.21259842519685,177.5,33.18676030888216,42001.45,2526445,43537.2,-1548.0,-2.665013944840411
2025-12-25,17215,17345,17205,17315,55100,56328,17067.0,16981.0,17085.5,17205.75,-40.72932139339537,-71.11179332489961,30.38247193150424,50.950570342205324,175.0,61.125745655963435,41891.2,2581545,43947.15,-210.0,-0.37143160352329785
2025-12-26,17315,17585,17185,17555,58769,55558,17202.0,17024.0,17108.75,17213.5,1.5061505177582148,-56.58820455636804,58.094355074126256,57.142857142857146,196.07142857142858,91.67977970105379,42658.7,2640314,44328.95,-770.0,-1.366993324811816
2025-12-29,17460,17645,17415,17490,84769,54475,17316.0,17072.0,17129.5,17219.833333333332,29.394270670170954,-39.39170951106024,68.7859801812312,61.42857142857143,198.21428571428572,95.02419534594236,44958.05,2555545,44693.35,-1083.0,-1.9493142301738708
2025-12-30,17465,17635,17330,17505,69782,53891,17418.0,17140.0,17144.25,17230.666666666668,52.10554120929373,-21.09225936698945,73.19780057628319,64.33823529411765,208.92857142857142,78.91427452025528,45843.3,2625327,45007.85,-584.0,-1.0720513997246495
2025-12-31,17490,17505,17115,17355,77958,45412,17444.0,17202.0,17151.5,17237.583333333332,57.33966438143398,-5.4058746173047645,62.74553899873874,56.80272108843538,226.07142857142858,39.50472590457969,48390.35,2547369,44947.1,-8479.0,-15.73361043587983
